2026-05-24T06:05:29Z Starting seed 6 (nproc=16)
W0524 14:05:40.992000 257 site-packages/torch/distributed/run.py:766] 
W0524 14:05:40.992000 257 site-packages/torch/distributed/run.py:766] *****************************************
W0524 14:05:40.992000 257 site-packages/torch/distributed/run.py:766] Setting OMP_NUM_THREADS environment variable for each process to be 1 in default, to avoid your system being overloaded, please further tune the variable for optimal performance in your application as needed. 
W0524 14:05:40.992000 257 site-packages/torch/distributed/run.py:766] *****************************************
/root/miniconda3/envs/llm_test/lib/python3.10/site-packages/torch/autograd/__init__.py:221: UserWarning: Cannot create tensor with interal format while allow_internel_format=False, tensor will be created with base format. (Triggered internally at build/CMakeFiles/torch_npu.dir/compiler_depend.ts:338.)
  torch.ones_like(out, memory_format=torch.preserve_format)
/root/miniconda3/envs/llm_test/lib/python3.10/site-packages/torch/distributed/distributed_c10d.py:4631: UserWarning: No device id is provided via `init_process_group` or `barrier `. Using the current device set by the user. 
  warnings.warn(  # warn only once
/root/miniconda3/envs/llm_test/lib/python3.10/site-packages/torch/autograd/__init__.py:221: UserWarning: Cannot create tensor with interal format while allow_internel_format=False, tensor will be created with base format. (Triggered internally at build/CMakeFiles/torch_npu.dir/compiler_depend.ts:338.)
  torch.ones_like(out, memory_format=torch.preserve_format)
/root/miniconda3/envs/llm_test/lib/python3.10/site-packages/torch/autograd/__init__.py:221: UserWarning: Cannot create tensor with interal format while allow_internel_format=False, tensor will be created with base format. (Triggered internally at build/CMakeFiles/torch_npu.dir/compiler_depend.ts:338.)
  torch.ones_like(out, memory_format=torch.preserve_format)
/root/miniconda3/envs/llm_test/lib/python3.10/site-packages/torch/distributed/distributed_c10d.py:4631: UserWarning: No device id is provided via `init_process_group` or `barrier `. Using the current device set by the user. 
  warnings.warn(  # warn only once
/root/miniconda3/envs/llm_test/lib/python3.10/site-packages/torch/autograd/__init__.py:221: UserWarning: Cannot create tensor with interal format while allow_internel_format=False, tensor will be created with base format. (Triggered internally at build/CMakeFiles/torch_npu.dir/compiler_depend.ts:338.)
  torch.ones_like(out, memory_format=torch.preserve_format)
/root/miniconda3/envs/llm_test/lib/python3.10/site-packages/torch/autograd/__init__.py:221: UserWarning: Cannot create tensor with interal format while allow_internel_format=False, tensor will be created with base format. (Triggered internally at build/CMakeFiles/torch_npu.dir/compiler_depend.ts:338.)
  torch.ones_like(out, memory_format=torch.preserve_format)
/root/miniconda3/envs/llm_test/lib/python3.10/site-packages/torch/autograd/__init__.py:221: UserWarning: Cannot create tensor with interal format while allow_internel_format=False, tensor will be created with base format. (Triggered internally at build/CMakeFiles/torch_npu.dir/compiler_depend.ts:338.)
  torch.ones_like(out, memory_format=torch.preserve_format)
/root/miniconda3/envs/llm_test/lib/python3.10/site-packages/torch/autograd/__init__.py:221: UserWarning: Cannot create tensor with interal format while allow_internel_format=False, tensor will be created with base format. (Triggered internally at build/CMakeFiles/torch_npu.dir/compiler_depend.ts:338.)
  torch.ones_like(out, memory_format=torch.preserve_format)
/root/miniconda3/envs/llm_test/lib/python3.10/site-packages/torch/autograd/__init__.py:221: UserWarning: Cannot create tensor with interal format while allow_internel_format=False, tensor will be created with base format. (Triggered internally at build/CMakeFiles/torch_npu.dir/compiler_depend.ts:338.)
  torch.ones_like(out, memory_format=torch.preserve_format)
/root/miniconda3/envs/llm_test/lib/python3.10/site-packages/torch/autograd/__init__.py:221: UserWarning: Cannot create tensor with interal format while allow_internel_format=False, tensor will be created with base format. (Triggered internally at build/CMakeFiles/torch_npu.dir/compiler_depend.ts:338.)
  torch.ones_like(out, memory_format=torch.preserve_format)
/root/miniconda3/envs/llm_test/lib/python3.10/site-packages/torch/autograd/__init__.py:221: UserWarning: Cannot create tensor with interal format while allow_internel_format=False, tensor will be created with base format. (Triggered internally at build/CMakeFiles/torch_npu.dir/compiler_depend.ts:338.)
  torch.ones_like(out, memory_format=torch.preserve_format)
/root/miniconda3/envs/llm_test/lib/python3.10/site-packages/torch/autograd/__init__.py:221: UserWarning: Cannot create tensor with interal format while allow_internel_format=False, tensor will be created with base format. (Triggered internally at build/CMakeFiles/torch_npu.dir/compiler_depend.ts:338.)
  torch.ones_like(out, memory_format=torch.preserve_format)
/root/miniconda3/envs/llm_test/lib/python3.10/site-packages/torch/autograd/__init__.py:221: UserWarning: Cannot create tensor with interal format while allow_internel_format=False, tensor will be created with base format. (Triggered internally at build/CMakeFiles/torch_npu.dir/compiler_depend.ts:338.)
  torch.ones_like(out, memory_format=torch.preserve_format)
/root/miniconda3/envs/llm_test/lib/python3.10/site-packages/torch/autograd/__init__.py:221: UserWarning: Cannot create tensor with interal format while allow_internel_format=False, tensor will be created with base format. (Triggered internally at build/CMakeFiles/torch_npu.dir/compiler_depend.ts:338.)
  torch.ones_like(out, memory_format=torch.preserve_format)
/root/miniconda3/envs/llm_test/lib/python3.10/site-packages/torch/autograd/__init__.py:221: UserWarning: Cannot create tensor with interal format while allow_internel_format=False, tensor will be created with base format. (Triggered internally at build/CMakeFiles/torch_npu.dir/compiler_depend.ts:338.)
  torch.ones_like(out, memory_format=torch.preserve_format)
/root/miniconda3/envs/llm_test/lib/python3.10/site-packages/torch/autograd/__init__.py:221: UserWarning: Cannot create tensor with interal format while allow_internel_format=False, tensor will be created with base format. (Triggered internally at build/CMakeFiles/torch_npu.dir/compiler_depend.ts:338.)
  torch.ones_like(out, memory_format=torch.preserve_format)
/root/miniconda3/envs/llm_test/lib/python3.10/site-packages/torch/autograd/__init__.py:221: UserWarning: Cannot create tensor with interal format while allow_internel_format=False, tensor will be created with base format. (Triggered internally at build/CMakeFiles/torch_npu.dir/compiler_depend.ts:338.)
  torch.ones_like(out, memory_format=torch.preserve_format)
/root/miniconda3/envs/llm_test/lib/python3.10/site-packages/torch/distributed/distributed_c10d.py:4631: UserWarning: No device id is provided via `init_process_group` or `barrier `. Using the current device set by the user. 
  warnings.warn(  # warn only once
/root/miniconda3/envs/llm_test/lib/python3.10/site-packages/torch/distributed/distributed_c10d.py:4631: UserWarning: No device id is provided via `init_process_group` or `barrier `. Using the current device set by the user. 
  warnings.warn(  # warn only once
/root/miniconda3/envs/llm_test/lib/python3.10/site-packages/torch/distributed/distributed_c10d.py:4631: UserWarning: No device id is provided via `init_process_group` or `barrier `. Using the current device set by the user. 
  warnings.warn(  # warn only once
/root/miniconda3/envs/llm_test/lib/python3.10/site-packages/torch/distributed/distributed_c10d.py:4631: UserWarning: No device id is provided via `init_process_group` or `barrier `. Using the current device set by the user. 
  warnings.warn(  # warn only once
/root/miniconda3/envs/llm_test/lib/python3.10/site-packages/torch/distributed/distributed_c10d.py:4631: UserWarning: No device id is provided via `init_process_group` or `barrier `. Using the current device set by the user. 
  warnings.warn(  # warn only once
/root/miniconda3/envs/llm_test/lib/python3.10/site-packages/torch/distributed/distributed_c10d.py:4631: UserWarning: No device id is provided via `init_process_group` or `barrier `. Using the current device set by the user. 
  warnings.warn(  # warn only once
/root/miniconda3/envs/llm_test/lib/python3.10/site-packages/torch/distributed/distributed_c10d.py:4631: UserWarning: No device id is provided via `init_process_group` or `barrier `. Using the current device set by the user. 
  warnings.warn(  # warn only once
/root/miniconda3/envs/llm_test/lib/python3.10/site-packages/torch/distributed/distributed_c10d.py:4631: UserWarning: No device id is provided via `init_process_group` or `barrier `. Using the current device set by the user. 
  warnings.warn(  # warn only once
/root/miniconda3/envs/llm_test/lib/python3.10/site-packages/torch/distributed/distributed_c10d.py:4631: UserWarning: No device id is provided via `init_process_group` or `barrier `. Using the current device set by the user. 
  warnings.warn(  # warn only once
/root/miniconda3/envs/llm_test/lib/python3.10/site-packages/torch/distributed/distributed_c10d.py:4631: UserWarning: No device id is provided via `init_process_group` or `barrier `. Using the current device set by the user. 
  warnings.warn(  # warn only once
/root/miniconda3/envs/llm_test/lib/python3.10/site-packages/torch/distributed/distributed_c10d.py:4631: UserWarning: No device id is provided via `init_process_group` or `barrier `. Using the current device set by the user. 
  warnings.warn(  # warn only once
/root/miniconda3/envs/llm_test/lib/python3.10/site-packages/torch/distributed/distributed_c10d.py:4631: UserWarning: No device id is provided via `init_process_group` or `barrier `. Using the current device set by the user. 
  warnings.warn(  # warn only once
/root/miniconda3/envs/llm_test/lib/python3.10/site-packages/torch/distributed/distributed_c10d.py:4631: UserWarning: No device id is provided via `init_process_group` or `barrier `. Using the current device set by the user. 
  warnings.warn(  # warn only once
/root/miniconda3/envs/llm_test/lib/python3.10/site-packages/torch/distributed/distributed_c10d.py:4631: UserWarning: No device id is provided via `init_process_group` or `barrier `. Using the current device set by the user. 
  warnings.warn(  # warn only once
logs/8b05ec05-6a48-439d-82a9-0946e763a5b8
/root/miniconda3/envs/llm_test/lib/python3.10/site-packages/torch_npu/utils/storage.py:89: UserWarning: TypedStorage is deprecated. It will be removed in the future and UntypedStorage will be the only storage class. This should only matter to you if you are using storages directly.  To access UntypedStorage directly, use tensor.untyped_storage() instead of tensor.storage()
  if self.device.type != 'cpu':
step:0/2090 val_loss:10.8125 train_time:0ms step_avg:0.08ms
step:1/2090 train_time:899ms step_avg:899.02ms
step:2/2090 train_time:968ms step_avg:484.08ms
step:3/2090 train_time:1112ms step_avg:370.57ms
step:4/2090 train_time:1265ms step_avg:316.21ms
step:5/2090 train_time:1407ms step_avg:281.40ms
step:6/2090 train_time:1556ms step_avg:259.40ms
step:7/2090 train_time:1707ms step_avg:243.88ms
step:8/2090 train_time:1862ms step_avg:232.74ms
step:9/2090 train_time:2005ms step_avg:222.77ms
step:10/2090 train_time:2154ms step_avg:215.36ms
step:11/2090 train_time:2299ms step_avg:209.01ms
step:12/2090 train_time:2448ms step_avg:203.99ms
step:13/2090 train_time:2594ms step_avg:199.55ms
step:14/2090 train_time:2741ms step_avg:195.81ms
step:15/2090 train_time:2886ms step_avg:192.43ms
step:16/2090 train_time:3036ms step_avg:189.74ms
step:17/2090 train_time:3182ms step_avg:187.17ms
step:18/2090 train_time:3335ms step_avg:185.27ms
step:19/2090 train_time:3491ms step_avg:183.75ms
step:20/2090 train_time:3641ms step_avg:182.06ms
step:21/2090 train_time:3789ms step_avg:180.44ms
step:22/2090 train_time:3940ms step_avg:179.09ms
step:23/2090 train_time:4083ms step_avg:177.51ms
step:24/2090 train_time:4229ms step_avg:176.20ms
step:25/2090 train_time:4375ms step_avg:175.01ms
step:26/2090 train_time:4524ms step_avg:174.01ms
step:27/2090 train_time:4672ms step_avg:173.03ms
step:28/2090 train_time:4818ms step_avg:172.07ms
step:29/2090 train_time:4960ms step_avg:171.03ms
step:30/2090 train_time:5108ms step_avg:170.25ms
step:31/2090 train_time:5253ms step_avg:169.46ms
step:32/2090 train_time:5400ms step_avg:168.75ms
step:33/2090 train_time:5543ms step_avg:167.98ms
step:34/2090 train_time:5691ms step_avg:167.38ms
step:35/2090 train_time:5837ms step_avg:166.78ms
step:36/2090 train_time:5985ms step_avg:166.25ms
step:37/2090 train_time:6132ms step_avg:165.73ms
step:38/2090 train_time:6282ms step_avg:165.32ms
step:39/2090 train_time:6427ms step_avg:164.80ms
step:40/2090 train_time:6575ms step_avg:164.38ms
step:41/2090 train_time:6721ms step_avg:163.93ms
step:42/2090 train_time:6869ms step_avg:163.55ms
step:43/2090 train_time:7016ms step_avg:163.15ms
step:44/2090 train_time:7162ms step_avg:162.77ms
step:45/2090 train_time:7310ms step_avg:162.44ms
step:46/2090 train_time:7459ms step_avg:162.16ms
step:47/2090 train_time:7605ms step_avg:161.81ms
step:48/2090 train_time:7751ms step_avg:161.47ms
step:49/2090 train_time:7897ms step_avg:161.16ms
step:50/2090 train_time:8045ms step_avg:160.89ms
step:51/2090 train_time:8281ms step_avg:162.37ms
step:52/2090 train_time:8351ms step_avg:160.60ms
step:53/2090 train_time:8496ms step_avg:160.30ms
step:54/2090 train_time:8642ms step_avg:160.03ms
step:55/2090 train_time:8788ms step_avg:159.78ms
step:56/2090 train_time:8932ms step_avg:159.50ms
step:57/2090 train_time:9083ms step_avg:159.35ms
step:58/2090 train_time:9226ms step_avg:159.07ms
step:59/2090 train_time:9373ms step_avg:158.87ms
step:60/2090 train_time:9524ms step_avg:158.74ms
step:61/2090 train_time:9668ms step_avg:158.48ms
step:62/2090 train_time:9817ms step_avg:158.34ms
step:63/2090 train_time:9965ms step_avg:158.18ms
step:64/2090 train_time:10113ms step_avg:158.01ms
step:65/2090 train_time:10262ms step_avg:157.88ms
step:66/2090 train_time:10408ms step_avg:157.69ms
step:67/2090 train_time:10553ms step_avg:157.51ms
step:68/2090 train_time:10699ms step_avg:157.34ms
step:69/2090 train_time:10861ms step_avg:157.41ms
step:70/2090 train_time:10991ms step_avg:157.01ms
step:71/2090 train_time:11136ms step_avg:156.85ms
step:72/2090 train_time:11286ms step_avg:156.74ms
step:73/2090 train_time:11431ms step_avg:156.59ms
step:74/2090 train_time:11577ms step_avg:156.45ms
step:75/2090 train_time:11723ms step_avg:156.30ms
step:76/2090 train_time:11869ms step_avg:156.18ms
step:77/2090 train_time:12016ms step_avg:156.06ms
step:78/2090 train_time:12168ms step_avg:156.00ms
step:79/2090 train_time:12309ms step_avg:155.81ms
step:80/2090 train_time:12456ms step_avg:155.70ms
step:81/2090 train_time:12601ms step_avg:155.57ms
step:82/2090 train_time:12749ms step_avg:155.47ms
step:83/2090 train_time:12895ms step_avg:155.36ms
step:84/2090 train_time:13042ms step_avg:155.26ms
step:85/2090 train_time:13191ms step_avg:155.19ms
step:86/2090 train_time:13335ms step_avg:155.06ms
step:87/2090 train_time:13483ms step_avg:154.98ms
step:88/2090 train_time:13631ms step_avg:154.89ms
step:89/2090 train_time:13776ms step_avg:154.79ms
step:90/2090 train_time:13921ms step_avg:154.67ms
step:91/2090 train_time:14065ms step_avg:154.56ms
step:92/2090 train_time:14213ms step_avg:154.49ms
step:93/2090 train_time:14358ms step_avg:154.39ms
step:94/2090 train_time:14508ms step_avg:154.34ms
step:95/2090 train_time:14660ms step_avg:154.31ms
step:96/2090 train_time:14804ms step_avg:154.21ms
step:97/2090 train_time:14965ms step_avg:154.28ms
step:98/2090 train_time:15114ms step_avg:154.22ms
step:99/2090 train_time:15257ms step_avg:154.11ms
step:100/2090 train_time:15389ms step_avg:153.89ms
step:101/2090 train_time:15626ms step_avg:154.72ms
step:102/2090 train_time:15697ms step_avg:153.89ms
step:103/2090 train_time:15843ms step_avg:153.82ms
step:104/2090 train_time:15986ms step_avg:153.72ms
step:105/2090 train_time:16140ms step_avg:153.71ms
step:106/2090 train_time:16281ms step_avg:153.60ms
step:107/2090 train_time:16432ms step_avg:153.57ms
step:108/2090 train_time:16574ms step_avg:153.46ms
step:109/2090 train_time:16719ms step_avg:153.38ms
step:110/2090 train_time:16872ms step_avg:153.38ms
step:111/2090 train_time:17017ms step_avg:153.31ms
step:112/2090 train_time:17163ms step_avg:153.24ms
step:113/2090 train_time:17307ms step_avg:153.16ms
step:114/2090 train_time:17451ms step_avg:153.08ms
step:115/2090 train_time:17601ms step_avg:153.05ms
step:116/2090 train_time:17748ms step_avg:153.00ms
step:117/2090 train_time:17893ms step_avg:152.93ms
step:118/2090 train_time:18039ms step_avg:152.87ms
step:119/2090 train_time:18181ms step_avg:152.78ms
step:120/2090 train_time:18329ms step_avg:152.74ms
step:121/2090 train_time:18477ms step_avg:152.70ms
step:122/2090 train_time:18620ms step_avg:152.62ms
step:123/2090 train_time:18770ms step_avg:152.60ms
step:124/2090 train_time:18916ms step_avg:152.55ms
step:125/2090 train_time:19065ms step_avg:152.52ms
step:126/2090 train_time:19214ms step_avg:152.49ms
step:127/2090 train_time:19359ms step_avg:152.44ms
step:128/2090 train_time:19507ms step_avg:152.40ms
step:129/2090 train_time:19653ms step_avg:152.35ms
step:130/2090 train_time:19801ms step_avg:152.32ms
step:131/2090 train_time:19951ms step_avg:152.30ms
step:132/2090 train_time:20100ms step_avg:152.27ms
step:133/2090 train_time:20247ms step_avg:152.24ms
step:134/2090 train_time:20389ms step_avg:152.16ms
step:135/2090 train_time:20540ms step_avg:152.15ms
step:136/2090 train_time:20687ms step_avg:152.11ms
step:137/2090 train_time:20833ms step_avg:152.06ms
step:138/2090 train_time:20973ms step_avg:151.98ms
step:139/2090 train_time:21121ms step_avg:151.95ms
step:140/2090 train_time:21273ms step_avg:151.95ms
step:141/2090 train_time:21415ms step_avg:151.88ms
step:142/2090 train_time:21558ms step_avg:151.82ms
step:143/2090 train_time:21710ms step_avg:151.82ms
step:144/2090 train_time:21858ms step_avg:151.79ms
step:145/2090 train_time:22002ms step_avg:151.74ms
step:146/2090 train_time:22154ms step_avg:151.74ms
step:147/2090 train_time:22300ms step_avg:151.70ms
step:148/2090 train_time:22448ms step_avg:151.67ms
step:149/2090 train_time:22594ms step_avg:151.64ms
step:150/2090 train_time:22739ms step_avg:151.60ms
step:151/2090 train_time:22974ms step_avg:152.15ms
step:152/2090 train_time:23044ms step_avg:151.61ms
step:153/2090 train_time:23188ms step_avg:151.56ms
step:154/2090 train_time:23338ms step_avg:151.55ms
step:155/2090 train_time:23483ms step_avg:151.51ms
step:156/2090 train_time:23631ms step_avg:151.48ms
step:157/2090 train_time:23777ms step_avg:151.44ms
step:158/2090 train_time:23918ms step_avg:151.38ms
step:159/2090 train_time:24066ms step_avg:151.36ms
step:160/2090 train_time:24212ms step_avg:151.32ms
step:161/2090 train_time:24358ms step_avg:151.29ms
step:162/2090 train_time:24506ms step_avg:151.27ms
step:163/2090 train_time:24656ms step_avg:151.27ms
step:164/2090 train_time:24806ms step_avg:151.26ms
step:165/2090 train_time:24955ms step_avg:151.24ms
step:166/2090 train_time:25096ms step_avg:151.18ms
step:167/2090 train_time:25245ms step_avg:151.17ms
step:168/2090 train_time:25391ms step_avg:151.14ms
step:169/2090 train_time:25544ms step_avg:151.15ms
step:170/2090 train_time:25688ms step_avg:151.11ms
step:171/2090 train_time:25851ms step_avg:151.18ms
step:172/2090 train_time:25993ms step_avg:151.12ms
step:173/2090 train_time:26133ms step_avg:151.06ms
step:174/2090 train_time:26283ms step_avg:151.05ms
step:175/2090 train_time:26428ms step_avg:151.02ms
step:176/2090 train_time:26575ms step_avg:151.00ms
step:177/2090 train_time:26722ms step_avg:150.97ms
step:178/2090 train_time:26868ms step_avg:150.94ms
step:179/2090 train_time:27015ms step_avg:150.92ms
step:180/2090 train_time:27163ms step_avg:150.90ms
step:181/2090 train_time:27306ms step_avg:150.86ms
step:182/2090 train_time:27453ms step_avg:150.84ms
step:183/2090 train_time:27599ms step_avg:150.81ms
step:184/2090 train_time:27753ms step_avg:150.83ms
step:185/2090 train_time:27897ms step_avg:150.79ms
step:186/2090 train_time:28046ms step_avg:150.78ms
step:187/2090 train_time:28192ms step_avg:150.76ms
step:188/2090 train_time:28342ms step_avg:150.76ms
step:189/2090 train_time:28488ms step_avg:150.73ms
step:190/2090 train_time:28633ms step_avg:150.70ms
step:191/2090 train_time:28780ms step_avg:150.68ms
step:192/2090 train_time:28925ms step_avg:150.65ms
step:193/2090 train_time:29072ms step_avg:150.63ms
step:194/2090 train_time:29217ms step_avg:150.60ms
step:195/2090 train_time:29365ms step_avg:150.59ms
step:196/2090 train_time:29514ms step_avg:150.58ms
step:197/2090 train_time:29663ms step_avg:150.57ms
step:198/2090 train_time:29810ms step_avg:150.55ms
step:199/2090 train_time:29957ms step_avg:150.54ms
step:200/2090 train_time:30105ms step_avg:150.52ms
step:201/2090 train_time:30345ms step_avg:150.97ms
step:202/2090 train_time:30412ms step_avg:150.55ms
step:203/2090 train_time:30556ms step_avg:150.52ms
step:204/2090 train_time:30703ms step_avg:150.51ms
step:205/2090 train_time:30850ms step_avg:150.49ms
step:206/2090 train_time:30999ms step_avg:150.48ms
step:207/2090 train_time:31144ms step_avg:150.45ms
step:208/2090 train_time:31293ms step_avg:150.45ms
step:209/2090 train_time:31434ms step_avg:150.40ms
step:210/2090 train_time:31583ms step_avg:150.39ms
step:211/2090 train_time:31731ms step_avg:150.38ms
step:212/2090 train_time:31877ms step_avg:150.37ms
step:213/2090 train_time:32024ms step_avg:150.35ms
step:214/2090 train_time:32173ms step_avg:150.34ms
step:215/2090 train_time:32321ms step_avg:150.33ms
step:216/2090 train_time:32466ms step_avg:150.30ms
step:217/2090 train_time:32619ms step_avg:150.32ms
step:218/2090 train_time:32766ms step_avg:150.30ms
step:219/2090 train_time:32910ms step_avg:150.27ms
step:220/2090 train_time:33083ms step_avg:150.38ms
step:221/2090 train_time:33212ms step_avg:150.28ms
step:222/2090 train_time:33361ms step_avg:150.28ms
step:223/2090 train_time:33509ms step_avg:150.26ms
step:224/2090 train_time:33658ms step_avg:150.26ms
step:225/2090 train_time:33814ms step_avg:150.29ms
step:226/2090 train_time:33980ms step_avg:150.36ms
step:227/2090 train_time:34127ms step_avg:150.34ms
step:228/2090 train_time:34274ms step_avg:150.32ms
step:229/2090 train_time:34418ms step_avg:150.30ms
step:230/2090 train_time:34567ms step_avg:150.29ms
step:231/2090 train_time:34712ms step_avg:150.27ms
step:232/2090 train_time:34858ms step_avg:150.25ms
step:233/2090 train_time:35007ms step_avg:150.24ms
step:234/2090 train_time:35156ms step_avg:150.24ms
step:235/2090 train_time:35299ms step_avg:150.21ms
step:236/2090 train_time:35446ms step_avg:150.20ms
step:237/2090 train_time:35591ms step_avg:150.17ms
step:238/2090 train_time:35740ms step_avg:150.17ms
step:239/2090 train_time:35886ms step_avg:150.15ms
step:240/2090 train_time:36036ms step_avg:150.15ms
step:241/2090 train_time:36180ms step_avg:150.12ms
step:242/2090 train_time:36329ms step_avg:150.12ms
step:243/2090 train_time:36474ms step_avg:150.10ms
step:244/2090 train_time:36623ms step_avg:150.09ms
step:245/2090 train_time:36767ms step_avg:150.07ms
step:246/2090 train_time:36915ms step_avg:150.06ms
step:247/2090 train_time:37054ms step_avg:150.02ms
step:248/2090 train_time:37190ms step_avg:149.96ms
step:249/2090 train_time:37339ms step_avg:149.96ms
step:250/2090 train_time:37488ms step_avg:149.95ms
step:250/2090 val_loss:4.2500 train_time:37572ms step_avg:150.29ms
step:251/2090 train_time:37775ms step_avg:150.50ms
step:252/2090 train_time:37847ms step_avg:150.19ms
step:253/2090 train_time:37986ms step_avg:150.14ms
step:254/2090 train_time:38133ms step_avg:150.13ms
step:255/2090 train_time:38279ms step_avg:150.11ms
step:256/2090 train_time:38426ms step_avg:150.10ms
step:257/2090 train_time:38569ms step_avg:150.07ms
step:258/2090 train_time:38715ms step_avg:150.06ms
step:259/2090 train_time:38861ms step_avg:150.04ms
step:260/2090 train_time:39007ms step_avg:150.03ms
step:261/2090 train_time:39152ms step_avg:150.01ms
step:262/2090 train_time:39298ms step_avg:149.99ms
step:263/2090 train_time:39444ms step_avg:149.98ms
step:264/2090 train_time:39590ms step_avg:149.96ms
step:265/2090 train_time:39733ms step_avg:149.94ms
step:266/2090 train_time:39881ms step_avg:149.93ms
step:267/2090 train_time:40025ms step_avg:149.91ms
step:268/2090 train_time:40178ms step_avg:149.92ms
step:269/2090 train_time:40319ms step_avg:149.89ms
step:270/2090 train_time:40466ms step_avg:149.87ms
step:271/2090 train_time:40612ms step_avg:149.86ms
step:272/2090 train_time:40768ms step_avg:149.88ms
step:273/2090 train_time:40907ms step_avg:149.84ms
step:274/2090 train_time:41054ms step_avg:149.83ms
step:275/2090 train_time:41199ms step_avg:149.81ms
step:276/2090 train_time:41347ms step_avg:149.81ms
step:277/2090 train_time:41495ms step_avg:149.80ms
step:278/2090 train_time:41641ms step_avg:149.79ms
step:279/2090 train_time:41787ms step_avg:149.78ms
step:280/2090 train_time:41935ms step_avg:149.77ms
step:281/2090 train_time:42080ms step_avg:149.75ms
step:282/2090 train_time:42228ms step_avg:149.74ms
step:283/2090 train_time:42376ms step_avg:149.74ms
step:284/2090 train_time:42523ms step_avg:149.73ms
step:285/2090 train_time:42669ms step_avg:149.72ms
step:286/2090 train_time:42816ms step_avg:149.71ms
step:287/2090 train_time:42962ms step_avg:149.69ms
step:288/2090 train_time:43109ms step_avg:149.69ms
step:289/2090 train_time:43251ms step_avg:149.66ms
step:290/2090 train_time:43402ms step_avg:149.66ms
step:291/2090 train_time:43547ms step_avg:149.65ms
step:292/2090 train_time:43694ms step_avg:149.64ms
step:293/2090 train_time:43839ms step_avg:149.62ms
step:294/2090 train_time:43988ms step_avg:149.62ms
step:295/2090 train_time:44135ms step_avg:149.61ms
step:296/2090 train_time:44282ms step_avg:149.60ms
step:297/2090 train_time:44427ms step_avg:149.59ms
step:298/2090 train_time:44584ms step_avg:149.61ms
step:299/2090 train_time:44736ms step_avg:149.62ms
step:300/2090 train_time:44891ms step_avg:149.64ms
step:301/2090 train_time:45142ms step_avg:149.97ms
step:302/2090 train_time:45207ms step_avg:149.69ms
step:303/2090 train_time:45357ms step_avg:149.69ms
step:304/2090 train_time:45516ms step_avg:149.72ms
step:305/2090 train_time:45668ms step_avg:149.73ms
step:306/2090 train_time:45824ms step_avg:149.75ms
step:307/2090 train_time:45975ms step_avg:149.75ms
step:308/2090 train_time:46127ms step_avg:149.76ms
step:309/2090 train_time:46277ms step_avg:149.76ms
step:310/2090 train_time:46427ms step_avg:149.77ms
step:311/2090 train_time:46576ms step_avg:149.76ms
step:312/2090 train_time:46725ms step_avg:149.76ms
step:313/2090 train_time:46870ms step_avg:149.74ms
step:314/2090 train_time:47020ms step_avg:149.74ms
step:315/2090 train_time:47164ms step_avg:149.73ms
step:316/2090 train_time:47313ms step_avg:149.73ms
step:317/2090 train_time:47461ms step_avg:149.72ms
step:318/2090 train_time:47609ms step_avg:149.71ms
step:319/2090 train_time:47755ms step_avg:149.70ms
step:320/2090 train_time:47904ms step_avg:149.70ms
step:321/2090 train_time:48050ms step_avg:149.69ms
step:322/2090 train_time:48200ms step_avg:149.69ms
step:323/2090 train_time:48346ms step_avg:149.68ms
step:324/2090 train_time:48493ms step_avg:149.67ms
step:325/2090 train_time:48638ms step_avg:149.66ms
step:326/2090 train_time:48783ms step_avg:149.64ms
step:327/2090 train_time:48931ms step_avg:149.64ms
step:328/2090 train_time:49078ms step_avg:149.63ms
step:329/2090 train_time:49226ms step_avg:149.62ms
step:330/2090 train_time:49372ms step_avg:149.61ms
step:331/2090 train_time:49517ms step_avg:149.60ms
step:332/2090 train_time:49665ms step_avg:149.59ms
step:333/2090 train_time:49812ms step_avg:149.59ms
step:334/2090 train_time:49961ms step_avg:149.58ms
step:335/2090 train_time:50107ms step_avg:149.57ms
step:336/2090 train_time:50251ms step_avg:149.56ms
step:337/2090 train_time:50398ms step_avg:149.55ms
step:338/2090 train_time:50545ms step_avg:149.54ms
step:339/2090 train_time:50691ms step_avg:149.53ms
step:340/2090 train_time:50838ms step_avg:149.52ms
step:341/2090 train_time:50983ms step_avg:149.51ms
step:342/2090 train_time:51132ms step_avg:149.51ms
step:343/2090 train_time:51274ms step_avg:149.49ms
step:344/2090 train_time:51422ms step_avg:149.48ms
step:345/2090 train_time:51569ms step_avg:149.48ms
step:346/2090 train_time:51716ms step_avg:149.47ms
step:347/2090 train_time:51863ms step_avg:149.46ms
step:348/2090 train_time:52012ms step_avg:149.46ms
step:349/2090 train_time:52158ms step_avg:149.45ms
step:350/2090 train_time:52306ms step_avg:149.45ms
step:351/2090 train_time:52544ms step_avg:149.70ms
step:352/2090 train_time:52609ms step_avg:149.46ms
step:353/2090 train_time:52754ms step_avg:149.44ms
step:354/2090 train_time:52900ms step_avg:149.43ms
step:355/2090 train_time:53045ms step_avg:149.42ms
step:356/2090 train_time:53191ms step_avg:149.41ms
step:357/2090 train_time:53336ms step_avg:149.40ms
step:358/2090 train_time:53483ms step_avg:149.39ms
step:359/2090 train_time:53629ms step_avg:149.38ms
step:360/2090 train_time:53776ms step_avg:149.38ms
step:361/2090 train_time:53920ms step_avg:149.36ms
step:362/2090 train_time:54067ms step_avg:149.36ms
step:363/2090 train_time:54212ms step_avg:149.34ms
step:364/2090 train_time:54360ms step_avg:149.34ms
step:365/2090 train_time:54507ms step_avg:149.33ms
step:366/2090 train_time:54653ms step_avg:149.33ms
step:367/2090 train_time:54799ms step_avg:149.32ms
step:368/2090 train_time:54948ms step_avg:149.31ms
step:369/2090 train_time:55095ms step_avg:149.31ms
step:370/2090 train_time:55243ms step_avg:149.31ms
step:371/2090 train_time:55388ms step_avg:149.29ms
step:372/2090 train_time:55532ms step_avg:149.28ms
step:373/2090 train_time:55679ms step_avg:149.27ms
step:374/2090 train_time:55837ms step_avg:149.30ms
step:375/2090 train_time:55980ms step_avg:149.28ms
step:376/2090 train_time:56116ms step_avg:149.24ms
step:377/2090 train_time:56261ms step_avg:149.23ms
step:378/2090 train_time:56408ms step_avg:149.23ms
step:379/2090 train_time:56555ms step_avg:149.22ms
step:380/2090 train_time:56701ms step_avg:149.21ms
step:381/2090 train_time:56848ms step_avg:149.21ms
step:382/2090 train_time:57012ms step_avg:149.25ms
step:383/2090 train_time:57141ms step_avg:149.19ms
step:384/2090 train_time:57290ms step_avg:149.19ms
step:385/2090 train_time:57432ms step_avg:149.17ms
step:386/2090 train_time:57580ms step_avg:149.17ms
step:387/2090 train_time:57728ms step_avg:149.17ms
step:388/2090 train_time:57876ms step_avg:149.16ms
step:389/2090 train_time:58022ms step_avg:149.16ms
step:390/2090 train_time:58170ms step_avg:149.15ms
step:391/2090 train_time:58320ms step_avg:149.16ms
step:392/2090 train_time:58468ms step_avg:149.15ms
step:393/2090 train_time:58613ms step_avg:149.14ms
step:394/2090 train_time:58763ms step_avg:149.14ms
step:395/2090 train_time:58907ms step_avg:149.13ms
step:396/2090 train_time:59058ms step_avg:149.14ms
step:397/2090 train_time:59205ms step_avg:149.13ms
step:398/2090 train_time:59353ms step_avg:149.13ms
step:399/2090 train_time:59506ms step_avg:149.14ms
step:400/2090 train_time:59650ms step_avg:149.13ms
step:401/2090 train_time:59909ms step_avg:149.40ms
step:402/2090 train_time:59976ms step_avg:149.19ms
step:403/2090 train_time:60139ms step_avg:149.23ms
step:404/2090 train_time:60288ms step_avg:149.23ms
step:405/2090 train_time:60431ms step_avg:149.21ms
step:406/2090 train_time:60596ms step_avg:149.25ms
step:407/2090 train_time:60724ms step_avg:149.20ms
step:408/2090 train_time:60871ms step_avg:149.19ms
step:409/2090 train_time:61018ms step_avg:149.19ms
step:410/2090 train_time:61167ms step_avg:149.19ms
step:411/2090 train_time:61307ms step_avg:149.17ms
step:412/2090 train_time:61457ms step_avg:149.17ms
step:413/2090 train_time:61602ms step_avg:149.16ms
step:414/2090 train_time:61750ms step_avg:149.15ms
step:415/2090 train_time:61898ms step_avg:149.15ms
step:416/2090 train_time:62045ms step_avg:149.15ms
step:417/2090 train_time:62193ms step_avg:149.14ms
step:418/2090 train_time:62338ms step_avg:149.13ms
step:419/2090 train_time:62483ms step_avg:149.12ms
step:420/2090 train_time:62629ms step_avg:149.12ms
step:421/2090 train_time:62775ms step_avg:149.11ms
step:422/2090 train_time:62924ms step_avg:149.11ms
step:423/2090 train_time:63069ms step_avg:149.10ms
step:424/2090 train_time:63218ms step_avg:149.10ms
step:425/2090 train_time:63362ms step_avg:149.09ms
step:426/2090 train_time:63510ms step_avg:149.08ms
step:427/2090 train_time:63655ms step_avg:149.08ms
step:428/2090 train_time:63805ms step_avg:149.08ms
step:429/2090 train_time:63953ms step_avg:149.08ms
step:430/2090 train_time:64101ms step_avg:149.07ms
step:431/2090 train_time:64246ms step_avg:149.06ms
step:432/2090 train_time:64403ms step_avg:149.08ms
step:433/2090 train_time:64539ms step_avg:149.05ms
step:434/2090 train_time:64687ms step_avg:149.05ms
step:435/2090 train_time:64832ms step_avg:149.04ms
step:436/2090 train_time:64980ms step_avg:149.04ms
step:437/2090 train_time:65126ms step_avg:149.03ms
step:438/2090 train_time:65274ms step_avg:149.03ms
step:439/2090 train_time:65419ms step_avg:149.02ms
step:440/2090 train_time:65565ms step_avg:149.01ms
step:441/2090 train_time:65712ms step_avg:149.01ms
step:442/2090 train_time:65860ms step_avg:149.00ms
step:443/2090 train_time:66004ms step_avg:148.99ms
step:444/2090 train_time:66160ms step_avg:149.01ms
step:445/2090 train_time:66304ms step_avg:149.00ms
step:446/2090 train_time:66444ms step_avg:148.98ms
step:447/2090 train_time:66589ms step_avg:148.97ms
step:448/2090 train_time:66738ms step_avg:148.97ms
step:449/2090 train_time:66883ms step_avg:148.96ms
step:450/2090 train_time:67037ms step_avg:148.97ms
step:451/2090 train_time:67278ms step_avg:149.18ms
step:452/2090 train_time:67345ms step_avg:148.99ms
step:453/2090 train_time:67490ms step_avg:148.99ms
step:454/2090 train_time:67636ms step_avg:148.98ms
step:455/2090 train_time:67782ms step_avg:148.97ms
step:456/2090 train_time:67927ms step_avg:148.96ms
step:457/2090 train_time:68074ms step_avg:148.96ms
step:458/2090 train_time:68223ms step_avg:148.96ms
step:459/2090 train_time:68369ms step_avg:148.95ms
step:460/2090 train_time:68517ms step_avg:148.95ms
step:461/2090 train_time:68662ms step_avg:148.94ms
step:462/2090 train_time:68810ms step_avg:148.94ms
step:463/2090 train_time:68959ms step_avg:148.94ms
step:464/2090 train_time:69103ms step_avg:148.93ms
step:465/2090 train_time:69248ms step_avg:148.92ms
step:466/2090 train_time:69414ms step_avg:148.96ms
step:467/2090 train_time:69566ms step_avg:148.96ms
step:468/2090 train_time:69720ms step_avg:148.97ms
step:469/2090 train_time:69870ms step_avg:148.98ms
step:470/2090 train_time:70020ms step_avg:148.98ms
step:471/2090 train_time:70148ms step_avg:148.93ms
step:472/2090 train_time:70295ms step_avg:148.93ms
step:473/2090 train_time:70441ms step_avg:148.92ms
step:474/2090 train_time:70588ms step_avg:148.92ms
step:475/2090 train_time:70736ms step_avg:148.92ms
step:476/2090 train_time:70878ms step_avg:148.90ms
step:477/2090 train_time:71023ms step_avg:148.90ms
step:478/2090 train_time:71169ms step_avg:148.89ms
step:479/2090 train_time:71318ms step_avg:148.89ms
step:480/2090 train_time:71465ms step_avg:148.89ms
step:481/2090 train_time:71611ms step_avg:148.88ms
step:482/2090 train_time:71759ms step_avg:148.88ms
step:483/2090 train_time:71906ms step_avg:148.87ms
step:484/2090 train_time:72054ms step_avg:148.87ms
step:485/2090 train_time:72203ms step_avg:148.87ms
step:486/2090 train_time:72369ms step_avg:148.91ms
step:487/2090 train_time:72512ms step_avg:148.90ms
step:488/2090 train_time:72662ms step_avg:148.90ms
step:489/2090 train_time:72805ms step_avg:148.89ms
step:490/2090 train_time:72938ms step_avg:148.85ms
step:491/2090 train_time:73081ms step_avg:148.84ms
step:492/2090 train_time:73229ms step_avg:148.84ms
step:493/2090 train_time:73377ms step_avg:148.84ms
step:494/2090 train_time:73521ms step_avg:148.83ms
step:495/2090 train_time:73669ms step_avg:148.83ms
step:496/2090 train_time:73816ms step_avg:148.82ms
step:497/2090 train_time:73962ms step_avg:148.82ms
step:498/2090 train_time:74109ms step_avg:148.81ms
step:499/2090 train_time:74255ms step_avg:148.81ms
step:500/2090 train_time:74402ms step_avg:148.80ms
step:500/2090 val_loss:4.0000 train_time:74484ms step_avg:148.97ms
step:501/2090 train_time:74689ms step_avg:149.08ms
step:502/2090 train_time:74757ms step_avg:148.92ms
step:503/2090 train_time:74899ms step_avg:148.90ms
step:504/2090 train_time:75048ms step_avg:148.90ms
step:505/2090 train_time:75194ms step_avg:148.90ms
step:506/2090 train_time:75341ms step_avg:148.90ms
step:507/2090 train_time:75486ms step_avg:148.89ms
step:508/2090 train_time:75634ms step_avg:148.89ms
step:509/2090 train_time:75777ms step_avg:148.87ms
step:510/2090 train_time:75923ms step_avg:148.87ms
step:511/2090 train_time:76070ms step_avg:148.87ms
step:512/2090 train_time:76216ms step_avg:148.86ms
step:513/2090 train_time:76366ms step_avg:148.86ms
step:514/2090 train_time:76513ms step_avg:148.86ms
step:515/2090 train_time:76656ms step_avg:148.85ms
step:516/2090 train_time:76820ms step_avg:148.88ms
step:517/2090 train_time:76949ms step_avg:148.84ms
step:518/2090 train_time:77095ms step_avg:148.83ms
step:519/2090 train_time:77245ms step_avg:148.83ms
step:520/2090 train_time:77394ms step_avg:148.84ms
step:521/2090 train_time:77537ms step_avg:148.82ms
step:522/2090 train_time:77685ms step_avg:148.82ms
step:523/2090 train_time:77829ms step_avg:148.81ms
step:524/2090 train_time:77975ms step_avg:148.81ms
step:525/2090 train_time:78122ms step_avg:148.80ms
step:526/2090 train_time:78268ms step_avg:148.80ms
step:527/2090 train_time:78416ms step_avg:148.80ms
step:528/2090 train_time:78563ms step_avg:148.79ms
step:529/2090 train_time:78709ms step_avg:148.79ms
step:530/2090 train_time:78854ms step_avg:148.78ms
step:531/2090 train_time:78999ms step_avg:148.77ms
step:532/2090 train_time:79146ms step_avg:148.77ms
step:533/2090 train_time:79294ms step_avg:148.77ms
step:534/2090 train_time:79439ms step_avg:148.76ms
step:535/2090 train_time:79585ms step_avg:148.76ms
step:536/2090 train_time:79732ms step_avg:148.75ms
step:537/2090 train_time:79878ms step_avg:148.75ms
step:538/2090 train_time:80026ms step_avg:148.75ms
step:539/2090 train_time:80169ms step_avg:148.74ms
step:540/2090 train_time:80320ms step_avg:148.74ms
step:541/2090 train_time:80465ms step_avg:148.73ms
step:542/2090 train_time:80612ms step_avg:148.73ms
step:543/2090 train_time:80756ms step_avg:148.72ms
step:544/2090 train_time:80903ms step_avg:148.72ms
step:545/2090 train_time:81065ms step_avg:148.74ms
step:546/2090 train_time:81214ms step_avg:148.74ms
step:547/2090 train_time:81344ms step_avg:148.71ms
step:548/2090 train_time:81491ms step_avg:148.71ms
step:549/2090 train_time:81637ms step_avg:148.70ms
step:550/2090 train_time:81782ms step_avg:148.69ms
step:551/2090 train_time:82021ms step_avg:148.86ms
step:552/2090 train_time:82087ms step_avg:148.71ms
step:553/2090 train_time:82231ms step_avg:148.70ms
step:554/2090 train_time:82378ms step_avg:148.70ms
step:555/2090 train_time:82524ms step_avg:148.69ms
step:556/2090 train_time:82672ms step_avg:148.69ms
step:557/2090 train_time:82834ms step_avg:148.71ms
step:558/2090 train_time:82982ms step_avg:148.71ms
step:559/2090 train_time:83111ms step_avg:148.68ms
step:560/2090 train_time:83257ms step_avg:148.67ms
step:561/2090 train_time:83400ms step_avg:148.66ms
step:562/2090 train_time:83548ms step_avg:148.66ms
step:563/2090 train_time:83695ms step_avg:148.66ms
step:564/2090 train_time:83844ms step_avg:148.66ms
step:565/2090 train_time:83991ms step_avg:148.66ms
step:566/2090 train_time:84139ms step_avg:148.65ms
step:567/2090 train_time:84284ms step_avg:148.65ms
step:568/2090 train_time:84428ms step_avg:148.64ms
step:569/2090 train_time:84573ms step_avg:148.63ms
step:570/2090 train_time:84720ms step_avg:148.63ms
step:571/2090 train_time:84865ms step_avg:148.62ms
step:572/2090 train_time:85010ms step_avg:148.62ms
step:573/2090 train_time:85157ms step_avg:148.62ms
step:574/2090 train_time:85319ms step_avg:148.64ms
step:575/2090 train_time:85447ms step_avg:148.60ms
step:576/2090 train_time:85600ms step_avg:148.61ms
step:577/2090 train_time:85745ms step_avg:148.60ms
step:578/2090 train_time:85889ms step_avg:148.60ms
step:579/2090 train_time:86035ms step_avg:148.59ms
step:580/2090 train_time:86183ms step_avg:148.59ms
step:581/2090 train_time:86330ms step_avg:148.59ms
step:582/2090 train_time:86475ms step_avg:148.58ms
step:583/2090 train_time:86620ms step_avg:148.58ms
step:584/2090 train_time:86768ms step_avg:148.58ms
step:585/2090 train_time:86913ms step_avg:148.57ms
step:586/2090 train_time:87061ms step_avg:148.57ms
step:587/2090 train_time:87207ms step_avg:148.56ms
step:588/2090 train_time:87356ms step_avg:148.57ms
step:589/2090 train_time:87502ms step_avg:148.56ms
step:590/2090 train_time:87648ms step_avg:148.56ms
step:591/2090 train_time:87795ms step_avg:148.55ms
step:592/2090 train_time:87943ms step_avg:148.55ms
step:593/2090 train_time:88089ms step_avg:148.55ms
step:594/2090 train_time:88234ms step_avg:148.54ms
step:595/2090 train_time:88380ms step_avg:148.54ms
step:596/2090 train_time:88527ms step_avg:148.54ms
step:597/2090 train_time:88673ms step_avg:148.53ms
step:598/2090 train_time:88820ms step_avg:148.53ms
step:599/2090 train_time:88967ms step_avg:148.53ms
step:600/2090 train_time:89112ms step_avg:148.52ms
step:601/2090 train_time:89349ms step_avg:148.67ms
step:602/2090 train_time:89415ms step_avg:148.53ms
step:603/2090 train_time:89562ms step_avg:148.53ms
step:604/2090 train_time:89711ms step_avg:148.53ms
step:605/2090 train_time:89862ms step_avg:148.53ms
step:606/2090 train_time:90010ms step_avg:148.53ms
step:607/2090 train_time:90154ms step_avg:148.52ms
step:608/2090 train_time:90300ms step_avg:148.52ms
step:609/2090 train_time:90460ms step_avg:148.54ms
step:610/2090 train_time:90606ms step_avg:148.53ms
step:611/2090 train_time:90749ms step_avg:148.53ms
step:612/2090 train_time:90896ms step_avg:148.52ms
step:613/2090 train_time:91043ms step_avg:148.52ms
step:614/2090 train_time:91192ms step_avg:148.52ms
step:615/2090 train_time:91337ms step_avg:148.52ms
step:616/2090 train_time:91484ms step_avg:148.51ms
step:617/2090 train_time:91629ms step_avg:148.51ms
step:618/2090 train_time:91777ms step_avg:148.51ms
step:619/2090 train_time:91922ms step_avg:148.50ms
step:620/2090 train_time:92068ms step_avg:148.50ms
step:621/2090 train_time:92215ms step_avg:148.49ms
step:622/2090 train_time:92364ms step_avg:148.49ms
step:623/2090 train_time:92505ms step_avg:148.48ms
step:624/2090 train_time:92653ms step_avg:148.48ms
step:625/2090 train_time:92799ms step_avg:148.48ms
step:626/2090 train_time:92950ms step_avg:148.48ms
step:627/2090 train_time:93096ms step_avg:148.48ms
step:628/2090 train_time:93244ms step_avg:148.48ms
step:629/2090 train_time:93393ms step_avg:148.48ms
step:630/2090 train_time:93540ms step_avg:148.48ms
step:631/2090 train_time:93688ms step_avg:148.48ms
step:632/2090 train_time:93836ms step_avg:148.47ms
step:633/2090 train_time:93979ms step_avg:148.47ms
step:634/2090 train_time:94126ms step_avg:148.46ms
step:635/2090 train_time:94272ms step_avg:148.46ms
step:636/2090 train_time:94419ms step_avg:148.46ms
step:637/2090 train_time:94564ms step_avg:148.45ms
step:638/2090 train_time:94710ms step_avg:148.45ms
step:639/2090 train_time:94857ms step_avg:148.45ms
step:640/2090 train_time:95004ms step_avg:148.44ms
step:641/2090 train_time:95153ms step_avg:148.44ms
step:642/2090 train_time:95301ms step_avg:148.44ms
step:643/2090 train_time:95446ms step_avg:148.44ms
step:644/2090 train_time:95592ms step_avg:148.43ms
step:645/2090 train_time:95736ms step_avg:148.43ms
step:646/2090 train_time:95885ms step_avg:148.43ms
step:647/2090 train_time:96030ms step_avg:148.42ms
step:648/2090 train_time:96182ms step_avg:148.43ms
step:649/2090 train_time:96326ms step_avg:148.42ms
step:650/2090 train_time:96472ms step_avg:148.42ms
step:651/2090 train_time:96706ms step_avg:148.55ms
step:652/2090 train_time:96774ms step_avg:148.43ms
step:653/2090 train_time:96916ms step_avg:148.42ms
step:654/2090 train_time:97065ms step_avg:148.42ms
step:655/2090 train_time:97210ms step_avg:148.41ms
step:656/2090 train_time:97357ms step_avg:148.41ms
step:657/2090 train_time:97503ms step_avg:148.41ms
step:658/2090 train_time:97649ms step_avg:148.40ms
step:659/2090 train_time:97796ms step_avg:148.40ms
step:660/2090 train_time:97944ms step_avg:148.40ms
step:661/2090 train_time:98092ms step_avg:148.40ms
step:662/2090 train_time:98236ms step_avg:148.39ms
step:663/2090 train_time:98382ms step_avg:148.39ms
step:664/2090 train_time:98529ms step_avg:148.39ms
step:665/2090 train_time:98675ms step_avg:148.38ms
step:666/2090 train_time:98821ms step_avg:148.38ms
step:667/2090 train_time:98967ms step_avg:148.38ms
step:668/2090 train_time:99115ms step_avg:148.38ms
step:669/2090 train_time:99259ms step_avg:148.37ms
step:670/2090 train_time:99408ms step_avg:148.37ms
step:671/2090 train_time:99551ms step_avg:148.36ms
step:672/2090 train_time:99698ms step_avg:148.36ms
step:673/2090 train_time:99843ms step_avg:148.36ms
step:674/2090 train_time:99997ms step_avg:148.36ms
step:675/2090 train_time:100143ms step_avg:148.36ms
step:676/2090 train_time:100290ms step_avg:148.36ms
step:677/2090 train_time:100436ms step_avg:148.35ms
step:678/2090 train_time:100585ms step_avg:148.36ms
step:679/2090 train_time:100731ms step_avg:148.35ms
step:680/2090 train_time:100878ms step_avg:148.35ms
step:681/2090 train_time:101028ms step_avg:148.35ms
step:682/2090 train_time:101174ms step_avg:148.35ms
step:683/2090 train_time:101320ms step_avg:148.34ms
step:684/2090 train_time:101464ms step_avg:148.34ms
step:685/2090 train_time:101688ms step_avg:148.45ms
step:686/2090 train_time:101947ms step_avg:148.61ms
step:687/2090 train_time:102209ms step_avg:148.78ms
step:688/2090 train_time:102464ms step_avg:148.93ms
step:689/2090 train_time:102724ms step_avg:149.09ms
step:690/2090 train_time:102986ms step_avg:149.26ms
step:691/2090 train_time:103248ms step_avg:149.42ms
step:692/2090 train_time:103506ms step_avg:149.58ms
step:693/2090 train_time:103765ms step_avg:149.73ms
step:694/2090 train_time:104035ms step_avg:149.91ms
step:695/2090 train_time:104300ms step_avg:150.07ms
step:696/2090 train_time:104564ms step_avg:150.24ms
step:697/2090 train_time:104825ms step_avg:150.40ms
step:698/2090 train_time:105089ms step_avg:150.56ms
step:699/2090 train_time:105358ms step_avg:150.73ms
step:700/2090 train_time:105622ms step_avg:150.89ms
step:701/2090 train_time:106063ms step_avg:151.30ms
step:702/2090 train_time:106153ms step_avg:151.22ms
step:703/2090 train_time:106414ms step_avg:151.37ms
step:704/2090 train_time:106679ms step_avg:151.53ms
step:705/2090 train_time:106940ms step_avg:151.69ms
step:706/2090 train_time:107200ms step_avg:151.84ms
step:707/2090 train_time:107462ms step_avg:152.00ms
step:708/2090 train_time:107730ms step_avg:152.16ms
step:709/2090 train_time:107989ms step_avg:152.31ms
step:710/2090 train_time:108250ms step_avg:152.47ms
step:711/2090 train_time:108508ms step_avg:152.61ms
step:712/2090 train_time:108776ms step_avg:152.78ms
step:713/2090 train_time:109042ms step_avg:152.93ms
step:714/2090 train_time:109300ms step_avg:153.08ms
step:715/2090 train_time:109563ms step_avg:153.23ms
step:716/2090 train_time:109840ms step_avg:153.41ms
step:717/2090 train_time:110085ms step_avg:153.54ms
step:718/2090 train_time:110353ms step_avg:153.69ms
step:719/2090 train_time:110612ms step_avg:153.84ms
step:720/2090 train_time:110883ms step_avg:154.00ms
step:721/2090 train_time:111138ms step_avg:154.14ms
step:722/2090 train_time:111402ms step_avg:154.30ms
step:723/2090 train_time:111664ms step_avg:154.44ms
step:724/2090 train_time:111921ms step_avg:154.59ms
step:725/2090 train_time:112185ms step_avg:154.74ms
step:726/2090 train_time:112451ms step_avg:154.89ms
step:727/2090 train_time:112705ms step_avg:155.03ms
step:728/2090 train_time:112967ms step_avg:155.17ms
step:729/2090 train_time:113225ms step_avg:155.32ms
step:730/2090 train_time:113485ms step_avg:155.46ms
step:731/2090 train_time:113749ms step_avg:155.61ms
step:732/2090 train_time:114012ms step_avg:155.75ms
step:733/2090 train_time:114273ms step_avg:155.90ms
step:734/2090 train_time:114539ms step_avg:156.05ms
step:735/2090 train_time:114794ms step_avg:156.18ms
step:736/2090 train_time:115053ms step_avg:156.32ms
step:737/2090 train_time:115326ms step_avg:156.48ms
step:738/2090 train_time:115583ms step_avg:156.62ms
step:739/2090 train_time:115841ms step_avg:156.75ms
step:740/2090 train_time:116110ms step_avg:156.90ms
step:741/2090 train_time:116367ms step_avg:157.04ms
step:742/2090 train_time:116630ms step_avg:157.18ms
step:743/2090 train_time:116893ms step_avg:157.33ms
step:744/2090 train_time:117158ms step_avg:157.47ms
step:745/2090 train_time:117417ms step_avg:157.61ms
step:746/2090 train_time:117682ms step_avg:157.75ms
step:747/2090 train_time:117943ms step_avg:157.89ms
step:748/2090 train_time:118202ms step_avg:158.02ms
step:749/2090 train_time:118476ms step_avg:158.18ms
step:750/2090 train_time:118724ms step_avg:158.30ms
step:750/2090 val_loss:3.8438 train_time:118895ms step_avg:158.53ms
step:751/2090 train_time:119260ms step_avg:158.80ms
step:752/2090 train_time:119358ms step_avg:158.72ms
step:753/2090 train_time:119605ms step_avg:158.84ms
step:754/2090 train_time:119886ms step_avg:159.00ms
step:755/2090 train_time:120134ms step_avg:159.12ms
step:756/2090 train_time:120401ms step_avg:159.26ms
step:757/2090 train_time:120656ms step_avg:159.39ms
step:758/2090 train_time:120930ms step_avg:159.54ms
step:759/2090 train_time:121193ms step_avg:159.67ms
step:760/2090 train_time:121448ms step_avg:159.80ms
step:761/2090 train_time:121714ms step_avg:159.94ms
step:762/2090 train_time:121976ms step_avg:160.07ms
step:763/2090 train_time:122238ms step_avg:160.21ms
step:764/2090 train_time:122497ms step_avg:160.34ms
step:765/2090 train_time:122771ms step_avg:160.49ms
step:766/2090 train_time:123026ms step_avg:160.61ms
step:767/2090 train_time:123281ms step_avg:160.73ms
step:768/2090 train_time:123548ms step_avg:160.87ms
step:769/2090 train_time:123808ms step_avg:161.00ms
step:770/2090 train_time:124068ms step_avg:161.13ms
step:771/2090 train_time:124329ms step_avg:161.26ms
step:772/2090 train_time:124594ms step_avg:161.39ms
step:773/2090 train_time:124853ms step_avg:161.52ms
step:774/2090 train_time:125114ms step_avg:161.65ms
step:775/2090 train_time:125375ms step_avg:161.77ms
step:776/2090 train_time:125634ms step_avg:161.90ms
step:777/2090 train_time:125898ms step_avg:162.03ms
step:778/2090 train_time:126160ms step_avg:162.16ms
step:779/2090 train_time:126423ms step_avg:162.29ms
step:780/2090 train_time:126682ms step_avg:162.41ms
step:781/2090 train_time:126940ms step_avg:162.54ms
step:782/2090 train_time:127202ms step_avg:162.66ms
step:783/2090 train_time:127467ms step_avg:162.79ms
step:784/2090 train_time:127729ms step_avg:162.92ms
step:785/2090 train_time:127999ms step_avg:163.06ms
step:786/2090 train_time:128252ms step_avg:163.17ms
step:787/2090 train_time:128512ms step_avg:163.29ms
step:788/2090 train_time:128776ms step_avg:163.42ms
step:789/2090 train_time:129041ms step_avg:163.55ms
step:790/2090 train_time:129306ms step_avg:163.68ms
step:791/2090 train_time:129562ms step_avg:163.79ms
step:792/2090 train_time:129830ms step_avg:163.93ms
step:793/2090 train_time:130098ms step_avg:164.06ms
step:794/2090 train_time:130351ms step_avg:164.17ms
step:795/2090 train_time:130612ms step_avg:164.29ms
step:796/2090 train_time:130874ms step_avg:164.42ms
step:797/2090 train_time:131139ms step_avg:164.54ms
step:798/2090 train_time:131407ms step_avg:164.67ms
step:799/2090 train_time:131668ms step_avg:164.79ms
step:800/2090 train_time:131938ms step_avg:164.92ms
step:801/2090 train_time:132382ms step_avg:165.27ms
step:802/2090 train_time:132472ms step_avg:165.18ms
step:803/2090 train_time:132728ms step_avg:165.29ms
step:804/2090 train_time:132991ms step_avg:165.41ms
step:805/2090 train_time:133251ms step_avg:165.53ms
step:806/2090 train_time:133518ms step_avg:165.66ms
step:807/2090 train_time:133777ms step_avg:165.77ms
step:808/2090 train_time:134040ms step_avg:165.89ms
step:809/2090 train_time:134302ms step_avg:166.01ms
step:810/2090 train_time:134565ms step_avg:166.13ms
step:811/2090 train_time:134831ms step_avg:166.25ms
step:812/2090 train_time:135091ms step_avg:166.37ms
step:813/2090 train_time:135345ms step_avg:166.48ms
step:814/2090 train_time:135609ms step_avg:166.60ms
step:815/2090 train_time:135873ms step_avg:166.72ms
step:816/2090 train_time:136141ms step_avg:166.84ms
step:817/2090 train_time:136398ms step_avg:166.95ms
step:818/2090 train_time:136667ms step_avg:167.07ms
step:819/2090 train_time:136929ms step_avg:167.19ms
step:820/2090 train_time:137200ms step_avg:167.32ms
step:821/2090 train_time:137451ms step_avg:167.42ms
step:822/2090 train_time:137714ms step_avg:167.54ms
step:823/2090 train_time:137973ms step_avg:167.65ms
step:824/2090 train_time:138233ms step_avg:167.76ms
step:825/2090 train_time:138497ms step_avg:167.87ms
step:826/2090 train_time:138766ms step_avg:168.00ms
step:827/2090 train_time:139027ms step_avg:168.11ms
step:828/2090 train_time:139286ms step_avg:168.22ms
step:829/2090 train_time:139546ms step_avg:168.33ms
step:830/2090 train_time:139800ms step_avg:168.43ms
step:831/2090 train_time:140066ms step_avg:168.55ms
step:832/2090 train_time:140328ms step_avg:168.66ms
step:833/2090 train_time:140590ms step_avg:168.78ms
step:834/2090 train_time:140851ms step_avg:168.89ms
step:835/2090 train_time:141113ms step_avg:169.00ms
step:836/2090 train_time:141373ms step_avg:169.11ms
step:837/2090 train_time:141634ms step_avg:169.22ms
step:838/2090 train_time:141897ms step_avg:169.33ms
step:839/2090 train_time:142159ms step_avg:169.44ms
step:840/2090 train_time:142419ms step_avg:169.55ms
step:841/2090 train_time:142682ms step_avg:169.66ms
step:842/2090 train_time:142944ms step_avg:169.77ms
step:843/2090 train_time:143207ms step_avg:169.88ms
step:844/2090 train_time:143472ms step_avg:169.99ms
step:845/2090 train_time:143733ms step_avg:170.10ms
step:846/2090 train_time:143997ms step_avg:170.21ms
step:847/2090 train_time:144256ms step_avg:170.31ms
step:848/2090 train_time:144518ms step_avg:170.42ms
step:849/2090 train_time:144780ms step_avg:170.53ms
step:850/2090 train_time:145041ms step_avg:170.64ms
step:851/2090 train_time:145499ms step_avg:170.97ms
step:852/2090 train_time:145580ms step_avg:170.87ms
step:853/2090 train_time:145840ms step_avg:170.97ms
step:854/2090 train_time:146103ms step_avg:171.08ms
step:855/2090 train_time:146364ms step_avg:171.19ms
step:856/2090 train_time:146628ms step_avg:171.29ms
step:857/2090 train_time:146889ms step_avg:171.40ms
step:858/2090 train_time:147150ms step_avg:171.50ms
step:859/2090 train_time:147413ms step_avg:171.61ms
step:860/2090 train_time:147673ms step_avg:171.71ms
step:861/2090 train_time:147935ms step_avg:171.82ms
step:862/2090 train_time:148196ms step_avg:171.92ms
step:863/2090 train_time:148456ms step_avg:172.02ms
step:864/2090 train_time:148718ms step_avg:172.13ms
step:865/2090 train_time:148976ms step_avg:172.23ms
step:866/2090 train_time:149240ms step_avg:172.33ms
step:867/2090 train_time:149502ms step_avg:172.44ms
step:868/2090 train_time:149766ms step_avg:172.54ms
step:869/2090 train_time:150031ms step_avg:172.65ms
step:870/2090 train_time:150294ms step_avg:172.75ms
step:871/2090 train_time:150555ms step_avg:172.85ms
step:872/2090 train_time:150816ms step_avg:172.95ms
step:873/2090 train_time:151080ms step_avg:173.06ms
step:874/2090 train_time:151339ms step_avg:173.16ms
step:875/2090 train_time:151602ms step_avg:173.26ms
step:876/2090 train_time:151866ms step_avg:173.36ms
step:877/2090 train_time:152125ms step_avg:173.46ms
step:878/2090 train_time:152403ms step_avg:173.58ms
step:879/2090 train_time:152660ms step_avg:173.68ms
step:880/2090 train_time:152922ms step_avg:173.77ms
step:881/2090 train_time:153182ms step_avg:173.87ms
step:882/2090 train_time:153447ms step_avg:173.98ms
step:883/2090 train_time:153706ms step_avg:174.07ms
step:884/2090 train_time:153969ms step_avg:174.17ms
step:885/2090 train_time:154230ms step_avg:174.27ms
step:886/2090 train_time:154494ms step_avg:174.37ms
step:887/2090 train_time:154755ms step_avg:174.47ms
step:888/2090 train_time:155018ms step_avg:174.57ms
step:889/2090 train_time:155277ms step_avg:174.66ms
step:890/2090 train_time:155538ms step_avg:174.76ms
step:891/2090 train_time:155797ms step_avg:174.86ms
step:892/2090 train_time:156062ms step_avg:174.96ms
step:893/2090 train_time:156325ms step_avg:175.06ms
step:894/2090 train_time:156588ms step_avg:175.15ms
step:895/2090 train_time:156852ms step_avg:175.25ms
step:896/2090 train_time:157121ms step_avg:175.36ms
step:897/2090 train_time:157384ms step_avg:175.46ms
step:898/2090 train_time:157643ms step_avg:175.55ms
step:899/2090 train_time:157899ms step_avg:175.64ms
step:900/2090 train_time:158164ms step_avg:175.74ms
step:901/2090 train_time:158612ms step_avg:176.04ms
step:902/2090 train_time:158700ms step_avg:175.94ms
step:903/2090 train_time:158959ms step_avg:176.03ms
step:904/2090 train_time:159218ms step_avg:176.13ms
step:905/2090 train_time:159484ms step_avg:176.23ms
step:906/2090 train_time:159747ms step_avg:176.32ms
step:907/2090 train_time:160008ms step_avg:176.41ms
step:908/2090 train_time:160270ms step_avg:176.51ms
step:909/2090 train_time:160533ms step_avg:176.60ms
step:910/2090 train_time:160796ms step_avg:176.70ms
step:911/2090 train_time:161058ms step_avg:176.79ms
step:912/2090 train_time:161325ms step_avg:176.89ms
step:913/2090 train_time:161588ms step_avg:176.99ms
step:914/2090 train_time:161853ms step_avg:177.08ms
step:915/2090 train_time:162112ms step_avg:177.17ms
step:916/2090 train_time:162371ms step_avg:177.26ms
step:917/2090 train_time:162628ms step_avg:177.35ms
step:918/2090 train_time:162893ms step_avg:177.44ms
step:919/2090 train_time:163152ms step_avg:177.53ms
step:920/2090 train_time:163420ms step_avg:177.63ms
step:921/2090 train_time:163678ms step_avg:177.72ms
step:922/2090 train_time:163948ms step_avg:177.82ms
step:923/2090 train_time:164216ms step_avg:177.92ms
step:924/2090 train_time:164478ms step_avg:178.01ms
step:925/2090 train_time:164740ms step_avg:178.10ms
step:926/2090 train_time:165002ms step_avg:178.19ms
step:927/2090 train_time:165262ms step_avg:178.28ms
step:928/2090 train_time:165517ms step_avg:178.36ms
step:929/2090 train_time:165783ms step_avg:178.45ms
step:930/2090 train_time:166044ms step_avg:178.54ms
step:931/2090 train_time:166305ms step_avg:178.63ms
step:932/2090 train_time:166572ms step_avg:178.73ms
step:933/2090 train_time:166834ms step_avg:178.81ms
step:934/2090 train_time:167095ms step_avg:178.90ms
step:935/2090 train_time:167356ms step_avg:178.99ms
step:936/2090 train_time:167618ms step_avg:179.08ms
step:937/2090 train_time:167880ms step_avg:179.17ms
step:938/2090 train_time:168144ms step_avg:179.26ms
step:939/2090 train_time:168403ms step_avg:179.34ms
step:940/2090 train_time:168669ms step_avg:179.44ms
step:941/2090 train_time:168927ms step_avg:179.52ms
step:942/2090 train_time:169188ms step_avg:179.60ms
step:943/2090 train_time:169449ms step_avg:179.69ms
step:944/2090 train_time:169713ms step_avg:179.78ms
step:945/2090 train_time:169970ms step_avg:179.86ms
step:946/2090 train_time:170237ms step_avg:179.95ms
step:947/2090 train_time:170499ms step_avg:180.04ms
step:948/2090 train_time:170758ms step_avg:180.12ms
step:949/2090 train_time:171022ms step_avg:180.21ms
step:950/2090 train_time:171282ms step_avg:180.30ms
step:951/2090 train_time:171740ms step_avg:180.59ms
step:952/2090 train_time:171823ms step_avg:180.49ms
step:953/2090 train_time:172079ms step_avg:180.57ms
step:954/2090 train_time:172342ms step_avg:180.65ms
step:955/2090 train_time:172602ms step_avg:180.74ms
step:956/2090 train_time:172886ms step_avg:180.84ms
step:957/2090 train_time:173141ms step_avg:180.92ms
step:958/2090 train_time:173419ms step_avg:181.02ms
step:959/2090 train_time:173668ms step_avg:181.09ms
step:960/2090 train_time:173934ms step_avg:181.18ms
step:961/2090 train_time:174187ms step_avg:181.26ms
step:962/2090 train_time:174456ms step_avg:181.35ms
step:963/2090 train_time:174714ms step_avg:181.43ms
step:964/2090 train_time:174972ms step_avg:181.51ms
step:965/2090 train_time:175232ms step_avg:181.59ms
step:966/2090 train_time:175496ms step_avg:181.67ms
step:967/2090 train_time:175758ms step_avg:181.76ms
step:968/2090 train_time:176022ms step_avg:181.84ms
step:969/2090 train_time:176285ms step_avg:181.92ms
step:970/2090 train_time:176548ms step_avg:182.01ms
step:971/2090 train_time:176810ms step_avg:182.09ms
step:972/2090 train_time:177075ms step_avg:182.18ms
step:973/2090 train_time:177340ms step_avg:182.26ms
step:974/2090 train_time:177601ms step_avg:182.34ms
step:975/2090 train_time:177862ms step_avg:182.42ms
step:976/2090 train_time:178125ms step_avg:182.50ms
step:977/2090 train_time:178389ms step_avg:182.59ms
step:978/2090 train_time:178650ms step_avg:182.67ms
step:979/2090 train_time:178915ms step_avg:182.75ms
step:980/2090 train_time:179186ms step_avg:182.84ms
step:981/2090 train_time:179436ms step_avg:182.91ms
step:982/2090 train_time:179707ms step_avg:183.00ms
step:983/2090 train_time:179961ms step_avg:183.07ms
step:984/2090 train_time:180225ms step_avg:183.16ms
step:985/2090 train_time:180488ms step_avg:183.24ms
step:986/2090 train_time:180754ms step_avg:183.32ms
step:987/2090 train_time:181017ms step_avg:183.40ms
step:988/2090 train_time:181278ms step_avg:183.48ms
step:989/2090 train_time:181543ms step_avg:183.56ms
step:990/2090 train_time:181807ms step_avg:183.64ms
step:991/2090 train_time:182077ms step_avg:183.73ms
step:992/2090 train_time:182346ms step_avg:183.82ms
step:993/2090 train_time:182609ms step_avg:183.90ms
step:994/2090 train_time:182873ms step_avg:183.98ms
step:995/2090 train_time:183138ms step_avg:184.06ms
step:996/2090 train_time:183408ms step_avg:184.14ms
step:997/2090 train_time:183674ms step_avg:184.23ms
step:998/2090 train_time:183939ms step_avg:184.31ms
step:999/2090 train_time:184202ms step_avg:184.39ms
step:1000/2090 train_time:184473ms step_avg:184.47ms
step:1000/2090 val_loss:3.7188 train_time:184637ms step_avg:184.64ms
step:1001/2090 train_time:185003ms step_avg:184.82ms
step:1002/2090 train_time:185120ms step_avg:184.75ms
step:1003/2090 train_time:185380ms step_avg:184.83ms
step:1004/2090 train_time:185627ms step_avg:184.89ms
step:1005/2090 train_time:185884ms step_avg:184.96ms
step:1006/2090 train_time:186150ms step_avg:185.04ms
step:1007/2090 train_time:186425ms step_avg:185.13ms
step:1008/2090 train_time:186683ms step_avg:185.20ms
step:1009/2090 train_time:186954ms step_avg:185.29ms
step:1010/2090 train_time:187212ms step_avg:185.36ms
step:1011/2090 train_time:187478ms step_avg:185.44ms
step:1012/2090 train_time:187746ms step_avg:185.52ms
step:1013/2090 train_time:188005ms step_avg:185.59ms
step:1014/2090 train_time:188270ms step_avg:185.67ms
step:1015/2090 train_time:188531ms step_avg:185.74ms
step:1016/2090 train_time:188796ms step_avg:185.82ms
step:1017/2090 train_time:189058ms step_avg:185.90ms
step:1018/2090 train_time:189330ms step_avg:185.98ms
step:1019/2090 train_time:189595ms step_avg:186.06ms
step:1020/2090 train_time:189862ms step_avg:186.14ms
step:1021/2090 train_time:190118ms step_avg:186.21ms
step:1022/2090 train_time:190385ms step_avg:186.29ms
step:1023/2090 train_time:190650ms step_avg:186.36ms
step:1024/2090 train_time:190912ms step_avg:186.44ms
step:1025/2090 train_time:191174ms step_avg:186.51ms
step:1026/2090 train_time:191440ms step_avg:186.59ms
step:1027/2090 train_time:191706ms step_avg:186.67ms
step:1028/2090 train_time:191971ms step_avg:186.74ms
step:1029/2090 train_time:192231ms step_avg:186.81ms
step:1030/2090 train_time:192500ms step_avg:186.89ms
step:1031/2090 train_time:192770ms step_avg:186.97ms
step:1032/2090 train_time:193030ms step_avg:187.04ms
step:1033/2090 train_time:193295ms step_avg:187.12ms
step:1034/2090 train_time:193561ms step_avg:187.20ms
step:1035/2090 train_time:193820ms step_avg:187.27ms
step:1036/2090 train_time:194090ms step_avg:187.35ms
step:1037/2090 train_time:194355ms step_avg:187.42ms
step:1038/2090 train_time:194616ms step_avg:187.49ms
step:1039/2090 train_time:194883ms step_avg:187.57ms
step:1040/2090 train_time:195146ms step_avg:187.64ms
step:1041/2090 train_time:195409ms step_avg:187.71ms
step:1042/2090 train_time:195693ms step_avg:187.81ms
step:1043/2090 train_time:195950ms step_avg:187.87ms
step:1044/2090 train_time:196218ms step_avg:187.95ms
step:1045/2090 train_time:196484ms step_avg:188.02ms
step:1046/2090 train_time:196731ms step_avg:188.08ms
step:1047/2090 train_time:196994ms step_avg:188.15ms
step:1048/2090 train_time:197255ms step_avg:188.22ms
step:1049/2090 train_time:197523ms step_avg:188.30ms
step:1050/2090 train_time:197785ms step_avg:188.37ms
step:1051/2090 train_time:198238ms step_avg:188.62ms
step:1052/2090 train_time:198330ms step_avg:188.53ms
step:1053/2090 train_time:198589ms step_avg:188.59ms
step:1054/2090 train_time:198857ms step_avg:188.67ms
step:1055/2090 train_time:199119ms step_avg:188.74ms
step:1056/2090 train_time:199385ms step_avg:188.81ms
step:1057/2090 train_time:199646ms step_avg:188.88ms
step:1058/2090 train_time:199911ms step_avg:188.95ms
step:1059/2090 train_time:200173ms step_avg:189.02ms
step:1060/2090 train_time:200444ms step_avg:189.10ms
step:1061/2090 train_time:200707ms step_avg:189.17ms
step:1062/2090 train_time:200973ms step_avg:189.24ms
step:1063/2090 train_time:201233ms step_avg:189.31ms
step:1064/2090 train_time:201501ms step_avg:189.38ms
step:1065/2090 train_time:201760ms step_avg:189.45ms
step:1066/2090 train_time:202022ms step_avg:189.51ms
step:1067/2090 train_time:202287ms step_avg:189.59ms
step:1068/2090 train_time:202552ms step_avg:189.66ms
step:1069/2090 train_time:202814ms step_avg:189.72ms
step:1070/2090 train_time:203095ms step_avg:189.81ms
step:1071/2090 train_time:203356ms step_avg:189.88ms
step:1072/2090 train_time:203625ms step_avg:189.95ms
step:1073/2090 train_time:203887ms step_avg:190.02ms
step:1074/2090 train_time:204148ms step_avg:190.08ms
step:1075/2090 train_time:204410ms step_avg:190.15ms
step:1076/2090 train_time:204674ms step_avg:190.22ms
step:1077/2090 train_time:204928ms step_avg:190.28ms
step:1078/2090 train_time:205191ms step_avg:190.34ms
step:1079/2090 train_time:205464ms step_avg:190.42ms
step:1080/2090 train_time:205726ms step_avg:190.49ms
step:1081/2090 train_time:205990ms step_avg:190.56ms
step:1082/2090 train_time:206255ms step_avg:190.62ms
step:1083/2090 train_time:206516ms step_avg:190.69ms
step:1084/2090 train_time:206780ms step_avg:190.76ms
step:1085/2090 train_time:207044ms step_avg:190.82ms
step:1086/2090 train_time:207307ms step_avg:190.89ms
step:1087/2090 train_time:207566ms step_avg:190.95ms
step:1088/2090 train_time:207834ms step_avg:191.02ms
step:1089/2090 train_time:208100ms step_avg:191.09ms
step:1090/2090 train_time:208363ms step_avg:191.16ms
step:1091/2090 train_time:208632ms step_avg:191.23ms
step:1092/2090 train_time:208899ms step_avg:191.30ms
step:1093/2090 train_time:209163ms step_avg:191.37ms
step:1094/2090 train_time:209427ms step_avg:191.43ms
step:1095/2090 train_time:209690ms step_avg:191.50ms
step:1096/2090 train_time:209953ms step_avg:191.56ms
step:1097/2090 train_time:210215ms step_avg:191.63ms
step:1098/2090 train_time:210480ms step_avg:191.69ms
step:1099/2090 train_time:210744ms step_avg:191.76ms
step:1100/2090 train_time:211009ms step_avg:191.83ms
step:1101/2090 train_time:211465ms step_avg:192.07ms
step:1102/2090 train_time:211549ms step_avg:191.97ms
step:1103/2090 train_time:211812ms step_avg:192.03ms
step:1104/2090 train_time:212075ms step_avg:192.10ms
step:1105/2090 train_time:212337ms step_avg:192.16ms
step:1106/2090 train_time:212603ms step_avg:192.23ms
step:1107/2090 train_time:212867ms step_avg:192.29ms
step:1108/2090 train_time:213130ms step_avg:192.36ms
step:1109/2090 train_time:213395ms step_avg:192.42ms
step:1110/2090 train_time:213660ms step_avg:192.49ms
step:1111/2090 train_time:213926ms step_avg:192.55ms
step:1112/2090 train_time:214190ms step_avg:192.62ms
step:1113/2090 train_time:214453ms step_avg:192.68ms
step:1114/2090 train_time:214718ms step_avg:192.75ms
step:1115/2090 train_time:214980ms step_avg:192.81ms
step:1116/2090 train_time:215245ms step_avg:192.87ms
step:1117/2090 train_time:215512ms step_avg:192.94ms
step:1118/2090 train_time:215785ms step_avg:193.01ms
step:1119/2090 train_time:216046ms step_avg:193.07ms
step:1120/2090 train_time:216312ms step_avg:193.14ms
step:1121/2090 train_time:216572ms step_avg:193.20ms
step:1122/2090 train_time:216838ms step_avg:193.26ms
step:1123/2090 train_time:217102ms step_avg:193.32ms
step:1124/2090 train_time:217368ms step_avg:193.39ms
step:1125/2090 train_time:217630ms step_avg:193.45ms
step:1126/2090 train_time:217895ms step_avg:193.51ms
step:1127/2090 train_time:218159ms step_avg:193.57ms
step:1128/2090 train_time:218422ms step_avg:193.64ms
step:1129/2090 train_time:218688ms step_avg:193.70ms
step:1130/2090 train_time:218954ms step_avg:193.76ms
step:1131/2090 train_time:219220ms step_avg:193.83ms
step:1132/2090 train_time:219485ms step_avg:193.89ms
step:1133/2090 train_time:219748ms step_avg:193.95ms
step:1134/2090 train_time:220011ms step_avg:194.01ms
step:1135/2090 train_time:220276ms step_avg:194.08ms
step:1136/2090 train_time:220539ms step_avg:194.14ms
step:1137/2090 train_time:220802ms step_avg:194.20ms
step:1138/2090 train_time:221065ms step_avg:194.26ms
step:1139/2090 train_time:221328ms step_avg:194.32ms
step:1140/2090 train_time:221592ms step_avg:194.38ms
step:1141/2090 train_time:221855ms step_avg:194.44ms
step:1142/2090 train_time:222119ms step_avg:194.50ms
step:1143/2090 train_time:222383ms step_avg:194.56ms
step:1144/2090 train_time:222651ms step_avg:194.63ms
step:1145/2090 train_time:222922ms step_avg:194.69ms
step:1146/2090 train_time:223190ms step_avg:194.76ms
step:1147/2090 train_time:223457ms step_avg:194.82ms
step:1148/2090 train_time:223716ms step_avg:194.87ms
step:1149/2090 train_time:223983ms step_avg:194.94ms
step:1150/2090 train_time:224245ms step_avg:195.00ms
step:1151/2090 train_time:224699ms step_avg:195.22ms
step:1152/2090 train_time:224788ms step_avg:195.13ms
step:1153/2090 train_time:225046ms step_avg:195.18ms
step:1154/2090 train_time:225317ms step_avg:195.25ms
step:1155/2090 train_time:225579ms step_avg:195.31ms
step:1156/2090 train_time:225846ms step_avg:195.37ms
step:1157/2090 train_time:226113ms step_avg:195.43ms
step:1158/2090 train_time:226383ms step_avg:195.49ms
step:1159/2090 train_time:226645ms step_avg:195.55ms
step:1160/2090 train_time:226907ms step_avg:195.61ms
step:1161/2090 train_time:227175ms step_avg:195.67ms
step:1162/2090 train_time:227437ms step_avg:195.73ms
step:1163/2090 train_time:227704ms step_avg:195.79ms
step:1164/2090 train_time:227967ms step_avg:195.85ms
step:1165/2090 train_time:228233ms step_avg:195.91ms
step:1166/2090 train_time:228497ms step_avg:195.97ms
step:1167/2090 train_time:228760ms step_avg:196.02ms
step:1168/2090 train_time:229023ms step_avg:196.08ms
step:1169/2090 train_time:229290ms step_avg:196.14ms
step:1170/2090 train_time:229555ms step_avg:196.20ms
step:1171/2090 train_time:229821ms step_avg:196.26ms
step:1172/2090 train_time:230085ms step_avg:196.32ms
step:1173/2090 train_time:230350ms step_avg:196.38ms
step:1174/2090 train_time:230614ms step_avg:196.43ms
step:1175/2090 train_time:230877ms step_avg:196.49ms
step:1176/2090 train_time:231143ms step_avg:196.55ms
step:1177/2090 train_time:231404ms step_avg:196.61ms
step:1178/2090 train_time:231672ms step_avg:196.67ms
step:1179/2090 train_time:231939ms step_avg:196.72ms
step:1180/2090 train_time:232202ms step_avg:196.78ms
step:1181/2090 train_time:232467ms step_avg:196.84ms
step:1182/2090 train_time:232730ms step_avg:196.89ms
step:1183/2090 train_time:232993ms step_avg:196.95ms
step:1184/2090 train_time:233260ms step_avg:197.01ms
step:1185/2090 train_time:233527ms step_avg:197.07ms
step:1186/2090 train_time:233789ms step_avg:197.12ms
step:1187/2090 train_time:234054ms step_avg:197.18ms
step:1188/2090 train_time:234322ms step_avg:197.24ms
step:1189/2090 train_time:234588ms step_avg:197.30ms
step:1190/2090 train_time:234852ms step_avg:197.35ms
step:1191/2090 train_time:235118ms step_avg:197.41ms
step:1192/2090 train_time:235384ms step_avg:197.47ms
step:1193/2090 train_time:235650ms step_avg:197.53ms
step:1194/2090 train_time:235911ms step_avg:197.58ms
step:1195/2090 train_time:236179ms step_avg:197.64ms
step:1196/2090 train_time:236443ms step_avg:197.70ms
step:1197/2090 train_time:236709ms step_avg:197.75ms
step:1198/2090 train_time:236972ms step_avg:197.81ms
step:1199/2090 train_time:237237ms step_avg:197.86ms
step:1200/2090 train_time:237502ms step_avg:197.92ms
step:1201/2090 train_time:237959ms step_avg:198.13ms
step:1202/2090 train_time:238045ms step_avg:198.04ms
step:1203/2090 train_time:238309ms step_avg:198.10ms
step:1204/2090 train_time:238572ms step_avg:198.15ms
step:1205/2090 train_time:238836ms step_avg:198.20ms
step:1206/2090 train_time:239101ms step_avg:198.26ms
step:1207/2090 train_time:239363ms step_avg:198.31ms
step:1208/2090 train_time:239629ms step_avg:198.37ms
step:1209/2090 train_time:239891ms step_avg:198.42ms
step:1210/2090 train_time:240155ms step_avg:198.48ms
step:1211/2090 train_time:240421ms step_avg:198.53ms
step:1212/2090 train_time:240687ms step_avg:198.59ms
step:1213/2090 train_time:240955ms step_avg:198.64ms
step:1214/2090 train_time:241218ms step_avg:198.70ms
step:1215/2090 train_time:241481ms step_avg:198.75ms
step:1216/2090 train_time:241747ms step_avg:198.80ms
step:1217/2090 train_time:242008ms step_avg:198.86ms
step:1218/2090 train_time:242275ms step_avg:198.91ms
step:1219/2090 train_time:242539ms step_avg:198.97ms
step:1220/2090 train_time:242803ms step_avg:199.02ms
step:1221/2090 train_time:243066ms step_avg:199.07ms
step:1222/2090 train_time:243333ms step_avg:199.13ms
step:1223/2090 train_time:243597ms step_avg:199.18ms
step:1224/2090 train_time:243863ms step_avg:199.23ms
step:1225/2090 train_time:244124ms step_avg:199.29ms
step:1226/2090 train_time:244389ms step_avg:199.34ms
step:1227/2090 train_time:244652ms step_avg:199.39ms
step:1228/2090 train_time:244916ms step_avg:199.44ms
step:1229/2090 train_time:245180ms step_avg:199.50ms
step:1230/2090 train_time:245445ms step_avg:199.55ms
step:1231/2090 train_time:245708ms step_avg:199.60ms
step:1232/2090 train_time:245974ms step_avg:199.65ms
step:1233/2090 train_time:246235ms step_avg:199.70ms
step:1234/2090 train_time:246508ms step_avg:199.76ms
step:1235/2090 train_time:246770ms step_avg:199.81ms
step:1236/2090 train_time:247034ms step_avg:199.87ms
step:1237/2090 train_time:247297ms step_avg:199.92ms
step:1238/2090 train_time:247564ms step_avg:199.97ms
step:1239/2090 train_time:247826ms step_avg:200.02ms
step:1240/2090 train_time:248089ms step_avg:200.07ms
step:1241/2090 train_time:248355ms step_avg:200.13ms
step:1242/2090 train_time:248621ms step_avg:200.18ms
step:1243/2090 train_time:248886ms step_avg:200.23ms
step:1244/2090 train_time:249151ms step_avg:200.28ms
step:1245/2090 train_time:249415ms step_avg:200.33ms
step:1246/2090 train_time:249681ms step_avg:200.39ms
step:1247/2090 train_time:249947ms step_avg:200.44ms
step:1248/2090 train_time:250210ms step_avg:200.49ms
step:1249/2090 train_time:250472ms step_avg:200.54ms
step:1250/2090 train_time:250738ms step_avg:200.59ms
step:1250/2090 val_loss:3.5781 train_time:250920ms step_avg:200.74ms
step:1251/2090 train_time:251273ms step_avg:200.86ms
step:1252/2090 train_time:251361ms step_avg:200.77ms
step:1253/2090 train_time:251622ms step_avg:200.82ms
step:1254/2090 train_time:251891ms step_avg:200.87ms
step:1255/2090 train_time:252151ms step_avg:200.92ms
step:1256/2090 train_time:252415ms step_avg:200.97ms
step:1257/2090 train_time:252678ms step_avg:201.02ms
step:1258/2090 train_time:252940ms step_avg:201.07ms
step:1259/2090 train_time:253205ms step_avg:201.12ms
step:1260/2090 train_time:253472ms step_avg:201.17ms
step:1261/2090 train_time:253734ms step_avg:201.22ms
step:1262/2090 train_time:254004ms step_avg:201.27ms
step:1263/2090 train_time:254264ms step_avg:201.32ms
step:1264/2090 train_time:254532ms step_avg:201.37ms
step:1265/2090 train_time:254793ms step_avg:201.42ms
step:1266/2090 train_time:255057ms step_avg:201.47ms
step:1267/2090 train_time:255322ms step_avg:201.52ms
step:1268/2090 train_time:255590ms step_avg:201.57ms
step:1269/2090 train_time:255857ms step_avg:201.62ms
step:1270/2090 train_time:256122ms step_avg:201.67ms
step:1271/2090 train_time:256387ms step_avg:201.72ms
step:1272/2090 train_time:256653ms step_avg:201.77ms
step:1273/2090 train_time:256917ms step_avg:201.82ms
step:1274/2090 train_time:257185ms step_avg:201.87ms
step:1275/2090 train_time:257451ms step_avg:201.92ms
step:1276/2090 train_time:257718ms step_avg:201.97ms
step:1277/2090 train_time:257983ms step_avg:202.02ms
step:1278/2090 train_time:258251ms step_avg:202.07ms
step:1279/2090 train_time:258513ms step_avg:202.12ms
step:1280/2090 train_time:258778ms step_avg:202.17ms
step:1281/2090 train_time:259039ms step_avg:202.22ms
step:1282/2090 train_time:259307ms step_avg:202.27ms
step:1283/2090 train_time:259572ms step_avg:202.32ms
step:1284/2090 train_time:259837ms step_avg:202.37ms
step:1285/2090 train_time:260102ms step_avg:202.41ms
step:1286/2090 train_time:260368ms step_avg:202.46ms
step:1287/2090 train_time:260627ms step_avg:202.51ms
step:1288/2090 train_time:260900ms step_avg:202.56ms
step:1289/2090 train_time:261158ms step_avg:202.61ms
step:1290/2090 train_time:261422ms step_avg:202.65ms
step:1291/2090 train_time:261687ms step_avg:202.70ms
step:1292/2090 train_time:261950ms step_avg:202.75ms
step:1293/2090 train_time:262211ms step_avg:202.79ms
step:1294/2090 train_time:262476ms step_avg:202.84ms
step:1295/2090 train_time:262742ms step_avg:202.89ms
step:1296/2090 train_time:263025ms step_avg:202.95ms
step:1297/2090 train_time:263284ms step_avg:202.99ms
step:1298/2090 train_time:263549ms step_avg:203.04ms
step:1299/2090 train_time:263813ms step_avg:203.09ms
step:1300/2090 train_time:264080ms step_avg:203.14ms
step:1301/2090 train_time:264521ms step_avg:203.32ms
step:1302/2090 train_time:264606ms step_avg:203.23ms
step:1303/2090 train_time:264868ms step_avg:203.28ms
step:1304/2090 train_time:265134ms step_avg:203.32ms
step:1305/2090 train_time:265396ms step_avg:203.37ms
step:1306/2090 train_time:265660ms step_avg:203.42ms
step:1307/2090 train_time:265925ms step_avg:203.46ms
step:1308/2090 train_time:266191ms step_avg:203.51ms
step:1309/2090 train_time:266456ms step_avg:203.56ms
step:1310/2090 train_time:266719ms step_avg:203.60ms
step:1311/2090 train_time:266981ms step_avg:203.65ms
step:1312/2090 train_time:267251ms step_avg:203.70ms
step:1313/2090 train_time:267514ms step_avg:203.74ms
step:1314/2090 train_time:267781ms step_avg:203.79ms
step:1315/2090 train_time:268044ms step_avg:203.84ms
step:1316/2090 train_time:268308ms step_avg:203.88ms
step:1317/2090 train_time:268573ms step_avg:203.93ms
step:1318/2090 train_time:268840ms step_avg:203.98ms
step:1319/2090 train_time:269105ms step_avg:204.02ms
step:1320/2090 train_time:269372ms step_avg:204.07ms
step:1321/2090 train_time:269637ms step_avg:204.12ms
step:1322/2090 train_time:269902ms step_avg:204.16ms
step:1323/2090 train_time:270174ms step_avg:204.21ms
step:1324/2090 train_time:270431ms step_avg:204.25ms
step:1325/2090 train_time:270696ms step_avg:204.30ms
step:1326/2090 train_time:270963ms step_avg:204.35ms
step:1327/2090 train_time:271228ms step_avg:204.39ms
step:1328/2090 train_time:271492ms step_avg:204.44ms
step:1329/2090 train_time:271759ms step_avg:204.48ms
step:1330/2090 train_time:272025ms step_avg:204.53ms
step:1331/2090 train_time:272287ms step_avg:204.57ms
step:1332/2090 train_time:272551ms step_avg:204.62ms
step:1333/2090 train_time:272817ms step_avg:204.66ms
step:1334/2090 train_time:273084ms step_avg:204.71ms
step:1335/2090 train_time:273349ms step_avg:204.76ms
step:1336/2090 train_time:273611ms step_avg:204.80ms
step:1337/2090 train_time:273874ms step_avg:204.84ms
step:1338/2090 train_time:274151ms step_avg:204.90ms
step:1339/2090 train_time:274412ms step_avg:204.94ms
step:1340/2090 train_time:274678ms step_avg:204.98ms
step:1341/2090 train_time:274929ms step_avg:205.02ms
step:1342/2090 train_time:275212ms step_avg:205.08ms
step:1343/2090 train_time:275474ms step_avg:205.12ms
step:1344/2090 train_time:275721ms step_avg:205.15ms
step:1345/2090 train_time:275985ms step_avg:205.19ms
step:1346/2090 train_time:276249ms step_avg:205.24ms
step:1347/2090 train_time:276518ms step_avg:205.28ms
step:1348/2090 train_time:276784ms step_avg:205.33ms
step:1349/2090 train_time:277048ms step_avg:205.37ms
step:1350/2090 train_time:277317ms step_avg:205.42ms
step:1351/2090 train_time:277773ms step_avg:205.61ms
step:1352/2090 train_time:277862ms step_avg:205.52ms
step:1353/2090 train_time:278122ms step_avg:205.56ms
step:1354/2090 train_time:278388ms step_avg:205.60ms
step:1355/2090 train_time:278650ms step_avg:205.65ms
step:1356/2090 train_time:278915ms step_avg:205.69ms
step:1357/2090 train_time:279180ms step_avg:205.73ms
step:1358/2090 train_time:279445ms step_avg:205.78ms
step:1359/2090 train_time:279709ms step_avg:205.82ms
step:1360/2090 train_time:279977ms step_avg:205.87ms
step:1361/2090 train_time:280239ms step_avg:205.91ms
step:1362/2090 train_time:280501ms step_avg:205.95ms
step:1363/2090 train_time:280768ms step_avg:205.99ms
step:1364/2090 train_time:281032ms step_avg:206.04ms
step:1365/2090 train_time:281302ms step_avg:206.08ms
step:1366/2090 train_time:281562ms step_avg:206.12ms
step:1367/2090 train_time:281823ms step_avg:206.16ms
step:1368/2090 train_time:282196ms step_avg:206.28ms
step:1369/2090 train_time:282552ms step_avg:206.39ms
step:1370/2090 train_time:282941ms step_avg:206.53ms
step:1371/2090 train_time:283325ms step_avg:206.66ms
step:1372/2090 train_time:283715ms step_avg:206.79ms
step:1373/2090 train_time:284104ms step_avg:206.92ms
step:1374/2090 train_time:284493ms step_avg:207.05ms
step:1375/2090 train_time:284881ms step_avg:207.19ms
step:1376/2090 train_time:285267ms step_avg:207.32ms
step:1377/2090 train_time:285652ms step_avg:207.45ms
step:1378/2090 train_time:286043ms step_avg:207.58ms
step:1379/2090 train_time:286430ms step_avg:207.71ms
step:1380/2090 train_time:286819ms step_avg:207.84ms
step:1381/2090 train_time:287203ms step_avg:207.97ms
step:1382/2090 train_time:287598ms step_avg:208.10ms
step:1383/2090 train_time:287980ms step_avg:208.23ms
step:1384/2090 train_time:288367ms step_avg:208.36ms
step:1385/2090 train_time:288750ms step_avg:208.48ms
step:1386/2090 train_time:289139ms step_avg:208.61ms
step:1387/2090 train_time:289526ms step_avg:208.74ms
step:1388/2090 train_time:289914ms step_avg:208.87ms
step:1389/2090 train_time:290302ms step_avg:209.00ms
step:1390/2090 train_time:290689ms step_avg:209.13ms
step:1391/2090 train_time:291079ms step_avg:209.26ms
step:1392/2090 train_time:291465ms step_avg:209.39ms
step:1393/2090 train_time:291846ms step_avg:209.51ms
step:1394/2090 train_time:292239ms step_avg:209.64ms
step:1395/2090 train_time:292628ms step_avg:209.77ms
step:1396/2090 train_time:293017ms step_avg:209.90ms
step:1397/2090 train_time:293404ms step_avg:210.02ms
step:1398/2090 train_time:293789ms step_avg:210.15ms
step:1399/2090 train_time:294173ms step_avg:210.27ms
step:1400/2090 train_time:294567ms step_avg:210.40ms
step:1401/2090 train_time:295253ms step_avg:210.74ms
step:1402/2090 train_time:295355ms step_avg:210.67ms
step:1403/2090 train_time:295740ms step_avg:210.79ms
step:1404/2090 train_time:296127ms step_avg:210.92ms
step:1405/2090 train_time:296514ms step_avg:211.04ms
step:1406/2090 train_time:296899ms step_avg:211.17ms
step:1407/2090 train_time:297290ms step_avg:211.29ms
step:1408/2090 train_time:297674ms step_avg:211.42ms
step:1409/2090 train_time:298065ms step_avg:211.54ms
step:1410/2090 train_time:298454ms step_avg:211.67ms
step:1411/2090 train_time:298839ms step_avg:211.79ms
step:1412/2090 train_time:299228ms step_avg:211.92ms
step:1413/2090 train_time:299614ms step_avg:212.04ms
step:1414/2090 train_time:300008ms step_avg:212.17ms
step:1415/2090 train_time:300393ms step_avg:212.29ms
step:1416/2090 train_time:300782ms step_avg:212.42ms
step:1417/2090 train_time:301172ms step_avg:212.54ms
step:1418/2090 train_time:301563ms step_avg:212.67ms
step:1419/2090 train_time:301949ms step_avg:212.79ms
step:1420/2090 train_time:302338ms step_avg:212.91ms
step:1421/2090 train_time:302726ms step_avg:213.04ms
step:1422/2090 train_time:303113ms step_avg:213.16ms
step:1423/2090 train_time:303500ms step_avg:213.28ms
step:1424/2090 train_time:303891ms step_avg:213.41ms
step:1425/2090 train_time:304276ms step_avg:213.53ms
step:1426/2090 train_time:304658ms step_avg:213.65ms
step:1427/2090 train_time:305054ms step_avg:213.77ms
step:1428/2090 train_time:305439ms step_avg:213.89ms
step:1429/2090 train_time:305829ms step_avg:214.02ms
step:1430/2090 train_time:306218ms step_avg:214.14ms
step:1431/2090 train_time:306606ms step_avg:214.26ms
step:1432/2090 train_time:306991ms step_avg:214.38ms
step:1433/2090 train_time:307384ms step_avg:214.50ms
step:1434/2090 train_time:307773ms step_avg:214.63ms
step:1435/2090 train_time:308171ms step_avg:214.75ms
step:1436/2090 train_time:308561ms step_avg:214.88ms
step:1437/2090 train_time:308933ms step_avg:214.98ms
step:1438/2090 train_time:309322ms step_avg:215.11ms
step:1439/2090 train_time:309720ms step_avg:215.23ms
step:1440/2090 train_time:310104ms step_avg:215.35ms
step:1441/2090 train_time:310492ms step_avg:215.47ms
step:1442/2090 train_time:310882ms step_avg:215.59ms
step:1443/2090 train_time:311282ms step_avg:215.72ms
step:1444/2090 train_time:311656ms step_avg:215.83ms
step:1445/2090 train_time:312043ms step_avg:215.95ms
step:1446/2090 train_time:312433ms step_avg:216.07ms
step:1447/2090 train_time:312824ms step_avg:216.19ms
step:1448/2090 train_time:313212ms step_avg:216.31ms
step:1449/2090 train_time:313604ms step_avg:216.43ms
step:1450/2090 train_time:313993ms step_avg:216.55ms
step:1451/2090 train_time:314681ms step_avg:216.87ms
step:1452/2090 train_time:314783ms step_avg:216.79ms
step:1453/2090 train_time:315168ms step_avg:216.91ms
step:1454/2090 train_time:315557ms step_avg:217.03ms
step:1455/2090 train_time:315946ms step_avg:217.14ms
step:1456/2090 train_time:316332ms step_avg:217.26ms
step:1457/2090 train_time:316719ms step_avg:217.38ms
step:1458/2090 train_time:317103ms step_avg:217.49ms
step:1459/2090 train_time:317491ms step_avg:217.61ms
step:1460/2090 train_time:317881ms step_avg:217.73ms
step:1461/2090 train_time:318269ms step_avg:217.84ms
step:1462/2090 train_time:318655ms step_avg:217.96ms
step:1463/2090 train_time:319039ms step_avg:218.07ms
step:1464/2090 train_time:319429ms step_avg:218.19ms
step:1465/2090 train_time:319819ms step_avg:218.31ms
step:1466/2090 train_time:320206ms step_avg:218.42ms
step:1467/2090 train_time:320595ms step_avg:218.54ms
step:1468/2090 train_time:320982ms step_avg:218.65ms
step:1469/2090 train_time:321370ms step_avg:218.77ms
step:1470/2090 train_time:321763ms step_avg:218.89ms
step:1471/2090 train_time:322148ms step_avg:219.00ms
step:1472/2090 train_time:322542ms step_avg:219.12ms
step:1473/2090 train_time:322934ms step_avg:219.24ms
step:1474/2090 train_time:323323ms step_avg:219.35ms
step:1475/2090 train_time:323711ms step_avg:219.47ms
step:1476/2090 train_time:324101ms step_avg:219.58ms
step:1477/2090 train_time:324489ms step_avg:219.69ms
step:1478/2090 train_time:324875ms step_avg:219.81ms
step:1479/2090 train_time:325254ms step_avg:219.91ms
step:1480/2090 train_time:325638ms step_avg:220.03ms
step:1481/2090 train_time:326023ms step_avg:220.14ms
step:1482/2090 train_time:326410ms step_avg:220.25ms
step:1483/2090 train_time:326796ms step_avg:220.36ms
step:1484/2090 train_time:327182ms step_avg:220.47ms
step:1485/2090 train_time:327572ms step_avg:220.59ms
step:1486/2090 train_time:327955ms step_avg:220.70ms
step:1487/2090 train_time:328344ms step_avg:220.81ms
step:1488/2090 train_time:328729ms step_avg:220.92ms
step:1489/2090 train_time:329114ms step_avg:221.03ms
step:1490/2090 train_time:329500ms step_avg:221.14ms
step:1491/2090 train_time:329886ms step_avg:221.25ms
step:1492/2090 train_time:330275ms step_avg:221.36ms
step:1493/2090 train_time:330660ms step_avg:221.47ms
step:1494/2090 train_time:331059ms step_avg:221.59ms
step:1495/2090 train_time:331435ms step_avg:221.70ms
step:1496/2090 train_time:331822ms step_avg:221.81ms
step:1497/2090 train_time:332207ms step_avg:221.91ms
step:1498/2090 train_time:332599ms step_avg:222.03ms
step:1499/2090 train_time:332987ms step_avg:222.14ms
step:1500/2090 train_time:333378ms step_avg:222.25ms
step:1500/2090 val_loss:3.4688 train_time:333665ms step_avg:222.44ms
step:1501/2090 train_time:334180ms step_avg:222.64ms
step:1502/2090 train_time:334285ms step_avg:222.56ms
step:1503/2090 train_time:334668ms step_avg:222.67ms
step:1504/2090 train_time:335057ms step_avg:222.78ms
step:1505/2090 train_time:335439ms step_avg:222.88ms
step:1506/2090 train_time:335832ms step_avg:223.00ms
step:1507/2090 train_time:336217ms step_avg:223.10ms
step:1508/2090 train_time:336609ms step_avg:223.22ms
step:1509/2090 train_time:336994ms step_avg:223.32ms
step:1510/2090 train_time:337384ms step_avg:223.43ms
step:1511/2090 train_time:337770ms step_avg:223.54ms
step:1512/2090 train_time:338161ms step_avg:223.65ms
step:1513/2090 train_time:338546ms step_avg:223.76ms
step:1514/2090 train_time:338932ms step_avg:223.87ms
step:1515/2090 train_time:339319ms step_avg:223.97ms
step:1516/2090 train_time:339714ms step_avg:224.09ms
step:1517/2090 train_time:340103ms step_avg:224.19ms
step:1518/2090 train_time:340488ms step_avg:224.30ms
step:1519/2090 train_time:340877ms step_avg:224.41ms
step:1520/2090 train_time:341270ms step_avg:224.52ms
step:1521/2090 train_time:341657ms step_avg:224.63ms
step:1522/2090 train_time:342043ms step_avg:224.73ms
step:1523/2090 train_time:342433ms step_avg:224.84ms
step:1524/2090 train_time:342821ms step_avg:224.95ms
step:1525/2090 train_time:343207ms step_avg:225.05ms
step:1526/2090 train_time:343592ms step_avg:225.16ms
step:1527/2090 train_time:343976ms step_avg:225.26ms
step:1528/2090 train_time:344370ms step_avg:225.37ms
step:1529/2090 train_time:344757ms step_avg:225.48ms
step:1530/2090 train_time:345150ms step_avg:225.59ms
step:1531/2090 train_time:345528ms step_avg:225.69ms
step:1532/2090 train_time:345916ms step_avg:225.79ms
step:1533/2090 train_time:346303ms step_avg:225.90ms
step:1534/2090 train_time:346692ms step_avg:226.00ms
step:1535/2090 train_time:347080ms step_avg:226.11ms
step:1536/2090 train_time:347468ms step_avg:226.22ms
step:1537/2090 train_time:347856ms step_avg:226.32ms
step:1538/2090 train_time:348246ms step_avg:226.43ms
step:1539/2090 train_time:348629ms step_avg:226.53ms
step:1540/2090 train_time:349016ms step_avg:226.63ms
step:1541/2090 train_time:349403ms step_avg:226.74ms
step:1542/2090 train_time:349788ms step_avg:226.84ms
step:1543/2090 train_time:350174ms step_avg:226.94ms
step:1544/2090 train_time:350561ms step_avg:227.05ms
step:1545/2090 train_time:350943ms step_avg:227.15ms
step:1546/2090 train_time:351335ms step_avg:227.25ms
step:1547/2090 train_time:351723ms step_avg:227.36ms
step:1548/2090 train_time:352111ms step_avg:227.46ms
step:1549/2090 train_time:352498ms step_avg:227.56ms
step:1550/2090 train_time:352890ms step_avg:227.67ms
step:1551/2090 train_time:353578ms step_avg:227.97ms
step:1552/2090 train_time:353679ms step_avg:227.89ms
step:1553/2090 train_time:354063ms step_avg:227.99ms
step:1554/2090 train_time:354448ms step_avg:228.09ms
step:1555/2090 train_time:354838ms step_avg:228.19ms
step:1556/2090 train_time:355227ms step_avg:228.29ms
step:1557/2090 train_time:355614ms step_avg:228.40ms
step:1558/2090 train_time:356002ms step_avg:228.50ms
step:1559/2090 train_time:356390ms step_avg:228.60ms
step:1560/2090 train_time:356775ms step_avg:228.70ms
step:1561/2090 train_time:357160ms step_avg:228.80ms
step:1562/2090 train_time:357547ms step_avg:228.90ms
step:1563/2090 train_time:357928ms step_avg:229.00ms
step:1564/2090 train_time:358318ms step_avg:229.10ms
step:1565/2090 train_time:358709ms step_avg:229.21ms
step:1566/2090 train_time:359097ms step_avg:229.31ms
step:1567/2090 train_time:359481ms step_avg:229.41ms
step:1568/2090 train_time:359873ms step_avg:229.51ms
step:1569/2090 train_time:360259ms step_avg:229.61ms
step:1570/2090 train_time:360646ms step_avg:229.71ms
step:1571/2090 train_time:361035ms step_avg:229.81ms
step:1572/2090 train_time:361421ms step_avg:229.91ms
step:1573/2090 train_time:361807ms step_avg:230.01ms
step:1574/2090 train_time:362196ms step_avg:230.11ms
step:1575/2090 train_time:362582ms step_avg:230.21ms
step:1576/2090 train_time:362970ms step_avg:230.31ms
step:1577/2090 train_time:363359ms step_avg:230.41ms
step:1578/2090 train_time:363750ms step_avg:230.51ms
step:1579/2090 train_time:364151ms step_avg:230.62ms
step:1580/2090 train_time:364538ms step_avg:230.72ms
step:1581/2090 train_time:364923ms step_avg:230.82ms
step:1582/2090 train_time:365310ms step_avg:230.92ms
step:1583/2090 train_time:365682ms step_avg:231.01ms
step:1584/2090 train_time:366066ms step_avg:231.10ms
step:1585/2090 train_time:366455ms step_avg:231.20ms
step:1586/2090 train_time:366847ms step_avg:231.30ms
step:1587/2090 train_time:367229ms step_avg:231.40ms
step:1588/2090 train_time:367618ms step_avg:231.50ms
step:1589/2090 train_time:368004ms step_avg:231.59ms
step:1590/2090 train_time:368389ms step_avg:231.69ms
step:1591/2090 train_time:368772ms step_avg:231.79ms
step:1592/2090 train_time:369164ms step_avg:231.89ms
step:1593/2090 train_time:369549ms step_avg:231.98ms
step:1594/2090 train_time:369951ms step_avg:232.09ms
step:1595/2090 train_time:370335ms step_avg:232.18ms
step:1596/2090 train_time:370707ms step_avg:232.27ms
step:1597/2090 train_time:371095ms step_avg:232.37ms
step:1598/2090 train_time:371480ms step_avg:232.47ms
step:1599/2090 train_time:371866ms step_avg:232.56ms
step:1600/2090 train_time:372256ms step_avg:232.66ms
step:1601/2090 train_time:372940ms step_avg:232.94ms
step:1602/2090 train_time:373049ms step_avg:232.86ms
step:1603/2090 train_time:373424ms step_avg:232.95ms
step:1604/2090 train_time:373814ms step_avg:233.05ms
step:1605/2090 train_time:374201ms step_avg:233.15ms
step:1606/2090 train_time:374589ms step_avg:233.24ms
step:1607/2090 train_time:374979ms step_avg:233.34ms
step:1608/2090 train_time:375371ms step_avg:233.44ms
step:1609/2090 train_time:375760ms step_avg:233.54ms
step:1610/2090 train_time:376149ms step_avg:233.63ms
step:1611/2090 train_time:376535ms step_avg:233.73ms
step:1612/2090 train_time:376923ms step_avg:233.82ms
step:1613/2090 train_time:377311ms step_avg:233.92ms
step:1614/2090 train_time:377694ms step_avg:234.01ms
step:1615/2090 train_time:378080ms step_avg:234.11ms
step:1616/2090 train_time:378465ms step_avg:234.20ms
step:1617/2090 train_time:378853ms step_avg:234.29ms
step:1618/2090 train_time:379240ms step_avg:234.39ms
step:1619/2090 train_time:379627ms step_avg:234.48ms
step:1620/2090 train_time:380014ms step_avg:234.58ms
step:1621/2090 train_time:380400ms step_avg:234.67ms
step:1622/2090 train_time:380789ms step_avg:234.77ms
step:1623/2090 train_time:381176ms step_avg:234.86ms
step:1624/2090 train_time:381564ms step_avg:234.95ms
step:1625/2090 train_time:381955ms step_avg:235.05ms
step:1626/2090 train_time:382354ms step_avg:235.15ms
step:1627/2090 train_time:382730ms step_avg:235.24ms
step:1628/2090 train_time:383122ms step_avg:235.33ms
step:1629/2090 train_time:383505ms step_avg:235.42ms
step:1630/2090 train_time:383894ms step_avg:235.52ms
step:1631/2090 train_time:384276ms step_avg:235.61ms
step:1632/2090 train_time:384667ms step_avg:235.70ms
step:1633/2090 train_time:385053ms step_avg:235.79ms
step:1634/2090 train_time:385443ms step_avg:235.89ms
step:1635/2090 train_time:385832ms step_avg:235.98ms
step:1636/2090 train_time:386221ms step_avg:236.08ms
step:1637/2090 train_time:386609ms step_avg:236.17ms
step:1638/2090 train_time:386994ms step_avg:236.26ms
step:1639/2090 train_time:387379ms step_avg:236.35ms
step:1640/2090 train_time:387764ms step_avg:236.44ms
step:1641/2090 train_time:388154ms step_avg:236.53ms
step:1642/2090 train_time:388545ms step_avg:236.63ms
step:1643/2090 train_time:388927ms step_avg:236.72ms
step:1644/2090 train_time:389320ms step_avg:236.81ms
step:1645/2090 train_time:389704ms step_avg:236.90ms
step:1646/2090 train_time:390092ms step_avg:236.99ms
step:1647/2090 train_time:390478ms step_avg:237.08ms
step:1648/2090 train_time:390868ms step_avg:237.18ms
step:1649/2090 train_time:391258ms step_avg:237.27ms
step:1650/2090 train_time:391647ms step_avg:237.36ms
step:1651/2090 train_time:392330ms step_avg:237.63ms
step:1652/2090 train_time:392433ms step_avg:237.55ms
step:1653/2090 train_time:392816ms step_avg:237.64ms
step:1654/2090 train_time:393206ms step_avg:237.73ms
step:1655/2090 train_time:393594ms step_avg:237.82ms
step:1656/2090 train_time:393987ms step_avg:237.92ms
step:1657/2090 train_time:394371ms step_avg:238.00ms
step:1658/2090 train_time:394755ms step_avg:238.09ms
step:1659/2090 train_time:395142ms step_avg:238.18ms
step:1660/2090 train_time:395527ms step_avg:238.27ms
step:1661/2090 train_time:395913ms step_avg:238.36ms
step:1662/2090 train_time:396304ms step_avg:238.45ms
step:1663/2090 train_time:396692ms step_avg:238.54ms
step:1664/2090 train_time:397080ms step_avg:238.63ms
step:1665/2090 train_time:397466ms step_avg:238.72ms
step:1666/2090 train_time:397852ms step_avg:238.81ms
step:1667/2090 train_time:398238ms step_avg:238.90ms
step:1668/2090 train_time:398627ms step_avg:238.98ms
step:1669/2090 train_time:399014ms step_avg:239.07ms
step:1670/2090 train_time:399406ms step_avg:239.17ms
step:1671/2090 train_time:399789ms step_avg:239.25ms
step:1672/2090 train_time:400174ms step_avg:239.34ms
step:1673/2090 train_time:400560ms step_avg:239.43ms
step:1674/2090 train_time:400946ms step_avg:239.51ms
step:1675/2090 train_time:401334ms step_avg:239.60ms
step:1676/2090 train_time:401723ms step_avg:239.69ms
step:1677/2090 train_time:402111ms step_avg:239.78ms
step:1678/2090 train_time:402502ms step_avg:239.87ms
step:1679/2090 train_time:402887ms step_avg:239.96ms
step:1680/2090 train_time:403275ms step_avg:240.04ms
step:1681/2090 train_time:403659ms step_avg:240.13ms
step:1682/2090 train_time:404049ms step_avg:240.22ms
step:1683/2090 train_time:404439ms step_avg:240.31ms
step:1684/2090 train_time:404825ms step_avg:240.39ms
step:1685/2090 train_time:405208ms step_avg:240.48ms
step:1686/2090 train_time:405594ms step_avg:240.57ms
step:1687/2090 train_time:405989ms step_avg:240.66ms
step:1688/2090 train_time:406370ms step_avg:240.74ms
step:1689/2090 train_time:406762ms step_avg:240.83ms
step:1690/2090 train_time:407150ms step_avg:240.92ms
step:1691/2090 train_time:407533ms step_avg:241.00ms
step:1692/2090 train_time:407918ms step_avg:241.09ms
step:1693/2090 train_time:408309ms step_avg:241.17ms
step:1694/2090 train_time:408702ms step_avg:241.26ms
step:1695/2090 train_time:409092ms step_avg:241.35ms
step:1696/2090 train_time:409480ms step_avg:241.44ms
step:1697/2090 train_time:409862ms step_avg:241.52ms
step:1698/2090 train_time:410253ms step_avg:241.61ms
step:1699/2090 train_time:410631ms step_avg:241.69ms
step:1700/2090 train_time:411023ms step_avg:241.78ms
step:1701/2090 train_time:411713ms step_avg:242.04ms
step:1702/2090 train_time:411813ms step_avg:241.96ms
step:1703/2090 train_time:412201ms step_avg:242.04ms
step:1704/2090 train_time:412587ms step_avg:242.13ms
step:1705/2090 train_time:412977ms step_avg:242.22ms
step:1706/2090 train_time:413365ms step_avg:242.30ms
step:1707/2090 train_time:413753ms step_avg:242.39ms
step:1708/2090 train_time:414147ms step_avg:242.47ms
step:1709/2090 train_time:414525ms step_avg:242.55ms
step:1710/2090 train_time:414913ms step_avg:242.64ms
step:1711/2090 train_time:415295ms step_avg:242.72ms
step:1712/2090 train_time:415683ms step_avg:242.81ms
step:1713/2090 train_time:416076ms step_avg:242.89ms
step:1714/2090 train_time:416465ms step_avg:242.98ms
step:1715/2090 train_time:416850ms step_avg:243.06ms
step:1716/2090 train_time:417242ms step_avg:243.15ms
step:1717/2090 train_time:417633ms step_avg:243.23ms
step:1718/2090 train_time:418021ms step_avg:243.32ms
step:1719/2090 train_time:418408ms step_avg:243.40ms
step:1720/2090 train_time:418795ms step_avg:243.49ms
step:1721/2090 train_time:419186ms step_avg:243.57ms
step:1722/2090 train_time:419581ms step_avg:243.66ms
step:1723/2090 train_time:419968ms step_avg:243.74ms
step:1724/2090 train_time:420356ms step_avg:243.83ms
step:1725/2090 train_time:420740ms step_avg:243.91ms
step:1726/2090 train_time:421130ms step_avg:243.99ms
step:1727/2090 train_time:421519ms step_avg:244.08ms
step:1728/2090 train_time:421906ms step_avg:244.16ms
step:1729/2090 train_time:422289ms step_avg:244.24ms
step:1730/2090 train_time:422680ms step_avg:244.32ms
step:1731/2090 train_time:423065ms step_avg:244.40ms
step:1732/2090 train_time:423453ms step_avg:244.49ms
step:1733/2090 train_time:423838ms step_avg:244.57ms
step:1734/2090 train_time:424231ms step_avg:244.65ms
step:1735/2090 train_time:424614ms step_avg:244.73ms
step:1736/2090 train_time:425000ms step_avg:244.82ms
step:1737/2090 train_time:425388ms step_avg:244.90ms
step:1738/2090 train_time:425778ms step_avg:244.98ms
step:1739/2090 train_time:426165ms step_avg:245.06ms
step:1740/2090 train_time:426556ms step_avg:245.15ms
step:1741/2090 train_time:426938ms step_avg:245.23ms
step:1742/2090 train_time:427327ms step_avg:245.31ms
step:1743/2090 train_time:427712ms step_avg:245.39ms
step:1744/2090 train_time:428119ms step_avg:245.48ms
step:1745/2090 train_time:428488ms step_avg:245.55ms
step:1746/2090 train_time:428877ms step_avg:245.63ms
step:1747/2090 train_time:429262ms step_avg:245.71ms
step:1748/2090 train_time:429650ms step_avg:245.80ms
step:1749/2090 train_time:430038ms step_avg:245.88ms
step:1750/2090 train_time:430426ms step_avg:245.96ms
step:1750/2090 val_loss:3.3750 train_time:430719ms step_avg:246.13ms
step:1751/2090 train_time:431230ms step_avg:246.28ms
step:1752/2090 train_time:431335ms step_avg:246.20ms
step:1753/2090 train_time:431718ms step_avg:246.27ms
step:1754/2090 train_time:432107ms step_avg:246.36ms
step:1755/2090 train_time:432490ms step_avg:246.43ms
step:1756/2090 train_time:432876ms step_avg:246.51ms
step:1757/2090 train_time:433266ms step_avg:246.59ms
step:1758/2090 train_time:433655ms step_avg:246.68ms
step:1759/2090 train_time:434039ms step_avg:246.75ms
step:1760/2090 train_time:434428ms step_avg:246.83ms
step:1761/2090 train_time:434816ms step_avg:246.91ms
step:1762/2090 train_time:435203ms step_avg:246.99ms
step:1763/2090 train_time:435591ms step_avg:247.07ms
step:1764/2090 train_time:435984ms step_avg:247.16ms
step:1765/2090 train_time:436370ms step_avg:247.24ms
step:1766/2090 train_time:436757ms step_avg:247.31ms
step:1767/2090 train_time:437148ms step_avg:247.40ms
step:1768/2090 train_time:437533ms step_avg:247.47ms
step:1769/2090 train_time:437923ms step_avg:247.55ms
step:1770/2090 train_time:438309ms step_avg:247.63ms
step:1771/2090 train_time:438697ms step_avg:247.71ms
step:1772/2090 train_time:439084ms step_avg:247.79ms
step:1773/2090 train_time:439473ms step_avg:247.87ms
step:1774/2090 train_time:439858ms step_avg:247.95ms
step:1775/2090 train_time:440244ms step_avg:248.02ms
step:1776/2090 train_time:440631ms step_avg:248.10ms
step:1777/2090 train_time:441016ms step_avg:248.18ms
step:1778/2090 train_time:441409ms step_avg:248.26ms
step:1779/2090 train_time:441791ms step_avg:248.34ms
step:1780/2090 train_time:442183ms step_avg:248.42ms
step:1781/2090 train_time:442569ms step_avg:248.49ms
step:1782/2090 train_time:442957ms step_avg:248.57ms
step:1783/2090 train_time:443342ms step_avg:248.65ms
step:1784/2090 train_time:443727ms step_avg:248.73ms
step:1785/2090 train_time:444117ms step_avg:248.81ms
step:1786/2090 train_time:444503ms step_avg:248.88ms
step:1787/2090 train_time:444887ms step_avg:248.96ms
step:1788/2090 train_time:445277ms step_avg:249.04ms
step:1789/2090 train_time:445665ms step_avg:249.11ms
step:1790/2090 train_time:446054ms step_avg:249.19ms
step:1791/2090 train_time:446444ms step_avg:249.27ms
step:1792/2090 train_time:446831ms step_avg:249.35ms
step:1793/2090 train_time:447216ms step_avg:249.42ms
step:1794/2090 train_time:447607ms step_avg:249.50ms
step:1795/2090 train_time:447987ms step_avg:249.57ms
step:1796/2090 train_time:448374ms step_avg:249.65ms
step:1797/2090 train_time:448762ms step_avg:249.73ms
step:1798/2090 train_time:449159ms step_avg:249.81ms
step:1799/2090 train_time:449545ms step_avg:249.89ms
step:1800/2090 train_time:449934ms step_avg:249.96ms
step:1801/2090 train_time:450618ms step_avg:250.20ms
step:1802/2090 train_time:450724ms step_avg:250.12ms
step:1803/2090 train_time:451109ms step_avg:250.20ms
step:1804/2090 train_time:451497ms step_avg:250.28ms
step:1805/2090 train_time:451879ms step_avg:250.35ms
step:1806/2090 train_time:452268ms step_avg:250.43ms
step:1807/2090 train_time:452653ms step_avg:250.50ms
step:1808/2090 train_time:453048ms step_avg:250.58ms
step:1809/2090 train_time:453429ms step_avg:250.65ms
step:1810/2090 train_time:453831ms step_avg:250.74ms
step:1811/2090 train_time:454199ms step_avg:250.80ms
step:1812/2090 train_time:454589ms step_avg:250.88ms
step:1813/2090 train_time:454985ms step_avg:250.96ms
step:1814/2090 train_time:455365ms step_avg:251.03ms
step:1815/2090 train_time:455750ms step_avg:251.10ms
step:1816/2090 train_time:456139ms step_avg:251.18ms
step:1817/2090 train_time:456532ms step_avg:251.26ms
step:1818/2090 train_time:456917ms step_avg:251.33ms
step:1819/2090 train_time:457310ms step_avg:251.41ms
step:1820/2090 train_time:457695ms step_avg:251.48ms
step:1821/2090 train_time:458080ms step_avg:251.55ms
step:1822/2090 train_time:458474ms step_avg:251.63ms
step:1823/2090 train_time:458858ms step_avg:251.70ms
step:1824/2090 train_time:459250ms step_avg:251.78ms
step:1825/2090 train_time:459637ms step_avg:251.86ms
step:1826/2090 train_time:460028ms step_avg:251.93ms
step:1827/2090 train_time:460418ms step_avg:252.01ms
step:1828/2090 train_time:460804ms step_avg:252.08ms
step:1829/2090 train_time:461194ms step_avg:252.16ms
step:1830/2090 train_time:461583ms step_avg:252.23ms
step:1831/2090 train_time:461972ms step_avg:252.31ms
step:1832/2090 train_time:462364ms step_avg:252.38ms
step:1833/2090 train_time:462747ms step_avg:252.45ms
step:1834/2090 train_time:463137ms step_avg:252.53ms
step:1835/2090 train_time:463524ms step_avg:252.60ms
step:1836/2090 train_time:463917ms step_avg:252.68ms
step:1837/2090 train_time:464305ms step_avg:252.75ms
step:1838/2090 train_time:464688ms step_avg:252.82ms
step:1839/2090 train_time:465066ms step_avg:252.89ms
step:1840/2090 train_time:465456ms step_avg:252.97ms
step:1841/2090 train_time:465860ms step_avg:253.05ms
step:1842/2090 train_time:466243ms step_avg:253.12ms
step:1843/2090 train_time:466632ms step_avg:253.19ms
step:1844/2090 train_time:467020ms step_avg:253.26ms
step:1845/2090 train_time:467397ms step_avg:253.33ms
step:1846/2090 train_time:467790ms step_avg:253.41ms
step:1847/2090 train_time:468174ms step_avg:253.48ms
step:1848/2090 train_time:468563ms step_avg:253.55ms
step:1849/2090 train_time:468955ms step_avg:253.63ms
step:1850/2090 train_time:469342ms step_avg:253.70ms
step:1851/2090 train_time:470025ms step_avg:253.93ms
step:1852/2090 train_time:470137ms step_avg:253.85ms
step:1853/2090 train_time:470517ms step_avg:253.92ms
step:1854/2090 train_time:470905ms step_avg:253.99ms
step:1855/2090 train_time:471290ms step_avg:254.06ms
step:1856/2090 train_time:471680ms step_avg:254.14ms
step:1857/2090 train_time:472063ms step_avg:254.21ms
step:1858/2090 train_time:472449ms step_avg:254.28ms
step:1859/2090 train_time:472842ms step_avg:254.35ms
step:1860/2090 train_time:473233ms step_avg:254.43ms
step:1861/2090 train_time:473615ms step_avg:254.50ms
step:1862/2090 train_time:474005ms step_avg:254.57ms
step:1863/2090 train_time:474389ms step_avg:254.64ms
step:1864/2090 train_time:474787ms step_avg:254.71ms
step:1865/2090 train_time:475166ms step_avg:254.78ms
step:1866/2090 train_time:475552ms step_avg:254.85ms
step:1867/2090 train_time:475942ms step_avg:254.92ms
step:1868/2090 train_time:476325ms step_avg:254.99ms
step:1869/2090 train_time:476714ms step_avg:255.06ms
step:1870/2090 train_time:477102ms step_avg:255.13ms
step:1871/2090 train_time:477487ms step_avg:255.20ms
step:1872/2090 train_time:477875ms step_avg:255.28ms
step:1873/2090 train_time:478264ms step_avg:255.35ms
step:1874/2090 train_time:478650ms step_avg:255.42ms
step:1875/2090 train_time:479035ms step_avg:255.49ms
step:1876/2090 train_time:479422ms step_avg:255.56ms
step:1877/2090 train_time:479808ms step_avg:255.62ms
step:1878/2090 train_time:480196ms step_avg:255.70ms
step:1879/2090 train_time:480583ms step_avg:255.77ms
step:1880/2090 train_time:480973ms step_avg:255.84ms
step:1881/2090 train_time:481356ms step_avg:255.90ms
step:1882/2090 train_time:481745ms step_avg:255.97ms
step:1883/2090 train_time:482135ms step_avg:256.05ms
step:1884/2090 train_time:482523ms step_avg:256.12ms
step:1885/2090 train_time:482906ms step_avg:256.18ms
step:1886/2090 train_time:483297ms step_avg:256.25ms
step:1887/2090 train_time:483680ms step_avg:256.32ms
step:1888/2090 train_time:484069ms step_avg:256.39ms
step:1889/2090 train_time:484451ms step_avg:256.46ms
step:1890/2090 train_time:484836ms step_avg:256.53ms
step:1891/2090 train_time:485230ms step_avg:256.60ms
step:1892/2090 train_time:485615ms step_avg:256.67ms
step:1893/2090 train_time:486004ms step_avg:256.74ms
step:1894/2090 train_time:486389ms step_avg:256.81ms
step:1895/2090 train_time:486775ms step_avg:256.87ms
step:1896/2090 train_time:487162ms step_avg:256.94ms
step:1897/2090 train_time:487547ms step_avg:257.01ms
step:1898/2090 train_time:487935ms step_avg:257.08ms
step:1899/2090 train_time:488320ms step_avg:257.15ms
step:1900/2090 train_time:488710ms step_avg:257.22ms
step:1901/2090 train_time:489393ms step_avg:257.44ms
step:1902/2090 train_time:489497ms step_avg:257.36ms
step:1903/2090 train_time:489879ms step_avg:257.42ms
step:1904/2090 train_time:490266ms step_avg:257.49ms
step:1905/2090 train_time:490652ms step_avg:257.56ms
step:1906/2090 train_time:491040ms step_avg:257.63ms
step:1907/2090 train_time:491427ms step_avg:257.70ms
step:1908/2090 train_time:491813ms step_avg:257.76ms
step:1909/2090 train_time:492200ms step_avg:257.83ms
step:1910/2090 train_time:492591ms step_avg:257.90ms
step:1911/2090 train_time:492977ms step_avg:257.97ms
step:1912/2090 train_time:493365ms step_avg:258.04ms
step:1913/2090 train_time:493753ms step_avg:258.10ms
step:1914/2090 train_time:494141ms step_avg:258.17ms
step:1915/2090 train_time:494533ms step_avg:258.24ms
step:1916/2090 train_time:494919ms step_avg:258.31ms
step:1917/2090 train_time:495305ms step_avg:258.37ms
step:1918/2090 train_time:495690ms step_avg:258.44ms
step:1919/2090 train_time:496075ms step_avg:258.51ms
step:1920/2090 train_time:496464ms step_avg:258.57ms
step:1921/2090 train_time:496851ms step_avg:258.64ms
step:1922/2090 train_time:497241ms step_avg:258.71ms
step:1923/2090 train_time:497623ms step_avg:258.77ms
step:1924/2090 train_time:498018ms step_avg:258.85ms
step:1925/2090 train_time:498404ms step_avg:258.91ms
step:1926/2090 train_time:498796ms step_avg:258.98ms
step:1927/2090 train_time:499180ms step_avg:259.05ms
step:1928/2090 train_time:499570ms step_avg:259.11ms
step:1929/2090 train_time:499956ms step_avg:259.18ms
step:1930/2090 train_time:500348ms step_avg:259.25ms
step:1931/2090 train_time:500734ms step_avg:259.31ms
step:1932/2090 train_time:501121ms step_avg:259.38ms
step:1933/2090 train_time:501510ms step_avg:259.45ms
step:1934/2090 train_time:501899ms step_avg:259.51ms
step:1935/2090 train_time:502285ms step_avg:259.58ms
step:1936/2090 train_time:502669ms step_avg:259.64ms
step:1937/2090 train_time:503056ms step_avg:259.71ms
step:1938/2090 train_time:503446ms step_avg:259.78ms
step:1939/2090 train_time:503837ms step_avg:259.84ms
step:1940/2090 train_time:504227ms step_avg:259.91ms
step:1941/2090 train_time:504614ms step_avg:259.98ms
step:1942/2090 train_time:505003ms step_avg:260.04ms
step:1943/2090 train_time:505389ms step_avg:260.11ms
step:1944/2090 train_time:505777ms step_avg:260.17ms
step:1945/2090 train_time:506165ms step_avg:260.24ms
step:1946/2090 train_time:506549ms step_avg:260.30ms
step:1947/2090 train_time:506950ms step_avg:260.38ms
step:1948/2090 train_time:507340ms step_avg:260.44ms
step:1949/2090 train_time:507708ms step_avg:260.50ms
step:1950/2090 train_time:508094ms step_avg:260.56ms
step:1951/2090 train_time:508782ms step_avg:260.78ms
step:1952/2090 train_time:508883ms step_avg:260.70ms
step:1953/2090 train_time:509274ms step_avg:260.77ms
step:1954/2090 train_time:509658ms step_avg:260.83ms
step:1955/2090 train_time:510043ms step_avg:260.89ms
step:1956/2090 train_time:510437ms step_avg:260.96ms
step:1957/2090 train_time:510823ms step_avg:261.02ms
step:1958/2090 train_time:511212ms step_avg:261.09ms
step:1959/2090 train_time:511601ms step_avg:261.15ms
step:1960/2090 train_time:511988ms step_avg:261.22ms
step:1961/2090 train_time:512376ms step_avg:261.28ms
step:1962/2090 train_time:512763ms step_avg:261.35ms
step:1963/2090 train_time:513151ms step_avg:261.41ms
step:1964/2090 train_time:513538ms step_avg:261.48ms
step:1965/2090 train_time:513926ms step_avg:261.54ms
step:1966/2090 train_time:514317ms step_avg:261.61ms
step:1967/2090 train_time:514704ms step_avg:261.67ms
step:1968/2090 train_time:515093ms step_avg:261.73ms
step:1969/2090 train_time:515475ms step_avg:261.80ms
step:1970/2090 train_time:515866ms step_avg:261.86ms
step:1971/2090 train_time:516251ms step_avg:261.92ms
step:1972/2090 train_time:516638ms step_avg:261.99ms
step:1973/2090 train_time:517024ms step_avg:262.05ms
step:1974/2090 train_time:517416ms step_avg:262.12ms
step:1975/2090 train_time:517805ms step_avg:262.18ms
step:1976/2090 train_time:518191ms step_avg:262.24ms
step:1977/2090 train_time:518578ms step_avg:262.31ms
step:1978/2090 train_time:518970ms step_avg:262.37ms
step:1979/2090 train_time:519363ms step_avg:262.44ms
step:1980/2090 train_time:519751ms step_avg:262.50ms
step:1981/2090 train_time:520140ms step_avg:262.56ms
step:1982/2090 train_time:520523ms step_avg:262.63ms
step:1983/2090 train_time:520912ms step_avg:262.69ms
step:1984/2090 train_time:521301ms step_avg:262.75ms
step:1985/2090 train_time:521691ms step_avg:262.82ms
step:1986/2090 train_time:522079ms step_avg:262.88ms
step:1987/2090 train_time:522461ms step_avg:262.94ms
step:1988/2090 train_time:522850ms step_avg:263.00ms
step:1989/2090 train_time:523234ms step_avg:263.06ms
step:1990/2090 train_time:523625ms step_avg:263.13ms
step:1991/2090 train_time:524016ms step_avg:263.19ms
step:1992/2090 train_time:524403ms step_avg:263.25ms
step:1993/2090 train_time:524791ms step_avg:263.32ms
step:1994/2090 train_time:525178ms step_avg:263.38ms
step:1995/2090 train_time:525564ms step_avg:263.44ms
step:1996/2090 train_time:525947ms step_avg:263.50ms
step:1997/2090 train_time:526336ms step_avg:263.56ms
step:1998/2090 train_time:526744ms step_avg:263.64ms
step:1999/2090 train_time:527113ms step_avg:263.69ms
step:2000/2090 train_time:527500ms step_avg:263.75ms
step:2000/2090 val_loss:3.3125 train_time:527787ms step_avg:263.89ms
step:2001/2090 train_time:528307ms step_avg:264.02ms
step:2002/2090 train_time:528411ms step_avg:263.94ms
step:2003/2090 train_time:528793ms step_avg:264.00ms
step:2004/2090 train_time:529180ms step_avg:264.06ms
step:2005/2090 train_time:529568ms step_avg:264.12ms
step:2006/2090 train_time:529953ms step_avg:264.18ms
step:2007/2090 train_time:530342ms step_avg:264.25ms
step:2008/2090 train_time:530729ms step_avg:264.31ms
step:2009/2090 train_time:531115ms step_avg:264.37ms
step:2010/2090 train_time:531504ms step_avg:264.43ms
step:2011/2090 train_time:531892ms step_avg:264.49ms
step:2012/2090 train_time:532295ms step_avg:264.56ms
step:2013/2090 train_time:532679ms step_avg:264.62ms
step:2014/2090 train_time:533060ms step_avg:264.68ms
step:2015/2090 train_time:533454ms step_avg:264.74ms
step:2016/2090 train_time:533868ms step_avg:264.82ms
step:2017/2090 train_time:534224ms step_avg:264.86ms
step:2018/2090 train_time:534614ms step_avg:264.92ms
step:2019/2090 train_time:534998ms step_avg:264.98ms
step:2020/2090 train_time:535403ms step_avg:265.05ms
step:2021/2090 train_time:535786ms step_avg:265.11ms
step:2022/2090 train_time:536173ms step_avg:265.17ms
step:2023/2090 train_time:536554ms step_avg:265.23ms
step:2024/2090 train_time:536947ms step_avg:265.29ms
step:2025/2090 train_time:537318ms step_avg:265.34ms
step:2026/2090 train_time:537724ms step_avg:265.41ms
step:2027/2090 train_time:538113ms step_avg:265.47ms
step:2028/2090 train_time:538505ms step_avg:265.54ms
step:2029/2090 train_time:538888ms step_avg:265.59ms
step:2030/2090 train_time:539277ms step_avg:265.65ms
step:2031/2090 train_time:539668ms step_avg:265.72ms
step:2032/2090 train_time:540056ms step_avg:265.78ms
step:2033/2090 train_time:540440ms step_avg:265.83ms
step:2034/2090 train_time:540833ms step_avg:265.90ms
step:2035/2090 train_time:541216ms step_avg:265.95ms
step:2036/2090 train_time:541601ms step_avg:266.01ms
step:2037/2090 train_time:541990ms step_avg:266.07ms
step:2038/2090 train_time:542383ms step_avg:266.13ms
step:2039/2090 train_time:542767ms step_avg:266.19ms
step:2040/2090 train_time:543158ms step_avg:266.25ms
step:2041/2090 train_time:543544ms step_avg:266.31ms
step:2042/2090 train_time:543932ms step_avg:266.37ms
step:2043/2090 train_time:544314ms step_avg:266.43ms
step:2044/2090 train_time:544702ms step_avg:266.49ms
step:2045/2090 train_time:545091ms step_avg:266.55ms
step:2046/2090 train_time:545477ms step_avg:266.61ms
step:2047/2090 train_time:545868ms step_avg:266.67ms
step:2048/2090 train_time:546259ms step_avg:266.73ms
step:2049/2090 train_time:546643ms step_avg:266.79ms
step:2050/2090 train_time:547034ms step_avg:266.85ms
step:2051/2090 train_time:547710ms step_avg:267.05ms
step:2052/2090 train_time:547833ms step_avg:266.98ms
step:2053/2090 train_time:548214ms step_avg:267.03ms
step:2054/2090 train_time:548606ms step_avg:267.09ms
step:2055/2090 train_time:548984ms step_avg:267.15ms
step:2056/2090 train_time:549359ms step_avg:267.20ms
step:2057/2090 train_time:549746ms step_avg:267.26ms
step:2058/2090 train_time:550130ms step_avg:267.31ms
step:2059/2090 train_time:550517ms step_avg:267.37ms
step:2060/2090 train_time:550904ms step_avg:267.43ms
step:2061/2090 train_time:551289ms step_avg:267.49ms
step:2062/2090 train_time:551695ms step_avg:267.55ms
step:2063/2090 train_time:552080ms step_avg:267.61ms
step:2064/2090 train_time:552471ms step_avg:267.67ms
step:2065/2090 train_time:552840ms step_avg:267.72ms
step:2066/2090 train_time:553227ms step_avg:267.78ms
step:2067/2090 train_time:553610ms step_avg:267.83ms
step:2068/2090 train_time:554017ms step_avg:267.90ms
step:2069/2090 train_time:554400ms step_avg:267.96ms
step:2070/2090 train_time:554771ms step_avg:268.01ms
step:2071/2090 train_time:555155ms step_avg:268.06ms
step:2072/2090 train_time:555546ms step_avg:268.12ms
step:2073/2090 train_time:555935ms step_avg:268.18ms
step:2074/2090 train_time:556322ms step_avg:268.24ms
step:2075/2090 train_time:556707ms step_avg:268.29ms
step:2076/2090 train_time:557099ms step_avg:268.35ms
step:2077/2090 train_time:557485ms step_avg:268.41ms
step:2078/2090 train_time:557870ms step_avg:268.46ms
step:2079/2090 train_time:558259ms step_avg:268.52ms
step:2080/2090 train_time:558661ms step_avg:268.59ms
step:2081/2090 train_time:559034ms step_avg:268.64ms
step:2082/2090 train_time:559424ms step_avg:268.70ms
step:2083/2090 train_time:559810ms step_avg:268.75ms
step:2084/2090 train_time:560196ms step_avg:268.81ms
step:2085/2090 train_time:560581ms step_avg:268.86ms
step:2086/2090 train_time:560964ms step_avg:268.92ms
step:2087/2090 train_time:561351ms step_avg:268.97ms
step:2088/2090 train_time:561737ms step_avg:269.03ms
step:2089/2090 train_time:562121ms step_avg:269.09ms
step:2090/2090 train_time:562508ms step_avg:269.14ms
step:2090/2090 val_loss:3.2656 train_time:562800ms step_avg:269.28ms
peak memory allocated: 28538 MiB reserved: 31460 MiB
total training time: 562.80s (562800ms)
matplotlib not available; skipping plot generation (non-blocking)
