=== Environment ===
SEED=7
NPROC=16
PYTHON=/root/miniconda3/envs/llm_test/bin/python
Python version: Python 3.10.19
torch version: 2.7.1+cpu
torch_npu version: 2.7.1.post2
hostname: unknown
====================
W0525 14:06:06.199000 675 site-packages/torch/distributed/run.py:766] 
W0525 14:06:06.199000 675 site-packages/torch/distributed/run.py:766] *****************************************
W0525 14:06:06.199000 675 site-packages/torch/distributed/run.py:766] Setting OMP_NUM_THREADS environment variable for each process to be 1 in default, to avoid your system being overloaded, please further tune the variable for optimal performance in your application as needed. 
W0525 14:06:06.199000 675 site-packages/torch/distributed/run.py:766] *****************************************
/root/miniconda3/envs/llm_test/lib/python3.10/site-packages/torch/autograd/__init__.py:221: UserWarning: Cannot create tensor with interal format while allow_internel_format=False, tensor will be created with base format. (Triggered internally at build/CMakeFiles/torch_npu.dir/compiler_depend.ts:338.)
  torch.ones_like(out, memory_format=torch.preserve_format)
/root/miniconda3/envs/llm_test/lib/python3.10/site-packages/torch/autograd/__init__.py:221: UserWarning: Cannot create tensor with interal format while allow_internel_format=False, tensor will be created with base format. (Triggered internally at build/CMakeFiles/torch_npu.dir/compiler_depend.ts:338.)
  torch.ones_like(out, memory_format=torch.preserve_format)
/root/miniconda3/envs/llm_test/lib/python3.10/site-packages/torch/distributed/distributed_c10d.py:4631: UserWarning: No device id is provided via `init_process_group` or `barrier `. Using the current device set by the user. 
  warnings.warn(  # warn only once
/root/miniconda3/envs/llm_test/lib/python3.10/site-packages/torch/autograd/__init__.py:221: UserWarning: Cannot create tensor with interal format while allow_internel_format=False, tensor will be created with base format. (Triggered internally at build/CMakeFiles/torch_npu.dir/compiler_depend.ts:338.)
  torch.ones_like(out, memory_format=torch.preserve_format)
/root/miniconda3/envs/llm_test/lib/python3.10/site-packages/torch/autograd/__init__.py:221: UserWarning: Cannot create tensor with interal format while allow_internel_format=False, tensor will be created with base format. (Triggered internally at build/CMakeFiles/torch_npu.dir/compiler_depend.ts:338.)
  torch.ones_like(out, memory_format=torch.preserve_format)
/root/miniconda3/envs/llm_test/lib/python3.10/site-packages/torch/autograd/__init__.py:221: UserWarning: Cannot create tensor with interal format while allow_internel_format=False, tensor will be created with base format. (Triggered internally at build/CMakeFiles/torch_npu.dir/compiler_depend.ts:338.)
  torch.ones_like(out, memory_format=torch.preserve_format)
/root/miniconda3/envs/llm_test/lib/python3.10/site-packages/torch/distributed/distributed_c10d.py:4631: UserWarning: No device id is provided via `init_process_group` or `barrier `. Using the current device set by the user. 
  warnings.warn(  # warn only once
/root/miniconda3/envs/llm_test/lib/python3.10/site-packages/torch/distributed/distributed_c10d.py:4631: UserWarning: No device id is provided via `init_process_group` or `barrier `. Using the current device set by the user. 
  warnings.warn(  # warn only once
/root/miniconda3/envs/llm_test/lib/python3.10/site-packages/torch/distributed/distributed_c10d.py:4631: UserWarning: No device id is provided via `init_process_group` or `barrier `. Using the current device set by the user. 
  warnings.warn(  # warn only once
/root/miniconda3/envs/llm_test/lib/python3.10/site-packages/torch/distributed/distributed_c10d.py:4631: UserWarning: No device id is provided via `init_process_group` or `barrier `. Using the current device set by the user. 
  warnings.warn(  # warn only once
/root/miniconda3/envs/llm_test/lib/python3.10/site-packages/torch/autograd/__init__.py:221: UserWarning: Cannot create tensor with interal format while allow_internel_format=False, tensor will be created with base format. (Triggered internally at build/CMakeFiles/torch_npu.dir/compiler_depend.ts:338.)
  torch.ones_like(out, memory_format=torch.preserve_format)
/root/miniconda3/envs/llm_test/lib/python3.10/site-packages/torch/autograd/__init__.py:221: UserWarning: Cannot create tensor with interal format while allow_internel_format=False, tensor will be created with base format. (Triggered internally at build/CMakeFiles/torch_npu.dir/compiler_depend.ts:338.)
  torch.ones_like(out, memory_format=torch.preserve_format)
/root/miniconda3/envs/llm_test/lib/python3.10/site-packages/torch/autograd/__init__.py:221: UserWarning: Cannot create tensor with interal format while allow_internel_format=False, tensor will be created with base format. (Triggered internally at build/CMakeFiles/torch_npu.dir/compiler_depend.ts:338.)
  torch.ones_like(out, memory_format=torch.preserve_format)
/root/miniconda3/envs/llm_test/lib/python3.10/site-packages/torch/autograd/__init__.py:221: UserWarning: Cannot create tensor with interal format while allow_internel_format=False, tensor will be created with base format. (Triggered internally at build/CMakeFiles/torch_npu.dir/compiler_depend.ts:338.)
  torch.ones_like(out, memory_format=torch.preserve_format)
/root/miniconda3/envs/llm_test/lib/python3.10/site-packages/torch/autograd/__init__.py:221: UserWarning: Cannot create tensor with interal format while allow_internel_format=False, tensor will be created with base format. (Triggered internally at build/CMakeFiles/torch_npu.dir/compiler_depend.ts:338.)
  torch.ones_like(out, memory_format=torch.preserve_format)
/root/miniconda3/envs/llm_test/lib/python3.10/site-packages/torch/autograd/__init__.py:221: UserWarning: Cannot create tensor with interal format while allow_internel_format=False, tensor will be created with base format. (Triggered internally at build/CMakeFiles/torch_npu.dir/compiler_depend.ts:338.)
  torch.ones_like(out, memory_format=torch.preserve_format)
/root/miniconda3/envs/llm_test/lib/python3.10/site-packages/torch/autograd/__init__.py:221: UserWarning: Cannot create tensor with interal format while allow_internel_format=False, tensor will be created with base format. (Triggered internally at build/CMakeFiles/torch_npu.dir/compiler_depend.ts:338.)
  torch.ones_like(out, memory_format=torch.preserve_format)
/root/miniconda3/envs/llm_test/lib/python3.10/site-packages/torch/autograd/__init__.py:221: UserWarning: Cannot create tensor with interal format while allow_internel_format=False, tensor will be created with base format. (Triggered internally at build/CMakeFiles/torch_npu.dir/compiler_depend.ts:338.)
  torch.ones_like(out, memory_format=torch.preserve_format)
/root/miniconda3/envs/llm_test/lib/python3.10/site-packages/torch/autograd/__init__.py:221: UserWarning: Cannot create tensor with interal format while allow_internel_format=False, tensor will be created with base format. (Triggered internally at build/CMakeFiles/torch_npu.dir/compiler_depend.ts:338.)
  torch.ones_like(out, memory_format=torch.preserve_format)
/root/miniconda3/envs/llm_test/lib/python3.10/site-packages/torch/autograd/__init__.py:221: UserWarning: Cannot create tensor with interal format while allow_internel_format=False, tensor will be created with base format. (Triggered internally at build/CMakeFiles/torch_npu.dir/compiler_depend.ts:338.)
  torch.ones_like(out, memory_format=torch.preserve_format)
/root/miniconda3/envs/llm_test/lib/python3.10/site-packages/torch/autograd/__init__.py:221: UserWarning: Cannot create tensor with interal format while allow_internel_format=False, tensor will be created with base format. (Triggered internally at build/CMakeFiles/torch_npu.dir/compiler_depend.ts:338.)
  torch.ones_like(out, memory_format=torch.preserve_format)
/root/miniconda3/envs/llm_test/lib/python3.10/site-packages/torch/distributed/distributed_c10d.py:4631: UserWarning: No device id is provided via `init_process_group` or `barrier `. Using the current device set by the user. 
  warnings.warn(  # warn only once
/root/miniconda3/envs/llm_test/lib/python3.10/site-packages/torch/distributed/distributed_c10d.py:4631: UserWarning: No device id is provided via `init_process_group` or `barrier `. Using the current device set by the user. 
  warnings.warn(  # warn only once
/root/miniconda3/envs/llm_test/lib/python3.10/site-packages/torch/distributed/distributed_c10d.py:4631: UserWarning: No device id is provided via `init_process_group` or `barrier `. Using the current device set by the user. 
  warnings.warn(  # warn only once
/root/miniconda3/envs/llm_test/lib/python3.10/site-packages/torch/distributed/distributed_c10d.py:4631: UserWarning: No device id is provided via `init_process_group` or `barrier `. Using the current device set by the user. 
  warnings.warn(  # warn only once
/root/miniconda3/envs/llm_test/lib/python3.10/site-packages/torch/distributed/distributed_c10d.py:4631: UserWarning: No device id is provided via `init_process_group` or `barrier `. Using the current device set by the user. 
  warnings.warn(  # warn only once
/root/miniconda3/envs/llm_test/lib/python3.10/site-packages/torch/distributed/distributed_c10d.py:4631: UserWarning: No device id is provided via `init_process_group` or `barrier `. Using the current device set by the user. 
  warnings.warn(  # warn only once
/root/miniconda3/envs/llm_test/lib/python3.10/site-packages/torch/distributed/distributed_c10d.py:4631: UserWarning: No device id is provided via `init_process_group` or `barrier `. Using the current device set by the user. 
  warnings.warn(  # warn only once
/root/miniconda3/envs/llm_test/lib/python3.10/site-packages/torch/distributed/distributed_c10d.py:4631: UserWarning: No device id is provided via `init_process_group` or `barrier `. Using the current device set by the user. 
  warnings.warn(  # warn only once
/root/miniconda3/envs/llm_test/lib/python3.10/site-packages/torch/distributed/distributed_c10d.py:4631: UserWarning: No device id is provided via `init_process_group` or `barrier `. Using the current device set by the user. 
  warnings.warn(  # warn only once
/root/miniconda3/envs/llm_test/lib/python3.10/site-packages/torch/distributed/distributed_c10d.py:4631: UserWarning: No device id is provided via `init_process_group` or `barrier `. Using the current device set by the user. 
  warnings.warn(  # warn only once
/root/miniconda3/envs/llm_test/lib/python3.10/site-packages/torch/distributed/distributed_c10d.py:4631: UserWarning: No device id is provided via `init_process_group` or `barrier `. Using the current device set by the user. 
  warnings.warn(  # warn only once
logs/e533168a-76ba-4164-9bde-0246ab782501
/root/miniconda3/envs/llm_test/lib/python3.10/site-packages/torch_npu/utils/storage.py:89: UserWarning: TypedStorage is deprecated. It will be removed in the future and UntypedStorage will be the only storage class. This should only matter to you if you are using storages directly.  To access UntypedStorage directly, use tensor.untyped_storage() instead of tensor.storage()
  if self.device.type != 'cpu':
step:0/2330 val_loss:10.8258 train_time:0ms step_avg:0.11ms
step:1/2330 train_time:866ms step_avg:865.66ms
step:2/2330 train_time:1316ms step_avg:657.83ms
step:3/2330 train_time:1403ms step_avg:467.69ms
step:4/2330 train_time:1665ms step_avg:416.30ms
step:5/2330 train_time:1924ms step_avg:384.74ms
step:6/2330 train_time:2183ms step_avg:363.76ms
step:7/2330 train_time:2442ms step_avg:348.90ms
step:8/2330 train_time:2701ms step_avg:337.66ms
step:9/2330 train_time:2961ms step_avg:328.98ms
step:10/2330 train_time:3216ms step_avg:321.62ms
step:11/2330 train_time:3480ms step_avg:316.34ms
step:12/2330 train_time:3741ms step_avg:311.78ms
step:13/2330 train_time:3997ms step_avg:307.44ms
step:14/2330 train_time:4253ms step_avg:303.81ms
step:15/2330 train_time:4511ms step_avg:300.71ms
step:16/2330 train_time:4768ms step_avg:298.02ms
step:17/2330 train_time:5033ms step_avg:296.04ms
step:18/2330 train_time:5293ms step_avg:294.06ms
step:19/2330 train_time:5552ms step_avg:292.20ms
step:20/2330 train_time:5813ms step_avg:290.64ms
step:21/2330 train_time:6071ms step_avg:289.07ms
step:22/2330 train_time:6330ms step_avg:287.71ms
step:23/2330 train_time:6588ms step_avg:286.43ms
step:24/2330 train_time:6850ms step_avg:285.41ms
step:25/2330 train_time:7105ms step_avg:284.21ms
step:26/2330 train_time:7362ms step_avg:283.16ms
step:27/2330 train_time:7622ms step_avg:282.29ms
step:28/2330 train_time:7880ms step_avg:281.44ms
step:29/2330 train_time:8142ms step_avg:280.77ms
step:30/2330 train_time:8402ms step_avg:280.05ms
step:31/2330 train_time:8661ms step_avg:279.38ms
step:32/2330 train_time:8922ms step_avg:278.80ms
step:33/2330 train_time:9188ms step_avg:278.42ms
step:34/2330 train_time:9444ms step_avg:277.77ms
step:35/2330 train_time:9705ms step_avg:277.28ms
step:36/2330 train_time:9965ms step_avg:276.82ms
step:37/2330 train_time:10230ms step_avg:276.50ms
step:38/2330 train_time:10488ms step_avg:276.00ms
step:39/2330 train_time:10748ms step_avg:275.59ms
step:40/2330 train_time:11006ms step_avg:275.14ms
step:41/2330 train_time:11267ms step_avg:274.80ms
step:42/2330 train_time:11526ms step_avg:274.42ms
step:43/2330 train_time:11780ms step_avg:273.95ms
step:44/2330 train_time:12042ms step_avg:273.68ms
step:45/2330 train_time:12303ms step_avg:273.39ms
step:46/2330 train_time:12565ms step_avg:273.15ms
step:47/2330 train_time:12822ms step_avg:272.81ms
step:48/2330 train_time:13079ms step_avg:272.47ms
step:49/2330 train_time:13340ms step_avg:272.25ms
step:50/2330 train_time:13600ms step_avg:272.01ms
step:51/2330 train_time:13857ms step_avg:271.71ms
step:52/2330 train_time:14114ms step_avg:271.43ms
step:53/2330 train_time:14375ms step_avg:271.22ms
step:54/2330 train_time:14636ms step_avg:271.03ms
step:55/2330 train_time:14894ms step_avg:270.79ms
step:56/2330 train_time:15158ms step_avg:270.68ms
step:57/2330 train_time:15419ms step_avg:270.51ms
step:58/2330 train_time:15683ms step_avg:270.39ms
step:59/2330 train_time:15958ms step_avg:270.47ms
step:60/2330 train_time:16199ms step_avg:269.98ms
step:61/2330 train_time:16457ms step_avg:269.79ms
step:62/2330 train_time:16716ms step_avg:269.62ms
step:63/2330 train_time:16977ms step_avg:269.47ms
step:64/2330 train_time:17239ms step_avg:269.36ms
step:65/2330 train_time:17499ms step_avg:269.21ms
step:66/2330 train_time:17756ms step_avg:269.03ms
step:67/2330 train_time:18018ms step_avg:268.92ms
step:68/2330 train_time:18278ms step_avg:268.80ms
step:69/2330 train_time:18537ms step_avg:268.65ms
step:70/2330 train_time:18800ms step_avg:268.57ms
step:71/2330 train_time:19060ms step_avg:268.45ms
step:72/2330 train_time:19322ms step_avg:268.36ms
step:73/2330 train_time:19582ms step_avg:268.24ms
step:74/2330 train_time:19843ms step_avg:268.15ms
step:75/2330 train_time:20103ms step_avg:268.04ms
step:76/2330 train_time:20362ms step_avg:267.93ms
step:77/2330 train_time:20631ms step_avg:267.93ms
step:78/2330 train_time:20887ms step_avg:267.79ms
step:79/2330 train_time:21143ms step_avg:267.64ms
step:80/2330 train_time:21402ms step_avg:267.53ms
step:81/2330 train_time:21662ms step_avg:267.44ms
step:82/2330 train_time:21921ms step_avg:267.33ms
step:83/2330 train_time:22181ms step_avg:267.24ms
step:84/2330 train_time:22462ms step_avg:267.40ms
step:85/2330 train_time:22719ms step_avg:267.28ms
step:86/2330 train_time:22962ms step_avg:267.00ms
step:87/2330 train_time:23220ms step_avg:266.90ms
step:88/2330 train_time:23480ms step_avg:266.82ms
step:89/2330 train_time:23742ms step_avg:266.76ms
step:90/2330 train_time:24003ms step_avg:266.70ms
step:91/2330 train_time:24264ms step_avg:266.63ms
step:92/2330 train_time:24526ms step_avg:266.58ms
step:93/2330 train_time:24786ms step_avg:266.52ms
step:94/2330 train_time:25044ms step_avg:266.43ms
step:95/2330 train_time:25302ms step_avg:266.33ms
step:96/2330 train_time:25560ms step_avg:266.25ms
step:97/2330 train_time:25820ms step_avg:266.18ms
step:98/2330 train_time:26079ms step_avg:266.11ms
step:99/2330 train_time:26336ms step_avg:266.02ms
step:100/2330 train_time:26598ms step_avg:265.98ms
step:101/2330 train_time:26858ms step_avg:265.92ms
step:102/2330 train_time:27117ms step_avg:265.85ms
step:103/2330 train_time:27376ms step_avg:265.79ms
step:104/2330 train_time:27638ms step_avg:265.75ms
step:105/2330 train_time:27898ms step_avg:265.70ms
step:106/2330 train_time:28159ms step_avg:265.65ms
step:107/2330 train_time:28423ms step_avg:265.63ms
step:108/2330 train_time:28675ms step_avg:265.51ms
step:109/2330 train_time:28934ms step_avg:265.45ms
step:110/2330 train_time:29196ms step_avg:265.42ms
step:111/2330 train_time:29474ms step_avg:265.54ms
step:112/2330 train_time:29722ms step_avg:265.38ms
step:113/2330 train_time:29989ms step_avg:265.39ms
step:114/2330 train_time:30246ms step_avg:265.32ms
step:115/2330 train_time:30507ms step_avg:265.28ms
step:116/2330 train_time:30765ms step_avg:265.22ms
step:117/2330 train_time:31026ms step_avg:265.18ms
step:118/2330 train_time:31289ms step_avg:265.16ms
step:119/2330 train_time:31546ms step_avg:265.09ms
step:120/2330 train_time:31814ms step_avg:265.11ms
step:121/2330 train_time:32065ms step_avg:265.00ms
step:122/2330 train_time:32324ms step_avg:264.95ms
step:123/2330 train_time:32586ms step_avg:264.93ms
step:124/2330 train_time:32845ms step_avg:264.88ms
step:125/2330 train_time:33112ms step_avg:264.89ms
step:126/2330 train_time:33371ms step_avg:264.85ms
step:127/2330 train_time:33627ms step_avg:264.78ms
step:128/2330 train_time:33885ms step_avg:264.73ms
step:129/2330 train_time:34141ms step_avg:264.66ms
step:130/2330 train_time:34402ms step_avg:264.63ms
step:131/2330 train_time:34661ms step_avg:264.59ms
step:132/2330 train_time:34922ms step_avg:264.56ms
step:133/2330 train_time:35187ms step_avg:264.56ms
step:134/2330 train_time:35447ms step_avg:264.53ms
step:135/2330 train_time:35703ms step_avg:264.46ms
step:136/2330 train_time:35960ms step_avg:264.42ms
step:137/2330 train_time:36220ms step_avg:264.38ms
step:138/2330 train_time:36480ms step_avg:264.35ms
step:139/2330 train_time:36744ms step_avg:264.34ms
step:140/2330 train_time:37007ms step_avg:264.34ms
step:141/2330 train_time:37264ms step_avg:264.29ms
step:142/2330 train_time:37527ms step_avg:264.28ms
step:143/2330 train_time:37784ms step_avg:264.22ms
step:144/2330 train_time:38044ms step_avg:264.19ms
step:145/2330 train_time:38302ms step_avg:264.15ms
step:146/2330 train_time:38575ms step_avg:264.21ms
step:147/2330 train_time:38824ms step_avg:264.11ms
step:148/2330 train_time:39084ms step_avg:264.08ms
step:149/2330 train_time:39342ms step_avg:264.04ms
step:150/2330 train_time:39605ms step_avg:264.03ms
step:151/2330 train_time:39865ms step_avg:264.01ms
step:152/2330 train_time:40124ms step_avg:263.97ms
step:153/2330 train_time:40384ms step_avg:263.95ms
step:154/2330 train_time:40646ms step_avg:263.93ms
step:155/2330 train_time:40904ms step_avg:263.90ms
step:156/2330 train_time:41171ms step_avg:263.92ms
step:157/2330 train_time:41427ms step_avg:263.87ms
step:158/2330 train_time:41689ms step_avg:263.86ms
step:159/2330 train_time:41949ms step_avg:263.83ms
step:160/2330 train_time:42210ms step_avg:263.81ms
step:161/2330 train_time:42475ms step_avg:263.82ms
step:162/2330 train_time:42738ms step_avg:263.82ms
step:163/2330 train_time:42997ms step_avg:263.79ms
step:164/2330 train_time:43255ms step_avg:263.75ms
step:165/2330 train_time:43516ms step_avg:263.74ms
step:166/2330 train_time:43779ms step_avg:263.73ms
step:167/2330 train_time:44041ms step_avg:263.72ms
step:168/2330 train_time:44298ms step_avg:263.68ms
step:169/2330 train_time:44556ms step_avg:263.64ms
step:170/2330 train_time:44811ms step_avg:263.59ms
step:171/2330 train_time:45070ms step_avg:263.57ms
step:172/2330 train_time:45330ms step_avg:263.54ms
step:173/2330 train_time:45592ms step_avg:263.54ms
step:174/2330 train_time:45851ms step_avg:263.51ms
step:175/2330 train_time:46111ms step_avg:263.49ms
step:176/2330 train_time:46370ms step_avg:263.47ms
step:177/2330 train_time:46629ms step_avg:263.44ms
step:178/2330 train_time:46889ms step_avg:263.42ms
step:179/2330 train_time:47151ms step_avg:263.41ms
step:180/2330 train_time:47410ms step_avg:263.39ms
step:181/2330 train_time:47671ms step_avg:263.37ms
step:182/2330 train_time:47930ms step_avg:263.35ms
step:183/2330 train_time:48192ms step_avg:263.35ms
step:184/2330 train_time:48450ms step_avg:263.31ms
step:185/2330 train_time:48709ms step_avg:263.29ms
step:186/2330 train_time:48967ms step_avg:263.27ms
step:187/2330 train_time:49233ms step_avg:263.28ms
step:188/2330 train_time:49487ms step_avg:263.23ms
step:189/2330 train_time:49745ms step_avg:263.20ms
step:190/2330 train_time:50008ms step_avg:263.20ms
step:191/2330 train_time:50270ms step_avg:263.19ms
step:192/2330 train_time:50530ms step_avg:263.18ms
step:193/2330 train_time:50789ms step_avg:263.16ms
step:194/2330 train_time:51046ms step_avg:263.12ms
step:195/2330 train_time:51307ms step_avg:263.11ms
step:196/2330 train_time:51591ms step_avg:263.22ms
step:197/2330 train_time:51848ms step_avg:263.19ms
step:198/2330 train_time:52105ms step_avg:263.16ms
step:199/2330 train_time:52365ms step_avg:263.14ms
step:200/2330 train_time:52627ms step_avg:263.13ms
step:201/2330 train_time:52881ms step_avg:263.09ms
step:202/2330 train_time:53140ms step_avg:263.07ms
step:203/2330 train_time:53401ms step_avg:263.06ms
step:204/2330 train_time:53660ms step_avg:263.04ms
step:205/2330 train_time:53921ms step_avg:263.03ms
step:206/2330 train_time:54185ms step_avg:263.03ms
step:207/2330 train_time:54443ms step_avg:263.01ms
step:208/2330 train_time:54706ms step_avg:263.01ms
step:209/2330 train_time:54967ms step_avg:263.00ms
step:210/2330 train_time:55225ms step_avg:262.98ms
step:211/2330 train_time:55484ms step_avg:262.96ms
step:212/2330 train_time:55742ms step_avg:262.93ms
step:213/2330 train_time:56008ms step_avg:262.95ms
step:214/2330 train_time:56267ms step_avg:262.93ms
step:215/2330 train_time:56526ms step_avg:262.91ms
step:216/2330 train_time:56785ms step_avg:262.89ms
step:217/2330 train_time:57039ms step_avg:262.85ms
step:218/2330 train_time:57302ms step_avg:262.85ms
step:219/2330 train_time:57563ms step_avg:262.84ms
step:220/2330 train_time:57826ms step_avg:262.84ms
step:221/2330 train_time:58088ms step_avg:262.84ms
step:222/2330 train_time:58348ms step_avg:262.83ms
step:223/2330 train_time:58609ms step_avg:262.82ms
step:224/2330 train_time:58866ms step_avg:262.79ms
step:225/2330 train_time:59124ms step_avg:262.77ms
step:226/2330 train_time:59384ms step_avg:262.76ms
step:227/2330 train_time:59650ms step_avg:262.77ms
step:228/2330 train_time:59909ms step_avg:262.76ms
step:229/2330 train_time:60167ms step_avg:262.74ms
step:230/2330 train_time:60425ms step_avg:262.72ms
step:231/2330 train_time:60689ms step_avg:262.72ms
step:232/2330 train_time:60949ms step_avg:262.71ms
step:233/2330 train_time:61214ms step_avg:262.72ms
step:234/2330 train_time:61480ms step_avg:262.73ms
step:235/2330 train_time:61737ms step_avg:262.71ms
step:236/2330 train_time:61993ms step_avg:262.68ms
step:237/2330 train_time:62254ms step_avg:262.68ms
step:238/2330 train_time:62512ms step_avg:262.65ms
step:239/2330 train_time:62770ms step_avg:262.64ms
step:240/2330 train_time:63029ms step_avg:262.62ms
step:241/2330 train_time:63289ms step_avg:262.61ms
step:242/2330 train_time:63549ms step_avg:262.60ms
step:243/2330 train_time:63808ms step_avg:262.58ms
step:244/2330 train_time:64069ms step_avg:262.58ms
step:245/2330 train_time:64326ms step_avg:262.55ms
step:246/2330 train_time:64589ms step_avg:262.56ms
step:247/2330 train_time:64847ms step_avg:262.54ms
step:248/2330 train_time:65112ms step_avg:262.55ms
step:249/2330 train_time:65370ms step_avg:262.53ms
step:250/2330 train_time:65632ms step_avg:262.53ms
step:250/2330 val_loss:4.0935 train_time:65796ms step_avg:263.19ms
step:251/2330 train_time:66003ms step_avg:262.96ms
step:252/2330 train_time:66245ms step_avg:262.88ms
step:253/2330 train_time:66502ms step_avg:262.85ms
step:254/2330 train_time:66761ms step_avg:262.84ms
step:255/2330 train_time:67021ms step_avg:262.83ms
step:256/2330 train_time:67282ms step_avg:262.82ms
step:257/2330 train_time:67539ms step_avg:262.80ms
step:258/2330 train_time:67800ms step_avg:262.79ms
step:259/2330 train_time:68055ms step_avg:262.76ms
step:260/2330 train_time:68312ms step_avg:262.74ms
step:261/2330 train_time:68575ms step_avg:262.74ms
step:262/2330 train_time:68831ms step_avg:262.71ms
step:263/2330 train_time:69075ms step_avg:262.64ms
step:264/2330 train_time:69334ms step_avg:262.63ms
step:265/2330 train_time:69593ms step_avg:262.62ms
step:266/2330 train_time:69852ms step_avg:262.60ms
step:267/2330 train_time:70110ms step_avg:262.58ms
step:268/2330 train_time:70370ms step_avg:262.57ms
step:269/2330 train_time:70631ms step_avg:262.57ms
step:270/2330 train_time:70894ms step_avg:262.57ms
step:271/2330 train_time:71154ms step_avg:262.56ms
step:272/2330 train_time:71413ms step_avg:262.55ms
step:273/2330 train_time:71673ms step_avg:262.54ms
step:274/2330 train_time:71932ms step_avg:262.53ms
step:275/2330 train_time:72194ms step_avg:262.52ms
step:276/2330 train_time:72462ms step_avg:262.54ms
step:277/2330 train_time:72721ms step_avg:262.53ms
step:278/2330 train_time:72986ms step_avg:262.54ms
step:279/2330 train_time:73246ms step_avg:262.53ms
step:280/2330 train_time:73505ms step_avg:262.52ms
step:281/2330 train_time:73763ms step_avg:262.50ms
step:282/2330 train_time:74024ms step_avg:262.50ms
step:283/2330 train_time:74281ms step_avg:262.48ms
step:284/2330 train_time:74538ms step_avg:262.46ms
step:285/2330 train_time:74802ms step_avg:262.46ms
step:286/2330 train_time:75063ms step_avg:262.46ms
step:287/2330 train_time:75320ms step_avg:262.44ms
step:288/2330 train_time:75593ms step_avg:262.47ms
step:289/2330 train_time:75846ms step_avg:262.44ms
step:290/2330 train_time:76106ms step_avg:262.43ms
step:291/2330 train_time:76364ms step_avg:262.42ms
step:292/2330 train_time:76622ms step_avg:262.40ms
step:293/2330 train_time:76880ms step_avg:262.39ms
step:294/2330 train_time:77142ms step_avg:262.39ms
step:295/2330 train_time:77399ms step_avg:262.37ms
step:296/2330 train_time:77659ms step_avg:262.36ms
step:297/2330 train_time:77920ms step_avg:262.36ms
step:298/2330 train_time:78180ms step_avg:262.35ms
step:299/2330 train_time:78441ms step_avg:262.34ms
step:300/2330 train_time:78703ms step_avg:262.34ms
step:301/2330 train_time:78960ms step_avg:262.32ms
step:302/2330 train_time:79236ms step_avg:262.37ms
step:303/2330 train_time:79494ms step_avg:262.36ms
step:304/2330 train_time:79751ms step_avg:262.34ms
step:305/2330 train_time:80010ms step_avg:262.33ms
step:306/2330 train_time:80272ms step_avg:262.33ms
step:307/2330 train_time:80530ms step_avg:262.31ms
step:308/2330 train_time:80788ms step_avg:262.30ms
step:309/2330 train_time:81040ms step_avg:262.26ms
step:310/2330 train_time:81291ms step_avg:262.23ms
step:311/2330 train_time:81551ms step_avg:262.22ms
step:312/2330 train_time:81813ms step_avg:262.22ms
step:313/2330 train_time:82070ms step_avg:262.21ms
step:314/2330 train_time:82338ms step_avg:262.22ms
step:315/2330 train_time:82601ms step_avg:262.23ms
step:316/2330 train_time:82855ms step_avg:262.20ms
step:317/2330 train_time:83129ms step_avg:262.24ms
step:318/2330 train_time:83373ms step_avg:262.18ms
step:319/2330 train_time:83630ms step_avg:262.16ms
step:320/2330 train_time:83887ms step_avg:262.15ms
step:321/2330 train_time:84148ms step_avg:262.14ms
step:322/2330 train_time:84411ms step_avg:262.15ms
step:323/2330 train_time:84673ms step_avg:262.14ms
step:324/2330 train_time:84950ms step_avg:262.19ms
step:325/2330 train_time:85209ms step_avg:262.18ms
step:326/2330 train_time:85471ms step_avg:262.18ms
step:327/2330 train_time:85732ms step_avg:262.18ms
step:328/2330 train_time:85975ms step_avg:262.12ms
step:329/2330 train_time:86250ms step_avg:262.16ms
step:330/2330 train_time:86490ms step_avg:262.09ms
step:331/2330 train_time:86750ms step_avg:262.08ms
step:332/2330 train_time:87010ms step_avg:262.08ms
step:333/2330 train_time:87270ms step_avg:262.07ms
step:334/2330 train_time:87533ms step_avg:262.07ms
step:335/2330 train_time:87790ms step_avg:262.06ms
step:336/2330 train_time:88051ms step_avg:262.06ms
step:337/2330 train_time:88315ms step_avg:262.06ms
step:338/2330 train_time:88572ms step_avg:262.05ms
step:339/2330 train_time:88829ms step_avg:262.03ms
step:340/2330 train_time:89094ms step_avg:262.04ms
step:341/2330 train_time:89355ms step_avg:262.04ms
step:342/2330 train_time:89613ms step_avg:262.03ms
step:343/2330 train_time:89872ms step_avg:262.02ms
step:344/2330 train_time:90132ms step_avg:262.01ms
step:345/2330 train_time:90395ms step_avg:262.01ms
step:346/2330 train_time:90655ms step_avg:262.01ms
step:347/2330 train_time:90913ms step_avg:262.00ms
step:348/2330 train_time:91173ms step_avg:261.99ms
step:349/2330 train_time:91434ms step_avg:261.99ms
step:350/2330 train_time:91697ms step_avg:261.99ms
step:351/2330 train_time:91957ms step_avg:261.99ms
step:352/2330 train_time:92216ms step_avg:261.98ms
step:353/2330 train_time:92474ms step_avg:261.97ms
step:354/2330 train_time:92736ms step_avg:261.97ms
step:355/2330 train_time:92995ms step_avg:261.96ms
step:356/2330 train_time:93252ms step_avg:261.94ms
step:357/2330 train_time:93516ms step_avg:261.95ms
step:358/2330 train_time:93772ms step_avg:261.93ms
step:359/2330 train_time:94031ms step_avg:261.93ms
step:360/2330 train_time:94291ms step_avg:261.92ms
step:361/2330 train_time:94548ms step_avg:261.91ms
step:362/2330 train_time:94816ms step_avg:261.92ms
step:363/2330 train_time:95073ms step_avg:261.91ms
step:364/2330 train_time:95346ms step_avg:261.94ms
step:365/2330 train_time:95604ms step_avg:261.93ms
step:366/2330 train_time:95865ms step_avg:261.93ms
step:367/2330 train_time:96113ms step_avg:261.89ms
step:368/2330 train_time:96377ms step_avg:261.89ms
step:369/2330 train_time:96637ms step_avg:261.89ms
step:370/2330 train_time:96895ms step_avg:261.88ms
step:371/2330 train_time:97158ms step_avg:261.88ms
step:372/2330 train_time:97416ms step_avg:261.87ms
step:373/2330 train_time:97676ms step_avg:261.86ms
step:374/2330 train_time:97933ms step_avg:261.85ms
step:375/2330 train_time:98198ms step_avg:261.86ms
step:376/2330 train_time:98462ms step_avg:261.87ms
step:377/2330 train_time:98724ms step_avg:261.87ms
step:378/2330 train_time:98982ms step_avg:261.86ms
step:379/2330 train_time:99242ms step_avg:261.85ms
step:380/2330 train_time:99500ms step_avg:261.84ms
step:381/2330 train_time:99760ms step_avg:261.84ms
step:382/2330 train_time:100020ms step_avg:261.83ms
step:383/2330 train_time:100280ms step_avg:261.83ms
step:384/2330 train_time:100541ms step_avg:261.83ms
step:385/2330 train_time:100798ms step_avg:261.81ms
step:386/2330 train_time:101059ms step_avg:261.81ms
step:387/2330 train_time:101323ms step_avg:261.82ms
step:388/2330 train_time:101582ms step_avg:261.81ms
step:389/2330 train_time:101839ms step_avg:261.80ms
step:390/2330 train_time:102099ms step_avg:261.79ms
step:391/2330 train_time:102358ms step_avg:261.79ms
step:392/2330 train_time:102619ms step_avg:261.78ms
step:393/2330 train_time:102878ms step_avg:261.78ms
step:394/2330 train_time:103135ms step_avg:261.77ms
step:395/2330 train_time:103401ms step_avg:261.77ms
step:396/2330 train_time:103662ms step_avg:261.77ms
step:397/2330 train_time:103915ms step_avg:261.75ms
step:398/2330 train_time:104175ms step_avg:261.75ms
step:399/2330 train_time:104436ms step_avg:261.74ms
step:400/2330 train_time:104696ms step_avg:261.74ms
step:401/2330 train_time:104957ms step_avg:261.74ms
step:402/2330 train_time:105222ms step_avg:261.75ms
step:403/2330 train_time:105480ms step_avg:261.74ms
step:404/2330 train_time:105740ms step_avg:261.73ms
step:405/2330 train_time:105998ms step_avg:261.72ms
step:406/2330 train_time:106257ms step_avg:261.72ms
step:407/2330 train_time:106516ms step_avg:261.71ms
step:408/2330 train_time:106780ms step_avg:261.71ms
step:409/2330 train_time:107035ms step_avg:261.70ms
step:410/2330 train_time:107296ms step_avg:261.70ms
step:411/2330 train_time:107552ms step_avg:261.68ms
step:412/2330 train_time:107815ms step_avg:261.69ms
step:413/2330 train_time:108074ms step_avg:261.68ms
step:414/2330 train_time:108338ms step_avg:261.69ms
step:415/2330 train_time:108598ms step_avg:261.68ms
step:416/2330 train_time:108857ms step_avg:261.67ms
step:417/2330 train_time:109112ms step_avg:261.66ms
step:418/2330 train_time:109371ms step_avg:261.65ms
step:419/2330 train_time:109633ms step_avg:261.65ms
step:420/2330 train_time:109896ms step_avg:261.66ms
step:421/2330 train_time:110155ms step_avg:261.65ms
step:422/2330 train_time:110417ms step_avg:261.65ms
step:423/2330 train_time:110680ms step_avg:261.66ms
step:424/2330 train_time:110941ms step_avg:261.65ms
step:425/2330 train_time:111200ms step_avg:261.65ms
step:426/2330 train_time:111462ms step_avg:261.65ms
step:427/2330 train_time:111723ms step_avg:261.65ms
step:428/2330 train_time:111982ms step_avg:261.64ms
step:429/2330 train_time:112242ms step_avg:261.64ms
step:430/2330 train_time:112504ms step_avg:261.64ms
step:431/2330 train_time:112761ms step_avg:261.63ms
step:432/2330 train_time:113018ms step_avg:261.62ms
step:433/2330 train_time:113281ms step_avg:261.62ms
step:434/2330 train_time:113541ms step_avg:261.61ms
step:435/2330 train_time:113803ms step_avg:261.62ms
step:436/2330 train_time:114062ms step_avg:261.61ms
step:437/2330 train_time:114333ms step_avg:261.63ms
step:438/2330 train_time:114583ms step_avg:261.61ms
step:439/2330 train_time:114846ms step_avg:261.61ms
step:440/2330 train_time:115105ms step_avg:261.60ms
step:441/2330 train_time:115365ms step_avg:261.60ms
step:442/2330 train_time:115623ms step_avg:261.59ms
step:443/2330 train_time:115885ms step_avg:261.59ms
step:444/2330 train_time:116143ms step_avg:261.58ms
step:445/2330 train_time:116405ms step_avg:261.58ms
step:446/2330 train_time:116663ms step_avg:261.58ms
step:447/2330 train_time:116921ms step_avg:261.57ms
step:448/2330 train_time:117181ms step_avg:261.56ms
step:449/2330 train_time:117441ms step_avg:261.56ms
step:450/2330 train_time:117702ms step_avg:261.56ms
step:451/2330 train_time:117961ms step_avg:261.56ms
step:452/2330 train_time:118222ms step_avg:261.55ms
step:453/2330 train_time:118482ms step_avg:261.55ms
step:454/2330 train_time:118739ms step_avg:261.54ms
step:455/2330 train_time:118997ms step_avg:261.53ms
step:456/2330 train_time:119256ms step_avg:261.53ms
step:457/2330 train_time:119518ms step_avg:261.53ms
step:458/2330 train_time:119780ms step_avg:261.53ms
step:459/2330 train_time:120042ms step_avg:261.53ms
step:460/2330 train_time:120306ms step_avg:261.54ms
step:461/2330 train_time:120565ms step_avg:261.53ms
step:462/2330 train_time:120829ms step_avg:261.54ms
step:463/2330 train_time:121088ms step_avg:261.53ms
step:464/2330 train_time:121346ms step_avg:261.52ms
step:465/2330 train_time:121606ms step_avg:261.52ms
step:466/2330 train_time:121867ms step_avg:261.52ms
step:467/2330 train_time:122126ms step_avg:261.51ms
step:468/2330 train_time:122388ms step_avg:261.51ms
step:469/2330 train_time:122651ms step_avg:261.52ms
step:470/2330 train_time:122909ms step_avg:261.51ms
step:471/2330 train_time:123168ms step_avg:261.50ms
step:472/2330 train_time:123429ms step_avg:261.50ms
step:473/2330 train_time:123691ms step_avg:261.50ms
step:474/2330 train_time:123952ms step_avg:261.50ms
step:475/2330 train_time:124209ms step_avg:261.49ms
step:476/2330 train_time:124470ms step_avg:261.49ms
step:477/2330 train_time:124733ms step_avg:261.49ms
step:478/2330 train_time:124994ms step_avg:261.49ms
step:479/2330 train_time:125257ms step_avg:261.50ms
step:480/2330 train_time:125514ms step_avg:261.49ms
step:481/2330 train_time:125773ms step_avg:261.48ms
step:482/2330 train_time:126035ms step_avg:261.48ms
step:483/2330 train_time:126296ms step_avg:261.48ms
step:484/2330 train_time:126557ms step_avg:261.48ms
step:485/2330 train_time:126816ms step_avg:261.48ms
step:486/2330 train_time:127082ms step_avg:261.48ms
step:487/2330 train_time:127338ms step_avg:261.48ms
step:488/2330 train_time:127600ms step_avg:261.47ms
step:489/2330 train_time:127858ms step_avg:261.47ms
step:490/2330 train_time:128126ms step_avg:261.48ms
step:491/2330 train_time:128385ms step_avg:261.48ms
step:492/2330 train_time:128644ms step_avg:261.47ms
step:493/2330 train_time:128901ms step_avg:261.46ms
step:494/2330 train_time:129159ms step_avg:261.46ms
step:495/2330 train_time:129418ms step_avg:261.45ms
step:496/2330 train_time:129678ms step_avg:261.45ms
step:497/2330 train_time:129938ms step_avg:261.44ms
step:498/2330 train_time:130198ms step_avg:261.44ms
step:499/2330 train_time:130468ms step_avg:261.46ms
step:500/2330 train_time:130726ms step_avg:261.45ms
step:500/2330 val_loss:3.8269 train_time:130903ms step_avg:261.81ms
step:501/2330 train_time:131087ms step_avg:261.65ms
step:502/2330 train_time:131342ms step_avg:261.64ms
step:503/2330 train_time:131601ms step_avg:261.63ms
step:504/2330 train_time:131859ms step_avg:261.62ms
step:505/2330 train_time:132123ms step_avg:261.63ms
step:506/2330 train_time:132389ms step_avg:261.64ms
step:507/2330 train_time:132647ms step_avg:261.63ms
step:508/2330 train_time:132900ms step_avg:261.61ms
step:509/2330 train_time:133161ms step_avg:261.61ms
step:510/2330 train_time:133422ms step_avg:261.61ms
step:511/2330 train_time:133687ms step_avg:261.62ms
step:512/2330 train_time:133949ms step_avg:261.62ms
step:513/2330 train_time:134207ms step_avg:261.61ms
step:514/2330 train_time:134467ms step_avg:261.61ms
step:515/2330 train_time:134725ms step_avg:261.60ms
step:516/2330 train_time:134987ms step_avg:261.60ms
step:517/2330 train_time:135245ms step_avg:261.60ms
step:518/2330 train_time:135506ms step_avg:261.59ms
step:519/2330 train_time:135766ms step_avg:261.59ms
step:520/2330 train_time:136027ms step_avg:261.59ms
step:521/2330 train_time:136286ms step_avg:261.59ms
step:522/2330 train_time:136546ms step_avg:261.58ms
step:523/2330 train_time:136808ms step_avg:261.58ms
step:524/2330 train_time:137066ms step_avg:261.58ms
step:525/2330 train_time:137328ms step_avg:261.58ms
step:526/2330 train_time:137586ms step_avg:261.57ms
step:527/2330 train_time:137846ms step_avg:261.57ms
step:528/2330 train_time:138105ms step_avg:261.56ms
step:529/2330 train_time:138365ms step_avg:261.56ms
step:530/2330 train_time:138624ms step_avg:261.55ms
step:531/2330 train_time:138881ms step_avg:261.55ms
step:532/2330 train_time:139143ms step_avg:261.55ms
step:533/2330 train_time:139401ms step_avg:261.54ms
step:534/2330 train_time:139664ms step_avg:261.54ms
step:535/2330 train_time:139924ms step_avg:261.54ms
step:536/2330 train_time:140187ms step_avg:261.54ms
step:537/2330 train_time:140449ms step_avg:261.54ms
step:538/2330 train_time:140713ms step_avg:261.55ms
step:539/2330 train_time:140969ms step_avg:261.54ms
step:540/2330 train_time:141228ms step_avg:261.53ms
step:541/2330 train_time:141491ms step_avg:261.54ms
step:542/2330 train_time:141746ms step_avg:261.52ms
step:543/2330 train_time:142008ms step_avg:261.52ms
step:544/2330 train_time:142267ms step_avg:261.52ms
step:545/2330 train_time:142527ms step_avg:261.52ms
step:546/2330 train_time:142789ms step_avg:261.52ms
step:547/2330 train_time:143051ms step_avg:261.52ms
step:548/2330 train_time:143310ms step_avg:261.51ms
step:549/2330 train_time:143570ms step_avg:261.51ms
step:550/2330 train_time:143830ms step_avg:261.51ms
step:551/2330 train_time:144087ms step_avg:261.50ms
step:552/2330 train_time:144355ms step_avg:261.51ms
step:553/2330 train_time:144610ms step_avg:261.50ms
step:554/2330 train_time:144872ms step_avg:261.50ms
step:555/2330 train_time:145131ms step_avg:261.50ms
step:556/2330 train_time:145392ms step_avg:261.50ms
step:557/2330 train_time:145651ms step_avg:261.49ms
step:558/2330 train_time:145917ms step_avg:261.50ms
step:559/2330 train_time:146173ms step_avg:261.49ms
step:560/2330 train_time:146437ms step_avg:261.50ms
step:561/2330 train_time:146695ms step_avg:261.49ms
step:562/2330 train_time:146956ms step_avg:261.49ms
step:563/2330 train_time:147214ms step_avg:261.48ms
step:564/2330 train_time:147478ms step_avg:261.49ms
step:565/2330 train_time:147735ms step_avg:261.48ms
step:566/2330 train_time:147996ms step_avg:261.48ms
step:567/2330 train_time:148256ms step_avg:261.47ms
step:568/2330 train_time:148514ms step_avg:261.47ms
step:569/2330 train_time:148779ms step_avg:261.47ms
step:570/2330 train_time:149038ms step_avg:261.47ms
step:571/2330 train_time:149296ms step_avg:261.46ms
step:572/2330 train_time:149552ms step_avg:261.45ms
step:573/2330 train_time:149818ms step_avg:261.46ms
step:574/2330 train_time:150081ms step_avg:261.46ms
step:575/2330 train_time:150337ms step_avg:261.46ms
step:576/2330 train_time:150600ms step_avg:261.46ms
step:577/2330 train_time:150858ms step_avg:261.45ms
step:578/2330 train_time:151118ms step_avg:261.45ms
step:579/2330 train_time:151377ms step_avg:261.45ms
step:580/2330 train_time:151639ms step_avg:261.45ms
step:581/2330 train_time:151902ms step_avg:261.45ms
step:582/2330 train_time:152160ms step_avg:261.44ms
step:583/2330 train_time:152422ms step_avg:261.44ms
step:584/2330 train_time:152683ms step_avg:261.44ms
step:585/2330 train_time:152939ms step_avg:261.43ms
step:586/2330 train_time:153199ms step_avg:261.43ms
step:587/2330 train_time:153458ms step_avg:261.43ms
step:588/2330 train_time:153719ms step_avg:261.43ms
step:589/2330 train_time:153978ms step_avg:261.42ms
step:590/2330 train_time:154242ms step_avg:261.43ms
step:591/2330 train_time:154504ms step_avg:261.43ms
step:592/2330 train_time:154769ms step_avg:261.43ms
step:593/2330 train_time:155030ms step_avg:261.43ms
step:594/2330 train_time:155289ms step_avg:261.43ms
step:595/2330 train_time:155546ms step_avg:261.42ms
step:596/2330 train_time:155804ms step_avg:261.42ms
step:597/2330 train_time:156067ms step_avg:261.42ms
step:598/2330 train_time:156327ms step_avg:261.42ms
step:599/2330 train_time:156588ms step_avg:261.42ms
step:600/2330 train_time:156849ms step_avg:261.41ms
step:601/2330 train_time:157110ms step_avg:261.41ms
step:602/2330 train_time:157368ms step_avg:261.41ms
step:603/2330 train_time:157630ms step_avg:261.41ms
step:604/2330 train_time:157889ms step_avg:261.41ms
step:605/2330 train_time:158147ms step_avg:261.40ms
step:606/2330 train_time:158411ms step_avg:261.40ms
step:607/2330 train_time:158669ms step_avg:261.40ms
step:608/2330 train_time:158926ms step_avg:261.39ms
step:609/2330 train_time:159187ms step_avg:261.39ms
step:610/2330 train_time:159447ms step_avg:261.39ms
step:611/2330 train_time:159706ms step_avg:261.38ms
step:612/2330 train_time:159963ms step_avg:261.38ms
step:613/2330 train_time:160221ms step_avg:261.37ms
step:614/2330 train_time:160480ms step_avg:261.37ms
step:615/2330 train_time:160739ms step_avg:261.36ms
step:616/2330 train_time:160997ms step_avg:261.36ms
step:617/2330 train_time:161260ms step_avg:261.36ms
step:618/2330 train_time:161523ms step_avg:261.36ms
step:619/2330 train_time:161783ms step_avg:261.36ms
step:620/2330 train_time:162039ms step_avg:261.35ms
step:621/2330 train_time:162301ms step_avg:261.35ms
step:622/2330 train_time:162559ms step_avg:261.35ms
step:623/2330 train_time:162839ms step_avg:261.38ms
step:624/2330 train_time:163093ms step_avg:261.37ms
step:625/2330 train_time:163345ms step_avg:261.35ms
step:626/2330 train_time:163611ms step_avg:261.36ms
step:627/2330 train_time:163865ms step_avg:261.35ms
step:628/2330 train_time:164125ms step_avg:261.35ms
step:629/2330 train_time:164410ms step_avg:261.38ms
step:630/2330 train_time:164653ms step_avg:261.35ms
step:631/2330 train_time:164915ms step_avg:261.35ms
step:632/2330 train_time:165168ms step_avg:261.34ms
step:633/2330 train_time:165428ms step_avg:261.34ms
step:634/2330 train_time:165687ms step_avg:261.34ms
step:635/2330 train_time:165945ms step_avg:261.33ms
step:636/2330 train_time:166210ms step_avg:261.34ms
step:637/2330 train_time:166470ms step_avg:261.33ms
step:638/2330 train_time:166732ms step_avg:261.34ms
step:639/2330 train_time:166992ms step_avg:261.33ms
step:640/2330 train_time:167251ms step_avg:261.33ms
step:641/2330 train_time:167512ms step_avg:261.33ms
step:642/2330 train_time:167774ms step_avg:261.33ms
step:643/2330 train_time:168032ms step_avg:261.32ms
step:644/2330 train_time:168291ms step_avg:261.32ms
step:645/2330 train_time:168553ms step_avg:261.32ms
step:646/2330 train_time:168811ms step_avg:261.32ms
step:647/2330 train_time:169074ms step_avg:261.32ms
step:648/2330 train_time:169333ms step_avg:261.32ms
step:649/2330 train_time:169591ms step_avg:261.31ms
step:650/2330 train_time:169851ms step_avg:261.31ms
step:651/2330 train_time:170112ms step_avg:261.31ms
step:652/2330 train_time:170371ms step_avg:261.31ms
step:653/2330 train_time:170640ms step_avg:261.32ms
step:654/2330 train_time:170894ms step_avg:261.31ms
step:655/2330 train_time:171156ms step_avg:261.31ms
step:656/2330 train_time:171412ms step_avg:261.30ms
step:657/2330 train_time:171672ms step_avg:261.30ms
step:658/2330 train_time:171934ms step_avg:261.30ms
step:659/2330 train_time:172197ms step_avg:261.30ms
step:660/2330 train_time:172455ms step_avg:261.30ms
step:661/2330 train_time:172716ms step_avg:261.30ms
step:662/2330 train_time:172981ms step_avg:261.30ms
step:663/2330 train_time:173239ms step_avg:261.30ms
step:664/2330 train_time:173499ms step_avg:261.29ms
step:665/2330 train_time:173757ms step_avg:261.29ms
step:666/2330 train_time:174019ms step_avg:261.29ms
step:667/2330 train_time:174296ms step_avg:261.31ms
step:668/2330 train_time:174539ms step_avg:261.29ms
step:669/2330 train_time:174801ms step_avg:261.29ms
step:670/2330 train_time:175078ms step_avg:261.31ms
step:671/2330 train_time:175339ms step_avg:261.31ms
step:672/2330 train_time:175598ms step_avg:261.31ms
step:673/2330 train_time:175841ms step_avg:261.28ms
step:674/2330 train_time:176104ms step_avg:261.28ms
step:675/2330 train_time:176360ms step_avg:261.27ms
step:676/2330 train_time:176618ms step_avg:261.27ms
step:677/2330 train_time:176878ms step_avg:261.27ms
step:678/2330 train_time:177138ms step_avg:261.27ms
step:679/2330 train_time:177397ms step_avg:261.26ms
step:680/2330 train_time:177660ms step_avg:261.26ms
step:681/2330 train_time:177940ms step_avg:261.29ms
step:682/2330 train_time:178179ms step_avg:261.26ms
step:683/2330 train_time:178439ms step_avg:261.26ms
step:684/2330 train_time:178700ms step_avg:261.26ms
step:685/2330 train_time:178962ms step_avg:261.26ms
step:686/2330 train_time:179231ms step_avg:261.27ms
step:687/2330 train_time:179491ms step_avg:261.27ms
step:688/2330 train_time:179752ms step_avg:261.27ms
step:689/2330 train_time:180015ms step_avg:261.27ms
step:690/2330 train_time:180274ms step_avg:261.27ms
step:691/2330 train_time:180537ms step_avg:261.27ms
step:692/2330 train_time:180788ms step_avg:261.25ms
step:693/2330 train_time:181043ms step_avg:261.24ms
step:694/2330 train_time:181306ms step_avg:261.25ms
step:695/2330 train_time:181580ms step_avg:261.27ms
step:696/2330 train_time:181827ms step_avg:261.25ms
step:697/2330 train_time:182088ms step_avg:261.24ms
step:698/2330 train_time:182350ms step_avg:261.25ms
step:699/2330 train_time:182608ms step_avg:261.24ms
step:700/2330 train_time:182872ms step_avg:261.25ms
step:701/2330 train_time:183149ms step_avg:261.27ms
step:702/2330 train_time:183409ms step_avg:261.27ms
step:703/2330 train_time:183665ms step_avg:261.26ms
step:704/2330 train_time:183910ms step_avg:261.24ms
step:705/2330 train_time:184170ms step_avg:261.23ms
step:706/2330 train_time:184432ms step_avg:261.23ms
step:707/2330 train_time:184694ms step_avg:261.24ms
step:708/2330 train_time:184970ms step_avg:261.26ms
step:709/2330 train_time:185229ms step_avg:261.25ms
step:710/2330 train_time:185470ms step_avg:261.23ms
step:711/2330 train_time:185731ms step_avg:261.23ms
step:712/2330 train_time:185990ms step_avg:261.22ms
step:713/2330 train_time:186252ms step_avg:261.22ms
step:714/2330 train_time:186514ms step_avg:261.22ms
step:715/2330 train_time:186773ms step_avg:261.22ms
step:716/2330 train_time:187031ms step_avg:261.22ms
step:717/2330 train_time:187293ms step_avg:261.22ms
step:718/2330 train_time:187558ms step_avg:261.22ms
step:719/2330 train_time:187818ms step_avg:261.22ms
step:720/2330 train_time:188081ms step_avg:261.22ms
step:721/2330 train_time:188344ms step_avg:261.23ms
step:722/2330 train_time:188604ms step_avg:261.22ms
step:723/2330 train_time:188863ms step_avg:261.22ms
step:724/2330 train_time:189123ms step_avg:261.22ms
step:725/2330 train_time:189385ms step_avg:261.22ms
step:726/2330 train_time:189645ms step_avg:261.22ms
step:727/2330 train_time:189906ms step_avg:261.22ms
step:728/2330 train_time:190166ms step_avg:261.22ms
step:729/2330 train_time:190428ms step_avg:261.22ms
step:730/2330 train_time:190689ms step_avg:261.22ms
step:731/2330 train_time:190946ms step_avg:261.21ms
step:732/2330 train_time:191210ms step_avg:261.22ms
step:733/2330 train_time:191469ms step_avg:261.21ms
step:734/2330 train_time:191730ms step_avg:261.21ms
step:735/2330 train_time:191989ms step_avg:261.21ms
step:736/2330 train_time:192247ms step_avg:261.21ms
step:737/2330 train_time:192508ms step_avg:261.20ms
step:738/2330 train_time:192771ms step_avg:261.21ms
step:739/2330 train_time:193044ms step_avg:261.22ms
step:740/2330 train_time:193307ms step_avg:261.23ms
step:741/2330 train_time:193565ms step_avg:261.22ms
step:742/2330 train_time:193822ms step_avg:261.21ms
step:743/2330 train_time:194080ms step_avg:261.21ms
step:744/2330 train_time:194341ms step_avg:261.21ms
step:745/2330 train_time:194599ms step_avg:261.21ms
step:746/2330 train_time:194855ms step_avg:261.20ms
step:747/2330 train_time:195117ms step_avg:261.20ms
step:748/2330 train_time:195373ms step_avg:261.19ms
step:749/2330 train_time:195635ms step_avg:261.20ms
step:750/2330 train_time:195895ms step_avg:261.19ms
step:750/2330 val_loss:3.6883 train_time:196075ms step_avg:261.43ms
step:751/2330 train_time:196277ms step_avg:261.35ms
step:752/2330 train_time:196506ms step_avg:261.31ms
step:753/2330 train_time:196761ms step_avg:261.30ms
step:754/2330 train_time:197021ms step_avg:261.30ms
step:755/2330 train_time:197282ms step_avg:261.30ms
step:756/2330 train_time:197541ms step_avg:261.30ms
step:757/2330 train_time:197795ms step_avg:261.29ms
step:758/2330 train_time:198054ms step_avg:261.28ms
step:759/2330 train_time:198314ms step_avg:261.28ms
step:760/2330 train_time:198577ms step_avg:261.29ms
step:761/2330 train_time:198836ms step_avg:261.28ms
step:762/2330 train_time:199098ms step_avg:261.28ms
step:763/2330 train_time:199361ms step_avg:261.29ms
step:764/2330 train_time:199616ms step_avg:261.28ms
step:765/2330 train_time:199875ms step_avg:261.27ms
step:766/2330 train_time:200136ms step_avg:261.27ms
step:767/2330 train_time:200397ms step_avg:261.27ms
step:768/2330 train_time:200656ms step_avg:261.27ms
step:769/2330 train_time:200913ms step_avg:261.27ms
step:770/2330 train_time:201174ms step_avg:261.26ms
step:771/2330 train_time:201431ms step_avg:261.26ms
step:772/2330 train_time:201692ms step_avg:261.26ms
step:773/2330 train_time:201955ms step_avg:261.26ms
step:774/2330 train_time:202212ms step_avg:261.26ms
step:775/2330 train_time:202472ms step_avg:261.25ms
step:776/2330 train_time:202751ms step_avg:261.28ms
step:777/2330 train_time:202992ms step_avg:261.25ms
step:778/2330 train_time:203253ms step_avg:261.25ms
step:779/2330 train_time:203513ms step_avg:261.25ms
step:780/2330 train_time:203774ms step_avg:261.25ms
step:781/2330 train_time:204035ms step_avg:261.25ms
step:782/2330 train_time:204295ms step_avg:261.25ms
step:783/2330 train_time:204554ms step_avg:261.24ms
step:784/2330 train_time:204815ms step_avg:261.24ms
step:785/2330 train_time:205077ms step_avg:261.24ms
step:786/2330 train_time:205342ms step_avg:261.25ms
step:787/2330 train_time:205601ms step_avg:261.25ms
step:788/2330 train_time:205862ms step_avg:261.25ms
step:789/2330 train_time:206120ms step_avg:261.24ms
step:790/2330 train_time:206380ms step_avg:261.24ms
step:791/2330 train_time:206654ms step_avg:261.26ms
step:792/2330 train_time:206912ms step_avg:261.25ms
step:793/2330 train_time:207163ms step_avg:261.24ms
step:794/2330 train_time:207421ms step_avg:261.24ms
step:795/2330 train_time:207685ms step_avg:261.24ms
step:796/2330 train_time:207942ms step_avg:261.23ms
step:797/2330 train_time:208204ms step_avg:261.23ms
step:798/2330 train_time:208464ms step_avg:261.23ms
step:799/2330 train_time:208726ms step_avg:261.23ms
step:800/2330 train_time:208987ms step_avg:261.23ms
step:801/2330 train_time:209247ms step_avg:261.23ms
step:802/2330 train_time:209505ms step_avg:261.23ms
step:803/2330 train_time:209766ms step_avg:261.23ms
step:804/2330 train_time:210026ms step_avg:261.23ms
step:805/2330 train_time:210286ms step_avg:261.22ms
step:806/2330 train_time:210544ms step_avg:261.22ms
step:807/2330 train_time:210807ms step_avg:261.22ms
step:808/2330 train_time:211070ms step_avg:261.22ms
step:809/2330 train_time:211328ms step_avg:261.22ms
step:810/2330 train_time:211590ms step_avg:261.22ms
step:811/2330 train_time:211848ms step_avg:261.22ms
step:812/2330 train_time:212116ms step_avg:261.23ms
step:813/2330 train_time:212373ms step_avg:261.22ms
step:814/2330 train_time:212631ms step_avg:261.22ms
step:815/2330 train_time:212892ms step_avg:261.22ms
step:816/2330 train_time:213151ms step_avg:261.22ms
step:817/2330 train_time:213414ms step_avg:261.22ms
step:818/2330 train_time:213671ms step_avg:261.21ms
step:819/2330 train_time:213932ms step_avg:261.21ms
step:820/2330 train_time:214191ms step_avg:261.21ms
step:821/2330 train_time:214451ms step_avg:261.21ms
step:822/2330 train_time:214720ms step_avg:261.22ms
step:823/2330 train_time:214975ms step_avg:261.21ms
step:824/2330 train_time:215238ms step_avg:261.21ms
step:825/2330 train_time:215514ms step_avg:261.23ms
step:826/2330 train_time:215776ms step_avg:261.23ms
step:827/2330 train_time:216041ms step_avg:261.23ms
step:828/2330 train_time:216283ms step_avg:261.21ms
step:829/2330 train_time:216542ms step_avg:261.21ms
step:830/2330 train_time:216801ms step_avg:261.21ms
step:831/2330 train_time:217064ms step_avg:261.21ms
step:832/2330 train_time:217324ms step_avg:261.21ms
step:833/2330 train_time:217586ms step_avg:261.21ms
step:834/2330 train_time:217847ms step_avg:261.21ms
step:835/2330 train_time:218107ms step_avg:261.21ms
step:836/2330 train_time:218364ms step_avg:261.20ms
step:837/2330 train_time:218628ms step_avg:261.20ms
step:838/2330 train_time:218892ms step_avg:261.21ms
step:839/2330 train_time:219153ms step_avg:261.21ms
step:840/2330 train_time:219415ms step_avg:261.21ms
step:841/2330 train_time:219676ms step_avg:261.21ms
step:842/2330 train_time:219935ms step_avg:261.21ms
step:843/2330 train_time:220195ms step_avg:261.20ms
step:844/2330 train_time:220456ms step_avg:261.20ms
step:845/2330 train_time:220716ms step_avg:261.20ms
step:846/2330 train_time:220976ms step_avg:261.20ms
step:847/2330 train_time:221239ms step_avg:261.20ms
step:848/2330 train_time:221497ms step_avg:261.20ms
step:849/2330 train_time:221759ms step_avg:261.20ms
step:850/2330 train_time:222017ms step_avg:261.20ms
step:851/2330 train_time:222275ms step_avg:261.19ms
step:852/2330 train_time:222536ms step_avg:261.19ms
step:853/2330 train_time:222799ms step_avg:261.19ms
step:854/2330 train_time:223056ms step_avg:261.19ms
step:855/2330 train_time:223320ms step_avg:261.19ms
step:856/2330 train_time:223581ms step_avg:261.19ms
step:857/2330 train_time:223842ms step_avg:261.19ms
step:858/2330 train_time:224106ms step_avg:261.20ms
step:859/2330 train_time:224365ms step_avg:261.19ms
step:860/2330 train_time:224623ms step_avg:261.19ms
step:861/2330 train_time:224886ms step_avg:261.19ms
step:862/2330 train_time:225145ms step_avg:261.19ms
step:863/2330 train_time:225419ms step_avg:261.20ms
step:864/2330 train_time:225675ms step_avg:261.20ms
step:865/2330 train_time:225937ms step_avg:261.20ms
step:866/2330 train_time:226197ms step_avg:261.20ms
step:867/2330 train_time:226462ms step_avg:261.20ms
step:868/2330 train_time:226707ms step_avg:261.18ms
step:869/2330 train_time:226974ms step_avg:261.19ms
step:870/2330 train_time:227232ms step_avg:261.19ms
step:871/2330 train_time:227492ms step_avg:261.19ms
step:872/2330 train_time:227751ms step_avg:261.18ms
step:873/2330 train_time:228008ms step_avg:261.18ms
step:874/2330 train_time:228268ms step_avg:261.18ms
step:875/2330 train_time:228525ms step_avg:261.17ms
step:876/2330 train_time:228786ms step_avg:261.17ms
step:877/2330 train_time:229043ms step_avg:261.17ms
step:878/2330 train_time:229303ms step_avg:261.17ms
step:879/2330 train_time:229564ms step_avg:261.17ms
step:880/2330 train_time:229826ms step_avg:261.17ms
step:881/2330 train_time:230090ms step_avg:261.17ms
step:882/2330 train_time:230348ms step_avg:261.17ms
step:883/2330 train_time:230609ms step_avg:261.17ms
step:884/2330 train_time:230870ms step_avg:261.17ms
step:885/2330 train_time:231130ms step_avg:261.16ms
step:886/2330 train_time:231393ms step_avg:261.17ms
step:887/2330 train_time:231653ms step_avg:261.17ms
step:888/2330 train_time:231914ms step_avg:261.16ms
step:889/2330 train_time:232174ms step_avg:261.16ms
step:890/2330 train_time:232433ms step_avg:261.16ms
step:891/2330 train_time:232695ms step_avg:261.16ms
step:892/2330 train_time:232955ms step_avg:261.16ms
step:893/2330 train_time:233212ms step_avg:261.16ms
step:894/2330 train_time:233473ms step_avg:261.15ms
step:895/2330 train_time:233733ms step_avg:261.15ms
step:896/2330 train_time:233994ms step_avg:261.15ms
step:897/2330 train_time:234254ms step_avg:261.15ms
step:898/2330 train_time:234516ms step_avg:261.15ms
step:899/2330 train_time:234776ms step_avg:261.15ms
step:900/2330 train_time:235041ms step_avg:261.16ms
step:901/2330 train_time:235300ms step_avg:261.15ms
step:902/2330 train_time:235557ms step_avg:261.15ms
step:903/2330 train_time:235832ms step_avg:261.16ms
step:904/2330 train_time:236092ms step_avg:261.16ms
step:905/2330 train_time:236351ms step_avg:261.16ms
step:906/2330 train_time:236612ms step_avg:261.16ms
step:907/2330 train_time:236863ms step_avg:261.15ms
step:908/2330 train_time:237123ms step_avg:261.15ms
step:909/2330 train_time:237384ms step_avg:261.15ms
step:910/2330 train_time:237645ms step_avg:261.15ms
step:911/2330 train_time:237908ms step_avg:261.15ms
step:912/2330 train_time:238167ms step_avg:261.15ms
step:913/2330 train_time:238428ms step_avg:261.15ms
step:914/2330 train_time:238690ms step_avg:261.15ms
step:915/2330 train_time:238947ms step_avg:261.14ms
step:916/2330 train_time:239210ms step_avg:261.15ms
step:917/2330 train_time:239469ms step_avg:261.14ms
step:918/2330 train_time:239729ms step_avg:261.14ms
step:919/2330 train_time:239991ms step_avg:261.14ms
step:920/2330 train_time:240253ms step_avg:261.14ms
step:921/2330 train_time:240513ms step_avg:261.14ms
step:922/2330 train_time:240770ms step_avg:261.14ms
step:923/2330 train_time:241028ms step_avg:261.14ms
step:924/2330 train_time:241285ms step_avg:261.13ms
step:925/2330 train_time:241544ms step_avg:261.13ms
step:926/2330 train_time:241802ms step_avg:261.13ms
step:927/2330 train_time:242068ms step_avg:261.13ms
step:928/2330 train_time:242328ms step_avg:261.13ms
step:929/2330 train_time:242586ms step_avg:261.13ms
step:930/2330 train_time:242850ms step_avg:261.13ms
step:931/2330 train_time:243105ms step_avg:261.12ms
step:932/2330 train_time:243368ms step_avg:261.12ms
step:933/2330 train_time:243627ms step_avg:261.12ms
step:934/2330 train_time:243886ms step_avg:261.12ms
step:935/2330 train_time:244148ms step_avg:261.12ms
step:936/2330 train_time:244412ms step_avg:261.12ms
step:937/2330 train_time:244673ms step_avg:261.12ms
step:938/2330 train_time:244936ms step_avg:261.13ms
step:939/2330 train_time:245197ms step_avg:261.13ms
step:940/2330 train_time:245458ms step_avg:261.13ms
step:941/2330 train_time:245721ms step_avg:261.13ms
step:942/2330 train_time:245982ms step_avg:261.13ms
step:943/2330 train_time:246243ms step_avg:261.13ms
step:944/2330 train_time:246505ms step_avg:261.13ms
step:945/2330 train_time:246767ms step_avg:261.13ms
step:946/2330 train_time:247028ms step_avg:261.13ms
step:947/2330 train_time:247287ms step_avg:261.13ms
step:948/2330 train_time:247549ms step_avg:261.13ms
step:949/2330 train_time:247805ms step_avg:261.12ms
step:950/2330 train_time:248069ms step_avg:261.13ms
step:951/2330 train_time:248330ms step_avg:261.13ms
step:952/2330 train_time:248589ms step_avg:261.12ms
step:953/2330 train_time:248852ms step_avg:261.12ms
step:954/2330 train_time:249111ms step_avg:261.12ms
step:955/2330 train_time:249372ms step_avg:261.12ms
step:956/2330 train_time:249636ms step_avg:261.13ms
step:957/2330 train_time:249894ms step_avg:261.12ms
step:958/2330 train_time:250156ms step_avg:261.12ms
step:959/2330 train_time:250413ms step_avg:261.12ms
step:960/2330 train_time:250673ms step_avg:261.12ms
step:961/2330 train_time:250931ms step_avg:261.11ms
step:962/2330 train_time:251194ms step_avg:261.12ms
step:963/2330 train_time:251453ms step_avg:261.11ms
step:964/2330 train_time:251713ms step_avg:261.11ms
step:965/2330 train_time:251971ms step_avg:261.11ms
step:966/2330 train_time:252230ms step_avg:261.11ms
step:967/2330 train_time:252493ms step_avg:261.11ms
step:968/2330 train_time:252753ms step_avg:261.11ms
step:969/2330 train_time:253014ms step_avg:261.11ms
step:970/2330 train_time:253276ms step_avg:261.11ms
step:971/2330 train_time:253536ms step_avg:261.11ms
step:972/2330 train_time:253796ms step_avg:261.11ms
step:973/2330 train_time:254057ms step_avg:261.11ms
step:974/2330 train_time:254317ms step_avg:261.11ms
step:975/2330 train_time:254574ms step_avg:261.10ms
step:976/2330 train_time:254836ms step_avg:261.10ms
step:977/2330 train_time:255096ms step_avg:261.10ms
step:978/2330 train_time:255356ms step_avg:261.10ms
step:979/2330 train_time:255618ms step_avg:261.10ms
step:980/2330 train_time:255881ms step_avg:261.10ms
step:981/2330 train_time:256139ms step_avg:261.10ms
step:982/2330 train_time:256400ms step_avg:261.10ms
step:983/2330 train_time:256660ms step_avg:261.10ms
step:984/2330 train_time:256919ms step_avg:261.10ms
step:985/2330 train_time:257180ms step_avg:261.10ms
step:986/2330 train_time:257439ms step_avg:261.09ms
step:987/2330 train_time:257701ms step_avg:261.09ms
step:988/2330 train_time:257963ms step_avg:261.10ms
step:989/2330 train_time:258223ms step_avg:261.09ms
step:990/2330 train_time:258482ms step_avg:261.09ms
step:991/2330 train_time:258741ms step_avg:261.09ms
step:992/2330 train_time:259001ms step_avg:261.09ms
step:993/2330 train_time:259263ms step_avg:261.09ms
step:994/2330 train_time:259524ms step_avg:261.09ms
step:995/2330 train_time:259784ms step_avg:261.09ms
step:996/2330 train_time:260050ms step_avg:261.09ms
step:997/2330 train_time:260315ms step_avg:261.10ms
step:998/2330 train_time:260568ms step_avg:261.09ms
step:999/2330 train_time:260827ms step_avg:261.09ms
step:1000/2330 train_time:261087ms step_avg:261.09ms
step:1000/2330 val_loss:3.5777 train_time:261275ms step_avg:261.27ms
step:1001/2330 train_time:261474ms step_avg:261.21ms
step:1002/2330 train_time:261702ms step_avg:261.18ms
step:1003/2330 train_time:261959ms step_avg:261.18ms
step:1004/2330 train_time:262223ms step_avg:261.18ms
step:1005/2330 train_time:262483ms step_avg:261.18ms
step:1006/2330 train_time:262742ms step_avg:261.17ms
step:1007/2330 train_time:263002ms step_avg:261.17ms
step:1008/2330 train_time:263266ms step_avg:261.18ms
step:1009/2330 train_time:263521ms step_avg:261.17ms
step:1010/2330 train_time:263781ms step_avg:261.17ms
step:1011/2330 train_time:264033ms step_avg:261.16ms
step:1012/2330 train_time:264289ms step_avg:261.16ms
step:1013/2330 train_time:264548ms step_avg:261.15ms
step:1014/2330 train_time:264805ms step_avg:261.15ms
step:1015/2330 train_time:265066ms step_avg:261.15ms
step:1016/2330 train_time:265326ms step_avg:261.15ms
step:1017/2330 train_time:265584ms step_avg:261.14ms
step:1018/2330 train_time:265847ms step_avg:261.15ms
step:1019/2330 train_time:266107ms step_avg:261.15ms
step:1020/2330 train_time:266372ms step_avg:261.15ms
step:1021/2330 train_time:266634ms step_avg:261.15ms
step:1022/2330 train_time:266893ms step_avg:261.15ms
step:1023/2330 train_time:267153ms step_avg:261.15ms
step:1024/2330 train_time:267410ms step_avg:261.14ms
step:1025/2330 train_time:267674ms step_avg:261.15ms
step:1026/2330 train_time:267934ms step_avg:261.14ms
step:1027/2330 train_time:268193ms step_avg:261.14ms
step:1028/2330 train_time:268455ms step_avg:261.14ms
step:1029/2330 train_time:268717ms step_avg:261.14ms
step:1030/2330 train_time:268976ms step_avg:261.14ms
step:1031/2330 train_time:269237ms step_avg:261.14ms
step:1032/2330 train_time:269496ms step_avg:261.14ms
step:1033/2330 train_time:269761ms step_avg:261.14ms
step:1034/2330 train_time:270023ms step_avg:261.14ms
step:1035/2330 train_time:270288ms step_avg:261.15ms
step:1036/2330 train_time:270550ms step_avg:261.15ms
step:1037/2330 train_time:270808ms step_avg:261.15ms
step:1038/2330 train_time:271057ms step_avg:261.13ms
step:1039/2330 train_time:271318ms step_avg:261.13ms
step:1040/2330 train_time:271578ms step_avg:261.13ms
step:1041/2330 train_time:271840ms step_avg:261.13ms
step:1042/2330 train_time:272098ms step_avg:261.13ms
step:1043/2330 train_time:272358ms step_avg:261.13ms
step:1044/2330 train_time:272619ms step_avg:261.13ms
step:1045/2330 train_time:272879ms step_avg:261.13ms
step:1046/2330 train_time:273141ms step_avg:261.13ms
step:1047/2330 train_time:273400ms step_avg:261.13ms
step:1048/2330 train_time:273659ms step_avg:261.12ms
step:1049/2330 train_time:273918ms step_avg:261.12ms
step:1050/2330 train_time:274176ms step_avg:261.12ms
step:1051/2330 train_time:274438ms step_avg:261.12ms
step:1052/2330 train_time:274698ms step_avg:261.12ms
step:1053/2330 train_time:274958ms step_avg:261.12ms
step:1054/2330 train_time:275217ms step_avg:261.12ms
step:1055/2330 train_time:275476ms step_avg:261.11ms
step:1056/2330 train_time:275737ms step_avg:261.11ms
step:1057/2330 train_time:275994ms step_avg:261.11ms
step:1058/2330 train_time:276253ms step_avg:261.11ms
step:1059/2330 train_time:276513ms step_avg:261.11ms
step:1060/2330 train_time:276791ms step_avg:261.12ms
step:1061/2330 train_time:277048ms step_avg:261.12ms
step:1062/2330 train_time:277292ms step_avg:261.10ms
step:1063/2330 train_time:277551ms step_avg:261.10ms
step:1064/2330 train_time:277812ms step_avg:261.10ms
step:1065/2330 train_time:278072ms step_avg:261.10ms
step:1066/2330 train_time:278332ms step_avg:261.10ms
step:1067/2330 train_time:278594ms step_avg:261.10ms
step:1068/2330 train_time:278854ms step_avg:261.10ms
step:1069/2330 train_time:279113ms step_avg:261.10ms
step:1070/2330 train_time:279372ms step_avg:261.10ms
step:1071/2330 train_time:279637ms step_avg:261.10ms
step:1072/2330 train_time:279894ms step_avg:261.10ms
step:1073/2330 train_time:280152ms step_avg:261.09ms
step:1074/2330 train_time:280414ms step_avg:261.09ms
step:1075/2330 train_time:280681ms step_avg:261.10ms
step:1076/2330 train_time:280943ms step_avg:261.10ms
step:1077/2330 train_time:281200ms step_avg:261.10ms
step:1078/2330 train_time:281462ms step_avg:261.10ms
step:1079/2330 train_time:281724ms step_avg:261.10ms
step:1080/2330 train_time:281983ms step_avg:261.10ms
step:1081/2330 train_time:282243ms step_avg:261.09ms
step:1082/2330 train_time:282502ms step_avg:261.09ms
step:1083/2330 train_time:282760ms step_avg:261.09ms
step:1084/2330 train_time:283022ms step_avg:261.09ms
step:1085/2330 train_time:283282ms step_avg:261.09ms
step:1086/2330 train_time:283542ms step_avg:261.09ms
step:1087/2330 train_time:283804ms step_avg:261.09ms
step:1088/2330 train_time:284063ms step_avg:261.09ms
step:1089/2330 train_time:284326ms step_avg:261.09ms
step:1090/2330 train_time:284584ms step_avg:261.09ms
step:1091/2330 train_time:284852ms step_avg:261.09ms
step:1092/2330 train_time:285118ms step_avg:261.10ms
step:1093/2330 train_time:285377ms step_avg:261.09ms
step:1094/2330 train_time:285638ms step_avg:261.10ms
step:1095/2330 train_time:285897ms step_avg:261.09ms
step:1096/2330 train_time:286159ms step_avg:261.09ms
step:1097/2330 train_time:286421ms step_avg:261.09ms
step:1098/2330 train_time:286681ms step_avg:261.09ms
step:1099/2330 train_time:286942ms step_avg:261.09ms
step:1100/2330 train_time:287200ms step_avg:261.09ms
step:1101/2330 train_time:287461ms step_avg:261.09ms
step:1102/2330 train_time:287727ms step_avg:261.09ms
step:1103/2330 train_time:287977ms step_avg:261.09ms
step:1104/2330 train_time:288234ms step_avg:261.08ms
step:1105/2330 train_time:288492ms step_avg:261.08ms
step:1106/2330 train_time:288767ms step_avg:261.09ms
step:1107/2330 train_time:289020ms step_avg:261.08ms
step:1108/2330 train_time:289270ms step_avg:261.07ms
step:1109/2330 train_time:289534ms step_avg:261.08ms
step:1110/2330 train_time:289793ms step_avg:261.07ms
step:1111/2330 train_time:290052ms step_avg:261.07ms
step:1112/2330 train_time:290312ms step_avg:261.07ms
step:1113/2330 train_time:290574ms step_avg:261.07ms
step:1114/2330 train_time:290838ms step_avg:261.08ms
step:1115/2330 train_time:291096ms step_avg:261.07ms
step:1116/2330 train_time:291359ms step_avg:261.07ms
step:1117/2330 train_time:291622ms step_avg:261.08ms
step:1118/2330 train_time:291882ms step_avg:261.08ms
step:1119/2330 train_time:292142ms step_avg:261.07ms
step:1120/2330 train_time:292404ms step_avg:261.07ms
step:1121/2330 train_time:292665ms step_avg:261.07ms
step:1122/2330 train_time:292925ms step_avg:261.07ms
step:1123/2330 train_time:293185ms step_avg:261.07ms
step:1124/2330 train_time:293444ms step_avg:261.07ms
step:1125/2330 train_time:293703ms step_avg:261.07ms
step:1126/2330 train_time:293964ms step_avg:261.07ms
step:1127/2330 train_time:294222ms step_avg:261.07ms
step:1128/2330 train_time:294483ms step_avg:261.07ms
step:1129/2330 train_time:294741ms step_avg:261.06ms
step:1130/2330 train_time:295005ms step_avg:261.07ms
step:1131/2330 train_time:295260ms step_avg:261.06ms
step:1132/2330 train_time:295523ms step_avg:261.06ms
step:1133/2330 train_time:295784ms step_avg:261.06ms
step:1134/2330 train_time:296045ms step_avg:261.06ms
step:1135/2330 train_time:296305ms step_avg:261.06ms
step:1136/2330 train_time:296570ms step_avg:261.06ms
step:1137/2330 train_time:296826ms step_avg:261.06ms
step:1138/2330 train_time:297085ms step_avg:261.06ms
step:1139/2330 train_time:297346ms step_avg:261.06ms
step:1140/2330 train_time:297627ms step_avg:261.08ms
step:1141/2330 train_time:297885ms step_avg:261.07ms
step:1142/2330 train_time:298147ms step_avg:261.07ms
step:1143/2330 train_time:298391ms step_avg:261.06ms
step:1144/2330 train_time:298648ms step_avg:261.06ms
step:1145/2330 train_time:298906ms step_avg:261.05ms
step:1146/2330 train_time:299170ms step_avg:261.06ms
step:1147/2330 train_time:299432ms step_avg:261.06ms
step:1148/2330 train_time:299695ms step_avg:261.06ms
step:1149/2330 train_time:299954ms step_avg:261.06ms
step:1150/2330 train_time:300221ms step_avg:261.06ms
step:1151/2330 train_time:300479ms step_avg:261.06ms
step:1152/2330 train_time:300741ms step_avg:261.06ms
step:1153/2330 train_time:300998ms step_avg:261.06ms
step:1154/2330 train_time:301260ms step_avg:261.06ms
step:1155/2330 train_time:301519ms step_avg:261.06ms
step:1156/2330 train_time:301782ms step_avg:261.06ms
step:1157/2330 train_time:302043ms step_avg:261.06ms
step:1158/2330 train_time:302300ms step_avg:261.05ms
step:1159/2330 train_time:302559ms step_avg:261.05ms
step:1160/2330 train_time:302820ms step_avg:261.05ms
step:1161/2330 train_time:303077ms step_avg:261.05ms
step:1162/2330 train_time:303344ms step_avg:261.05ms
step:1163/2330 train_time:303607ms step_avg:261.06ms
step:1164/2330 train_time:303873ms step_avg:261.06ms
step:1165/2330 train_time:304130ms step_avg:261.06ms
step:1166/2330 train_time:304392ms step_avg:261.06ms
step:1167/2330 train_time:304648ms step_avg:261.05ms
step:1168/2330 train_time:304908ms step_avg:261.05ms
step:1169/2330 train_time:305166ms step_avg:261.05ms
step:1170/2330 train_time:305430ms step_avg:261.05ms
step:1171/2330 train_time:305693ms step_avg:261.05ms
step:1172/2330 train_time:305954ms step_avg:261.05ms
step:1173/2330 train_time:306211ms step_avg:261.05ms
step:1174/2330 train_time:306460ms step_avg:261.04ms
step:1175/2330 train_time:306717ms step_avg:261.04ms
step:1176/2330 train_time:306976ms step_avg:261.03ms
step:1177/2330 train_time:307234ms step_avg:261.03ms
step:1178/2330 train_time:307495ms step_avg:261.03ms
step:1179/2330 train_time:307753ms step_avg:261.03ms
step:1180/2330 train_time:308017ms step_avg:261.03ms
step:1181/2330 train_time:308276ms step_avg:261.03ms
step:1182/2330 train_time:308548ms step_avg:261.04ms
step:1183/2330 train_time:308811ms step_avg:261.04ms
step:1184/2330 train_time:309070ms step_avg:261.04ms
step:1185/2330 train_time:309331ms step_avg:261.04ms
step:1186/2330 train_time:309591ms step_avg:261.04ms
step:1187/2330 train_time:309854ms step_avg:261.04ms
step:1188/2330 train_time:310103ms step_avg:261.03ms
step:1189/2330 train_time:310365ms step_avg:261.03ms
step:1190/2330 train_time:310625ms step_avg:261.03ms
step:1191/2330 train_time:310888ms step_avg:261.03ms
step:1192/2330 train_time:311153ms step_avg:261.03ms
step:1193/2330 train_time:311413ms step_avg:261.03ms
step:1194/2330 train_time:311675ms step_avg:261.03ms
step:1195/2330 train_time:311931ms step_avg:261.03ms
step:1196/2330 train_time:312193ms step_avg:261.03ms
step:1197/2330 train_time:312449ms step_avg:261.03ms
step:1198/2330 train_time:312710ms step_avg:261.03ms
step:1199/2330 train_time:312971ms step_avg:261.03ms
step:1200/2330 train_time:313236ms step_avg:261.03ms
step:1201/2330 train_time:313494ms step_avg:261.03ms
step:1202/2330 train_time:313752ms step_avg:261.02ms
step:1203/2330 train_time:314013ms step_avg:261.03ms
step:1204/2330 train_time:314276ms step_avg:261.03ms
step:1205/2330 train_time:314535ms step_avg:261.03ms
step:1206/2330 train_time:314798ms step_avg:261.03ms
step:1207/2330 train_time:315054ms step_avg:261.02ms
step:1208/2330 train_time:315318ms step_avg:261.02ms
step:1209/2330 train_time:315576ms step_avg:261.02ms
step:1210/2330 train_time:315836ms step_avg:261.02ms
step:1211/2330 train_time:316093ms step_avg:261.02ms
step:1212/2330 train_time:316359ms step_avg:261.02ms
step:1213/2330 train_time:316622ms step_avg:261.02ms
step:1214/2330 train_time:316883ms step_avg:261.02ms
step:1215/2330 train_time:317142ms step_avg:261.02ms
step:1216/2330 train_time:317401ms step_avg:261.02ms
step:1217/2330 train_time:317656ms step_avg:261.02ms
step:1218/2330 train_time:317919ms step_avg:261.02ms
step:1219/2330 train_time:318163ms step_avg:261.00ms
step:1220/2330 train_time:318423ms step_avg:261.00ms
step:1221/2330 train_time:318686ms step_avg:261.00ms
step:1222/2330 train_time:318944ms step_avg:261.00ms
step:1223/2330 train_time:319203ms step_avg:261.00ms
step:1224/2330 train_time:319463ms step_avg:261.00ms
step:1225/2330 train_time:319724ms step_avg:261.00ms
step:1226/2330 train_time:319985ms step_avg:261.00ms
step:1227/2330 train_time:320245ms step_avg:261.00ms
step:1228/2330 train_time:320506ms step_avg:261.00ms
step:1229/2330 train_time:320767ms step_avg:261.00ms
step:1230/2330 train_time:321024ms step_avg:261.00ms
step:1231/2330 train_time:321285ms step_avg:261.00ms
step:1232/2330 train_time:321547ms step_avg:261.00ms
step:1233/2330 train_time:321807ms step_avg:261.00ms
step:1234/2330 train_time:322067ms step_avg:260.99ms
step:1235/2330 train_time:322323ms step_avg:260.99ms
step:1236/2330 train_time:322587ms step_avg:260.99ms
step:1237/2330 train_time:322851ms step_avg:261.00ms
step:1238/2330 train_time:323108ms step_avg:260.99ms
step:1239/2330 train_time:323369ms step_avg:260.99ms
step:1240/2330 train_time:323630ms step_avg:260.99ms
step:1241/2330 train_time:323892ms step_avg:260.99ms
step:1242/2330 train_time:324153ms step_avg:260.99ms
step:1243/2330 train_time:324414ms step_avg:260.99ms
step:1244/2330 train_time:324678ms step_avg:261.00ms
step:1245/2330 train_time:324941ms step_avg:261.00ms
step:1246/2330 train_time:325197ms step_avg:260.99ms
step:1247/2330 train_time:325458ms step_avg:260.99ms
step:1248/2330 train_time:325717ms step_avg:260.99ms
step:1249/2330 train_time:325977ms step_avg:260.99ms
step:1250/2330 train_time:326246ms step_avg:261.00ms
step:1250/2330 val_loss:3.5164 train_time:326428ms step_avg:261.14ms
step:1251/2330 train_time:326626ms step_avg:261.09ms
step:1252/2330 train_time:326866ms step_avg:261.08ms
step:1253/2330 train_time:327119ms step_avg:261.07ms
step:1254/2330 train_time:327382ms step_avg:261.07ms
step:1255/2330 train_time:327644ms step_avg:261.07ms
step:1256/2330 train_time:327899ms step_avg:261.07ms
step:1257/2330 train_time:328162ms step_avg:261.07ms
step:1258/2330 train_time:328424ms step_avg:261.07ms
step:1259/2330 train_time:328683ms step_avg:261.07ms
step:1260/2330 train_time:328942ms step_avg:261.07ms
step:1261/2330 train_time:329203ms step_avg:261.07ms
step:1262/2330 train_time:329467ms step_avg:261.07ms
step:1263/2330 train_time:329727ms step_avg:261.07ms
step:1264/2330 train_time:329990ms step_avg:261.07ms
step:1265/2330 train_time:330250ms step_avg:261.07ms
step:1266/2330 train_time:330514ms step_avg:261.07ms
step:1267/2330 train_time:330770ms step_avg:261.07ms
step:1268/2330 train_time:331036ms step_avg:261.07ms
step:1269/2330 train_time:331288ms step_avg:261.06ms
step:1270/2330 train_time:331547ms step_avg:261.06ms
step:1271/2330 train_time:331806ms step_avg:261.06ms
step:1272/2330 train_time:332066ms step_avg:261.06ms
step:1273/2330 train_time:332326ms step_avg:261.06ms
step:1274/2330 train_time:332589ms step_avg:261.06ms
step:1275/2330 train_time:332849ms step_avg:261.06ms
step:1276/2330 train_time:333112ms step_avg:261.06ms
step:1277/2330 train_time:333374ms step_avg:261.06ms
step:1278/2330 train_time:333641ms step_avg:261.06ms
step:1279/2330 train_time:333900ms step_avg:261.06ms
step:1280/2330 train_time:334157ms step_avg:261.06ms
step:1281/2330 train_time:334420ms step_avg:261.06ms
step:1282/2330 train_time:334680ms step_avg:261.06ms
step:1283/2330 train_time:334943ms step_avg:261.06ms
step:1284/2330 train_time:335204ms step_avg:261.06ms
step:1285/2330 train_time:335463ms step_avg:261.06ms
step:1286/2330 train_time:335724ms step_avg:261.06ms
step:1287/2330 train_time:335980ms step_avg:261.06ms
step:1288/2330 train_time:336241ms step_avg:261.06ms
step:1289/2330 train_time:336505ms step_avg:261.06ms
step:1290/2330 train_time:336764ms step_avg:261.06ms
step:1291/2330 train_time:337024ms step_avg:261.06ms
step:1292/2330 train_time:337284ms step_avg:261.06ms
step:1293/2330 train_time:337546ms step_avg:261.06ms
step:1294/2330 train_time:337806ms step_avg:261.06ms
step:1295/2330 train_time:338066ms step_avg:261.06ms
step:1296/2330 train_time:338327ms step_avg:261.05ms
step:1297/2330 train_time:338588ms step_avg:261.05ms
step:1298/2330 train_time:338850ms step_avg:261.06ms
step:1299/2330 train_time:339107ms step_avg:261.05ms
step:1300/2330 train_time:339371ms step_avg:261.05ms
step:1301/2330 train_time:339629ms step_avg:261.05ms
step:1302/2330 train_time:339890ms step_avg:261.05ms
step:1303/2330 train_time:340149ms step_avg:261.05ms
step:1304/2330 train_time:340414ms step_avg:261.05ms
step:1305/2330 train_time:340671ms step_avg:261.05ms
step:1306/2330 train_time:340936ms step_avg:261.05ms
step:1307/2330 train_time:341195ms step_avg:261.05ms
step:1308/2330 train_time:341457ms step_avg:261.05ms
step:1309/2330 train_time:341715ms step_avg:261.05ms
step:1310/2330 train_time:341974ms step_avg:261.05ms
step:1311/2330 train_time:342236ms step_avg:261.05ms
step:1312/2330 train_time:342496ms step_avg:261.05ms
step:1313/2330 train_time:342756ms step_avg:261.05ms
step:1314/2330 train_time:343018ms step_avg:261.05ms
step:1315/2330 train_time:343279ms step_avg:261.05ms
step:1316/2330 train_time:343539ms step_avg:261.05ms
step:1317/2330 train_time:343798ms step_avg:261.05ms
step:1318/2330 train_time:344058ms step_avg:261.05ms
step:1319/2330 train_time:344320ms step_avg:261.05ms
step:1320/2330 train_time:344578ms step_avg:261.04ms
step:1321/2330 train_time:344835ms step_avg:261.04ms
step:1322/2330 train_time:345095ms step_avg:261.04ms
step:1323/2330 train_time:345355ms step_avg:261.04ms
step:1324/2330 train_time:345616ms step_avg:261.04ms
step:1325/2330 train_time:345877ms step_avg:261.04ms
step:1326/2330 train_time:346137ms step_avg:261.04ms
step:1327/2330 train_time:346398ms step_avg:261.04ms
step:1328/2330 train_time:346657ms step_avg:261.04ms
step:1329/2330 train_time:346914ms step_avg:261.03ms
step:1330/2330 train_time:347176ms step_avg:261.03ms
step:1331/2330 train_time:347434ms step_avg:261.03ms
step:1332/2330 train_time:347696ms step_avg:261.03ms
step:1333/2330 train_time:347955ms step_avg:261.03ms
step:1334/2330 train_time:348216ms step_avg:261.03ms
step:1335/2330 train_time:348476ms step_avg:261.03ms
step:1336/2330 train_time:348737ms step_avg:261.03ms
step:1337/2330 train_time:348995ms step_avg:261.03ms
step:1338/2330 train_time:349257ms step_avg:261.03ms
step:1339/2330 train_time:349518ms step_avg:261.03ms
step:1340/2330 train_time:349776ms step_avg:261.03ms
step:1341/2330 train_time:350038ms step_avg:261.03ms
step:1342/2330 train_time:350311ms step_avg:261.04ms
step:1343/2330 train_time:350575ms step_avg:261.04ms
step:1344/2330 train_time:350833ms step_avg:261.04ms
step:1345/2330 train_time:351094ms step_avg:261.04ms
step:1346/2330 train_time:351360ms step_avg:261.04ms
step:1347/2330 train_time:351621ms step_avg:261.04ms
step:1348/2330 train_time:351869ms step_avg:261.03ms
step:1349/2330 train_time:352127ms step_avg:261.03ms
step:1350/2330 train_time:352387ms step_avg:261.03ms
step:1351/2330 train_time:352647ms step_avg:261.03ms
step:1352/2330 train_time:352909ms step_avg:261.03ms
step:1353/2330 train_time:353169ms step_avg:261.03ms
step:1354/2330 train_time:353428ms step_avg:261.03ms
step:1355/2330 train_time:353691ms step_avg:261.03ms
step:1356/2330 train_time:353955ms step_avg:261.03ms
step:1357/2330 train_time:354214ms step_avg:261.03ms
step:1358/2330 train_time:354482ms step_avg:261.03ms
step:1359/2330 train_time:354738ms step_avg:261.03ms
step:1360/2330 train_time:355000ms step_avg:261.03ms
step:1361/2330 train_time:355258ms step_avg:261.03ms
step:1362/2330 train_time:355515ms step_avg:261.02ms
step:1363/2330 train_time:355778ms step_avg:261.03ms
step:1364/2330 train_time:356042ms step_avg:261.03ms
step:1365/2330 train_time:356303ms step_avg:261.03ms
step:1366/2330 train_time:356564ms step_avg:261.03ms
step:1367/2330 train_time:356821ms step_avg:261.02ms
step:1368/2330 train_time:357081ms step_avg:261.02ms
step:1369/2330 train_time:357340ms step_avg:261.02ms
step:1370/2330 train_time:357600ms step_avg:261.02ms
step:1371/2330 train_time:357862ms step_avg:261.02ms
step:1372/2330 train_time:358121ms step_avg:261.02ms
step:1373/2330 train_time:358381ms step_avg:261.02ms
step:1374/2330 train_time:358644ms step_avg:261.02ms
step:1375/2330 train_time:358903ms step_avg:261.02ms
step:1376/2330 train_time:359165ms step_avg:261.02ms
step:1377/2330 train_time:359425ms step_avg:261.02ms
step:1378/2330 train_time:359686ms step_avg:261.02ms
step:1379/2330 train_time:359945ms step_avg:261.02ms
step:1380/2330 train_time:360204ms step_avg:261.02ms
step:1381/2330 train_time:360465ms step_avg:261.02ms
step:1382/2330 train_time:360725ms step_avg:261.02ms
step:1383/2330 train_time:360985ms step_avg:261.02ms
step:1384/2330 train_time:361249ms step_avg:261.02ms
step:1385/2330 train_time:361506ms step_avg:261.01ms
step:1386/2330 train_time:361769ms step_avg:261.02ms
step:1387/2330 train_time:362025ms step_avg:261.01ms
step:1388/2330 train_time:362283ms step_avg:261.01ms
step:1389/2330 train_time:362544ms step_avg:261.01ms
step:1390/2330 train_time:362804ms step_avg:261.01ms
step:1391/2330 train_time:363073ms step_avg:261.02ms
step:1392/2330 train_time:363332ms step_avg:261.01ms
step:1393/2330 train_time:363597ms step_avg:261.02ms
step:1394/2330 train_time:363874ms step_avg:261.03ms
step:1395/2330 train_time:364140ms step_avg:261.03ms
step:1396/2330 train_time:364382ms step_avg:261.02ms
step:1397/2330 train_time:364642ms step_avg:261.02ms
step:1398/2330 train_time:364902ms step_avg:261.02ms
step:1399/2330 train_time:365157ms step_avg:261.01ms
step:1400/2330 train_time:365425ms step_avg:261.02ms
step:1401/2330 train_time:365681ms step_avg:261.01ms
step:1402/2330 train_time:365939ms step_avg:261.01ms
step:1403/2330 train_time:366198ms step_avg:261.01ms
step:1404/2330 train_time:366464ms step_avg:261.01ms
step:1405/2330 train_time:366725ms step_avg:261.01ms
step:1406/2330 train_time:366984ms step_avg:261.01ms
step:1407/2330 train_time:367237ms step_avg:261.01ms
step:1408/2330 train_time:367503ms step_avg:261.01ms
step:1409/2330 train_time:367781ms step_avg:261.02ms
step:1410/2330 train_time:368020ms step_avg:261.01ms
step:1411/2330 train_time:368279ms step_avg:261.01ms
step:1412/2330 train_time:368539ms step_avg:261.01ms
step:1413/2330 train_time:368801ms step_avg:261.01ms
step:1414/2330 train_time:369060ms step_avg:261.00ms
step:1415/2330 train_time:369322ms step_avg:261.00ms
step:1416/2330 train_time:369582ms step_avg:261.00ms
step:1417/2330 train_time:369844ms step_avg:261.00ms
step:1418/2330 train_time:370107ms step_avg:261.01ms
step:1419/2330 train_time:370367ms step_avg:261.01ms
step:1420/2330 train_time:370629ms step_avg:261.01ms
step:1421/2330 train_time:370889ms step_avg:261.01ms
step:1422/2330 train_time:371148ms step_avg:261.00ms
step:1423/2330 train_time:371409ms step_avg:261.00ms
step:1424/2330 train_time:371669ms step_avg:261.00ms
step:1425/2330 train_time:371932ms step_avg:261.01ms
step:1426/2330 train_time:372183ms step_avg:261.00ms
step:1427/2330 train_time:372444ms step_avg:261.00ms
step:1428/2330 train_time:372705ms step_avg:261.00ms
step:1429/2330 train_time:372966ms step_avg:261.00ms
step:1430/2330 train_time:373228ms step_avg:261.00ms
step:1431/2330 train_time:373486ms step_avg:261.00ms
step:1432/2330 train_time:373749ms step_avg:261.00ms
step:1433/2330 train_time:374019ms step_avg:261.00ms
step:1434/2330 train_time:374273ms step_avg:261.00ms
step:1435/2330 train_time:374543ms step_avg:261.01ms
step:1436/2330 train_time:374804ms step_avg:261.01ms
step:1437/2330 train_time:375063ms step_avg:261.00ms
step:1438/2330 train_time:375324ms step_avg:261.00ms
step:1439/2330 train_time:375584ms step_avg:261.00ms
step:1440/2330 train_time:375844ms step_avg:261.00ms
step:1441/2330 train_time:376104ms step_avg:261.00ms
step:1442/2330 train_time:376367ms step_avg:261.00ms
step:1443/2330 train_time:376632ms step_avg:261.01ms
step:1444/2330 train_time:376892ms step_avg:261.01ms
step:1445/2330 train_time:377151ms step_avg:261.00ms
step:1446/2330 train_time:377412ms step_avg:261.00ms
step:1447/2330 train_time:377672ms step_avg:261.00ms
step:1448/2330 train_time:377932ms step_avg:261.00ms
step:1449/2330 train_time:378192ms step_avg:261.00ms
step:1450/2330 train_time:378454ms step_avg:261.00ms
step:1451/2330 train_time:378714ms step_avg:261.00ms
step:1452/2330 train_time:378977ms step_avg:261.00ms
step:1453/2330 train_time:379237ms step_avg:261.00ms
step:1454/2330 train_time:379499ms step_avg:261.00ms
step:1455/2330 train_time:379762ms step_avg:261.00ms
step:1456/2330 train_time:380020ms step_avg:261.00ms
step:1457/2330 train_time:380277ms step_avg:261.00ms
step:1458/2330 train_time:380538ms step_avg:261.00ms
step:1459/2330 train_time:380798ms step_avg:261.00ms
step:1460/2330 train_time:381062ms step_avg:261.00ms
step:1461/2330 train_time:381320ms step_avg:261.00ms
step:1462/2330 train_time:381582ms step_avg:261.00ms
step:1463/2330 train_time:381843ms step_avg:261.00ms
step:1464/2330 train_time:382103ms step_avg:261.00ms
step:1465/2330 train_time:382364ms step_avg:261.00ms
step:1466/2330 train_time:382625ms step_avg:261.00ms
step:1467/2330 train_time:382887ms step_avg:261.00ms
step:1468/2330 train_time:383150ms step_avg:261.00ms
step:1469/2330 train_time:383407ms step_avg:261.00ms
step:1470/2330 train_time:383669ms step_avg:261.00ms
step:1471/2330 train_time:383928ms step_avg:261.00ms
step:1472/2330 train_time:384192ms step_avg:261.00ms
step:1473/2330 train_time:384451ms step_avg:261.00ms
step:1474/2330 train_time:384712ms step_avg:261.00ms
step:1475/2330 train_time:384972ms step_avg:261.00ms
step:1476/2330 train_time:385232ms step_avg:261.00ms
step:1477/2330 train_time:385492ms step_avg:261.00ms
step:1478/2330 train_time:385751ms step_avg:261.00ms
step:1479/2330 train_time:386016ms step_avg:261.00ms
step:1480/2330 train_time:386283ms step_avg:261.00ms
step:1481/2330 train_time:386539ms step_avg:261.00ms
step:1482/2330 train_time:386800ms step_avg:261.00ms
step:1483/2330 train_time:387063ms step_avg:261.00ms
step:1484/2330 train_time:387326ms step_avg:261.00ms
step:1485/2330 train_time:387584ms step_avg:261.00ms
step:1486/2330 train_time:387846ms step_avg:261.00ms
step:1487/2330 train_time:388105ms step_avg:261.00ms
step:1488/2330 train_time:388364ms step_avg:261.00ms
step:1489/2330 train_time:388622ms step_avg:261.00ms
step:1490/2330 train_time:388877ms step_avg:260.99ms
step:1491/2330 train_time:389132ms step_avg:260.99ms
step:1492/2330 train_time:389394ms step_avg:260.99ms
step:1493/2330 train_time:389656ms step_avg:260.99ms
step:1494/2330 train_time:389917ms step_avg:260.99ms
step:1495/2330 train_time:390176ms step_avg:260.99ms
step:1496/2330 train_time:390443ms step_avg:260.99ms
step:1497/2330 train_time:390704ms step_avg:260.99ms
step:1498/2330 train_time:390963ms step_avg:260.99ms
step:1499/2330 train_time:391219ms step_avg:260.99ms
step:1500/2330 train_time:391485ms step_avg:260.99ms
step:1500/2330 val_loss:3.4496 train_time:391662ms step_avg:261.11ms
step:1501/2330 train_time:391859ms step_avg:261.07ms
step:1502/2330 train_time:392087ms step_avg:261.04ms
step:1503/2330 train_time:392352ms step_avg:261.05ms
step:1504/2330 train_time:392614ms step_avg:261.05ms
step:1505/2330 train_time:392872ms step_avg:261.04ms
step:1506/2330 train_time:393131ms step_avg:261.04ms
step:1507/2330 train_time:393396ms step_avg:261.05ms
step:1508/2330 train_time:393659ms step_avg:261.05ms
step:1509/2330 train_time:393914ms step_avg:261.04ms
step:1510/2330 train_time:394175ms step_avg:261.04ms
step:1511/2330 train_time:394434ms step_avg:261.04ms
step:1512/2330 train_time:394698ms step_avg:261.04ms
step:1513/2330 train_time:394956ms step_avg:261.04ms
step:1514/2330 train_time:395219ms step_avg:261.04ms
step:1515/2330 train_time:395480ms step_avg:261.04ms
step:1516/2330 train_time:395740ms step_avg:261.04ms
step:1517/2330 train_time:396000ms step_avg:261.04ms
step:1518/2330 train_time:396267ms step_avg:261.05ms
step:1519/2330 train_time:396534ms step_avg:261.05ms
step:1520/2330 train_time:396791ms step_avg:261.05ms
step:1521/2330 train_time:397052ms step_avg:261.05ms
step:1522/2330 train_time:397310ms step_avg:261.04ms
step:1523/2330 train_time:397572ms step_avg:261.05ms
step:1524/2330 train_time:397831ms step_avg:261.04ms
step:1525/2330 train_time:398092ms step_avg:261.04ms
step:1526/2330 train_time:398355ms step_avg:261.05ms
step:1527/2330 train_time:398603ms step_avg:261.04ms
step:1528/2330 train_time:398863ms step_avg:261.04ms
step:1529/2330 train_time:399123ms step_avg:261.04ms
step:1530/2330 train_time:399385ms step_avg:261.04ms
step:1531/2330 train_time:399645ms step_avg:261.04ms
step:1532/2330 train_time:399901ms step_avg:261.03ms
step:1533/2330 train_time:400162ms step_avg:261.03ms
step:1534/2330 train_time:400422ms step_avg:261.03ms
step:1535/2330 train_time:400682ms step_avg:261.03ms
step:1536/2330 train_time:400939ms step_avg:261.03ms
step:1537/2330 train_time:401196ms step_avg:261.03ms
step:1538/2330 train_time:401460ms step_avg:261.03ms
step:1539/2330 train_time:401717ms step_avg:261.02ms
step:1540/2330 train_time:401980ms step_avg:261.03ms
step:1541/2330 train_time:402245ms step_avg:261.03ms
step:1542/2330 train_time:402507ms step_avg:261.03ms
step:1543/2330 train_time:402761ms step_avg:261.02ms
step:1544/2330 train_time:403022ms step_avg:261.02ms
step:1545/2330 train_time:403282ms step_avg:261.02ms
step:1546/2330 train_time:403544ms step_avg:261.02ms
step:1547/2330 train_time:403805ms step_avg:261.02ms
step:1548/2330 train_time:404069ms step_avg:261.03ms
step:1549/2330 train_time:404331ms step_avg:261.03ms
step:1550/2330 train_time:404593ms step_avg:261.03ms
step:1551/2330 train_time:404854ms step_avg:261.03ms
step:1552/2330 train_time:405111ms step_avg:261.03ms
step:1553/2330 train_time:405373ms step_avg:261.03ms
step:1554/2330 train_time:405635ms step_avg:261.03ms
step:1555/2330 train_time:405897ms step_avg:261.03ms
step:1556/2330 train_time:406160ms step_avg:261.03ms
step:1557/2330 train_time:406421ms step_avg:261.03ms
step:1558/2330 train_time:406679ms step_avg:261.03ms
step:1559/2330 train_time:406939ms step_avg:261.03ms
step:1560/2330 train_time:407204ms step_avg:261.03ms
step:1561/2330 train_time:407461ms step_avg:261.03ms
step:1562/2330 train_time:407725ms step_avg:261.03ms
step:1563/2330 train_time:407985ms step_avg:261.03ms
step:1564/2330 train_time:408249ms step_avg:261.03ms
step:1565/2330 train_time:408511ms step_avg:261.03ms
step:1566/2330 train_time:408772ms step_avg:261.03ms
step:1567/2330 train_time:409035ms step_avg:261.03ms
step:1568/2330 train_time:409297ms step_avg:261.03ms
step:1569/2330 train_time:409557ms step_avg:261.03ms
step:1570/2330 train_time:409820ms step_avg:261.03ms
step:1571/2330 train_time:410077ms step_avg:261.03ms
step:1572/2330 train_time:410336ms step_avg:261.03ms
step:1573/2330 train_time:410596ms step_avg:261.03ms
step:1574/2330 train_time:410855ms step_avg:261.03ms
step:1575/2330 train_time:411116ms step_avg:261.03ms
step:1576/2330 train_time:411376ms step_avg:261.03ms
step:1577/2330 train_time:411636ms step_avg:261.02ms
step:1578/2330 train_time:411896ms step_avg:261.02ms
step:1579/2330 train_time:412174ms step_avg:261.04ms
step:1580/2330 train_time:412432ms step_avg:261.03ms
step:1581/2330 train_time:412677ms step_avg:261.02ms
step:1582/2330 train_time:412936ms step_avg:261.02ms
step:1583/2330 train_time:413195ms step_avg:261.02ms
step:1584/2330 train_time:413455ms step_avg:261.02ms
step:1585/2330 train_time:413716ms step_avg:261.02ms
step:1586/2330 train_time:413981ms step_avg:261.02ms
step:1587/2330 train_time:414240ms step_avg:261.02ms
step:1588/2330 train_time:414499ms step_avg:261.02ms
step:1589/2330 train_time:414761ms step_avg:261.02ms
step:1590/2330 train_time:415016ms step_avg:261.02ms
step:1591/2330 train_time:415279ms step_avg:261.02ms
step:1592/2330 train_time:415540ms step_avg:261.02ms
step:1593/2330 train_time:415798ms step_avg:261.02ms
step:1594/2330 train_time:416057ms step_avg:261.01ms
step:1595/2330 train_time:416316ms step_avg:261.01ms
step:1596/2330 train_time:416577ms step_avg:261.01ms
step:1597/2330 train_time:416836ms step_avg:261.01ms
step:1598/2330 train_time:417097ms step_avg:261.01ms
step:1599/2330 train_time:417357ms step_avg:261.01ms
step:1600/2330 train_time:417615ms step_avg:261.01ms
step:1601/2330 train_time:417883ms step_avg:261.01ms
step:1602/2330 train_time:418144ms step_avg:261.01ms
step:1603/2330 train_time:418415ms step_avg:261.02ms
step:1604/2330 train_time:418678ms step_avg:261.02ms
step:1605/2330 train_time:418931ms step_avg:261.02ms
step:1606/2330 train_time:419189ms step_avg:261.01ms
step:1607/2330 train_time:419449ms step_avg:261.01ms
step:1608/2330 train_time:419713ms step_avg:261.02ms
step:1609/2330 train_time:419966ms step_avg:261.01ms
step:1610/2330 train_time:420224ms step_avg:261.01ms
step:1611/2330 train_time:420484ms step_avg:261.01ms
step:1612/2330 train_time:420743ms step_avg:261.01ms
step:1613/2330 train_time:421018ms step_avg:261.02ms
step:1614/2330 train_time:421276ms step_avg:261.01ms
step:1615/2330 train_time:421536ms step_avg:261.01ms
step:1616/2330 train_time:421792ms step_avg:261.01ms
step:1617/2330 train_time:422054ms step_avg:261.01ms
step:1618/2330 train_time:422312ms step_avg:261.01ms
step:1619/2330 train_time:422569ms step_avg:261.01ms
step:1620/2330 train_time:422830ms step_avg:261.01ms
step:1621/2330 train_time:423090ms step_avg:261.01ms
step:1622/2330 train_time:423360ms step_avg:261.01ms
step:1623/2330 train_time:423617ms step_avg:261.01ms
step:1624/2330 train_time:423882ms step_avg:261.01ms
step:1625/2330 train_time:424138ms step_avg:261.01ms
step:1626/2330 train_time:424401ms step_avg:261.01ms
step:1627/2330 train_time:424662ms step_avg:261.01ms
step:1628/2330 train_time:424923ms step_avg:261.01ms
step:1629/2330 train_time:425181ms step_avg:261.01ms
step:1630/2330 train_time:425443ms step_avg:261.01ms
step:1631/2330 train_time:425706ms step_avg:261.01ms
step:1632/2330 train_time:425966ms step_avg:261.01ms
step:1633/2330 train_time:426225ms step_avg:261.01ms
step:1634/2330 train_time:426493ms step_avg:261.01ms
step:1635/2330 train_time:426750ms step_avg:261.01ms
step:1636/2330 train_time:427012ms step_avg:261.01ms
step:1637/2330 train_time:427272ms step_avg:261.01ms
step:1638/2330 train_time:427535ms step_avg:261.01ms
step:1639/2330 train_time:427794ms step_avg:261.01ms
step:1640/2330 train_time:428055ms step_avg:261.01ms
step:1641/2330 train_time:428314ms step_avg:261.01ms
step:1642/2330 train_time:428575ms step_avg:261.01ms
step:1643/2330 train_time:428837ms step_avg:261.01ms
step:1644/2330 train_time:429096ms step_avg:261.01ms
step:1645/2330 train_time:429358ms step_avg:261.01ms
step:1646/2330 train_time:429622ms step_avg:261.01ms
step:1647/2330 train_time:429881ms step_avg:261.01ms
step:1648/2330 train_time:430141ms step_avg:261.01ms
step:1649/2330 train_time:430402ms step_avg:261.01ms
step:1650/2330 train_time:430663ms step_avg:261.01ms
step:1651/2330 train_time:430919ms step_avg:261.00ms
step:1652/2330 train_time:431182ms step_avg:261.01ms
step:1653/2330 train_time:431444ms step_avg:261.01ms
step:1654/2330 train_time:431702ms step_avg:261.01ms
step:1655/2330 train_time:431965ms step_avg:261.01ms
step:1656/2330 train_time:432230ms step_avg:261.01ms
step:1657/2330 train_time:432501ms step_avg:261.01ms
step:1658/2330 train_time:432762ms step_avg:261.01ms
step:1659/2330 train_time:433023ms step_avg:261.01ms
step:1660/2330 train_time:433288ms step_avg:261.02ms
step:1661/2330 train_time:433547ms step_avg:261.02ms
step:1662/2330 train_time:433809ms step_avg:261.02ms
step:1663/2330 train_time:434069ms step_avg:261.02ms
step:1664/2330 train_time:434333ms step_avg:261.02ms
step:1665/2330 train_time:434594ms step_avg:261.02ms
step:1666/2330 train_time:434848ms step_avg:261.01ms
step:1667/2330 train_time:435104ms step_avg:261.01ms
step:1668/2330 train_time:435366ms step_avg:261.01ms
step:1669/2330 train_time:435628ms step_avg:261.01ms
step:1670/2330 train_time:435890ms step_avg:261.01ms
step:1671/2330 train_time:436146ms step_avg:261.01ms
step:1672/2330 train_time:436409ms step_avg:261.01ms
step:1673/2330 train_time:436670ms step_avg:261.01ms
step:1674/2330 train_time:436932ms step_avg:261.01ms
step:1675/2330 train_time:437192ms step_avg:261.01ms
step:1676/2330 train_time:437454ms step_avg:261.01ms
step:1677/2330 train_time:437713ms step_avg:261.01ms
step:1678/2330 train_time:437973ms step_avg:261.01ms
step:1679/2330 train_time:438233ms step_avg:261.01ms
step:1680/2330 train_time:438493ms step_avg:261.01ms
step:1681/2330 train_time:438752ms step_avg:261.01ms
step:1682/2330 train_time:439014ms step_avg:261.01ms
step:1683/2330 train_time:439276ms step_avg:261.01ms
step:1684/2330 train_time:439538ms step_avg:261.01ms
step:1685/2330 train_time:439799ms step_avg:261.01ms
step:1686/2330 train_time:440061ms step_avg:261.01ms
step:1687/2330 train_time:440333ms step_avg:261.02ms
step:1688/2330 train_time:440586ms step_avg:261.01ms
step:1689/2330 train_time:440853ms step_avg:261.01ms
step:1690/2330 train_time:441104ms step_avg:261.01ms
step:1691/2330 train_time:441364ms step_avg:261.01ms
step:1692/2330 train_time:441623ms step_avg:261.01ms
step:1693/2330 train_time:441882ms step_avg:261.01ms
step:1694/2330 train_time:442142ms step_avg:261.00ms
step:1695/2330 train_time:442403ms step_avg:261.00ms
step:1696/2330 train_time:442664ms step_avg:261.00ms
step:1697/2330 train_time:442923ms step_avg:261.00ms
step:1698/2330 train_time:443184ms step_avg:261.00ms
step:1699/2330 train_time:443442ms step_avg:261.00ms
step:1700/2330 train_time:443705ms step_avg:261.00ms
step:1701/2330 train_time:443969ms step_avg:261.00ms
step:1702/2330 train_time:444232ms step_avg:261.01ms
step:1703/2330 train_time:444490ms step_avg:261.00ms
step:1704/2330 train_time:444751ms step_avg:261.00ms
step:1705/2330 train_time:445014ms step_avg:261.01ms
step:1706/2330 train_time:445280ms step_avg:261.01ms
step:1707/2330 train_time:445546ms step_avg:261.01ms
step:1708/2330 train_time:445812ms step_avg:261.01ms
step:1709/2330 train_time:446061ms step_avg:261.01ms
step:1710/2330 train_time:446323ms step_avg:261.01ms
step:1711/2330 train_time:446581ms step_avg:261.01ms
step:1712/2330 train_time:446842ms step_avg:261.01ms
step:1713/2330 train_time:447100ms step_avg:261.00ms
step:1714/2330 train_time:447365ms step_avg:261.01ms
step:1715/2330 train_time:447625ms step_avg:261.01ms
step:1716/2330 train_time:447886ms step_avg:261.01ms
step:1717/2330 train_time:448145ms step_avg:261.00ms
step:1718/2330 train_time:448406ms step_avg:261.00ms
step:1719/2330 train_time:448667ms step_avg:261.00ms
step:1720/2330 train_time:448929ms step_avg:261.01ms
step:1721/2330 train_time:449190ms step_avg:261.01ms
step:1722/2330 train_time:449452ms step_avg:261.01ms
step:1723/2330 train_time:449712ms step_avg:261.01ms
step:1724/2330 train_time:449976ms step_avg:261.01ms
step:1725/2330 train_time:450235ms step_avg:261.01ms
step:1726/2330 train_time:450495ms step_avg:261.01ms
step:1727/2330 train_time:450763ms step_avg:261.01ms
step:1728/2330 train_time:451025ms step_avg:261.01ms
step:1729/2330 train_time:451286ms step_avg:261.01ms
step:1730/2330 train_time:451547ms step_avg:261.01ms
step:1731/2330 train_time:451818ms step_avg:261.02ms
step:1732/2330 train_time:452069ms step_avg:261.01ms
step:1733/2330 train_time:452333ms step_avg:261.01ms
step:1734/2330 train_time:452596ms step_avg:261.01ms
step:1735/2330 train_time:452855ms step_avg:261.01ms
step:1736/2330 train_time:453117ms step_avg:261.01ms
step:1737/2330 train_time:453377ms step_avg:261.01ms
step:1738/2330 train_time:453640ms step_avg:261.01ms
step:1739/2330 train_time:453898ms step_avg:261.01ms
step:1740/2330 train_time:454157ms step_avg:261.01ms
step:1741/2330 train_time:454417ms step_avg:261.01ms
step:1742/2330 train_time:454680ms step_avg:261.01ms
step:1743/2330 train_time:454940ms step_avg:261.01ms
step:1744/2330 train_time:455200ms step_avg:261.01ms
step:1745/2330 train_time:455461ms step_avg:261.01ms
step:1746/2330 train_time:455726ms step_avg:261.01ms
step:1747/2330 train_time:455983ms step_avg:261.01ms
step:1748/2330 train_time:456245ms step_avg:261.01ms
step:1749/2330 train_time:456507ms step_avg:261.01ms
step:1750/2330 train_time:456771ms step_avg:261.01ms
step:1750/2330 val_loss:3.3795 train_time:456953ms step_avg:261.12ms
step:1751/2330 train_time:457142ms step_avg:261.07ms
step:1752/2330 train_time:457388ms step_avg:261.07ms
step:1753/2330 train_time:457650ms step_avg:261.07ms
step:1754/2330 train_time:457924ms step_avg:261.07ms
step:1755/2330 train_time:458185ms step_avg:261.07ms
step:1756/2330 train_time:458446ms step_avg:261.07ms
step:1757/2330 train_time:458703ms step_avg:261.07ms
step:1758/2330 train_time:458968ms step_avg:261.07ms
step:1759/2330 train_time:459224ms step_avg:261.07ms
step:1760/2330 train_time:459477ms step_avg:261.07ms
step:1761/2330 train_time:459738ms step_avg:261.07ms
step:1762/2330 train_time:459997ms step_avg:261.07ms
step:1763/2330 train_time:460258ms step_avg:261.07ms
step:1764/2330 train_time:460519ms step_avg:261.07ms
step:1765/2330 train_time:460781ms step_avg:261.07ms
step:1766/2330 train_time:461043ms step_avg:261.07ms
step:1767/2330 train_time:461307ms step_avg:261.07ms
step:1768/2330 train_time:461571ms step_avg:261.07ms
step:1769/2330 train_time:461839ms step_avg:261.07ms
step:1770/2330 train_time:462099ms step_avg:261.07ms
step:1771/2330 train_time:462359ms step_avg:261.07ms
step:1772/2330 train_time:462624ms step_avg:261.07ms
step:1773/2330 train_time:462882ms step_avg:261.07ms
step:1774/2330 train_time:463157ms step_avg:261.08ms
step:1775/2330 train_time:463420ms step_avg:261.08ms
step:1776/2330 train_time:463687ms step_avg:261.09ms
step:1777/2330 train_time:463945ms step_avg:261.08ms
step:1778/2330 train_time:464211ms step_avg:261.09ms
step:1779/2330 train_time:464474ms step_avg:261.09ms
step:1780/2330 train_time:464741ms step_avg:261.09ms
step:1781/2330 train_time:465003ms step_avg:261.09ms
step:1782/2330 train_time:465263ms step_avg:261.09ms
step:1783/2330 train_time:465517ms step_avg:261.09ms
step:1784/2330 train_time:465779ms step_avg:261.09ms
step:1785/2330 train_time:466037ms step_avg:261.09ms
step:1786/2330 train_time:466300ms step_avg:261.09ms
step:1787/2330 train_time:466563ms step_avg:261.09ms
step:1788/2330 train_time:466828ms step_avg:261.09ms
step:1789/2330 train_time:467106ms step_avg:261.10ms
step:1790/2330 train_time:467372ms step_avg:261.10ms
step:1791/2330 train_time:467633ms step_avg:261.10ms
step:1792/2330 train_time:467895ms step_avg:261.10ms
step:1793/2330 train_time:468157ms step_avg:261.10ms
step:1794/2330 train_time:468404ms step_avg:261.09ms
step:1795/2330 train_time:468664ms step_avg:261.09ms
step:1796/2330 train_time:468928ms step_avg:261.10ms
step:1797/2330 train_time:469193ms step_avg:261.10ms
step:1798/2330 train_time:469456ms step_avg:261.10ms
step:1799/2330 train_time:469716ms step_avg:261.10ms
step:1800/2330 train_time:469981ms step_avg:261.10ms
step:1801/2330 train_time:470245ms step_avg:261.10ms
step:1802/2330 train_time:470510ms step_avg:261.10ms
step:1803/2330 train_time:470774ms step_avg:261.11ms
step:1804/2330 train_time:471037ms step_avg:261.11ms
step:1805/2330 train_time:471297ms step_avg:261.11ms
step:1806/2330 train_time:471557ms step_avg:261.11ms
step:1807/2330 train_time:471826ms step_avg:261.11ms
step:1808/2330 train_time:472089ms step_avg:261.11ms
step:1809/2330 train_time:472351ms step_avg:261.11ms
step:1810/2330 train_time:472615ms step_avg:261.11ms
step:1811/2330 train_time:472876ms step_avg:261.11ms
step:1812/2330 train_time:473143ms step_avg:261.12ms
step:1813/2330 train_time:473398ms step_avg:261.11ms
step:1814/2330 train_time:473662ms step_avg:261.11ms
step:1815/2330 train_time:473922ms step_avg:261.11ms
step:1816/2330 train_time:474187ms step_avg:261.12ms
step:1817/2330 train_time:474449ms step_avg:261.12ms
step:1818/2330 train_time:474713ms step_avg:261.12ms
step:1819/2330 train_time:474970ms step_avg:261.12ms
step:1820/2330 train_time:475231ms step_avg:261.12ms
step:1821/2330 train_time:475493ms step_avg:261.12ms
step:1822/2330 train_time:475756ms step_avg:261.12ms
step:1823/2330 train_time:476017ms step_avg:261.12ms
step:1824/2330 train_time:476280ms step_avg:261.12ms
step:1825/2330 train_time:476540ms step_avg:261.12ms
step:1826/2330 train_time:476806ms step_avg:261.12ms
step:1827/2330 train_time:477069ms step_avg:261.12ms
step:1828/2330 train_time:477329ms step_avg:261.12ms
step:1829/2330 train_time:477590ms step_avg:261.12ms
step:1830/2330 train_time:477853ms step_avg:261.12ms
step:1831/2330 train_time:478119ms step_avg:261.12ms
step:1832/2330 train_time:478379ms step_avg:261.12ms
step:1833/2330 train_time:478641ms step_avg:261.12ms
step:1834/2330 train_time:478903ms step_avg:261.12ms
step:1835/2330 train_time:479166ms step_avg:261.13ms
step:1836/2330 train_time:479429ms step_avg:261.13ms
step:1837/2330 train_time:479692ms step_avg:261.13ms
step:1838/2330 train_time:479962ms step_avg:261.13ms
step:1839/2330 train_time:480229ms step_avg:261.14ms
step:1840/2330 train_time:480488ms step_avg:261.14ms
step:1841/2330 train_time:480755ms step_avg:261.14ms
step:1842/2330 train_time:481012ms step_avg:261.14ms
step:1843/2330 train_time:481272ms step_avg:261.14ms
step:1844/2330 train_time:481536ms step_avg:261.14ms
step:1845/2330 train_time:481792ms step_avg:261.13ms
step:1846/2330 train_time:482056ms step_avg:261.14ms
step:1847/2330 train_time:482314ms step_avg:261.13ms
step:1848/2330 train_time:482578ms step_avg:261.14ms
step:1849/2330 train_time:482843ms step_avg:261.14ms
step:1850/2330 train_time:483110ms step_avg:261.14ms
step:1851/2330 train_time:483371ms step_avg:261.14ms
step:1852/2330 train_time:483651ms step_avg:261.15ms
step:1853/2330 train_time:483914ms step_avg:261.15ms
step:1854/2330 train_time:484163ms step_avg:261.14ms
step:1855/2330 train_time:484432ms step_avg:261.15ms
step:1856/2330 train_time:484695ms step_avg:261.15ms
step:1857/2330 train_time:484957ms step_avg:261.15ms
step:1858/2330 train_time:485223ms step_avg:261.15ms
step:1859/2330 train_time:485483ms step_avg:261.15ms
step:1860/2330 train_time:485741ms step_avg:261.15ms
step:1861/2330 train_time:486009ms step_avg:261.15ms
step:1862/2330 train_time:486271ms step_avg:261.16ms
step:1863/2330 train_time:486533ms step_avg:261.16ms
step:1864/2330 train_time:486798ms step_avg:261.16ms
step:1865/2330 train_time:487059ms step_avg:261.16ms
step:1866/2330 train_time:487327ms step_avg:261.16ms
step:1867/2330 train_time:487575ms step_avg:261.15ms
step:1868/2330 train_time:487835ms step_avg:261.15ms
step:1869/2330 train_time:488101ms step_avg:261.16ms
step:1870/2330 train_time:488363ms step_avg:261.16ms
step:1871/2330 train_time:488626ms step_avg:261.16ms
step:1872/2330 train_time:488893ms step_avg:261.16ms
step:1873/2330 train_time:489160ms step_avg:261.16ms
step:1874/2330 train_time:489428ms step_avg:261.17ms
step:1875/2330 train_time:489691ms step_avg:261.17ms
step:1876/2330 train_time:489964ms step_avg:261.17ms
step:1877/2330 train_time:490221ms step_avg:261.17ms
step:1878/2330 train_time:490483ms step_avg:261.17ms
step:1879/2330 train_time:490747ms step_avg:261.17ms
step:1880/2330 train_time:491012ms step_avg:261.18ms
step:1881/2330 train_time:491271ms step_avg:261.18ms
step:1882/2330 train_time:491534ms step_avg:261.18ms
step:1883/2330 train_time:491801ms step_avg:261.18ms
step:1884/2330 train_time:492065ms step_avg:261.18ms
step:1885/2330 train_time:492326ms step_avg:261.18ms
step:1886/2330 train_time:492590ms step_avg:261.18ms
step:1887/2330 train_time:492852ms step_avg:261.18ms
step:1888/2330 train_time:493114ms step_avg:261.18ms
step:1889/2330 train_time:493374ms step_avg:261.18ms
step:1890/2330 train_time:493642ms step_avg:261.19ms
step:1891/2330 train_time:493897ms step_avg:261.18ms
step:1892/2330 train_time:494163ms step_avg:261.19ms
step:1893/2330 train_time:494432ms step_avg:261.19ms
step:1894/2330 train_time:494688ms step_avg:261.19ms
step:1895/2330 train_time:494953ms step_avg:261.19ms
step:1896/2330 train_time:495216ms step_avg:261.19ms
step:1897/2330 train_time:495479ms step_avg:261.19ms
step:1898/2330 train_time:495738ms step_avg:261.19ms
step:1899/2330 train_time:496004ms step_avg:261.19ms
step:1900/2330 train_time:496268ms step_avg:261.19ms
step:1901/2330 train_time:496529ms step_avg:261.19ms
step:1902/2330 train_time:496789ms step_avg:261.19ms
step:1903/2330 train_time:497053ms step_avg:261.19ms
step:1904/2330 train_time:497317ms step_avg:261.20ms
step:1905/2330 train_time:497583ms step_avg:261.20ms
step:1906/2330 train_time:497844ms step_avg:261.20ms
step:1907/2330 train_time:498105ms step_avg:261.20ms
step:1908/2330 train_time:498367ms step_avg:261.20ms
step:1909/2330 train_time:498633ms step_avg:261.20ms
step:1910/2330 train_time:498895ms step_avg:261.20ms
step:1911/2330 train_time:499161ms step_avg:261.20ms
step:1912/2330 train_time:499431ms step_avg:261.21ms
step:1913/2330 train_time:499694ms step_avg:261.21ms
step:1914/2330 train_time:499960ms step_avg:261.21ms
step:1915/2330 train_time:500221ms step_avg:261.21ms
step:1916/2330 train_time:500485ms step_avg:261.21ms
step:1917/2330 train_time:500752ms step_avg:261.22ms
step:1918/2330 train_time:501006ms step_avg:261.21ms
step:1919/2330 train_time:501268ms step_avg:261.21ms
step:1920/2330 train_time:501530ms step_avg:261.21ms
step:1921/2330 train_time:501791ms step_avg:261.21ms
step:1922/2330 train_time:502053ms step_avg:261.21ms
step:1923/2330 train_time:502319ms step_avg:261.22ms
step:1924/2330 train_time:502586ms step_avg:261.22ms
step:1925/2330 train_time:502847ms step_avg:261.22ms
step:1926/2330 train_time:503112ms step_avg:261.22ms
step:1927/2330 train_time:503372ms step_avg:261.22ms
step:1928/2330 train_time:503633ms step_avg:261.22ms
step:1929/2330 train_time:503896ms step_avg:261.22ms
step:1930/2330 train_time:504169ms step_avg:261.23ms
step:1931/2330 train_time:504426ms step_avg:261.23ms
step:1932/2330 train_time:504688ms step_avg:261.23ms
step:1933/2330 train_time:504961ms step_avg:261.23ms
step:1934/2330 train_time:505225ms step_avg:261.23ms
step:1935/2330 train_time:505490ms step_avg:261.24ms
step:1936/2330 train_time:505751ms step_avg:261.24ms
step:1937/2330 train_time:506015ms step_avg:261.24ms
step:1938/2330 train_time:506277ms step_avg:261.24ms
step:1939/2330 train_time:506539ms step_avg:261.24ms
step:1940/2330 train_time:506800ms step_avg:261.24ms
step:1941/2330 train_time:507061ms step_avg:261.24ms
step:1942/2330 train_time:507319ms step_avg:261.24ms
step:1943/2330 train_time:507578ms step_avg:261.23ms
step:1944/2330 train_time:507843ms step_avg:261.24ms
step:1945/2330 train_time:508105ms step_avg:261.24ms
step:1946/2330 train_time:508368ms step_avg:261.24ms
step:1947/2330 train_time:508633ms step_avg:261.24ms
step:1948/2330 train_time:508899ms step_avg:261.24ms
step:1949/2330 train_time:509171ms step_avg:261.25ms
step:1950/2330 train_time:509435ms step_avg:261.25ms
step:1951/2330 train_time:509696ms step_avg:261.25ms
step:1952/2330 train_time:509964ms step_avg:261.25ms
step:1953/2330 train_time:510230ms step_avg:261.25ms
step:1954/2330 train_time:510484ms step_avg:261.25ms
step:1955/2330 train_time:510750ms step_avg:261.25ms
step:1956/2330 train_time:511014ms step_avg:261.25ms
step:1957/2330 train_time:511277ms step_avg:261.26ms
step:1958/2330 train_time:511541ms step_avg:261.26ms
step:1959/2330 train_time:511800ms step_avg:261.26ms
step:1960/2330 train_time:512065ms step_avg:261.26ms
step:1961/2330 train_time:512325ms step_avg:261.26ms
step:1962/2330 train_time:512586ms step_avg:261.26ms
step:1963/2330 train_time:512847ms step_avg:261.26ms
step:1964/2330 train_time:513113ms step_avg:261.26ms
step:1965/2330 train_time:513376ms step_avg:261.26ms
step:1966/2330 train_time:513640ms step_avg:261.26ms
step:1967/2330 train_time:513910ms step_avg:261.27ms
step:1968/2330 train_time:514171ms step_avg:261.27ms
step:1969/2330 train_time:514433ms step_avg:261.27ms
step:1970/2330 train_time:514697ms step_avg:261.27ms
step:1971/2330 train_time:514961ms step_avg:261.27ms
step:1972/2330 train_time:515223ms step_avg:261.27ms
step:1973/2330 train_time:515484ms step_avg:261.27ms
step:1974/2330 train_time:515745ms step_avg:261.27ms
step:1975/2330 train_time:516006ms step_avg:261.27ms
step:1976/2330 train_time:516266ms step_avg:261.27ms
step:1977/2330 train_time:516528ms step_avg:261.27ms
step:1978/2330 train_time:516789ms step_avg:261.27ms
step:1979/2330 train_time:517051ms step_avg:261.27ms
step:1980/2330 train_time:517311ms step_avg:261.27ms
step:1981/2330 train_time:517574ms step_avg:261.27ms
step:1982/2330 train_time:517836ms step_avg:261.27ms
step:1983/2330 train_time:518106ms step_avg:261.27ms
step:1984/2330 train_time:518369ms step_avg:261.27ms
step:1985/2330 train_time:518630ms step_avg:261.27ms
step:1986/2330 train_time:518893ms step_avg:261.28ms
step:1987/2330 train_time:519156ms step_avg:261.28ms
step:1988/2330 train_time:519420ms step_avg:261.28ms
step:1989/2330 train_time:519679ms step_avg:261.28ms
step:1990/2330 train_time:519943ms step_avg:261.28ms
step:1991/2330 train_time:520209ms step_avg:261.28ms
step:1992/2330 train_time:520473ms step_avg:261.28ms
step:1993/2330 train_time:520738ms step_avg:261.28ms
step:1994/2330 train_time:521001ms step_avg:261.28ms
step:1995/2330 train_time:521266ms step_avg:261.29ms
step:1996/2330 train_time:521536ms step_avg:261.29ms
step:1997/2330 train_time:521799ms step_avg:261.29ms
step:1998/2330 train_time:522062ms step_avg:261.29ms
step:1999/2330 train_time:522328ms step_avg:261.29ms
step:2000/2330 train_time:522595ms step_avg:261.30ms
step:2000/2330 val_loss:3.3294 train_time:522767ms step_avg:261.38ms
step:2001/2330 train_time:522985ms step_avg:261.36ms
step:2002/2330 train_time:523216ms step_avg:261.35ms
step:2003/2330 train_time:523480ms step_avg:261.35ms
step:2004/2330 train_time:523747ms step_avg:261.35ms
step:2005/2330 train_time:524003ms step_avg:261.35ms
step:2006/2330 train_time:524268ms step_avg:261.35ms
step:2007/2330 train_time:524527ms step_avg:261.35ms
step:2008/2330 train_time:524787ms step_avg:261.35ms
step:2009/2330 train_time:525044ms step_avg:261.35ms
step:2010/2330 train_time:525307ms step_avg:261.35ms
step:2011/2330 train_time:525571ms step_avg:261.35ms
step:2012/2330 train_time:525839ms step_avg:261.35ms
step:2013/2330 train_time:526101ms step_avg:261.35ms
step:2014/2330 train_time:526364ms step_avg:261.35ms
step:2015/2330 train_time:526626ms step_avg:261.35ms
step:2016/2330 train_time:526891ms step_avg:261.35ms
step:2017/2330 train_time:527155ms step_avg:261.36ms
step:2018/2330 train_time:527415ms step_avg:261.36ms
step:2019/2330 train_time:527678ms step_avg:261.36ms
step:2020/2330 train_time:527953ms step_avg:261.36ms
step:2021/2330 train_time:528214ms step_avg:261.36ms
step:2022/2330 train_time:528477ms step_avg:261.36ms
step:2023/2330 train_time:528739ms step_avg:261.36ms
step:2024/2330 train_time:529004ms step_avg:261.37ms
step:2025/2330 train_time:529265ms step_avg:261.37ms
step:2026/2330 train_time:529530ms step_avg:261.37ms
step:2027/2330 train_time:529794ms step_avg:261.37ms
step:2028/2330 train_time:530053ms step_avg:261.37ms
step:2029/2330 train_time:530315ms step_avg:261.37ms
step:2030/2330 train_time:530583ms step_avg:261.37ms
step:2031/2330 train_time:530844ms step_avg:261.37ms
step:2032/2330 train_time:531107ms step_avg:261.37ms
step:2033/2330 train_time:531369ms step_avg:261.37ms
step:2034/2330 train_time:531635ms step_avg:261.37ms
step:2035/2330 train_time:531896ms step_avg:261.37ms
step:2036/2330 train_time:532157ms step_avg:261.37ms
step:2037/2330 train_time:532419ms step_avg:261.37ms
step:2038/2330 train_time:532683ms step_avg:261.38ms
step:2039/2330 train_time:532947ms step_avg:261.38ms
step:2040/2330 train_time:533212ms step_avg:261.38ms
step:2041/2330 train_time:533475ms step_avg:261.38ms
step:2042/2330 train_time:533738ms step_avg:261.38ms
step:2043/2330 train_time:534000ms step_avg:261.38ms
step:2044/2330 train_time:534268ms step_avg:261.38ms
step:2045/2330 train_time:534530ms step_avg:261.38ms
step:2046/2330 train_time:534792ms step_avg:261.38ms
step:2047/2330 train_time:535051ms step_avg:261.38ms
step:2048/2330 train_time:535312ms step_avg:261.38ms
step:2049/2330 train_time:535577ms step_avg:261.38ms
step:2050/2330 train_time:535844ms step_avg:261.39ms
step:2051/2330 train_time:536104ms step_avg:261.39ms
step:2052/2330 train_time:536366ms step_avg:261.39ms
step:2053/2330 train_time:536627ms step_avg:261.39ms
step:2054/2330 train_time:536889ms step_avg:261.39ms
step:2055/2330 train_time:537155ms step_avg:261.39ms
step:2056/2330 train_time:537418ms step_avg:261.39ms
step:2057/2330 train_time:537680ms step_avg:261.39ms
step:2058/2330 train_time:537945ms step_avg:261.39ms
step:2059/2330 train_time:538208ms step_avg:261.39ms
step:2060/2330 train_time:538471ms step_avg:261.39ms
step:2061/2330 train_time:538728ms step_avg:261.39ms
step:2062/2330 train_time:538993ms step_avg:261.39ms
step:2063/2330 train_time:539252ms step_avg:261.39ms
step:2064/2330 train_time:539518ms step_avg:261.39ms
step:2065/2330 train_time:539777ms step_avg:261.39ms
step:2066/2330 train_time:540039ms step_avg:261.39ms
step:2067/2330 train_time:540306ms step_avg:261.40ms
step:2068/2330 train_time:540574ms step_avg:261.40ms
step:2069/2330 train_time:540835ms step_avg:261.40ms
step:2070/2330 train_time:541098ms step_avg:261.40ms
step:2071/2330 train_time:541362ms step_avg:261.40ms
step:2072/2330 train_time:541623ms step_avg:261.40ms
step:2073/2330 train_time:541885ms step_avg:261.40ms
step:2074/2330 train_time:542150ms step_avg:261.40ms
step:2075/2330 train_time:542410ms step_avg:261.40ms
step:2076/2330 train_time:542674ms step_avg:261.40ms
step:2077/2330 train_time:542936ms step_avg:261.40ms
step:2078/2330 train_time:543202ms step_avg:261.41ms
step:2079/2330 train_time:543466ms step_avg:261.41ms
step:2080/2330 train_time:543728ms step_avg:261.41ms
step:2081/2330 train_time:543990ms step_avg:261.41ms
step:2082/2330 train_time:544254ms step_avg:261.41ms
step:2083/2330 train_time:544518ms step_avg:261.41ms
step:2084/2330 train_time:544782ms step_avg:261.41ms
step:2085/2330 train_time:545043ms step_avg:261.41ms
step:2086/2330 train_time:545306ms step_avg:261.41ms
step:2087/2330 train_time:545567ms step_avg:261.41ms
step:2088/2330 train_time:545831ms step_avg:261.41ms
step:2089/2330 train_time:546091ms step_avg:261.41ms
step:2090/2330 train_time:546354ms step_avg:261.41ms
step:2091/2330 train_time:546620ms step_avg:261.42ms
step:2092/2330 train_time:546886ms step_avg:261.42ms
step:2093/2330 train_time:547146ms step_avg:261.42ms
step:2094/2330 train_time:547408ms step_avg:261.42ms
step:2095/2330 train_time:547669ms step_avg:261.42ms
step:2096/2330 train_time:547932ms step_avg:261.42ms
step:2097/2330 train_time:548193ms step_avg:261.42ms
step:2098/2330 train_time:548457ms step_avg:261.42ms
step:2099/2330 train_time:548726ms step_avg:261.42ms
step:2100/2330 train_time:548990ms step_avg:261.42ms
step:2101/2330 train_time:549255ms step_avg:261.43ms
step:2102/2330 train_time:549518ms step_avg:261.43ms
step:2103/2330 train_time:549779ms step_avg:261.43ms
step:2104/2330 train_time:550048ms step_avg:261.43ms
step:2105/2330 train_time:550302ms step_avg:261.43ms
step:2106/2330 train_time:550565ms step_avg:261.43ms
step:2107/2330 train_time:550832ms step_avg:261.43ms
step:2108/2330 train_time:551093ms step_avg:261.43ms
step:2109/2330 train_time:551354ms step_avg:261.43ms
step:2110/2330 train_time:551622ms step_avg:261.43ms
step:2111/2330 train_time:551880ms step_avg:261.43ms
step:2112/2330 train_time:552142ms step_avg:261.43ms
step:2113/2330 train_time:552403ms step_avg:261.43ms
step:2114/2330 train_time:552664ms step_avg:261.43ms
step:2115/2330 train_time:552933ms step_avg:261.43ms
step:2116/2330 train_time:553192ms step_avg:261.43ms
step:2117/2330 train_time:553455ms step_avg:261.43ms
step:2118/2330 train_time:553725ms step_avg:261.44ms
step:2119/2330 train_time:553988ms step_avg:261.44ms
step:2120/2330 train_time:554251ms step_avg:261.44ms
step:2121/2330 train_time:554514ms step_avg:261.44ms
step:2122/2330 train_time:554776ms step_avg:261.44ms
step:2123/2330 train_time:555036ms step_avg:261.44ms
step:2124/2330 train_time:555300ms step_avg:261.44ms
step:2125/2330 train_time:555564ms step_avg:261.44ms
step:2126/2330 train_time:555828ms step_avg:261.44ms
step:2127/2330 train_time:556090ms step_avg:261.44ms
step:2128/2330 train_time:556355ms step_avg:261.45ms
step:2129/2330 train_time:556617ms step_avg:261.45ms
step:2130/2330 train_time:556881ms step_avg:261.45ms
step:2131/2330 train_time:557142ms step_avg:261.45ms
step:2132/2330 train_time:557407ms step_avg:261.45ms
step:2133/2330 train_time:557668ms step_avg:261.45ms
step:2134/2330 train_time:557935ms step_avg:261.45ms
step:2135/2330 train_time:558191ms step_avg:261.45ms
step:2136/2330 train_time:558453ms step_avg:261.45ms
step:2137/2330 train_time:558716ms step_avg:261.45ms
step:2138/2330 train_time:558983ms step_avg:261.45ms
step:2139/2330 train_time:559245ms step_avg:261.45ms
step:2140/2330 train_time:559506ms step_avg:261.45ms
step:2141/2330 train_time:559773ms step_avg:261.45ms
step:2142/2330 train_time:560034ms step_avg:261.45ms
step:2143/2330 train_time:560298ms step_avg:261.46ms
step:2144/2330 train_time:560558ms step_avg:261.45ms
step:2145/2330 train_time:560822ms step_avg:261.46ms
step:2146/2330 train_time:561086ms step_avg:261.46ms
step:2147/2330 train_time:561350ms step_avg:261.46ms
step:2148/2330 train_time:561614ms step_avg:261.46ms
step:2149/2330 train_time:561881ms step_avg:261.46ms
step:2150/2330 train_time:562149ms step_avg:261.46ms
step:2151/2330 train_time:562411ms step_avg:261.46ms
step:2152/2330 train_time:562672ms step_avg:261.46ms
step:2153/2330 train_time:562937ms step_avg:261.47ms
step:2154/2330 train_time:563202ms step_avg:261.47ms
step:2155/2330 train_time:563466ms step_avg:261.47ms
step:2156/2330 train_time:563725ms step_avg:261.47ms
step:2157/2330 train_time:563992ms step_avg:261.47ms
step:2158/2330 train_time:564257ms step_avg:261.47ms
step:2159/2330 train_time:564528ms step_avg:261.48ms
step:2160/2330 train_time:564781ms step_avg:261.47ms
step:2161/2330 train_time:565047ms step_avg:261.47ms
step:2162/2330 train_time:565308ms step_avg:261.47ms
step:2163/2330 train_time:565570ms step_avg:261.47ms
step:2164/2330 train_time:565832ms step_avg:261.48ms
step:2165/2330 train_time:566097ms step_avg:261.48ms
step:2166/2330 train_time:566360ms step_avg:261.48ms
step:2167/2330 train_time:566620ms step_avg:261.48ms
step:2168/2330 train_time:566883ms step_avg:261.48ms
step:2169/2330 train_time:567144ms step_avg:261.48ms
step:2170/2330 train_time:567407ms step_avg:261.48ms
step:2171/2330 train_time:567669ms step_avg:261.48ms
step:2172/2330 train_time:567930ms step_avg:261.48ms
step:2173/2330 train_time:568192ms step_avg:261.48ms
step:2174/2330 train_time:568460ms step_avg:261.48ms
step:2175/2330 train_time:568724ms step_avg:261.48ms
step:2176/2330 train_time:568997ms step_avg:261.49ms
step:2177/2330 train_time:569257ms step_avg:261.49ms
step:2178/2330 train_time:569519ms step_avg:261.49ms
step:2179/2330 train_time:569782ms step_avg:261.49ms
step:2180/2330 train_time:570045ms step_avg:261.49ms
step:2181/2330 train_time:570306ms step_avg:261.49ms
step:2182/2330 train_time:570567ms step_avg:261.49ms
step:2183/2330 train_time:570830ms step_avg:261.49ms
step:2184/2330 train_time:571095ms step_avg:261.49ms
step:2185/2330 train_time:571357ms step_avg:261.49ms
step:2186/2330 train_time:571628ms step_avg:261.50ms
step:2187/2330 train_time:571886ms step_avg:261.49ms
step:2188/2330 train_time:572148ms step_avg:261.49ms
step:2189/2330 train_time:572409ms step_avg:261.49ms
step:2190/2330 train_time:572688ms step_avg:261.50ms
step:2191/2330 train_time:572938ms step_avg:261.50ms
step:2192/2330 train_time:573199ms step_avg:261.50ms
step:2193/2330 train_time:573467ms step_avg:261.50ms
step:2194/2330 train_time:573729ms step_avg:261.50ms
step:2195/2330 train_time:573989ms step_avg:261.50ms
step:2196/2330 train_time:574252ms step_avg:261.50ms
step:2197/2330 train_time:574514ms step_avg:261.50ms
step:2198/2330 train_time:574779ms step_avg:261.50ms
step:2199/2330 train_time:575044ms step_avg:261.50ms
step:2200/2330 train_time:575307ms step_avg:261.50ms
step:2201/2330 train_time:575570ms step_avg:261.50ms
step:2202/2330 train_time:575833ms step_avg:261.50ms
step:2203/2330 train_time:576089ms step_avg:261.50ms
step:2204/2330 train_time:576355ms step_avg:261.50ms
step:2205/2330 train_time:576616ms step_avg:261.50ms
step:2206/2330 train_time:576880ms step_avg:261.51ms
step:2207/2330 train_time:577142ms step_avg:261.51ms
step:2208/2330 train_time:577403ms step_avg:261.50ms
step:2209/2330 train_time:577666ms step_avg:261.51ms
step:2210/2330 train_time:577931ms step_avg:261.51ms
step:2211/2330 train_time:578197ms step_avg:261.51ms
step:2212/2330 train_time:578463ms step_avg:261.51ms
step:2213/2330 train_time:578723ms step_avg:261.51ms
step:2214/2330 train_time:578986ms step_avg:261.51ms
step:2215/2330 train_time:579244ms step_avg:261.51ms
step:2216/2330 train_time:579508ms step_avg:261.51ms
step:2217/2330 train_time:579770ms step_avg:261.51ms
step:2218/2330 train_time:580035ms step_avg:261.51ms
step:2219/2330 train_time:580296ms step_avg:261.51ms
step:2220/2330 train_time:580564ms step_avg:261.52ms
step:2221/2330 train_time:580826ms step_avg:261.52ms
step:2222/2330 train_time:581090ms step_avg:261.52ms
step:2223/2330 train_time:581351ms step_avg:261.52ms
step:2224/2330 train_time:581619ms step_avg:261.52ms
step:2225/2330 train_time:581878ms step_avg:261.52ms
step:2226/2330 train_time:582145ms step_avg:261.52ms
step:2227/2330 train_time:582405ms step_avg:261.52ms
step:2228/2330 train_time:582668ms step_avg:261.52ms
step:2229/2330 train_time:582931ms step_avg:261.52ms
step:2230/2330 train_time:583190ms step_avg:261.52ms
step:2231/2330 train_time:583457ms step_avg:261.52ms
step:2232/2330 train_time:583718ms step_avg:261.52ms
step:2233/2330 train_time:583983ms step_avg:261.52ms
step:2234/2330 train_time:584245ms step_avg:261.52ms
step:2235/2330 train_time:584507ms step_avg:261.52ms
step:2236/2330 train_time:584771ms step_avg:261.53ms
step:2237/2330 train_time:585031ms step_avg:261.52ms
step:2238/2330 train_time:585299ms step_avg:261.53ms
step:2239/2330 train_time:585562ms step_avg:261.53ms
step:2240/2330 train_time:585828ms step_avg:261.53ms
step:2241/2330 train_time:586095ms step_avg:261.53ms
step:2242/2330 train_time:586359ms step_avg:261.53ms
step:2243/2330 train_time:586624ms step_avg:261.54ms
step:2244/2330 train_time:586886ms step_avg:261.54ms
step:2245/2330 train_time:587148ms step_avg:261.54ms
step:2246/2330 train_time:587412ms step_avg:261.54ms
step:2247/2330 train_time:587673ms step_avg:261.54ms
step:2248/2330 train_time:587935ms step_avg:261.54ms
step:2249/2330 train_time:588199ms step_avg:261.54ms
step:2250/2330 train_time:588463ms step_avg:261.54ms
step:2250/2330 val_loss:3.2892 train_time:588648ms step_avg:261.62ms
step:2251/2330 train_time:588842ms step_avg:261.59ms
step:2252/2330 train_time:589076ms step_avg:261.58ms
step:2253/2330 train_time:589337ms step_avg:261.58ms
step:2254/2330 train_time:589602ms step_avg:261.58ms
step:2255/2330 train_time:589866ms step_avg:261.58ms
step:2256/2330 train_time:590128ms step_avg:261.58ms
step:2257/2330 train_time:590390ms step_avg:261.58ms
step:2258/2330 train_time:590654ms step_avg:261.58ms
step:2259/2330 train_time:590914ms step_avg:261.58ms
step:2260/2330 train_time:591178ms step_avg:261.58ms
step:2261/2330 train_time:591440ms step_avg:261.58ms
step:2262/2330 train_time:591705ms step_avg:261.59ms
step:2263/2330 train_time:591968ms step_avg:261.59ms
step:2264/2330 train_time:592228ms step_avg:261.58ms
step:2265/2330 train_time:592492ms step_avg:261.59ms
step:2266/2330 train_time:592753ms step_avg:261.59ms
step:2267/2330 train_time:593023ms step_avg:261.59ms
step:2268/2330 train_time:593285ms step_avg:261.59ms
step:2269/2330 train_time:593548ms step_avg:261.59ms
step:2270/2330 train_time:593813ms step_avg:261.59ms
step:2271/2330 train_time:594075ms step_avg:261.59ms
step:2272/2330 train_time:594339ms step_avg:261.59ms
step:2273/2330 train_time:594600ms step_avg:261.59ms
step:2274/2330 train_time:594863ms step_avg:261.59ms
step:2275/2330 train_time:595126ms step_avg:261.59ms
step:2276/2330 train_time:595387ms step_avg:261.59ms
step:2277/2330 train_time:595648ms step_avg:261.59ms
step:2278/2330 train_time:595911ms step_avg:261.59ms
step:2279/2330 train_time:596176ms step_avg:261.60ms
step:2280/2330 train_time:596432ms step_avg:261.59ms
step:2281/2330 train_time:596694ms step_avg:261.59ms
step:2282/2330 train_time:596957ms step_avg:261.59ms
step:2283/2330 train_time:597220ms step_avg:261.59ms
step:2284/2330 train_time:597485ms step_avg:261.60ms
step:2285/2330 train_time:597751ms step_avg:261.60ms
step:2286/2330 train_time:598015ms step_avg:261.60ms
step:2287/2330 train_time:598277ms step_avg:261.60ms
step:2288/2330 train_time:598541ms step_avg:261.60ms
step:2289/2330 train_time:598799ms step_avg:261.60ms
step:2290/2330 train_time:599063ms step_avg:261.60ms
step:2291/2330 train_time:599328ms step_avg:261.60ms
step:2292/2330 train_time:599595ms step_avg:261.60ms
step:2293/2330 train_time:599863ms step_avg:261.61ms
step:2294/2330 train_time:600127ms step_avg:261.61ms
step:2295/2330 train_time:600391ms step_avg:261.61ms
step:2296/2330 train_time:600653ms step_avg:261.61ms
step:2297/2330 train_time:600917ms step_avg:261.61ms
step:2298/2330 train_time:601179ms step_avg:261.61ms
step:2299/2330 train_time:601440ms step_avg:261.61ms
step:2300/2330 train_time:601705ms step_avg:261.61ms
step:2301/2330 train_time:601969ms step_avg:261.61ms
step:2302/2330 train_time:602235ms step_avg:261.61ms
step:2303/2330 train_time:602502ms step_avg:261.62ms
step:2304/2330 train_time:602763ms step_avg:261.62ms
step:2305/2330 train_time:603023ms step_avg:261.61ms
step:2306/2330 train_time:603288ms step_avg:261.62ms
step:2307/2330 train_time:603550ms step_avg:261.62ms
step:2308/2330 train_time:603815ms step_avg:261.62ms
step:2309/2330 train_time:604078ms step_avg:261.62ms
step:2310/2330 train_time:604342ms step_avg:261.62ms
step:2311/2330 train_time:604603ms step_avg:261.62ms
step:2312/2330 train_time:604866ms step_avg:261.62ms
step:2313/2330 train_time:605129ms step_avg:261.62ms
step:2314/2330 train_time:605395ms step_avg:261.62ms
step:2315/2330 train_time:605658ms step_avg:261.62ms
step:2316/2330 train_time:605923ms step_avg:261.62ms
step:2317/2330 train_time:606183ms step_avg:261.62ms
step:2318/2330 train_time:606443ms step_avg:261.62ms
step:2319/2330 train_time:606704ms step_avg:261.62ms
step:2320/2330 train_time:606968ms step_avg:261.62ms
step:2321/2330 train_time:607231ms step_avg:261.62ms
step:2322/2330 train_time:607493ms step_avg:261.62ms
step:2323/2330 train_time:607759ms step_avg:261.63ms
step:2324/2330 train_time:608025ms step_avg:261.63ms
step:2325/2330 train_time:608286ms step_avg:261.63ms
step:2326/2330 train_time:608551ms step_avg:261.63ms
step:2327/2330 train_time:608813ms step_avg:261.63ms
step:2328/2330 train_time:609079ms step_avg:261.63ms
step:2329/2330 train_time:609343ms step_avg:261.63ms
step:2330/2330 train_time:609603ms step_avg:261.63ms
step:2330/2330 val_loss:3.2765 train_time:609786ms step_avg:261.71ms
peak memory allocated: 19828 MiB reserved: 21694 MiB
total training time: 609.79s (609786ms)
