=== R042 FIXED seed=1 NPROC=16 ===
TRAIN_SCRIPT=/models/modded-nanogpt_record50_cautious_wd/npu_bench/record_042_fix_muon_lr/agent_outputs/default_agent/npu_port_fixed/train_gpt.py
Python: Python 3.10.19
Torch: 2.7.1+cpu
=== Starting training ===
/root/miniconda3/envs/llm_test/lib/python3.10/runpy.py:126: RuntimeWarning: 'torch.distributed.run' found in sys.modules after import of package 'torch.distributed', but prior to execution of 'torch.distributed.run'; this may result in unpredictable behaviour
  warn(RuntimeWarning(msg))

*****************************************
Setting OMP_NUM_THREADS environment variable for each process to be 1 in default, to avoid your system being overloaded, please further tune the variable for optimal performance in your application as needed. 
*****************************************
/root/miniconda3/envs/llm_test/lib/python3.10/site-packages/torch/autograd/__init__.py:221: UserWarning: Cannot create tensor with interal format while allow_internel_format=False, tensor will be created with base format. (Triggered internally at build/CMakeFiles/torch_npu.dir/compiler_depend.ts:338.)
  torch.ones_like(out, memory_format=torch.preserve_format)
[rank 2] Starting init, world_size=16, grad_accum=1
/root/miniconda3/envs/llm_test/lib/python3.10/site-packages/torch/autograd/__init__.py:221: UserWarning: Cannot create tensor with interal format while allow_internel_format=False, tensor will be created with base format. (Triggered internally at build/CMakeFiles/torch_npu.dir/compiler_depend.ts:338.)
  torch.ones_like(out, memory_format=torch.preserve_format)
[rank 4] Starting init, world_size=16, grad_accum=1
/root/miniconda3/envs/llm_test/lib/python3.10/site-packages/torch/autograd/__init__.py:221: UserWarning: Cannot create tensor with interal format while allow_internel_format=False, tensor will be created with base format. (Triggered internally at build/CMakeFiles/torch_npu.dir/compiler_depend.ts:338.)
  torch.ones_like(out, memory_format=torch.preserve_format)
[rank 1] Starting init, world_size=16, grad_accum=1
[rank 2] Device set to npu:2, calling init_process_group
[rank 2] init_process_group done, calling barrier
/root/miniconda3/envs/llm_test/lib/python3.10/site-packages/torch/distributed/distributed_c10d.py:4631: UserWarning: No device id is provided via `init_process_group` or `barrier `. Using the current device set by the user. 
  warnings.warn(  # warn only once
/root/miniconda3/envs/llm_test/lib/python3.10/site-packages/torch/autograd/__init__.py:221: UserWarning: Cannot create tensor with interal format while allow_internel_format=False, tensor will be created with base format. (Triggered internally at build/CMakeFiles/torch_npu.dir/compiler_depend.ts:338.)
  torch.ones_like(out, memory_format=torch.preserve_format)
[rank 12] Starting init, world_size=16, grad_accum=1
/root/miniconda3/envs/llm_test/lib/python3.10/site-packages/torch/autograd/__init__.py:221: UserWarning: Cannot create tensor with interal format while allow_internel_format=False, tensor will be created with base format. (Triggered internally at build/CMakeFiles/torch_npu.dir/compiler_depend.ts:338.)
  torch.ones_like(out, memory_format=torch.preserve_format)
[rank 5] Starting init, world_size=16, grad_accum=1
/root/miniconda3/envs/llm_test/lib/python3.10/site-packages/torch/autograd/__init__.py:221: UserWarning: Cannot create tensor with interal format while allow_internel_format=False, tensor will be created with base format. (Triggered internally at build/CMakeFiles/torch_npu.dir/compiler_depend.ts:338.)
  torch.ones_like(out, memory_format=torch.preserve_format)
[rank 6] Starting init, world_size=16, grad_accum=1
/root/miniconda3/envs/llm_test/lib/python3.10/site-packages/torch/autograd/__init__.py:221: UserWarning: Cannot create tensor with interal format while allow_internel_format=False, tensor will be created with base format. (Triggered internally at build/CMakeFiles/torch_npu.dir/compiler_depend.ts:338.)
  torch.ones_like(out, memory_format=torch.preserve_format)
/root/miniconda3/envs/llm_test/lib/python3.10/site-packages/torch/autograd/__init__.py:221: UserWarning: Cannot create tensor with interal format while allow_internel_format=False, tensor will be created with base format. (Triggered internally at build/CMakeFiles/torch_npu.dir/compiler_depend.ts:338.)
  torch.ones_like(out, memory_format=torch.preserve_format)
/root/miniconda3/envs/llm_test/lib/python3.10/site-packages/torch/autograd/__init__.py:221: UserWarning: Cannot create tensor with interal format while allow_internel_format=False, tensor will be created with base format. (Triggered internally at build/CMakeFiles/torch_npu.dir/compiler_depend.ts:338.)
  torch.ones_like(out, memory_format=torch.preserve_format)
/root/miniconda3/envs/llm_test/lib/python3.10/site-packages/torch/autograd/__init__.py:221: UserWarning: Cannot create tensor with interal format while allow_internel_format=False, tensor will be created with base format. (Triggered internally at build/CMakeFiles/torch_npu.dir/compiler_depend.ts:338.)
  torch.ones_like(out, memory_format=torch.preserve_format)
/root/miniconda3/envs/llm_test/lib/python3.10/site-packages/torch/autograd/__init__.py:221: UserWarning: Cannot create tensor with interal format while allow_internel_format=False, tensor will be created with base format. (Triggered internally at build/CMakeFiles/torch_npu.dir/compiler_depend.ts:338.)
  torch.ones_like(out, memory_format=torch.preserve_format)
[rank 10] Starting init, world_size=16, grad_accum=1
/root/miniconda3/envs/llm_test/lib/python3.10/site-packages/torch/autograd/__init__.py:221: UserWarning: Cannot create tensor with interal format while allow_internel_format=False, tensor will be created with base format. (Triggered internally at build/CMakeFiles/torch_npu.dir/compiler_depend.ts:338.)
  torch.ones_like(out, memory_format=torch.preserve_format)
[rank 11] Starting init, world_size=16, grad_accum=1
[rank 8] Starting init, world_size=16, grad_accum=1
[rank 0] Starting init, world_size=16, grad_accum=1
[rank 0] Device set to npu:0, calling init_process_group
[rank 13] Starting init, world_size=16, grad_accum=1
[rank 9] Starting init, world_size=16, grad_accum=1
/root/miniconda3/envs/llm_test/lib/python3.10/site-packages/torch/autograd/__init__.py:221: UserWarning: Cannot create tensor with interal format while allow_internel_format=False, tensor will be created with base format. (Triggered internally at build/CMakeFiles/torch_npu.dir/compiler_depend.ts:338.)
  torch.ones_like(out, memory_format=torch.preserve_format)
[rank 0] init_process_group done, calling barrier
/root/miniconda3/envs/llm_test/lib/python3.10/site-packages/torch/autograd/__init__.py:221: UserWarning: Cannot create tensor with interal format while allow_internel_format=False, tensor will be created with base format. (Triggered internally at build/CMakeFiles/torch_npu.dir/compiler_depend.ts:338.)
  torch.ones_like(out, memory_format=torch.preserve_format)
/root/miniconda3/envs/llm_test/lib/python3.10/site-packages/torch/distributed/distributed_c10d.py:4631: UserWarning: No device id is provided via `init_process_group` or `barrier `. Using the current device set by the user. 
  warnings.warn(  # warn only once
/root/miniconda3/envs/llm_test/lib/python3.10/site-packages/torch/autograd/__init__.py:221: UserWarning: Cannot create tensor with interal format while allow_internel_format=False, tensor will be created with base format. (Triggered internally at build/CMakeFiles/torch_npu.dir/compiler_depend.ts:338.)
  torch.ones_like(out, memory_format=torch.preserve_format)
/root/miniconda3/envs/llm_test/lib/python3.10/site-packages/torch/autograd/__init__.py:221: UserWarning: Cannot create tensor with interal format while allow_internel_format=False, tensor will be created with base format. (Triggered internally at build/CMakeFiles/torch_npu.dir/compiler_depend.ts:338.)
  torch.ones_like(out, memory_format=torch.preserve_format)
[rank 7] Starting init, world_size=16, grad_accum=1
[rank 3] Starting init, world_size=16, grad_accum=1
[rank 15] Starting init, world_size=16, grad_accum=1
[rank 14] Starting init, world_size=16, grad_accum=1
[rank 4] Device set to npu:4, calling init_process_group
[rank 4] init_process_group done, calling barrier
/root/miniconda3/envs/llm_test/lib/python3.10/site-packages/torch/distributed/distributed_c10d.py:4631: UserWarning: No device id is provided via `init_process_group` or `barrier `. Using the current device set by the user. 
  warnings.warn(  # warn only once
[rank 1] Device set to npu:1, calling init_process_group
[rank 1] init_process_group done, calling barrier
/root/miniconda3/envs/llm_test/lib/python3.10/site-packages/torch/distributed/distributed_c10d.py:4631: UserWarning: No device id is provided via `init_process_group` or `barrier `. Using the current device set by the user. 
  warnings.warn(  # warn only once
[rank 12] Device set to npu:12, calling init_process_group
[rank 12] init_process_group done, calling barrier
/root/miniconda3/envs/llm_test/lib/python3.10/site-packages/torch/distributed/distributed_c10d.py:4631: UserWarning: No device id is provided via `init_process_group` or `barrier `. Using the current device set by the user. 
  warnings.warn(  # warn only once
[rank 6] Device set to npu:6, calling init_process_group
[rank 6] init_process_group done, calling barrier
/root/miniconda3/envs/llm_test/lib/python3.10/site-packages/torch/distributed/distributed_c10d.py:4631: UserWarning: No device id is provided via `init_process_group` or `barrier `. Using the current device set by the user. 
  warnings.warn(  # warn only once
[rank 11] Device set to npu:11, calling init_process_group
[rank 14] Device set to npu:14, calling init_process_group
[rank 11] init_process_group done, calling barrier
[rank 9] Device set to npu:9, calling init_process_group
[rank 5] Device set to npu:5, calling init_process_group
[rank 14] init_process_group done, calling barrier
[rank 8] Device set to npu:8, calling init_process_group
/root/miniconda3/envs/llm_test/lib/python3.10/site-packages/torch/distributed/distributed_c10d.py:4631: UserWarning: No device id is provided via `init_process_group` or `barrier `. Using the current device set by the user. 
  warnings.warn(  # warn only once
[rank 9] init_process_group done, calling barrier
/root/miniconda3/envs/llm_test/lib/python3.10/site-packages/torch/distributed/distributed_c10d.py:4631: UserWarning: No device id is provided via `init_process_group` or `barrier `. Using the current device set by the user. 
  warnings.warn(  # warn only once
[rank 10] Device set to npu:10, calling init_process_group
/root/miniconda3/envs/llm_test/lib/python3.10/site-packages/torch/distributed/distributed_c10d.py:4631: UserWarning: No device id is provided via `init_process_group` or `barrier `. Using the current device set by the user. 
  warnings.warn(  # warn only once
[rank 8] init_process_group done, calling barrier
[rank 3] Device set to npu:3, calling init_process_group
/root/miniconda3/envs/llm_test/lib/python3.10/site-packages/torch/distributed/distributed_c10d.py:4631: UserWarning: No device id is provided via `init_process_group` or `barrier `. Using the current device set by the user. 
  warnings.warn(  # warn only once
[rank 5] init_process_group done, calling barrier
/root/miniconda3/envs/llm_test/lib/python3.10/site-packages/torch/distributed/distributed_c10d.py:4631: UserWarning: No device id is provided via `init_process_group` or `barrier `. Using the current device set by the user. 
  warnings.warn(  # warn only once
[rank 7] Device set to npu:7, calling init_process_group
[rank 10] init_process_group done, calling barrier
[rank 7] init_process_group done, calling barrier
/root/miniconda3/envs/llm_test/lib/python3.10/site-packages/torch/distributed/distributed_c10d.py:4631: UserWarning: No device id is provided via `init_process_group` or `barrier `. Using the current device set by the user. 
  warnings.warn(  # warn only once
/root/miniconda3/envs/llm_test/lib/python3.10/site-packages/torch/distributed/distributed_c10d.py:4631: UserWarning: No device id is provided via `init_process_group` or `barrier `. Using the current device set by the user. 
  warnings.warn(  # warn only once
[rank 3] init_process_group done, calling barrier
/root/miniconda3/envs/llm_test/lib/python3.10/site-packages/torch/distributed/distributed_c10d.py:4631: UserWarning: No device id is provided via `init_process_group` or `barrier `. Using the current device set by the user. 
  warnings.warn(  # warn only once
[rank 13] Device set to npu:13, calling init_process_group
[rank 13] init_process_group done, calling barrier
[rank 15] Device set to npu:15, calling init_process_group
/root/miniconda3/envs/llm_test/lib/python3.10/site-packages/torch/distributed/distributed_c10d.py:4631: UserWarning: No device id is provided via `init_process_group` or `barrier `. Using the current device set by the user. 
  warnings.warn(  # warn only once
[rank 15] init_process_group done, calling barrier
/root/miniconda3/envs/llm_test/lib/python3.10/site-packages/torch/distributed/distributed_c10d.py:4631: UserWarning: No device id is provided via `init_process_group` or `barrier `. Using the current device set by the user. 
  warnings.warn(  # warn only once
[rank 8] barrier done
[rank 2] barrier done[rank 5] barrier done[rank 7] barrier done[rank 10] barrier done



[rank 11] barrier done[rank 0] barrier done
[rank 9] barrier done
[rank 6] barrier done
[rank 15] barrier done[rank 13] barrier done


[rank 14] barrier done
[rank 12] barrier done
[rank 4] barrier done
logs/4301467e-427c-4bc9-8094-d17266965a0f
[rank 1] barrier done
[rank 3] barrier done
[rank 5] Creating model...
[rank 9] Creating model...
[rank 13] Creating model...
[rank 8] Creating model...
[rank 4] Creating model...
[rank 10] Creating model...
[rank 7] Creating model...
[rank 11] Creating model...
[rank 15] Creating model...
[rank 6] Creating model...
[rank 2] Creating model...
[rank 0] Creating model...
[rank 12] Creating model...
[rank 5] Model created, max_seq_len=131072
[rank 14] Creating model...
[rank 9] Model created, max_seq_len=131072
[rank 1] Creating model...
[rank 3] Creating model...
[rank 13] Model created, max_seq_len=131072
[rank 8] Model created, max_seq_len=131072
[rank 4] Model created, max_seq_len=131072
[rank 10] Model created, max_seq_len=131072
[rank 7] Model created, max_seq_len=131072
[rank 11] Model created, max_seq_len=131072
[rank 15] Model created, max_seq_len=131072
[rank 6] Model created, max_seq_len=131072
[rank 2] Model created, max_seq_len=131072
[rank 0] Model created, max_seq_len=131072
/root/miniconda3/envs/llm_test/lib/python3.10/site-packages/torch_npu/utils/storage.py:89: UserWarning: TypedStorage is deprecated. It will be removed in the future and UntypedStorage will be the only storage class. This should only matter to you if you are using storages directly.  To access UntypedStorage directly, use tensor.untyped_storage() instead of tensor.storage()
  if self.device.type != 'cpu':
[rank 12] Model created, max_seq_len=131072
[rank 14] Model created, max_seq_len=131072
[rank 3] Model created, max_seq_len=131072
[rank 1] Model created, max_seq_len=131072
step:0/2285 val_loss:10.8258 train_time:0ms step_avg:0.07ms
step:1/2285 train_time:1027ms step_avg:1026.66ms
step:2/2285 train_time:1111ms step_avg:555.66ms
step:3/2285 train_time:1383ms step_avg:461.09ms
step:4/2285 train_time:1644ms step_avg:410.88ms
step:5/2285 train_time:1902ms step_avg:380.41ms
step:6/2285 train_time:2160ms step_avg:359.92ms
step:7/2285 train_time:2415ms step_avg:344.94ms
step:8/2285 train_time:2670ms step_avg:333.77ms
step:9/2285 train_time:2929ms step_avg:325.46ms
step:10/2285 train_time:3190ms step_avg:318.97ms
step:11/2285 train_time:3449ms step_avg:313.55ms
step:12/2285 train_time:3708ms step_avg:309.02ms
step:13/2285 train_time:3967ms step_avg:305.13ms
step:14/2285 train_time:4229ms step_avg:302.04ms
step:15/2285 train_time:4490ms step_avg:299.33ms
step:16/2285 train_time:4749ms step_avg:296.81ms
step:17/2285 train_time:5011ms step_avg:294.79ms
step:18/2285 train_time:5286ms step_avg:293.65ms
step:19/2285 train_time:5531ms step_avg:291.12ms
step:20/2285 train_time:5790ms step_avg:289.50ms
step:21/2285 train_time:6049ms step_avg:288.06ms
step:22/2285 train_time:6309ms step_avg:286.75ms
step:23/2285 train_time:6570ms step_avg:285.64ms
step:24/2285 train_time:6831ms step_avg:284.61ms
step:25/2285 train_time:7089ms step_avg:283.56ms
step:26/2285 train_time:7346ms step_avg:282.53ms
step:27/2285 train_time:7606ms step_avg:281.70ms
step:28/2285 train_time:7865ms step_avg:280.88ms
step:29/2285 train_time:8126ms step_avg:280.20ms
step:30/2285 train_time:8384ms step_avg:279.46ms
step:31/2285 train_time:8657ms step_avg:279.25ms
step:32/2285 train_time:8918ms step_avg:278.70ms
step:33/2285 train_time:9172ms step_avg:277.95ms
step:34/2285 train_time:9426ms step_avg:277.24ms
step:35/2285 train_time:9693ms step_avg:276.94ms
step:36/2285 train_time:9957ms step_avg:276.60ms
step:37/2285 train_time:10220ms step_avg:276.22ms
step:38/2285 train_time:10480ms step_avg:275.80ms
step:39/2285 train_time:10739ms step_avg:275.36ms
step:40/2285 train_time:10999ms step_avg:274.96ms
step:41/2285 train_time:11256ms step_avg:274.55ms
step:42/2285 train_time:11518ms step_avg:274.23ms
step:43/2285 train_time:11774ms step_avg:273.82ms
step:44/2285 train_time:12033ms step_avg:273.47ms
step:45/2285 train_time:12297ms step_avg:273.26ms
step:46/2285 train_time:12556ms step_avg:272.95ms
step:47/2285 train_time:12815ms step_avg:272.67ms
step:48/2285 train_time:13072ms step_avg:272.32ms
step:49/2285 train_time:13333ms step_avg:272.10ms
step:50/2285 train_time:13592ms step_avg:271.85ms
step:51/2285 train_time:13849ms step_avg:271.56ms
step:52/2285 train_time:14106ms step_avg:271.27ms
step:53/2285 train_time:14368ms step_avg:271.10ms
step:54/2285 train_time:14637ms step_avg:271.06ms
step:55/2285 train_time:14885ms step_avg:270.64ms
step:56/2285 train_time:15144ms step_avg:270.42ms
step:57/2285 train_time:15406ms step_avg:270.29ms
step:58/2285 train_time:15668ms step_avg:270.14ms
step:59/2285 train_time:15929ms step_avg:269.99ms
step:60/2285 train_time:16184ms step_avg:269.73ms
step:61/2285 train_time:16443ms step_avg:269.56ms
step:62/2285 train_time:16700ms step_avg:269.36ms
step:63/2285 train_time:16960ms step_avg:269.21ms
step:64/2285 train_time:17223ms step_avg:269.11ms
step:65/2285 train_time:17481ms step_avg:268.94ms
step:66/2285 train_time:17741ms step_avg:268.80ms
step:67/2285 train_time:18003ms step_avg:268.70ms
step:68/2285 train_time:18262ms step_avg:268.56ms
step:69/2285 train_time:18523ms step_avg:268.44ms
step:70/2285 train_time:18784ms step_avg:268.35ms
step:71/2285 train_time:19045ms step_avg:268.24ms
step:72/2285 train_time:19305ms step_avg:268.13ms
step:73/2285 train_time:19565ms step_avg:268.01ms
step:74/2285 train_time:19824ms step_avg:267.90ms
step:75/2285 train_time:20087ms step_avg:267.83ms
step:76/2285 train_time:20343ms step_avg:267.67ms
step:77/2285 train_time:20607ms step_avg:267.63ms
step:78/2285 train_time:20866ms step_avg:267.51ms
step:79/2285 train_time:21128ms step_avg:267.45ms
step:80/2285 train_time:21390ms step_avg:267.37ms
step:81/2285 train_time:21648ms step_avg:267.26ms
step:82/2285 train_time:21905ms step_avg:267.13ms
step:83/2285 train_time:22165ms step_avg:267.05ms
step:84/2285 train_time:22427ms step_avg:266.99ms
step:85/2285 train_time:22688ms step_avg:266.91ms
step:86/2285 train_time:22946ms step_avg:266.81ms
step:87/2285 train_time:23204ms step_avg:266.71ms
step:88/2285 train_time:23466ms step_avg:266.66ms
step:89/2285 train_time:23727ms step_avg:266.59ms
step:90/2285 train_time:23989ms step_avg:266.54ms
step:91/2285 train_time:24249ms step_avg:266.47ms
step:92/2285 train_time:24505ms step_avg:266.36ms
step:93/2285 train_time:24767ms step_avg:266.31ms
step:94/2285 train_time:25027ms step_avg:266.24ms
step:95/2285 train_time:25289ms step_avg:266.20ms
step:96/2285 train_time:25545ms step_avg:266.10ms
step:97/2285 train_time:25802ms step_avg:266.00ms
step:98/2285 train_time:26060ms step_avg:265.91ms
step:99/2285 train_time:26320ms step_avg:265.86ms
step:100/2285 train_time:26580ms step_avg:265.80ms
step:101/2285 train_time:26838ms step_avg:265.72ms
step:102/2285 train_time:27094ms step_avg:265.63ms
step:103/2285 train_time:27358ms step_avg:265.62ms
step:104/2285 train_time:27617ms step_avg:265.55ms
step:105/2285 train_time:27879ms step_avg:265.51ms
step:106/2285 train_time:28142ms step_avg:265.49ms
step:107/2285 train_time:28398ms step_avg:265.40ms
step:108/2285 train_time:28655ms step_avg:265.32ms
step:109/2285 train_time:28917ms step_avg:265.30ms
step:110/2285 train_time:29178ms step_avg:265.26ms
step:111/2285 train_time:29442ms step_avg:265.24ms
step:112/2285 train_time:29695ms step_avg:265.14ms
step:113/2285 train_time:29958ms step_avg:265.11ms
step:114/2285 train_time:30218ms step_avg:265.07ms
step:115/2285 train_time:30482ms step_avg:265.06ms
step:116/2285 train_time:30744ms step_avg:265.03ms
step:117/2285 train_time:31009ms step_avg:265.03ms
step:118/2285 train_time:31262ms step_avg:264.93ms
step:119/2285 train_time:31517ms step_avg:264.85ms
step:120/2285 train_time:31778ms step_avg:264.81ms
step:121/2285 train_time:32042ms step_avg:264.81ms
step:122/2285 train_time:32298ms step_avg:264.74ms
step:123/2285 train_time:32559ms step_avg:264.71ms
step:124/2285 train_time:32819ms step_avg:264.67ms
step:125/2285 train_time:33079ms step_avg:264.63ms
step:126/2285 train_time:33339ms step_avg:264.60ms
step:127/2285 train_time:33600ms step_avg:264.57ms
step:128/2285 train_time:33860ms step_avg:264.53ms
step:129/2285 train_time:34136ms step_avg:264.62ms
step:130/2285 train_time:34380ms step_avg:264.46ms
step:131/2285 train_time:34640ms step_avg:264.42ms
step:132/2285 train_time:34899ms step_avg:264.38ms
step:133/2285 train_time:35157ms step_avg:264.34ms
step:134/2285 train_time:35416ms step_avg:264.30ms
step:135/2285 train_time:35677ms step_avg:264.28ms
step:136/2285 train_time:35935ms step_avg:264.23ms
step:137/2285 train_time:36197ms step_avg:264.21ms
step:138/2285 train_time:36457ms step_avg:264.18ms
step:139/2285 train_time:36721ms step_avg:264.18ms
step:140/2285 train_time:36981ms step_avg:264.15ms
step:141/2285 train_time:37242ms step_avg:264.13ms
step:142/2285 train_time:37503ms step_avg:264.10ms
step:143/2285 train_time:37774ms step_avg:264.15ms
step:144/2285 train_time:38022ms step_avg:264.04ms
step:145/2285 train_time:38279ms step_avg:263.99ms
step:146/2285 train_time:38537ms step_avg:263.95ms
step:147/2285 train_time:38799ms step_avg:263.94ms
step:148/2285 train_time:39058ms step_avg:263.90ms
step:149/2285 train_time:39317ms step_avg:263.87ms
step:150/2285 train_time:39579ms step_avg:263.86ms
step:151/2285 train_time:39839ms step_avg:263.84ms
step:152/2285 train_time:40098ms step_avg:263.81ms
step:153/2285 train_time:40356ms step_avg:263.77ms
step:154/2285 train_time:40622ms step_avg:263.78ms
step:155/2285 train_time:40878ms step_avg:263.73ms
step:156/2285 train_time:41144ms step_avg:263.74ms
step:157/2285 train_time:41404ms step_avg:263.72ms
step:158/2285 train_time:41668ms step_avg:263.72ms
step:159/2285 train_time:41923ms step_avg:263.66ms
step:160/2285 train_time:42180ms step_avg:263.63ms
step:161/2285 train_time:42443ms step_avg:263.62ms
step:162/2285 train_time:42701ms step_avg:263.59ms
step:163/2285 train_time:42960ms step_avg:263.56ms
step:164/2285 train_time:43220ms step_avg:263.54ms
step:165/2285 train_time:43484ms step_avg:263.54ms
step:166/2285 train_time:43743ms step_avg:263.51ms
step:167/2285 train_time:44004ms step_avg:263.49ms
step:168/2285 train_time:44262ms step_avg:263.46ms
step:169/2285 train_time:44522ms step_avg:263.44ms
step:170/2285 train_time:44781ms step_avg:263.42ms
step:171/2285 train_time:45043ms step_avg:263.41ms
step:172/2285 train_time:45302ms step_avg:263.39ms
step:173/2285 train_time:45566ms step_avg:263.39ms
step:174/2285 train_time:45824ms step_avg:263.35ms
step:175/2285 train_time:46083ms step_avg:263.33ms
step:176/2285 train_time:46342ms step_avg:263.31ms
step:177/2285 train_time:46602ms step_avg:263.29ms
step:178/2285 train_time:46861ms step_avg:263.27ms
step:179/2285 train_time:47122ms step_avg:263.25ms
step:180/2285 train_time:47382ms step_avg:263.23ms
step:181/2285 train_time:47646ms step_avg:263.24ms
step:182/2285 train_time:47907ms step_avg:263.23ms
step:183/2285 train_time:48168ms step_avg:263.21ms
step:184/2285 train_time:48428ms step_avg:263.19ms
step:185/2285 train_time:48688ms step_avg:263.18ms
step:186/2285 train_time:48944ms step_avg:263.14ms
step:187/2285 train_time:49204ms step_avg:263.12ms
step:188/2285 train_time:49464ms step_avg:263.11ms
step:189/2285 train_time:49724ms step_avg:263.09ms
step:190/2285 train_time:49983ms step_avg:263.07ms
step:191/2285 train_time:50244ms step_avg:263.06ms
step:192/2285 train_time:50507ms step_avg:263.06ms
step:193/2285 train_time:50765ms step_avg:263.03ms
step:194/2285 train_time:51021ms step_avg:262.99ms
step:195/2285 train_time:51282ms step_avg:262.99ms
step:196/2285 train_time:51542ms step_avg:262.97ms
step:197/2285 train_time:51805ms step_avg:262.97ms
step:198/2285 train_time:52063ms step_avg:262.94ms
step:199/2285 train_time:52321ms step_avg:262.92ms
step:200/2285 train_time:52585ms step_avg:262.93ms
step:201/2285 train_time:52843ms step_avg:262.90ms
step:202/2285 train_time:53101ms step_avg:262.88ms
step:203/2285 train_time:53361ms step_avg:262.86ms
step:204/2285 train_time:53619ms step_avg:262.84ms
step:205/2285 train_time:53879ms step_avg:262.82ms
step:206/2285 train_time:54140ms step_avg:262.81ms
step:207/2285 train_time:54400ms step_avg:262.80ms
step:208/2285 train_time:54662ms step_avg:262.80ms
step:209/2285 train_time:54923ms step_avg:262.79ms
step:210/2285 train_time:55182ms step_avg:262.77ms
step:211/2285 train_time:55441ms step_avg:262.75ms
step:212/2285 train_time:55699ms step_avg:262.73ms
step:213/2285 train_time:55960ms step_avg:262.73ms
step:214/2285 train_time:56218ms step_avg:262.70ms
step:215/2285 train_time:56479ms step_avg:262.69ms
step:216/2285 train_time:56738ms step_avg:262.68ms
step:217/2285 train_time:56998ms step_avg:262.66ms
step:218/2285 train_time:57267ms step_avg:262.69ms
step:219/2285 train_time:57522ms step_avg:262.66ms
step:220/2285 train_time:57782ms step_avg:262.64ms
step:221/2285 train_time:58043ms step_avg:262.64ms
step:222/2285 train_time:58304ms step_avg:262.63ms
step:223/2285 train_time:58564ms step_avg:262.62ms
step:224/2285 train_time:58822ms step_avg:262.60ms
step:225/2285 train_time:59083ms step_avg:262.59ms
step:226/2285 train_time:59343ms step_avg:262.58ms
step:227/2285 train_time:59619ms step_avg:262.64ms
step:228/2285 train_time:59866ms step_avg:262.57ms
step:229/2285 train_time:60130ms step_avg:262.58ms
step:230/2285 train_time:60386ms step_avg:262.55ms
step:231/2285 train_time:60649ms step_avg:262.55ms
step:232/2285 train_time:60905ms step_avg:262.52ms
step:233/2285 train_time:61174ms step_avg:262.55ms
step:234/2285 train_time:61434ms step_avg:262.54ms
step:235/2285 train_time:61696ms step_avg:262.53ms
step:236/2285 train_time:61952ms step_avg:262.51ms
step:237/2285 train_time:62211ms step_avg:262.49ms
step:238/2285 train_time:62468ms step_avg:262.47ms
step:239/2285 train_time:62727ms step_avg:262.45ms
step:240/2285 train_time:62986ms step_avg:262.44ms
step:241/2285 train_time:63246ms step_avg:262.43ms
step:242/2285 train_time:63504ms step_avg:262.41ms
step:243/2285 train_time:63764ms step_avg:262.40ms
step:244/2285 train_time:64024ms step_avg:262.39ms
step:245/2285 train_time:64281ms step_avg:262.37ms
step:246/2285 train_time:64540ms step_avg:262.36ms
step:247/2285 train_time:64799ms step_avg:262.34ms
step:248/2285 train_time:65059ms step_avg:262.33ms
step:249/2285 train_time:65322ms step_avg:262.34ms
step:250/2285 train_time:65581ms step_avg:262.33ms
step:250/2285 val_loss:4.0740 train_time:65769ms step_avg:263.07ms
step:251/2285 train_time:65967ms step_avg:262.82ms
step:252/2285 train_time:66201ms step_avg:262.70ms
step:253/2285 train_time:66458ms step_avg:262.68ms
step:254/2285 train_time:66718ms step_avg:262.67ms
step:255/2285 train_time:66979ms step_avg:262.66ms
step:256/2285 train_time:67235ms step_avg:262.64ms
step:257/2285 train_time:67491ms step_avg:262.61ms
step:258/2285 train_time:67757ms step_avg:262.62ms
step:259/2285 train_time:68018ms step_avg:262.62ms
step:260/2285 train_time:68275ms step_avg:262.60ms
step:261/2285 train_time:68534ms step_avg:262.58ms
step:262/2285 train_time:68788ms step_avg:262.55ms
step:263/2285 train_time:69049ms step_avg:262.54ms
step:264/2285 train_time:69307ms step_avg:262.53ms
step:265/2285 train_time:69562ms step_avg:262.50ms
step:266/2285 train_time:69825ms step_avg:262.50ms
step:267/2285 train_time:70087ms step_avg:262.50ms
step:268/2285 train_time:70347ms step_avg:262.49ms
step:269/2285 train_time:70606ms step_avg:262.48ms
step:270/2285 train_time:70867ms step_avg:262.47ms
step:271/2285 train_time:71127ms step_avg:262.46ms
step:272/2285 train_time:71386ms step_avg:262.45ms
step:273/2285 train_time:71646ms step_avg:262.44ms
step:274/2285 train_time:71904ms step_avg:262.42ms
step:275/2285 train_time:72169ms step_avg:262.43ms
step:276/2285 train_time:72425ms step_avg:262.41ms
step:277/2285 train_time:72690ms step_avg:262.42ms
step:278/2285 train_time:72951ms step_avg:262.42ms
step:279/2285 train_time:73210ms step_avg:262.40ms
step:280/2285 train_time:73473ms step_avg:262.40ms
step:281/2285 train_time:73738ms step_avg:262.41ms
step:282/2285 train_time:73988ms step_avg:262.37ms
step:283/2285 train_time:74254ms step_avg:262.38ms
step:284/2285 train_time:74510ms step_avg:262.36ms
step:285/2285 train_time:74764ms step_avg:262.33ms
step:286/2285 train_time:75021ms step_avg:262.31ms
step:287/2285 train_time:75285ms step_avg:262.32ms
step:288/2285 train_time:75542ms step_avg:262.30ms
step:289/2285 train_time:75804ms step_avg:262.30ms
step:290/2285 train_time:76068ms step_avg:262.30ms
step:291/2285 train_time:76326ms step_avg:262.29ms
step:292/2285 train_time:76596ms step_avg:262.31ms
step:293/2285 train_time:76839ms step_avg:262.25ms
step:294/2285 train_time:77102ms step_avg:262.25ms
step:295/2285 train_time:77360ms step_avg:262.24ms
step:296/2285 train_time:77617ms step_avg:262.22ms
step:297/2285 train_time:77880ms step_avg:262.22ms
step:298/2285 train_time:78137ms step_avg:262.21ms
step:299/2285 train_time:78398ms step_avg:262.20ms
step:300/2285 train_time:78660ms step_avg:262.20ms
step:301/2285 train_time:78919ms step_avg:262.19ms
step:302/2285 train_time:79176ms step_avg:262.17ms
step:303/2285 train_time:79439ms step_avg:262.18ms
step:304/2285 train_time:79694ms step_avg:262.15ms
step:305/2285 train_time:79955ms step_avg:262.15ms
step:306/2285 train_time:80215ms step_avg:262.14ms
step:307/2285 train_time:80475ms step_avg:262.13ms
step:308/2285 train_time:80733ms step_avg:262.12ms
step:309/2285 train_time:80995ms step_avg:262.12ms
step:310/2285 train_time:81254ms step_avg:262.11ms
step:311/2285 train_time:81520ms step_avg:262.12ms
step:312/2285 train_time:81775ms step_avg:262.10ms
step:313/2285 train_time:82048ms step_avg:262.13ms
step:314/2285 train_time:82298ms step_avg:262.09ms
step:315/2285 train_time:82555ms step_avg:262.08ms
step:316/2285 train_time:82819ms step_avg:262.09ms
step:317/2285 train_time:83076ms step_avg:262.07ms
step:318/2285 train_time:83350ms step_avg:262.11ms
step:319/2285 train_time:83592ms step_avg:262.04ms
step:320/2285 train_time:83851ms step_avg:262.03ms
step:321/2285 train_time:84113ms step_avg:262.03ms
step:322/2285 train_time:84373ms step_avg:262.03ms
step:323/2285 train_time:84636ms step_avg:262.03ms
step:324/2285 train_time:84897ms step_avg:262.03ms
step:325/2285 train_time:85157ms step_avg:262.02ms
step:326/2285 train_time:85417ms step_avg:262.01ms
step:327/2285 train_time:85677ms step_avg:262.01ms
step:328/2285 train_time:85934ms step_avg:261.99ms
step:329/2285 train_time:86193ms step_avg:261.99ms
step:330/2285 train_time:86452ms step_avg:261.97ms
step:331/2285 train_time:86714ms step_avg:261.98ms
step:332/2285 train_time:86973ms step_avg:261.97ms
step:333/2285 train_time:87235ms step_avg:261.97ms
step:334/2285 train_time:87499ms step_avg:261.97ms
step:335/2285 train_time:87757ms step_avg:261.96ms
step:336/2285 train_time:88018ms step_avg:261.96ms
step:337/2285 train_time:88277ms step_avg:261.95ms
step:338/2285 train_time:88541ms step_avg:261.96ms
step:339/2285 train_time:88798ms step_avg:261.94ms
step:340/2285 train_time:89056ms step_avg:261.93ms
step:341/2285 train_time:89320ms step_avg:261.94ms
step:342/2285 train_time:89580ms step_avg:261.93ms
step:343/2285 train_time:89840ms step_avg:261.92ms
step:344/2285 train_time:90097ms step_avg:261.91ms
step:345/2285 train_time:90359ms step_avg:261.91ms
step:346/2285 train_time:90616ms step_avg:261.90ms
step:347/2285 train_time:90881ms step_avg:261.91ms
step:348/2285 train_time:91135ms step_avg:261.88ms
step:349/2285 train_time:91392ms step_avg:261.87ms
step:350/2285 train_time:91654ms step_avg:261.87ms
step:351/2285 train_time:91917ms step_avg:261.87ms
step:352/2285 train_time:92177ms step_avg:261.87ms
step:353/2285 train_time:92436ms step_avg:261.86ms
step:354/2285 train_time:92694ms step_avg:261.85ms
step:355/2285 train_time:92958ms step_avg:261.85ms
step:356/2285 train_time:93216ms step_avg:261.84ms
step:357/2285 train_time:93476ms step_avg:261.84ms
step:358/2285 train_time:93737ms step_avg:261.84ms
step:359/2285 train_time:93996ms step_avg:261.83ms
step:360/2285 train_time:94257ms step_avg:261.83ms
step:361/2285 train_time:94514ms step_avg:261.81ms
step:362/2285 train_time:94778ms step_avg:261.82ms
step:363/2285 train_time:95056ms step_avg:261.86ms
step:364/2285 train_time:95304ms step_avg:261.83ms
step:365/2285 train_time:95564ms step_avg:261.82ms
step:366/2285 train_time:95822ms step_avg:261.81ms
step:367/2285 train_time:96081ms step_avg:261.80ms
step:368/2285 train_time:96357ms step_avg:261.84ms
step:369/2285 train_time:96606ms step_avg:261.81ms
step:370/2285 train_time:96863ms step_avg:261.79ms
step:371/2285 train_time:97127ms step_avg:261.80ms
step:372/2285 train_time:97386ms step_avg:261.79ms
step:373/2285 train_time:97647ms step_avg:261.79ms
step:374/2285 train_time:97905ms step_avg:261.78ms
step:375/2285 train_time:98168ms step_avg:261.78ms
step:376/2285 train_time:98433ms step_avg:261.79ms
step:377/2285 train_time:98695ms step_avg:261.79ms
step:378/2285 train_time:98952ms step_avg:261.78ms
step:379/2285 train_time:99230ms step_avg:261.82ms
step:380/2285 train_time:99472ms step_avg:261.77ms
step:381/2285 train_time:99735ms step_avg:261.77ms
step:382/2285 train_time:99994ms step_avg:261.76ms
step:383/2285 train_time:100254ms step_avg:261.76ms
step:384/2285 train_time:100513ms step_avg:261.75ms
step:385/2285 train_time:100782ms step_avg:261.77ms
step:386/2285 train_time:101038ms step_avg:261.76ms
step:387/2285 train_time:101295ms step_avg:261.75ms
step:388/2285 train_time:101555ms step_avg:261.74ms
step:389/2285 train_time:101815ms step_avg:261.73ms
step:390/2285 train_time:102073ms step_avg:261.72ms
step:391/2285 train_time:102332ms step_avg:261.72ms
step:392/2285 train_time:102590ms step_avg:261.71ms
step:393/2285 train_time:102848ms step_avg:261.70ms
step:394/2285 train_time:103107ms step_avg:261.69ms
step:395/2285 train_time:103369ms step_avg:261.69ms
step:396/2285 train_time:103628ms step_avg:261.69ms
step:397/2285 train_time:103882ms step_avg:261.67ms
step:398/2285 train_time:104143ms step_avg:261.67ms
step:399/2285 train_time:104404ms step_avg:261.67ms
step:400/2285 train_time:104658ms step_avg:261.65ms
step:401/2285 train_time:104922ms step_avg:261.65ms
step:402/2285 train_time:105182ms step_avg:261.65ms
step:403/2285 train_time:105458ms step_avg:261.68ms
step:404/2285 train_time:105702ms step_avg:261.64ms
step:405/2285 train_time:105961ms step_avg:261.63ms
step:406/2285 train_time:106219ms step_avg:261.62ms
step:407/2285 train_time:106480ms step_avg:261.62ms
step:408/2285 train_time:106740ms step_avg:261.62ms
step:409/2285 train_time:106999ms step_avg:261.61ms
step:410/2285 train_time:107257ms step_avg:261.60ms
step:411/2285 train_time:107517ms step_avg:261.60ms
step:412/2285 train_time:107777ms step_avg:261.59ms
step:413/2285 train_time:108039ms step_avg:261.60ms
step:414/2285 train_time:108300ms step_avg:261.59ms
step:415/2285 train_time:108562ms step_avg:261.59ms
step:416/2285 train_time:108820ms step_avg:261.59ms
step:417/2285 train_time:109075ms step_avg:261.57ms
step:418/2285 train_time:109351ms step_avg:261.61ms
step:419/2285 train_time:109599ms step_avg:261.57ms
step:420/2285 train_time:109859ms step_avg:261.57ms
step:421/2285 train_time:110120ms step_avg:261.57ms
step:422/2285 train_time:110384ms step_avg:261.57ms
step:423/2285 train_time:110656ms step_avg:261.60ms
step:424/2285 train_time:110916ms step_avg:261.60ms
step:425/2285 train_time:111162ms step_avg:261.56ms
step:426/2285 train_time:111422ms step_avg:261.55ms
step:427/2285 train_time:111680ms step_avg:261.55ms
step:428/2285 train_time:111941ms step_avg:261.55ms
step:429/2285 train_time:112202ms step_avg:261.54ms
step:430/2285 train_time:112464ms step_avg:261.54ms
step:431/2285 train_time:112727ms step_avg:261.55ms
step:432/2285 train_time:112986ms step_avg:261.54ms
step:433/2285 train_time:113247ms step_avg:261.54ms
step:434/2285 train_time:113506ms step_avg:261.53ms
step:435/2285 train_time:113764ms step_avg:261.53ms
step:436/2285 train_time:114024ms step_avg:261.52ms
step:437/2285 train_time:114285ms step_avg:261.52ms
step:438/2285 train_time:114543ms step_avg:261.51ms
step:439/2285 train_time:114807ms step_avg:261.52ms
step:440/2285 train_time:115062ms step_avg:261.50ms
step:441/2285 train_time:115324ms step_avg:261.51ms
step:442/2285 train_time:115580ms step_avg:261.49ms
step:443/2285 train_time:115845ms step_avg:261.50ms
step:444/2285 train_time:116102ms step_avg:261.49ms
step:445/2285 train_time:116364ms step_avg:261.49ms
step:446/2285 train_time:116619ms step_avg:261.48ms
step:447/2285 train_time:116885ms step_avg:261.49ms
step:448/2285 train_time:117142ms step_avg:261.48ms
step:449/2285 train_time:117405ms step_avg:261.48ms
step:450/2285 train_time:117661ms step_avg:261.47ms
step:451/2285 train_time:117921ms step_avg:261.47ms
step:452/2285 train_time:118181ms step_avg:261.46ms
step:453/2285 train_time:118439ms step_avg:261.45ms
step:454/2285 train_time:118707ms step_avg:261.47ms
step:455/2285 train_time:118967ms step_avg:261.47ms
step:456/2285 train_time:119227ms step_avg:261.46ms
step:457/2285 train_time:119480ms step_avg:261.44ms
step:458/2285 train_time:119742ms step_avg:261.45ms
step:459/2285 train_time:120002ms step_avg:261.44ms
step:460/2285 train_time:120269ms step_avg:261.45ms
step:461/2285 train_time:120526ms step_avg:261.45ms
step:462/2285 train_time:120802ms step_avg:261.48ms
step:463/2285 train_time:121062ms step_avg:261.47ms
step:464/2285 train_time:121305ms step_avg:261.43ms
step:465/2285 train_time:121568ms step_avg:261.44ms
step:466/2285 train_time:121827ms step_avg:261.43ms
step:467/2285 train_time:122087ms step_avg:261.43ms
step:468/2285 train_time:122348ms step_avg:261.43ms
step:469/2285 train_time:122610ms step_avg:261.43ms
step:470/2285 train_time:122869ms step_avg:261.42ms
step:471/2285 train_time:123130ms step_avg:261.42ms
step:472/2285 train_time:123391ms step_avg:261.42ms
step:473/2285 train_time:123654ms step_avg:261.43ms
step:474/2285 train_time:123914ms step_avg:261.42ms
step:475/2285 train_time:124174ms step_avg:261.42ms
step:476/2285 train_time:124435ms step_avg:261.42ms
step:477/2285 train_time:124703ms step_avg:261.43ms
step:478/2285 train_time:124963ms step_avg:261.43ms
step:479/2285 train_time:125228ms step_avg:261.44ms
step:480/2285 train_time:125479ms step_avg:261.41ms
step:481/2285 train_time:125740ms step_avg:261.41ms
step:482/2285 train_time:125996ms step_avg:261.40ms
step:483/2285 train_time:126260ms step_avg:261.41ms
step:484/2285 train_time:126521ms step_avg:261.41ms
step:485/2285 train_time:126781ms step_avg:261.40ms
step:486/2285 train_time:127043ms step_avg:261.40ms
step:487/2285 train_time:127301ms step_avg:261.40ms
step:488/2285 train_time:127562ms step_avg:261.40ms
step:489/2285 train_time:127823ms step_avg:261.40ms
step:490/2285 train_time:128081ms step_avg:261.39ms
step:491/2285 train_time:128341ms step_avg:261.39ms
step:492/2285 train_time:128600ms step_avg:261.38ms
step:493/2285 train_time:128874ms step_avg:261.41ms
step:494/2285 train_time:129121ms step_avg:261.38ms
step:495/2285 train_time:129381ms step_avg:261.38ms
step:496/2285 train_time:129638ms step_avg:261.37ms
step:497/2285 train_time:129897ms step_avg:261.36ms
step:498/2285 train_time:130156ms step_avg:261.36ms
step:499/2285 train_time:130420ms step_avg:261.36ms
step:500/2285 train_time:130682ms step_avg:261.36ms
step:500/2285 val_loss:3.8109 train_time:130866ms step_avg:261.73ms
step:501/2285 train_time:131066ms step_avg:261.61ms
step:502/2285 train_time:131292ms step_avg:261.54ms
step:503/2285 train_time:131547ms step_avg:261.52ms
step:504/2285 train_time:131816ms step_avg:261.54ms
step:505/2285 train_time:132068ms step_avg:261.52ms
step:506/2285 train_time:132329ms step_avg:261.52ms
step:507/2285 train_time:132586ms step_avg:261.51ms
step:508/2285 train_time:132843ms step_avg:261.50ms
step:509/2285 train_time:133107ms step_avg:261.51ms
step:510/2285 train_time:133372ms step_avg:261.51ms
step:511/2285 train_time:133629ms step_avg:261.51ms
step:512/2285 train_time:133890ms step_avg:261.50ms
step:513/2285 train_time:134152ms step_avg:261.50ms
step:514/2285 train_time:134416ms step_avg:261.51ms
step:515/2285 train_time:134678ms step_avg:261.51ms
step:516/2285 train_time:134940ms step_avg:261.51ms
step:517/2285 train_time:135198ms step_avg:261.50ms
step:518/2285 train_time:135460ms step_avg:261.51ms
step:519/2285 train_time:135719ms step_avg:261.50ms
step:520/2285 train_time:135979ms step_avg:261.50ms
step:521/2285 train_time:136239ms step_avg:261.49ms
step:522/2285 train_time:136500ms step_avg:261.49ms
step:523/2285 train_time:136765ms step_avg:261.50ms
step:524/2285 train_time:137025ms step_avg:261.50ms
step:525/2285 train_time:137294ms step_avg:261.51ms
step:526/2285 train_time:137544ms step_avg:261.49ms
step:527/2285 train_time:137809ms step_avg:261.50ms
step:528/2285 train_time:138065ms step_avg:261.49ms
step:529/2285 train_time:138340ms step_avg:261.51ms
step:530/2285 train_time:138586ms step_avg:261.48ms
step:531/2285 train_time:138845ms step_avg:261.48ms
step:532/2285 train_time:139104ms step_avg:261.47ms
step:533/2285 train_time:139371ms step_avg:261.48ms
step:534/2285 train_time:139631ms step_avg:261.48ms
step:535/2285 train_time:139893ms step_avg:261.48ms
step:536/2285 train_time:140149ms step_avg:261.47ms
step:537/2285 train_time:140413ms step_avg:261.48ms
step:538/2285 train_time:140676ms step_avg:261.48ms
step:539/2285 train_time:140935ms step_avg:261.48ms
step:540/2285 train_time:141194ms step_avg:261.47ms
step:541/2285 train_time:141459ms step_avg:261.48ms
step:542/2285 train_time:141731ms step_avg:261.50ms
step:543/2285 train_time:141977ms step_avg:261.47ms
step:544/2285 train_time:142238ms step_avg:261.47ms
step:545/2285 train_time:142500ms step_avg:261.47ms
step:546/2285 train_time:142762ms step_avg:261.47ms
step:547/2285 train_time:143031ms step_avg:261.48ms
step:548/2285 train_time:143281ms step_avg:261.46ms
step:549/2285 train_time:143554ms step_avg:261.48ms
step:550/2285 train_time:143799ms step_avg:261.45ms
step:551/2285 train_time:144060ms step_avg:261.45ms
step:552/2285 train_time:144330ms step_avg:261.47ms
step:553/2285 train_time:144581ms step_avg:261.45ms
step:554/2285 train_time:144856ms step_avg:261.47ms
step:555/2285 train_time:145101ms step_avg:261.44ms
step:556/2285 train_time:145362ms step_avg:261.44ms
step:557/2285 train_time:145621ms step_avg:261.44ms
step:558/2285 train_time:145895ms step_avg:261.46ms
step:559/2285 train_time:146140ms step_avg:261.43ms
step:560/2285 train_time:146400ms step_avg:261.43ms
step:561/2285 train_time:146661ms step_avg:261.43ms
step:562/2285 train_time:146919ms step_avg:261.42ms
step:563/2285 train_time:147178ms step_avg:261.42ms
step:564/2285 train_time:147442ms step_avg:261.42ms
step:565/2285 train_time:147702ms step_avg:261.42ms
step:566/2285 train_time:147963ms step_avg:261.42ms
step:567/2285 train_time:148225ms step_avg:261.42ms
step:568/2285 train_time:148480ms step_avg:261.41ms
step:569/2285 train_time:148744ms step_avg:261.41ms
step:570/2285 train_time:149004ms step_avg:261.41ms
step:571/2285 train_time:149263ms step_avg:261.41ms
step:572/2285 train_time:149520ms step_avg:261.40ms
step:573/2285 train_time:149782ms step_avg:261.40ms
step:574/2285 train_time:150044ms step_avg:261.40ms
step:575/2285 train_time:150303ms step_avg:261.40ms
step:576/2285 train_time:150565ms step_avg:261.40ms
step:577/2285 train_time:150824ms step_avg:261.39ms
step:578/2285 train_time:151089ms step_avg:261.40ms
step:579/2285 train_time:151347ms step_avg:261.39ms
step:580/2285 train_time:151606ms step_avg:261.39ms
step:581/2285 train_time:151871ms step_avg:261.40ms
step:582/2285 train_time:152125ms step_avg:261.38ms
step:583/2285 train_time:152409ms step_avg:261.42ms
step:584/2285 train_time:152662ms step_avg:261.41ms
step:585/2285 train_time:152913ms step_avg:261.39ms
step:586/2285 train_time:153172ms step_avg:261.38ms
step:587/2285 train_time:153432ms step_avg:261.38ms
step:588/2285 train_time:153693ms step_avg:261.38ms
step:589/2285 train_time:153953ms step_avg:261.38ms
step:590/2285 train_time:154216ms step_avg:261.38ms
step:591/2285 train_time:154479ms step_avg:261.39ms
step:592/2285 train_time:154744ms step_avg:261.39ms
step:593/2285 train_time:155005ms step_avg:261.39ms
step:594/2285 train_time:155263ms step_avg:261.38ms
step:595/2285 train_time:155521ms step_avg:261.38ms
step:596/2285 train_time:155780ms step_avg:261.38ms
step:597/2285 train_time:156043ms step_avg:261.38ms
step:598/2285 train_time:156302ms step_avg:261.37ms
step:599/2285 train_time:156564ms step_avg:261.38ms
step:600/2285 train_time:156821ms step_avg:261.37ms
step:601/2285 train_time:157083ms step_avg:261.37ms
step:602/2285 train_time:157338ms step_avg:261.36ms
step:603/2285 train_time:157600ms step_avg:261.36ms
step:604/2285 train_time:157859ms step_avg:261.36ms
step:605/2285 train_time:158120ms step_avg:261.36ms
step:606/2285 train_time:158380ms step_avg:261.35ms
step:607/2285 train_time:158639ms step_avg:261.35ms
step:608/2285 train_time:158900ms step_avg:261.35ms
step:609/2285 train_time:159159ms step_avg:261.35ms
step:610/2285 train_time:159432ms step_avg:261.36ms
step:611/2285 train_time:159694ms step_avg:261.36ms
step:612/2285 train_time:159936ms step_avg:261.33ms
step:613/2285 train_time:160200ms step_avg:261.34ms
step:614/2285 train_time:160459ms step_avg:261.33ms
step:615/2285 train_time:160722ms step_avg:261.34ms
step:616/2285 train_time:160977ms step_avg:261.33ms
step:617/2285 train_time:161237ms step_avg:261.32ms
step:618/2285 train_time:161496ms step_avg:261.32ms
step:619/2285 train_time:161763ms step_avg:261.33ms
step:620/2285 train_time:162019ms step_avg:261.32ms
step:621/2285 train_time:162281ms step_avg:261.32ms
step:622/2285 train_time:162540ms step_avg:261.32ms
step:623/2285 train_time:162799ms step_avg:261.32ms
step:624/2285 train_time:163061ms step_avg:261.32ms
step:625/2285 train_time:163321ms step_avg:261.31ms
step:626/2285 train_time:163584ms step_avg:261.32ms
step:627/2285 train_time:163840ms step_avg:261.31ms
step:628/2285 train_time:164099ms step_avg:261.30ms
step:629/2285 train_time:164360ms step_avg:261.30ms
step:630/2285 train_time:164630ms step_avg:261.32ms
step:631/2285 train_time:164886ms step_avg:261.31ms
step:632/2285 train_time:165145ms step_avg:261.30ms
step:633/2285 train_time:165408ms step_avg:261.31ms
step:634/2285 train_time:165673ms step_avg:261.31ms
step:635/2285 train_time:165948ms step_avg:261.33ms
step:636/2285 train_time:166197ms step_avg:261.32ms
step:637/2285 train_time:166460ms step_avg:261.32ms
step:638/2285 train_time:166719ms step_avg:261.32ms
step:639/2285 train_time:166996ms step_avg:261.34ms
step:640/2285 train_time:167256ms step_avg:261.34ms
step:641/2285 train_time:167498ms step_avg:261.31ms
step:642/2285 train_time:167761ms step_avg:261.31ms
step:643/2285 train_time:168021ms step_avg:261.31ms
step:644/2285 train_time:168282ms step_avg:261.31ms
step:645/2285 train_time:168542ms step_avg:261.31ms
step:646/2285 train_time:168805ms step_avg:261.31ms
step:647/2285 train_time:169067ms step_avg:261.31ms
step:648/2285 train_time:169330ms step_avg:261.31ms
step:649/2285 train_time:169592ms step_avg:261.31ms
step:650/2285 train_time:169859ms step_avg:261.32ms
step:651/2285 train_time:170118ms step_avg:261.32ms
step:652/2285 train_time:170378ms step_avg:261.32ms
step:653/2285 train_time:170634ms step_avg:261.31ms
step:654/2285 train_time:170894ms step_avg:261.31ms
step:655/2285 train_time:171161ms step_avg:261.31ms
step:656/2285 train_time:171422ms step_avg:261.31ms
step:657/2285 train_time:171683ms step_avg:261.31ms
step:658/2285 train_time:171933ms step_avg:261.30ms
step:659/2285 train_time:172199ms step_avg:261.30ms
step:660/2285 train_time:172455ms step_avg:261.30ms
step:661/2285 train_time:172718ms step_avg:261.30ms
step:662/2285 train_time:172985ms step_avg:261.31ms
step:663/2285 train_time:173244ms step_avg:261.30ms
step:664/2285 train_time:173491ms step_avg:261.28ms
step:665/2285 train_time:173753ms step_avg:261.28ms
step:666/2285 train_time:174013ms step_avg:261.28ms
step:667/2285 train_time:174276ms step_avg:261.28ms
step:668/2285 train_time:174534ms step_avg:261.28ms
step:669/2285 train_time:174796ms step_avg:261.28ms
step:670/2285 train_time:175055ms step_avg:261.28ms
step:671/2285 train_time:175320ms step_avg:261.28ms
step:672/2285 train_time:175581ms step_avg:261.28ms
step:673/2285 train_time:175841ms step_avg:261.28ms
step:674/2285 train_time:176104ms step_avg:261.28ms
step:675/2285 train_time:176359ms step_avg:261.27ms
step:676/2285 train_time:176619ms step_avg:261.27ms
step:677/2285 train_time:176889ms step_avg:261.28ms
step:678/2285 train_time:177150ms step_avg:261.28ms
step:679/2285 train_time:177411ms step_avg:261.28ms
step:680/2285 train_time:177671ms step_avg:261.28ms
step:681/2285 train_time:177924ms step_avg:261.27ms
step:682/2285 train_time:178187ms step_avg:261.27ms
step:683/2285 train_time:178453ms step_avg:261.28ms
step:684/2285 train_time:178703ms step_avg:261.26ms
step:685/2285 train_time:178968ms step_avg:261.27ms
step:686/2285 train_time:179229ms step_avg:261.27ms
step:687/2285 train_time:179485ms step_avg:261.26ms
step:688/2285 train_time:179743ms step_avg:261.25ms
step:689/2285 train_time:180006ms step_avg:261.26ms
step:690/2285 train_time:180262ms step_avg:261.25ms
step:691/2285 train_time:180525ms step_avg:261.25ms
step:692/2285 train_time:180784ms step_avg:261.25ms
step:693/2285 train_time:181046ms step_avg:261.25ms
step:694/2285 train_time:181308ms step_avg:261.25ms
step:695/2285 train_time:181568ms step_avg:261.25ms
step:696/2285 train_time:181830ms step_avg:261.25ms
step:697/2285 train_time:182089ms step_avg:261.25ms
step:698/2285 train_time:182349ms step_avg:261.24ms
step:699/2285 train_time:182609ms step_avg:261.24ms
step:700/2285 train_time:182868ms step_avg:261.24ms
step:701/2285 train_time:183131ms step_avg:261.24ms
step:702/2285 train_time:183391ms step_avg:261.24ms
step:703/2285 train_time:183668ms step_avg:261.26ms
step:704/2285 train_time:183928ms step_avg:261.26ms
step:705/2285 train_time:184190ms step_avg:261.26ms
step:706/2285 train_time:184459ms step_avg:261.27ms
step:707/2285 train_time:184720ms step_avg:261.27ms
step:708/2285 train_time:184979ms step_avg:261.27ms
step:709/2285 train_time:185243ms step_avg:261.27ms
step:710/2285 train_time:185503ms step_avg:261.27ms
step:711/2285 train_time:185761ms step_avg:261.27ms
step:712/2285 train_time:186020ms step_avg:261.26ms
step:713/2285 train_time:186282ms step_avg:261.27ms
step:714/2285 train_time:186542ms step_avg:261.26ms
step:715/2285 train_time:186806ms step_avg:261.27ms
step:716/2285 train_time:187064ms step_avg:261.26ms
step:717/2285 train_time:187310ms step_avg:261.24ms
step:718/2285 train_time:187571ms step_avg:261.24ms
step:719/2285 train_time:187834ms step_avg:261.24ms
step:720/2285 train_time:188092ms step_avg:261.24ms
step:721/2285 train_time:188356ms step_avg:261.24ms
step:722/2285 train_time:188613ms step_avg:261.24ms
step:723/2285 train_time:188879ms step_avg:261.24ms
step:724/2285 train_time:189139ms step_avg:261.24ms
step:725/2285 train_time:189401ms step_avg:261.24ms
step:726/2285 train_time:189656ms step_avg:261.23ms
step:727/2285 train_time:189916ms step_avg:261.23ms
step:728/2285 train_time:190176ms step_avg:261.23ms
step:729/2285 train_time:190440ms step_avg:261.23ms
step:730/2285 train_time:190698ms step_avg:261.23ms
step:731/2285 train_time:190959ms step_avg:261.23ms
step:732/2285 train_time:191218ms step_avg:261.23ms
step:733/2285 train_time:191478ms step_avg:261.22ms
step:734/2285 train_time:191739ms step_avg:261.22ms
step:735/2285 train_time:192001ms step_avg:261.23ms
step:736/2285 train_time:192259ms step_avg:261.22ms
step:737/2285 train_time:192520ms step_avg:261.22ms
step:738/2285 train_time:192781ms step_avg:261.22ms
step:739/2285 train_time:193042ms step_avg:261.22ms
step:740/2285 train_time:193304ms step_avg:261.22ms
step:741/2285 train_time:193565ms step_avg:261.22ms
step:742/2285 train_time:193822ms step_avg:261.22ms
step:743/2285 train_time:194081ms step_avg:261.21ms
step:744/2285 train_time:194339ms step_avg:261.21ms
step:745/2285 train_time:194597ms step_avg:261.20ms
step:746/2285 train_time:194858ms step_avg:261.20ms
step:747/2285 train_time:195119ms step_avg:261.20ms
step:748/2285 train_time:195376ms step_avg:261.20ms
step:749/2285 train_time:195639ms step_avg:261.20ms
step:750/2285 train_time:195898ms step_avg:261.20ms
step:750/2285 val_loss:3.6703 train_time:196084ms step_avg:261.45ms
step:751/2285 train_time:196280ms step_avg:261.36ms
step:752/2285 train_time:196518ms step_avg:261.33ms
step:753/2285 train_time:196764ms step_avg:261.31ms
step:754/2285 train_time:197022ms step_avg:261.30ms
step:755/2285 train_time:197277ms step_avg:261.29ms
step:756/2285 train_time:197539ms step_avg:261.29ms
step:757/2285 train_time:197800ms step_avg:261.29ms
step:758/2285 train_time:198059ms step_avg:261.29ms
step:759/2285 train_time:198321ms step_avg:261.29ms
step:760/2285 train_time:198602ms step_avg:261.32ms
step:761/2285 train_time:198860ms step_avg:261.31ms
step:762/2285 train_time:199119ms step_avg:261.31ms
step:763/2285 train_time:199382ms step_avg:261.31ms
step:764/2285 train_time:199638ms step_avg:261.31ms
step:765/2285 train_time:199898ms step_avg:261.30ms
step:766/2285 train_time:200158ms step_avg:261.30ms
step:767/2285 train_time:200419ms step_avg:261.30ms
step:768/2285 train_time:200679ms step_avg:261.30ms
step:769/2285 train_time:200939ms step_avg:261.30ms
step:770/2285 train_time:201201ms step_avg:261.30ms
step:771/2285 train_time:201461ms step_avg:261.30ms
step:772/2285 train_time:201716ms step_avg:261.29ms
step:773/2285 train_time:201977ms step_avg:261.29ms
step:774/2285 train_time:202237ms step_avg:261.29ms
step:775/2285 train_time:202496ms step_avg:261.29ms
step:776/2285 train_time:202756ms step_avg:261.28ms
step:777/2285 train_time:203015ms step_avg:261.28ms
step:778/2285 train_time:203275ms step_avg:261.28ms
step:779/2285 train_time:203536ms step_avg:261.28ms
step:780/2285 train_time:203797ms step_avg:261.28ms
step:781/2285 train_time:204058ms step_avg:261.28ms
step:782/2285 train_time:204316ms step_avg:261.27ms
step:783/2285 train_time:204576ms step_avg:261.27ms
step:784/2285 train_time:204834ms step_avg:261.27ms
step:785/2285 train_time:205098ms step_avg:261.27ms
step:786/2285 train_time:205361ms step_avg:261.27ms
step:787/2285 train_time:205621ms step_avg:261.27ms
step:788/2285 train_time:205882ms step_avg:261.27ms
step:789/2285 train_time:206141ms step_avg:261.27ms
step:790/2285 train_time:206396ms step_avg:261.26ms
step:791/2285 train_time:206659ms step_avg:261.26ms
step:792/2285 train_time:206919ms step_avg:261.26ms
step:793/2285 train_time:207176ms step_avg:261.26ms
step:794/2285 train_time:207438ms step_avg:261.26ms
step:795/2285 train_time:207699ms step_avg:261.26ms
step:796/2285 train_time:207956ms step_avg:261.25ms
step:797/2285 train_time:208219ms step_avg:261.25ms
step:798/2285 train_time:208481ms step_avg:261.25ms
step:799/2285 train_time:208743ms step_avg:261.26ms
step:800/2285 train_time:209001ms step_avg:261.25ms
step:801/2285 train_time:209263ms step_avg:261.25ms
step:802/2285 train_time:209518ms step_avg:261.24ms
step:803/2285 train_time:209780ms step_avg:261.25ms
step:804/2285 train_time:210040ms step_avg:261.24ms
step:805/2285 train_time:210299ms step_avg:261.24ms
step:806/2285 train_time:210558ms step_avg:261.24ms
step:807/2285 train_time:210820ms step_avg:261.24ms
step:808/2285 train_time:211076ms step_avg:261.23ms
step:809/2285 train_time:211334ms step_avg:261.23ms
step:810/2285 train_time:211597ms step_avg:261.23ms
step:811/2285 train_time:211857ms step_avg:261.23ms
step:812/2285 train_time:212118ms step_avg:261.23ms
step:813/2285 train_time:212378ms step_avg:261.23ms
step:814/2285 train_time:212635ms step_avg:261.22ms
step:815/2285 train_time:212900ms step_avg:261.23ms
step:816/2285 train_time:213159ms step_avg:261.22ms
step:817/2285 train_time:213414ms step_avg:261.22ms
step:818/2285 train_time:213661ms step_avg:261.20ms
step:819/2285 train_time:213923ms step_avg:261.20ms
step:820/2285 train_time:214182ms step_avg:261.20ms
step:821/2285 train_time:214440ms step_avg:261.19ms
step:822/2285 train_time:214700ms step_avg:261.19ms
step:823/2285 train_time:214961ms step_avg:261.19ms
step:824/2285 train_time:215219ms step_avg:261.19ms
step:825/2285 train_time:215481ms step_avg:261.19ms
step:826/2285 train_time:215744ms step_avg:261.19ms
step:827/2285 train_time:216014ms step_avg:261.20ms
step:828/2285 train_time:216274ms step_avg:261.20ms
step:829/2285 train_time:216526ms step_avg:261.19ms
step:830/2285 train_time:216780ms step_avg:261.18ms
step:831/2285 train_time:217044ms step_avg:261.18ms
step:832/2285 train_time:217301ms step_avg:261.18ms
step:833/2285 train_time:217566ms step_avg:261.18ms
step:834/2285 train_time:217825ms step_avg:261.18ms
step:835/2285 train_time:218087ms step_avg:261.18ms
step:836/2285 train_time:218344ms step_avg:261.18ms
step:837/2285 train_time:218608ms step_avg:261.18ms
step:838/2285 train_time:218868ms step_avg:261.18ms
step:839/2285 train_time:219130ms step_avg:261.18ms
step:840/2285 train_time:219388ms step_avg:261.18ms
step:841/2285 train_time:219651ms step_avg:261.18ms
step:842/2285 train_time:219909ms step_avg:261.18ms
step:843/2285 train_time:220169ms step_avg:261.17ms
step:844/2285 train_time:220430ms step_avg:261.17ms
step:845/2285 train_time:220688ms step_avg:261.17ms
step:846/2285 train_time:220947ms step_avg:261.17ms
step:847/2285 train_time:221211ms step_avg:261.17ms
step:848/2285 train_time:221471ms step_avg:261.17ms
step:849/2285 train_time:221728ms step_avg:261.16ms
step:850/2285 train_time:221986ms step_avg:261.16ms
step:851/2285 train_time:222245ms step_avg:261.16ms
step:852/2285 train_time:222506ms step_avg:261.16ms
step:853/2285 train_time:222767ms step_avg:261.16ms
step:854/2285 train_time:223026ms step_avg:261.15ms
step:855/2285 train_time:223287ms step_avg:261.15ms
step:856/2285 train_time:223549ms step_avg:261.16ms
step:857/2285 train_time:223810ms step_avg:261.15ms
step:858/2285 train_time:224071ms step_avg:261.15ms
step:859/2285 train_time:224334ms step_avg:261.16ms
step:860/2285 train_time:224592ms step_avg:261.15ms
step:861/2285 train_time:224855ms step_avg:261.16ms
step:862/2285 train_time:225113ms step_avg:261.15ms
step:863/2285 train_time:225374ms step_avg:261.15ms
step:864/2285 train_time:225630ms step_avg:261.15ms
step:865/2285 train_time:225891ms step_avg:261.15ms
step:866/2285 train_time:226151ms step_avg:261.14ms
step:867/2285 train_time:226413ms step_avg:261.15ms
step:868/2285 train_time:226669ms step_avg:261.14ms
step:869/2285 train_time:226933ms step_avg:261.14ms
step:870/2285 train_time:227192ms step_avg:261.14ms
step:871/2285 train_time:227452ms step_avg:261.14ms
step:872/2285 train_time:227712ms step_avg:261.14ms
step:873/2285 train_time:227973ms step_avg:261.14ms
step:874/2285 train_time:228231ms step_avg:261.13ms
step:875/2285 train_time:228488ms step_avg:261.13ms
step:876/2285 train_time:228750ms step_avg:261.13ms
step:877/2285 train_time:229008ms step_avg:261.13ms
step:878/2285 train_time:229268ms step_avg:261.13ms
step:879/2285 train_time:229531ms step_avg:261.13ms
step:880/2285 train_time:229790ms step_avg:261.12ms
step:881/2285 train_time:230052ms step_avg:261.13ms
step:882/2285 train_time:230311ms step_avg:261.12ms
step:883/2285 train_time:230570ms step_avg:261.12ms
step:884/2285 train_time:230828ms step_avg:261.12ms
step:885/2285 train_time:231087ms step_avg:261.12ms
step:886/2285 train_time:231350ms step_avg:261.12ms
step:887/2285 train_time:231610ms step_avg:261.12ms
step:888/2285 train_time:231869ms step_avg:261.11ms
step:889/2285 train_time:232128ms step_avg:261.11ms
step:890/2285 train_time:232390ms step_avg:261.11ms
step:891/2285 train_time:232652ms step_avg:261.11ms
step:892/2285 train_time:232911ms step_avg:261.11ms
step:893/2285 train_time:233168ms step_avg:261.11ms
step:894/2285 train_time:233427ms step_avg:261.10ms
step:895/2285 train_time:233692ms step_avg:261.11ms
step:896/2285 train_time:233944ms step_avg:261.10ms
step:897/2285 train_time:234205ms step_avg:261.10ms
step:898/2285 train_time:234464ms step_avg:261.10ms
step:899/2285 train_time:234728ms step_avg:261.10ms
step:900/2285 train_time:234987ms step_avg:261.10ms
step:901/2285 train_time:235247ms step_avg:261.10ms
step:902/2285 train_time:235510ms step_avg:261.10ms
step:903/2285 train_time:235770ms step_avg:261.10ms
step:904/2285 train_time:236028ms step_avg:261.09ms
step:905/2285 train_time:236287ms step_avg:261.09ms
step:906/2285 train_time:236550ms step_avg:261.09ms
step:907/2285 train_time:236812ms step_avg:261.09ms
step:908/2285 train_time:237070ms step_avg:261.09ms
step:909/2285 train_time:237332ms step_avg:261.09ms
step:910/2285 train_time:237590ms step_avg:261.09ms
step:911/2285 train_time:237852ms step_avg:261.09ms
step:912/2285 train_time:238113ms step_avg:261.09ms
step:913/2285 train_time:238374ms step_avg:261.09ms
step:914/2285 train_time:238632ms step_avg:261.08ms
step:915/2285 train_time:238894ms step_avg:261.09ms
step:916/2285 train_time:239155ms step_avg:261.09ms
step:917/2285 train_time:239413ms step_avg:261.08ms
step:918/2285 train_time:239671ms step_avg:261.08ms
step:919/2285 train_time:239932ms step_avg:261.08ms
step:920/2285 train_time:240195ms step_avg:261.08ms
step:921/2285 train_time:240454ms step_avg:261.08ms
step:922/2285 train_time:240711ms step_avg:261.07ms
step:923/2285 train_time:240969ms step_avg:261.07ms
step:924/2285 train_time:241226ms step_avg:261.07ms
step:925/2285 train_time:241484ms step_avg:261.06ms
step:926/2285 train_time:241743ms step_avg:261.06ms
step:927/2285 train_time:242009ms step_avg:261.07ms
step:928/2285 train_time:242268ms step_avg:261.06ms
step:929/2285 train_time:242528ms step_avg:261.06ms
step:930/2285 train_time:242789ms step_avg:261.06ms
step:931/2285 train_time:243045ms step_avg:261.06ms
step:932/2285 train_time:243305ms step_avg:261.06ms
step:933/2285 train_time:243566ms step_avg:261.06ms
step:934/2285 train_time:243826ms step_avg:261.06ms
step:935/2285 train_time:244088ms step_avg:261.06ms
step:936/2285 train_time:244350ms step_avg:261.06ms
step:937/2285 train_time:244615ms step_avg:261.06ms
step:938/2285 train_time:244875ms step_avg:261.06ms
step:939/2285 train_time:245135ms step_avg:261.06ms
step:940/2285 train_time:245393ms step_avg:261.06ms
step:941/2285 train_time:245655ms step_avg:261.06ms
step:942/2285 train_time:245915ms step_avg:261.06ms
step:943/2285 train_time:246180ms step_avg:261.06ms
step:944/2285 train_time:246455ms step_avg:261.07ms
step:945/2285 train_time:246716ms step_avg:261.07ms
step:946/2285 train_time:246979ms step_avg:261.08ms
step:947/2285 train_time:247236ms step_avg:261.07ms
step:948/2285 train_time:247498ms step_avg:261.07ms
step:949/2285 train_time:247741ms step_avg:261.06ms
step:950/2285 train_time:248004ms step_avg:261.06ms
step:951/2285 train_time:248278ms step_avg:261.07ms
step:952/2285 train_time:248523ms step_avg:261.05ms
step:953/2285 train_time:248786ms step_avg:261.06ms
step:954/2285 train_time:249047ms step_avg:261.06ms
step:955/2285 train_time:249304ms step_avg:261.05ms
step:956/2285 train_time:249568ms step_avg:261.05ms
step:957/2285 train_time:249825ms step_avg:261.05ms
step:958/2285 train_time:250088ms step_avg:261.05ms
step:959/2285 train_time:250347ms step_avg:261.05ms
step:960/2285 train_time:250608ms step_avg:261.05ms
step:961/2285 train_time:250867ms step_avg:261.05ms
step:962/2285 train_time:251125ms step_avg:261.04ms
step:963/2285 train_time:251386ms step_avg:261.04ms
step:964/2285 train_time:251650ms step_avg:261.05ms
step:965/2285 train_time:251905ms step_avg:261.04ms
step:966/2285 train_time:252165ms step_avg:261.04ms
step:967/2285 train_time:252427ms step_avg:261.04ms
step:968/2285 train_time:252685ms step_avg:261.04ms
step:969/2285 train_time:252946ms step_avg:261.04ms
step:970/2285 train_time:253209ms step_avg:261.04ms
step:971/2285 train_time:253469ms step_avg:261.04ms
step:972/2285 train_time:253729ms step_avg:261.04ms
step:973/2285 train_time:253989ms step_avg:261.04ms
step:974/2285 train_time:254251ms step_avg:261.04ms
step:975/2285 train_time:254510ms step_avg:261.04ms
step:976/2285 train_time:254772ms step_avg:261.04ms
step:977/2285 train_time:255033ms step_avg:261.04ms
step:978/2285 train_time:255291ms step_avg:261.03ms
step:979/2285 train_time:255552ms step_avg:261.03ms
step:980/2285 train_time:255813ms step_avg:261.03ms
step:981/2285 train_time:256073ms step_avg:261.03ms
step:982/2285 train_time:256331ms step_avg:261.03ms
step:983/2285 train_time:256592ms step_avg:261.03ms
step:984/2285 train_time:256849ms step_avg:261.02ms
step:985/2285 train_time:257112ms step_avg:261.03ms
step:986/2285 train_time:257371ms step_avg:261.02ms
step:987/2285 train_time:257648ms step_avg:261.04ms
step:988/2285 train_time:257894ms step_avg:261.03ms
step:989/2285 train_time:258153ms step_avg:261.02ms
step:990/2285 train_time:258411ms step_avg:261.02ms
step:991/2285 train_time:258674ms step_avg:261.02ms
step:992/2285 train_time:258931ms step_avg:261.02ms
step:993/2285 train_time:259190ms step_avg:261.02ms
step:994/2285 train_time:259449ms step_avg:261.02ms
step:995/2285 train_time:259713ms step_avg:261.02ms
step:996/2285 train_time:259972ms step_avg:261.02ms
step:997/2285 train_time:260236ms step_avg:261.02ms
step:998/2285 train_time:260492ms step_avg:261.01ms
step:999/2285 train_time:260755ms step_avg:261.02ms
step:1000/2285 train_time:261031ms step_avg:261.03ms
step:1000/2285 val_loss:3.5712 train_time:261204ms step_avg:261.20ms
step:1001/2285 train_time:261393ms step_avg:261.13ms
step:1002/2285 train_time:261616ms step_avg:261.09ms
step:1003/2285 train_time:261872ms step_avg:261.09ms
step:1004/2285 train_time:262133ms step_avg:261.09ms
step:1005/2285 train_time:262393ms step_avg:261.09ms
step:1006/2285 train_time:262650ms step_avg:261.08ms
step:1007/2285 train_time:262909ms step_avg:261.08ms
step:1008/2285 train_time:263166ms step_avg:261.08ms
step:1009/2285 train_time:263426ms step_avg:261.08ms
step:1010/2285 train_time:263683ms step_avg:261.07ms
step:1011/2285 train_time:263943ms step_avg:261.07ms
step:1012/2285 train_time:264201ms step_avg:261.07ms
step:1013/2285 train_time:264461ms step_avg:261.07ms
step:1014/2285 train_time:264718ms step_avg:261.06ms
step:1015/2285 train_time:264981ms step_avg:261.06ms
step:1016/2285 train_time:265244ms step_avg:261.07ms
step:1017/2285 train_time:265509ms step_avg:261.07ms
step:1018/2285 train_time:265777ms step_avg:261.08ms
step:1019/2285 train_time:266033ms step_avg:261.07ms
step:1020/2285 train_time:266297ms step_avg:261.08ms
step:1021/2285 train_time:266562ms step_avg:261.08ms
step:1022/2285 train_time:266817ms step_avg:261.07ms
step:1023/2285 train_time:267075ms step_avg:261.07ms
step:1024/2285 train_time:267334ms step_avg:261.07ms
step:1025/2285 train_time:267601ms step_avg:261.07ms
step:1026/2285 train_time:267862ms step_avg:261.07ms
step:1027/2285 train_time:268120ms step_avg:261.07ms
step:1028/2285 train_time:268380ms step_avg:261.07ms
step:1029/2285 train_time:268644ms step_avg:261.07ms
step:1030/2285 train_time:268899ms step_avg:261.07ms
step:1031/2285 train_time:269165ms step_avg:261.07ms
step:1032/2285 train_time:269430ms step_avg:261.08ms
step:1033/2285 train_time:269692ms step_avg:261.08ms
step:1034/2285 train_time:269953ms step_avg:261.08ms
step:1035/2285 train_time:270211ms step_avg:261.07ms
step:1036/2285 train_time:270471ms step_avg:261.07ms
step:1037/2285 train_time:270723ms step_avg:261.06ms
step:1038/2285 train_time:270976ms step_avg:261.06ms
step:1039/2285 train_time:271246ms step_avg:261.06ms
step:1040/2285 train_time:271507ms step_avg:261.06ms
step:1041/2285 train_time:271760ms step_avg:261.06ms
step:1042/2285 train_time:272019ms step_avg:261.05ms
step:1043/2285 train_time:272273ms step_avg:261.05ms
step:1044/2285 train_time:272538ms step_avg:261.05ms
step:1045/2285 train_time:272807ms step_avg:261.06ms
step:1046/2285 train_time:273064ms step_avg:261.06ms
step:1047/2285 train_time:273334ms step_avg:261.06ms
step:1048/2285 train_time:273587ms step_avg:261.06ms
step:1049/2285 train_time:273843ms step_avg:261.05ms
step:1050/2285 train_time:274105ms step_avg:261.05ms
step:1051/2285 train_time:274362ms step_avg:261.05ms
step:1052/2285 train_time:274622ms step_avg:261.05ms
step:1053/2285 train_time:274885ms step_avg:261.05ms
step:1054/2285 train_time:275151ms step_avg:261.05ms
step:1055/2285 train_time:275400ms step_avg:261.04ms
step:1056/2285 train_time:275665ms step_avg:261.05ms
step:1057/2285 train_time:275930ms step_avg:261.05ms
step:1058/2285 train_time:276190ms step_avg:261.05ms
step:1059/2285 train_time:276442ms step_avg:261.04ms
step:1060/2285 train_time:276696ms step_avg:261.03ms
step:1061/2285 train_time:276957ms step_avg:261.03ms
step:1062/2285 train_time:277214ms step_avg:261.03ms
step:1063/2285 train_time:277476ms step_avg:261.03ms
step:1064/2285 train_time:277735ms step_avg:261.03ms
step:1065/2285 train_time:277995ms step_avg:261.03ms
step:1066/2285 train_time:278248ms step_avg:261.02ms
step:1067/2285 train_time:278512ms step_avg:261.02ms
step:1068/2285 train_time:278769ms step_avg:261.02ms
step:1069/2285 train_time:279030ms step_avg:261.02ms
step:1070/2285 train_time:279285ms step_avg:261.01ms
step:1071/2285 train_time:279552ms step_avg:261.02ms
step:1072/2285 train_time:279814ms step_avg:261.02ms
step:1073/2285 train_time:280076ms step_avg:261.02ms
step:1074/2285 train_time:280340ms step_avg:261.02ms
step:1075/2285 train_time:280601ms step_avg:261.02ms
step:1076/2285 train_time:280859ms step_avg:261.02ms
step:1077/2285 train_time:281123ms step_avg:261.02ms
step:1078/2285 train_time:281379ms step_avg:261.02ms
step:1079/2285 train_time:281640ms step_avg:261.02ms
step:1080/2285 train_time:281901ms step_avg:261.02ms
step:1081/2285 train_time:282162ms step_avg:261.02ms
step:1082/2285 train_time:282419ms step_avg:261.02ms
step:1083/2285 train_time:282676ms step_avg:261.01ms
step:1084/2285 train_time:282938ms step_avg:261.01ms
step:1085/2285 train_time:283205ms step_avg:261.02ms
step:1086/2285 train_time:283458ms step_avg:261.01ms
step:1087/2285 train_time:283729ms step_avg:261.02ms
step:1088/2285 train_time:283983ms step_avg:261.01ms
step:1089/2285 train_time:284234ms step_avg:261.00ms
step:1090/2285 train_time:284494ms step_avg:261.00ms
step:1091/2285 train_time:284752ms step_avg:261.00ms
step:1092/2285 train_time:285008ms step_avg:261.00ms
step:1093/2285 train_time:285271ms step_avg:261.00ms
step:1094/2285 train_time:285528ms step_avg:260.99ms
step:1095/2285 train_time:285788ms step_avg:260.99ms
step:1096/2285 train_time:286053ms step_avg:261.00ms
step:1097/2285 train_time:286315ms step_avg:261.00ms
step:1098/2285 train_time:286577ms step_avg:261.00ms
step:1099/2285 train_time:286837ms step_avg:261.00ms
step:1100/2285 train_time:287095ms step_avg:261.00ms
step:1101/2285 train_time:287358ms step_avg:261.00ms
step:1102/2285 train_time:287625ms step_avg:261.00ms
step:1103/2285 train_time:287883ms step_avg:261.00ms
step:1104/2285 train_time:288149ms step_avg:261.00ms
step:1105/2285 train_time:288409ms step_avg:261.00ms
step:1106/2285 train_time:288669ms step_avg:261.00ms
step:1107/2285 train_time:288922ms step_avg:261.00ms
step:1108/2285 train_time:289183ms step_avg:261.00ms
step:1109/2285 train_time:289460ms step_avg:261.01ms
step:1110/2285 train_time:289726ms step_avg:261.01ms
step:1111/2285 train_time:289977ms step_avg:261.01ms
step:1112/2285 train_time:290240ms step_avg:261.01ms
step:1113/2285 train_time:290501ms step_avg:261.01ms
step:1114/2285 train_time:290763ms step_avg:261.01ms
step:1115/2285 train_time:291022ms step_avg:261.01ms
step:1116/2285 train_time:291282ms step_avg:261.01ms
step:1117/2285 train_time:291545ms step_avg:261.01ms
step:1118/2285 train_time:291806ms step_avg:261.01ms
step:1119/2285 train_time:292066ms step_avg:261.01ms
step:1120/2285 train_time:292325ms step_avg:261.00ms
step:1121/2285 train_time:292587ms step_avg:261.01ms
step:1122/2285 train_time:292846ms step_avg:261.00ms
step:1123/2285 train_time:293103ms step_avg:261.00ms
step:1124/2285 train_time:293363ms step_avg:261.00ms
step:1125/2285 train_time:293622ms step_avg:261.00ms
step:1126/2285 train_time:293884ms step_avg:261.00ms
step:1127/2285 train_time:294145ms step_avg:261.00ms
step:1128/2285 train_time:294406ms step_avg:261.00ms
step:1129/2285 train_time:294663ms step_avg:260.99ms
step:1130/2285 train_time:294929ms step_avg:261.00ms
step:1131/2285 train_time:295184ms step_avg:260.99ms
step:1132/2285 train_time:295445ms step_avg:260.99ms
step:1133/2285 train_time:295706ms step_avg:260.99ms
step:1134/2285 train_time:295954ms step_avg:260.98ms
step:1135/2285 train_time:296209ms step_avg:260.98ms
step:1136/2285 train_time:296469ms step_avg:260.98ms
step:1137/2285 train_time:296727ms step_avg:260.97ms
step:1138/2285 train_time:296985ms step_avg:260.97ms
step:1139/2285 train_time:297245ms step_avg:260.97ms
step:1140/2285 train_time:297505ms step_avg:260.97ms
step:1141/2285 train_time:297763ms step_avg:260.97ms
step:1142/2285 train_time:298026ms step_avg:260.97ms
step:1143/2285 train_time:298284ms step_avg:260.97ms
step:1144/2285 train_time:298541ms step_avg:260.96ms
step:1145/2285 train_time:298804ms step_avg:260.96ms
step:1146/2285 train_time:299066ms step_avg:260.97ms
step:1147/2285 train_time:299328ms step_avg:260.97ms
step:1148/2285 train_time:299591ms step_avg:260.97ms
step:1149/2285 train_time:299850ms step_avg:260.97ms
step:1150/2285 train_time:300112ms step_avg:260.97ms
step:1151/2285 train_time:300369ms step_avg:260.96ms
step:1152/2285 train_time:300631ms step_avg:260.96ms
step:1153/2285 train_time:300887ms step_avg:260.96ms
step:1154/2285 train_time:301151ms step_avg:260.96ms
step:1155/2285 train_time:301408ms step_avg:260.96ms
step:1156/2285 train_time:301670ms step_avg:260.96ms
step:1157/2285 train_time:301934ms step_avg:260.96ms
step:1158/2285 train_time:302191ms step_avg:260.96ms
step:1159/2285 train_time:302453ms step_avg:260.96ms
step:1160/2285 train_time:302712ms step_avg:260.96ms
step:1161/2285 train_time:302971ms step_avg:260.96ms
step:1162/2285 train_time:303231ms step_avg:260.96ms
step:1163/2285 train_time:303492ms step_avg:260.96ms
step:1164/2285 train_time:303752ms step_avg:260.96ms
step:1165/2285 train_time:304014ms step_avg:260.96ms
step:1166/2285 train_time:304272ms step_avg:260.95ms
step:1167/2285 train_time:304534ms step_avg:260.95ms
step:1168/2285 train_time:304795ms step_avg:260.95ms
step:1169/2285 train_time:305054ms step_avg:260.95ms
step:1170/2285 train_time:305316ms step_avg:260.95ms
step:1171/2285 train_time:305571ms step_avg:260.95ms
step:1172/2285 train_time:305831ms step_avg:260.95ms
step:1173/2285 train_time:306093ms step_avg:260.95ms
step:1174/2285 train_time:306348ms step_avg:260.94ms
step:1175/2285 train_time:306604ms step_avg:260.94ms
step:1176/2285 train_time:306867ms step_avg:260.94ms
step:1177/2285 train_time:307133ms step_avg:260.95ms
step:1178/2285 train_time:307382ms step_avg:260.94ms
step:1179/2285 train_time:307644ms step_avg:260.94ms
step:1180/2285 train_time:307909ms step_avg:260.94ms
step:1181/2285 train_time:308167ms step_avg:260.94ms
step:1182/2285 train_time:308427ms step_avg:260.94ms
step:1183/2285 train_time:308686ms step_avg:260.94ms
step:1184/2285 train_time:308943ms step_avg:260.93ms
step:1185/2285 train_time:309205ms step_avg:260.93ms
step:1186/2285 train_time:309464ms step_avg:260.93ms
step:1187/2285 train_time:309727ms step_avg:260.93ms
step:1188/2285 train_time:309986ms step_avg:260.93ms
step:1189/2285 train_time:310248ms step_avg:260.93ms
step:1190/2285 train_time:310504ms step_avg:260.93ms
step:1191/2285 train_time:310770ms step_avg:260.93ms
step:1192/2285 train_time:311032ms step_avg:260.93ms
step:1193/2285 train_time:311289ms step_avg:260.93ms
step:1194/2285 train_time:311549ms step_avg:260.93ms
step:1195/2285 train_time:311810ms step_avg:260.93ms
step:1196/2285 train_time:312071ms step_avg:260.93ms
step:1197/2285 train_time:312330ms step_avg:260.93ms
step:1198/2285 train_time:312590ms step_avg:260.93ms
step:1199/2285 train_time:312852ms step_avg:260.93ms
step:1200/2285 train_time:313114ms step_avg:260.93ms
step:1201/2285 train_time:313375ms step_avg:260.93ms
step:1202/2285 train_time:313631ms step_avg:260.92ms
step:1203/2285 train_time:313893ms step_avg:260.93ms
step:1204/2285 train_time:314153ms step_avg:260.92ms
step:1205/2285 train_time:314418ms step_avg:260.93ms
step:1206/2285 train_time:314675ms step_avg:260.92ms
step:1207/2285 train_time:314935ms step_avg:260.92ms
step:1208/2285 train_time:315195ms step_avg:260.92ms
step:1209/2285 train_time:315454ms step_avg:260.92ms
step:1210/2285 train_time:315716ms step_avg:260.92ms
step:1211/2285 train_time:315974ms step_avg:260.92ms
step:1212/2285 train_time:316238ms step_avg:260.92ms
step:1213/2285 train_time:316496ms step_avg:260.92ms
step:1214/2285 train_time:316756ms step_avg:260.92ms
step:1215/2285 train_time:317017ms step_avg:260.92ms
step:1216/2285 train_time:317278ms step_avg:260.92ms
step:1217/2285 train_time:317536ms step_avg:260.92ms
step:1218/2285 train_time:317797ms step_avg:260.92ms
step:1219/2285 train_time:318056ms step_avg:260.92ms
step:1220/2285 train_time:318316ms step_avg:260.91ms
step:1221/2285 train_time:318578ms step_avg:260.92ms
step:1222/2285 train_time:318838ms step_avg:260.91ms
step:1223/2285 train_time:319100ms step_avg:260.92ms
step:1224/2285 train_time:319359ms step_avg:260.91ms
step:1225/2285 train_time:319619ms step_avg:260.91ms
step:1226/2285 train_time:319881ms step_avg:260.91ms
step:1227/2285 train_time:320141ms step_avg:260.91ms
step:1228/2285 train_time:320402ms step_avg:260.91ms
step:1229/2285 train_time:320664ms step_avg:260.91ms
step:1230/2285 train_time:320923ms step_avg:260.91ms
step:1231/2285 train_time:321182ms step_avg:260.91ms
step:1232/2285 train_time:321444ms step_avg:260.91ms
step:1233/2285 train_time:321704ms step_avg:260.91ms
step:1234/2285 train_time:321962ms step_avg:260.91ms
step:1235/2285 train_time:322221ms step_avg:260.91ms
step:1236/2285 train_time:322484ms step_avg:260.91ms
step:1237/2285 train_time:322748ms step_avg:260.91ms
step:1238/2285 train_time:323005ms step_avg:260.91ms
step:1239/2285 train_time:323267ms step_avg:260.91ms
step:1240/2285 train_time:323527ms step_avg:260.91ms
step:1241/2285 train_time:323788ms step_avg:260.91ms
step:1242/2285 train_time:324047ms step_avg:260.91ms
step:1243/2285 train_time:324310ms step_avg:260.91ms
step:1244/2285 train_time:324570ms step_avg:260.91ms
step:1245/2285 train_time:324838ms step_avg:260.91ms
step:1246/2285 train_time:325092ms step_avg:260.91ms
step:1247/2285 train_time:325352ms step_avg:260.91ms
step:1248/2285 train_time:325610ms step_avg:260.91ms
step:1249/2285 train_time:325869ms step_avg:260.90ms
step:1250/2285 train_time:326132ms step_avg:260.91ms
step:1250/2285 val_loss:3.4997 train_time:326318ms step_avg:261.05ms
step:1251/2285 train_time:326502ms step_avg:260.99ms
step:1252/2285 train_time:326742ms step_avg:260.98ms
step:1253/2285 train_time:326999ms step_avg:260.97ms
step:1254/2285 train_time:327262ms step_avg:260.97ms
step:1255/2285 train_time:327523ms step_avg:260.97ms
step:1256/2285 train_time:327782ms step_avg:260.97ms
step:1257/2285 train_time:328045ms step_avg:260.97ms
step:1258/2285 train_time:328308ms step_avg:260.98ms
step:1259/2285 train_time:328566ms step_avg:260.97ms
step:1260/2285 train_time:328828ms step_avg:260.97ms
step:1261/2285 train_time:329091ms step_avg:260.98ms
step:1262/2285 train_time:329351ms step_avg:260.98ms
step:1263/2285 train_time:329613ms step_avg:260.98ms
step:1264/2285 train_time:329889ms step_avg:260.99ms
step:1265/2285 train_time:330140ms step_avg:260.98ms
step:1266/2285 train_time:330396ms step_avg:260.98ms
step:1267/2285 train_time:330657ms step_avg:260.98ms
step:1268/2285 train_time:330916ms step_avg:260.97ms
step:1269/2285 train_time:331175ms step_avg:260.97ms
step:1270/2285 train_time:331438ms step_avg:260.97ms
step:1271/2285 train_time:331697ms step_avg:260.97ms
step:1272/2285 train_time:331954ms step_avg:260.97ms
step:1273/2285 train_time:332232ms step_avg:260.98ms
step:1274/2285 train_time:332491ms step_avg:260.98ms
step:1275/2285 train_time:332754ms step_avg:260.98ms
step:1276/2285 train_time:333014ms step_avg:260.98ms
step:1277/2285 train_time:333276ms step_avg:260.98ms
step:1278/2285 train_time:333539ms step_avg:260.98ms
step:1279/2285 train_time:333799ms step_avg:260.98ms
step:1280/2285 train_time:334060ms step_avg:260.98ms
step:1281/2285 train_time:334319ms step_avg:260.98ms
step:1282/2285 train_time:334564ms step_avg:260.97ms
step:1283/2285 train_time:334828ms step_avg:260.97ms
step:1284/2285 train_time:335088ms step_avg:260.97ms
step:1285/2285 train_time:335347ms step_avg:260.97ms
step:1286/2285 train_time:335605ms step_avg:260.97ms
step:1287/2285 train_time:335862ms step_avg:260.96ms
step:1288/2285 train_time:336122ms step_avg:260.96ms
step:1289/2285 train_time:336388ms step_avg:260.97ms
step:1290/2285 train_time:336663ms step_avg:260.98ms
step:1291/2285 train_time:336905ms step_avg:260.96ms
step:1292/2285 train_time:337172ms step_avg:260.97ms
step:1293/2285 train_time:337432ms step_avg:260.97ms
step:1294/2285 train_time:337692ms step_avg:260.97ms
step:1295/2285 train_time:337951ms step_avg:260.97ms
step:1296/2285 train_time:338214ms step_avg:260.97ms
step:1297/2285 train_time:338482ms step_avg:260.97ms
step:1298/2285 train_time:338741ms step_avg:260.97ms
step:1299/2285 train_time:338998ms step_avg:260.97ms
step:1300/2285 train_time:339260ms step_avg:260.97ms
step:1301/2285 train_time:339521ms step_avg:260.97ms
step:1302/2285 train_time:339783ms step_avg:260.97ms
step:1303/2285 train_time:340044ms step_avg:260.97ms
step:1304/2285 train_time:340304ms step_avg:260.97ms
step:1305/2285 train_time:340565ms step_avg:260.97ms
step:1306/2285 train_time:340827ms step_avg:260.97ms
step:1307/2285 train_time:341087ms step_avg:260.97ms
step:1308/2285 train_time:341349ms step_avg:260.97ms
step:1309/2285 train_time:341611ms step_avg:260.97ms
step:1310/2285 train_time:341871ms step_avg:260.97ms
step:1311/2285 train_time:342131ms step_avg:260.97ms
step:1312/2285 train_time:342393ms step_avg:260.97ms
step:1313/2285 train_time:342652ms step_avg:260.97ms
step:1314/2285 train_time:342914ms step_avg:260.97ms
step:1315/2285 train_time:343184ms step_avg:260.98ms
step:1316/2285 train_time:343444ms step_avg:260.98ms
step:1317/2285 train_time:343693ms step_avg:260.97ms
step:1318/2285 train_time:343953ms step_avg:260.97ms
step:1319/2285 train_time:344221ms step_avg:260.97ms
step:1320/2285 train_time:344484ms step_avg:260.97ms
step:1321/2285 train_time:344740ms step_avg:260.97ms
step:1322/2285 train_time:345000ms step_avg:260.97ms
step:1323/2285 train_time:345260ms step_avg:260.97ms
step:1324/2285 train_time:345521ms step_avg:260.97ms
step:1325/2285 train_time:345780ms step_avg:260.97ms
step:1326/2285 train_time:346042ms step_avg:260.97ms
step:1327/2285 train_time:346297ms step_avg:260.96ms
step:1328/2285 train_time:346559ms step_avg:260.96ms
step:1329/2285 train_time:346819ms step_avg:260.96ms
step:1330/2285 train_time:347088ms step_avg:260.97ms
step:1331/2285 train_time:347347ms step_avg:260.97ms
step:1332/2285 train_time:347610ms step_avg:260.97ms
step:1333/2285 train_time:347869ms step_avg:260.97ms
step:1334/2285 train_time:348131ms step_avg:260.97ms
step:1335/2285 train_time:348385ms step_avg:260.96ms
step:1336/2285 train_time:348644ms step_avg:260.96ms
step:1337/2285 train_time:348904ms step_avg:260.96ms
step:1338/2285 train_time:349167ms step_avg:260.96ms
step:1339/2285 train_time:349431ms step_avg:260.96ms
step:1340/2285 train_time:349688ms step_avg:260.96ms
step:1341/2285 train_time:349953ms step_avg:260.96ms
step:1342/2285 train_time:350211ms step_avg:260.96ms
step:1343/2285 train_time:350469ms step_avg:260.96ms
step:1344/2285 train_time:350728ms step_avg:260.96ms
step:1345/2285 train_time:350988ms step_avg:260.96ms
step:1346/2285 train_time:351250ms step_avg:260.96ms
step:1347/2285 train_time:351510ms step_avg:260.96ms
step:1348/2285 train_time:351768ms step_avg:260.96ms
step:1349/2285 train_time:352029ms step_avg:260.96ms
step:1350/2285 train_time:352289ms step_avg:260.95ms
step:1351/2285 train_time:352550ms step_avg:260.96ms
step:1352/2285 train_time:352813ms step_avg:260.96ms
step:1353/2285 train_time:353075ms step_avg:260.96ms
step:1354/2285 train_time:353333ms step_avg:260.95ms
step:1355/2285 train_time:353592ms step_avg:260.95ms
step:1356/2285 train_time:353854ms step_avg:260.95ms
step:1357/2285 train_time:354115ms step_avg:260.95ms
step:1358/2285 train_time:354376ms step_avg:260.95ms
step:1359/2285 train_time:354639ms step_avg:260.96ms
step:1360/2285 train_time:354902ms step_avg:260.96ms
step:1361/2285 train_time:355155ms step_avg:260.95ms
step:1362/2285 train_time:355414ms step_avg:260.95ms
step:1363/2285 train_time:355676ms step_avg:260.95ms
step:1364/2285 train_time:355936ms step_avg:260.95ms
step:1365/2285 train_time:356199ms step_avg:260.95ms
step:1366/2285 train_time:356457ms step_avg:260.95ms
step:1367/2285 train_time:356718ms step_avg:260.95ms
step:1368/2285 train_time:356977ms step_avg:260.95ms
step:1369/2285 train_time:357237ms step_avg:260.95ms
step:1370/2285 train_time:357495ms step_avg:260.95ms
step:1371/2285 train_time:357757ms step_avg:260.95ms
step:1372/2285 train_time:358016ms step_avg:260.94ms
step:1373/2285 train_time:358278ms step_avg:260.95ms
step:1374/2285 train_time:358550ms step_avg:260.95ms
step:1375/2285 train_time:358804ms step_avg:260.95ms
step:1376/2285 train_time:359064ms step_avg:260.95ms
step:1377/2285 train_time:359325ms step_avg:260.95ms
step:1378/2285 train_time:359582ms step_avg:260.94ms
step:1379/2285 train_time:359841ms step_avg:260.94ms
step:1380/2285 train_time:360100ms step_avg:260.94ms
step:1381/2285 train_time:360360ms step_avg:260.94ms
step:1382/2285 train_time:360619ms step_avg:260.94ms
step:1383/2285 train_time:360881ms step_avg:260.94ms
step:1384/2285 train_time:361142ms step_avg:260.94ms
step:1385/2285 train_time:361401ms step_avg:260.94ms
step:1386/2285 train_time:361664ms step_avg:260.94ms
step:1387/2285 train_time:361921ms step_avg:260.94ms
step:1388/2285 train_time:362180ms step_avg:260.94ms
step:1389/2285 train_time:362440ms step_avg:260.94ms
step:1390/2285 train_time:362698ms step_avg:260.93ms
step:1391/2285 train_time:362965ms step_avg:260.94ms
step:1392/2285 train_time:363223ms step_avg:260.94ms
step:1393/2285 train_time:363487ms step_avg:260.94ms
step:1394/2285 train_time:363750ms step_avg:260.94ms
step:1395/2285 train_time:364006ms step_avg:260.94ms
step:1396/2285 train_time:364268ms step_avg:260.94ms
step:1397/2285 train_time:364530ms step_avg:260.94ms
step:1398/2285 train_time:364789ms step_avg:260.94ms
step:1399/2285 train_time:365045ms step_avg:260.93ms
step:1400/2285 train_time:365310ms step_avg:260.94ms
step:1401/2285 train_time:365568ms step_avg:260.93ms
step:1402/2285 train_time:365824ms step_avg:260.93ms
step:1403/2285 train_time:366083ms step_avg:260.93ms
step:1404/2285 train_time:366341ms step_avg:260.93ms
step:1405/2285 train_time:366601ms step_avg:260.93ms
step:1406/2285 train_time:366861ms step_avg:260.93ms
step:1407/2285 train_time:367121ms step_avg:260.92ms
step:1408/2285 train_time:367384ms step_avg:260.93ms
step:1409/2285 train_time:367646ms step_avg:260.93ms
step:1410/2285 train_time:367905ms step_avg:260.93ms
step:1411/2285 train_time:368167ms step_avg:260.93ms
step:1412/2285 train_time:368431ms step_avg:260.93ms
step:1413/2285 train_time:368688ms step_avg:260.93ms
step:1414/2285 train_time:368950ms step_avg:260.93ms
step:1415/2285 train_time:369214ms step_avg:260.93ms
step:1416/2285 train_time:369471ms step_avg:260.93ms
step:1417/2285 train_time:369733ms step_avg:260.93ms
step:1418/2285 train_time:369998ms step_avg:260.93ms
step:1419/2285 train_time:370259ms step_avg:260.93ms
step:1420/2285 train_time:370519ms step_avg:260.93ms
step:1421/2285 train_time:370782ms step_avg:260.93ms
step:1422/2285 train_time:371039ms step_avg:260.93ms
step:1423/2285 train_time:371305ms step_avg:260.93ms
step:1424/2285 train_time:371562ms step_avg:260.93ms
step:1425/2285 train_time:371823ms step_avg:260.93ms
step:1426/2285 train_time:372088ms step_avg:260.93ms
step:1427/2285 train_time:372350ms step_avg:260.93ms
step:1428/2285 train_time:372610ms step_avg:260.93ms
step:1429/2285 train_time:372873ms step_avg:260.93ms
step:1430/2285 train_time:373136ms step_avg:260.93ms
step:1431/2285 train_time:373399ms step_avg:260.94ms
step:1432/2285 train_time:373664ms step_avg:260.94ms
step:1433/2285 train_time:373924ms step_avg:260.94ms
step:1434/2285 train_time:374187ms step_avg:260.94ms
step:1435/2285 train_time:374453ms step_avg:260.94ms
step:1436/2285 train_time:374719ms step_avg:260.95ms
step:1437/2285 train_time:374983ms step_avg:260.95ms
step:1438/2285 train_time:375254ms step_avg:260.96ms
step:1439/2285 train_time:375515ms step_avg:260.96ms
step:1440/2285 train_time:375769ms step_avg:260.95ms
step:1441/2285 train_time:376033ms step_avg:260.95ms
step:1442/2285 train_time:376305ms step_avg:260.96ms
step:1443/2285 train_time:376570ms step_avg:260.96ms
step:1444/2285 train_time:376824ms step_avg:260.96ms
step:1445/2285 train_time:377098ms step_avg:260.97ms
step:1446/2285 train_time:377344ms step_avg:260.96ms
step:1447/2285 train_time:377625ms step_avg:260.97ms
step:1448/2285 train_time:377874ms step_avg:260.96ms
step:1449/2285 train_time:378142ms step_avg:260.97ms
step:1450/2285 train_time:378404ms step_avg:260.97ms
step:1451/2285 train_time:378666ms step_avg:260.97ms
step:1452/2285 train_time:378931ms step_avg:260.97ms
step:1453/2285 train_time:379203ms step_avg:260.98ms
step:1454/2285 train_time:379463ms step_avg:260.98ms
step:1455/2285 train_time:379730ms step_avg:260.98ms
step:1456/2285 train_time:379989ms step_avg:260.98ms
step:1457/2285 train_time:380249ms step_avg:260.98ms
step:1458/2285 train_time:380510ms step_avg:260.98ms
step:1459/2285 train_time:380774ms step_avg:260.98ms
step:1460/2285 train_time:381039ms step_avg:260.99ms
step:1461/2285 train_time:381303ms step_avg:260.99ms
step:1462/2285 train_time:381563ms step_avg:260.99ms
step:1463/2285 train_time:381827ms step_avg:260.99ms
step:1464/2285 train_time:382089ms step_avg:260.99ms
step:1465/2285 train_time:382353ms step_avg:260.99ms
step:1466/2285 train_time:382615ms step_avg:260.99ms
step:1467/2285 train_time:382881ms step_avg:261.00ms
step:1468/2285 train_time:383143ms step_avg:261.00ms
step:1469/2285 train_time:383407ms step_avg:261.00ms
step:1470/2285 train_time:383667ms step_avg:261.00ms
step:1471/2285 train_time:383929ms step_avg:261.00ms
step:1472/2285 train_time:384192ms step_avg:261.00ms
step:1473/2285 train_time:384459ms step_avg:261.00ms
step:1474/2285 train_time:384720ms step_avg:261.00ms
step:1475/2285 train_time:384985ms step_avg:261.01ms
step:1476/2285 train_time:385243ms step_avg:261.00ms
step:1477/2285 train_time:385510ms step_avg:261.01ms
step:1478/2285 train_time:385773ms step_avg:261.01ms
step:1479/2285 train_time:386032ms step_avg:261.01ms
step:1480/2285 train_time:386293ms step_avg:261.01ms
step:1481/2285 train_time:386555ms step_avg:261.01ms
step:1482/2285 train_time:386818ms step_avg:261.01ms
step:1483/2285 train_time:387084ms step_avg:261.01ms
step:1484/2285 train_time:387345ms step_avg:261.01ms
step:1485/2285 train_time:387610ms step_avg:261.02ms
step:1486/2285 train_time:387871ms step_avg:261.02ms
step:1487/2285 train_time:388135ms step_avg:261.02ms
step:1488/2285 train_time:388393ms step_avg:261.02ms
step:1489/2285 train_time:388658ms step_avg:261.02ms
step:1490/2285 train_time:388922ms step_avg:261.02ms
step:1491/2285 train_time:389183ms step_avg:261.02ms
step:1492/2285 train_time:389445ms step_avg:261.02ms
step:1493/2285 train_time:389710ms step_avg:261.02ms
step:1494/2285 train_time:389973ms step_avg:261.03ms
step:1495/2285 train_time:390238ms step_avg:261.03ms
step:1496/2285 train_time:390501ms step_avg:261.03ms
step:1497/2285 train_time:390765ms step_avg:261.03ms
step:1498/2285 train_time:391031ms step_avg:261.04ms
step:1499/2285 train_time:391291ms step_avg:261.03ms
step:1500/2285 train_time:391551ms step_avg:261.03ms
step:1500/2285 val_loss:3.4261 train_time:391736ms step_avg:261.16ms
step:1501/2285 train_time:391922ms step_avg:261.11ms
step:1502/2285 train_time:392171ms step_avg:261.10ms
step:1503/2285 train_time:392433ms step_avg:261.10ms
step:1504/2285 train_time:392698ms step_avg:261.10ms
step:1505/2285 train_time:392962ms step_avg:261.10ms
step:1506/2285 train_time:393221ms step_avg:261.10ms
step:1507/2285 train_time:393485ms step_avg:261.10ms
step:1508/2285 train_time:393748ms step_avg:261.11ms
step:1509/2285 train_time:394011ms step_avg:261.11ms
step:1510/2285 train_time:394278ms step_avg:261.11ms
step:1511/2285 train_time:394540ms step_avg:261.11ms
step:1512/2285 train_time:394809ms step_avg:261.12ms
step:1513/2285 train_time:395066ms step_avg:261.11ms
step:1514/2285 train_time:395331ms step_avg:261.12ms
step:1515/2285 train_time:395595ms step_avg:261.12ms
step:1516/2285 train_time:395859ms step_avg:261.12ms
step:1517/2285 train_time:396121ms step_avg:261.12ms
step:1518/2285 train_time:396384ms step_avg:261.12ms
step:1519/2285 train_time:396654ms step_avg:261.13ms
step:1520/2285 train_time:396920ms step_avg:261.13ms
step:1521/2285 train_time:397184ms step_avg:261.13ms
step:1522/2285 train_time:397446ms step_avg:261.13ms
step:1523/2285 train_time:397712ms step_avg:261.14ms
step:1524/2285 train_time:397968ms step_avg:261.13ms
step:1525/2285 train_time:398234ms step_avg:261.14ms
step:1526/2285 train_time:398498ms step_avg:261.14ms
step:1527/2285 train_time:398767ms step_avg:261.14ms
step:1528/2285 train_time:399022ms step_avg:261.14ms
step:1529/2285 train_time:399288ms step_avg:261.14ms
step:1530/2285 train_time:399550ms step_avg:261.14ms
step:1531/2285 train_time:399814ms step_avg:261.15ms
step:1532/2285 train_time:400077ms step_avg:261.15ms
step:1533/2285 train_time:400336ms step_avg:261.15ms
step:1534/2285 train_time:400599ms step_avg:261.15ms
step:1535/2285 train_time:400860ms step_avg:261.15ms
step:1536/2285 train_time:401121ms step_avg:261.15ms
step:1537/2285 train_time:401383ms step_avg:261.15ms
step:1538/2285 train_time:401649ms step_avg:261.15ms
step:1539/2285 train_time:401910ms step_avg:261.15ms
step:1540/2285 train_time:402176ms step_avg:261.15ms
step:1541/2285 train_time:402443ms step_avg:261.16ms
step:1542/2285 train_time:402706ms step_avg:261.16ms
step:1543/2285 train_time:402968ms step_avg:261.16ms
step:1544/2285 train_time:403232ms step_avg:261.16ms
step:1545/2285 train_time:403495ms step_avg:261.16ms
step:1546/2285 train_time:403763ms step_avg:261.17ms
step:1547/2285 train_time:404025ms step_avg:261.17ms
step:1548/2285 train_time:404293ms step_avg:261.17ms
step:1549/2285 train_time:404558ms step_avg:261.17ms
step:1550/2285 train_time:404820ms step_avg:261.17ms
step:1551/2285 train_time:405084ms step_avg:261.18ms
step:1552/2285 train_time:405349ms step_avg:261.18ms
step:1553/2285 train_time:405612ms step_avg:261.18ms
step:1554/2285 train_time:405876ms step_avg:261.18ms
step:1555/2285 train_time:406141ms step_avg:261.18ms
step:1556/2285 train_time:406402ms step_avg:261.18ms
step:1557/2285 train_time:406666ms step_avg:261.19ms
step:1558/2285 train_time:406929ms step_avg:261.19ms
step:1559/2285 train_time:407192ms step_avg:261.19ms
step:1560/2285 train_time:407454ms step_avg:261.19ms
step:1561/2285 train_time:407716ms step_avg:261.19ms
step:1562/2285 train_time:407981ms step_avg:261.19ms
step:1563/2285 train_time:408244ms step_avg:261.19ms
step:1564/2285 train_time:408511ms step_avg:261.20ms
step:1565/2285 train_time:408776ms step_avg:261.20ms
step:1566/2285 train_time:409038ms step_avg:261.20ms
step:1567/2285 train_time:409303ms step_avg:261.20ms
step:1568/2285 train_time:409564ms step_avg:261.20ms
step:1569/2285 train_time:409836ms step_avg:261.21ms
step:1570/2285 train_time:410100ms step_avg:261.21ms
step:1571/2285 train_time:410361ms step_avg:261.21ms
step:1572/2285 train_time:410621ms step_avg:261.21ms
step:1573/2285 train_time:410884ms step_avg:261.21ms
step:1574/2285 train_time:411138ms step_avg:261.21ms
step:1575/2285 train_time:411405ms step_avg:261.21ms
step:1576/2285 train_time:411667ms step_avg:261.21ms
step:1577/2285 train_time:411929ms step_avg:261.21ms
step:1578/2285 train_time:412192ms step_avg:261.21ms
step:1579/2285 train_time:412473ms step_avg:261.22ms
step:1580/2285 train_time:412732ms step_avg:261.22ms
step:1581/2285 train_time:412995ms step_avg:261.22ms
step:1582/2285 train_time:413242ms step_avg:261.21ms
step:1583/2285 train_time:413505ms step_avg:261.22ms
step:1584/2285 train_time:413767ms step_avg:261.22ms
step:1585/2285 train_time:414032ms step_avg:261.22ms
step:1586/2285 train_time:414292ms step_avg:261.22ms
step:1587/2285 train_time:414555ms step_avg:261.22ms
step:1588/2285 train_time:414822ms step_avg:261.22ms
step:1589/2285 train_time:415086ms step_avg:261.22ms
step:1590/2285 train_time:415341ms step_avg:261.22ms
step:1591/2285 train_time:415607ms step_avg:261.22ms
step:1592/2285 train_time:415866ms step_avg:261.22ms
step:1593/2285 train_time:416127ms step_avg:261.22ms
step:1594/2285 train_time:416398ms step_avg:261.23ms
step:1595/2285 train_time:416659ms step_avg:261.23ms
step:1596/2285 train_time:416918ms step_avg:261.23ms
step:1597/2285 train_time:417179ms step_avg:261.23ms
step:1598/2285 train_time:417442ms step_avg:261.23ms
step:1599/2285 train_time:417704ms step_avg:261.23ms
step:1600/2285 train_time:417965ms step_avg:261.23ms
step:1601/2285 train_time:418228ms step_avg:261.23ms
step:1602/2285 train_time:418501ms step_avg:261.24ms
step:1603/2285 train_time:418764ms step_avg:261.24ms
step:1604/2285 train_time:419027ms step_avg:261.24ms
step:1605/2285 train_time:419293ms step_avg:261.24ms
step:1606/2285 train_time:419556ms step_avg:261.24ms
step:1607/2285 train_time:419817ms step_avg:261.24ms
step:1608/2285 train_time:420073ms step_avg:261.24ms
step:1609/2285 train_time:420336ms step_avg:261.24ms
step:1610/2285 train_time:420596ms step_avg:261.24ms
step:1611/2285 train_time:420861ms step_avg:261.24ms
step:1612/2285 train_time:421121ms step_avg:261.24ms
step:1613/2285 train_time:421386ms step_avg:261.24ms
step:1614/2285 train_time:421649ms step_avg:261.24ms
step:1615/2285 train_time:421914ms step_avg:261.25ms
step:1616/2285 train_time:422176ms step_avg:261.25ms
step:1617/2285 train_time:422443ms step_avg:261.25ms
step:1618/2285 train_time:422704ms step_avg:261.25ms
step:1619/2285 train_time:422969ms step_avg:261.25ms
step:1620/2285 train_time:423231ms step_avg:261.25ms
step:1621/2285 train_time:423496ms step_avg:261.26ms
step:1622/2285 train_time:423763ms step_avg:261.26ms
step:1623/2285 train_time:424024ms step_avg:261.26ms
step:1624/2285 train_time:424285ms step_avg:261.26ms
step:1625/2285 train_time:424548ms step_avg:261.26ms
step:1626/2285 train_time:424814ms step_avg:261.26ms
step:1627/2285 train_time:425076ms step_avg:261.26ms
step:1628/2285 train_time:425339ms step_avg:261.26ms
step:1629/2285 train_time:425602ms step_avg:261.27ms
step:1630/2285 train_time:425868ms step_avg:261.27ms
step:1631/2285 train_time:426131ms step_avg:261.27ms
step:1632/2285 train_time:426393ms step_avg:261.27ms
step:1633/2285 train_time:426656ms step_avg:261.27ms
step:1634/2285 train_time:426917ms step_avg:261.27ms
step:1635/2285 train_time:427184ms step_avg:261.27ms
step:1636/2285 train_time:427448ms step_avg:261.28ms
step:1637/2285 train_time:427709ms step_avg:261.28ms
step:1638/2285 train_time:427974ms step_avg:261.28ms
step:1639/2285 train_time:428236ms step_avg:261.28ms
step:1640/2285 train_time:428505ms step_avg:261.28ms
step:1641/2285 train_time:428769ms step_avg:261.29ms
step:1642/2285 train_time:429032ms step_avg:261.29ms
step:1643/2285 train_time:429296ms step_avg:261.29ms
step:1644/2285 train_time:429551ms step_avg:261.28ms
step:1645/2285 train_time:429814ms step_avg:261.29ms
step:1646/2285 train_time:430079ms step_avg:261.29ms
step:1647/2285 train_time:430341ms step_avg:261.29ms
step:1648/2285 train_time:430605ms step_avg:261.29ms
step:1649/2285 train_time:430866ms step_avg:261.29ms
step:1650/2285 train_time:431129ms step_avg:261.29ms
step:1651/2285 train_time:431392ms step_avg:261.29ms
step:1652/2285 train_time:431654ms step_avg:261.29ms
step:1653/2285 train_time:431920ms step_avg:261.29ms
step:1654/2285 train_time:432182ms step_avg:261.30ms
step:1655/2285 train_time:432447ms step_avg:261.30ms
step:1656/2285 train_time:432710ms step_avg:261.30ms
step:1657/2285 train_time:432971ms step_avg:261.30ms
step:1658/2285 train_time:433232ms step_avg:261.30ms
step:1659/2285 train_time:433499ms step_avg:261.30ms
step:1660/2285 train_time:433759ms step_avg:261.30ms
step:1661/2285 train_time:434026ms step_avg:261.30ms
step:1662/2285 train_time:434289ms step_avg:261.31ms
step:1663/2285 train_time:434555ms step_avg:261.31ms
step:1664/2285 train_time:434817ms step_avg:261.31ms
step:1665/2285 train_time:435082ms step_avg:261.31ms
step:1666/2285 train_time:435351ms step_avg:261.32ms
step:1667/2285 train_time:435609ms step_avg:261.31ms
step:1668/2285 train_time:435870ms step_avg:261.31ms
step:1669/2285 train_time:436140ms step_avg:261.32ms
step:1670/2285 train_time:436403ms step_avg:261.32ms
step:1671/2285 train_time:436660ms step_avg:261.32ms
step:1672/2285 train_time:436926ms step_avg:261.32ms
step:1673/2285 train_time:437194ms step_avg:261.32ms
step:1674/2285 train_time:437451ms step_avg:261.32ms
step:1675/2285 train_time:437715ms step_avg:261.32ms
step:1676/2285 train_time:437977ms step_avg:261.32ms
step:1677/2285 train_time:438243ms step_avg:261.33ms
step:1678/2285 train_time:438504ms step_avg:261.33ms
step:1679/2285 train_time:438768ms step_avg:261.33ms
step:1680/2285 train_time:439035ms step_avg:261.33ms
step:1681/2285 train_time:439296ms step_avg:261.33ms
step:1682/2285 train_time:439555ms step_avg:261.33ms
step:1683/2285 train_time:439821ms step_avg:261.33ms
step:1684/2285 train_time:440088ms step_avg:261.34ms
step:1685/2285 train_time:440346ms step_avg:261.33ms
step:1686/2285 train_time:440617ms step_avg:261.34ms
step:1687/2285 train_time:440882ms step_avg:261.34ms
step:1688/2285 train_time:441141ms step_avg:261.34ms
step:1689/2285 train_time:441404ms step_avg:261.34ms
step:1690/2285 train_time:441666ms step_avg:261.34ms
step:1691/2285 train_time:441936ms step_avg:261.35ms
step:1692/2285 train_time:442193ms step_avg:261.34ms
step:1693/2285 train_time:442456ms step_avg:261.34ms
step:1694/2285 train_time:442722ms step_avg:261.35ms
step:1695/2285 train_time:442988ms step_avg:261.35ms
step:1696/2285 train_time:443243ms step_avg:261.35ms
step:1697/2285 train_time:443506ms step_avg:261.35ms
step:1698/2285 train_time:443770ms step_avg:261.35ms
step:1699/2285 train_time:444035ms step_avg:261.35ms
step:1700/2285 train_time:444298ms step_avg:261.35ms
step:1701/2285 train_time:444563ms step_avg:261.35ms
step:1702/2285 train_time:444828ms step_avg:261.36ms
step:1703/2285 train_time:445096ms step_avg:261.36ms
step:1704/2285 train_time:445361ms step_avg:261.36ms
step:1705/2285 train_time:445625ms step_avg:261.36ms
step:1706/2285 train_time:445888ms step_avg:261.36ms
step:1707/2285 train_time:446152ms step_avg:261.37ms
step:1708/2285 train_time:446418ms step_avg:261.37ms
step:1709/2285 train_time:446681ms step_avg:261.37ms
step:1710/2285 train_time:446944ms step_avg:261.37ms
step:1711/2285 train_time:447205ms step_avg:261.37ms
step:1712/2285 train_time:447470ms step_avg:261.37ms
step:1713/2285 train_time:447729ms step_avg:261.37ms
step:1714/2285 train_time:447994ms step_avg:261.37ms
step:1715/2285 train_time:448255ms step_avg:261.37ms
step:1716/2285 train_time:448517ms step_avg:261.37ms
step:1717/2285 train_time:448779ms step_avg:261.37ms
step:1718/2285 train_time:449042ms step_avg:261.38ms
step:1719/2285 train_time:449307ms step_avg:261.38ms
step:1720/2285 train_time:449569ms step_avg:261.38ms
step:1721/2285 train_time:449833ms step_avg:261.38ms
step:1722/2285 train_time:450095ms step_avg:261.38ms
step:1723/2285 train_time:450360ms step_avg:261.38ms
step:1724/2285 train_time:450624ms step_avg:261.38ms
step:1725/2285 train_time:450888ms step_avg:261.38ms
step:1726/2285 train_time:451150ms step_avg:261.38ms
step:1727/2285 train_time:451418ms step_avg:261.39ms
step:1728/2285 train_time:451679ms step_avg:261.39ms
step:1729/2285 train_time:451942ms step_avg:261.39ms
step:1730/2285 train_time:452205ms step_avg:261.39ms
step:1731/2285 train_time:452468ms step_avg:261.39ms
step:1732/2285 train_time:452730ms step_avg:261.39ms
step:1733/2285 train_time:452997ms step_avg:261.39ms
step:1734/2285 train_time:453258ms step_avg:261.39ms
step:1735/2285 train_time:453524ms step_avg:261.40ms
step:1736/2285 train_time:453788ms step_avg:261.40ms
step:1737/2285 train_time:454053ms step_avg:261.40ms
step:1738/2285 train_time:454316ms step_avg:261.40ms
step:1739/2285 train_time:454578ms step_avg:261.40ms
step:1740/2285 train_time:454841ms step_avg:261.40ms
step:1741/2285 train_time:455108ms step_avg:261.41ms
step:1742/2285 train_time:455372ms step_avg:261.41ms
step:1743/2285 train_time:455634ms step_avg:261.41ms
step:1744/2285 train_time:455894ms step_avg:261.41ms
step:1745/2285 train_time:456158ms step_avg:261.41ms
step:1746/2285 train_time:456424ms step_avg:261.41ms
step:1747/2285 train_time:456687ms step_avg:261.41ms
step:1748/2285 train_time:456949ms step_avg:261.41ms
step:1749/2285 train_time:457215ms step_avg:261.42ms
step:1750/2285 train_time:457482ms step_avg:261.42ms
step:1750/2285 val_loss:3.3661 train_time:457668ms step_avg:261.52ms
step:1751/2285 train_time:457852ms step_avg:261.48ms
step:1752/2285 train_time:458091ms step_avg:261.47ms
step:1753/2285 train_time:458352ms step_avg:261.47ms
step:1754/2285 train_time:458618ms step_avg:261.47ms
step:1755/2285 train_time:458881ms step_avg:261.47ms
step:1756/2285 train_time:459143ms step_avg:261.47ms
step:1757/2285 train_time:459404ms step_avg:261.47ms
step:1758/2285 train_time:459667ms step_avg:261.47ms
step:1759/2285 train_time:459930ms step_avg:261.47ms
step:1760/2285 train_time:460193ms step_avg:261.47ms
step:1761/2285 train_time:460454ms step_avg:261.47ms
step:1762/2285 train_time:460715ms step_avg:261.47ms
step:1763/2285 train_time:460979ms step_avg:261.47ms
step:1764/2285 train_time:461241ms step_avg:261.47ms
step:1765/2285 train_time:461507ms step_avg:261.48ms
step:1766/2285 train_time:461768ms step_avg:261.48ms
step:1767/2285 train_time:462033ms step_avg:261.48ms
step:1768/2285 train_time:462295ms step_avg:261.48ms
step:1769/2285 train_time:462562ms step_avg:261.48ms
step:1770/2285 train_time:462823ms step_avg:261.48ms
step:1771/2285 train_time:463088ms step_avg:261.48ms
step:1772/2285 train_time:463348ms step_avg:261.48ms
step:1773/2285 train_time:463612ms step_avg:261.48ms
step:1774/2285 train_time:463876ms step_avg:261.49ms
step:1775/2285 train_time:464137ms step_avg:261.49ms
step:1776/2285 train_time:464398ms step_avg:261.49ms
step:1777/2285 train_time:464659ms step_avg:261.49ms
step:1778/2285 train_time:464921ms step_avg:261.49ms
step:1779/2285 train_time:465186ms step_avg:261.49ms
step:1780/2285 train_time:465446ms step_avg:261.49ms
step:1781/2285 train_time:465712ms step_avg:261.49ms
step:1782/2285 train_time:465974ms step_avg:261.49ms
step:1783/2285 train_time:466236ms step_avg:261.49ms
step:1784/2285 train_time:466504ms step_avg:261.49ms
step:1785/2285 train_time:466764ms step_avg:261.49ms
step:1786/2285 train_time:467027ms step_avg:261.49ms
step:1787/2285 train_time:467292ms step_avg:261.50ms
step:1788/2285 train_time:467553ms step_avg:261.49ms
step:1789/2285 train_time:467814ms step_avg:261.49ms
step:1790/2285 train_time:468076ms step_avg:261.50ms
step:1791/2285 train_time:468339ms step_avg:261.50ms
step:1792/2285 train_time:468620ms step_avg:261.51ms
step:1793/2285 train_time:468866ms step_avg:261.50ms
step:1794/2285 train_time:469127ms step_avg:261.50ms
step:1795/2285 train_time:469388ms step_avg:261.50ms
step:1796/2285 train_time:469654ms step_avg:261.50ms
step:1797/2285 train_time:469918ms step_avg:261.50ms
step:1798/2285 train_time:470180ms step_avg:261.50ms
step:1799/2285 train_time:470445ms step_avg:261.50ms
step:1800/2285 train_time:470711ms step_avg:261.51ms
step:1801/2285 train_time:470977ms step_avg:261.51ms
step:1802/2285 train_time:471238ms step_avg:261.51ms
step:1803/2285 train_time:471501ms step_avg:261.51ms
step:1804/2285 train_time:471762ms step_avg:261.51ms
step:1805/2285 train_time:472024ms step_avg:261.51ms
step:1806/2285 train_time:472285ms step_avg:261.51ms
step:1807/2285 train_time:472549ms step_avg:261.51ms
step:1808/2285 train_time:472812ms step_avg:261.51ms
step:1809/2285 train_time:473075ms step_avg:261.51ms
step:1810/2285 train_time:473342ms step_avg:261.51ms
step:1811/2285 train_time:473605ms step_avg:261.52ms
step:1812/2285 train_time:473868ms step_avg:261.52ms
step:1813/2285 train_time:474129ms step_avg:261.52ms
step:1814/2285 train_time:474393ms step_avg:261.52ms
step:1815/2285 train_time:474654ms step_avg:261.52ms
step:1816/2285 train_time:474917ms step_avg:261.52ms
step:1817/2285 train_time:475178ms step_avg:261.52ms
step:1818/2285 train_time:475438ms step_avg:261.52ms
step:1819/2285 train_time:475704ms step_avg:261.52ms
step:1820/2285 train_time:475962ms step_avg:261.52ms
step:1821/2285 train_time:476226ms step_avg:261.52ms
step:1822/2285 train_time:476489ms step_avg:261.52ms
step:1823/2285 train_time:476752ms step_avg:261.52ms
step:1824/2285 train_time:477015ms step_avg:261.52ms
step:1825/2285 train_time:477277ms step_avg:261.52ms
step:1826/2285 train_time:477540ms step_avg:261.52ms
step:1827/2285 train_time:477804ms step_avg:261.52ms
step:1828/2285 train_time:478064ms step_avg:261.52ms
step:1829/2285 train_time:478326ms step_avg:261.52ms
step:1830/2285 train_time:478590ms step_avg:261.52ms
step:1831/2285 train_time:478853ms step_avg:261.53ms
step:1832/2285 train_time:479113ms step_avg:261.52ms
step:1833/2285 train_time:479376ms step_avg:261.53ms
step:1834/2285 train_time:479635ms step_avg:261.52ms
step:1835/2285 train_time:479900ms step_avg:261.53ms
step:1836/2285 train_time:480165ms step_avg:261.53ms
step:1837/2285 train_time:480426ms step_avg:261.53ms
step:1838/2285 train_time:480686ms step_avg:261.53ms
step:1839/2285 train_time:480950ms step_avg:261.53ms
step:1840/2285 train_time:481211ms step_avg:261.53ms
step:1841/2285 train_time:481475ms step_avg:261.53ms
step:1842/2285 train_time:481737ms step_avg:261.53ms
step:1843/2285 train_time:482000ms step_avg:261.53ms
step:1844/2285 train_time:482264ms step_avg:261.53ms
step:1845/2285 train_time:482523ms step_avg:261.53ms
step:1846/2285 train_time:482786ms step_avg:261.53ms
step:1847/2285 train_time:483049ms step_avg:261.53ms
step:1848/2285 train_time:483312ms step_avg:261.53ms
step:1849/2285 train_time:483578ms step_avg:261.53ms
step:1850/2285 train_time:483842ms step_avg:261.54ms
step:1851/2285 train_time:484105ms step_avg:261.54ms
step:1852/2285 train_time:484366ms step_avg:261.54ms
step:1853/2285 train_time:484628ms step_avg:261.54ms
step:1854/2285 train_time:484889ms step_avg:261.54ms
step:1855/2285 train_time:485154ms step_avg:261.54ms
step:1856/2285 train_time:485416ms step_avg:261.54ms
step:1857/2285 train_time:485681ms step_avg:261.54ms
step:1858/2285 train_time:485940ms step_avg:261.54ms
step:1859/2285 train_time:486205ms step_avg:261.54ms
step:1860/2285 train_time:486467ms step_avg:261.54ms
step:1861/2285 train_time:486731ms step_avg:261.54ms
step:1862/2285 train_time:486995ms step_avg:261.54ms
step:1863/2285 train_time:487257ms step_avg:261.54ms
step:1864/2285 train_time:487518ms step_avg:261.54ms
step:1865/2285 train_time:487780ms step_avg:261.54ms
step:1866/2285 train_time:488041ms step_avg:261.54ms
step:1867/2285 train_time:488303ms step_avg:261.54ms
step:1868/2285 train_time:488563ms step_avg:261.54ms
step:1869/2285 train_time:488829ms step_avg:261.55ms
step:1870/2285 train_time:489094ms step_avg:261.55ms
step:1871/2285 train_time:489355ms step_avg:261.55ms
step:1872/2285 train_time:489621ms step_avg:261.55ms
step:1873/2285 train_time:489885ms step_avg:261.55ms
step:1874/2285 train_time:490147ms step_avg:261.55ms
step:1875/2285 train_time:490414ms step_avg:261.55ms
step:1876/2285 train_time:490676ms step_avg:261.55ms
step:1877/2285 train_time:490938ms step_avg:261.55ms
step:1878/2285 train_time:491200ms step_avg:261.56ms
step:1879/2285 train_time:491464ms step_avg:261.56ms
step:1880/2285 train_time:491726ms step_avg:261.56ms
step:1881/2285 train_time:491991ms step_avg:261.56ms
step:1882/2285 train_time:492256ms step_avg:261.56ms
step:1883/2285 train_time:492519ms step_avg:261.56ms
step:1884/2285 train_time:492783ms step_avg:261.56ms
step:1885/2285 train_time:493047ms step_avg:261.56ms
step:1886/2285 train_time:493308ms step_avg:261.56ms
step:1887/2285 train_time:493575ms step_avg:261.57ms
step:1888/2285 train_time:493835ms step_avg:261.57ms
step:1889/2285 train_time:494100ms step_avg:261.57ms
step:1890/2285 train_time:494362ms step_avg:261.57ms
step:1891/2285 train_time:494630ms step_avg:261.57ms
step:1892/2285 train_time:494892ms step_avg:261.57ms
step:1893/2285 train_time:495156ms step_avg:261.57ms
step:1894/2285 train_time:495417ms step_avg:261.57ms
step:1895/2285 train_time:495684ms step_avg:261.57ms
step:1896/2285 train_time:495945ms step_avg:261.57ms
step:1897/2285 train_time:496209ms step_avg:261.58ms
step:1898/2285 train_time:496469ms step_avg:261.57ms
step:1899/2285 train_time:496736ms step_avg:261.58ms
step:1900/2285 train_time:496995ms step_avg:261.58ms
step:1901/2285 train_time:497258ms step_avg:261.58ms
step:1902/2285 train_time:497519ms step_avg:261.58ms
step:1903/2285 train_time:497785ms step_avg:261.58ms
step:1904/2285 train_time:498046ms step_avg:261.58ms
step:1905/2285 train_time:498311ms step_avg:261.58ms
step:1906/2285 train_time:498577ms step_avg:261.58ms
step:1907/2285 train_time:498840ms step_avg:261.58ms
step:1908/2285 train_time:499102ms step_avg:261.58ms
step:1909/2285 train_time:499368ms step_avg:261.59ms
step:1910/2285 train_time:499629ms step_avg:261.59ms
step:1911/2285 train_time:499894ms step_avg:261.59ms
step:1912/2285 train_time:500156ms step_avg:261.59ms
step:1913/2285 train_time:500419ms step_avg:261.59ms
step:1914/2285 train_time:500683ms step_avg:261.59ms
step:1915/2285 train_time:500946ms step_avg:261.59ms
step:1916/2285 train_time:501213ms step_avg:261.59ms
step:1917/2285 train_time:501473ms step_avg:261.59ms
step:1918/2285 train_time:501735ms step_avg:261.59ms
step:1919/2285 train_time:502001ms step_avg:261.59ms
step:1920/2285 train_time:502262ms step_avg:261.59ms
step:1921/2285 train_time:502523ms step_avg:261.59ms
step:1922/2285 train_time:502787ms step_avg:261.60ms
step:1923/2285 train_time:503050ms step_avg:261.60ms
step:1924/2285 train_time:503314ms step_avg:261.60ms
step:1925/2285 train_time:503581ms step_avg:261.60ms
step:1926/2285 train_time:503842ms step_avg:261.60ms
step:1927/2285 train_time:504103ms step_avg:261.60ms
step:1928/2285 train_time:504365ms step_avg:261.60ms
step:1929/2285 train_time:504627ms step_avg:261.60ms
step:1930/2285 train_time:504893ms step_avg:261.60ms
step:1931/2285 train_time:505160ms step_avg:261.61ms
step:1932/2285 train_time:505420ms step_avg:261.60ms
step:1933/2285 train_time:505684ms step_avg:261.61ms
step:1934/2285 train_time:505944ms step_avg:261.60ms
step:1935/2285 train_time:506210ms step_avg:261.61ms
step:1936/2285 train_time:506472ms step_avg:261.61ms
step:1937/2285 train_time:506737ms step_avg:261.61ms
step:1938/2285 train_time:506997ms step_avg:261.61ms
step:1939/2285 train_time:507263ms step_avg:261.61ms
step:1940/2285 train_time:507522ms step_avg:261.61ms
step:1941/2285 train_time:507785ms step_avg:261.61ms
step:1942/2285 train_time:508047ms step_avg:261.61ms
step:1943/2285 train_time:508309ms step_avg:261.61ms
step:1944/2285 train_time:508574ms step_avg:261.61ms
step:1945/2285 train_time:508850ms step_avg:261.62ms
step:1946/2285 train_time:509113ms step_avg:261.62ms
step:1947/2285 train_time:509366ms step_avg:261.62ms
step:1948/2285 train_time:509625ms step_avg:261.61ms
step:1949/2285 train_time:509890ms step_avg:261.62ms
step:1950/2285 train_time:510153ms step_avg:261.62ms
step:1951/2285 train_time:510416ms step_avg:261.62ms
step:1952/2285 train_time:510679ms step_avg:261.62ms
step:1953/2285 train_time:510941ms step_avg:261.62ms
step:1954/2285 train_time:511206ms step_avg:261.62ms
step:1955/2285 train_time:511472ms step_avg:261.62ms
step:1956/2285 train_time:511751ms step_avg:261.63ms
step:1957/2285 train_time:512019ms step_avg:261.63ms
step:1958/2285 train_time:512284ms step_avg:261.64ms
step:1959/2285 train_time:512544ms step_avg:261.64ms
step:1960/2285 train_time:512808ms step_avg:261.64ms
step:1961/2285 train_time:513064ms step_avg:261.63ms
step:1962/2285 train_time:513316ms step_avg:261.63ms
step:1963/2285 train_time:513581ms step_avg:261.63ms
step:1964/2285 train_time:513843ms step_avg:261.63ms
step:1965/2285 train_time:514108ms step_avg:261.63ms
step:1966/2285 train_time:514372ms step_avg:261.63ms
step:1967/2285 train_time:514636ms step_avg:261.63ms
step:1968/2285 train_time:514898ms step_avg:261.64ms
step:1969/2285 train_time:515160ms step_avg:261.64ms
step:1970/2285 train_time:515423ms step_avg:261.64ms
step:1971/2285 train_time:515687ms step_avg:261.64ms
step:1972/2285 train_time:515951ms step_avg:261.64ms
step:1973/2285 train_time:516210ms step_avg:261.64ms
step:1974/2285 train_time:516471ms step_avg:261.64ms
step:1975/2285 train_time:516735ms step_avg:261.64ms
step:1976/2285 train_time:516997ms step_avg:261.64ms
step:1977/2285 train_time:517257ms step_avg:261.64ms
step:1978/2285 train_time:517517ms step_avg:261.64ms
step:1979/2285 train_time:517780ms step_avg:261.64ms
step:1980/2285 train_time:518041ms step_avg:261.64ms
step:1981/2285 train_time:518308ms step_avg:261.64ms
step:1982/2285 train_time:518570ms step_avg:261.64ms
step:1983/2285 train_time:518838ms step_avg:261.64ms
step:1984/2285 train_time:519101ms step_avg:261.64ms
step:1985/2285 train_time:519365ms step_avg:261.64ms
step:1986/2285 train_time:519626ms step_avg:261.64ms
step:1987/2285 train_time:519889ms step_avg:261.65ms
step:1988/2285 train_time:520153ms step_avg:261.65ms
step:1989/2285 train_time:520417ms step_avg:261.65ms
step:1990/2285 train_time:520676ms step_avg:261.65ms
step:1991/2285 train_time:520943ms step_avg:261.65ms
step:1992/2285 train_time:521207ms step_avg:261.65ms
step:1993/2285 train_time:521471ms step_avg:261.65ms
step:1994/2285 train_time:521735ms step_avg:261.65ms
step:1995/2285 train_time:521999ms step_avg:261.65ms
step:1996/2285 train_time:522260ms step_avg:261.65ms
step:1997/2285 train_time:522527ms step_avg:261.66ms
step:1998/2285 train_time:522794ms step_avg:261.66ms
step:1999/2285 train_time:523056ms step_avg:261.66ms
step:2000/2285 train_time:523318ms step_avg:261.66ms
step:2000/2285 val_loss:3.3196 train_time:523504ms step_avg:261.75ms
step:2001/2285 train_time:523700ms step_avg:261.72ms
step:2002/2285 train_time:523953ms step_avg:261.71ms
step:2003/2285 train_time:524217ms step_avg:261.72ms
step:2004/2285 train_time:524484ms step_avg:261.72ms
step:2005/2285 train_time:524745ms step_avg:261.72ms
step:2006/2285 train_time:525007ms step_avg:261.72ms
step:2007/2285 train_time:525272ms step_avg:261.72ms
step:2008/2285 train_time:525534ms step_avg:261.72ms
step:2009/2285 train_time:525797ms step_avg:261.72ms
step:2010/2285 train_time:526061ms step_avg:261.72ms
step:2011/2285 train_time:526323ms step_avg:261.72ms
step:2012/2285 train_time:526584ms step_avg:261.72ms
step:2013/2285 train_time:526850ms step_avg:261.72ms
step:2014/2285 train_time:527111ms step_avg:261.72ms
step:2015/2285 train_time:527375ms step_avg:261.72ms
step:2016/2285 train_time:527637ms step_avg:261.72ms
step:2017/2285 train_time:527901ms step_avg:261.73ms
step:2018/2285 train_time:528161ms step_avg:261.72ms
step:2019/2285 train_time:528425ms step_avg:261.73ms
step:2020/2285 train_time:528686ms step_avg:261.73ms
step:2021/2285 train_time:528952ms step_avg:261.73ms
step:2022/2285 train_time:529214ms step_avg:261.73ms
step:2023/2285 train_time:529477ms step_avg:261.73ms
step:2024/2285 train_time:529746ms step_avg:261.73ms
step:2025/2285 train_time:530008ms step_avg:261.73ms
step:2026/2285 train_time:530269ms step_avg:261.73ms
step:2027/2285 train_time:530532ms step_avg:261.73ms
step:2028/2285 train_time:530793ms step_avg:261.73ms
step:2029/2285 train_time:531052ms step_avg:261.73ms
step:2030/2285 train_time:531316ms step_avg:261.73ms
step:2031/2285 train_time:531576ms step_avg:261.73ms
step:2032/2285 train_time:531840ms step_avg:261.73ms
step:2033/2285 train_time:532102ms step_avg:261.73ms
step:2034/2285 train_time:532367ms step_avg:261.73ms
step:2035/2285 train_time:532631ms step_avg:261.74ms
step:2036/2285 train_time:532891ms step_avg:261.73ms
step:2037/2285 train_time:533156ms step_avg:261.74ms
step:2038/2285 train_time:533420ms step_avg:261.74ms
step:2039/2285 train_time:533684ms step_avg:261.74ms
step:2040/2285 train_time:533944ms step_avg:261.74ms
step:2041/2285 train_time:534211ms step_avg:261.74ms
step:2042/2285 train_time:534474ms step_avg:261.74ms
step:2043/2285 train_time:534737ms step_avg:261.74ms
step:2044/2285 train_time:535001ms step_avg:261.74ms
step:2045/2285 train_time:535265ms step_avg:261.74ms
step:2046/2285 train_time:535530ms step_avg:261.74ms
step:2047/2285 train_time:535793ms step_avg:261.75ms
step:2048/2285 train_time:536054ms step_avg:261.75ms
step:2049/2285 train_time:536318ms step_avg:261.75ms
step:2050/2285 train_time:536584ms step_avg:261.75ms
step:2051/2285 train_time:536848ms step_avg:261.75ms
step:2052/2285 train_time:537110ms step_avg:261.75ms
step:2053/2285 train_time:537373ms step_avg:261.75ms
step:2054/2285 train_time:537634ms step_avg:261.75ms
step:2055/2285 train_time:537898ms step_avg:261.75ms
step:2056/2285 train_time:538158ms step_avg:261.75ms
step:2057/2285 train_time:538423ms step_avg:261.75ms
step:2058/2285 train_time:538685ms step_avg:261.75ms
step:2059/2285 train_time:538963ms step_avg:261.76ms
step:2060/2285 train_time:539226ms step_avg:261.76ms
step:2061/2285 train_time:539476ms step_avg:261.75ms
step:2062/2285 train_time:539741ms step_avg:261.76ms
step:2063/2285 train_time:540002ms step_avg:261.76ms
step:2064/2285 train_time:540275ms step_avg:261.76ms
step:2065/2285 train_time:540531ms step_avg:261.76ms
step:2066/2285 train_time:540790ms step_avg:261.76ms
step:2067/2285 train_time:541057ms step_avg:261.76ms
step:2068/2285 train_time:541323ms step_avg:261.76ms
step:2069/2285 train_time:541587ms step_avg:261.76ms
step:2070/2285 train_time:541847ms step_avg:261.76ms
step:2071/2285 train_time:542109ms step_avg:261.76ms
step:2072/2285 train_time:542371ms step_avg:261.76ms
step:2073/2285 train_time:542633ms step_avg:261.76ms
step:2074/2285 train_time:542894ms step_avg:261.76ms
step:2075/2285 train_time:543155ms step_avg:261.76ms
step:2076/2285 train_time:543418ms step_avg:261.76ms
step:2077/2285 train_time:543680ms step_avg:261.76ms
step:2078/2285 train_time:543943ms step_avg:261.76ms
step:2079/2285 train_time:544208ms step_avg:261.76ms
step:2080/2285 train_time:544469ms step_avg:261.76ms
step:2081/2285 train_time:544733ms step_avg:261.77ms
step:2082/2285 train_time:544995ms step_avg:261.77ms
step:2083/2285 train_time:545258ms step_avg:261.77ms
step:2084/2285 train_time:545523ms step_avg:261.77ms
step:2085/2285 train_time:545787ms step_avg:261.77ms
step:2086/2285 train_time:546058ms step_avg:261.77ms
step:2087/2285 train_time:546314ms step_avg:261.77ms
step:2088/2285 train_time:546574ms step_avg:261.77ms
step:2089/2285 train_time:546839ms step_avg:261.77ms
step:2090/2285 train_time:547101ms step_avg:261.77ms
step:2091/2285 train_time:547367ms step_avg:261.77ms
step:2092/2285 train_time:547629ms step_avg:261.77ms
step:2093/2285 train_time:547891ms step_avg:261.77ms
step:2094/2285 train_time:548155ms step_avg:261.77ms
step:2095/2285 train_time:548421ms step_avg:261.78ms
step:2096/2285 train_time:548681ms step_avg:261.78ms
step:2097/2285 train_time:548942ms step_avg:261.78ms
step:2098/2285 train_time:549204ms step_avg:261.78ms
step:2099/2285 train_time:549470ms step_avg:261.78ms
step:2100/2285 train_time:549735ms step_avg:261.78ms
step:2101/2285 train_time:549999ms step_avg:261.78ms
step:2102/2285 train_time:550260ms step_avg:261.78ms
step:2103/2285 train_time:550519ms step_avg:261.78ms
step:2104/2285 train_time:550782ms step_avg:261.78ms
step:2105/2285 train_time:551044ms step_avg:261.78ms
step:2106/2285 train_time:551306ms step_avg:261.78ms
step:2107/2285 train_time:551569ms step_avg:261.78ms
step:2108/2285 train_time:551829ms step_avg:261.78ms
step:2109/2285 train_time:552101ms step_avg:261.78ms
step:2110/2285 train_time:552359ms step_avg:261.78ms
step:2111/2285 train_time:552625ms step_avg:261.78ms
step:2112/2285 train_time:552888ms step_avg:261.78ms
step:2113/2285 train_time:553148ms step_avg:261.78ms
step:2114/2285 train_time:553411ms step_avg:261.78ms
step:2115/2285 train_time:553677ms step_avg:261.79ms
step:2116/2285 train_time:553938ms step_avg:261.79ms
step:2117/2285 train_time:554205ms step_avg:261.79ms
step:2118/2285 train_time:554478ms step_avg:261.79ms
step:2119/2285 train_time:554742ms step_avg:261.79ms
step:2120/2285 train_time:555000ms step_avg:261.79ms
step:2121/2285 train_time:555266ms step_avg:261.79ms
step:2122/2285 train_time:555527ms step_avg:261.79ms
step:2123/2285 train_time:555788ms step_avg:261.79ms
step:2124/2285 train_time:556051ms step_avg:261.79ms
step:2125/2285 train_time:556319ms step_avg:261.80ms
step:2126/2285 train_time:556581ms step_avg:261.80ms
step:2127/2285 train_time:556846ms step_avg:261.80ms
step:2128/2285 train_time:557112ms step_avg:261.80ms
step:2129/2285 train_time:557375ms step_avg:261.80ms
step:2130/2285 train_time:557639ms step_avg:261.80ms
step:2131/2285 train_time:557901ms step_avg:261.80ms
step:2132/2285 train_time:558162ms step_avg:261.80ms
step:2133/2285 train_time:558429ms step_avg:261.80ms
step:2134/2285 train_time:558693ms step_avg:261.81ms
step:2135/2285 train_time:558969ms step_avg:261.81ms
step:2136/2285 train_time:559215ms step_avg:261.80ms
step:2137/2285 train_time:559476ms step_avg:261.80ms
step:2138/2285 train_time:559741ms step_avg:261.81ms
step:2139/2285 train_time:560006ms step_avg:261.81ms
step:2140/2285 train_time:560267ms step_avg:261.81ms
step:2141/2285 train_time:560530ms step_avg:261.81ms
step:2142/2285 train_time:560789ms step_avg:261.81ms
step:2143/2285 train_time:561053ms step_avg:261.81ms
step:2144/2285 train_time:561315ms step_avg:261.81ms
step:2145/2285 train_time:561578ms step_avg:261.81ms
step:2146/2285 train_time:561838ms step_avg:261.81ms
step:2147/2285 train_time:562103ms step_avg:261.81ms
step:2148/2285 train_time:562365ms step_avg:261.81ms
step:2149/2285 train_time:562630ms step_avg:261.81ms
step:2150/2285 train_time:562892ms step_avg:261.81ms
step:2151/2285 train_time:563159ms step_avg:261.81ms
step:2152/2285 train_time:563419ms step_avg:261.81ms
step:2153/2285 train_time:563682ms step_avg:261.81ms
step:2154/2285 train_time:563945ms step_avg:261.81ms
step:2155/2285 train_time:564206ms step_avg:261.81ms
step:2156/2285 train_time:564468ms step_avg:261.81ms
step:2157/2285 train_time:564739ms step_avg:261.82ms
step:2158/2285 train_time:565001ms step_avg:261.82ms
step:2159/2285 train_time:565264ms step_avg:261.82ms
step:2160/2285 train_time:565525ms step_avg:261.82ms
step:2161/2285 train_time:565791ms step_avg:261.82ms
step:2162/2285 train_time:566050ms step_avg:261.82ms
step:2163/2285 train_time:566314ms step_avg:261.82ms
step:2164/2285 train_time:566574ms step_avg:261.82ms
step:2165/2285 train_time:566839ms step_avg:261.82ms
step:2166/2285 train_time:567103ms step_avg:261.82ms
step:2167/2285 train_time:567365ms step_avg:261.82ms
step:2168/2285 train_time:567633ms step_avg:261.82ms
step:2169/2285 train_time:567895ms step_avg:261.82ms
step:2170/2285 train_time:568157ms step_avg:261.82ms
step:2171/2285 train_time:568420ms step_avg:261.82ms
step:2172/2285 train_time:568679ms step_avg:261.82ms
step:2173/2285 train_time:568942ms step_avg:261.82ms
step:2174/2285 train_time:569207ms step_avg:261.82ms
step:2175/2285 train_time:569469ms step_avg:261.82ms
step:2176/2285 train_time:569736ms step_avg:261.83ms
step:2177/2285 train_time:570003ms step_avg:261.83ms
step:2178/2285 train_time:570264ms step_avg:261.83ms
step:2179/2285 train_time:570528ms step_avg:261.83ms
step:2180/2285 train_time:570800ms step_avg:261.84ms
step:2181/2285 train_time:571063ms step_avg:261.84ms
step:2182/2285 train_time:571326ms step_avg:261.84ms
step:2183/2285 train_time:571589ms step_avg:261.84ms
step:2184/2285 train_time:571844ms step_avg:261.83ms
step:2185/2285 train_time:572108ms step_avg:261.83ms
step:2186/2285 train_time:572374ms step_avg:261.84ms
step:2187/2285 train_time:572631ms step_avg:261.83ms
step:2188/2285 train_time:572893ms step_avg:261.83ms
step:2189/2285 train_time:573156ms step_avg:261.83ms
step:2190/2285 train_time:573417ms step_avg:261.83ms
step:2191/2285 train_time:573682ms step_avg:261.84ms
step:2192/2285 train_time:573944ms step_avg:261.84ms
step:2193/2285 train_time:574212ms step_avg:261.84ms
step:2194/2285 train_time:574471ms step_avg:261.84ms
step:2195/2285 train_time:574740ms step_avg:261.84ms
step:2196/2285 train_time:574998ms step_avg:261.84ms
step:2197/2285 train_time:575258ms step_avg:261.84ms
step:2198/2285 train_time:575523ms step_avg:261.84ms
step:2199/2285 train_time:575785ms step_avg:261.84ms
step:2200/2285 train_time:576047ms step_avg:261.84ms
step:2201/2285 train_time:576306ms step_avg:261.84ms
step:2202/2285 train_time:576570ms step_avg:261.84ms
step:2203/2285 train_time:576827ms step_avg:261.84ms
step:2204/2285 train_time:577094ms step_avg:261.84ms
step:2205/2285 train_time:577355ms step_avg:261.84ms
step:2206/2285 train_time:577615ms step_avg:261.84ms
step:2207/2285 train_time:577878ms step_avg:261.84ms
step:2208/2285 train_time:578140ms step_avg:261.84ms
step:2209/2285 train_time:578401ms step_avg:261.84ms
step:2210/2285 train_time:578666ms step_avg:261.84ms
step:2211/2285 train_time:578929ms step_avg:261.84ms
step:2212/2285 train_time:579191ms step_avg:261.84ms
step:2213/2285 train_time:579457ms step_avg:261.84ms
step:2214/2285 train_time:579717ms step_avg:261.84ms
step:2215/2285 train_time:579982ms step_avg:261.84ms
step:2216/2285 train_time:580243ms step_avg:261.84ms
step:2217/2285 train_time:580508ms step_avg:261.84ms
step:2218/2285 train_time:580771ms step_avg:261.84ms
step:2219/2285 train_time:581036ms step_avg:261.85ms
step:2220/2285 train_time:581301ms step_avg:261.85ms
step:2221/2285 train_time:581564ms step_avg:261.85ms
step:2222/2285 train_time:581844ms step_avg:261.86ms
step:2223/2285 train_time:582088ms step_avg:261.85ms
step:2224/2285 train_time:582352ms step_avg:261.85ms
step:2225/2285 train_time:582614ms step_avg:261.85ms
step:2226/2285 train_time:582877ms step_avg:261.85ms
step:2227/2285 train_time:583142ms step_avg:261.85ms
step:2228/2285 train_time:583408ms step_avg:261.85ms
step:2229/2285 train_time:583669ms step_avg:261.85ms
step:2230/2285 train_time:583928ms step_avg:261.85ms
step:2231/2285 train_time:584195ms step_avg:261.85ms
step:2232/2285 train_time:584457ms step_avg:261.85ms
step:2233/2285 train_time:584721ms step_avg:261.85ms
step:2234/2285 train_time:584981ms step_avg:261.85ms
step:2235/2285 train_time:585245ms step_avg:261.85ms
step:2236/2285 train_time:585507ms step_avg:261.85ms
step:2237/2285 train_time:585770ms step_avg:261.86ms
step:2238/2285 train_time:586036ms step_avg:261.86ms
step:2239/2285 train_time:586298ms step_avg:261.86ms
step:2240/2285 train_time:586562ms step_avg:261.86ms
step:2241/2285 train_time:586824ms step_avg:261.86ms
step:2242/2285 train_time:587087ms step_avg:261.86ms
step:2243/2285 train_time:587349ms step_avg:261.86ms
step:2244/2285 train_time:587610ms step_avg:261.86ms
step:2245/2285 train_time:587874ms step_avg:261.86ms
step:2246/2285 train_time:588137ms step_avg:261.86ms
step:2247/2285 train_time:588400ms step_avg:261.86ms
step:2248/2285 train_time:588663ms step_avg:261.86ms
step:2249/2285 train_time:588928ms step_avg:261.86ms
step:2250/2285 train_time:589191ms step_avg:261.86ms
step:2250/2285 val_loss:3.2821 train_time:589376ms step_avg:261.95ms
step:2251/2285 train_time:589564ms step_avg:261.91ms
step:2252/2285 train_time:589801ms step_avg:261.90ms
step:2253/2285 train_time:590063ms step_avg:261.90ms
step:2254/2285 train_time:590325ms step_avg:261.90ms
step:2255/2285 train_time:590587ms step_avg:261.90ms
step:2256/2285 train_time:590846ms step_avg:261.90ms
step:2257/2285 train_time:591110ms step_avg:261.90ms
step:2258/2285 train_time:591372ms step_avg:261.90ms
step:2259/2285 train_time:591634ms step_avg:261.90ms
step:2260/2285 train_time:591899ms step_avg:261.90ms
step:2261/2285 train_time:592159ms step_avg:261.90ms
step:2262/2285 train_time:592421ms step_avg:261.90ms
step:2263/2285 train_time:592682ms step_avg:261.90ms
step:2264/2285 train_time:592950ms step_avg:261.90ms
step:2265/2285 train_time:593214ms step_avg:261.90ms
step:2266/2285 train_time:593477ms step_avg:261.90ms
step:2267/2285 train_time:593743ms step_avg:261.91ms
step:2268/2285 train_time:594005ms step_avg:261.91ms
step:2269/2285 train_time:594266ms step_avg:261.91ms
step:2270/2285 train_time:594527ms step_avg:261.91ms
step:2271/2285 train_time:594792ms step_avg:261.91ms
step:2272/2285 train_time:595053ms step_avg:261.91ms
step:2273/2285 train_time:595316ms step_avg:261.91ms
step:2274/2285 train_time:595579ms step_avg:261.91ms
step:2275/2285 train_time:595842ms step_avg:261.91ms
step:2276/2285 train_time:596106ms step_avg:261.91ms
step:2277/2285 train_time:596368ms step_avg:261.91ms
step:2278/2285 train_time:596628ms step_avg:261.91ms
step:2279/2285 train_time:596891ms step_avg:261.91ms
step:2280/2285 train_time:597153ms step_avg:261.91ms
step:2281/2285 train_time:597417ms step_avg:261.91ms
step:2282/2285 train_time:597678ms step_avg:261.91ms
step:2283/2285 train_time:597941ms step_avg:261.91ms
step:2284/2285 train_time:598206ms step_avg:261.91ms
step:2285/2285 train_time:598471ms step_avg:261.91ms
step:2285/2285 val_loss:3.2761 train_time:598651ms step_avg:261.99ms
peak memory allocated: 19850 MiB reserved: 21694 MiB
total training time: 598.65s (598651ms)
=== Done. Exit: 0 ===
