=== Environment [fp32 val fix] ===
SEED=4
NPROC=16
DATA_PATH=/models/modded-nanogpt_record50_cautious_wd
TRAIN_SCRIPT=/models/modded-nanogpt_record50_cautious_wd/npu_bench/record_049_partial_key_offset/agent_outputs/agent_r49/npu_port_fixed/train_gpt.py
Python: Python 3.10.19
Torch: 2.7.1+cpu
Torch_NPU: 2.7.1.post2
=== Starting training [fp32 val fix] ===
/root/miniconda3/envs/llm_test/lib/python3.10/runpy.py:126: RuntimeWarning: 'torch.distributed.run' found in sys.modules after import of package 'torch.distributed', but prior to execution of 'torch.distributed.run'; this may result in unpredictable behaviour
  warn(RuntimeWarning(msg))

*****************************************
Setting OMP_NUM_THREADS environment variable for each process to be 1 in default, to avoid your system being overloaded, please further tune the variable for optimal performance in your application as needed. 
*****************************************
/root/miniconda3/envs/llm_test/lib/python3.10/site-packages/torch/autograd/__init__.py:221: UserWarning: Cannot create tensor with interal format while allow_internel_format=False, tensor will be created with base format. (Triggered internally at build/CMakeFiles/torch_npu.dir/compiler_depend.ts:338.)
  torch.ones_like(out, memory_format=torch.preserve_format)
/root/miniconda3/envs/llm_test/lib/python3.10/site-packages/torch/distributed/distributed_c10d.py:4631: UserWarning: No device id is provided via `init_process_group` or `barrier `. Using the current device set by the user. 
  warnings.warn(  # warn only once
/root/miniconda3/envs/llm_test/lib/python3.10/site-packages/torch/autograd/__init__.py:221: UserWarning: Cannot create tensor with interal format while allow_internel_format=False, tensor will be created with base format. (Triggered internally at build/CMakeFiles/torch_npu.dir/compiler_depend.ts:338.)
  torch.ones_like(out, memory_format=torch.preserve_format)
/root/miniconda3/envs/llm_test/lib/python3.10/site-packages/torch/autograd/__init__.py:221: UserWarning: Cannot create tensor with interal format while allow_internel_format=False, tensor will be created with base format. (Triggered internally at build/CMakeFiles/torch_npu.dir/compiler_depend.ts:338.)
  torch.ones_like(out, memory_format=torch.preserve_format)
/root/miniconda3/envs/llm_test/lib/python3.10/site-packages/torch/autograd/__init__.py:221: UserWarning: Cannot create tensor with interal format while allow_internel_format=False, tensor will be created with base format. (Triggered internally at build/CMakeFiles/torch_npu.dir/compiler_depend.ts:338.)
  torch.ones_like(out, memory_format=torch.preserve_format)
/root/miniconda3/envs/llm_test/lib/python3.10/site-packages/torch/autograd/__init__.py:221: UserWarning: Cannot create tensor with interal format while allow_internel_format=False, tensor will be created with base format. (Triggered internally at build/CMakeFiles/torch_npu.dir/compiler_depend.ts:338.)
  torch.ones_like(out, memory_format=torch.preserve_format)
/root/miniconda3/envs/llm_test/lib/python3.10/site-packages/torch/autograd/__init__.py:221: UserWarning: Cannot create tensor with interal format while allow_internel_format=False, tensor will be created with base format. (Triggered internally at build/CMakeFiles/torch_npu.dir/compiler_depend.ts:338.)
  torch.ones_like(out, memory_format=torch.preserve_format)
/root/miniconda3/envs/llm_test/lib/python3.10/site-packages/torch/autograd/__init__.py:221: UserWarning: Cannot create tensor with interal format while allow_internel_format=False, tensor will be created with base format. (Triggered internally at build/CMakeFiles/torch_npu.dir/compiler_depend.ts:338.)
  torch.ones_like(out, memory_format=torch.preserve_format)
/root/miniconda3/envs/llm_test/lib/python3.10/site-packages/torch/autograd/__init__.py:221: UserWarning: Cannot create tensor with interal format while allow_internel_format=False, tensor will be created with base format. (Triggered internally at build/CMakeFiles/torch_npu.dir/compiler_depend.ts:338.)
  torch.ones_like(out, memory_format=torch.preserve_format)
/root/miniconda3/envs/llm_test/lib/python3.10/site-packages/torch/autograd/__init__.py:221: UserWarning: Cannot create tensor with interal format while allow_internel_format=False, tensor will be created with base format. (Triggered internally at build/CMakeFiles/torch_npu.dir/compiler_depend.ts:338.)
  torch.ones_like(out, memory_format=torch.preserve_format)
/root/miniconda3/envs/llm_test/lib/python3.10/site-packages/torch/autograd/__init__.py:221: UserWarning: Cannot create tensor with interal format while allow_internel_format=False, tensor will be created with base format. (Triggered internally at build/CMakeFiles/torch_npu.dir/compiler_depend.ts:338.)
  torch.ones_like(out, memory_format=torch.preserve_format)
/root/miniconda3/envs/llm_test/lib/python3.10/site-packages/torch/distributed/distributed_c10d.py:4631: UserWarning: No device id is provided via `init_process_group` or `barrier `. Using the current device set by the user. 
  warnings.warn(  # warn only once
/root/miniconda3/envs/llm_test/lib/python3.10/site-packages/torch/autograd/__init__.py:221: UserWarning: Cannot create tensor with interal format while allow_internel_format=False, tensor will be created with base format. (Triggered internally at build/CMakeFiles/torch_npu.dir/compiler_depend.ts:338.)
  torch.ones_like(out, memory_format=torch.preserve_format)
/root/miniconda3/envs/llm_test/lib/python3.10/site-packages/torch/autograd/__init__.py:221: UserWarning: Cannot create tensor with interal format while allow_internel_format=False, tensor will be created with base format. (Triggered internally at build/CMakeFiles/torch_npu.dir/compiler_depend.ts:338.)
  torch.ones_like(out, memory_format=torch.preserve_format)
/root/miniconda3/envs/llm_test/lib/python3.10/site-packages/torch/autograd/__init__.py:221: UserWarning: Cannot create tensor with interal format while allow_internel_format=False, tensor will be created with base format. (Triggered internally at build/CMakeFiles/torch_npu.dir/compiler_depend.ts:338.)
  torch.ones_like(out, memory_format=torch.preserve_format)
/root/miniconda3/envs/llm_test/lib/python3.10/site-packages/torch/autograd/__init__.py:221: UserWarning: Cannot create tensor with interal format while allow_internel_format=False, tensor will be created with base format. (Triggered internally at build/CMakeFiles/torch_npu.dir/compiler_depend.ts:338.)
  torch.ones_like(out, memory_format=torch.preserve_format)
/root/miniconda3/envs/llm_test/lib/python3.10/site-packages/torch/autograd/__init__.py:221: UserWarning: Cannot create tensor with interal format while allow_internel_format=False, tensor will be created with base format. (Triggered internally at build/CMakeFiles/torch_npu.dir/compiler_depend.ts:338.)
  torch.ones_like(out, memory_format=torch.preserve_format)
/root/miniconda3/envs/llm_test/lib/python3.10/site-packages/torch/autograd/__init__.py:221: UserWarning: Cannot create tensor with interal format while allow_internel_format=False, tensor will be created with base format. (Triggered internally at build/CMakeFiles/torch_npu.dir/compiler_depend.ts:338.)
  torch.ones_like(out, memory_format=torch.preserve_format)
/root/miniconda3/envs/llm_test/lib/python3.10/site-packages/torch/distributed/distributed_c10d.py:4631: UserWarning: No device id is provided via `init_process_group` or `barrier `. Using the current device set by the user. 
  warnings.warn(  # warn only once
/root/miniconda3/envs/llm_test/lib/python3.10/site-packages/torch/distributed/distributed_c10d.py:4631: UserWarning: No device id is provided via `init_process_group` or `barrier `. Using the current device set by the user. 
  warnings.warn(  # warn only once
/root/miniconda3/envs/llm_test/lib/python3.10/site-packages/torch/distributed/distributed_c10d.py:4631: UserWarning: No device id is provided via `init_process_group` or `barrier `. Using the current device set by the user. 
  warnings.warn(  # warn only once
/root/miniconda3/envs/llm_test/lib/python3.10/site-packages/torch/distributed/distributed_c10d.py:4631: UserWarning: No device id is provided via `init_process_group` or `barrier `. Using the current device set by the user. 
  warnings.warn(  # warn only once
/root/miniconda3/envs/llm_test/lib/python3.10/site-packages/torch/distributed/distributed_c10d.py:4631: UserWarning: No device id is provided via `init_process_group` or `barrier `. Using the current device set by the user. 
  warnings.warn(  # warn only once
/root/miniconda3/envs/llm_test/lib/python3.10/site-packages/torch/distributed/distributed_c10d.py:4631: UserWarning: No device id is provided via `init_process_group` or `barrier `. Using the current device set by the user. 
  warnings.warn(  # warn only once
/root/miniconda3/envs/llm_test/lib/python3.10/site-packages/torch/distributed/distributed_c10d.py:4631: UserWarning: No device id is provided via `init_process_group` or `barrier `. Using the current device set by the user. 
  warnings.warn(  # warn only once
/root/miniconda3/envs/llm_test/lib/python3.10/site-packages/torch/distributed/distributed_c10d.py:4631: UserWarning: No device id is provided via `init_process_group` or `barrier `. Using the current device set by the user. 
  warnings.warn(  # warn only once
/root/miniconda3/envs/llm_test/lib/python3.10/site-packages/torch/distributed/distributed_c10d.py:4631: UserWarning: No device id is provided via `init_process_group` or `barrier `. Using the current device set by the user. 
  warnings.warn(  # warn only once
/root/miniconda3/envs/llm_test/lib/python3.10/site-packages/torch/distributed/distributed_c10d.py:4631: UserWarning: No device id is provided via `init_process_group` or `barrier `. Using the current device set by the user. 
  warnings.warn(  # warn only once
/root/miniconda3/envs/llm_test/lib/python3.10/site-packages/torch/distributed/distributed_c10d.py:4631: UserWarning: No device id is provided via `init_process_group` or `barrier `. Using the current device set by the user. 
  warnings.warn(  # warn only once
/root/miniconda3/envs/llm_test/lib/python3.10/site-packages/torch/distributed/distributed_c10d.py:4631: UserWarning: No device id is provided via `init_process_group` or `barrier `. Using the current device set by the user. 
  warnings.warn(  # warn only once
/root/miniconda3/envs/llm_test/lib/python3.10/site-packages/torch/distributed/distributed_c10d.py:4631: UserWarning: No device id is provided via `init_process_group` or `barrier `. Using the current device set by the user. 
  warnings.warn(  # warn only once
/root/miniconda3/envs/llm_test/lib/python3.10/site-packages/torch/distributed/distributed_c10d.py:4631: UserWarning: No device id is provided via `init_process_group` or `barrier `. Using the current device set by the user. 
  warnings.warn(  # warn only once
logs/cb4afcb8-e7cf-4ea6-83a6-5415d780202a
/root/miniconda3/envs/llm_test/lib/python3.10/site-packages/torch_npu/utils/storage.py:89: UserWarning: TypedStorage is deprecated. It will be removed in the future and UntypedStorage will be the only storage class. This should only matter to you if you are using storages directly.  To access UntypedStorage directly, use tensor.untyped_storage() instead of tensor.storage()
  if self.device.type != 'cpu':
step:0/2110 val_loss:10.8258 train_time:0ms step_avg:0.07ms
step:1/2110 train_time:891ms step_avg:890.56ms
step:2/2110 train_time:961ms step_avg:480.67ms
step:3/2110 train_time:1103ms step_avg:367.58ms
step:4/2110 train_time:1253ms step_avg:313.32ms
step:5/2110 train_time:1397ms step_avg:279.41ms
step:6/2110 train_time:1544ms step_avg:257.26ms
step:7/2110 train_time:1689ms step_avg:241.28ms
step:8/2110 train_time:1837ms step_avg:229.66ms
step:9/2110 train_time:1989ms step_avg:221.04ms
step:10/2110 train_time:2148ms step_avg:214.76ms
step:11/2110 train_time:2276ms step_avg:206.93ms
step:12/2110 train_time:2424ms step_avg:201.99ms
step:13/2110 train_time:2572ms step_avg:197.82ms
step:14/2110 train_time:2723ms step_avg:194.47ms
step:15/2110 train_time:2863ms step_avg:190.87ms
step:16/2110 train_time:3009ms step_avg:188.07ms
step:17/2110 train_time:3160ms step_avg:185.86ms
step:18/2110 train_time:3305ms step_avg:183.62ms
step:19/2110 train_time:3455ms step_avg:181.82ms
step:20/2110 train_time:3600ms step_avg:180.01ms
step:21/2110 train_time:3748ms step_avg:178.46ms
step:22/2110 train_time:3889ms step_avg:176.78ms
step:23/2110 train_time:4036ms step_avg:175.49ms
step:24/2110 train_time:4182ms step_avg:174.27ms
step:25/2110 train_time:4333ms step_avg:173.34ms
step:26/2110 train_time:4481ms step_avg:172.34ms
step:27/2110 train_time:4627ms step_avg:171.37ms
step:28/2110 train_time:4772ms step_avg:170.44ms
step:29/2110 train_time:4919ms step_avg:169.61ms
step:30/2110 train_time:5064ms step_avg:168.82ms
step:31/2110 train_time:5212ms step_avg:168.11ms
step:32/2110 train_time:5356ms step_avg:167.37ms
step:33/2110 train_time:5504ms step_avg:166.80ms
step:34/2110 train_time:5654ms step_avg:166.30ms
step:35/2110 train_time:5796ms step_avg:165.60ms
step:36/2110 train_time:5950ms step_avg:165.28ms
step:37/2110 train_time:6095ms step_avg:164.73ms
step:38/2110 train_time:6245ms step_avg:164.35ms
step:39/2110 train_time:6391ms step_avg:163.87ms
step:40/2110 train_time:6537ms step_avg:163.43ms
step:41/2110 train_time:6686ms step_avg:163.07ms
step:42/2110 train_time:6833ms step_avg:162.68ms
step:43/2110 train_time:6978ms step_avg:162.28ms
step:44/2110 train_time:7129ms step_avg:162.02ms
step:45/2110 train_time:7271ms step_avg:161.57ms
step:46/2110 train_time:7419ms step_avg:161.27ms
step:47/2110 train_time:7564ms step_avg:160.93ms
step:48/2110 train_time:7711ms step_avg:160.64ms
step:49/2110 train_time:7871ms step_avg:160.63ms
step:50/2110 train_time:8023ms step_avg:160.47ms
step:51/2110 train_time:8249ms step_avg:161.74ms
step:52/2110 train_time:8315ms step_avg:159.90ms
step:53/2110 train_time:8462ms step_avg:159.65ms
step:54/2110 train_time:8610ms step_avg:159.44ms
step:55/2110 train_time:8758ms step_avg:159.24ms
step:56/2110 train_time:8906ms step_avg:159.04ms
step:57/2110 train_time:9053ms step_avg:158.82ms
step:58/2110 train_time:9201ms step_avg:158.64ms
step:59/2110 train_time:9349ms step_avg:158.46ms
step:60/2110 train_time:9497ms step_avg:158.28ms
step:61/2110 train_time:9652ms step_avg:158.22ms
step:62/2110 train_time:9801ms step_avg:158.09ms
step:63/2110 train_time:9932ms step_avg:157.65ms
step:64/2110 train_time:10080ms step_avg:157.50ms
step:65/2110 train_time:10229ms step_avg:157.37ms
step:66/2110 train_time:10376ms step_avg:157.20ms
step:67/2110 train_time:10523ms step_avg:157.06ms
step:68/2110 train_time:10686ms step_avg:157.15ms
step:69/2110 train_time:10831ms step_avg:156.97ms
step:70/2110 train_time:10966ms step_avg:156.65ms
step:71/2110 train_time:11110ms step_avg:156.48ms
step:72/2110 train_time:11258ms step_avg:156.36ms
step:73/2110 train_time:11407ms step_avg:156.27ms
step:74/2110 train_time:11561ms step_avg:156.22ms
step:75/2110 train_time:11708ms step_avg:156.10ms
step:76/2110 train_time:11853ms step_avg:155.96ms
step:77/2110 train_time:12000ms step_avg:155.84ms
step:78/2110 train_time:12147ms step_avg:155.73ms
step:79/2110 train_time:12293ms step_avg:155.61ms
step:80/2110 train_time:12441ms step_avg:155.51ms
step:81/2110 train_time:12589ms step_avg:155.42ms
step:82/2110 train_time:12736ms step_avg:155.32ms
step:83/2110 train_time:12884ms step_avg:155.23ms
step:84/2110 train_time:13035ms step_avg:155.18ms
step:85/2110 train_time:13183ms step_avg:155.09ms
step:86/2110 train_time:13326ms step_avg:154.96ms
step:87/2110 train_time:13474ms step_avg:154.87ms
step:88/2110 train_time:13620ms step_avg:154.77ms
step:89/2110 train_time:13766ms step_avg:154.67ms
step:90/2110 train_time:13911ms step_avg:154.57ms
step:91/2110 train_time:14057ms step_avg:154.47ms
step:92/2110 train_time:14204ms step_avg:154.40ms
step:93/2110 train_time:14351ms step_avg:154.32ms
step:94/2110 train_time:14499ms step_avg:154.24ms
step:95/2110 train_time:14648ms step_avg:154.19ms
step:96/2110 train_time:14794ms step_avg:154.11ms
step:97/2110 train_time:14939ms step_avg:154.01ms
step:98/2110 train_time:15086ms step_avg:153.94ms
step:99/2110 train_time:15232ms step_avg:153.86ms
step:100/2110 train_time:15379ms step_avg:153.79ms
step:101/2110 train_time:15621ms step_avg:154.66ms
step:102/2110 train_time:15688ms step_avg:153.81ms
step:103/2110 train_time:15833ms step_avg:153.71ms
step:104/2110 train_time:15982ms step_avg:153.67ms
step:105/2110 train_time:16127ms step_avg:153.59ms
step:106/2110 train_time:16275ms step_avg:153.54ms
step:107/2110 train_time:16421ms step_avg:153.46ms
step:108/2110 train_time:16571ms step_avg:153.44ms
step:109/2110 train_time:16715ms step_avg:153.35ms
step:110/2110 train_time:16862ms step_avg:153.29ms
step:111/2110 train_time:17008ms step_avg:153.23ms
step:112/2110 train_time:17154ms step_avg:153.16ms
step:113/2110 train_time:17312ms step_avg:153.20ms
step:114/2110 train_time:17450ms step_avg:153.07ms
step:115/2110 train_time:17601ms step_avg:153.06ms
step:116/2110 train_time:17749ms step_avg:153.01ms
step:117/2110 train_time:17894ms step_avg:152.94ms
step:118/2110 train_time:18042ms step_avg:152.90ms
step:119/2110 train_time:18187ms step_avg:152.83ms
step:120/2110 train_time:18334ms step_avg:152.78ms
step:121/2110 train_time:18492ms step_avg:152.82ms
step:122/2110 train_time:18627ms step_avg:152.68ms
step:123/2110 train_time:18773ms step_avg:152.63ms
step:124/2110 train_time:18919ms step_avg:152.57ms
step:125/2110 train_time:19069ms step_avg:152.55ms
step:126/2110 train_time:19218ms step_avg:152.52ms
step:127/2110 train_time:19363ms step_avg:152.47ms
step:128/2110 train_time:19511ms step_avg:152.43ms
step:129/2110 train_time:19657ms step_avg:152.38ms
step:130/2110 train_time:19804ms step_avg:152.34ms
step:131/2110 train_time:19949ms step_avg:152.28ms
step:132/2110 train_time:20101ms step_avg:152.28ms
step:133/2110 train_time:20246ms step_avg:152.22ms
step:134/2110 train_time:20394ms step_avg:152.20ms
step:135/2110 train_time:20543ms step_avg:152.17ms
step:136/2110 train_time:20689ms step_avg:152.12ms
step:137/2110 train_time:20834ms step_avg:152.07ms
step:138/2110 train_time:20980ms step_avg:152.03ms
step:139/2110 train_time:21126ms step_avg:151.99ms
step:140/2110 train_time:21278ms step_avg:151.98ms
step:141/2110 train_time:21416ms step_avg:151.89ms
step:142/2110 train_time:21565ms step_avg:151.87ms
step:143/2110 train_time:21716ms step_avg:151.86ms
step:144/2110 train_time:21860ms step_avg:151.81ms
step:145/2110 train_time:22007ms step_avg:151.77ms
step:146/2110 train_time:22153ms step_avg:151.73ms
step:147/2110 train_time:22300ms step_avg:151.70ms
step:148/2110 train_time:22445ms step_avg:151.66ms
step:149/2110 train_time:22593ms step_avg:151.63ms
step:150/2110 train_time:22742ms step_avg:151.61ms
step:151/2110 train_time:22979ms step_avg:152.18ms
step:152/2110 train_time:23047ms step_avg:151.62ms
step:153/2110 train_time:23190ms step_avg:151.57ms
step:154/2110 train_time:23335ms step_avg:151.53ms
step:155/2110 train_time:23483ms step_avg:151.51ms
step:156/2110 train_time:23630ms step_avg:151.47ms
step:157/2110 train_time:23778ms step_avg:151.45ms
step:158/2110 train_time:23921ms step_avg:151.40ms
step:159/2110 train_time:24066ms step_avg:151.36ms
step:160/2110 train_time:24209ms step_avg:151.31ms
step:161/2110 train_time:24357ms step_avg:151.29ms
step:162/2110 train_time:24505ms step_avg:151.27ms
step:163/2110 train_time:24652ms step_avg:151.24ms
step:164/2110 train_time:24816ms step_avg:151.32ms
step:165/2110 train_time:24961ms step_avg:151.28ms
step:166/2110 train_time:25110ms step_avg:151.26ms
step:167/2110 train_time:25253ms step_avg:151.22ms
step:168/2110 train_time:25404ms step_avg:151.21ms
step:169/2110 train_time:25541ms step_avg:151.13ms
step:170/2110 train_time:25688ms step_avg:151.11ms
step:171/2110 train_time:25835ms step_avg:151.08ms
step:172/2110 train_time:25999ms step_avg:151.16ms
step:173/2110 train_time:26135ms step_avg:151.07ms
step:174/2110 train_time:26291ms step_avg:151.10ms
step:175/2110 train_time:26433ms step_avg:151.04ms
step:176/2110 train_time:26593ms step_avg:151.09ms
step:177/2110 train_time:26737ms step_avg:151.06ms
step:178/2110 train_time:26874ms step_avg:150.98ms
step:179/2110 train_time:27022ms step_avg:150.96ms
step:180/2110 train_time:27168ms step_avg:150.93ms
step:181/2110 train_time:27312ms step_avg:150.89ms
step:182/2110 train_time:27460ms step_avg:150.88ms
step:183/2110 train_time:27608ms step_avg:150.86ms
step:184/2110 train_time:27758ms step_avg:150.86ms
step:185/2110 train_time:27905ms step_avg:150.84ms
step:186/2110 train_time:28052ms step_avg:150.82ms
step:187/2110 train_time:28200ms step_avg:150.80ms
step:188/2110 train_time:28344ms step_avg:150.77ms
step:189/2110 train_time:28496ms step_avg:150.77ms
step:190/2110 train_time:28642ms step_avg:150.75ms
step:191/2110 train_time:28789ms step_avg:150.73ms
step:192/2110 train_time:28934ms step_avg:150.70ms
step:193/2110 train_time:29082ms step_avg:150.68ms
step:194/2110 train_time:29228ms step_avg:150.66ms
step:195/2110 train_time:29373ms step_avg:150.63ms
step:196/2110 train_time:29520ms step_avg:150.61ms
step:197/2110 train_time:29667ms step_avg:150.59ms
step:198/2110 train_time:29815ms step_avg:150.58ms
step:199/2110 train_time:29962ms step_avg:150.56ms
step:200/2110 train_time:30109ms step_avg:150.55ms
step:201/2110 train_time:30347ms step_avg:150.98ms
step:202/2110 train_time:30416ms step_avg:150.57ms
step:203/2110 train_time:30560ms step_avg:150.54ms
step:204/2110 train_time:30707ms step_avg:150.52ms
step:205/2110 train_time:30853ms step_avg:150.50ms
step:206/2110 train_time:31001ms step_avg:150.49ms
step:207/2110 train_time:31149ms step_avg:150.48ms
step:208/2110 train_time:31295ms step_avg:150.46ms
step:209/2110 train_time:31441ms step_avg:150.43ms
step:210/2110 train_time:31591ms step_avg:150.43ms
step:211/2110 train_time:31736ms step_avg:150.41ms
step:212/2110 train_time:31885ms step_avg:150.40ms
step:213/2110 train_time:32034ms step_avg:150.39ms
step:214/2110 train_time:32179ms step_avg:150.37ms
step:215/2110 train_time:32324ms step_avg:150.35ms
step:216/2110 train_time:32468ms step_avg:150.31ms
step:217/2110 train_time:32615ms step_avg:150.30ms
step:218/2110 train_time:32764ms step_avg:150.29ms
step:219/2110 train_time:32911ms step_avg:150.28ms
step:220/2110 train_time:33057ms step_avg:150.26ms
step:221/2110 train_time:33209ms step_avg:150.27ms
step:222/2110 train_time:33352ms step_avg:150.24ms
step:223/2110 train_time:33498ms step_avg:150.21ms
step:224/2110 train_time:33645ms step_avg:150.20ms
step:225/2110 train_time:33792ms step_avg:150.19ms
step:226/2110 train_time:33938ms step_avg:150.17ms
step:227/2110 train_time:34091ms step_avg:150.18ms
step:228/2110 train_time:34236ms step_avg:150.16ms
step:229/2110 train_time:34383ms step_avg:150.14ms
step:230/2110 train_time:34530ms step_avg:150.13ms
step:231/2110 train_time:34678ms step_avg:150.12ms
step:232/2110 train_time:34839ms step_avg:150.17ms
step:233/2110 train_time:34985ms step_avg:150.15ms
step:234/2110 train_time:35116ms step_avg:150.07ms
step:235/2110 train_time:35273ms step_avg:150.10ms
step:236/2110 train_time:35407ms step_avg:150.03ms
step:237/2110 train_time:35554ms step_avg:150.02ms
step:238/2110 train_time:35699ms step_avg:150.00ms
step:239/2110 train_time:35850ms step_avg:150.00ms
step:240/2110 train_time:35998ms step_avg:149.99ms
step:241/2110 train_time:36144ms step_avg:149.98ms
step:242/2110 train_time:36293ms step_avg:149.97ms
step:243/2110 train_time:36438ms step_avg:149.95ms
step:244/2110 train_time:36584ms step_avg:149.93ms
step:245/2110 train_time:36746ms step_avg:149.98ms
step:246/2110 train_time:36892ms step_avg:149.97ms
step:247/2110 train_time:37029ms step_avg:149.91ms
step:248/2110 train_time:37184ms step_avg:149.93ms
step:249/2110 train_time:37327ms step_avg:149.91ms
step:250/2110 train_time:37475ms step_avg:149.90ms
step:250/2110 val_loss:4.2693 train_time:37552ms step_avg:150.21ms
step:251/2110 train_time:37761ms step_avg:150.44ms
step:252/2110 train_time:37829ms step_avg:150.11ms
step:253/2110 train_time:37971ms step_avg:150.08ms
step:254/2110 train_time:38118ms step_avg:150.07ms
step:255/2110 train_time:38264ms step_avg:150.06ms
step:256/2110 train_time:38410ms step_avg:150.04ms
step:257/2110 train_time:38556ms step_avg:150.03ms
step:258/2110 train_time:38702ms step_avg:150.01ms
step:259/2110 train_time:38851ms step_avg:150.00ms
step:260/2110 train_time:38997ms step_avg:149.99ms
step:261/2110 train_time:39143ms step_avg:149.97ms
step:262/2110 train_time:39289ms step_avg:149.96ms
step:263/2110 train_time:39434ms step_avg:149.94ms
step:264/2110 train_time:39579ms step_avg:149.92ms
step:265/2110 train_time:39725ms step_avg:149.91ms
step:266/2110 train_time:39873ms step_avg:149.90ms
step:267/2110 train_time:40023ms step_avg:149.90ms
step:268/2110 train_time:40187ms step_avg:149.95ms
step:269/2110 train_time:40316ms step_avg:149.87ms
step:270/2110 train_time:40462ms step_avg:149.86ms
step:271/2110 train_time:40610ms step_avg:149.85ms
step:272/2110 train_time:40758ms step_avg:149.85ms
step:273/2110 train_time:40904ms step_avg:149.83ms
step:274/2110 train_time:41051ms step_avg:149.82ms
step:275/2110 train_time:41198ms step_avg:149.81ms
step:276/2110 train_time:41349ms step_avg:149.81ms
step:277/2110 train_time:41495ms step_avg:149.80ms
step:278/2110 train_time:41642ms step_avg:149.79ms
step:279/2110 train_time:41790ms step_avg:149.79ms
step:280/2110 train_time:41938ms step_avg:149.78ms
step:281/2110 train_time:42082ms step_avg:149.76ms
step:282/2110 train_time:42232ms step_avg:149.76ms
step:283/2110 train_time:42379ms step_avg:149.75ms
step:284/2110 train_time:42527ms step_avg:149.74ms
step:285/2110 train_time:42674ms step_avg:149.73ms
step:286/2110 train_time:42821ms step_avg:149.72ms
step:287/2110 train_time:42967ms step_avg:149.71ms
step:288/2110 train_time:43113ms step_avg:149.70ms
step:289/2110 train_time:43256ms step_avg:149.68ms
step:290/2110 train_time:43402ms step_avg:149.66ms
step:291/2110 train_time:43547ms step_avg:149.65ms
step:292/2110 train_time:43695ms step_avg:149.64ms
step:293/2110 train_time:43839ms step_avg:149.62ms
step:294/2110 train_time:43989ms step_avg:149.62ms
step:295/2110 train_time:44134ms step_avg:149.61ms
step:296/2110 train_time:44282ms step_avg:149.60ms
step:297/2110 train_time:44428ms step_avg:149.59ms
step:298/2110 train_time:44574ms step_avg:149.58ms
step:299/2110 train_time:44721ms step_avg:149.57ms
step:300/2110 train_time:44866ms step_avg:149.55ms
step:301/2110 train_time:45107ms step_avg:149.86ms
step:302/2110 train_time:45171ms step_avg:149.57ms
step:303/2110 train_time:45316ms step_avg:149.56ms
step:304/2110 train_time:45466ms step_avg:149.56ms
step:305/2110 train_time:45612ms step_avg:149.55ms
step:306/2110 train_time:45761ms step_avg:149.54ms
step:307/2110 train_time:45918ms step_avg:149.57ms
step:308/2110 train_time:46064ms step_avg:149.56ms
step:309/2110 train_time:46208ms step_avg:149.54ms
step:310/2110 train_time:46357ms step_avg:149.54ms
step:311/2110 train_time:46503ms step_avg:149.53ms
step:312/2110 train_time:46652ms step_avg:149.53ms
step:313/2110 train_time:46796ms step_avg:149.51ms
step:314/2110 train_time:46941ms step_avg:149.49ms
step:315/2110 train_time:47089ms step_avg:149.49ms
step:316/2110 train_time:47236ms step_avg:149.48ms
step:317/2110 train_time:47381ms step_avg:149.47ms
step:318/2110 train_time:47530ms step_avg:149.47ms
step:319/2110 train_time:47675ms step_avg:149.45ms
step:320/2110 train_time:47823ms step_avg:149.45ms
step:321/2110 train_time:47969ms step_avg:149.44ms
step:322/2110 train_time:48116ms step_avg:149.43ms
step:323/2110 train_time:48256ms step_avg:149.40ms
step:324/2110 train_time:48401ms step_avg:149.39ms
step:325/2110 train_time:48550ms step_avg:149.39ms
step:326/2110 train_time:48700ms step_avg:149.39ms
step:327/2110 train_time:48847ms step_avg:149.38ms
step:328/2110 train_time:48996ms step_avg:149.38ms
step:329/2110 train_time:49138ms step_avg:149.36ms
step:330/2110 train_time:49286ms step_avg:149.35ms
step:331/2110 train_time:49442ms step_avg:149.37ms
step:332/2110 train_time:49595ms step_avg:149.38ms
step:333/2110 train_time:49743ms step_avg:149.38ms
step:334/2110 train_time:49890ms step_avg:149.37ms
step:335/2110 train_time:50036ms step_avg:149.36ms
step:336/2110 train_time:50181ms step_avg:149.35ms
step:337/2110 train_time:50329ms step_avg:149.34ms
step:338/2110 train_time:50475ms step_avg:149.33ms
step:339/2110 train_time:50621ms step_avg:149.32ms
step:340/2110 train_time:50768ms step_avg:149.32ms
step:341/2110 train_time:50916ms step_avg:149.31ms
step:342/2110 train_time:51063ms step_avg:149.31ms
step:343/2110 train_time:51209ms step_avg:149.30ms
step:344/2110 train_time:51354ms step_avg:149.28ms
step:345/2110 train_time:51501ms step_avg:149.28ms
step:346/2110 train_time:51649ms step_avg:149.27ms
step:347/2110 train_time:51798ms step_avg:149.27ms
step:348/2110 train_time:51953ms step_avg:149.29ms
step:349/2110 train_time:52092ms step_avg:149.26ms
step:350/2110 train_time:52239ms step_avg:149.25ms
step:351/2110 train_time:52476ms step_avg:149.51ms
step:352/2110 train_time:52541ms step_avg:149.27ms
step:353/2110 train_time:52686ms step_avg:149.25ms
step:354/2110 train_time:52834ms step_avg:149.25ms
step:355/2110 train_time:52977ms step_avg:149.23ms
step:356/2110 train_time:53125ms step_avg:149.23ms
step:357/2110 train_time:53269ms step_avg:149.21ms
step:358/2110 train_time:53415ms step_avg:149.20ms
step:359/2110 train_time:53560ms step_avg:149.19ms
step:360/2110 train_time:53707ms step_avg:149.19ms
step:361/2110 train_time:53854ms step_avg:149.18ms
step:362/2110 train_time:54000ms step_avg:149.17ms
step:363/2110 train_time:54143ms step_avg:149.15ms
step:364/2110 train_time:54292ms step_avg:149.15ms
step:365/2110 train_time:54439ms step_avg:149.15ms
step:366/2110 train_time:54584ms step_avg:149.14ms
step:367/2110 train_time:54730ms step_avg:149.13ms
step:368/2110 train_time:54877ms step_avg:149.12ms
step:369/2110 train_time:55023ms step_avg:149.11ms
step:370/2110 train_time:55172ms step_avg:149.11ms
step:371/2110 train_time:55317ms step_avg:149.10ms
step:372/2110 train_time:55463ms step_avg:149.10ms
step:373/2110 train_time:55608ms step_avg:149.08ms
step:374/2110 train_time:55755ms step_avg:149.08ms
step:375/2110 train_time:55900ms step_avg:149.07ms
step:376/2110 train_time:56049ms step_avg:149.07ms
step:377/2110 train_time:56197ms step_avg:149.06ms
step:378/2110 train_time:56343ms step_avg:149.06ms
step:379/2110 train_time:56503ms step_avg:149.08ms
step:380/2110 train_time:56645ms step_avg:149.07ms
step:381/2110 train_time:56786ms step_avg:149.05ms
step:382/2110 train_time:56926ms step_avg:149.02ms
step:383/2110 train_time:57072ms step_avg:149.01ms
step:384/2110 train_time:57249ms step_avg:149.09ms
step:385/2110 train_time:57373ms step_avg:149.02ms
step:386/2110 train_time:57516ms step_avg:149.00ms
step:387/2110 train_time:57663ms step_avg:149.00ms
step:388/2110 train_time:57810ms step_avg:149.00ms
step:389/2110 train_time:57958ms step_avg:148.99ms
step:390/2110 train_time:58108ms step_avg:148.99ms
step:391/2110 train_time:58253ms step_avg:148.98ms
step:392/2110 train_time:58402ms step_avg:148.98ms
step:393/2110 train_time:58557ms step_avg:149.00ms
step:394/2110 train_time:58704ms step_avg:149.00ms
step:395/2110 train_time:58845ms step_avg:148.97ms
step:396/2110 train_time:58990ms step_avg:148.96ms
step:397/2110 train_time:59137ms step_avg:148.96ms
step:398/2110 train_time:59292ms step_avg:148.98ms
step:399/2110 train_time:59433ms step_avg:148.96ms
step:400/2110 train_time:59580ms step_avg:148.95ms
step:401/2110 train_time:59817ms step_avg:149.17ms
step:402/2110 train_time:59883ms step_avg:148.96ms
step:403/2110 train_time:60030ms step_avg:148.96ms
step:404/2110 train_time:60177ms step_avg:148.95ms
step:405/2110 train_time:60323ms step_avg:148.94ms
step:406/2110 train_time:60470ms step_avg:148.94ms
step:407/2110 train_time:60616ms step_avg:148.93ms
step:408/2110 train_time:60764ms step_avg:148.93ms
step:409/2110 train_time:60911ms step_avg:148.93ms
step:410/2110 train_time:61055ms step_avg:148.92ms
step:411/2110 train_time:61202ms step_avg:148.91ms
step:412/2110 train_time:61351ms step_avg:148.91ms
step:413/2110 train_time:61502ms step_avg:148.92ms
step:414/2110 train_time:61647ms step_avg:148.90ms
step:415/2110 train_time:61794ms step_avg:148.90ms
step:416/2110 train_time:61943ms step_avg:148.90ms
step:417/2110 train_time:62090ms step_avg:148.90ms
step:418/2110 train_time:62238ms step_avg:148.89ms
step:419/2110 train_time:62383ms step_avg:148.89ms
step:420/2110 train_time:62531ms step_avg:148.88ms
step:421/2110 train_time:62677ms step_avg:148.88ms
step:422/2110 train_time:62825ms step_avg:148.87ms
step:423/2110 train_time:62970ms step_avg:148.86ms
step:424/2110 train_time:63117ms step_avg:148.86ms
step:425/2110 train_time:63264ms step_avg:148.86ms
step:426/2110 train_time:63410ms step_avg:148.85ms
step:427/2110 train_time:63558ms step_avg:148.85ms
step:428/2110 train_time:63698ms step_avg:148.83ms
step:429/2110 train_time:63848ms step_avg:148.83ms
step:430/2110 train_time:63999ms step_avg:148.84ms
step:431/2110 train_time:64162ms step_avg:148.87ms
step:432/2110 train_time:64293ms step_avg:148.83ms
step:433/2110 train_time:64435ms step_avg:148.81ms
step:434/2110 train_time:64585ms step_avg:148.81ms
step:435/2110 train_time:64739ms step_avg:148.83ms
step:436/2110 train_time:64887ms step_avg:148.82ms
step:437/2110 train_time:65035ms step_avg:148.82ms
step:438/2110 train_time:65183ms step_avg:148.82ms
step:439/2110 train_time:65322ms step_avg:148.80ms
step:440/2110 train_time:65459ms step_avg:148.77ms
step:441/2110 train_time:65606ms step_avg:148.77ms
step:442/2110 train_time:65755ms step_avg:148.77ms
step:443/2110 train_time:65902ms step_avg:148.76ms
step:444/2110 train_time:66054ms step_avg:148.77ms
step:445/2110 train_time:66201ms step_avg:148.77ms
step:446/2110 train_time:66352ms step_avg:148.77ms
step:447/2110 train_time:66512ms step_avg:148.80ms
step:448/2110 train_time:66665ms step_avg:148.81ms
step:449/2110 train_time:66804ms step_avg:148.78ms
step:450/2110 train_time:66941ms step_avg:148.76ms
step:451/2110 train_time:67180ms step_avg:148.96ms
step:452/2110 train_time:67266ms step_avg:148.82ms
step:453/2110 train_time:67407ms step_avg:148.80ms
step:454/2110 train_time:67556ms step_avg:148.80ms
step:455/2110 train_time:67698ms step_avg:148.79ms
step:456/2110 train_time:67847ms step_avg:148.79ms
step:457/2110 train_time:67989ms step_avg:148.77ms
step:458/2110 train_time:68146ms step_avg:148.79ms
step:459/2110 train_time:68291ms step_avg:148.78ms
step:460/2110 train_time:68418ms step_avg:148.73ms
step:461/2110 train_time:68563ms step_avg:148.73ms
step:462/2110 train_time:68710ms step_avg:148.72ms
step:463/2110 train_time:68858ms step_avg:148.72ms
step:464/2110 train_time:69004ms step_avg:148.72ms
step:465/2110 train_time:69149ms step_avg:148.71ms
step:466/2110 train_time:69309ms step_avg:148.73ms
step:467/2110 train_time:69463ms step_avg:148.74ms
step:468/2110 train_time:69606ms step_avg:148.73ms
step:469/2110 train_time:69747ms step_avg:148.72ms
step:470/2110 train_time:69897ms step_avg:148.72ms
step:471/2110 train_time:70036ms step_avg:148.70ms
step:472/2110 train_time:70175ms step_avg:148.68ms
step:473/2110 train_time:70320ms step_avg:148.67ms
step:474/2110 train_time:70466ms step_avg:148.66ms
step:475/2110 train_time:70611ms step_avg:148.66ms
step:476/2110 train_time:70756ms step_avg:148.65ms
step:477/2110 train_time:70902ms step_avg:148.64ms
step:478/2110 train_time:71049ms step_avg:148.64ms
step:479/2110 train_time:71196ms step_avg:148.63ms
step:480/2110 train_time:71341ms step_avg:148.63ms
step:481/2110 train_time:71489ms step_avg:148.63ms
step:482/2110 train_time:71636ms step_avg:148.62ms
step:483/2110 train_time:71789ms step_avg:148.63ms
step:484/2110 train_time:71937ms step_avg:148.63ms
step:485/2110 train_time:72087ms step_avg:148.63ms
step:486/2110 train_time:72229ms step_avg:148.62ms
step:487/2110 train_time:72376ms step_avg:148.62ms
step:488/2110 train_time:72525ms step_avg:148.62ms
step:489/2110 train_time:72670ms step_avg:148.61ms
step:490/2110 train_time:72818ms step_avg:148.61ms
step:491/2110 train_time:72962ms step_avg:148.60ms
step:492/2110 train_time:73110ms step_avg:148.60ms
step:493/2110 train_time:73259ms step_avg:148.60ms
step:494/2110 train_time:73407ms step_avg:148.60ms
step:495/2110 train_time:73553ms step_avg:148.59ms
step:496/2110 train_time:73699ms step_avg:148.59ms
step:497/2110 train_time:73848ms step_avg:148.59ms
step:498/2110 train_time:73995ms step_avg:148.58ms
step:499/2110 train_time:74144ms step_avg:148.58ms
step:500/2110 train_time:74291ms step_avg:148.58ms
step:500/2110 val_loss:4.0032 train_time:74374ms step_avg:148.75ms
step:501/2110 train_time:74584ms step_avg:148.87ms
step:502/2110 train_time:74653ms step_avg:148.71ms
step:503/2110 train_time:74795ms step_avg:148.70ms
step:504/2110 train_time:74943ms step_avg:148.70ms
step:505/2110 train_time:75094ms step_avg:148.70ms
step:506/2110 train_time:75241ms step_avg:148.70ms
step:507/2110 train_time:75390ms step_avg:148.70ms
step:508/2110 train_time:75541ms step_avg:148.70ms
step:509/2110 train_time:75686ms step_avg:148.69ms
step:510/2110 train_time:75833ms step_avg:148.69ms
step:511/2110 train_time:75980ms step_avg:148.69ms
step:512/2110 train_time:76128ms step_avg:148.69ms
step:513/2110 train_time:76278ms step_avg:148.69ms
step:514/2110 train_time:76429ms step_avg:148.70ms
step:515/2110 train_time:76575ms step_avg:148.69ms
step:516/2110 train_time:76722ms step_avg:148.69ms
step:517/2110 train_time:76872ms step_avg:148.69ms
step:518/2110 train_time:77019ms step_avg:148.69ms
step:519/2110 train_time:77164ms step_avg:148.68ms
step:520/2110 train_time:77315ms step_avg:148.68ms
step:521/2110 train_time:77462ms step_avg:148.68ms
step:522/2110 train_time:77611ms step_avg:148.68ms
step:523/2110 train_time:77755ms step_avg:148.67ms
step:524/2110 train_time:77902ms step_avg:148.67ms
step:525/2110 train_time:78048ms step_avg:148.66ms
step:526/2110 train_time:78212ms step_avg:148.69ms
step:527/2110 train_time:78356ms step_avg:148.68ms
step:528/2110 train_time:78492ms step_avg:148.66ms
step:529/2110 train_time:78637ms step_avg:148.65ms
step:530/2110 train_time:78783ms step_avg:148.65ms
step:531/2110 train_time:78930ms step_avg:148.64ms
step:532/2110 train_time:79078ms step_avg:148.64ms
step:533/2110 train_time:79225ms step_avg:148.64ms
step:534/2110 train_time:79372ms step_avg:148.64ms
step:535/2110 train_time:79524ms step_avg:148.64ms
step:536/2110 train_time:79677ms step_avg:148.65ms
step:537/2110 train_time:79814ms step_avg:148.63ms
step:538/2110 train_time:79977ms step_avg:148.66ms
step:539/2110 train_time:80108ms step_avg:148.62ms
step:540/2110 train_time:80259ms step_avg:148.63ms
step:541/2110 train_time:80405ms step_avg:148.62ms
step:542/2110 train_time:80554ms step_avg:148.62ms
step:543/2110 train_time:80697ms step_avg:148.61ms
step:544/2110 train_time:80845ms step_avg:148.61ms
step:545/2110 train_time:80991ms step_avg:148.61ms
step:546/2110 train_time:81139ms step_avg:148.61ms
step:547/2110 train_time:81286ms step_avg:148.60ms
step:548/2110 train_time:81432ms step_avg:148.60ms
step:549/2110 train_time:81579ms step_avg:148.60ms
step:550/2110 train_time:81725ms step_avg:148.59ms
step:551/2110 train_time:81965ms step_avg:148.76ms
step:552/2110 train_time:82049ms step_avg:148.64ms
step:553/2110 train_time:82193ms step_avg:148.63ms
step:554/2110 train_time:82324ms step_avg:148.60ms
step:555/2110 train_time:82468ms step_avg:148.59ms
step:556/2110 train_time:82618ms step_avg:148.59ms
step:557/2110 train_time:82763ms step_avg:148.59ms
step:558/2110 train_time:82910ms step_avg:148.58ms
step:559/2110 train_time:83057ms step_avg:148.58ms
step:560/2110 train_time:83204ms step_avg:148.58ms
step:561/2110 train_time:83350ms step_avg:148.57ms
step:562/2110 train_time:83499ms step_avg:148.58ms
step:563/2110 train_time:83653ms step_avg:148.59ms
step:564/2110 train_time:83800ms step_avg:148.58ms
step:565/2110 train_time:83945ms step_avg:148.58ms
step:566/2110 train_time:84092ms step_avg:148.57ms
step:567/2110 train_time:84238ms step_avg:148.57ms
step:568/2110 train_time:84383ms step_avg:148.56ms
step:569/2110 train_time:84538ms step_avg:148.57ms
step:570/2110 train_time:84678ms step_avg:148.56ms
step:571/2110 train_time:84822ms step_avg:148.55ms
step:572/2110 train_time:84966ms step_avg:148.54ms
step:573/2110 train_time:85113ms step_avg:148.54ms
step:574/2110 train_time:85259ms step_avg:148.54ms
step:575/2110 train_time:85404ms step_avg:148.53ms
step:576/2110 train_time:85552ms step_avg:148.53ms
step:577/2110 train_time:85698ms step_avg:148.52ms
step:578/2110 train_time:85851ms step_avg:148.53ms
step:579/2110 train_time:85992ms step_avg:148.52ms
step:580/2110 train_time:86139ms step_avg:148.52ms
step:581/2110 train_time:86285ms step_avg:148.51ms
step:582/2110 train_time:86430ms step_avg:148.51ms
step:583/2110 train_time:86576ms step_avg:148.50ms
step:584/2110 train_time:86725ms step_avg:148.50ms
step:585/2110 train_time:86869ms step_avg:148.49ms
step:586/2110 train_time:87016ms step_avg:148.49ms
step:587/2110 train_time:87162ms step_avg:148.49ms
step:588/2110 train_time:87311ms step_avg:148.49ms
step:589/2110 train_time:87456ms step_avg:148.48ms
step:590/2110 train_time:87603ms step_avg:148.48ms
step:591/2110 train_time:87749ms step_avg:148.48ms
step:592/2110 train_time:87896ms step_avg:148.47ms
step:593/2110 train_time:88042ms step_avg:148.47ms
step:594/2110 train_time:88188ms step_avg:148.47ms
step:595/2110 train_time:88335ms step_avg:148.46ms
step:596/2110 train_time:88482ms step_avg:148.46ms
step:597/2110 train_time:88628ms step_avg:148.46ms
step:598/2110 train_time:88775ms step_avg:148.45ms
step:599/2110 train_time:88921ms step_avg:148.45ms
step:600/2110 train_time:89067ms step_avg:148.45ms
step:601/2110 train_time:89304ms step_avg:148.59ms
step:602/2110 train_time:89371ms step_avg:148.46ms
step:603/2110 train_time:89519ms step_avg:148.46ms
step:604/2110 train_time:89667ms step_avg:148.46ms
step:605/2110 train_time:89810ms step_avg:148.45ms
step:606/2110 train_time:89962ms step_avg:148.45ms
step:607/2110 train_time:90109ms step_avg:148.45ms
step:608/2110 train_time:90257ms step_avg:148.45ms
step:609/2110 train_time:90404ms step_avg:148.45ms
step:610/2110 train_time:90551ms step_avg:148.44ms
step:611/2110 train_time:90695ms step_avg:148.44ms
step:612/2110 train_time:90844ms step_avg:148.44ms
step:613/2110 train_time:90992ms step_avg:148.44ms
step:614/2110 train_time:91141ms step_avg:148.44ms
step:615/2110 train_time:91287ms step_avg:148.43ms
step:616/2110 train_time:91435ms step_avg:148.43ms
step:617/2110 train_time:91582ms step_avg:148.43ms
step:618/2110 train_time:91729ms step_avg:148.43ms
step:619/2110 train_time:91874ms step_avg:148.42ms
step:620/2110 train_time:92021ms step_avg:148.42ms
step:621/2110 train_time:92166ms step_avg:148.41ms
step:622/2110 train_time:92312ms step_avg:148.41ms
step:623/2110 train_time:92455ms step_avg:148.40ms
step:624/2110 train_time:92603ms step_avg:148.40ms
step:625/2110 train_time:92752ms step_avg:148.40ms
step:626/2110 train_time:92899ms step_avg:148.40ms
step:627/2110 train_time:93047ms step_avg:148.40ms
step:628/2110 train_time:93195ms step_avg:148.40ms
step:629/2110 train_time:93343ms step_avg:148.40ms
step:630/2110 train_time:93491ms step_avg:148.40ms
step:631/2110 train_time:93637ms step_avg:148.40ms
step:632/2110 train_time:93786ms step_avg:148.40ms
step:633/2110 train_time:93931ms step_avg:148.39ms
step:634/2110 train_time:94078ms step_avg:148.39ms
step:635/2110 train_time:94225ms step_avg:148.39ms
step:636/2110 train_time:94372ms step_avg:148.38ms
step:637/2110 train_time:94517ms step_avg:148.38ms
step:638/2110 train_time:94664ms step_avg:148.38ms
step:639/2110 train_time:94810ms step_avg:148.37ms
step:640/2110 train_time:94956ms step_avg:148.37ms
step:641/2110 train_time:95107ms step_avg:148.37ms
step:642/2110 train_time:95252ms step_avg:148.37ms
step:643/2110 train_time:95398ms step_avg:148.36ms
step:644/2110 train_time:95543ms step_avg:148.36ms
step:645/2110 train_time:95687ms step_avg:148.35ms
step:646/2110 train_time:95836ms step_avg:148.35ms
step:647/2110 train_time:95994ms step_avg:148.37ms
step:648/2110 train_time:96142ms step_avg:148.37ms
step:649/2110 train_time:96280ms step_avg:148.35ms
step:650/2110 train_time:96426ms step_avg:148.35ms
step:651/2110 train_time:96664ms step_avg:148.49ms
step:652/2110 train_time:96732ms step_avg:148.36ms
step:653/2110 train_time:96873ms step_avg:148.35ms
step:654/2110 train_time:97020ms step_avg:148.35ms
step:655/2110 train_time:97166ms step_avg:148.35ms
step:656/2110 train_time:97313ms step_avg:148.34ms
step:657/2110 train_time:97459ms step_avg:148.34ms
step:658/2110 train_time:97605ms step_avg:148.34ms
step:659/2110 train_time:97754ms step_avg:148.34ms
step:660/2110 train_time:97902ms step_avg:148.34ms
step:661/2110 train_time:98050ms step_avg:148.34ms
step:662/2110 train_time:98194ms step_avg:148.33ms
step:663/2110 train_time:98341ms step_avg:148.33ms
step:664/2110 train_time:98488ms step_avg:148.33ms
step:665/2110 train_time:98635ms step_avg:148.32ms
step:666/2110 train_time:98781ms step_avg:148.32ms
step:667/2110 train_time:98928ms step_avg:148.32ms
step:668/2110 train_time:99077ms step_avg:148.32ms
step:669/2110 train_time:99222ms step_avg:148.31ms
step:670/2110 train_time:99372ms step_avg:148.32ms
step:671/2110 train_time:99518ms step_avg:148.31ms
step:672/2110 train_time:99663ms step_avg:148.31ms
step:673/2110 train_time:99810ms step_avg:148.31ms
step:674/2110 train_time:99960ms step_avg:148.31ms
step:675/2110 train_time:100107ms step_avg:148.31ms
step:676/2110 train_time:100258ms step_avg:148.31ms
step:677/2110 train_time:100399ms step_avg:148.30ms
step:678/2110 train_time:100549ms step_avg:148.30ms
step:679/2110 train_time:100697ms step_avg:148.30ms
step:680/2110 train_time:100843ms step_avg:148.30ms
step:681/2110 train_time:100989ms step_avg:148.30ms
step:682/2110 train_time:101138ms step_avg:148.30ms
step:683/2110 train_time:101283ms step_avg:148.29ms
step:684/2110 train_time:101431ms step_avg:148.29ms
step:685/2110 train_time:101577ms step_avg:148.29ms
step:686/2110 train_time:101722ms step_avg:148.28ms
step:687/2110 train_time:101869ms step_avg:148.28ms
step:688/2110 train_time:102015ms step_avg:148.28ms
step:689/2110 train_time:102164ms step_avg:148.28ms
step:690/2110 train_time:102312ms step_avg:148.28ms
step:691/2110 train_time:102531ms step_avg:148.38ms
step:692/2110 train_time:102772ms step_avg:148.51ms
step:693/2110 train_time:103029ms step_avg:148.67ms
step:694/2110 train_time:103289ms step_avg:148.83ms
step:695/2110 train_time:103565ms step_avg:149.01ms
step:696/2110 train_time:103811ms step_avg:149.15ms
step:697/2110 train_time:104072ms step_avg:149.31ms
step:698/2110 train_time:104336ms step_avg:149.48ms
step:699/2110 train_time:104617ms step_avg:149.67ms
step:700/2110 train_time:104864ms step_avg:149.81ms
step:701/2110 train_time:105321ms step_avg:150.24ms
step:702/2110 train_time:105403ms step_avg:150.15ms
step:703/2110 train_time:105662ms step_avg:150.30ms
step:704/2110 train_time:105924ms step_avg:150.46ms
step:705/2110 train_time:106187ms step_avg:150.62ms
step:706/2110 train_time:106450ms step_avg:150.78ms
step:707/2110 train_time:106710ms step_avg:150.93ms
step:708/2110 train_time:106973ms step_avg:151.09ms
step:709/2110 train_time:107231ms step_avg:151.24ms
step:710/2110 train_time:107494ms step_avg:151.40ms
step:711/2110 train_time:107760ms step_avg:151.56ms
step:712/2110 train_time:108022ms step_avg:151.72ms
step:713/2110 train_time:108282ms step_avg:151.87ms
step:714/2110 train_time:108543ms step_avg:152.02ms
step:715/2110 train_time:108805ms step_avg:152.17ms
step:716/2110 train_time:109094ms step_avg:152.37ms
step:717/2110 train_time:109352ms step_avg:152.51ms
step:718/2110 train_time:109613ms step_avg:152.66ms
step:719/2110 train_time:109853ms step_avg:152.79ms
step:720/2110 train_time:110113ms step_avg:152.93ms
step:721/2110 train_time:110378ms step_avg:153.09ms
step:722/2110 train_time:110638ms step_avg:153.24ms
step:723/2110 train_time:110902ms step_avg:153.39ms
step:724/2110 train_time:111166ms step_avg:153.54ms
step:725/2110 train_time:111422ms step_avg:153.69ms
step:726/2110 train_time:111683ms step_avg:153.83ms
step:727/2110 train_time:111947ms step_avg:153.99ms
step:728/2110 train_time:112210ms step_avg:154.13ms
step:729/2110 train_time:112472ms step_avg:154.28ms
step:730/2110 train_time:112732ms step_avg:154.43ms
step:731/2110 train_time:113004ms step_avg:154.59ms
step:732/2110 train_time:113252ms step_avg:154.72ms
step:733/2110 train_time:113516ms step_avg:154.86ms
step:734/2110 train_time:113776ms step_avg:155.01ms
step:735/2110 train_time:114037ms step_avg:155.15ms
step:736/2110 train_time:114303ms step_avg:155.30ms
step:737/2110 train_time:114563ms step_avg:155.45ms
step:738/2110 train_time:114837ms step_avg:155.61ms
step:739/2110 train_time:115082ms step_avg:155.73ms
step:740/2110 train_time:115345ms step_avg:155.87ms
step:741/2110 train_time:115607ms step_avg:156.01ms
step:742/2110 train_time:115868ms step_avg:156.16ms
step:743/2110 train_time:116130ms step_avg:156.30ms
step:744/2110 train_time:116387ms step_avg:156.43ms
step:745/2110 train_time:116650ms step_avg:156.58ms
step:746/2110 train_time:116914ms step_avg:156.72ms
step:747/2110 train_time:117173ms step_avg:156.86ms
step:748/2110 train_time:117437ms step_avg:157.00ms
step:749/2110 train_time:117698ms step_avg:157.14ms
step:750/2110 train_time:117961ms step_avg:157.28ms
step:750/2110 val_loss:3.8415 train_time:118146ms step_avg:157.53ms
step:751/2110 train_time:118501ms step_avg:157.79ms
step:752/2110 train_time:118589ms step_avg:157.70ms
step:753/2110 train_time:118847ms step_avg:157.83ms
step:754/2110 train_time:119109ms step_avg:157.97ms
step:755/2110 train_time:119378ms step_avg:158.12ms
step:756/2110 train_time:119627ms step_avg:158.24ms
step:757/2110 train_time:119892ms step_avg:158.38ms
step:758/2110 train_time:120153ms step_avg:158.51ms
step:759/2110 train_time:120416ms step_avg:158.65ms
step:760/2110 train_time:120679ms step_avg:158.79ms
step:761/2110 train_time:120941ms step_avg:158.92ms
step:762/2110 train_time:121203ms step_avg:159.06ms
step:763/2110 train_time:121468ms step_avg:159.20ms
step:764/2110 train_time:121729ms step_avg:159.33ms
step:765/2110 train_time:121994ms step_avg:159.47ms
step:766/2110 train_time:122251ms step_avg:159.60ms
step:767/2110 train_time:122519ms step_avg:159.74ms
step:768/2110 train_time:122782ms step_avg:159.87ms
step:769/2110 train_time:123043ms step_avg:160.00ms
step:770/2110 train_time:123306ms step_avg:160.14ms
step:771/2110 train_time:123582ms step_avg:160.29ms
step:772/2110 train_time:123828ms step_avg:160.40ms
step:773/2110 train_time:124088ms step_avg:160.53ms
step:774/2110 train_time:124350ms step_avg:160.66ms
step:775/2110 train_time:124617ms step_avg:160.80ms
step:776/2110 train_time:124878ms step_avg:160.93ms
step:777/2110 train_time:125138ms step_avg:161.05ms
step:778/2110 train_time:125403ms step_avg:161.19ms
step:779/2110 train_time:125666ms step_avg:161.32ms
step:780/2110 train_time:125933ms step_avg:161.45ms
step:781/2110 train_time:126188ms step_avg:161.57ms
step:782/2110 train_time:126456ms step_avg:161.71ms
step:783/2110 train_time:126713ms step_avg:161.83ms
step:784/2110 train_time:126977ms step_avg:161.96ms
step:785/2110 train_time:127241ms step_avg:162.09ms
step:786/2110 train_time:127501ms step_avg:162.21ms
step:787/2110 train_time:127759ms step_avg:162.34ms
step:788/2110 train_time:128023ms step_avg:162.47ms
step:789/2110 train_time:128284ms step_avg:162.59ms
step:790/2110 train_time:128546ms step_avg:162.72ms
step:791/2110 train_time:128807ms step_avg:162.84ms
step:792/2110 train_time:129070ms step_avg:162.97ms
step:793/2110 train_time:129330ms step_avg:163.09ms
step:794/2110 train_time:129592ms step_avg:163.21ms
step:795/2110 train_time:129855ms step_avg:163.34ms
step:796/2110 train_time:130116ms step_avg:163.46ms
step:797/2110 train_time:130382ms step_avg:163.59ms
step:798/2110 train_time:130645ms step_avg:163.72ms
step:799/2110 train_time:130910ms step_avg:163.84ms
step:800/2110 train_time:131175ms step_avg:163.97ms
step:801/2110 train_time:131628ms step_avg:164.33ms
step:802/2110 train_time:131712ms step_avg:164.23ms
step:803/2110 train_time:131973ms step_avg:164.35ms
step:804/2110 train_time:132232ms step_avg:164.47ms
step:805/2110 train_time:132494ms step_avg:164.59ms
step:806/2110 train_time:132758ms step_avg:164.71ms
step:807/2110 train_time:133020ms step_avg:164.83ms
step:808/2110 train_time:133284ms step_avg:164.96ms
step:809/2110 train_time:133545ms step_avg:165.07ms
step:810/2110 train_time:133810ms step_avg:165.20ms
step:811/2110 train_time:134071ms step_avg:165.32ms
step:812/2110 train_time:134334ms step_avg:165.44ms
step:813/2110 train_time:134598ms step_avg:165.56ms
step:814/2110 train_time:134859ms step_avg:165.67ms
step:815/2110 train_time:135120ms step_avg:165.79ms
step:816/2110 train_time:135382ms step_avg:165.91ms
step:817/2110 train_time:135643ms step_avg:166.03ms
step:818/2110 train_time:135908ms step_avg:166.15ms
step:819/2110 train_time:136171ms step_avg:166.26ms
step:820/2110 train_time:136438ms step_avg:166.39ms
step:821/2110 train_time:136702ms step_avg:166.51ms
step:822/2110 train_time:136960ms step_avg:166.62ms
step:823/2110 train_time:137225ms step_avg:166.74ms
step:824/2110 train_time:137486ms step_avg:166.85ms
step:825/2110 train_time:137748ms step_avg:166.97ms
step:826/2110 train_time:138005ms step_avg:167.08ms
step:827/2110 train_time:138269ms step_avg:167.19ms
step:828/2110 train_time:138536ms step_avg:167.31ms
step:829/2110 train_time:138796ms step_avg:167.43ms
step:830/2110 train_time:139058ms step_avg:167.54ms
step:831/2110 train_time:139317ms step_avg:167.65ms
step:832/2110 train_time:139581ms step_avg:167.77ms
step:833/2110 train_time:139843ms step_avg:167.88ms
step:834/2110 train_time:140103ms step_avg:167.99ms
step:835/2110 train_time:140366ms step_avg:168.10ms
step:836/2110 train_time:140625ms step_avg:168.21ms
step:837/2110 train_time:140887ms step_avg:168.32ms
step:838/2110 train_time:141149ms step_avg:168.44ms
step:839/2110 train_time:141408ms step_avg:168.54ms
step:840/2110 train_time:141671ms step_avg:168.66ms
step:841/2110 train_time:141933ms step_avg:168.77ms
step:842/2110 train_time:142191ms step_avg:168.87ms
step:843/2110 train_time:142452ms step_avg:168.98ms
step:844/2110 train_time:142717ms step_avg:169.10ms
step:845/2110 train_time:142979ms step_avg:169.21ms
step:846/2110 train_time:143244ms step_avg:169.32ms
step:847/2110 train_time:143509ms step_avg:169.43ms
step:848/2110 train_time:143770ms step_avg:169.54ms
step:849/2110 train_time:144030ms step_avg:169.65ms
step:850/2110 train_time:144290ms step_avg:169.75ms
step:851/2110 train_time:144746ms step_avg:170.09ms
step:852/2110 train_time:144826ms step_avg:169.98ms
step:853/2110 train_time:145086ms step_avg:170.09ms
step:854/2110 train_time:145349ms step_avg:170.20ms
step:855/2110 train_time:145610ms step_avg:170.30ms
step:856/2110 train_time:145874ms step_avg:170.41ms
step:857/2110 train_time:146135ms step_avg:170.52ms
step:858/2110 train_time:146402ms step_avg:170.63ms
step:859/2110 train_time:146662ms step_avg:170.74ms
step:860/2110 train_time:146924ms step_avg:170.84ms
step:861/2110 train_time:147186ms step_avg:170.95ms
step:862/2110 train_time:147448ms step_avg:171.05ms
step:863/2110 train_time:147708ms step_avg:171.16ms
step:864/2110 train_time:147968ms step_avg:171.26ms
step:865/2110 train_time:148229ms step_avg:171.36ms
step:866/2110 train_time:148487ms step_avg:171.46ms
step:867/2110 train_time:148750ms step_avg:171.57ms
step:868/2110 train_time:149012ms step_avg:171.67ms
step:869/2110 train_time:149272ms step_avg:171.77ms
step:870/2110 train_time:149536ms step_avg:171.88ms
step:871/2110 train_time:149798ms step_avg:171.98ms
step:872/2110 train_time:150060ms step_avg:172.09ms
step:873/2110 train_time:150323ms step_avg:172.19ms
step:874/2110 train_time:150585ms step_avg:172.29ms
step:875/2110 train_time:150846ms step_avg:172.40ms
step:876/2110 train_time:151111ms step_avg:172.50ms
step:877/2110 train_time:151370ms step_avg:172.60ms
step:878/2110 train_time:151633ms step_avg:172.70ms
step:879/2110 train_time:151893ms step_avg:172.80ms
step:880/2110 train_time:152158ms step_avg:172.91ms
step:881/2110 train_time:152417ms step_avg:173.01ms
step:882/2110 train_time:152681ms step_avg:173.11ms
step:883/2110 train_time:152947ms step_avg:173.21ms
step:884/2110 train_time:153208ms step_avg:173.31ms
step:885/2110 train_time:153469ms step_avg:173.41ms
step:886/2110 train_time:153733ms step_avg:173.51ms
step:887/2110 train_time:153994ms step_avg:173.61ms
step:888/2110 train_time:154255ms step_avg:173.71ms
step:889/2110 train_time:154518ms step_avg:173.81ms
step:890/2110 train_time:154778ms step_avg:173.91ms
step:891/2110 train_time:155043ms step_avg:174.01ms
step:892/2110 train_time:155304ms step_avg:174.11ms
step:893/2110 train_time:155566ms step_avg:174.21ms
step:894/2110 train_time:155827ms step_avg:174.30ms
step:895/2110 train_time:156088ms step_avg:174.40ms
step:896/2110 train_time:156352ms step_avg:174.50ms
step:897/2110 train_time:156619ms step_avg:174.60ms
step:898/2110 train_time:156883ms step_avg:174.70ms
step:899/2110 train_time:157148ms step_avg:174.80ms
step:900/2110 train_time:157399ms step_avg:174.89ms
step:901/2110 train_time:157853ms step_avg:175.20ms
step:902/2110 train_time:157935ms step_avg:175.09ms
step:903/2110 train_time:158197ms step_avg:175.19ms
step:904/2110 train_time:158463ms step_avg:175.29ms
step:905/2110 train_time:158722ms step_avg:175.38ms
step:906/2110 train_time:158987ms step_avg:175.48ms
step:907/2110 train_time:159248ms step_avg:175.58ms
step:908/2110 train_time:159513ms step_avg:175.68ms
step:909/2110 train_time:159772ms step_avg:175.77ms
step:910/2110 train_time:160036ms step_avg:175.86ms
step:911/2110 train_time:160298ms step_avg:175.96ms
step:912/2110 train_time:160565ms step_avg:176.06ms
step:913/2110 train_time:160825ms step_avg:176.15ms
step:914/2110 train_time:161088ms step_avg:176.24ms
step:915/2110 train_time:161353ms step_avg:176.34ms
step:916/2110 train_time:161616ms step_avg:176.44ms
step:917/2110 train_time:161877ms step_avg:176.53ms
step:918/2110 train_time:162137ms step_avg:176.62ms
step:919/2110 train_time:162402ms step_avg:176.72ms
step:920/2110 train_time:162664ms step_avg:176.81ms
step:921/2110 train_time:162927ms step_avg:176.90ms
step:922/2110 train_time:163185ms step_avg:176.99ms
step:923/2110 train_time:163444ms step_avg:177.08ms
step:924/2110 train_time:163708ms step_avg:177.17ms
step:925/2110 train_time:163984ms step_avg:177.28ms
step:926/2110 train_time:164254ms step_avg:177.38ms
step:927/2110 train_time:164511ms step_avg:177.47ms
step:928/2110 train_time:164778ms step_avg:177.56ms
step:929/2110 train_time:165035ms step_avg:177.65ms
step:930/2110 train_time:165298ms step_avg:177.74ms
step:931/2110 train_time:165555ms step_avg:177.82ms
step:932/2110 train_time:165810ms step_avg:177.91ms
step:933/2110 train_time:166070ms step_avg:178.00ms
step:934/2110 train_time:166333ms step_avg:178.09ms
step:935/2110 train_time:166596ms step_avg:178.18ms
step:936/2110 train_time:166859ms step_avg:178.27ms
step:937/2110 train_time:167122ms step_avg:178.36ms
step:938/2110 train_time:167383ms step_avg:178.45ms
step:939/2110 train_time:167646ms step_avg:178.54ms
step:940/2110 train_time:167927ms step_avg:178.65ms
step:941/2110 train_time:168176ms step_avg:178.72ms
step:942/2110 train_time:168433ms step_avg:178.80ms
step:943/2110 train_time:168694ms step_avg:178.89ms
step:944/2110 train_time:168954ms step_avg:178.98ms
step:945/2110 train_time:169220ms step_avg:179.07ms
step:946/2110 train_time:169480ms step_avg:179.15ms
step:947/2110 train_time:169736ms step_avg:179.24ms
step:948/2110 train_time:169998ms step_avg:179.32ms
step:949/2110 train_time:170259ms step_avg:179.41ms
step:950/2110 train_time:170521ms step_avg:179.50ms
step:951/2110 train_time:170976ms step_avg:179.79ms
step:952/2110 train_time:171059ms step_avg:179.68ms
step:953/2110 train_time:171320ms step_avg:179.77ms
step:954/2110 train_time:171587ms step_avg:179.86ms
step:955/2110 train_time:171846ms step_avg:179.94ms
step:956/2110 train_time:172109ms step_avg:180.03ms
step:957/2110 train_time:172371ms step_avg:180.12ms
step:958/2110 train_time:172630ms step_avg:180.20ms
step:959/2110 train_time:172893ms step_avg:180.28ms
step:960/2110 train_time:173155ms step_avg:180.37ms
step:961/2110 train_time:173427ms step_avg:180.46ms
step:962/2110 train_time:173676ms step_avg:180.54ms
step:963/2110 train_time:173936ms step_avg:180.62ms
step:964/2110 train_time:174200ms step_avg:180.71ms
step:965/2110 train_time:174463ms step_avg:180.79ms
step:966/2110 train_time:174723ms step_avg:180.87ms
step:967/2110 train_time:174985ms step_avg:180.96ms
step:968/2110 train_time:175249ms step_avg:181.04ms
step:969/2110 train_time:175508ms step_avg:181.12ms
step:970/2110 train_time:175772ms step_avg:181.21ms
step:971/2110 train_time:176041ms step_avg:181.30ms
step:972/2110 train_time:176300ms step_avg:181.38ms
step:973/2110 train_time:176564ms step_avg:181.46ms
step:974/2110 train_time:176836ms step_avg:181.56ms
step:975/2110 train_time:177099ms step_avg:181.64ms
step:976/2110 train_time:177352ms step_avg:181.71ms
step:977/2110 train_time:177611ms step_avg:181.79ms
step:978/2110 train_time:177873ms step_avg:181.87ms
step:979/2110 train_time:178137ms step_avg:181.96ms
step:980/2110 train_time:178399ms step_avg:182.04ms
step:981/2110 train_time:178662ms step_avg:182.12ms
step:982/2110 train_time:178924ms step_avg:182.20ms
step:983/2110 train_time:179188ms step_avg:182.29ms
step:984/2110 train_time:179451ms step_avg:182.37ms
step:985/2110 train_time:179712ms step_avg:182.45ms
step:986/2110 train_time:179976ms step_avg:182.53ms
step:987/2110 train_time:180239ms step_avg:182.61ms
step:988/2110 train_time:180502ms step_avg:182.69ms
step:989/2110 train_time:180763ms step_avg:182.77ms
step:990/2110 train_time:181029ms step_avg:182.86ms
step:991/2110 train_time:181289ms step_avg:182.94ms
step:992/2110 train_time:181553ms step_avg:183.02ms
step:993/2110 train_time:181815ms step_avg:183.10ms
step:994/2110 train_time:182079ms step_avg:183.18ms
step:995/2110 train_time:182342ms step_avg:183.26ms
step:996/2110 train_time:182608ms step_avg:183.34ms
step:997/2110 train_time:182871ms step_avg:183.42ms
step:998/2110 train_time:183133ms step_avg:183.50ms
step:999/2110 train_time:183400ms step_avg:183.58ms
step:1000/2110 train_time:183663ms step_avg:183.66ms
step:1000/2110 val_loss:3.6933 train_time:183847ms step_avg:183.85ms
step:1001/2110 train_time:184201ms step_avg:184.02ms
step:1002/2110 train_time:184287ms step_avg:183.92ms
step:1003/2110 train_time:184548ms step_avg:184.00ms
step:1004/2110 train_time:184811ms step_avg:184.07ms
step:1005/2110 train_time:185075ms step_avg:184.15ms
step:1006/2110 train_time:185336ms step_avg:184.23ms
step:1007/2110 train_time:185601ms step_avg:184.31ms
step:1008/2110 train_time:185866ms step_avg:184.39ms
step:1009/2110 train_time:186127ms step_avg:184.47ms
step:1010/2110 train_time:186390ms step_avg:184.54ms
step:1011/2110 train_time:186655ms step_avg:184.62ms
step:1012/2110 train_time:186921ms step_avg:184.70ms
step:1013/2110 train_time:187185ms step_avg:184.78ms
step:1014/2110 train_time:187450ms step_avg:184.86ms
step:1015/2110 train_time:187714ms step_avg:184.94ms
step:1016/2110 train_time:187977ms step_avg:185.02ms
step:1017/2110 train_time:188240ms step_avg:185.09ms
step:1018/2110 train_time:188504ms step_avg:185.17ms
step:1019/2110 train_time:188767ms step_avg:185.25ms
step:1020/2110 train_time:189034ms step_avg:185.33ms
step:1021/2110 train_time:189296ms step_avg:185.40ms
step:1022/2110 train_time:189563ms step_avg:185.48ms
step:1023/2110 train_time:189830ms step_avg:185.56ms
step:1024/2110 train_time:190091ms step_avg:185.64ms
step:1025/2110 train_time:190356ms step_avg:185.71ms
step:1026/2110 train_time:190622ms step_avg:185.79ms
step:1027/2110 train_time:190887ms step_avg:185.87ms
step:1028/2110 train_time:191153ms step_avg:185.95ms
step:1029/2110 train_time:191417ms step_avg:186.02ms
step:1030/2110 train_time:191685ms step_avg:186.10ms
step:1031/2110 train_time:191949ms step_avg:186.18ms
step:1032/2110 train_time:192216ms step_avg:186.26ms
step:1033/2110 train_time:192478ms step_avg:186.33ms
step:1034/2110 train_time:192745ms step_avg:186.41ms
step:1035/2110 train_time:193012ms step_avg:186.48ms
step:1036/2110 train_time:193276ms step_avg:186.56ms
step:1037/2110 train_time:193538ms step_avg:186.63ms
step:1038/2110 train_time:193804ms step_avg:186.71ms
step:1039/2110 train_time:194068ms step_avg:186.78ms
step:1040/2110 train_time:194333ms step_avg:186.86ms
step:1041/2110 train_time:194599ms step_avg:186.93ms
step:1042/2110 train_time:194860ms step_avg:187.01ms
step:1043/2110 train_time:195124ms step_avg:187.08ms
step:1044/2110 train_time:195389ms step_avg:187.15ms
step:1045/2110 train_time:195654ms step_avg:187.23ms
step:1046/2110 train_time:195917ms step_avg:187.30ms
step:1047/2110 train_time:196184ms step_avg:187.38ms
step:1048/2110 train_time:196448ms step_avg:187.45ms
step:1049/2110 train_time:196716ms step_avg:187.53ms
step:1050/2110 train_time:196980ms step_avg:187.60ms
step:1051/2110 train_time:197434ms step_avg:187.85ms
step:1052/2110 train_time:197520ms step_avg:187.76ms
step:1053/2110 train_time:197787ms step_avg:187.83ms
step:1054/2110 train_time:198043ms step_avg:187.90ms
step:1055/2110 train_time:198316ms step_avg:187.98ms
step:1056/2110 train_time:198578ms step_avg:188.05ms
step:1057/2110 train_time:198844ms step_avg:188.12ms
step:1058/2110 train_time:199107ms step_avg:188.19ms
step:1059/2110 train_time:199374ms step_avg:188.27ms
step:1060/2110 train_time:199637ms step_avg:188.34ms
step:1061/2110 train_time:199905ms step_avg:188.41ms
step:1062/2110 train_time:200169ms step_avg:188.48ms
step:1063/2110 train_time:200453ms step_avg:188.57ms
step:1064/2110 train_time:200720ms step_avg:188.65ms
step:1065/2110 train_time:200980ms step_avg:188.71ms
step:1066/2110 train_time:201247ms step_avg:188.79ms
step:1067/2110 train_time:201512ms step_avg:188.86ms
step:1068/2110 train_time:201773ms step_avg:188.93ms
step:1069/2110 train_time:202031ms step_avg:188.99ms
step:1070/2110 train_time:202280ms step_avg:189.05ms
step:1071/2110 train_time:202543ms step_avg:189.12ms
step:1072/2110 train_time:202817ms step_avg:189.19ms
step:1073/2110 train_time:203083ms step_avg:189.27ms
step:1074/2110 train_time:203347ms step_avg:189.34ms
step:1075/2110 train_time:203615ms step_avg:189.41ms
step:1076/2110 train_time:203875ms step_avg:189.47ms
step:1077/2110 train_time:204140ms step_avg:189.54ms
step:1078/2110 train_time:204403ms step_avg:189.61ms
step:1079/2110 train_time:204663ms step_avg:189.68ms
step:1080/2110 train_time:204928ms step_avg:189.75ms
step:1081/2110 train_time:205193ms step_avg:189.82ms
step:1082/2110 train_time:205467ms step_avg:189.90ms
step:1083/2110 train_time:205725ms step_avg:189.96ms
step:1084/2110 train_time:205992ms step_avg:190.03ms
step:1085/2110 train_time:206254ms step_avg:190.10ms
step:1086/2110 train_time:206517ms step_avg:190.16ms
step:1087/2110 train_time:206779ms step_avg:190.23ms
step:1088/2110 train_time:207041ms step_avg:190.29ms
step:1089/2110 train_time:207305ms step_avg:190.36ms
step:1090/2110 train_time:207570ms step_avg:190.43ms
step:1091/2110 train_time:207835ms step_avg:190.50ms
step:1092/2110 train_time:208099ms step_avg:190.57ms
step:1093/2110 train_time:208367ms step_avg:190.64ms
step:1094/2110 train_time:208633ms step_avg:190.71ms
step:1095/2110 train_time:208898ms step_avg:190.77ms
step:1096/2110 train_time:209159ms step_avg:190.84ms
step:1097/2110 train_time:209425ms step_avg:190.91ms
step:1098/2110 train_time:209686ms step_avg:190.97ms
step:1099/2110 train_time:209950ms step_avg:191.04ms
step:1100/2110 train_time:210217ms step_avg:191.11ms
step:1101/2110 train_time:210674ms step_avg:191.35ms
step:1102/2110 train_time:210762ms step_avg:191.25ms
step:1103/2110 train_time:211023ms step_avg:191.32ms
step:1104/2110 train_time:211290ms step_avg:191.39ms
step:1105/2110 train_time:211548ms step_avg:191.45ms
step:1106/2110 train_time:211809ms step_avg:191.51ms
step:1107/2110 train_time:212073ms step_avg:191.57ms
step:1108/2110 train_time:212336ms step_avg:191.64ms
step:1109/2110 train_time:212599ms step_avg:191.70ms
step:1110/2110 train_time:212864ms step_avg:191.77ms
step:1111/2110 train_time:213122ms step_avg:191.83ms
step:1112/2110 train_time:213387ms step_avg:191.89ms
step:1113/2110 train_time:213655ms step_avg:191.96ms
step:1114/2110 train_time:213921ms step_avg:192.03ms
step:1115/2110 train_time:214185ms step_avg:192.09ms
step:1116/2110 train_time:214447ms step_avg:192.16ms
step:1117/2110 train_time:214710ms step_avg:192.22ms
step:1118/2110 train_time:214974ms step_avg:192.28ms
step:1119/2110 train_time:215237ms step_avg:192.35ms
step:1120/2110 train_time:215504ms step_avg:192.41ms
step:1121/2110 train_time:215767ms step_avg:192.48ms
step:1122/2110 train_time:216034ms step_avg:192.54ms
step:1123/2110 train_time:216294ms step_avg:192.60ms
step:1124/2110 train_time:216558ms step_avg:192.67ms
step:1125/2110 train_time:216822ms step_avg:192.73ms
step:1126/2110 train_time:217087ms step_avg:192.79ms
step:1127/2110 train_time:217352ms step_avg:192.86ms
step:1128/2110 train_time:217617ms step_avg:192.92ms
step:1129/2110 train_time:217880ms step_avg:192.98ms
step:1130/2110 train_time:218143ms step_avg:193.05ms
step:1131/2110 train_time:218409ms step_avg:193.11ms
step:1132/2110 train_time:218677ms step_avg:193.18ms
step:1133/2110 train_time:218942ms step_avg:193.24ms
step:1134/2110 train_time:219205ms step_avg:193.30ms
step:1135/2110 train_time:219471ms step_avg:193.37ms
step:1136/2110 train_time:219734ms step_avg:193.43ms
step:1137/2110 train_time:219997ms step_avg:193.49ms
step:1138/2110 train_time:220264ms step_avg:193.55ms
step:1139/2110 train_time:220527ms step_avg:193.61ms
step:1140/2110 train_time:220795ms step_avg:193.68ms
step:1141/2110 train_time:221059ms step_avg:193.74ms
step:1142/2110 train_time:221324ms step_avg:193.80ms
step:1143/2110 train_time:221583ms step_avg:193.86ms
step:1144/2110 train_time:221850ms step_avg:193.92ms
step:1145/2110 train_time:222111ms step_avg:193.98ms
step:1146/2110 train_time:222378ms step_avg:194.05ms
step:1147/2110 train_time:222641ms step_avg:194.11ms
step:1148/2110 train_time:222905ms step_avg:194.17ms
step:1149/2110 train_time:223171ms step_avg:194.23ms
step:1150/2110 train_time:223445ms step_avg:194.30ms
step:1151/2110 train_time:223894ms step_avg:194.52ms
step:1152/2110 train_time:223979ms step_avg:194.43ms
step:1153/2110 train_time:224241ms step_avg:194.49ms
step:1154/2110 train_time:224503ms step_avg:194.54ms
step:1155/2110 train_time:224764ms step_avg:194.60ms
step:1156/2110 train_time:225030ms step_avg:194.66ms
step:1157/2110 train_time:225294ms step_avg:194.72ms
step:1158/2110 train_time:225562ms step_avg:194.79ms
step:1159/2110 train_time:225828ms step_avg:194.85ms
step:1160/2110 train_time:226094ms step_avg:194.91ms
step:1161/2110 train_time:226353ms step_avg:194.96ms
step:1162/2110 train_time:226622ms step_avg:195.03ms
step:1163/2110 train_time:226887ms step_avg:195.09ms
step:1164/2110 train_time:227149ms step_avg:195.15ms
step:1165/2110 train_time:227416ms step_avg:195.21ms
step:1166/2110 train_time:227687ms step_avg:195.27ms
step:1167/2110 train_time:227946ms step_avg:195.33ms
step:1168/2110 train_time:228210ms step_avg:195.39ms
step:1169/2110 train_time:228473ms step_avg:195.44ms
step:1170/2110 train_time:228736ms step_avg:195.50ms
step:1171/2110 train_time:229006ms step_avg:195.56ms
step:1172/2110 train_time:229272ms step_avg:195.62ms
step:1173/2110 train_time:229534ms step_avg:195.68ms
step:1174/2110 train_time:229802ms step_avg:195.74ms
step:1175/2110 train_time:230071ms step_avg:195.80ms
step:1176/2110 train_time:230335ms step_avg:195.86ms
step:1177/2110 train_time:230601ms step_avg:195.92ms
step:1178/2110 train_time:230866ms step_avg:195.98ms
step:1179/2110 train_time:231129ms step_avg:196.04ms
step:1180/2110 train_time:231395ms step_avg:196.10ms
step:1181/2110 train_time:231661ms step_avg:196.16ms
step:1182/2110 train_time:231925ms step_avg:196.21ms
step:1183/2110 train_time:232190ms step_avg:196.27ms
step:1184/2110 train_time:232454ms step_avg:196.33ms
step:1185/2110 train_time:232716ms step_avg:196.38ms
step:1186/2110 train_time:232985ms step_avg:196.45ms
step:1187/2110 train_time:233245ms step_avg:196.50ms
step:1188/2110 train_time:233510ms step_avg:196.56ms
step:1189/2110 train_time:233776ms step_avg:196.62ms
step:1190/2110 train_time:234045ms step_avg:196.68ms
step:1191/2110 train_time:234310ms step_avg:196.73ms
step:1192/2110 train_time:234577ms step_avg:196.79ms
step:1193/2110 train_time:234845ms step_avg:196.85ms
step:1194/2110 train_time:235107ms step_avg:196.91ms
step:1195/2110 train_time:235375ms step_avg:196.97ms
step:1196/2110 train_time:235641ms step_avg:197.02ms
step:1197/2110 train_time:235909ms step_avg:197.08ms
step:1198/2110 train_time:236168ms step_avg:197.14ms
step:1199/2110 train_time:236432ms step_avg:197.19ms
step:1200/2110 train_time:236697ms step_avg:197.25ms
step:1201/2110 train_time:237154ms step_avg:197.46ms
step:1202/2110 train_time:237239ms step_avg:197.37ms
step:1203/2110 train_time:237506ms step_avg:197.43ms
step:1204/2110 train_time:237772ms step_avg:197.48ms
step:1205/2110 train_time:238035ms step_avg:197.54ms
step:1206/2110 train_time:238299ms step_avg:197.59ms
step:1207/2110 train_time:238568ms step_avg:197.65ms
step:1208/2110 train_time:238833ms step_avg:197.71ms
step:1209/2110 train_time:239095ms step_avg:197.76ms
step:1210/2110 train_time:239357ms step_avg:197.82ms
step:1211/2110 train_time:239622ms step_avg:197.87ms
step:1212/2110 train_time:239886ms step_avg:197.93ms
step:1213/2110 train_time:240150ms step_avg:197.98ms
step:1214/2110 train_time:240418ms step_avg:198.04ms
step:1215/2110 train_time:240683ms step_avg:198.09ms
step:1216/2110 train_time:240949ms step_avg:198.15ms
step:1217/2110 train_time:241216ms step_avg:198.21ms
step:1218/2110 train_time:241479ms step_avg:198.26ms
step:1219/2110 train_time:241741ms step_avg:198.31ms
step:1220/2110 train_time:242005ms step_avg:198.37ms
step:1221/2110 train_time:242270ms step_avg:198.42ms
step:1222/2110 train_time:242533ms step_avg:198.47ms
step:1223/2110 train_time:242802ms step_avg:198.53ms
step:1224/2110 train_time:243069ms step_avg:198.59ms
step:1225/2110 train_time:243331ms step_avg:198.64ms
step:1226/2110 train_time:243595ms step_avg:198.69ms
step:1227/2110 train_time:243855ms step_avg:198.74ms
step:1228/2110 train_time:244120ms step_avg:198.80ms
step:1229/2110 train_time:244388ms step_avg:198.85ms
step:1230/2110 train_time:244653ms step_avg:198.91ms
step:1231/2110 train_time:244914ms step_avg:198.96ms
step:1232/2110 train_time:245180ms step_avg:199.01ms
step:1233/2110 train_time:245445ms step_avg:199.06ms
step:1234/2110 train_time:245709ms step_avg:199.12ms
step:1235/2110 train_time:245973ms step_avg:199.17ms
step:1236/2110 train_time:246240ms step_avg:199.22ms
step:1237/2110 train_time:246504ms step_avg:199.28ms
step:1238/2110 train_time:246768ms step_avg:199.33ms
step:1239/2110 train_time:247034ms step_avg:199.38ms
step:1240/2110 train_time:247299ms step_avg:199.43ms
step:1241/2110 train_time:247565ms step_avg:199.49ms
step:1242/2110 train_time:247835ms step_avg:199.54ms
step:1243/2110 train_time:248099ms step_avg:199.60ms
step:1244/2110 train_time:248365ms step_avg:199.65ms
step:1245/2110 train_time:248624ms step_avg:199.70ms
step:1246/2110 train_time:248887ms step_avg:199.75ms
step:1247/2110 train_time:249153ms step_avg:199.80ms
step:1248/2110 train_time:249416ms step_avg:199.85ms
step:1249/2110 train_time:249683ms step_avg:199.91ms
step:1250/2110 train_time:249946ms step_avg:199.96ms
step:1250/2110 val_loss:3.5769 train_time:250127ms step_avg:200.10ms
step:1251/2110 train_time:250485ms step_avg:200.23ms
step:1252/2110 train_time:250589ms step_avg:200.15ms
step:1253/2110 train_time:250841ms step_avg:200.19ms
step:1254/2110 train_time:251111ms step_avg:200.25ms
step:1255/2110 train_time:251376ms step_avg:200.30ms
step:1256/2110 train_time:251630ms step_avg:200.34ms
step:1257/2110 train_time:251891ms step_avg:200.39ms
step:1258/2110 train_time:252151ms step_avg:200.44ms
step:1259/2110 train_time:252415ms step_avg:200.49ms
step:1260/2110 train_time:252676ms step_avg:200.54ms
step:1261/2110 train_time:252946ms step_avg:200.59ms
step:1262/2110 train_time:253210ms step_avg:200.64ms
step:1263/2110 train_time:253475ms step_avg:200.69ms
step:1264/2110 train_time:253741ms step_avg:200.74ms
step:1265/2110 train_time:254002ms step_avg:200.79ms
step:1266/2110 train_time:254270ms step_avg:200.84ms
step:1267/2110 train_time:254532ms step_avg:200.89ms
step:1268/2110 train_time:254797ms step_avg:200.94ms
step:1269/2110 train_time:255062ms step_avg:200.99ms
step:1270/2110 train_time:255329ms step_avg:201.05ms
step:1271/2110 train_time:255598ms step_avg:201.10ms
step:1272/2110 train_time:255862ms step_avg:201.15ms
step:1273/2110 train_time:256128ms step_avg:201.20ms
step:1274/2110 train_time:256407ms step_avg:201.26ms
step:1275/2110 train_time:256672ms step_avg:201.31ms
step:1276/2110 train_time:256931ms step_avg:201.36ms
step:1277/2110 train_time:257196ms step_avg:201.41ms
step:1278/2110 train_time:257463ms step_avg:201.46ms
step:1279/2110 train_time:257733ms step_avg:201.51ms
step:1280/2110 train_time:257994ms step_avg:201.56ms
step:1281/2110 train_time:258255ms step_avg:201.60ms
step:1282/2110 train_time:258524ms step_avg:201.66ms
step:1283/2110 train_time:258786ms step_avg:201.70ms
step:1284/2110 train_time:259055ms step_avg:201.76ms
step:1285/2110 train_time:259320ms step_avg:201.81ms
step:1286/2110 train_time:259584ms step_avg:201.85ms
step:1287/2110 train_time:259850ms step_avg:201.90ms
step:1288/2110 train_time:260115ms step_avg:201.95ms
step:1289/2110 train_time:260376ms step_avg:202.00ms
step:1290/2110 train_time:260645ms step_avg:202.05ms
step:1291/2110 train_time:260908ms step_avg:202.10ms
step:1292/2110 train_time:261173ms step_avg:202.15ms
step:1293/2110 train_time:261437ms step_avg:202.19ms
step:1294/2110 train_time:261703ms step_avg:202.24ms
step:1295/2110 train_time:261967ms step_avg:202.29ms
step:1296/2110 train_time:262232ms step_avg:202.34ms
step:1297/2110 train_time:262496ms step_avg:202.39ms
step:1298/2110 train_time:262761ms step_avg:202.44ms
step:1299/2110 train_time:263025ms step_avg:202.48ms
step:1300/2110 train_time:263291ms step_avg:202.53ms
step:1301/2110 train_time:263746ms step_avg:202.73ms
step:1302/2110 train_time:263835ms step_avg:202.64ms
step:1303/2110 train_time:264096ms step_avg:202.68ms
step:1304/2110 train_time:264362ms step_avg:202.73ms
step:1305/2110 train_time:264634ms step_avg:202.78ms
step:1306/2110 train_time:264902ms step_avg:202.83ms
step:1307/2110 train_time:265164ms step_avg:202.88ms
step:1308/2110 train_time:265428ms step_avg:202.93ms
step:1309/2110 train_time:265692ms step_avg:202.97ms
step:1310/2110 train_time:265958ms step_avg:203.02ms
step:1311/2110 train_time:266219ms step_avg:203.07ms
step:1312/2110 train_time:266480ms step_avg:203.11ms
step:1313/2110 train_time:266742ms step_avg:203.15ms
step:1314/2110 train_time:267008ms step_avg:203.20ms
step:1315/2110 train_time:267272ms step_avg:203.25ms
step:1316/2110 train_time:267536ms step_avg:203.29ms
step:1317/2110 train_time:267799ms step_avg:203.34ms
step:1318/2110 train_time:268065ms step_avg:203.39ms
step:1319/2110 train_time:268329ms step_avg:203.43ms
step:1320/2110 train_time:268594ms step_avg:203.48ms
step:1321/2110 train_time:268857ms step_avg:203.53ms
step:1322/2110 train_time:269124ms step_avg:203.57ms
step:1323/2110 train_time:269389ms step_avg:203.62ms
step:1324/2110 train_time:269650ms step_avg:203.66ms
step:1325/2110 train_time:269914ms step_avg:203.71ms
step:1326/2110 train_time:270178ms step_avg:203.75ms
step:1327/2110 train_time:270445ms step_avg:203.80ms
step:1328/2110 train_time:270709ms step_avg:203.85ms
step:1329/2110 train_time:270972ms step_avg:203.89ms
step:1330/2110 train_time:271238ms step_avg:203.94ms
step:1331/2110 train_time:271505ms step_avg:203.99ms
step:1332/2110 train_time:271769ms step_avg:204.03ms
step:1333/2110 train_time:272034ms step_avg:204.08ms
step:1334/2110 train_time:272300ms step_avg:204.12ms
step:1335/2110 train_time:272567ms step_avg:204.17ms
step:1336/2110 train_time:272831ms step_avg:204.21ms
step:1337/2110 train_time:273096ms step_avg:204.26ms
step:1338/2110 train_time:273359ms step_avg:204.30ms
step:1339/2110 train_time:273624ms step_avg:204.35ms
step:1340/2110 train_time:273887ms step_avg:204.39ms
step:1341/2110 train_time:274150ms step_avg:204.44ms
step:1342/2110 train_time:274415ms step_avg:204.48ms
step:1343/2110 train_time:274680ms step_avg:204.53ms
step:1344/2110 train_time:274944ms step_avg:204.57ms
step:1345/2110 train_time:275205ms step_avg:204.61ms
step:1346/2110 train_time:275472ms step_avg:204.66ms
step:1347/2110 train_time:275736ms step_avg:204.70ms
step:1348/2110 train_time:276000ms step_avg:204.75ms
step:1349/2110 train_time:276268ms step_avg:204.79ms
step:1350/2110 train_time:276535ms step_avg:204.84ms
step:1351/2110 train_time:276995ms step_avg:205.03ms
step:1352/2110 train_time:277081ms step_avg:204.94ms
step:1353/2110 train_time:277344ms step_avg:204.98ms
step:1354/2110 train_time:277613ms step_avg:205.03ms
step:1355/2110 train_time:277878ms step_avg:205.08ms
step:1356/2110 train_time:278144ms step_avg:205.12ms
step:1357/2110 train_time:278409ms step_avg:205.16ms
step:1358/2110 train_time:278674ms step_avg:205.21ms
step:1359/2110 train_time:278943ms step_avg:205.26ms
step:1360/2110 train_time:279209ms step_avg:205.30ms
step:1361/2110 train_time:279473ms step_avg:205.34ms
step:1362/2110 train_time:279737ms step_avg:205.39ms
step:1363/2110 train_time:280001ms step_avg:205.43ms
step:1364/2110 train_time:280264ms step_avg:205.47ms
step:1365/2110 train_time:280529ms step_avg:205.52ms
step:1366/2110 train_time:280793ms step_avg:205.56ms
step:1367/2110 train_time:281061ms step_avg:205.60ms
step:1368/2110 train_time:281327ms step_avg:205.65ms
step:1369/2110 train_time:281591ms step_avg:205.69ms
step:1370/2110 train_time:281855ms step_avg:205.73ms
step:1371/2110 train_time:282120ms step_avg:205.78ms
step:1372/2110 train_time:282384ms step_avg:205.82ms
step:1373/2110 train_time:282650ms step_avg:205.86ms
step:1374/2110 train_time:282915ms step_avg:205.91ms
step:1375/2110 train_time:283179ms step_avg:205.95ms
step:1376/2110 train_time:283443ms step_avg:205.99ms
step:1377/2110 train_time:283712ms step_avg:206.04ms
step:1378/2110 train_time:283977ms step_avg:206.08ms
step:1379/2110 train_time:284240ms step_avg:206.12ms
step:1380/2110 train_time:284505ms step_avg:206.16ms
step:1381/2110 train_time:284849ms step_avg:206.26ms
step:1382/2110 train_time:285197ms step_avg:206.37ms
step:1383/2110 train_time:285579ms step_avg:206.49ms
step:1384/2110 train_time:285969ms step_avg:206.63ms
step:1385/2110 train_time:286357ms step_avg:206.76ms
step:1386/2110 train_time:286741ms step_avg:206.88ms
step:1387/2110 train_time:287127ms step_avg:207.01ms
step:1388/2110 train_time:287516ms step_avg:207.14ms
step:1389/2110 train_time:287906ms step_avg:207.28ms
step:1390/2110 train_time:288294ms step_avg:207.41ms
step:1391/2110 train_time:288679ms step_avg:207.53ms
step:1392/2110 train_time:289066ms step_avg:207.66ms
step:1393/2110 train_time:289453ms step_avg:207.79ms
step:1394/2110 train_time:289840ms step_avg:207.92ms
step:1395/2110 train_time:290226ms step_avg:208.05ms
step:1396/2110 train_time:290616ms step_avg:208.18ms
step:1397/2110 train_time:291004ms step_avg:208.31ms
step:1398/2110 train_time:291391ms step_avg:208.43ms
step:1399/2110 train_time:291777ms step_avg:208.56ms
step:1400/2110 train_time:292170ms step_avg:208.69ms
step:1401/2110 train_time:292860ms step_avg:209.04ms
step:1402/2110 train_time:292969ms step_avg:208.97ms
step:1403/2110 train_time:293356ms step_avg:209.09ms
step:1404/2110 train_time:293736ms step_avg:209.21ms
step:1405/2110 train_time:294120ms step_avg:209.34ms
step:1406/2110 train_time:294515ms step_avg:209.47ms
step:1407/2110 train_time:294899ms step_avg:209.59ms
step:1408/2110 train_time:295285ms step_avg:209.72ms
step:1409/2110 train_time:295670ms step_avg:209.84ms
step:1410/2110 train_time:296057ms step_avg:209.97ms
step:1411/2110 train_time:296443ms step_avg:210.09ms
step:1412/2110 train_time:296834ms step_avg:210.22ms
step:1413/2110 train_time:297221ms step_avg:210.35ms
step:1414/2110 train_time:297610ms step_avg:210.47ms
step:1415/2110 train_time:297997ms step_avg:210.60ms
step:1416/2110 train_time:298384ms step_avg:210.72ms
step:1417/2110 train_time:298767ms step_avg:210.84ms
step:1418/2110 train_time:299157ms step_avg:210.97ms
step:1419/2110 train_time:299544ms step_avg:211.10ms
step:1420/2110 train_time:299937ms step_avg:211.22ms
step:1421/2110 train_time:300324ms step_avg:211.35ms
step:1422/2110 train_time:300710ms step_avg:211.47ms
step:1423/2110 train_time:301101ms step_avg:211.60ms
step:1424/2110 train_time:301487ms step_avg:211.72ms
step:1425/2110 train_time:301877ms step_avg:211.84ms
step:1426/2110 train_time:302264ms step_avg:211.97ms
step:1427/2110 train_time:302652ms step_avg:212.09ms
step:1428/2110 train_time:303040ms step_avg:212.21ms
step:1429/2110 train_time:303428ms step_avg:212.34ms
step:1430/2110 train_time:303814ms step_avg:212.46ms
step:1431/2110 train_time:304202ms step_avg:212.58ms
step:1432/2110 train_time:304590ms step_avg:212.70ms
step:1433/2110 train_time:304976ms step_avg:212.82ms
step:1434/2110 train_time:305366ms step_avg:212.95ms
step:1435/2110 train_time:305757ms step_avg:213.07ms
step:1436/2110 train_time:306141ms step_avg:213.19ms
step:1437/2110 train_time:306542ms step_avg:213.32ms
step:1438/2110 train_time:306918ms step_avg:213.43ms
step:1439/2110 train_time:307306ms step_avg:213.56ms
step:1440/2110 train_time:307698ms step_avg:213.68ms
step:1441/2110 train_time:308086ms step_avg:213.80ms
step:1442/2110 train_time:308476ms step_avg:213.92ms
step:1443/2110 train_time:308864ms step_avg:214.04ms
step:1444/2110 train_time:309254ms step_avg:214.17ms
step:1445/2110 train_time:309639ms step_avg:214.28ms
step:1446/2110 train_time:310027ms step_avg:214.40ms
step:1447/2110 train_time:310413ms step_avg:214.52ms
step:1448/2110 train_time:310818ms step_avg:214.65ms
step:1449/2110 train_time:311204ms step_avg:214.77ms
step:1450/2110 train_time:311578ms step_avg:214.88ms
step:1451/2110 train_time:312269ms step_avg:215.21ms
step:1452/2110 train_time:312384ms step_avg:215.14ms
step:1453/2110 train_time:312768ms step_avg:215.26ms
step:1454/2110 train_time:313146ms step_avg:215.37ms
step:1455/2110 train_time:313531ms step_avg:215.49ms
step:1456/2110 train_time:313919ms step_avg:215.60ms
step:1457/2110 train_time:314306ms step_avg:215.72ms
step:1458/2110 train_time:314688ms step_avg:215.84ms
step:1459/2110 train_time:315078ms step_avg:215.95ms
step:1460/2110 train_time:315470ms step_avg:216.08ms
step:1461/2110 train_time:315848ms step_avg:216.19ms
step:1462/2110 train_time:316236ms step_avg:216.30ms
step:1463/2110 train_time:316621ms step_avg:216.42ms
step:1464/2110 train_time:317008ms step_avg:216.54ms
step:1465/2110 train_time:317399ms step_avg:216.65ms
step:1466/2110 train_time:317790ms step_avg:216.77ms
step:1467/2110 train_time:318180ms step_avg:216.89ms
step:1468/2110 train_time:318576ms step_avg:217.01ms
step:1469/2110 train_time:318950ms step_avg:217.12ms
step:1470/2110 train_time:319355ms step_avg:217.25ms
step:1471/2110 train_time:319726ms step_avg:217.35ms
step:1472/2110 train_time:320117ms step_avg:217.47ms
step:1473/2110 train_time:320508ms step_avg:217.59ms
step:1474/2110 train_time:320895ms step_avg:217.70ms
step:1475/2110 train_time:321277ms step_avg:217.82ms
step:1476/2110 train_time:321671ms step_avg:217.93ms
step:1477/2110 train_time:322055ms step_avg:218.05ms
step:1478/2110 train_time:322444ms step_avg:218.16ms
step:1479/2110 train_time:322827ms step_avg:218.27ms
step:1480/2110 train_time:323231ms step_avg:218.40ms
step:1481/2110 train_time:323608ms step_avg:218.51ms
step:1482/2110 train_time:323991ms step_avg:218.62ms
step:1483/2110 train_time:324379ms step_avg:218.73ms
step:1484/2110 train_time:324766ms step_avg:218.84ms
step:1485/2110 train_time:325149ms step_avg:218.96ms
step:1486/2110 train_time:325535ms step_avg:219.07ms
step:1487/2110 train_time:325921ms step_avg:219.18ms
step:1488/2110 train_time:326310ms step_avg:219.29ms
step:1489/2110 train_time:326696ms step_avg:219.41ms
step:1490/2110 train_time:327082ms step_avg:219.52ms
step:1491/2110 train_time:327472ms step_avg:219.63ms
step:1492/2110 train_time:327857ms step_avg:219.74ms
step:1493/2110 train_time:328245ms step_avg:219.86ms
step:1494/2110 train_time:328632ms step_avg:219.97ms
step:1495/2110 train_time:329017ms step_avg:220.08ms
step:1496/2110 train_time:329404ms step_avg:220.19ms
step:1497/2110 train_time:329790ms step_avg:220.30ms
step:1498/2110 train_time:330175ms step_avg:220.41ms
step:1499/2110 train_time:330560ms step_avg:220.52ms
step:1500/2110 train_time:330947ms step_avg:220.63ms
step:1500/2110 val_loss:3.4693 train_time:331236ms step_avg:220.82ms
step:1501/2110 train_time:331760ms step_avg:221.03ms
step:1502/2110 train_time:331876ms step_avg:220.96ms
step:1503/2110 train_time:332259ms step_avg:221.06ms
step:1504/2110 train_time:332633ms step_avg:221.17ms
step:1505/2110 train_time:333026ms step_avg:221.28ms
step:1506/2110 train_time:333411ms step_avg:221.39ms
step:1507/2110 train_time:333799ms step_avg:221.50ms
step:1508/2110 train_time:334189ms step_avg:221.61ms
step:1509/2110 train_time:334577ms step_avg:221.72ms
step:1510/2110 train_time:334963ms step_avg:221.83ms
step:1511/2110 train_time:335348ms step_avg:221.94ms
step:1512/2110 train_time:335739ms step_avg:222.05ms
step:1513/2110 train_time:336127ms step_avg:222.16ms
step:1514/2110 train_time:336531ms step_avg:222.28ms
step:1515/2110 train_time:336910ms step_avg:222.38ms
step:1516/2110 train_time:337292ms step_avg:222.49ms
step:1517/2110 train_time:337685ms step_avg:222.60ms
step:1518/2110 train_time:338068ms step_avg:222.71ms
step:1519/2110 train_time:338454ms step_avg:222.81ms
step:1520/2110 train_time:338839ms step_avg:222.92ms
step:1521/2110 train_time:339225ms step_avg:223.03ms
step:1522/2110 train_time:339614ms step_avg:223.14ms
step:1523/2110 train_time:340008ms step_avg:223.25ms
step:1524/2110 train_time:340391ms step_avg:223.35ms
step:1525/2110 train_time:340778ms step_avg:223.46ms
step:1526/2110 train_time:341167ms step_avg:223.57ms
step:1527/2110 train_time:341556ms step_avg:223.68ms
step:1528/2110 train_time:341944ms step_avg:223.79ms
step:1529/2110 train_time:342332ms step_avg:223.89ms
step:1530/2110 train_time:342722ms step_avg:224.00ms
step:1531/2110 train_time:343104ms step_avg:224.10ms
step:1532/2110 train_time:343493ms step_avg:224.21ms
step:1533/2110 train_time:343877ms step_avg:224.32ms
step:1534/2110 train_time:344267ms step_avg:224.42ms
step:1535/2110 train_time:344656ms step_avg:224.53ms
step:1536/2110 train_time:345045ms step_avg:224.64ms
step:1537/2110 train_time:345436ms step_avg:224.75ms
step:1538/2110 train_time:345823ms step_avg:224.85ms
step:1539/2110 train_time:346211ms step_avg:224.96ms
step:1540/2110 train_time:346600ms step_avg:225.06ms
step:1541/2110 train_time:346988ms step_avg:225.17ms
step:1542/2110 train_time:347378ms step_avg:225.28ms
step:1543/2110 train_time:347764ms step_avg:225.38ms
step:1544/2110 train_time:348156ms step_avg:225.49ms
step:1545/2110 train_time:348537ms step_avg:225.59ms
step:1546/2110 train_time:348923ms step_avg:225.69ms
step:1547/2110 train_time:349312ms step_avg:225.80ms
step:1548/2110 train_time:349696ms step_avg:225.90ms
step:1549/2110 train_time:350080ms step_avg:226.00ms
step:1550/2110 train_time:350467ms step_avg:226.11ms
step:1551/2110 train_time:351151ms step_avg:226.40ms
step:1552/2110 train_time:351252ms step_avg:226.32ms
step:1553/2110 train_time:351637ms step_avg:226.42ms
step:1554/2110 train_time:352025ms step_avg:226.53ms
step:1555/2110 train_time:352411ms step_avg:226.63ms
step:1556/2110 train_time:352803ms step_avg:226.74ms
step:1557/2110 train_time:353190ms step_avg:226.84ms
step:1558/2110 train_time:353576ms step_avg:226.94ms
step:1559/2110 train_time:353962ms step_avg:227.04ms
step:1560/2110 train_time:354347ms step_avg:227.15ms
step:1561/2110 train_time:354741ms step_avg:227.25ms
step:1562/2110 train_time:355126ms step_avg:227.35ms
step:1563/2110 train_time:355518ms step_avg:227.46ms
step:1564/2110 train_time:355905ms step_avg:227.56ms
step:1565/2110 train_time:356280ms step_avg:227.66ms
step:1566/2110 train_time:356669ms step_avg:227.76ms
step:1567/2110 train_time:357068ms step_avg:227.87ms
step:1568/2110 train_time:357462ms step_avg:227.97ms
step:1569/2110 train_time:357829ms step_avg:228.06ms
step:1570/2110 train_time:358218ms step_avg:228.16ms
step:1571/2110 train_time:358610ms step_avg:228.27ms
step:1572/2110 train_time:358999ms step_avg:228.37ms
step:1573/2110 train_time:359399ms step_avg:228.48ms
step:1574/2110 train_time:359792ms step_avg:228.58ms
step:1575/2110 train_time:360176ms step_avg:228.68ms
step:1576/2110 train_time:360551ms step_avg:228.78ms
step:1577/2110 train_time:360943ms step_avg:228.88ms
step:1578/2110 train_time:361343ms step_avg:228.99ms
step:1579/2110 train_time:361723ms step_avg:229.08ms
step:1580/2110 train_time:362101ms step_avg:229.18ms
step:1581/2110 train_time:362487ms step_avg:229.28ms
step:1582/2110 train_time:362871ms step_avg:229.37ms
step:1583/2110 train_time:363265ms step_avg:229.48ms
step:1584/2110 train_time:363657ms step_avg:229.58ms
step:1585/2110 train_time:364035ms step_avg:229.68ms
step:1586/2110 train_time:364421ms step_avg:229.77ms
step:1587/2110 train_time:364808ms step_avg:229.87ms
step:1588/2110 train_time:365193ms step_avg:229.97ms
step:1589/2110 train_time:365585ms step_avg:230.07ms
step:1590/2110 train_time:365986ms step_avg:230.18ms
step:1591/2110 train_time:366364ms step_avg:230.27ms
step:1592/2110 train_time:366772ms step_avg:230.38ms
step:1593/2110 train_time:367151ms step_avg:230.48ms
step:1594/2110 train_time:367542ms step_avg:230.58ms
step:1595/2110 train_time:367918ms step_avg:230.67ms
step:1596/2110 train_time:368298ms step_avg:230.76ms
step:1597/2110 train_time:368687ms step_avg:230.86ms
step:1598/2110 train_time:369074ms step_avg:230.96ms
step:1599/2110 train_time:369457ms step_avg:231.06ms
step:1600/2110 train_time:369846ms step_avg:231.15ms
step:1601/2110 train_time:370530ms step_avg:231.44ms
step:1602/2110 train_time:370631ms step_avg:231.35ms
step:1603/2110 train_time:371020ms step_avg:231.45ms
step:1604/2110 train_time:371399ms step_avg:231.55ms
step:1605/2110 train_time:371790ms step_avg:231.64ms
step:1606/2110 train_time:372175ms step_avg:231.74ms
step:1607/2110 train_time:372556ms step_avg:231.83ms
step:1608/2110 train_time:372944ms step_avg:231.93ms
step:1609/2110 train_time:373327ms step_avg:232.02ms
step:1610/2110 train_time:373721ms step_avg:232.12ms
step:1611/2110 train_time:374111ms step_avg:232.22ms
step:1612/2110 train_time:374500ms step_avg:232.32ms
step:1613/2110 train_time:374890ms step_avg:232.42ms
step:1614/2110 train_time:375280ms step_avg:232.52ms
step:1615/2110 train_time:375670ms step_avg:232.61ms
step:1616/2110 train_time:376056ms step_avg:232.71ms
step:1617/2110 train_time:376443ms step_avg:232.80ms
step:1618/2110 train_time:376828ms step_avg:232.90ms
step:1619/2110 train_time:377214ms step_avg:232.99ms
step:1620/2110 train_time:377603ms step_avg:233.09ms
step:1621/2110 train_time:377990ms step_avg:233.18ms
step:1622/2110 train_time:378375ms step_avg:233.28ms
step:1623/2110 train_time:378759ms step_avg:233.37ms
step:1624/2110 train_time:379149ms step_avg:233.47ms
step:1625/2110 train_time:379537ms step_avg:233.56ms
step:1626/2110 train_time:379925ms step_avg:233.66ms
step:1627/2110 train_time:380310ms step_avg:233.75ms
step:1628/2110 train_time:380699ms step_avg:233.84ms
step:1629/2110 train_time:381083ms step_avg:233.94ms
step:1630/2110 train_time:381471ms step_avg:234.03ms
step:1631/2110 train_time:381866ms step_avg:234.13ms
step:1632/2110 train_time:382252ms step_avg:234.22ms
step:1633/2110 train_time:382640ms step_avg:234.32ms
step:1634/2110 train_time:383034ms step_avg:234.41ms
step:1635/2110 train_time:383420ms step_avg:234.51ms
step:1636/2110 train_time:383803ms step_avg:234.60ms
step:1637/2110 train_time:384189ms step_avg:234.69ms
step:1638/2110 train_time:384579ms step_avg:234.79ms
step:1639/2110 train_time:384966ms step_avg:234.88ms
step:1640/2110 train_time:385363ms step_avg:234.98ms
step:1641/2110 train_time:385754ms step_avg:235.07ms
step:1642/2110 train_time:386136ms step_avg:235.16ms
step:1643/2110 train_time:386525ms step_avg:235.26ms
step:1644/2110 train_time:386910ms step_avg:235.35ms
step:1645/2110 train_time:387297ms step_avg:235.44ms
step:1646/2110 train_time:387682ms step_avg:235.53ms
step:1647/2110 train_time:388072ms step_avg:235.62ms
step:1648/2110 train_time:388462ms step_avg:235.72ms
step:1649/2110 train_time:388858ms step_avg:235.81ms
step:1650/2110 train_time:389252ms step_avg:235.91ms
step:1651/2110 train_time:389923ms step_avg:236.17ms
step:1652/2110 train_time:390028ms step_avg:236.09ms
step:1653/2110 train_time:390410ms step_avg:236.18ms
step:1654/2110 train_time:390797ms step_avg:236.27ms
step:1655/2110 train_time:391188ms step_avg:236.37ms
step:1656/2110 train_time:391572ms step_avg:236.46ms
step:1657/2110 train_time:391957ms step_avg:236.55ms
step:1658/2110 train_time:392349ms step_avg:236.64ms
step:1659/2110 train_time:392737ms step_avg:236.73ms
step:1660/2110 train_time:393125ms step_avg:236.82ms
step:1661/2110 train_time:393510ms step_avg:236.91ms
step:1662/2110 train_time:393899ms step_avg:237.00ms
step:1663/2110 train_time:394292ms step_avg:237.10ms
step:1664/2110 train_time:394676ms step_avg:237.19ms
step:1665/2110 train_time:395063ms step_avg:237.28ms
step:1666/2110 train_time:395449ms step_avg:237.36ms
step:1667/2110 train_time:395833ms step_avg:237.45ms
step:1668/2110 train_time:396220ms step_avg:237.54ms
step:1669/2110 train_time:396611ms step_avg:237.63ms
step:1670/2110 train_time:397009ms step_avg:237.73ms
step:1671/2110 train_time:397384ms step_avg:237.81ms
step:1672/2110 train_time:397771ms step_avg:237.90ms
step:1673/2110 train_time:398157ms step_avg:237.99ms
step:1674/2110 train_time:398551ms step_avg:238.08ms
step:1675/2110 train_time:398932ms step_avg:238.17ms
step:1676/2110 train_time:399321ms step_avg:238.26ms
step:1677/2110 train_time:399706ms step_avg:238.35ms
step:1678/2110 train_time:400091ms step_avg:238.43ms
step:1679/2110 train_time:400477ms step_avg:238.52ms
step:1680/2110 train_time:400862ms step_avg:238.61ms
step:1681/2110 train_time:401251ms step_avg:238.70ms
step:1682/2110 train_time:401640ms step_avg:238.79ms
step:1683/2110 train_time:402028ms step_avg:238.88ms
step:1684/2110 train_time:402418ms step_avg:238.97ms
step:1685/2110 train_time:402805ms step_avg:239.05ms
step:1686/2110 train_time:403193ms step_avg:239.14ms
step:1687/2110 train_time:403579ms step_avg:239.23ms
step:1688/2110 train_time:403967ms step_avg:239.32ms
step:1689/2110 train_time:404358ms step_avg:239.41ms
step:1690/2110 train_time:404744ms step_avg:239.49ms
step:1691/2110 train_time:405128ms step_avg:239.58ms
step:1692/2110 train_time:405515ms step_avg:239.67ms
step:1693/2110 train_time:405903ms step_avg:239.75ms
step:1694/2110 train_time:406290ms step_avg:239.84ms
step:1695/2110 train_time:406682ms step_avg:239.93ms
step:1696/2110 train_time:407068ms step_avg:240.02ms
step:1697/2110 train_time:407457ms step_avg:240.10ms
step:1698/2110 train_time:407855ms step_avg:240.20ms
step:1699/2110 train_time:408230ms step_avg:240.28ms
step:1700/2110 train_time:408619ms step_avg:240.36ms
step:1701/2110 train_time:409309ms step_avg:240.63ms
step:1702/2110 train_time:409413ms step_avg:240.55ms
step:1703/2110 train_time:409799ms step_avg:240.63ms
step:1704/2110 train_time:410184ms step_avg:240.72ms
step:1705/2110 train_time:410568ms step_avg:240.80ms
step:1706/2110 train_time:410960ms step_avg:240.89ms
step:1707/2110 train_time:411349ms step_avg:240.98ms
step:1708/2110 train_time:411733ms step_avg:241.06ms
step:1709/2110 train_time:412121ms step_avg:241.15ms
step:1710/2110 train_time:412508ms step_avg:241.23ms
step:1711/2110 train_time:412898ms step_avg:241.32ms
step:1712/2110 train_time:413285ms step_avg:241.41ms
step:1713/2110 train_time:413675ms step_avg:241.49ms
step:1714/2110 train_time:414066ms step_avg:241.58ms
step:1715/2110 train_time:414447ms step_avg:241.66ms
step:1716/2110 train_time:414835ms step_avg:241.75ms
step:1717/2110 train_time:415219ms step_avg:241.83ms
step:1718/2110 train_time:415605ms step_avg:241.91ms
step:1719/2110 train_time:416001ms step_avg:242.00ms
step:1720/2110 train_time:416388ms step_avg:242.09ms
step:1721/2110 train_time:416774ms step_avg:242.17ms
step:1722/2110 train_time:417164ms step_avg:242.26ms
step:1723/2110 train_time:417556ms step_avg:242.34ms
step:1724/2110 train_time:417948ms step_avg:242.43ms
step:1725/2110 train_time:418332ms step_avg:242.51ms
step:1726/2110 train_time:418736ms step_avg:242.61ms
step:1727/2110 train_time:419125ms step_avg:242.69ms
step:1728/2110 train_time:419513ms step_avg:242.77ms
step:1729/2110 train_time:419901ms step_avg:242.86ms
step:1730/2110 train_time:420275ms step_avg:242.93ms
step:1731/2110 train_time:420675ms step_avg:243.02ms
step:1732/2110 train_time:421065ms step_avg:243.11ms
step:1733/2110 train_time:421455ms step_avg:243.19ms
step:1734/2110 train_time:421841ms step_avg:243.28ms
step:1735/2110 train_time:422223ms step_avg:243.36ms
step:1736/2110 train_time:422614ms step_avg:243.44ms
step:1737/2110 train_time:422984ms step_avg:243.51ms
step:1738/2110 train_time:423373ms step_avg:243.60ms
step:1739/2110 train_time:423759ms step_avg:243.68ms
step:1740/2110 train_time:424150ms step_avg:243.76ms
step:1741/2110 train_time:424534ms step_avg:243.84ms
step:1742/2110 train_time:424923ms step_avg:243.93ms
step:1743/2110 train_time:425308ms step_avg:244.01ms
step:1744/2110 train_time:425698ms step_avg:244.09ms
step:1745/2110 train_time:426083ms step_avg:244.17ms
step:1746/2110 train_time:426489ms step_avg:244.27ms
step:1747/2110 train_time:426859ms step_avg:244.34ms
step:1748/2110 train_time:427247ms step_avg:244.42ms
step:1749/2110 train_time:427632ms step_avg:244.50ms
step:1750/2110 train_time:428021ms step_avg:244.58ms
step:1750/2110 val_loss:3.3733 train_time:428309ms step_avg:244.75ms
step:1751/2110 train_time:428852ms step_avg:244.92ms
step:1752/2110 train_time:428957ms step_avg:244.84ms
step:1753/2110 train_time:429338ms step_avg:244.92ms
step:1754/2110 train_time:429730ms step_avg:245.00ms
step:1755/2110 train_time:430113ms step_avg:245.08ms
step:1756/2110 train_time:430501ms step_avg:245.16ms
step:1757/2110 train_time:430895ms step_avg:245.24ms
step:1758/2110 train_time:431294ms step_avg:245.33ms
step:1759/2110 train_time:431667ms step_avg:245.40ms
step:1760/2110 train_time:432062ms step_avg:245.49ms
step:1761/2110 train_time:432445ms step_avg:245.57ms
step:1762/2110 train_time:432836ms step_avg:245.65ms
step:1763/2110 train_time:433223ms step_avg:245.73ms
step:1764/2110 train_time:433612ms step_avg:245.81ms
step:1765/2110 train_time:433985ms step_avg:245.88ms
step:1766/2110 train_time:434371ms step_avg:245.96ms
step:1767/2110 train_time:434759ms step_avg:246.04ms
step:1768/2110 train_time:435146ms step_avg:246.12ms
step:1769/2110 train_time:435534ms step_avg:246.20ms
step:1770/2110 train_time:435925ms step_avg:246.29ms
step:1771/2110 train_time:436316ms step_avg:246.37ms
step:1772/2110 train_time:436707ms step_avg:246.45ms
step:1773/2110 train_time:437094ms step_avg:246.53ms
step:1774/2110 train_time:437494ms step_avg:246.61ms
step:1775/2110 train_time:437869ms step_avg:246.69ms
step:1776/2110 train_time:438259ms step_avg:246.77ms
step:1777/2110 train_time:438647ms step_avg:246.85ms
step:1778/2110 train_time:439033ms step_avg:246.93ms
step:1779/2110 train_time:439424ms step_avg:247.01ms
step:1780/2110 train_time:439813ms step_avg:247.09ms
step:1781/2110 train_time:440200ms step_avg:247.16ms
step:1782/2110 train_time:440587ms step_avg:247.24ms
step:1783/2110 train_time:440975ms step_avg:247.32ms
step:1784/2110 train_time:441377ms step_avg:247.41ms
step:1785/2110 train_time:441745ms step_avg:247.48ms
step:1786/2110 train_time:442134ms step_avg:247.56ms
step:1787/2110 train_time:442522ms step_avg:247.63ms
step:1788/2110 train_time:442908ms step_avg:247.71ms
step:1789/2110 train_time:443294ms step_avg:247.79ms
step:1790/2110 train_time:443683ms step_avg:247.87ms
step:1791/2110 train_time:444074ms step_avg:247.95ms
step:1792/2110 train_time:444463ms step_avg:248.03ms
step:1793/2110 train_time:444849ms step_avg:248.10ms
step:1794/2110 train_time:445236ms step_avg:248.18ms
step:1795/2110 train_time:445638ms step_avg:248.27ms
step:1796/2110 train_time:446022ms step_avg:248.34ms
step:1797/2110 train_time:446406ms step_avg:248.42ms
step:1798/2110 train_time:446792ms step_avg:248.49ms
step:1799/2110 train_time:447177ms step_avg:248.57ms
step:1800/2110 train_time:447565ms step_avg:248.65ms
step:1801/2110 train_time:448248ms step_avg:248.89ms
step:1802/2110 train_time:448348ms step_avg:248.81ms
step:1803/2110 train_time:448734ms step_avg:248.88ms
step:1804/2110 train_time:449127ms step_avg:248.96ms
step:1805/2110 train_time:449514ms step_avg:249.04ms
step:1806/2110 train_time:449904ms step_avg:249.12ms
step:1807/2110 train_time:450290ms step_avg:249.19ms
step:1808/2110 train_time:450681ms step_avg:249.27ms
step:1809/2110 train_time:451065ms step_avg:249.34ms
step:1810/2110 train_time:451454ms step_avg:249.42ms
step:1811/2110 train_time:451841ms step_avg:249.50ms
step:1812/2110 train_time:452228ms step_avg:249.57ms
step:1813/2110 train_time:452621ms step_avg:249.65ms
step:1814/2110 train_time:453009ms step_avg:249.73ms
step:1815/2110 train_time:453396ms step_avg:249.80ms
step:1816/2110 train_time:453783ms step_avg:249.88ms
step:1817/2110 train_time:454168ms step_avg:249.96ms
step:1818/2110 train_time:454563ms step_avg:250.03ms
step:1819/2110 train_time:454949ms step_avg:250.11ms
step:1820/2110 train_time:455337ms step_avg:250.19ms
step:1821/2110 train_time:455723ms step_avg:250.26ms
step:1822/2110 train_time:456111ms step_avg:250.34ms
step:1823/2110 train_time:456505ms step_avg:250.41ms
step:1824/2110 train_time:456892ms step_avg:250.49ms
step:1825/2110 train_time:457282ms step_avg:250.57ms
step:1826/2110 train_time:457672ms step_avg:250.64ms
step:1827/2110 train_time:458059ms step_avg:250.72ms
step:1828/2110 train_time:458450ms step_avg:250.79ms
step:1829/2110 train_time:458837ms step_avg:250.87ms
step:1830/2110 train_time:459221ms step_avg:250.94ms
step:1831/2110 train_time:459609ms step_avg:251.02ms
step:1832/2110 train_time:459995ms step_avg:251.09ms
step:1833/2110 train_time:460380ms step_avg:251.16ms
step:1834/2110 train_time:460767ms step_avg:251.24ms
step:1835/2110 train_time:461153ms step_avg:251.31ms
step:1836/2110 train_time:461541ms step_avg:251.38ms
step:1837/2110 train_time:461928ms step_avg:251.46ms
step:1838/2110 train_time:462317ms step_avg:251.53ms
step:1839/2110 train_time:462703ms step_avg:251.61ms
step:1840/2110 train_time:463089ms step_avg:251.68ms
step:1841/2110 train_time:463476ms step_avg:251.75ms
step:1842/2110 train_time:463869ms step_avg:251.83ms
step:1843/2110 train_time:464255ms step_avg:251.90ms
step:1844/2110 train_time:464645ms step_avg:251.98ms
step:1845/2110 train_time:465032ms step_avg:252.05ms
step:1846/2110 train_time:465422ms step_avg:252.12ms
step:1847/2110 train_time:465806ms step_avg:252.20ms
step:1848/2110 train_time:466192ms step_avg:252.27ms
step:1849/2110 train_time:466578ms step_avg:252.34ms
step:1850/2110 train_time:466982ms step_avg:252.42ms
step:1851/2110 train_time:467653ms step_avg:252.65ms
step:1852/2110 train_time:467757ms step_avg:252.57ms
step:1853/2110 train_time:468140ms step_avg:252.64ms
step:1854/2110 train_time:468527ms step_avg:252.71ms
step:1855/2110 train_time:468918ms step_avg:252.79ms
step:1856/2110 train_time:469305ms step_avg:252.86ms
step:1857/2110 train_time:469693ms step_avg:252.93ms
step:1858/2110 train_time:470079ms step_avg:253.00ms
step:1859/2110 train_time:470464ms step_avg:253.07ms
step:1860/2110 train_time:470853ms step_avg:253.15ms
step:1861/2110 train_time:471238ms step_avg:253.22ms
step:1862/2110 train_time:471625ms step_avg:253.29ms
step:1863/2110 train_time:472010ms step_avg:253.36ms
step:1864/2110 train_time:472396ms step_avg:253.43ms
step:1865/2110 train_time:472784ms step_avg:253.50ms
step:1866/2110 train_time:473174ms step_avg:253.58ms
step:1867/2110 train_time:473560ms step_avg:253.65ms
step:1868/2110 train_time:473949ms step_avg:253.72ms
step:1869/2110 train_time:474335ms step_avg:253.79ms
step:1870/2110 train_time:474726ms step_avg:253.86ms
step:1871/2110 train_time:475114ms step_avg:253.94ms
step:1872/2110 train_time:475500ms step_avg:254.01ms
step:1873/2110 train_time:475889ms step_avg:254.08ms
step:1874/2110 train_time:476277ms step_avg:254.15ms
step:1875/2110 train_time:476663ms step_avg:254.22ms
step:1876/2110 train_time:477050ms step_avg:254.29ms
step:1877/2110 train_time:477435ms step_avg:254.36ms
step:1878/2110 train_time:477822ms step_avg:254.43ms
step:1879/2110 train_time:478212ms step_avg:254.50ms
step:1880/2110 train_time:478597ms step_avg:254.57ms
step:1881/2110 train_time:478983ms step_avg:254.64ms
step:1882/2110 train_time:479370ms step_avg:254.71ms
step:1883/2110 train_time:479756ms step_avg:254.78ms
step:1884/2110 train_time:480162ms step_avg:254.86ms
step:1885/2110 train_time:480548ms step_avg:254.93ms
step:1886/2110 train_time:480934ms step_avg:255.00ms
step:1887/2110 train_time:481319ms step_avg:255.07ms
step:1888/2110 train_time:481708ms step_avg:255.14ms
step:1889/2110 train_time:482096ms step_avg:255.21ms
step:1890/2110 train_time:482486ms step_avg:255.28ms
step:1891/2110 train_time:482870ms step_avg:255.35ms
step:1892/2110 train_time:483255ms step_avg:255.42ms
step:1893/2110 train_time:483637ms step_avg:255.49ms
step:1894/2110 train_time:484024ms step_avg:255.56ms
step:1895/2110 train_time:484408ms step_avg:255.62ms
step:1896/2110 train_time:484799ms step_avg:255.70ms
step:1897/2110 train_time:485191ms step_avg:255.77ms
step:1898/2110 train_time:485580ms step_avg:255.84ms
step:1899/2110 train_time:485964ms step_avg:255.91ms
step:1900/2110 train_time:486353ms step_avg:255.98ms
step:1901/2110 train_time:487017ms step_avg:256.19ms
step:1902/2110 train_time:487139ms step_avg:256.12ms
step:1903/2110 train_time:487525ms step_avg:256.19ms
step:1904/2110 train_time:487913ms step_avg:256.26ms
step:1905/2110 train_time:488298ms step_avg:256.32ms
step:1906/2110 train_time:488687ms step_avg:256.39ms
step:1907/2110 train_time:489071ms step_avg:256.46ms
step:1908/2110 train_time:489459ms step_avg:256.53ms
step:1909/2110 train_time:489845ms step_avg:256.60ms
step:1910/2110 train_time:490234ms step_avg:256.67ms
step:1911/2110 train_time:490623ms step_avg:256.74ms
step:1912/2110 train_time:490991ms step_avg:256.79ms
step:1913/2110 train_time:491379ms step_avg:256.86ms
step:1914/2110 train_time:491766ms step_avg:256.93ms
step:1915/2110 train_time:492150ms step_avg:257.00ms
step:1916/2110 train_time:492537ms step_avg:257.07ms
step:1917/2110 train_time:492923ms step_avg:257.13ms
step:1918/2110 train_time:493311ms step_avg:257.20ms
step:1919/2110 train_time:493700ms step_avg:257.27ms
step:1920/2110 train_time:494086ms step_avg:257.34ms
step:1921/2110 train_time:494476ms step_avg:257.41ms
step:1922/2110 train_time:494864ms step_avg:257.47ms
step:1923/2110 train_time:495248ms step_avg:257.54ms
step:1924/2110 train_time:495634ms step_avg:257.61ms
step:1925/2110 train_time:496020ms step_avg:257.67ms
step:1926/2110 train_time:496409ms step_avg:257.74ms
step:1927/2110 train_time:496796ms step_avg:257.81ms
step:1928/2110 train_time:497186ms step_avg:257.88ms
step:1929/2110 train_time:497575ms step_avg:257.94ms
step:1930/2110 train_time:497968ms step_avg:258.01ms
step:1931/2110 train_time:498354ms step_avg:258.08ms
step:1932/2110 train_time:498739ms step_avg:258.15ms
step:1933/2110 train_time:499125ms step_avg:258.21ms
step:1934/2110 train_time:499515ms step_avg:258.28ms
step:1935/2110 train_time:499919ms step_avg:258.36ms
step:1936/2110 train_time:500296ms step_avg:258.42ms
step:1937/2110 train_time:500681ms step_avg:258.48ms
step:1938/2110 train_time:501086ms step_avg:258.56ms
step:1939/2110 train_time:501465ms step_avg:258.62ms
step:1940/2110 train_time:501855ms step_avg:258.69ms
step:1941/2110 train_time:502240ms step_avg:258.75ms
step:1942/2110 train_time:502626ms step_avg:258.82ms
step:1943/2110 train_time:503010ms step_avg:258.88ms
step:1944/2110 train_time:503397ms step_avg:258.95ms
step:1945/2110 train_time:503787ms step_avg:259.02ms
step:1946/2110 train_time:504180ms step_avg:259.09ms
step:1947/2110 train_time:504582ms step_avg:259.16ms
step:1948/2110 train_time:504960ms step_avg:259.22ms
step:1949/2110 train_time:505338ms step_avg:259.28ms
step:1950/2110 train_time:505728ms step_avg:259.35ms
step:1951/2110 train_time:506415ms step_avg:259.57ms
step:1952/2110 train_time:506517ms step_avg:259.49ms
step:1953/2110 train_time:506899ms step_avg:259.55ms
step:1954/2110 train_time:507288ms step_avg:259.61ms
step:1955/2110 train_time:507674ms step_avg:259.68ms
step:1956/2110 train_time:508060ms step_avg:259.74ms
step:1957/2110 train_time:508450ms step_avg:259.81ms
step:1958/2110 train_time:508835ms step_avg:259.87ms
step:1959/2110 train_time:509224ms step_avg:259.94ms
step:1960/2110 train_time:509613ms step_avg:260.01ms
step:1961/2110 train_time:509997ms step_avg:260.07ms
step:1962/2110 train_time:510387ms step_avg:260.14ms
step:1963/2110 train_time:510777ms step_avg:260.20ms
step:1964/2110 train_time:511163ms step_avg:260.27ms
step:1965/2110 train_time:511552ms step_avg:260.33ms
step:1966/2110 train_time:511944ms step_avg:260.40ms
step:1967/2110 train_time:512327ms step_avg:260.46ms
step:1968/2110 train_time:512715ms step_avg:260.53ms
step:1969/2110 train_time:513102ms step_avg:260.59ms
step:1970/2110 train_time:513488ms step_avg:260.65ms
step:1971/2110 train_time:513873ms step_avg:260.72ms
step:1972/2110 train_time:514266ms step_avg:260.78ms
step:1973/2110 train_time:514651ms step_avg:260.85ms
step:1974/2110 train_time:515037ms step_avg:260.91ms
step:1975/2110 train_time:515421ms step_avg:260.97ms
step:1976/2110 train_time:515811ms step_avg:261.04ms
step:1977/2110 train_time:516199ms step_avg:261.10ms
step:1978/2110 train_time:516584ms step_avg:261.17ms
step:1979/2110 train_time:516970ms step_avg:261.23ms
step:1980/2110 train_time:517360ms step_avg:261.29ms
step:1981/2110 train_time:517750ms step_avg:261.36ms
step:1982/2110 train_time:518138ms step_avg:261.42ms
step:1983/2110 train_time:518519ms step_avg:261.48ms
step:1984/2110 train_time:518908ms step_avg:261.55ms
step:1985/2110 train_time:519300ms step_avg:261.61ms
step:1986/2110 train_time:519685ms step_avg:261.67ms
step:1987/2110 train_time:520072ms step_avg:261.74ms
step:1988/2110 train_time:520459ms step_avg:261.80ms
step:1989/2110 train_time:520849ms step_avg:261.86ms
step:1990/2110 train_time:521235ms step_avg:261.93ms
step:1991/2110 train_time:521629ms step_avg:261.99ms
step:1992/2110 train_time:522016ms step_avg:262.06ms
step:1993/2110 train_time:522397ms step_avg:262.12ms
step:1994/2110 train_time:522787ms step_avg:262.18ms
step:1995/2110 train_time:523170ms step_avg:262.24ms
step:1996/2110 train_time:523557ms step_avg:262.30ms
step:1997/2110 train_time:523945ms step_avg:262.37ms
step:1998/2110 train_time:524330ms step_avg:262.43ms
step:1999/2110 train_time:524718ms step_avg:262.49ms
step:2000/2110 train_time:525105ms step_avg:262.55ms
step:2000/2110 val_loss:3.2981 train_time:525395ms step_avg:262.70ms
step:2001/2110 train_time:525931ms step_avg:262.83ms
step:2002/2110 train_time:526051ms step_avg:262.76ms
step:2003/2110 train_time:526431ms step_avg:262.82ms
step:2004/2110 train_time:526808ms step_avg:262.88ms
step:2005/2110 train_time:527199ms step_avg:262.94ms
step:2006/2110 train_time:527584ms step_avg:263.00ms
step:2007/2110 train_time:527965ms step_avg:263.06ms
step:2008/2110 train_time:528356ms step_avg:263.13ms
step:2009/2110 train_time:528745ms step_avg:263.19ms
step:2010/2110 train_time:529129ms step_avg:263.25ms
step:2011/2110 train_time:529513ms step_avg:263.31ms
step:2012/2110 train_time:529899ms step_avg:263.37ms
step:2013/2110 train_time:530285ms step_avg:263.43ms
step:2014/2110 train_time:530675ms step_avg:263.49ms
step:2015/2110 train_time:531063ms step_avg:263.55ms
step:2016/2110 train_time:531449ms step_avg:263.62ms
step:2017/2110 train_time:531837ms step_avg:263.68ms
step:2018/2110 train_time:532227ms step_avg:263.74ms
step:2019/2110 train_time:532619ms step_avg:263.80ms
step:2020/2110 train_time:533007ms step_avg:263.86ms
step:2021/2110 train_time:533399ms step_avg:263.93ms
step:2022/2110 train_time:533785ms step_avg:263.99ms
step:2023/2110 train_time:534169ms step_avg:264.05ms
step:2024/2110 train_time:534555ms step_avg:264.11ms
step:2025/2110 train_time:534943ms step_avg:264.17ms
step:2026/2110 train_time:535330ms step_avg:264.23ms
step:2027/2110 train_time:535717ms step_avg:264.29ms
step:2028/2110 train_time:536104ms step_avg:264.35ms
step:2029/2110 train_time:536487ms step_avg:264.41ms
step:2030/2110 train_time:536875ms step_avg:264.47ms
step:2031/2110 train_time:537265ms step_avg:264.53ms
step:2032/2110 train_time:537650ms step_avg:264.59ms
step:2033/2110 train_time:538035ms step_avg:264.65ms
step:2034/2110 train_time:538424ms step_avg:264.71ms
step:2035/2110 train_time:538807ms step_avg:264.77ms
step:2036/2110 train_time:539198ms step_avg:264.83ms
step:2037/2110 train_time:539590ms step_avg:264.89ms
step:2038/2110 train_time:539976ms step_avg:264.95ms
step:2039/2110 train_time:540372ms step_avg:265.02ms
step:2040/2110 train_time:540750ms step_avg:265.07ms
step:2041/2110 train_time:541135ms step_avg:265.13ms
step:2042/2110 train_time:541522ms step_avg:265.19ms
step:2043/2110 train_time:541910ms step_avg:265.25ms
step:2044/2110 train_time:542299ms step_avg:265.31ms
step:2045/2110 train_time:542684ms step_avg:265.37ms
step:2046/2110 train_time:543073ms step_avg:265.43ms
step:2047/2110 train_time:543462ms step_avg:265.49ms
step:2048/2110 train_time:543849ms step_avg:265.55ms
step:2049/2110 train_time:544248ms step_avg:265.62ms
step:2050/2110 train_time:544622ms step_avg:265.67ms
step:2051/2110 train_time:545308ms step_avg:265.87ms
step:2052/2110 train_time:545412ms step_avg:265.80ms
step:2053/2110 train_time:545798ms step_avg:265.85ms
step:2054/2110 train_time:546191ms step_avg:265.92ms
step:2055/2110 train_time:546574ms step_avg:265.97ms
step:2056/2110 train_time:546961ms step_avg:266.03ms
step:2057/2110 train_time:547354ms step_avg:266.09ms
step:2058/2110 train_time:547745ms step_avg:266.15ms
step:2059/2110 train_time:548131ms step_avg:266.21ms
step:2060/2110 train_time:548526ms step_avg:266.27ms
step:2061/2110 train_time:548912ms step_avg:266.33ms
step:2062/2110 train_time:549293ms step_avg:266.39ms
step:2063/2110 train_time:549694ms step_avg:266.45ms
step:2064/2110 train_time:550074ms step_avg:266.51ms
step:2065/2110 train_time:550459ms step_avg:266.57ms
step:2066/2110 train_time:550847ms step_avg:266.62ms
step:2067/2110 train_time:551233ms step_avg:266.68ms
step:2068/2110 train_time:551620ms step_avg:266.74ms
step:2069/2110 train_time:552008ms step_avg:266.80ms
step:2070/2110 train_time:552394ms step_avg:266.86ms
step:2071/2110 train_time:552780ms step_avg:266.91ms
step:2072/2110 train_time:553169ms step_avg:266.97ms
step:2073/2110 train_time:553551ms step_avg:267.03ms
step:2074/2110 train_time:553942ms step_avg:267.09ms
step:2075/2110 train_time:554326ms step_avg:267.15ms
step:2076/2110 train_time:554714ms step_avg:267.20ms
step:2077/2110 train_time:555098ms step_avg:267.26ms
step:2078/2110 train_time:555488ms step_avg:267.32ms
step:2079/2110 train_time:555879ms step_avg:267.38ms
step:2080/2110 train_time:556263ms step_avg:267.43ms
step:2081/2110 train_time:556647ms step_avg:267.49ms
step:2082/2110 train_time:557037ms step_avg:267.55ms
step:2083/2110 train_time:557421ms step_avg:267.61ms
step:2084/2110 train_time:557812ms step_avg:267.66ms
step:2085/2110 train_time:558202ms step_avg:267.72ms
step:2086/2110 train_time:558586ms step_avg:267.78ms
step:2087/2110 train_time:558972ms step_avg:267.84ms
step:2088/2110 train_time:559378ms step_avg:267.90ms
step:2089/2110 train_time:559758ms step_avg:267.95ms
step:2090/2110 train_time:560134ms step_avg:268.01ms
step:2091/2110 train_time:560524ms step_avg:268.06ms
step:2092/2110 train_time:560909ms step_avg:268.12ms
step:2093/2110 train_time:561296ms step_avg:268.18ms
step:2094/2110 train_time:561683ms step_avg:268.23ms
step:2095/2110 train_time:562069ms step_avg:268.29ms
step:2096/2110 train_time:562457ms step_avg:268.35ms
step:2097/2110 train_time:562844ms step_avg:268.40ms
step:2098/2110 train_time:563230ms step_avg:268.46ms
step:2099/2110 train_time:563618ms step_avg:268.52ms
step:2100/2110 train_time:564010ms step_avg:268.58ms
step:2101/2110 train_time:564699ms step_avg:268.78ms
step:2102/2110 train_time:564804ms step_avg:268.70ms
step:2103/2110 train_time:565188ms step_avg:268.75ms
step:2104/2110 train_time:565588ms step_avg:268.82ms
step:2105/2110 train_time:565963ms step_avg:268.87ms
step:2106/2110 train_time:566352ms step_avg:268.92ms
step:2107/2110 train_time:566736ms step_avg:268.98ms
step:2108/2110 train_time:567130ms step_avg:269.04ms
step:2109/2110 train_time:567513ms step_avg:269.09ms
step:2110/2110 train_time:567910ms step_avg:269.15ms
step:2110/2110 val_loss:3.2733 train_time:568192ms step_avg:269.29ms
peak memory allocated: 28538 MiB reserved: 31460 MiB
total training time: 568.19s (568192ms)
=== Done. Exit code: 0 ===
