=== Environment [fp32 val fix] ===
SEED=3
NPROC=16
DATA_PATH=/models/modded-nanogpt_record50_cautious_wd
TRAIN_SCRIPT=/models/modded-nanogpt_record50_cautious_wd/npu_bench/record_046_batch_size_schedule/agent_outputs/agent_r46/npu_port_fixed/train_gpt.py
Python: Python 3.10.19
Torch: 2.7.1+cpu
Torch_NPU: 2.7.1.post2
=== Starting training [fp32 val fix] ===
/root/miniconda3/envs/llm_test/lib/python3.10/runpy.py:126: RuntimeWarning: 'torch.distributed.run' found in sys.modules after import of package 'torch.distributed', but prior to execution of 'torch.distributed.run'; this may result in unpredictable behaviour
  warn(RuntimeWarning(msg))

*****************************************
Setting OMP_NUM_THREADS environment variable for each process to be 1 in default, to avoid your system being overloaded, please further tune the variable for optimal performance in your application as needed. 
*****************************************
/root/miniconda3/envs/llm_test/lib/python3.10/site-packages/torch/autograd/__init__.py:221: UserWarning: Cannot create tensor with interal format while allow_internel_format=False, tensor will be created with base format. (Triggered internally at build/CMakeFiles/torch_npu.dir/compiler_depend.ts:338.)
  torch.ones_like(out, memory_format=torch.preserve_format)
/root/miniconda3/envs/llm_test/lib/python3.10/site-packages/torch/distributed/distributed_c10d.py:4631: UserWarning: No device id is provided via `init_process_group` or `barrier `. Using the current device set by the user. 
  warnings.warn(  # warn only once
/root/miniconda3/envs/llm_test/lib/python3.10/site-packages/torch/autograd/__init__.py:221: UserWarning: Cannot create tensor with interal format while allow_internel_format=False, tensor will be created with base format. (Triggered internally at build/CMakeFiles/torch_npu.dir/compiler_depend.ts:338.)
  torch.ones_like(out, memory_format=torch.preserve_format)
/root/miniconda3/envs/llm_test/lib/python3.10/site-packages/torch/autograd/__init__.py:221: UserWarning: Cannot create tensor with interal format while allow_internel_format=False, tensor will be created with base format. (Triggered internally at build/CMakeFiles/torch_npu.dir/compiler_depend.ts:338.)
  torch.ones_like(out, memory_format=torch.preserve_format)
/root/miniconda3/envs/llm_test/lib/python3.10/site-packages/torch/autograd/__init__.py:221: UserWarning: Cannot create tensor with interal format while allow_internel_format=False, tensor will be created with base format. (Triggered internally at build/CMakeFiles/torch_npu.dir/compiler_depend.ts:338.)
  torch.ones_like(out, memory_format=torch.preserve_format)
/root/miniconda3/envs/llm_test/lib/python3.10/site-packages/torch/autograd/__init__.py:221: UserWarning: Cannot create tensor with interal format while allow_internel_format=False, tensor will be created with base format. (Triggered internally at build/CMakeFiles/torch_npu.dir/compiler_depend.ts:338.)
  torch.ones_like(out, memory_format=torch.preserve_format)
/root/miniconda3/envs/llm_test/lib/python3.10/site-packages/torch/autograd/__init__.py:221: UserWarning: Cannot create tensor with interal format while allow_internel_format=False, tensor will be created with base format. (Triggered internally at build/CMakeFiles/torch_npu.dir/compiler_depend.ts:338.)
  torch.ones_like(out, memory_format=torch.preserve_format)
/root/miniconda3/envs/llm_test/lib/python3.10/site-packages/torch/autograd/__init__.py:221: UserWarning: Cannot create tensor with interal format while allow_internel_format=False, tensor will be created with base format. (Triggered internally at build/CMakeFiles/torch_npu.dir/compiler_depend.ts:338.)
  torch.ones_like(out, memory_format=torch.preserve_format)
/root/miniconda3/envs/llm_test/lib/python3.10/site-packages/torch/autograd/__init__.py:221: UserWarning: Cannot create tensor with interal format while allow_internel_format=False, tensor will be created with base format. (Triggered internally at build/CMakeFiles/torch_npu.dir/compiler_depend.ts:338.)
  torch.ones_like(out, memory_format=torch.preserve_format)
/root/miniconda3/envs/llm_test/lib/python3.10/site-packages/torch/autograd/__init__.py:221: UserWarning: Cannot create tensor with interal format while allow_internel_format=False, tensor will be created with base format. (Triggered internally at build/CMakeFiles/torch_npu.dir/compiler_depend.ts:338.)
  torch.ones_like(out, memory_format=torch.preserve_format)
/root/miniconda3/envs/llm_test/lib/python3.10/site-packages/torch/autograd/__init__.py:221: UserWarning: Cannot create tensor with interal format while allow_internel_format=False, tensor will be created with base format. (Triggered internally at build/CMakeFiles/torch_npu.dir/compiler_depend.ts:338.)
  torch.ones_like(out, memory_format=torch.preserve_format)
/root/miniconda3/envs/llm_test/lib/python3.10/site-packages/torch/autograd/__init__.py:221: UserWarning: Cannot create tensor with interal format while allow_internel_format=False, tensor will be created with base format. (Triggered internally at build/CMakeFiles/torch_npu.dir/compiler_depend.ts:338.)
  torch.ones_like(out, memory_format=torch.preserve_format)
/root/miniconda3/envs/llm_test/lib/python3.10/site-packages/torch/autograd/__init__.py:221: UserWarning: Cannot create tensor with interal format while allow_internel_format=False, tensor will be created with base format. (Triggered internally at build/CMakeFiles/torch_npu.dir/compiler_depend.ts:338.)
  torch.ones_like(out, memory_format=torch.preserve_format)
/root/miniconda3/envs/llm_test/lib/python3.10/site-packages/torch/autograd/__init__.py:221: UserWarning: Cannot create tensor with interal format while allow_internel_format=False, tensor will be created with base format. (Triggered internally at build/CMakeFiles/torch_npu.dir/compiler_depend.ts:338.)
  torch.ones_like(out, memory_format=torch.preserve_format)
/root/miniconda3/envs/llm_test/lib/python3.10/site-packages/torch/autograd/__init__.py:221: UserWarning: Cannot create tensor with interal format while allow_internel_format=False, tensor will be created with base format. (Triggered internally at build/CMakeFiles/torch_npu.dir/compiler_depend.ts:338.)
  torch.ones_like(out, memory_format=torch.preserve_format)
/root/miniconda3/envs/llm_test/lib/python3.10/site-packages/torch/autograd/__init__.py:221: UserWarning: Cannot create tensor with interal format while allow_internel_format=False, tensor will be created with base format. (Triggered internally at build/CMakeFiles/torch_npu.dir/compiler_depend.ts:338.)
  torch.ones_like(out, memory_format=torch.preserve_format)
/root/miniconda3/envs/llm_test/lib/python3.10/site-packages/torch/autograd/__init__.py:221: UserWarning: Cannot create tensor with interal format while allow_internel_format=False, tensor will be created with base format. (Triggered internally at build/CMakeFiles/torch_npu.dir/compiler_depend.ts:338.)
  torch.ones_like(out, memory_format=torch.preserve_format)
/root/miniconda3/envs/llm_test/lib/python3.10/site-packages/torch/distributed/distributed_c10d.py:4631: UserWarning: No device id is provided via `init_process_group` or `barrier `. Using the current device set by the user. 
  warnings.warn(  # warn only once
/root/miniconda3/envs/llm_test/lib/python3.10/site-packages/torch/distributed/distributed_c10d.py:4631: UserWarning: No device id is provided via `init_process_group` or `barrier `. Using the current device set by the user. 
  warnings.warn(  # warn only once
/root/miniconda3/envs/llm_test/lib/python3.10/site-packages/torch/distributed/distributed_c10d.py:4631: UserWarning: No device id is provided via `init_process_group` or `barrier `. Using the current device set by the user. 
  warnings.warn(  # warn only once
/root/miniconda3/envs/llm_test/lib/python3.10/site-packages/torch/distributed/distributed_c10d.py:4631: UserWarning: No device id is provided via `init_process_group` or `barrier `. Using the current device set by the user. 
  warnings.warn(  # warn only once
/root/miniconda3/envs/llm_test/lib/python3.10/site-packages/torch/distributed/distributed_c10d.py:4631: UserWarning: No device id is provided via `init_process_group` or `barrier `. Using the current device set by the user. 
  warnings.warn(  # warn only once
/root/miniconda3/envs/llm_test/lib/python3.10/site-packages/torch/distributed/distributed_c10d.py:4631: UserWarning: No device id is provided via `init_process_group` or `barrier `. Using the current device set by the user. 
  warnings.warn(  # warn only once
/root/miniconda3/envs/llm_test/lib/python3.10/site-packages/torch/distributed/distributed_c10d.py:4631: UserWarning: No device id is provided via `init_process_group` or `barrier `. Using the current device set by the user. 
  warnings.warn(  # warn only once
/root/miniconda3/envs/llm_test/lib/python3.10/site-packages/torch/distributed/distributed_c10d.py:4631: UserWarning: No device id is provided via `init_process_group` or `barrier `. Using the current device set by the user. 
  warnings.warn(  # warn only once
/root/miniconda3/envs/llm_test/lib/python3.10/site-packages/torch/distributed/distributed_c10d.py:4631: UserWarning: No device id is provided via `init_process_group` or `barrier `. Using the current device set by the user. 
  warnings.warn(  # warn only once
/root/miniconda3/envs/llm_test/lib/python3.10/site-packages/torch/distributed/distributed_c10d.py:4631: UserWarning: No device id is provided via `init_process_group` or `barrier `. Using the current device set by the user. 
  warnings.warn(  # warn only once
/root/miniconda3/envs/llm_test/lib/python3.10/site-packages/torch/distributed/distributed_c10d.py:4631: UserWarning: No device id is provided via `init_process_group` or `barrier `. Using the current device set by the user. 
  warnings.warn(  # warn only once
/root/miniconda3/envs/llm_test/lib/python3.10/site-packages/torch/distributed/distributed_c10d.py:4631: UserWarning: No device id is provided via `init_process_group` or `barrier `. Using the current device set by the user. 
  warnings.warn(  # warn only once
/root/miniconda3/envs/llm_test/lib/python3.10/site-packages/torch/distributed/distributed_c10d.py:4631: UserWarning: No device id is provided via `init_process_group` or `barrier `. Using the current device set by the user. 
  warnings.warn(  # warn only once
/root/miniconda3/envs/llm_test/lib/python3.10/site-packages/torch/distributed/distributed_c10d.py:4631: UserWarning: No device id is provided via `init_process_group` or `barrier `. Using the current device set by the user. 
  warnings.warn(  # warn only once
/root/miniconda3/envs/llm_test/lib/python3.10/site-packages/torch/distributed/distributed_c10d.py:4631: UserWarning: No device id is provided via `init_process_group` or `barrier `. Using the current device set by the user. 
  warnings.warn(  # warn only once
logs/d3f4e6f3-b7d1-4bce-b40f-4649e9536bc4
/root/miniconda3/envs/llm_test/lib/python3.10/site-packages/torch_npu/utils/storage.py:89: UserWarning: TypedStorage is deprecated. It will be removed in the future and UntypedStorage will be the only storage class. This should only matter to you if you are using storages directly.  To access UntypedStorage directly, use tensor.untyped_storage() instead of tensor.storage()
  if self.device.type != 'cpu':
step:0/2160 val_loss:10.8258 train_time:0ms step_avg:0.07ms
step:1/2160 train_time:872ms step_avg:871.78ms
step:2/2160 train_time:939ms step_avg:469.59ms
step:3/2160 train_time:1074ms step_avg:358.08ms
step:4/2160 train_time:1227ms step_avg:306.77ms
step:5/2160 train_time:1367ms step_avg:273.40ms
step:6/2160 train_time:1511ms step_avg:251.89ms
step:7/2160 train_time:1655ms step_avg:236.43ms
step:8/2160 train_time:1801ms step_avg:225.18ms
step:9/2160 train_time:1941ms step_avg:215.71ms
step:10/2160 train_time:2085ms step_avg:208.47ms
step:11/2160 train_time:2230ms step_avg:202.70ms
step:12/2160 train_time:2373ms step_avg:197.76ms
step:13/2160 train_time:2520ms step_avg:193.83ms
step:14/2160 train_time:2664ms step_avg:190.27ms
step:15/2160 train_time:2807ms step_avg:187.11ms
step:16/2160 train_time:2952ms step_avg:184.52ms
step:17/2160 train_time:3094ms step_avg:182.03ms
step:18/2160 train_time:3239ms step_avg:179.92ms
step:19/2160 train_time:3384ms step_avg:178.10ms
step:20/2160 train_time:3526ms step_avg:176.30ms
step:21/2160 train_time:3670ms step_avg:174.78ms
step:22/2160 train_time:3813ms step_avg:173.34ms
step:23/2160 train_time:3955ms step_avg:171.95ms
step:24/2160 train_time:4097ms step_avg:170.70ms
step:25/2160 train_time:4243ms step_avg:169.72ms
step:26/2160 train_time:4387ms step_avg:168.74ms
step:27/2160 train_time:4529ms step_avg:167.76ms
step:28/2160 train_time:4672ms step_avg:166.87ms
step:29/2160 train_time:4818ms step_avg:166.14ms
step:30/2160 train_time:4962ms step_avg:165.40ms
step:31/2160 train_time:5110ms step_avg:164.83ms
step:32/2160 train_time:5254ms step_avg:164.20ms
step:33/2160 train_time:5399ms step_avg:163.61ms
step:34/2160 train_time:5543ms step_avg:163.04ms
step:35/2160 train_time:5685ms step_avg:162.43ms
step:36/2160 train_time:5830ms step_avg:161.94ms
step:37/2160 train_time:5974ms step_avg:161.45ms
step:38/2160 train_time:6118ms step_avg:161.00ms
step:39/2160 train_time:6261ms step_avg:160.55ms
step:40/2160 train_time:6407ms step_avg:160.17ms
step:41/2160 train_time:6551ms step_avg:159.79ms
step:42/2160 train_time:6695ms step_avg:159.42ms
step:43/2160 train_time:6837ms step_avg:158.99ms
step:44/2160 train_time:6982ms step_avg:158.67ms
step:45/2160 train_time:7127ms step_avg:158.38ms
step:46/2160 train_time:7272ms step_avg:158.08ms
step:47/2160 train_time:7414ms step_avg:157.75ms
step:48/2160 train_time:7559ms step_avg:157.48ms
step:49/2160 train_time:7701ms step_avg:157.16ms
step:50/2160 train_time:7845ms step_avg:156.90ms
step:51/2160 train_time:7988ms step_avg:156.63ms
step:52/2160 train_time:8133ms step_avg:156.40ms
step:53/2160 train_time:8276ms step_avg:156.16ms
step:54/2160 train_time:8417ms step_avg:155.86ms
step:55/2160 train_time:8561ms step_avg:155.65ms
step:56/2160 train_time:8705ms step_avg:155.45ms
step:57/2160 train_time:8848ms step_avg:155.24ms
step:58/2160 train_time:8994ms step_avg:155.07ms
step:59/2160 train_time:9136ms step_avg:154.85ms
step:60/2160 train_time:9282ms step_avg:154.71ms
step:61/2160 train_time:9424ms step_avg:154.49ms
step:62/2160 train_time:9569ms step_avg:154.35ms
step:63/2160 train_time:9712ms step_avg:154.16ms
step:64/2160 train_time:9857ms step_avg:154.01ms
step:65/2160 train_time:10001ms step_avg:153.87ms
step:66/2160 train_time:10145ms step_avg:153.71ms
step:67/2160 train_time:10294ms step_avg:153.64ms
step:68/2160 train_time:10437ms step_avg:153.48ms
step:69/2160 train_time:10581ms step_avg:153.35ms
step:70/2160 train_time:10724ms step_avg:153.20ms
step:71/2160 train_time:10868ms step_avg:153.07ms
step:72/2160 train_time:11011ms step_avg:152.93ms
step:73/2160 train_time:11155ms step_avg:152.81ms
step:74/2160 train_time:11300ms step_avg:152.70ms
step:75/2160 train_time:11442ms step_avg:152.57ms
step:76/2160 train_time:11585ms step_avg:152.44ms
step:77/2160 train_time:11728ms step_avg:152.31ms
step:78/2160 train_time:11873ms step_avg:152.22ms
step:79/2160 train_time:12016ms step_avg:152.10ms
step:80/2160 train_time:12160ms step_avg:152.00ms
step:81/2160 train_time:12304ms step_avg:151.90ms
step:82/2160 train_time:12449ms step_avg:151.82ms
step:83/2160 train_time:12609ms step_avg:151.92ms
step:84/2160 train_time:12756ms step_avg:151.86ms
step:85/2160 train_time:12900ms step_avg:151.76ms
step:86/2160 train_time:13042ms step_avg:151.65ms
step:87/2160 train_time:13188ms step_avg:151.59ms
step:88/2160 train_time:13332ms step_avg:151.50ms
step:89/2160 train_time:13474ms step_avg:151.39ms
step:90/2160 train_time:13617ms step_avg:151.30ms
step:91/2160 train_time:13758ms step_avg:151.18ms
step:92/2160 train_time:13900ms step_avg:151.09ms
step:93/2160 train_time:14044ms step_avg:151.01ms
step:94/2160 train_time:14187ms step_avg:150.92ms
step:95/2160 train_time:14334ms step_avg:150.89ms
step:96/2160 train_time:14478ms step_avg:150.81ms
step:97/2160 train_time:14621ms step_avg:150.73ms
step:98/2160 train_time:14765ms step_avg:150.66ms
step:99/2160 train_time:14905ms step_avg:150.55ms
step:100/2160 train_time:15051ms step_avg:150.51ms
step:101/2160 train_time:15196ms step_avg:150.45ms
step:102/2160 train_time:15334ms step_avg:150.33ms
step:103/2160 train_time:15477ms step_avg:150.26ms
step:104/2160 train_time:15622ms step_avg:150.21ms
step:105/2160 train_time:15765ms step_avg:150.14ms
step:106/2160 train_time:15911ms step_avg:150.10ms
step:107/2160 train_time:16055ms step_avg:150.05ms
step:108/2160 train_time:16185ms step_avg:149.86ms
step:109/2160 train_time:16328ms step_avg:149.80ms
step:110/2160 train_time:16473ms step_avg:149.75ms
step:111/2160 train_time:16613ms step_avg:149.67ms
step:112/2160 train_time:16755ms step_avg:149.60ms
step:113/2160 train_time:16899ms step_avg:149.55ms
step:114/2160 train_time:17044ms step_avg:149.51ms
step:115/2160 train_time:17188ms step_avg:149.46ms
step:116/2160 train_time:17331ms step_avg:149.40ms
step:117/2160 train_time:17473ms step_avg:149.34ms
step:118/2160 train_time:17620ms step_avg:149.32ms
step:119/2160 train_time:17761ms step_avg:149.25ms
step:120/2160 train_time:17904ms step_avg:149.20ms
step:121/2160 train_time:18049ms step_avg:149.17ms
step:122/2160 train_time:18194ms step_avg:149.13ms
step:123/2160 train_time:18335ms step_avg:149.07ms
step:124/2160 train_time:18479ms step_avg:149.03ms
step:125/2160 train_time:18624ms step_avg:148.99ms
step:126/2160 train_time:18769ms step_avg:148.96ms
step:127/2160 train_time:18912ms step_avg:148.92ms
step:128/2160 train_time:19055ms step_avg:148.86ms
step:129/2160 train_time:19199ms step_avg:148.83ms
step:130/2160 train_time:19341ms step_avg:148.78ms
step:131/2160 train_time:19488ms step_avg:148.76ms
step:132/2160 train_time:19633ms step_avg:148.74ms
step:133/2160 train_time:19780ms step_avg:148.72ms
step:134/2160 train_time:19921ms step_avg:148.66ms
step:135/2160 train_time:20065ms step_avg:148.63ms
step:136/2160 train_time:20208ms step_avg:148.59ms
step:137/2160 train_time:20350ms step_avg:148.54ms
step:138/2160 train_time:20492ms step_avg:148.49ms
step:139/2160 train_time:20637ms step_avg:148.47ms
step:140/2160 train_time:20781ms step_avg:148.44ms
step:141/2160 train_time:20921ms step_avg:148.38ms
step:142/2160 train_time:21066ms step_avg:148.35ms
step:143/2160 train_time:21209ms step_avg:148.31ms
step:144/2160 train_time:21355ms step_avg:148.30ms
step:145/2160 train_time:21498ms step_avg:148.26ms
step:146/2160 train_time:21642ms step_avg:148.23ms
step:147/2160 train_time:21785ms step_avg:148.20ms
step:148/2160 train_time:21929ms step_avg:148.17ms
step:149/2160 train_time:22072ms step_avg:148.14ms
step:150/2160 train_time:22218ms step_avg:148.12ms
step:151/2160 train_time:22359ms step_avg:148.07ms
step:152/2160 train_time:22505ms step_avg:148.06ms
step:153/2160 train_time:22649ms step_avg:148.03ms
step:154/2160 train_time:22794ms step_avg:148.01ms
step:155/2160 train_time:22938ms step_avg:147.99ms
step:156/2160 train_time:23083ms step_avg:147.97ms
step:157/2160 train_time:23227ms step_avg:147.94ms
step:158/2160 train_time:23371ms step_avg:147.91ms
step:159/2160 train_time:23515ms step_avg:147.89ms
step:160/2160 train_time:23660ms step_avg:147.87ms
step:161/2160 train_time:23807ms step_avg:147.87ms
step:162/2160 train_time:23949ms step_avg:147.83ms
step:163/2160 train_time:24094ms step_avg:147.82ms
step:164/2160 train_time:24240ms step_avg:147.80ms
step:165/2160 train_time:24385ms step_avg:147.79ms
step:166/2160 train_time:24527ms step_avg:147.75ms
step:167/2160 train_time:24671ms step_avg:147.73ms
step:168/2160 train_time:24816ms step_avg:147.71ms
step:169/2160 train_time:24964ms step_avg:147.72ms
step:170/2160 train_time:25109ms step_avg:147.70ms
step:171/2160 train_time:25252ms step_avg:147.68ms
step:172/2160 train_time:25396ms step_avg:147.65ms
step:173/2160 train_time:25542ms step_avg:147.64ms
step:174/2160 train_time:25687ms step_avg:147.63ms
step:175/2160 train_time:25829ms step_avg:147.60ms
step:176/2160 train_time:25974ms step_avg:147.58ms
step:177/2160 train_time:26117ms step_avg:147.55ms
step:178/2160 train_time:26260ms step_avg:147.53ms
step:179/2160 train_time:26404ms step_avg:147.51ms
step:180/2160 train_time:26548ms step_avg:147.49ms
step:181/2160 train_time:26692ms step_avg:147.47ms
step:182/2160 train_time:26836ms step_avg:147.45ms
step:183/2160 train_time:26979ms step_avg:147.43ms
step:184/2160 train_time:27124ms step_avg:147.41ms
step:185/2160 train_time:27268ms step_avg:147.39ms
step:186/2160 train_time:27410ms step_avg:147.36ms
step:187/2160 train_time:27555ms step_avg:147.35ms
step:188/2160 train_time:27697ms step_avg:147.32ms
step:189/2160 train_time:27844ms step_avg:147.32ms
step:190/2160 train_time:27985ms step_avg:147.29ms
step:191/2160 train_time:28129ms step_avg:147.27ms
step:192/2160 train_time:28272ms step_avg:147.25ms
step:193/2160 train_time:28416ms step_avg:147.24ms
step:194/2160 train_time:28561ms step_avg:147.22ms
step:195/2160 train_time:28702ms step_avg:147.19ms
step:196/2160 train_time:28847ms step_avg:147.18ms
step:197/2160 train_time:28993ms step_avg:147.17ms
step:198/2160 train_time:29138ms step_avg:147.16ms
step:199/2160 train_time:29282ms step_avg:147.15ms
step:200/2160 train_time:29425ms step_avg:147.12ms
step:201/2160 train_time:29569ms step_avg:147.11ms
step:202/2160 train_time:29714ms step_avg:147.10ms
step:203/2160 train_time:29861ms step_avg:147.10ms
step:204/2160 train_time:30004ms step_avg:147.08ms
step:205/2160 train_time:30149ms step_avg:147.07ms
step:206/2160 train_time:30294ms step_avg:147.06ms
step:207/2160 train_time:30437ms step_avg:147.04ms
step:208/2160 train_time:30581ms step_avg:147.03ms
step:209/2160 train_time:30724ms step_avg:147.00ms
step:210/2160 train_time:30868ms step_avg:146.99ms
step:211/2160 train_time:31012ms step_avg:146.98ms
step:212/2160 train_time:31158ms step_avg:146.97ms
step:213/2160 train_time:31302ms step_avg:146.96ms
step:214/2160 train_time:31447ms step_avg:146.95ms
step:215/2160 train_time:31592ms step_avg:146.94ms
step:216/2160 train_time:31734ms step_avg:146.92ms
step:217/2160 train_time:31880ms step_avg:146.91ms
step:218/2160 train_time:32024ms step_avg:146.90ms
step:219/2160 train_time:32169ms step_avg:146.89ms
step:220/2160 train_time:32311ms step_avg:146.87ms
step:221/2160 train_time:32454ms step_avg:146.85ms
step:222/2160 train_time:32600ms step_avg:146.85ms
step:223/2160 train_time:32744ms step_avg:146.83ms
step:224/2160 train_time:32892ms step_avg:146.84ms
step:225/2160 train_time:33036ms step_avg:146.83ms
step:226/2160 train_time:33180ms step_avg:146.81ms
step:227/2160 train_time:33325ms step_avg:146.81ms
step:228/2160 train_time:33469ms step_avg:146.79ms
step:229/2160 train_time:33613ms step_avg:146.78ms
step:230/2160 train_time:33757ms step_avg:146.77ms
step:231/2160 train_time:33902ms step_avg:146.76ms
step:232/2160 train_time:34048ms step_avg:146.76ms
step:233/2160 train_time:34192ms step_avg:146.75ms
step:234/2160 train_time:34337ms step_avg:146.74ms
step:235/2160 train_time:34478ms step_avg:146.71ms
step:236/2160 train_time:34622ms step_avg:146.70ms
step:237/2160 train_time:34766ms step_avg:146.69ms
step:238/2160 train_time:34909ms step_avg:146.68ms
step:239/2160 train_time:35056ms step_avg:146.68ms
step:240/2160 train_time:35203ms step_avg:146.68ms
step:241/2160 train_time:35345ms step_avg:146.66ms
step:242/2160 train_time:35490ms step_avg:146.65ms
step:243/2160 train_time:35633ms step_avg:146.64ms
step:244/2160 train_time:35776ms step_avg:146.62ms
step:245/2160 train_time:35920ms step_avg:146.61ms
step:246/2160 train_time:36063ms step_avg:146.60ms
step:247/2160 train_time:36205ms step_avg:146.58ms
step:248/2160 train_time:36349ms step_avg:146.57ms
step:249/2160 train_time:36494ms step_avg:146.56ms
step:250/2160 train_time:36639ms step_avg:146.56ms
step:250/2160 val_loss:4.3062 train_time:36722ms step_avg:146.89ms
step:251/2160 train_time:36839ms step_avg:146.77ms
step:252/2160 train_time:36988ms step_avg:146.78ms
step:253/2160 train_time:37115ms step_avg:146.70ms
step:254/2160 train_time:37259ms step_avg:146.69ms
step:255/2160 train_time:37403ms step_avg:146.68ms
step:256/2160 train_time:37548ms step_avg:146.67ms
step:257/2160 train_time:37695ms step_avg:146.67ms
step:258/2160 train_time:37838ms step_avg:146.66ms
step:259/2160 train_time:37983ms step_avg:146.65ms
step:260/2160 train_time:38129ms step_avg:146.65ms
step:261/2160 train_time:38273ms step_avg:146.64ms
step:262/2160 train_time:38418ms step_avg:146.63ms
step:263/2160 train_time:38562ms step_avg:146.62ms
step:264/2160 train_time:38705ms step_avg:146.61ms
step:265/2160 train_time:38847ms step_avg:146.59ms
step:266/2160 train_time:38992ms step_avg:146.59ms
step:267/2160 train_time:39138ms step_avg:146.59ms
step:268/2160 train_time:39283ms step_avg:146.58ms
step:269/2160 train_time:39427ms step_avg:146.57ms
step:270/2160 train_time:39570ms step_avg:146.56ms
step:271/2160 train_time:39716ms step_avg:146.55ms
step:272/2160 train_time:39861ms step_avg:146.55ms
step:273/2160 train_time:40004ms step_avg:146.53ms
step:274/2160 train_time:40151ms step_avg:146.53ms
step:275/2160 train_time:40293ms step_avg:146.52ms
step:276/2160 train_time:40439ms step_avg:146.52ms
step:277/2160 train_time:40582ms step_avg:146.51ms
step:278/2160 train_time:40727ms step_avg:146.50ms
step:279/2160 train_time:40870ms step_avg:146.49ms
step:280/2160 train_time:41015ms step_avg:146.48ms
step:281/2160 train_time:41158ms step_avg:146.47ms
step:282/2160 train_time:41301ms step_avg:146.46ms
step:283/2160 train_time:41450ms step_avg:146.47ms
step:284/2160 train_time:41595ms step_avg:146.46ms
step:285/2160 train_time:41734ms step_avg:146.44ms
step:286/2160 train_time:41878ms step_avg:146.43ms
step:287/2160 train_time:42021ms step_avg:146.41ms
step:288/2160 train_time:42167ms step_avg:146.41ms
step:289/2160 train_time:42331ms step_avg:146.47ms
step:290/2160 train_time:42476ms step_avg:146.47ms
step:291/2160 train_time:42617ms step_avg:146.45ms
step:292/2160 train_time:42763ms step_avg:146.45ms
step:293/2160 train_time:42906ms step_avg:146.44ms
step:294/2160 train_time:43053ms step_avg:146.44ms
step:295/2160 train_time:43178ms step_avg:146.37ms
step:296/2160 train_time:43322ms step_avg:146.36ms
step:297/2160 train_time:43465ms step_avg:146.35ms
step:298/2160 train_time:43611ms step_avg:146.35ms
step:299/2160 train_time:43753ms step_avg:146.33ms
step:300/2160 train_time:43896ms step_avg:146.32ms
step:301/2160 train_time:44040ms step_avg:146.31ms
step:302/2160 train_time:44185ms step_avg:146.31ms
step:303/2160 train_time:44330ms step_avg:146.30ms
step:304/2160 train_time:44473ms step_avg:146.29ms
step:305/2160 train_time:44616ms step_avg:146.28ms
step:306/2160 train_time:44762ms step_avg:146.28ms
step:307/2160 train_time:44906ms step_avg:146.27ms
step:308/2160 train_time:45052ms step_avg:146.27ms
step:309/2160 train_time:45191ms step_avg:146.25ms
step:310/2160 train_time:45336ms step_avg:146.24ms
step:311/2160 train_time:45480ms step_avg:146.24ms
step:312/2160 train_time:45623ms step_avg:146.23ms
step:313/2160 train_time:45765ms step_avg:146.21ms
step:314/2160 train_time:45908ms step_avg:146.20ms
step:315/2160 train_time:46052ms step_avg:146.20ms
step:316/2160 train_time:46197ms step_avg:146.19ms
step:317/2160 train_time:46342ms step_avg:146.19ms
step:318/2160 train_time:46486ms step_avg:146.18ms
step:319/2160 train_time:46630ms step_avg:146.17ms
step:320/2160 train_time:46774ms step_avg:146.17ms
step:321/2160 train_time:46920ms step_avg:146.17ms
step:322/2160 train_time:47064ms step_avg:146.16ms
step:323/2160 train_time:47205ms step_avg:146.15ms
step:324/2160 train_time:47346ms step_avg:146.13ms
step:325/2160 train_time:47491ms step_avg:146.13ms
step:326/2160 train_time:47636ms step_avg:146.12ms
step:327/2160 train_time:47780ms step_avg:146.12ms
step:328/2160 train_time:47922ms step_avg:146.10ms
step:329/2160 train_time:48067ms step_avg:146.10ms
step:330/2160 train_time:48212ms step_avg:146.10ms
step:331/2160 train_time:48354ms step_avg:146.08ms
step:332/2160 train_time:48499ms step_avg:146.08ms
step:333/2160 train_time:48644ms step_avg:146.08ms
step:334/2160 train_time:48789ms step_avg:146.07ms
step:335/2160 train_time:48932ms step_avg:146.07ms
step:336/2160 train_time:49073ms step_avg:146.05ms
step:337/2160 train_time:49219ms step_avg:146.05ms
step:338/2160 train_time:49362ms step_avg:146.04ms
step:339/2160 train_time:49506ms step_avg:146.03ms
step:340/2160 train_time:49649ms step_avg:146.03ms
step:341/2160 train_time:49795ms step_avg:146.03ms
step:342/2160 train_time:49937ms step_avg:146.01ms
step:343/2160 train_time:50079ms step_avg:146.00ms
step:344/2160 train_time:50224ms step_avg:146.00ms
step:345/2160 train_time:50370ms step_avg:146.00ms
step:346/2160 train_time:50513ms step_avg:145.99ms
step:347/2160 train_time:50657ms step_avg:145.99ms
step:348/2160 train_time:50812ms step_avg:146.01ms
step:349/2160 train_time:50946ms step_avg:145.98ms
step:350/2160 train_time:51092ms step_avg:145.98ms
step:351/2160 train_time:51233ms step_avg:145.96ms
step:352/2160 train_time:51376ms step_avg:145.95ms
step:353/2160 train_time:51522ms step_avg:145.96ms
step:354/2160 train_time:51666ms step_avg:145.95ms
step:355/2160 train_time:51809ms step_avg:145.94ms
step:356/2160 train_time:51952ms step_avg:145.93ms
step:357/2160 train_time:52092ms step_avg:145.91ms
step:358/2160 train_time:52239ms step_avg:145.92ms
step:359/2160 train_time:52381ms step_avg:145.91ms
step:360/2160 train_time:52526ms step_avg:145.91ms
step:361/2160 train_time:52669ms step_avg:145.90ms
step:362/2160 train_time:52813ms step_avg:145.89ms
step:363/2160 train_time:52957ms step_avg:145.89ms
step:364/2160 train_time:53101ms step_avg:145.88ms
step:365/2160 train_time:53246ms step_avg:145.88ms
step:366/2160 train_time:53390ms step_avg:145.87ms
step:367/2160 train_time:53532ms step_avg:145.86ms
step:368/2160 train_time:53676ms step_avg:145.86ms
step:369/2160 train_time:53821ms step_avg:145.86ms
step:370/2160 train_time:53965ms step_avg:145.85ms
step:371/2160 train_time:54109ms step_avg:145.85ms
step:372/2160 train_time:54249ms step_avg:145.83ms
step:373/2160 train_time:54392ms step_avg:145.82ms
step:374/2160 train_time:54535ms step_avg:145.82ms
step:375/2160 train_time:54678ms step_avg:145.81ms
step:376/2160 train_time:54822ms step_avg:145.80ms
step:377/2160 train_time:54965ms step_avg:145.80ms
step:378/2160 train_time:55125ms step_avg:145.83ms
step:379/2160 train_time:55267ms step_avg:145.82ms
step:380/2160 train_time:55414ms step_avg:145.83ms
step:381/2160 train_time:55556ms step_avg:145.82ms
step:382/2160 train_time:55688ms step_avg:145.78ms
step:383/2160 train_time:55833ms step_avg:145.78ms
step:384/2160 train_time:55977ms step_avg:145.77ms
step:385/2160 train_time:56123ms step_avg:145.77ms
step:386/2160 train_time:56265ms step_avg:145.76ms
step:387/2160 train_time:56408ms step_avg:145.76ms
step:388/2160 train_time:56555ms step_avg:145.76ms
step:389/2160 train_time:56697ms step_avg:145.75ms
step:390/2160 train_time:56843ms step_avg:145.75ms
step:391/2160 train_time:56986ms step_avg:145.74ms
step:392/2160 train_time:57132ms step_avg:145.74ms
step:393/2160 train_time:57278ms step_avg:145.75ms
step:394/2160 train_time:57419ms step_avg:145.73ms
step:395/2160 train_time:57561ms step_avg:145.72ms
step:396/2160 train_time:57703ms step_avg:145.71ms
step:397/2160 train_time:57851ms step_avg:145.72ms
step:398/2160 train_time:58003ms step_avg:145.74ms
step:399/2160 train_time:58141ms step_avg:145.72ms
step:400/2160 train_time:58283ms step_avg:145.71ms
step:401/2160 train_time:58425ms step_avg:145.70ms
step:402/2160 train_time:58568ms step_avg:145.69ms
step:403/2160 train_time:58708ms step_avg:145.68ms
step:404/2160 train_time:58857ms step_avg:145.69ms
step:405/2160 train_time:58996ms step_avg:145.67ms
step:406/2160 train_time:59142ms step_avg:145.67ms
step:407/2160 train_time:59287ms step_avg:145.67ms
step:408/2160 train_time:59435ms step_avg:145.68ms
step:409/2160 train_time:59580ms step_avg:145.67ms
step:410/2160 train_time:59721ms step_avg:145.66ms
step:411/2160 train_time:59862ms step_avg:145.65ms
step:412/2160 train_time:60009ms step_avg:145.65ms
step:413/2160 train_time:60155ms step_avg:145.65ms
step:414/2160 train_time:60298ms step_avg:145.65ms
step:415/2160 train_time:60442ms step_avg:145.64ms
step:416/2160 train_time:60587ms step_avg:145.64ms
step:417/2160 train_time:60744ms step_avg:145.67ms
step:418/2160 train_time:60890ms step_avg:145.67ms
step:419/2160 train_time:61031ms step_avg:145.66ms
step:420/2160 train_time:61177ms step_avg:145.66ms
step:421/2160 train_time:61318ms step_avg:145.65ms
step:422/2160 train_time:61464ms step_avg:145.65ms
step:423/2160 train_time:61606ms step_avg:145.64ms
step:424/2160 train_time:61754ms step_avg:145.65ms
step:425/2160 train_time:61895ms step_avg:145.64ms
step:426/2160 train_time:62028ms step_avg:145.60ms
step:427/2160 train_time:62174ms step_avg:145.61ms
step:428/2160 train_time:62319ms step_avg:145.61ms
step:429/2160 train_time:62479ms step_avg:145.64ms
step:430/2160 train_time:62627ms step_avg:145.64ms
step:431/2160 train_time:62772ms step_avg:145.64ms
step:432/2160 train_time:62914ms step_avg:145.63ms
step:433/2160 train_time:63041ms step_avg:145.59ms
step:434/2160 train_time:63186ms step_avg:145.59ms
step:435/2160 train_time:63329ms step_avg:145.58ms
step:436/2160 train_time:63481ms step_avg:145.60ms
step:437/2160 train_time:63621ms step_avg:145.59ms
step:438/2160 train_time:63770ms step_avg:145.59ms
step:439/2160 train_time:63913ms step_avg:145.59ms
step:440/2160 train_time:64065ms step_avg:145.60ms
step:441/2160 train_time:64208ms step_avg:145.60ms
step:442/2160 train_time:64356ms step_avg:145.60ms
step:443/2160 train_time:64497ms step_avg:145.59ms
step:444/2160 train_time:64641ms step_avg:145.59ms
step:445/2160 train_time:64784ms step_avg:145.58ms
step:446/2160 train_time:64929ms step_avg:145.58ms
step:447/2160 train_time:65074ms step_avg:145.58ms
step:448/2160 train_time:65207ms step_avg:145.55ms
step:449/2160 train_time:65352ms step_avg:145.55ms
step:450/2160 train_time:65501ms step_avg:145.56ms
step:451/2160 train_time:65643ms step_avg:145.55ms
step:452/2160 train_time:65791ms step_avg:145.55ms
step:453/2160 train_time:65935ms step_avg:145.55ms
step:454/2160 train_time:66095ms step_avg:145.58ms
step:455/2160 train_time:66223ms step_avg:145.55ms
step:456/2160 train_time:66369ms step_avg:145.55ms
step:457/2160 train_time:66513ms step_avg:145.54ms
step:458/2160 train_time:66657ms step_avg:145.54ms
step:459/2160 train_time:66798ms step_avg:145.53ms
step:460/2160 train_time:66944ms step_avg:145.53ms
step:461/2160 train_time:67087ms step_avg:145.52ms
step:462/2160 train_time:67230ms step_avg:145.52ms
step:463/2160 train_time:67375ms step_avg:145.52ms
step:464/2160 train_time:67520ms step_avg:145.52ms
step:465/2160 train_time:67663ms step_avg:145.51ms
step:466/2160 train_time:67806ms step_avg:145.51ms
step:467/2160 train_time:67951ms step_avg:145.50ms
step:468/2160 train_time:68094ms step_avg:145.50ms
step:469/2160 train_time:68238ms step_avg:145.50ms
step:470/2160 train_time:68382ms step_avg:145.49ms
step:471/2160 train_time:68526ms step_avg:145.49ms
step:472/2160 train_time:68670ms step_avg:145.49ms
step:473/2160 train_time:68813ms step_avg:145.48ms
step:474/2160 train_time:68958ms step_avg:145.48ms
step:475/2160 train_time:69099ms step_avg:145.47ms
step:476/2160 train_time:69242ms step_avg:145.47ms
step:477/2160 train_time:69385ms step_avg:145.46ms
step:478/2160 train_time:69543ms step_avg:145.49ms
step:479/2160 train_time:69674ms step_avg:145.46ms
step:480/2160 train_time:69817ms step_avg:145.45ms
step:481/2160 train_time:69960ms step_avg:145.45ms
step:482/2160 train_time:70102ms step_avg:145.44ms
step:483/2160 train_time:70245ms step_avg:145.44ms
step:484/2160 train_time:70389ms step_avg:145.43ms
step:485/2160 train_time:70535ms step_avg:145.43ms
step:486/2160 train_time:70680ms step_avg:145.43ms
step:487/2160 train_time:70825ms step_avg:145.43ms
step:488/2160 train_time:70970ms step_avg:145.43ms
step:489/2160 train_time:71113ms step_avg:145.43ms
step:490/2160 train_time:71259ms step_avg:145.43ms
step:491/2160 train_time:71400ms step_avg:145.42ms
step:492/2160 train_time:71543ms step_avg:145.41ms
step:493/2160 train_time:71689ms step_avg:145.41ms
step:494/2160 train_time:71836ms step_avg:145.42ms
step:495/2160 train_time:71976ms step_avg:145.41ms
step:496/2160 train_time:72119ms step_avg:145.40ms
step:497/2160 train_time:72264ms step_avg:145.40ms
step:498/2160 train_time:72408ms step_avg:145.40ms
step:499/2160 train_time:72565ms step_avg:145.42ms
step:500/2160 train_time:72711ms step_avg:145.42ms
step:500/2160 val_loss:4.0071 train_time:72780ms step_avg:145.56ms
step:501/2160 train_time:72895ms step_avg:145.50ms
step:502/2160 train_time:73039ms step_avg:145.50ms
step:503/2160 train_time:73177ms step_avg:145.48ms
step:504/2160 train_time:73318ms step_avg:145.47ms
step:505/2160 train_time:73475ms step_avg:145.50ms
step:506/2160 train_time:73621ms step_avg:145.50ms
step:507/2160 train_time:73763ms step_avg:145.49ms
step:508/2160 train_time:73913ms step_avg:145.50ms
step:509/2160 train_time:74051ms step_avg:145.48ms
step:510/2160 train_time:74188ms step_avg:145.47ms
step:511/2160 train_time:74328ms step_avg:145.46ms
step:512/2160 train_time:74472ms step_avg:145.45ms
step:513/2160 train_time:74619ms step_avg:145.46ms
step:514/2160 train_time:74762ms step_avg:145.45ms
step:515/2160 train_time:74906ms step_avg:145.45ms
step:516/2160 train_time:75048ms step_avg:145.44ms
step:517/2160 train_time:75192ms step_avg:145.44ms
step:518/2160 train_time:75335ms step_avg:145.43ms
step:519/2160 train_time:75480ms step_avg:145.43ms
step:520/2160 train_time:75625ms step_avg:145.43ms
step:521/2160 train_time:75769ms step_avg:145.43ms
step:522/2160 train_time:75913ms step_avg:145.43ms
step:523/2160 train_time:76056ms step_avg:145.42ms
step:524/2160 train_time:76199ms step_avg:145.42ms
step:525/2160 train_time:76341ms step_avg:145.41ms
step:526/2160 train_time:76484ms step_avg:145.41ms
step:527/2160 train_time:76632ms step_avg:145.41ms
step:528/2160 train_time:76775ms step_avg:145.41ms
step:529/2160 train_time:76920ms step_avg:145.41ms
step:530/2160 train_time:77063ms step_avg:145.40ms
step:531/2160 train_time:77209ms step_avg:145.40ms
step:532/2160 train_time:77352ms step_avg:145.40ms
step:533/2160 train_time:77496ms step_avg:145.40ms
step:534/2160 train_time:77643ms step_avg:145.40ms
step:535/2160 train_time:77789ms step_avg:145.40ms
step:536/2160 train_time:77935ms step_avg:145.40ms
step:537/2160 train_time:78082ms step_avg:145.40ms
step:538/2160 train_time:78226ms step_avg:145.40ms
step:539/2160 train_time:78372ms step_avg:145.40ms
step:540/2160 train_time:78516ms step_avg:145.40ms
step:541/2160 train_time:78659ms step_avg:145.40ms
step:542/2160 train_time:78805ms step_avg:145.40ms
step:543/2160 train_time:78950ms step_avg:145.40ms
step:544/2160 train_time:79088ms step_avg:145.38ms
step:545/2160 train_time:79236ms step_avg:145.39ms
step:546/2160 train_time:79381ms step_avg:145.39ms
step:547/2160 train_time:79524ms step_avg:145.38ms
step:548/2160 train_time:79667ms step_avg:145.38ms
step:549/2160 train_time:79813ms step_avg:145.38ms
step:550/2160 train_time:79956ms step_avg:145.38ms
step:551/2160 train_time:80096ms step_avg:145.36ms
step:552/2160 train_time:80245ms step_avg:145.37ms
step:553/2160 train_time:80390ms step_avg:145.37ms
step:554/2160 train_time:80529ms step_avg:145.36ms
step:555/2160 train_time:80675ms step_avg:145.36ms
step:556/2160 train_time:80818ms step_avg:145.36ms
step:557/2160 train_time:80962ms step_avg:145.35ms
step:558/2160 train_time:81106ms step_avg:145.35ms
step:559/2160 train_time:81252ms step_avg:145.35ms
step:560/2160 train_time:81398ms step_avg:145.35ms
step:561/2160 train_time:81539ms step_avg:145.35ms
step:562/2160 train_time:81686ms step_avg:145.35ms
step:563/2160 train_time:81835ms step_avg:145.36ms
step:564/2160 train_time:81980ms step_avg:145.35ms
step:565/2160 train_time:82124ms step_avg:145.35ms
step:566/2160 train_time:82270ms step_avg:145.35ms
step:567/2160 train_time:82412ms step_avg:145.35ms
step:568/2160 train_time:82560ms step_avg:145.35ms
step:569/2160 train_time:82703ms step_avg:145.35ms
step:570/2160 train_time:82850ms step_avg:145.35ms
step:571/2160 train_time:82993ms step_avg:145.35ms
step:572/2160 train_time:83135ms step_avg:145.34ms
step:573/2160 train_time:83277ms step_avg:145.33ms
step:574/2160 train_time:83419ms step_avg:145.33ms
step:575/2160 train_time:83564ms step_avg:145.33ms
step:576/2160 train_time:83709ms step_avg:145.33ms
step:577/2160 train_time:83852ms step_avg:145.32ms
step:578/2160 train_time:83997ms step_avg:145.32ms
step:579/2160 train_time:84140ms step_avg:145.32ms
step:580/2160 train_time:84286ms step_avg:145.32ms
step:581/2160 train_time:84427ms step_avg:145.31ms
step:582/2160 train_time:84569ms step_avg:145.31ms
step:583/2160 train_time:84713ms step_avg:145.30ms
step:584/2160 train_time:84857ms step_avg:145.30ms
step:585/2160 train_time:84999ms step_avg:145.30ms
step:586/2160 train_time:85145ms step_avg:145.30ms
step:587/2160 train_time:85290ms step_avg:145.30ms
step:588/2160 train_time:85437ms step_avg:145.30ms
step:589/2160 train_time:85580ms step_avg:145.30ms
step:590/2160 train_time:85723ms step_avg:145.29ms
step:591/2160 train_time:85866ms step_avg:145.29ms
step:592/2160 train_time:86011ms step_avg:145.29ms
step:593/2160 train_time:86155ms step_avg:145.29ms
step:594/2160 train_time:86300ms step_avg:145.29ms
step:595/2160 train_time:86443ms step_avg:145.28ms
step:596/2160 train_time:86586ms step_avg:145.28ms
step:597/2160 train_time:86730ms step_avg:145.28ms
step:598/2160 train_time:86874ms step_avg:145.27ms
step:599/2160 train_time:87017ms step_avg:145.27ms
step:600/2160 train_time:87161ms step_avg:145.27ms
step:601/2160 train_time:87304ms step_avg:145.26ms
step:602/2160 train_time:87449ms step_avg:145.26ms
step:603/2160 train_time:87594ms step_avg:145.26ms
step:604/2160 train_time:87740ms step_avg:145.27ms
step:605/2160 train_time:87884ms step_avg:145.26ms
step:606/2160 train_time:88029ms step_avg:145.26ms
step:607/2160 train_time:88171ms step_avg:145.26ms
step:608/2160 train_time:88316ms step_avg:145.26ms
step:609/2160 train_time:88462ms step_avg:145.26ms
step:610/2160 train_time:88605ms step_avg:145.25ms
step:611/2160 train_time:88747ms step_avg:145.25ms
step:612/2160 train_time:88889ms step_avg:145.24ms
step:613/2160 train_time:89036ms step_avg:145.25ms
step:614/2160 train_time:89180ms step_avg:145.24ms
step:615/2160 train_time:89325ms step_avg:145.24ms
step:616/2160 train_time:89468ms step_avg:145.24ms
step:617/2160 train_time:89612ms step_avg:145.24ms
step:618/2160 train_time:89757ms step_avg:145.24ms
step:619/2160 train_time:89900ms step_avg:145.23ms
step:620/2160 train_time:90043ms step_avg:145.23ms
step:621/2160 train_time:90185ms step_avg:145.23ms
step:622/2160 train_time:90331ms step_avg:145.23ms
step:623/2160 train_time:90473ms step_avg:145.22ms
step:624/2160 train_time:90621ms step_avg:145.23ms
step:625/2160 train_time:90764ms step_avg:145.22ms
step:626/2160 train_time:90908ms step_avg:145.22ms
step:627/2160 train_time:91050ms step_avg:145.22ms
step:628/2160 train_time:91196ms step_avg:145.22ms
step:629/2160 train_time:91341ms step_avg:145.22ms
step:630/2160 train_time:91486ms step_avg:145.22ms
step:631/2160 train_time:91632ms step_avg:145.22ms
step:632/2160 train_time:91779ms step_avg:145.22ms
step:633/2160 train_time:91923ms step_avg:145.22ms
step:634/2160 train_time:92066ms step_avg:145.22ms
step:635/2160 train_time:92206ms step_avg:145.21ms
step:636/2160 train_time:92352ms step_avg:145.21ms
step:637/2160 train_time:92493ms step_avg:145.20ms
step:638/2160 train_time:92637ms step_avg:145.20ms
step:639/2160 train_time:92783ms step_avg:145.20ms
step:640/2160 train_time:92928ms step_avg:145.20ms
step:641/2160 train_time:93071ms step_avg:145.20ms
step:642/2160 train_time:93214ms step_avg:145.19ms
step:643/2160 train_time:93357ms step_avg:145.19ms
step:644/2160 train_time:93510ms step_avg:145.20ms
step:645/2160 train_time:93642ms step_avg:145.18ms
step:646/2160 train_time:93789ms step_avg:145.18ms
step:647/2160 train_time:93931ms step_avg:145.18ms
step:648/2160 train_time:94077ms step_avg:145.18ms
step:649/2160 train_time:94217ms step_avg:145.17ms
step:650/2160 train_time:94363ms step_avg:145.17ms
step:651/2160 train_time:94507ms step_avg:145.17ms
step:652/2160 train_time:94650ms step_avg:145.17ms
step:653/2160 train_time:94796ms step_avg:145.17ms
step:654/2160 train_time:94938ms step_avg:145.17ms
step:655/2160 train_time:95092ms step_avg:145.18ms
step:656/2160 train_time:95225ms step_avg:145.16ms
step:657/2160 train_time:95371ms step_avg:145.16ms
step:658/2160 train_time:95512ms step_avg:145.16ms
step:659/2160 train_time:95656ms step_avg:145.15ms
step:660/2160 train_time:95801ms step_avg:145.15ms
step:661/2160 train_time:95947ms step_avg:145.15ms
step:662/2160 train_time:96090ms step_avg:145.15ms
step:663/2160 train_time:96233ms step_avg:145.15ms
step:664/2160 train_time:96377ms step_avg:145.15ms
step:665/2160 train_time:96523ms step_avg:145.15ms
step:666/2160 train_time:96666ms step_avg:145.14ms
step:667/2160 train_time:96809ms step_avg:145.14ms
step:668/2160 train_time:96954ms step_avg:145.14ms
step:669/2160 train_time:97096ms step_avg:145.14ms
step:670/2160 train_time:97243ms step_avg:145.14ms
step:671/2160 train_time:97382ms step_avg:145.13ms
step:672/2160 train_time:97532ms step_avg:145.14ms
step:673/2160 train_time:97674ms step_avg:145.13ms
step:674/2160 train_time:97822ms step_avg:145.14ms
step:675/2160 train_time:97965ms step_avg:145.13ms
step:676/2160 train_time:98109ms step_avg:145.13ms
step:677/2160 train_time:98252ms step_avg:145.13ms
step:678/2160 train_time:98397ms step_avg:145.13ms
step:679/2160 train_time:98543ms step_avg:145.13ms
step:680/2160 train_time:98688ms step_avg:145.13ms
step:681/2160 train_time:98831ms step_avg:145.13ms
step:682/2160 train_time:98975ms step_avg:145.12ms
step:683/2160 train_time:99118ms step_avg:145.12ms
step:684/2160 train_time:99261ms step_avg:145.12ms
step:685/2160 train_time:99405ms step_avg:145.12ms
step:686/2160 train_time:99547ms step_avg:145.11ms
step:687/2160 train_time:99692ms step_avg:145.11ms
step:688/2160 train_time:99835ms step_avg:145.11ms
step:689/2160 train_time:99981ms step_avg:145.11ms
step:690/2160 train_time:100125ms step_avg:145.11ms
step:691/2160 train_time:100270ms step_avg:145.11ms
step:692/2160 train_time:100413ms step_avg:145.11ms
step:693/2160 train_time:100558ms step_avg:145.10ms
step:694/2160 train_time:100701ms step_avg:145.10ms
step:695/2160 train_time:100846ms step_avg:145.10ms
step:696/2160 train_time:100987ms step_avg:145.10ms
step:697/2160 train_time:101132ms step_avg:145.10ms
step:698/2160 train_time:101276ms step_avg:145.09ms
step:699/2160 train_time:101421ms step_avg:145.09ms
step:700/2160 train_time:101563ms step_avg:145.09ms
step:701/2160 train_time:101707ms step_avg:145.09ms
step:702/2160 train_time:101850ms step_avg:145.09ms
step:703/2160 train_time:101993ms step_avg:145.08ms
step:704/2160 train_time:102140ms step_avg:145.08ms
step:705/2160 train_time:102300ms step_avg:145.11ms
step:706/2160 train_time:102445ms step_avg:145.11ms
step:707/2160 train_time:102587ms step_avg:145.10ms
step:708/2160 train_time:102800ms step_avg:145.20ms
step:709/2160 train_time:103028ms step_avg:145.32ms
step:710/2160 train_time:103289ms step_avg:145.48ms
step:711/2160 train_time:103544ms step_avg:145.63ms
step:712/2160 train_time:103802ms step_avg:145.79ms
step:713/2160 train_time:104060ms step_avg:145.95ms
step:714/2160 train_time:104319ms step_avg:146.10ms
step:715/2160 train_time:104576ms step_avg:146.26ms
step:716/2160 train_time:104835ms step_avg:146.42ms
step:717/2160 train_time:105091ms step_avg:146.57ms
step:718/2160 train_time:105348ms step_avg:146.72ms
step:719/2160 train_time:105611ms step_avg:146.89ms
step:720/2160 train_time:105873ms step_avg:147.05ms
step:721/2160 train_time:106137ms step_avg:147.21ms
step:722/2160 train_time:106393ms step_avg:147.36ms
step:723/2160 train_time:106650ms step_avg:147.51ms
step:724/2160 train_time:106911ms step_avg:147.67ms
step:725/2160 train_time:107169ms step_avg:147.82ms
step:726/2160 train_time:107426ms step_avg:147.97ms
step:727/2160 train_time:107684ms step_avg:148.12ms
step:728/2160 train_time:107940ms step_avg:148.27ms
step:729/2160 train_time:108201ms step_avg:148.42ms
step:730/2160 train_time:108461ms step_avg:148.58ms
step:731/2160 train_time:108721ms step_avg:148.73ms
step:732/2160 train_time:108976ms step_avg:148.87ms
step:733/2160 train_time:109237ms step_avg:149.03ms
step:734/2160 train_time:109495ms step_avg:149.18ms
step:735/2160 train_time:109751ms step_avg:149.32ms
step:736/2160 train_time:110009ms step_avg:149.47ms
step:737/2160 train_time:110268ms step_avg:149.62ms
step:738/2160 train_time:110526ms step_avg:149.76ms
step:739/2160 train_time:110783ms step_avg:149.91ms
step:740/2160 train_time:111040ms step_avg:150.05ms
step:741/2160 train_time:111298ms step_avg:150.20ms
step:742/2160 train_time:111554ms step_avg:150.34ms
step:743/2160 train_time:111812ms step_avg:150.49ms
step:744/2160 train_time:112071ms step_avg:150.63ms
step:745/2160 train_time:112332ms step_avg:150.78ms
step:746/2160 train_time:112591ms step_avg:150.93ms
step:747/2160 train_time:112847ms step_avg:151.07ms
step:748/2160 train_time:113106ms step_avg:151.21ms
step:749/2160 train_time:113362ms step_avg:151.35ms
step:750/2160 train_time:113621ms step_avg:151.49ms
step:750/2160 val_loss:3.8432 train_time:113807ms step_avg:151.74ms
step:751/2160 train_time:114000ms step_avg:151.80ms
step:752/2160 train_time:114229ms step_avg:151.90ms
step:753/2160 train_time:114475ms step_avg:152.02ms
step:754/2160 train_time:114732ms step_avg:152.16ms
step:755/2160 train_time:114989ms step_avg:152.30ms
step:756/2160 train_time:115250ms step_avg:152.45ms
step:757/2160 train_time:115506ms step_avg:152.58ms
step:758/2160 train_time:115767ms step_avg:152.73ms
step:759/2160 train_time:116024ms step_avg:152.86ms
step:760/2160 train_time:116284ms step_avg:153.00ms
step:761/2160 train_time:116539ms step_avg:153.14ms
step:762/2160 train_time:116804ms step_avg:153.29ms
step:763/2160 train_time:117058ms step_avg:153.42ms
step:764/2160 train_time:117316ms step_avg:153.56ms
step:765/2160 train_time:117588ms step_avg:153.71ms
step:766/2160 train_time:117851ms step_avg:153.85ms
step:767/2160 train_time:118091ms step_avg:153.97ms
step:768/2160 train_time:118352ms step_avg:154.10ms
step:769/2160 train_time:118608ms step_avg:154.24ms
step:770/2160 train_time:118865ms step_avg:154.37ms
step:771/2160 train_time:119125ms step_avg:154.51ms
step:772/2160 train_time:119384ms step_avg:154.64ms
step:773/2160 train_time:119644ms step_avg:154.78ms
step:774/2160 train_time:119901ms step_avg:154.91ms
step:775/2160 train_time:120158ms step_avg:155.04ms
step:776/2160 train_time:120415ms step_avg:155.17ms
step:777/2160 train_time:120675ms step_avg:155.31ms
step:778/2160 train_time:120934ms step_avg:155.44ms
step:779/2160 train_time:121192ms step_avg:155.57ms
step:780/2160 train_time:121450ms step_avg:155.71ms
step:781/2160 train_time:121708ms step_avg:155.84ms
step:782/2160 train_time:121968ms step_avg:155.97ms
step:783/2160 train_time:122224ms step_avg:156.10ms
step:784/2160 train_time:122483ms step_avg:156.23ms
step:785/2160 train_time:122740ms step_avg:156.36ms
step:786/2160 train_time:123001ms step_avg:156.49ms
step:787/2160 train_time:123256ms step_avg:156.61ms
step:788/2160 train_time:123511ms step_avg:156.74ms
step:789/2160 train_time:123770ms step_avg:156.87ms
step:790/2160 train_time:124031ms step_avg:157.00ms
step:791/2160 train_time:124288ms step_avg:157.13ms
step:792/2160 train_time:124549ms step_avg:157.26ms
step:793/2160 train_time:124818ms step_avg:157.40ms
step:794/2160 train_time:125077ms step_avg:157.53ms
step:795/2160 train_time:125333ms step_avg:157.65ms
step:796/2160 train_time:125592ms step_avg:157.78ms
step:797/2160 train_time:125846ms step_avg:157.90ms
step:798/2160 train_time:126091ms step_avg:158.01ms
step:799/2160 train_time:126349ms step_avg:158.13ms
step:800/2160 train_time:126609ms step_avg:158.26ms
step:801/2160 train_time:126868ms step_avg:158.39ms
step:802/2160 train_time:127127ms step_avg:158.51ms
step:803/2160 train_time:127385ms step_avg:158.64ms
step:804/2160 train_time:127643ms step_avg:158.76ms
step:805/2160 train_time:127902ms step_avg:158.88ms
step:806/2160 train_time:128161ms step_avg:159.01ms
step:807/2160 train_time:128416ms step_avg:159.13ms
step:808/2160 train_time:128678ms step_avg:159.25ms
step:809/2160 train_time:128942ms step_avg:159.38ms
step:810/2160 train_time:129196ms step_avg:159.50ms
step:811/2160 train_time:129456ms step_avg:159.62ms
step:812/2160 train_time:129717ms step_avg:159.75ms
step:813/2160 train_time:129974ms step_avg:159.87ms
step:814/2160 train_time:130242ms step_avg:160.00ms
step:815/2160 train_time:130501ms step_avg:160.12ms
step:816/2160 train_time:130759ms step_avg:160.24ms
step:817/2160 train_time:131019ms step_avg:160.37ms
step:818/2160 train_time:131280ms step_avg:160.49ms
step:819/2160 train_time:131541ms step_avg:160.61ms
step:820/2160 train_time:131792ms step_avg:160.72ms
step:821/2160 train_time:132050ms step_avg:160.84ms
step:822/2160 train_time:132311ms step_avg:160.96ms
step:823/2160 train_time:132565ms step_avg:161.08ms
step:824/2160 train_time:132823ms step_avg:161.19ms
step:825/2160 train_time:133082ms step_avg:161.31ms
step:826/2160 train_time:133342ms step_avg:161.43ms
step:827/2160 train_time:133600ms step_avg:161.55ms
step:828/2160 train_time:133860ms step_avg:161.67ms
step:829/2160 train_time:134121ms step_avg:161.79ms
step:830/2160 train_time:134377ms step_avg:161.90ms
step:831/2160 train_time:134634ms step_avg:162.01ms
step:832/2160 train_time:134895ms step_avg:162.13ms
step:833/2160 train_time:135156ms step_avg:162.25ms
step:834/2160 train_time:135412ms step_avg:162.36ms
step:835/2160 train_time:135671ms step_avg:162.48ms
step:836/2160 train_time:135930ms step_avg:162.60ms
step:837/2160 train_time:136189ms step_avg:162.71ms
step:838/2160 train_time:136442ms step_avg:162.82ms
step:839/2160 train_time:136702ms step_avg:162.93ms
step:840/2160 train_time:136960ms step_avg:163.05ms
step:841/2160 train_time:137217ms step_avg:163.16ms
step:842/2160 train_time:137480ms step_avg:163.28ms
step:843/2160 train_time:137740ms step_avg:163.39ms
step:844/2160 train_time:137997ms step_avg:163.50ms
step:845/2160 train_time:138253ms step_avg:163.61ms
step:846/2160 train_time:138513ms step_avg:163.73ms
step:847/2160 train_time:138770ms step_avg:163.84ms
step:848/2160 train_time:139025ms step_avg:163.95ms
step:849/2160 train_time:139292ms step_avg:164.07ms
step:850/2160 train_time:139547ms step_avg:164.17ms
step:851/2160 train_time:139805ms step_avg:164.28ms
step:852/2160 train_time:140058ms step_avg:164.39ms
step:853/2160 train_time:140314ms step_avg:164.49ms
step:854/2160 train_time:140576ms step_avg:164.61ms
step:855/2160 train_time:140838ms step_avg:164.72ms
step:856/2160 train_time:141105ms step_avg:164.84ms
step:857/2160 train_time:141362ms step_avg:164.95ms
step:858/2160 train_time:141624ms step_avg:165.06ms
step:859/2160 train_time:141879ms step_avg:165.17ms
step:860/2160 train_time:142138ms step_avg:165.28ms
step:861/2160 train_time:142396ms step_avg:165.38ms
step:862/2160 train_time:142656ms step_avg:165.49ms
step:863/2160 train_time:142915ms step_avg:165.60ms
step:864/2160 train_time:143174ms step_avg:165.71ms
step:865/2160 train_time:143431ms step_avg:165.82ms
step:866/2160 train_time:143691ms step_avg:165.93ms
step:867/2160 train_time:143953ms step_avg:166.04ms
step:868/2160 train_time:144209ms step_avg:166.14ms
step:869/2160 train_time:144469ms step_avg:166.25ms
step:870/2160 train_time:144729ms step_avg:166.36ms
step:871/2160 train_time:144987ms step_avg:166.46ms
step:872/2160 train_time:145245ms step_avg:166.57ms
step:873/2160 train_time:145501ms step_avg:166.67ms
step:874/2160 train_time:145758ms step_avg:166.77ms
step:875/2160 train_time:146016ms step_avg:166.88ms
step:876/2160 train_time:146274ms step_avg:166.98ms
step:877/2160 train_time:146534ms step_avg:167.09ms
step:878/2160 train_time:146791ms step_avg:167.19ms
step:879/2160 train_time:147051ms step_avg:167.29ms
step:880/2160 train_time:147313ms step_avg:167.40ms
step:881/2160 train_time:147573ms step_avg:167.51ms
step:882/2160 train_time:147829ms step_avg:167.61ms
step:883/2160 train_time:148087ms step_avg:167.71ms
step:884/2160 train_time:148349ms step_avg:167.82ms
step:885/2160 train_time:148605ms step_avg:167.92ms
step:886/2160 train_time:148863ms step_avg:168.02ms
step:887/2160 train_time:149122ms step_avg:168.12ms
step:888/2160 train_time:149383ms step_avg:168.22ms
step:889/2160 train_time:149640ms step_avg:168.32ms
step:890/2160 train_time:149900ms step_avg:168.43ms
step:891/2160 train_time:150156ms step_avg:168.52ms
step:892/2160 train_time:150413ms step_avg:168.62ms
step:893/2160 train_time:150672ms step_avg:168.73ms
step:894/2160 train_time:150928ms step_avg:168.82ms
step:895/2160 train_time:151186ms step_avg:168.92ms
step:896/2160 train_time:151446ms step_avg:169.03ms
step:897/2160 train_time:151706ms step_avg:169.13ms
step:898/2160 train_time:151967ms step_avg:169.23ms
step:899/2160 train_time:152225ms step_avg:169.33ms
step:900/2160 train_time:152485ms step_avg:169.43ms
step:901/2160 train_time:152743ms step_avg:169.53ms
step:902/2160 train_time:153000ms step_avg:169.62ms
step:903/2160 train_time:153261ms step_avg:169.72ms
step:904/2160 train_time:153520ms step_avg:169.82ms
step:905/2160 train_time:153780ms step_avg:169.92ms
step:906/2160 train_time:154043ms step_avg:170.03ms
step:907/2160 train_time:154305ms step_avg:170.13ms
step:908/2160 train_time:154561ms step_avg:170.22ms
step:909/2160 train_time:154825ms step_avg:170.32ms
step:910/2160 train_time:155081ms step_avg:170.42ms
step:911/2160 train_time:155339ms step_avg:170.52ms
step:912/2160 train_time:155601ms step_avg:170.61ms
step:913/2160 train_time:155860ms step_avg:170.71ms
step:914/2160 train_time:156124ms step_avg:170.81ms
step:915/2160 train_time:156377ms step_avg:170.90ms
step:916/2160 train_time:156638ms step_avg:171.00ms
step:917/2160 train_time:156897ms step_avg:171.10ms
step:918/2160 train_time:157154ms step_avg:171.19ms
step:919/2160 train_time:157411ms step_avg:171.29ms
step:920/2160 train_time:157668ms step_avg:171.38ms
step:921/2160 train_time:157932ms step_avg:171.48ms
step:922/2160 train_time:158186ms step_avg:171.57ms
step:923/2160 train_time:158449ms step_avg:171.67ms
step:924/2160 train_time:158704ms step_avg:171.76ms
step:925/2160 train_time:158960ms step_avg:171.85ms
step:926/2160 train_time:159222ms step_avg:171.95ms
step:927/2160 train_time:159481ms step_avg:172.04ms
step:928/2160 train_time:159736ms step_avg:172.13ms
step:929/2160 train_time:159995ms step_avg:172.22ms
step:930/2160 train_time:160254ms step_avg:172.32ms
step:931/2160 train_time:160514ms step_avg:172.41ms
step:932/2160 train_time:160774ms step_avg:172.50ms
step:933/2160 train_time:161036ms step_avg:172.60ms
step:934/2160 train_time:161296ms step_avg:172.69ms
step:935/2160 train_time:161553ms step_avg:172.78ms
step:936/2160 train_time:161813ms step_avg:172.88ms
step:937/2160 train_time:162069ms step_avg:172.97ms
step:938/2160 train_time:162325ms step_avg:173.05ms
step:939/2160 train_time:162582ms step_avg:173.14ms
step:940/2160 train_time:162843ms step_avg:173.24ms
step:941/2160 train_time:163100ms step_avg:173.33ms
step:942/2160 train_time:163358ms step_avg:173.42ms
step:943/2160 train_time:163617ms step_avg:173.51ms
step:944/2160 train_time:163876ms step_avg:173.60ms
step:945/2160 train_time:164131ms step_avg:173.68ms
step:946/2160 train_time:164392ms step_avg:173.78ms
step:947/2160 train_time:164650ms step_avg:173.86ms
step:948/2160 train_time:164908ms step_avg:173.95ms
step:949/2160 train_time:165167ms step_avg:174.04ms
step:950/2160 train_time:165425ms step_avg:174.13ms
step:951/2160 train_time:165683ms step_avg:174.22ms
step:952/2160 train_time:165941ms step_avg:174.31ms
step:953/2160 train_time:166199ms step_avg:174.40ms
step:954/2160 train_time:166455ms step_avg:174.48ms
step:955/2160 train_time:166712ms step_avg:174.57ms
step:956/2160 train_time:166971ms step_avg:174.66ms
step:957/2160 train_time:167228ms step_avg:174.74ms
step:958/2160 train_time:167488ms step_avg:174.83ms
step:959/2160 train_time:167745ms step_avg:174.92ms
step:960/2160 train_time:168003ms step_avg:175.00ms
step:961/2160 train_time:168260ms step_avg:175.09ms
step:962/2160 train_time:168523ms step_avg:175.18ms
step:963/2160 train_time:168777ms step_avg:175.26ms
step:964/2160 train_time:169034ms step_avg:175.35ms
step:965/2160 train_time:169291ms step_avg:175.43ms
step:966/2160 train_time:169549ms step_avg:175.52ms
step:967/2160 train_time:169807ms step_avg:175.60ms
step:968/2160 train_time:170068ms step_avg:175.69ms
step:969/2160 train_time:170328ms step_avg:175.78ms
step:970/2160 train_time:170584ms step_avg:175.86ms
step:971/2160 train_time:170843ms step_avg:175.95ms
step:972/2160 train_time:171099ms step_avg:176.03ms
step:973/2160 train_time:171358ms step_avg:176.11ms
step:974/2160 train_time:171618ms step_avg:176.20ms
step:975/2160 train_time:171875ms step_avg:176.28ms
step:976/2160 train_time:172135ms step_avg:176.37ms
step:977/2160 train_time:172394ms step_avg:176.45ms
step:978/2160 train_time:172650ms step_avg:176.53ms
step:979/2160 train_time:172912ms step_avg:176.62ms
step:980/2160 train_time:173171ms step_avg:176.71ms
step:981/2160 train_time:173432ms step_avg:176.79ms
step:982/2160 train_time:173690ms step_avg:176.87ms
step:983/2160 train_time:173946ms step_avg:176.95ms
step:984/2160 train_time:174208ms step_avg:177.04ms
step:985/2160 train_time:174466ms step_avg:177.12ms
step:986/2160 train_time:174722ms step_avg:177.20ms
step:987/2160 train_time:174982ms step_avg:177.29ms
step:988/2160 train_time:175243ms step_avg:177.37ms
step:989/2160 train_time:175501ms step_avg:177.45ms
step:990/2160 train_time:175761ms step_avg:177.54ms
step:991/2160 train_time:176018ms step_avg:177.62ms
step:992/2160 train_time:176277ms step_avg:177.70ms
step:993/2160 train_time:176535ms step_avg:177.78ms
step:994/2160 train_time:176793ms step_avg:177.86ms
step:995/2160 train_time:177051ms step_avg:177.94ms
step:996/2160 train_time:177313ms step_avg:178.03ms
step:997/2160 train_time:177572ms step_avg:178.11ms
step:998/2160 train_time:177831ms step_avg:178.19ms
step:999/2160 train_time:178086ms step_avg:178.26ms
step:1000/2160 train_time:178346ms step_avg:178.35ms
step:1000/2160 val_loss:3.6830 train_time:178530ms step_avg:178.53ms
step:1001/2160 train_time:178718ms step_avg:178.54ms
step:1002/2160 train_time:178956ms step_avg:178.60ms
step:1003/2160 train_time:179211ms step_avg:178.67ms
step:1004/2160 train_time:179472ms step_avg:178.76ms
step:1005/2160 train_time:179731ms step_avg:178.84ms
step:1006/2160 train_time:179991ms step_avg:178.92ms
step:1007/2160 train_time:180244ms step_avg:178.99ms
step:1008/2160 train_time:180501ms step_avg:179.07ms
step:1009/2160 train_time:180762ms step_avg:179.15ms
step:1010/2160 train_time:181022ms step_avg:179.23ms
step:1011/2160 train_time:181278ms step_avg:179.31ms
step:1012/2160 train_time:181539ms step_avg:179.39ms
step:1013/2160 train_time:181796ms step_avg:179.46ms
step:1014/2160 train_time:182060ms step_avg:179.55ms
step:1015/2160 train_time:182315ms step_avg:179.62ms
step:1016/2160 train_time:182573ms step_avg:179.70ms
step:1017/2160 train_time:182831ms step_avg:179.78ms
step:1018/2160 train_time:183090ms step_avg:179.85ms
step:1019/2160 train_time:183346ms step_avg:179.93ms
step:1020/2160 train_time:183607ms step_avg:180.01ms
step:1021/2160 train_time:183866ms step_avg:180.08ms
step:1022/2160 train_time:184124ms step_avg:180.16ms
step:1023/2160 train_time:184382ms step_avg:180.24ms
step:1024/2160 train_time:184641ms step_avg:180.31ms
step:1025/2160 train_time:184899ms step_avg:180.39ms
step:1026/2160 train_time:185157ms step_avg:180.47ms
step:1027/2160 train_time:185415ms step_avg:180.54ms
step:1028/2160 train_time:185674ms step_avg:180.62ms
step:1029/2160 train_time:185932ms step_avg:180.69ms
step:1030/2160 train_time:186189ms step_avg:180.77ms
step:1031/2160 train_time:186448ms step_avg:180.84ms
step:1032/2160 train_time:186710ms step_avg:180.92ms
step:1033/2160 train_time:186964ms step_avg:180.99ms
step:1034/2160 train_time:187223ms step_avg:181.07ms
step:1035/2160 train_time:187480ms step_avg:181.14ms
step:1036/2160 train_time:187744ms step_avg:181.22ms
step:1037/2160 train_time:188000ms step_avg:181.29ms
step:1038/2160 train_time:188258ms step_avg:181.37ms
step:1039/2160 train_time:188518ms step_avg:181.44ms
step:1040/2160 train_time:188779ms step_avg:181.52ms
step:1041/2160 train_time:189037ms step_avg:181.59ms
step:1042/2160 train_time:189296ms step_avg:181.67ms
step:1043/2160 train_time:189554ms step_avg:181.74ms
step:1044/2160 train_time:189815ms step_avg:181.82ms
step:1045/2160 train_time:190072ms step_avg:181.89ms
step:1046/2160 train_time:190329ms step_avg:181.96ms
step:1047/2160 train_time:190589ms step_avg:182.03ms
step:1048/2160 train_time:190847ms step_avg:182.11ms
step:1049/2160 train_time:191105ms step_avg:182.18ms
step:1050/2160 train_time:191365ms step_avg:182.25ms
step:1051/2160 train_time:191621ms step_avg:182.32ms
step:1052/2160 train_time:191879ms step_avg:182.39ms
step:1053/2160 train_time:192137ms step_avg:182.47ms
step:1054/2160 train_time:192396ms step_avg:182.54ms
step:1055/2160 train_time:192653ms step_avg:182.61ms
step:1056/2160 train_time:192912ms step_avg:182.68ms
step:1057/2160 train_time:193170ms step_avg:182.75ms
step:1058/2160 train_time:193430ms step_avg:182.83ms
step:1059/2160 train_time:193686ms step_avg:182.90ms
step:1060/2160 train_time:193945ms step_avg:182.97ms
step:1061/2160 train_time:194205ms step_avg:183.04ms
step:1062/2160 train_time:194465ms step_avg:183.11ms
step:1063/2160 train_time:194722ms step_avg:183.18ms
step:1064/2160 train_time:194986ms step_avg:183.26ms
step:1065/2160 train_time:195243ms step_avg:183.33ms
step:1066/2160 train_time:195502ms step_avg:183.40ms
step:1067/2160 train_time:195761ms step_avg:183.47ms
step:1068/2160 train_time:196020ms step_avg:183.54ms
step:1069/2160 train_time:196278ms step_avg:183.61ms
step:1070/2160 train_time:196537ms step_avg:183.68ms
step:1071/2160 train_time:196791ms step_avg:183.75ms
step:1072/2160 train_time:197055ms step_avg:183.82ms
step:1073/2160 train_time:197314ms step_avg:183.89ms
step:1074/2160 train_time:197568ms step_avg:183.96ms
step:1075/2160 train_time:197828ms step_avg:184.03ms
step:1076/2160 train_time:198085ms step_avg:184.09ms
step:1077/2160 train_time:198343ms step_avg:184.16ms
step:1078/2160 train_time:198603ms step_avg:184.23ms
step:1079/2160 train_time:198860ms step_avg:184.30ms
step:1080/2160 train_time:199118ms step_avg:184.37ms
step:1081/2160 train_time:199378ms step_avg:184.44ms
step:1082/2160 train_time:199635ms step_avg:184.51ms
step:1083/2160 train_time:199894ms step_avg:184.57ms
step:1084/2160 train_time:200154ms step_avg:184.64ms
step:1085/2160 train_time:200409ms step_avg:184.71ms
step:1086/2160 train_time:200668ms step_avg:184.78ms
step:1087/2160 train_time:200925ms step_avg:184.84ms
step:1088/2160 train_time:201185ms step_avg:184.91ms
step:1089/2160 train_time:201444ms step_avg:184.98ms
step:1090/2160 train_time:201705ms step_avg:185.05ms
step:1091/2160 train_time:201966ms step_avg:185.12ms
step:1092/2160 train_time:202224ms step_avg:185.19ms
step:1093/2160 train_time:202486ms step_avg:185.26ms
step:1094/2160 train_time:202746ms step_avg:185.33ms
step:1095/2160 train_time:203005ms step_avg:185.39ms
step:1096/2160 train_time:203266ms step_avg:185.46ms
step:1097/2160 train_time:203523ms step_avg:185.53ms
step:1098/2160 train_time:203784ms step_avg:185.60ms
step:1099/2160 train_time:204047ms step_avg:185.67ms
step:1100/2160 train_time:204308ms step_avg:185.73ms
step:1101/2160 train_time:204570ms step_avg:185.80ms
step:1102/2160 train_time:204833ms step_avg:185.87ms
step:1103/2160 train_time:205096ms step_avg:185.94ms
step:1104/2160 train_time:205354ms step_avg:186.01ms
step:1105/2160 train_time:205624ms step_avg:186.09ms
step:1106/2160 train_time:205889ms step_avg:186.16ms
step:1107/2160 train_time:206132ms step_avg:186.21ms
step:1108/2160 train_time:206393ms step_avg:186.28ms
step:1109/2160 train_time:206654ms step_avg:186.34ms
step:1110/2160 train_time:206912ms step_avg:186.41ms
step:1111/2160 train_time:207170ms step_avg:186.47ms
step:1112/2160 train_time:207430ms step_avg:186.54ms
step:1113/2160 train_time:207691ms step_avg:186.60ms
step:1114/2160 train_time:207950ms step_avg:186.67ms
step:1115/2160 train_time:208210ms step_avg:186.74ms
step:1116/2160 train_time:208471ms step_avg:186.80ms
step:1117/2160 train_time:208746ms step_avg:186.88ms
step:1118/2160 train_time:208996ms step_avg:186.94ms
step:1119/2160 train_time:209255ms step_avg:187.00ms
step:1120/2160 train_time:209514ms step_avg:187.07ms
step:1121/2160 train_time:209773ms step_avg:187.13ms
step:1122/2160 train_time:210034ms step_avg:187.20ms
step:1123/2160 train_time:210293ms step_avg:187.26ms
step:1124/2160 train_time:210559ms step_avg:187.33ms
step:1125/2160 train_time:210818ms step_avg:187.39ms
step:1126/2160 train_time:211077ms step_avg:187.46ms
step:1127/2160 train_time:211336ms step_avg:187.52ms
step:1128/2160 train_time:211598ms step_avg:187.59ms
step:1129/2160 train_time:211862ms step_avg:187.65ms
step:1130/2160 train_time:212123ms step_avg:187.72ms
step:1131/2160 train_time:212385ms step_avg:187.79ms
step:1132/2160 train_time:212643ms step_avg:187.85ms
step:1133/2160 train_time:212903ms step_avg:187.91ms
step:1134/2160 train_time:213163ms step_avg:187.97ms
step:1135/2160 train_time:213425ms step_avg:188.04ms
step:1136/2160 train_time:213685ms step_avg:188.10ms
step:1137/2160 train_time:213945ms step_avg:188.17ms
step:1138/2160 train_time:214208ms step_avg:188.23ms
step:1139/2160 train_time:214467ms step_avg:188.29ms
step:1140/2160 train_time:214730ms step_avg:188.36ms
step:1141/2160 train_time:214996ms step_avg:188.43ms
step:1142/2160 train_time:215260ms step_avg:188.49ms
step:1143/2160 train_time:215530ms step_avg:188.57ms
step:1144/2160 train_time:215778ms step_avg:188.62ms
step:1145/2160 train_time:216038ms step_avg:188.68ms
step:1146/2160 train_time:216299ms step_avg:188.74ms
step:1147/2160 train_time:216562ms step_avg:188.81ms
step:1148/2160 train_time:216820ms step_avg:188.87ms
step:1149/2160 train_time:217080ms step_avg:188.93ms
step:1150/2160 train_time:217344ms step_avg:189.00ms
step:1151/2160 train_time:217603ms step_avg:189.06ms
step:1152/2160 train_time:217863ms step_avg:189.12ms
step:1153/2160 train_time:218125ms step_avg:189.18ms
step:1154/2160 train_time:218387ms step_avg:189.24ms
step:1155/2160 train_time:218648ms step_avg:189.31ms
step:1156/2160 train_time:218910ms step_avg:189.37ms
step:1157/2160 train_time:219169ms step_avg:189.43ms
step:1158/2160 train_time:219434ms step_avg:189.49ms
step:1159/2160 train_time:219692ms step_avg:189.55ms
step:1160/2160 train_time:219953ms step_avg:189.62ms
step:1161/2160 train_time:220208ms step_avg:189.67ms
step:1162/2160 train_time:220472ms step_avg:189.74ms
step:1163/2160 train_time:220731ms step_avg:189.79ms
step:1164/2160 train_time:220989ms step_avg:189.85ms
step:1165/2160 train_time:221249ms step_avg:189.91ms
step:1166/2160 train_time:221511ms step_avg:189.98ms
step:1167/2160 train_time:221772ms step_avg:190.04ms
step:1168/2160 train_time:222034ms step_avg:190.10ms
step:1169/2160 train_time:222297ms step_avg:190.16ms
step:1170/2160 train_time:222557ms step_avg:190.22ms
step:1171/2160 train_time:222819ms step_avg:190.28ms
step:1172/2160 train_time:223081ms step_avg:190.34ms
step:1173/2160 train_time:223341ms step_avg:190.40ms
step:1174/2160 train_time:223602ms step_avg:190.46ms
step:1175/2160 train_time:223860ms step_avg:190.52ms
step:1176/2160 train_time:224121ms step_avg:190.58ms
step:1177/2160 train_time:224382ms step_avg:190.64ms
step:1178/2160 train_time:224643ms step_avg:190.70ms
step:1179/2160 train_time:224902ms step_avg:190.76ms
step:1180/2160 train_time:225167ms step_avg:190.82ms
step:1181/2160 train_time:225429ms step_avg:190.88ms
step:1182/2160 train_time:225690ms step_avg:190.94ms
step:1183/2160 train_time:225950ms step_avg:191.00ms
step:1184/2160 train_time:226213ms step_avg:191.06ms
step:1185/2160 train_time:226478ms step_avg:191.12ms
step:1186/2160 train_time:226739ms step_avg:191.18ms
step:1187/2160 train_time:227000ms step_avg:191.24ms
step:1188/2160 train_time:227270ms step_avg:191.31ms
step:1189/2160 train_time:227522ms step_avg:191.36ms
step:1190/2160 train_time:227788ms step_avg:191.42ms
step:1191/2160 train_time:228050ms step_avg:191.48ms
step:1192/2160 train_time:228309ms step_avg:191.53ms
step:1193/2160 train_time:228572ms step_avg:191.59ms
step:1194/2160 train_time:228833ms step_avg:191.65ms
step:1195/2160 train_time:229095ms step_avg:191.71ms
step:1196/2160 train_time:229362ms step_avg:191.77ms
step:1197/2160 train_time:229622ms step_avg:191.83ms
step:1198/2160 train_time:229885ms step_avg:191.89ms
step:1199/2160 train_time:230150ms step_avg:191.95ms
step:1200/2160 train_time:230414ms step_avg:192.01ms
step:1201/2160 train_time:230676ms step_avg:192.07ms
step:1202/2160 train_time:230939ms step_avg:192.13ms
step:1203/2160 train_time:231200ms step_avg:192.19ms
step:1204/2160 train_time:231467ms step_avg:192.25ms
step:1205/2160 train_time:231726ms step_avg:192.30ms
step:1206/2160 train_time:231990ms step_avg:192.36ms
step:1207/2160 train_time:232245ms step_avg:192.41ms
step:1208/2160 train_time:232508ms step_avg:192.47ms
step:1209/2160 train_time:232770ms step_avg:192.53ms
step:1210/2160 train_time:233033ms step_avg:192.59ms
step:1211/2160 train_time:233296ms step_avg:192.65ms
step:1212/2160 train_time:233555ms step_avg:192.70ms
step:1213/2160 train_time:233816ms step_avg:192.76ms
step:1214/2160 train_time:234078ms step_avg:192.82ms
step:1215/2160 train_time:234340ms step_avg:192.87ms
step:1216/2160 train_time:234600ms step_avg:192.93ms
step:1217/2160 train_time:234861ms step_avg:192.98ms
step:1218/2160 train_time:235120ms step_avg:193.04ms
step:1219/2160 train_time:235386ms step_avg:193.10ms
step:1220/2160 train_time:235646ms step_avg:193.15ms
step:1221/2160 train_time:235906ms step_avg:193.21ms
step:1222/2160 train_time:236168ms step_avg:193.26ms
step:1223/2160 train_time:236429ms step_avg:193.32ms
step:1224/2160 train_time:236693ms step_avg:193.38ms
step:1225/2160 train_time:236950ms step_avg:193.43ms
step:1226/2160 train_time:237216ms step_avg:193.49ms
step:1227/2160 train_time:237492ms step_avg:193.55ms
step:1228/2160 train_time:237754ms step_avg:193.61ms
step:1229/2160 train_time:238001ms step_avg:193.65ms
step:1230/2160 train_time:238262ms step_avg:193.71ms
step:1231/2160 train_time:238524ms step_avg:193.76ms
step:1232/2160 train_time:238784ms step_avg:193.82ms
step:1233/2160 train_time:239046ms step_avg:193.87ms
step:1234/2160 train_time:239311ms step_avg:193.93ms
step:1235/2160 train_time:239571ms step_avg:193.98ms
step:1236/2160 train_time:239831ms step_avg:194.04ms
step:1237/2160 train_time:240091ms step_avg:194.09ms
step:1238/2160 train_time:240352ms step_avg:194.15ms
step:1239/2160 train_time:240613ms step_avg:194.20ms
step:1240/2160 train_time:240873ms step_avg:194.25ms
step:1241/2160 train_time:241135ms step_avg:194.31ms
step:1242/2160 train_time:241412ms step_avg:194.37ms
step:1243/2160 train_time:241674ms step_avg:194.43ms
step:1244/2160 train_time:241923ms step_avg:194.47ms
step:1245/2160 train_time:242186ms step_avg:194.53ms
step:1246/2160 train_time:242448ms step_avg:194.58ms
step:1247/2160 train_time:242709ms step_avg:194.63ms
step:1248/2160 train_time:242968ms step_avg:194.69ms
step:1249/2160 train_time:243233ms step_avg:194.74ms
step:1250/2160 train_time:243493ms step_avg:194.79ms
step:1250/2160 val_loss:3.5660 train_time:243677ms step_avg:194.94ms
step:1251/2160 train_time:243899ms step_avg:194.96ms
step:1252/2160 train_time:244137ms step_avg:195.00ms
step:1253/2160 train_time:244395ms step_avg:195.05ms
step:1254/2160 train_time:244663ms step_avg:195.11ms
step:1255/2160 train_time:244926ms step_avg:195.16ms
step:1256/2160 train_time:245195ms step_avg:195.22ms
step:1257/2160 train_time:245450ms step_avg:195.27ms
step:1258/2160 train_time:245703ms step_avg:195.31ms
step:1259/2160 train_time:245963ms step_avg:195.36ms
step:1260/2160 train_time:246223ms step_avg:195.42ms
step:1261/2160 train_time:246485ms step_avg:195.47ms
step:1262/2160 train_time:246747ms step_avg:195.52ms
step:1263/2160 train_time:247011ms step_avg:195.57ms
step:1264/2160 train_time:247272ms step_avg:195.63ms
step:1265/2160 train_time:247531ms step_avg:195.68ms
step:1266/2160 train_time:247789ms step_avg:195.73ms
step:1267/2160 train_time:248050ms step_avg:195.78ms
step:1268/2160 train_time:248309ms step_avg:195.83ms
step:1269/2160 train_time:248567ms step_avg:195.88ms
step:1270/2160 train_time:248833ms step_avg:195.93ms
step:1271/2160 train_time:249095ms step_avg:195.98ms
step:1272/2160 train_time:249356ms step_avg:196.03ms
step:1273/2160 train_time:249619ms step_avg:196.09ms
step:1274/2160 train_time:249875ms step_avg:196.13ms
step:1275/2160 train_time:250138ms step_avg:196.19ms
step:1276/2160 train_time:250399ms step_avg:196.24ms
step:1277/2160 train_time:250659ms step_avg:196.29ms
step:1278/2160 train_time:250921ms step_avg:196.34ms
step:1279/2160 train_time:251185ms step_avg:196.39ms
step:1280/2160 train_time:251451ms step_avg:196.45ms
step:1281/2160 train_time:251711ms step_avg:196.50ms
step:1282/2160 train_time:251972ms step_avg:196.55ms
step:1283/2160 train_time:252231ms step_avg:196.59ms
step:1284/2160 train_time:252495ms step_avg:196.65ms
step:1285/2160 train_time:252755ms step_avg:196.70ms
step:1286/2160 train_time:253021ms step_avg:196.75ms
step:1287/2160 train_time:253283ms step_avg:196.80ms
step:1288/2160 train_time:253548ms step_avg:196.85ms
step:1289/2160 train_time:253810ms step_avg:196.90ms
step:1290/2160 train_time:254070ms step_avg:196.95ms
step:1291/2160 train_time:254333ms step_avg:197.00ms
step:1292/2160 train_time:254592ms step_avg:197.05ms
step:1293/2160 train_time:254856ms step_avg:197.10ms
step:1294/2160 train_time:255117ms step_avg:197.15ms
step:1295/2160 train_time:255378ms step_avg:197.20ms
step:1296/2160 train_time:255656ms step_avg:197.27ms
step:1297/2160 train_time:255914ms step_avg:197.31ms
step:1298/2160 train_time:256180ms step_avg:197.37ms
step:1299/2160 train_time:256432ms step_avg:197.41ms
step:1300/2160 train_time:256694ms step_avg:197.46ms
step:1301/2160 train_time:256954ms step_avg:197.51ms
step:1302/2160 train_time:257216ms step_avg:197.55ms
step:1303/2160 train_time:257478ms step_avg:197.60ms
step:1304/2160 train_time:257736ms step_avg:197.65ms
step:1305/2160 train_time:257997ms step_avg:197.70ms
step:1306/2160 train_time:258272ms step_avg:197.76ms
step:1307/2160 train_time:258531ms step_avg:197.80ms
step:1308/2160 train_time:258794ms step_avg:197.85ms
step:1309/2160 train_time:259037ms step_avg:197.89ms
step:1310/2160 train_time:259299ms step_avg:197.94ms
step:1311/2160 train_time:259559ms step_avg:197.99ms
step:1312/2160 train_time:259822ms step_avg:198.03ms
step:1313/2160 train_time:260085ms step_avg:198.08ms
step:1314/2160 train_time:260348ms step_avg:198.13ms
step:1315/2160 train_time:260609ms step_avg:198.18ms
step:1316/2160 train_time:260869ms step_avg:198.23ms
step:1317/2160 train_time:261130ms step_avg:198.28ms
step:1318/2160 train_time:261393ms step_avg:198.33ms
step:1319/2160 train_time:261652ms step_avg:198.37ms
step:1320/2160 train_time:261916ms step_avg:198.42ms
step:1321/2160 train_time:262177ms step_avg:198.47ms
step:1322/2160 train_time:262438ms step_avg:198.52ms
step:1323/2160 train_time:262701ms step_avg:198.56ms
step:1324/2160 train_time:262961ms step_avg:198.61ms
step:1325/2160 train_time:263222ms step_avg:198.66ms
step:1326/2160 train_time:263484ms step_avg:198.71ms
step:1327/2160 train_time:263744ms step_avg:198.75ms
step:1328/2160 train_time:264006ms step_avg:198.80ms
step:1329/2160 train_time:264266ms step_avg:198.85ms
step:1330/2160 train_time:264527ms step_avg:198.89ms
step:1331/2160 train_time:264790ms step_avg:198.94ms
step:1332/2160 train_time:265052ms step_avg:198.99ms
step:1333/2160 train_time:265311ms step_avg:199.03ms
step:1334/2160 train_time:265573ms step_avg:199.08ms
step:1335/2160 train_time:265833ms step_avg:199.13ms
step:1336/2160 train_time:266094ms step_avg:199.17ms
step:1337/2160 train_time:266355ms step_avg:199.22ms
step:1338/2160 train_time:266621ms step_avg:199.27ms
step:1339/2160 train_time:266883ms step_avg:199.32ms
step:1340/2160 train_time:267145ms step_avg:199.36ms
step:1341/2160 train_time:267407ms step_avg:199.41ms
step:1342/2160 train_time:267669ms step_avg:199.46ms
step:1343/2160 train_time:267929ms step_avg:199.50ms
step:1344/2160 train_time:268192ms step_avg:199.55ms
step:1345/2160 train_time:268452ms step_avg:199.59ms
step:1346/2160 train_time:268717ms step_avg:199.64ms
step:1347/2160 train_time:268974ms step_avg:199.68ms
step:1348/2160 train_time:269235ms step_avg:199.73ms
step:1349/2160 train_time:269496ms step_avg:199.77ms
step:1350/2160 train_time:269757ms step_avg:199.82ms
step:1351/2160 train_time:270018ms step_avg:199.87ms
step:1352/2160 train_time:270280ms step_avg:199.91ms
step:1353/2160 train_time:270537ms step_avg:199.95ms
step:1354/2160 train_time:270799ms step_avg:200.00ms
step:1355/2160 train_time:271058ms step_avg:200.04ms
step:1356/2160 train_time:271321ms step_avg:200.09ms
step:1357/2160 train_time:271578ms step_avg:200.13ms
step:1358/2160 train_time:271842ms step_avg:200.18ms
step:1359/2160 train_time:272102ms step_avg:200.22ms
step:1360/2160 train_time:272363ms step_avg:200.27ms
step:1361/2160 train_time:272626ms step_avg:200.31ms
step:1362/2160 train_time:272904ms step_avg:200.37ms
step:1363/2160 train_time:273163ms step_avg:200.41ms
step:1364/2160 train_time:273430ms step_avg:200.46ms
step:1365/2160 train_time:273689ms step_avg:200.50ms
step:1366/2160 train_time:273951ms step_avg:200.55ms
step:1367/2160 train_time:274197ms step_avg:200.58ms
step:1368/2160 train_time:274459ms step_avg:200.63ms
step:1369/2160 train_time:274723ms step_avg:200.67ms
step:1370/2160 train_time:274984ms step_avg:200.72ms
step:1371/2160 train_time:275246ms step_avg:200.76ms
step:1372/2160 train_time:275504ms step_avg:200.80ms
step:1373/2160 train_time:275766ms step_avg:200.85ms
step:1374/2160 train_time:276024ms step_avg:200.89ms
step:1375/2160 train_time:276282ms step_avg:200.93ms
step:1376/2160 train_time:276554ms step_avg:200.98ms
step:1377/2160 train_time:276824ms step_avg:201.03ms
step:1378/2160 train_time:277085ms step_avg:201.08ms
step:1379/2160 train_time:277354ms step_avg:201.13ms
step:1380/2160 train_time:277604ms step_avg:201.16ms
step:1381/2160 train_time:277853ms step_avg:201.20ms
step:1382/2160 train_time:278110ms step_avg:201.24ms
step:1383/2160 train_time:278374ms step_avg:201.28ms
step:1384/2160 train_time:278635ms step_avg:201.33ms
step:1385/2160 train_time:278895ms step_avg:201.37ms
step:1386/2160 train_time:279156ms step_avg:201.41ms
step:1387/2160 train_time:279418ms step_avg:201.45ms
step:1388/2160 train_time:279679ms step_avg:201.50ms
step:1389/2160 train_time:279942ms step_avg:201.54ms
step:1390/2160 train_time:280203ms step_avg:201.59ms
step:1391/2160 train_time:280462ms step_avg:201.63ms
step:1392/2160 train_time:280723ms step_avg:201.67ms
step:1393/2160 train_time:280995ms step_avg:201.72ms
step:1394/2160 train_time:281244ms step_avg:201.75ms
step:1395/2160 train_time:281503ms step_avg:201.79ms
step:1396/2160 train_time:281766ms step_avg:201.84ms
step:1397/2160 train_time:282027ms step_avg:201.88ms
step:1398/2160 train_time:282286ms step_avg:201.92ms
step:1399/2160 train_time:282550ms step_avg:201.97ms
step:1400/2160 train_time:282809ms step_avg:202.01ms
step:1401/2160 train_time:283071ms step_avg:202.05ms
step:1402/2160 train_time:283334ms step_avg:202.09ms
step:1403/2160 train_time:283593ms step_avg:202.13ms
step:1404/2160 train_time:283853ms step_avg:202.17ms
step:1405/2160 train_time:284115ms step_avg:202.22ms
step:1406/2160 train_time:284373ms step_avg:202.26ms
step:1407/2160 train_time:284636ms step_avg:202.30ms
step:1408/2160 train_time:284897ms step_avg:202.34ms
step:1409/2160 train_time:285158ms step_avg:202.38ms
step:1410/2160 train_time:285435ms step_avg:202.44ms
step:1411/2160 train_time:285696ms step_avg:202.48ms
step:1412/2160 train_time:285952ms step_avg:202.52ms
step:1413/2160 train_time:286205ms step_avg:202.55ms
step:1414/2160 train_time:286467ms step_avg:202.59ms
step:1415/2160 train_time:286825ms step_avg:202.70ms
step:1416/2160 train_time:287206ms step_avg:202.83ms
step:1417/2160 train_time:287591ms step_avg:202.96ms
step:1418/2160 train_time:287976ms step_avg:203.09ms
step:1419/2160 train_time:288362ms step_avg:203.21ms
step:1420/2160 train_time:288744ms step_avg:203.34ms
step:1421/2160 train_time:289128ms step_avg:203.47ms
step:1422/2160 train_time:289527ms step_avg:203.61ms
step:1423/2160 train_time:289897ms step_avg:203.72ms
step:1424/2160 train_time:290282ms step_avg:203.85ms
step:1425/2160 train_time:290663ms step_avg:203.97ms
step:1426/2160 train_time:291051ms step_avg:204.10ms
step:1427/2160 train_time:291431ms step_avg:204.23ms
step:1428/2160 train_time:291812ms step_avg:204.35ms
step:1429/2160 train_time:292199ms step_avg:204.48ms
step:1430/2160 train_time:292582ms step_avg:204.60ms
step:1431/2160 train_time:292962ms step_avg:204.73ms
step:1432/2160 train_time:293349ms step_avg:204.85ms
step:1433/2160 train_time:293732ms step_avg:204.98ms
step:1434/2160 train_time:294117ms step_avg:205.10ms
step:1435/2160 train_time:294499ms step_avg:205.23ms
step:1436/2160 train_time:294884ms step_avg:205.35ms
step:1437/2160 train_time:295271ms step_avg:205.48ms
step:1438/2160 train_time:295655ms step_avg:205.60ms
step:1439/2160 train_time:296037ms step_avg:205.72ms
step:1440/2160 train_time:296423ms step_avg:205.85ms
step:1441/2160 train_time:296808ms step_avg:205.97ms
step:1442/2160 train_time:297194ms step_avg:206.10ms
step:1443/2160 train_time:297595ms step_avg:206.23ms
step:1444/2160 train_time:297962ms step_avg:206.34ms
step:1445/2160 train_time:298349ms step_avg:206.47ms
step:1446/2160 train_time:298731ms step_avg:206.59ms
step:1447/2160 train_time:299113ms step_avg:206.71ms
step:1448/2160 train_time:299497ms step_avg:206.83ms
step:1449/2160 train_time:299885ms step_avg:206.96ms
step:1450/2160 train_time:300265ms step_avg:207.08ms
step:1451/2160 train_time:300645ms step_avg:207.20ms
step:1452/2160 train_time:301034ms step_avg:207.32ms
step:1453/2160 train_time:301417ms step_avg:207.44ms
step:1454/2160 train_time:301804ms step_avg:207.57ms
step:1455/2160 train_time:302191ms step_avg:207.69ms
step:1456/2160 train_time:302579ms step_avg:207.82ms
step:1457/2160 train_time:302961ms step_avg:207.93ms
step:1458/2160 train_time:303344ms step_avg:208.05ms
step:1459/2160 train_time:303726ms step_avg:208.17ms
step:1460/2160 train_time:304108ms step_avg:208.29ms
step:1461/2160 train_time:304497ms step_avg:208.42ms
step:1462/2160 train_time:304885ms step_avg:208.54ms
step:1463/2160 train_time:305267ms step_avg:208.66ms
step:1464/2160 train_time:305655ms step_avg:208.78ms
step:1465/2160 train_time:306037ms step_avg:208.90ms
step:1466/2160 train_time:306424ms step_avg:209.02ms
step:1467/2160 train_time:306810ms step_avg:209.14ms
step:1468/2160 train_time:307196ms step_avg:209.26ms
step:1469/2160 train_time:307581ms step_avg:209.38ms
step:1470/2160 train_time:307963ms step_avg:209.50ms
step:1471/2160 train_time:308349ms step_avg:209.62ms
step:1472/2160 train_time:308734ms step_avg:209.74ms
step:1473/2160 train_time:309119ms step_avg:209.86ms
step:1474/2160 train_time:309503ms step_avg:209.98ms
step:1475/2160 train_time:309883ms step_avg:210.09ms
step:1476/2160 train_time:310267ms step_avg:210.21ms
step:1477/2160 train_time:310650ms step_avg:210.33ms
step:1478/2160 train_time:311032ms step_avg:210.44ms
step:1479/2160 train_time:311430ms step_avg:210.57ms
step:1480/2160 train_time:311796ms step_avg:210.67ms
step:1481/2160 train_time:312189ms step_avg:210.80ms
step:1482/2160 train_time:312565ms step_avg:210.91ms
step:1483/2160 train_time:312950ms step_avg:211.02ms
step:1484/2160 train_time:313333ms step_avg:211.14ms
step:1485/2160 train_time:313716ms step_avg:211.26ms
step:1486/2160 train_time:314096ms step_avg:211.37ms
step:1487/2160 train_time:314483ms step_avg:211.49ms
step:1488/2160 train_time:314873ms step_avg:211.61ms
step:1489/2160 train_time:315257ms step_avg:211.72ms
step:1490/2160 train_time:315638ms step_avg:211.84ms
step:1491/2160 train_time:316020ms step_avg:211.95ms
step:1492/2160 train_time:316406ms step_avg:212.07ms
step:1493/2160 train_time:316800ms step_avg:212.19ms
step:1494/2160 train_time:317172ms step_avg:212.30ms
step:1495/2160 train_time:317555ms step_avg:212.41ms
step:1496/2160 train_time:317941ms step_avg:212.53ms
step:1497/2160 train_time:318323ms step_avg:212.64ms
step:1498/2160 train_time:318707ms step_avg:212.75ms
step:1499/2160 train_time:319092ms step_avg:212.87ms
step:1500/2160 train_time:319476ms step_avg:212.98ms
step:1500/2160 val_loss:3.4645 train_time:319765ms step_avg:213.18ms
step:1501/2160 train_time:320029ms step_avg:213.21ms
step:1502/2160 train_time:320360ms step_avg:213.29ms
step:1503/2160 train_time:320736ms step_avg:213.40ms
step:1504/2160 train_time:321122ms step_avg:213.51ms
step:1505/2160 train_time:321505ms step_avg:213.62ms
step:1506/2160 train_time:321891ms step_avg:213.74ms
step:1507/2160 train_time:322279ms step_avg:213.85ms
step:1508/2160 train_time:322652ms step_avg:213.96ms
step:1509/2160 train_time:323034ms step_avg:214.07ms
step:1510/2160 train_time:323418ms step_avg:214.18ms
step:1511/2160 train_time:323795ms step_avg:214.29ms
step:1512/2160 train_time:324181ms step_avg:214.41ms
step:1513/2160 train_time:324559ms step_avg:214.51ms
step:1514/2160 train_time:324942ms step_avg:214.62ms
step:1515/2160 train_time:325327ms step_avg:214.74ms
step:1516/2160 train_time:325710ms step_avg:214.85ms
step:1517/2160 train_time:326090ms step_avg:214.96ms
step:1518/2160 train_time:326473ms step_avg:215.07ms
step:1519/2160 train_time:326859ms step_avg:215.18ms
step:1520/2160 train_time:327259ms step_avg:215.30ms
step:1521/2160 train_time:327631ms step_avg:215.41ms
step:1522/2160 train_time:328018ms step_avg:215.52ms
step:1523/2160 train_time:328401ms step_avg:215.63ms
step:1524/2160 train_time:328783ms step_avg:215.74ms
step:1525/2160 train_time:329164ms step_avg:215.85ms
step:1526/2160 train_time:329548ms step_avg:215.96ms
step:1527/2160 train_time:329929ms step_avg:216.06ms
step:1528/2160 train_time:330312ms step_avg:216.17ms
step:1529/2160 train_time:330693ms step_avg:216.28ms
step:1530/2160 train_time:331081ms step_avg:216.39ms
step:1531/2160 train_time:331472ms step_avg:216.51ms
step:1532/2160 train_time:331852ms step_avg:216.61ms
step:1533/2160 train_time:332236ms step_avg:216.72ms
step:1534/2160 train_time:332622ms step_avg:216.83ms
step:1535/2160 train_time:333002ms step_avg:216.94ms
step:1536/2160 train_time:333385ms step_avg:217.05ms
step:1537/2160 train_time:333763ms step_avg:217.15ms
step:1538/2160 train_time:334149ms step_avg:217.26ms
step:1539/2160 train_time:334529ms step_avg:217.37ms
step:1540/2160 train_time:334915ms step_avg:217.48ms
step:1541/2160 train_time:335300ms step_avg:217.59ms
step:1542/2160 train_time:335686ms step_avg:217.70ms
step:1543/2160 train_time:336073ms step_avg:217.80ms
step:1544/2160 train_time:336459ms step_avg:217.91ms
step:1545/2160 train_time:336840ms step_avg:218.02ms
step:1546/2160 train_time:337228ms step_avg:218.13ms
step:1547/2160 train_time:337610ms step_avg:218.24ms
step:1548/2160 train_time:337991ms step_avg:218.34ms
step:1549/2160 train_time:338375ms step_avg:218.45ms
step:1550/2160 train_time:338757ms step_avg:218.55ms
step:1551/2160 train_time:339142ms step_avg:218.66ms
step:1552/2160 train_time:339528ms step_avg:218.77ms
step:1553/2160 train_time:339913ms step_avg:218.87ms
step:1554/2160 train_time:340296ms step_avg:218.98ms
step:1555/2160 train_time:340679ms step_avg:219.09ms
step:1556/2160 train_time:341062ms step_avg:219.19ms
step:1557/2160 train_time:341445ms step_avg:219.30ms
step:1558/2160 train_time:341830ms step_avg:219.40ms
step:1559/2160 train_time:342214ms step_avg:219.51ms
step:1560/2160 train_time:342596ms step_avg:219.61ms
step:1561/2160 train_time:342980ms step_avg:219.72ms
step:1562/2160 train_time:343365ms step_avg:219.82ms
step:1563/2160 train_time:343744ms step_avg:219.93ms
step:1564/2160 train_time:344132ms step_avg:220.03ms
step:1565/2160 train_time:344514ms step_avg:220.14ms
step:1566/2160 train_time:344898ms step_avg:220.24ms
step:1567/2160 train_time:345276ms step_avg:220.34ms
step:1568/2160 train_time:345658ms step_avg:220.45ms
step:1569/2160 train_time:346043ms step_avg:220.55ms
step:1570/2160 train_time:346427ms step_avg:220.65ms
step:1571/2160 train_time:346810ms step_avg:220.76ms
step:1572/2160 train_time:347195ms step_avg:220.86ms
step:1573/2160 train_time:347580ms step_avg:220.97ms
step:1574/2160 train_time:347965ms step_avg:221.07ms
step:1575/2160 train_time:348345ms step_avg:221.17ms
step:1576/2160 train_time:348729ms step_avg:221.27ms
step:1577/2160 train_time:349110ms step_avg:221.38ms
step:1578/2160 train_time:349498ms step_avg:221.48ms
step:1579/2160 train_time:349874ms step_avg:221.58ms
step:1580/2160 train_time:350257ms step_avg:221.68ms
step:1581/2160 train_time:350641ms step_avg:221.78ms
step:1582/2160 train_time:351024ms step_avg:221.89ms
step:1583/2160 train_time:351408ms step_avg:221.99ms
step:1584/2160 train_time:351794ms step_avg:222.09ms
step:1585/2160 train_time:352175ms step_avg:222.19ms
step:1586/2160 train_time:352557ms step_avg:222.29ms
step:1587/2160 train_time:352936ms step_avg:222.39ms
step:1588/2160 train_time:353330ms step_avg:222.50ms
step:1589/2160 train_time:353715ms step_avg:222.60ms
step:1590/2160 train_time:354098ms step_avg:222.70ms
step:1591/2160 train_time:354484ms step_avg:222.81ms
step:1592/2160 train_time:354867ms step_avg:222.91ms
step:1593/2160 train_time:355249ms step_avg:223.01ms
step:1594/2160 train_time:355630ms step_avg:223.11ms
step:1595/2160 train_time:356016ms step_avg:223.21ms
step:1596/2160 train_time:356399ms step_avg:223.31ms
step:1597/2160 train_time:356782ms step_avg:223.41ms
step:1598/2160 train_time:357168ms step_avg:223.51ms
step:1599/2160 train_time:357549ms step_avg:223.61ms
step:1600/2160 train_time:357934ms step_avg:223.71ms
step:1601/2160 train_time:358329ms step_avg:223.82ms
step:1602/2160 train_time:358714ms step_avg:223.92ms
step:1603/2160 train_time:359095ms step_avg:224.01ms
step:1604/2160 train_time:359467ms step_avg:224.11ms
step:1605/2160 train_time:359847ms step_avg:224.20ms
step:1606/2160 train_time:360232ms step_avg:224.30ms
step:1607/2160 train_time:360614ms step_avg:224.40ms
step:1608/2160 train_time:360998ms step_avg:224.50ms
step:1609/2160 train_time:361381ms step_avg:224.60ms
step:1610/2160 train_time:361768ms step_avg:224.70ms
step:1611/2160 train_time:362150ms step_avg:224.80ms
step:1612/2160 train_time:362533ms step_avg:224.90ms
step:1613/2160 train_time:362916ms step_avg:224.99ms
step:1614/2160 train_time:363291ms step_avg:225.09ms
step:1615/2160 train_time:363678ms step_avg:225.19ms
step:1616/2160 train_time:364062ms step_avg:225.29ms
step:1617/2160 train_time:364445ms step_avg:225.38ms
step:1618/2160 train_time:364825ms step_avg:225.48ms
step:1619/2160 train_time:365224ms step_avg:225.59ms
step:1620/2160 train_time:365610ms step_avg:225.69ms
step:1621/2160 train_time:365989ms step_avg:225.78ms
step:1622/2160 train_time:366359ms step_avg:225.87ms
step:1623/2160 train_time:366741ms step_avg:225.96ms
step:1624/2160 train_time:367129ms step_avg:226.06ms
step:1625/2160 train_time:367505ms step_avg:226.16ms
step:1626/2160 train_time:367883ms step_avg:226.25ms
step:1627/2160 train_time:368272ms step_avg:226.35ms
step:1628/2160 train_time:368656ms step_avg:226.45ms
step:1629/2160 train_time:369039ms step_avg:226.54ms
step:1630/2160 train_time:369428ms step_avg:226.64ms
step:1631/2160 train_time:369813ms step_avg:226.74ms
step:1632/2160 train_time:370200ms step_avg:226.84ms
step:1633/2160 train_time:370582ms step_avg:226.93ms
step:1634/2160 train_time:370961ms step_avg:227.03ms
step:1635/2160 train_time:371345ms step_avg:227.12ms
step:1636/2160 train_time:371726ms step_avg:227.22ms
step:1637/2160 train_time:372108ms step_avg:227.31ms
step:1638/2160 train_time:372493ms step_avg:227.41ms
step:1639/2160 train_time:372876ms step_avg:227.50ms
step:1640/2160 train_time:373257ms step_avg:227.60ms
step:1641/2160 train_time:373635ms step_avg:227.69ms
step:1642/2160 train_time:374023ms step_avg:227.79ms
step:1643/2160 train_time:374403ms step_avg:227.88ms
step:1644/2160 train_time:374788ms step_avg:227.97ms
step:1645/2160 train_time:375170ms step_avg:228.07ms
step:1646/2160 train_time:375552ms step_avg:228.16ms
step:1647/2160 train_time:375934ms step_avg:228.25ms
step:1648/2160 train_time:376322ms step_avg:228.35ms
step:1649/2160 train_time:376704ms step_avg:228.44ms
step:1650/2160 train_time:377090ms step_avg:228.54ms
step:1651/2160 train_time:377479ms step_avg:228.64ms
step:1652/2160 train_time:377862ms step_avg:228.73ms
step:1653/2160 train_time:378242ms step_avg:228.82ms
step:1654/2160 train_time:378636ms step_avg:228.92ms
step:1655/2160 train_time:379020ms step_avg:229.01ms
step:1656/2160 train_time:379399ms step_avg:229.11ms
step:1657/2160 train_time:379773ms step_avg:229.19ms
step:1658/2160 train_time:380163ms step_avg:229.29ms
step:1659/2160 train_time:380546ms step_avg:229.38ms
step:1660/2160 train_time:380932ms step_avg:229.48ms
step:1661/2160 train_time:381312ms step_avg:229.57ms
step:1662/2160 train_time:381698ms step_avg:229.66ms
step:1663/2160 train_time:382078ms step_avg:229.75ms
step:1664/2160 train_time:382467ms step_avg:229.85ms
step:1665/2160 train_time:382845ms step_avg:229.94ms
step:1666/2160 train_time:383228ms step_avg:230.03ms
step:1667/2160 train_time:383617ms step_avg:230.12ms
step:1668/2160 train_time:384011ms step_avg:230.22ms
step:1669/2160 train_time:384395ms step_avg:230.31ms
step:1670/2160 train_time:384782ms step_avg:230.41ms
step:1671/2160 train_time:385149ms step_avg:230.49ms
step:1672/2160 train_time:385536ms step_avg:230.58ms
step:1673/2160 train_time:385917ms step_avg:230.67ms
step:1674/2160 train_time:386296ms step_avg:230.76ms
step:1675/2160 train_time:386682ms step_avg:230.85ms
step:1676/2160 train_time:387067ms step_avg:230.95ms
step:1677/2160 train_time:387452ms step_avg:231.04ms
step:1678/2160 train_time:387836ms step_avg:231.13ms
step:1679/2160 train_time:388221ms step_avg:231.22ms
step:1680/2160 train_time:388606ms step_avg:231.31ms
step:1681/2160 train_time:388988ms step_avg:231.40ms
step:1682/2160 train_time:389375ms step_avg:231.50ms
step:1683/2160 train_time:389757ms step_avg:231.58ms
step:1684/2160 train_time:390139ms step_avg:231.67ms
step:1685/2160 train_time:390522ms step_avg:231.76ms
step:1686/2160 train_time:390901ms step_avg:231.85ms
step:1687/2160 train_time:391283ms step_avg:231.94ms
step:1688/2160 train_time:391672ms step_avg:232.03ms
step:1689/2160 train_time:392049ms step_avg:232.12ms
step:1690/2160 train_time:392435ms step_avg:232.21ms
step:1691/2160 train_time:392818ms step_avg:232.30ms
step:1692/2160 train_time:393198ms step_avg:232.39ms
step:1693/2160 train_time:393586ms step_avg:232.48ms
step:1694/2160 train_time:393970ms step_avg:232.57ms
step:1695/2160 train_time:394359ms step_avg:232.66ms
step:1696/2160 train_time:394742ms step_avg:232.75ms
step:1697/2160 train_time:395124ms step_avg:232.84ms
step:1698/2160 train_time:395507ms step_avg:232.93ms
step:1699/2160 train_time:395895ms step_avg:233.02ms
step:1700/2160 train_time:396277ms step_avg:233.10ms
step:1701/2160 train_time:396665ms step_avg:233.20ms
step:1702/2160 train_time:397045ms step_avg:233.28ms
step:1703/2160 train_time:397427ms step_avg:233.37ms
step:1704/2160 train_time:397808ms step_avg:233.46ms
step:1705/2160 train_time:398195ms step_avg:233.55ms
step:1706/2160 train_time:398581ms step_avg:233.63ms
step:1707/2160 train_time:398959ms step_avg:233.72ms
step:1708/2160 train_time:399344ms step_avg:233.81ms
step:1709/2160 train_time:399725ms step_avg:233.89ms
step:1710/2160 train_time:400113ms step_avg:233.98ms
step:1711/2160 train_time:400490ms step_avg:234.07ms
step:1712/2160 train_time:400885ms step_avg:234.16ms
step:1713/2160 train_time:401267ms step_avg:234.25ms
step:1714/2160 train_time:401647ms step_avg:234.33ms
step:1715/2160 train_time:402030ms step_avg:234.42ms
step:1716/2160 train_time:402432ms step_avg:234.52ms
step:1717/2160 train_time:402800ms step_avg:234.60ms
step:1718/2160 train_time:403188ms step_avg:234.68ms
step:1719/2160 train_time:403570ms step_avg:234.77ms
step:1720/2160 train_time:403957ms step_avg:234.86ms
step:1721/2160 train_time:404339ms step_avg:234.94ms
step:1722/2160 train_time:404719ms step_avg:235.03ms
step:1723/2160 train_time:405104ms step_avg:235.12ms
step:1724/2160 train_time:405489ms step_avg:235.20ms
step:1725/2160 train_time:405875ms step_avg:235.29ms
step:1726/2160 train_time:406256ms step_avg:235.37ms
step:1727/2160 train_time:406638ms step_avg:235.46ms
step:1728/2160 train_time:407027ms step_avg:235.55ms
step:1729/2160 train_time:407408ms step_avg:235.63ms
step:1730/2160 train_time:407808ms step_avg:235.73ms
step:1731/2160 train_time:408187ms step_avg:235.81ms
step:1732/2160 train_time:408566ms step_avg:235.89ms
step:1733/2160 train_time:408948ms step_avg:235.98ms
step:1734/2160 train_time:409328ms step_avg:236.06ms
step:1735/2160 train_time:409711ms step_avg:236.14ms
step:1736/2160 train_time:410103ms step_avg:236.23ms
step:1737/2160 train_time:410485ms step_avg:236.32ms
step:1738/2160 train_time:410878ms step_avg:236.41ms
step:1739/2160 train_time:411252ms step_avg:236.49ms
step:1740/2160 train_time:411640ms step_avg:236.57ms
step:1741/2160 train_time:412023ms step_avg:236.66ms
step:1742/2160 train_time:412404ms step_avg:236.74ms
step:1743/2160 train_time:412788ms step_avg:236.83ms
step:1744/2160 train_time:413176ms step_avg:236.91ms
step:1745/2160 train_time:413562ms step_avg:237.00ms
step:1746/2160 train_time:413947ms step_avg:237.08ms
step:1747/2160 train_time:414330ms step_avg:237.17ms
step:1748/2160 train_time:414714ms step_avg:237.25ms
step:1749/2160 train_time:415101ms step_avg:237.34ms
step:1750/2160 train_time:415489ms step_avg:237.42ms
step:1750/2160 val_loss:3.3742 train_time:415777ms step_avg:237.59ms
step:1751/2160 train_time:416038ms step_avg:237.60ms
step:1752/2160 train_time:416380ms step_avg:237.66ms
step:1753/2160 train_time:416763ms step_avg:237.74ms
step:1754/2160 train_time:417148ms step_avg:237.83ms
step:1755/2160 train_time:417530ms step_avg:237.91ms
step:1756/2160 train_time:417913ms step_avg:237.99ms
step:1757/2160 train_time:418299ms step_avg:238.08ms
step:1758/2160 train_time:418680ms step_avg:238.16ms
step:1759/2160 train_time:419062ms step_avg:238.24ms
step:1760/2160 train_time:419445ms step_avg:238.32ms
step:1761/2160 train_time:419827ms step_avg:238.40ms
step:1762/2160 train_time:420210ms step_avg:238.48ms
step:1763/2160 train_time:420595ms step_avg:238.57ms
step:1764/2160 train_time:420977ms step_avg:238.65ms
step:1765/2160 train_time:421363ms step_avg:238.73ms
step:1766/2160 train_time:421744ms step_avg:238.81ms
step:1767/2160 train_time:422142ms step_avg:238.90ms
step:1768/2160 train_time:422523ms step_avg:238.98ms
step:1769/2160 train_time:422904ms step_avg:239.06ms
step:1770/2160 train_time:423279ms step_avg:239.14ms
step:1771/2160 train_time:423661ms step_avg:239.22ms
step:1772/2160 train_time:424046ms step_avg:239.30ms
step:1773/2160 train_time:424428ms step_avg:239.38ms
step:1774/2160 train_time:424810ms step_avg:239.46ms
step:1775/2160 train_time:425193ms step_avg:239.55ms
step:1776/2160 train_time:425580ms step_avg:239.63ms
step:1777/2160 train_time:425962ms step_avg:239.71ms
step:1778/2160 train_time:426347ms step_avg:239.79ms
step:1779/2160 train_time:426725ms step_avg:239.87ms
step:1780/2160 train_time:427110ms step_avg:239.95ms
step:1781/2160 train_time:427494ms step_avg:240.03ms
step:1782/2160 train_time:427877ms step_avg:240.11ms
step:1783/2160 train_time:428260ms step_avg:240.19ms
step:1784/2160 train_time:428643ms step_avg:240.27ms
step:1785/2160 train_time:429025ms step_avg:240.35ms
step:1786/2160 train_time:429409ms step_avg:240.43ms
step:1787/2160 train_time:429799ms step_avg:240.51ms
step:1788/2160 train_time:430186ms step_avg:240.60ms
step:1789/2160 train_time:430568ms step_avg:240.68ms
step:1790/2160 train_time:430956ms step_avg:240.76ms
step:1791/2160 train_time:431350ms step_avg:240.84ms
step:1792/2160 train_time:431740ms step_avg:240.93ms
step:1793/2160 train_time:432120ms step_avg:241.00ms
step:1794/2160 train_time:432508ms step_avg:241.09ms
step:1795/2160 train_time:432888ms step_avg:241.16ms
step:1796/2160 train_time:433256ms step_avg:241.23ms
step:1797/2160 train_time:433637ms step_avg:241.31ms
step:1798/2160 train_time:434021ms step_avg:241.39ms
step:1799/2160 train_time:434404ms step_avg:241.47ms
step:1800/2160 train_time:434790ms step_avg:241.55ms
step:1801/2160 train_time:435174ms step_avg:241.63ms
step:1802/2160 train_time:435556ms step_avg:241.71ms
step:1803/2160 train_time:435942ms step_avg:241.79ms
step:1804/2160 train_time:436342ms step_avg:241.87ms
step:1805/2160 train_time:436723ms step_avg:241.95ms
step:1806/2160 train_time:437090ms step_avg:242.02ms
step:1807/2160 train_time:437471ms step_avg:242.10ms
step:1808/2160 train_time:437858ms step_avg:242.18ms
step:1809/2160 train_time:438238ms step_avg:242.25ms
step:1810/2160 train_time:438620ms step_avg:242.33ms
step:1811/2160 train_time:439001ms step_avg:242.41ms
step:1812/2160 train_time:439403ms step_avg:242.50ms
step:1813/2160 train_time:439787ms step_avg:242.57ms
step:1814/2160 train_time:440167ms step_avg:242.65ms
step:1815/2160 train_time:440542ms step_avg:242.72ms
step:1816/2160 train_time:440927ms step_avg:242.80ms
step:1817/2160 train_time:441312ms step_avg:242.88ms
step:1818/2160 train_time:441689ms step_avg:242.95ms
step:1819/2160 train_time:442071ms step_avg:243.03ms
step:1820/2160 train_time:442454ms step_avg:243.11ms
step:1821/2160 train_time:442842ms step_avg:243.19ms
step:1822/2160 train_time:443225ms step_avg:243.26ms
step:1823/2160 train_time:443612ms step_avg:243.34ms
step:1824/2160 train_time:443995ms step_avg:243.42ms
step:1825/2160 train_time:444382ms step_avg:243.50ms
step:1826/2160 train_time:444769ms step_avg:243.58ms
step:1827/2160 train_time:445153ms step_avg:243.65ms
step:1828/2160 train_time:445537ms step_avg:243.73ms
step:1829/2160 train_time:445918ms step_avg:243.80ms
step:1830/2160 train_time:446305ms step_avg:243.88ms
step:1831/2160 train_time:446685ms step_avg:243.96ms
step:1832/2160 train_time:447067ms step_avg:244.03ms
step:1833/2160 train_time:447450ms step_avg:244.11ms
step:1834/2160 train_time:447835ms step_avg:244.18ms
step:1835/2160 train_time:448222ms step_avg:244.26ms
step:1836/2160 train_time:448608ms step_avg:244.34ms
step:1837/2160 train_time:448994ms step_avg:244.42ms
step:1838/2160 train_time:449374ms step_avg:244.49ms
step:1839/2160 train_time:449752ms step_avg:244.56ms
step:1840/2160 train_time:450140ms step_avg:244.64ms
step:1841/2160 train_time:450521ms step_avg:244.72ms
step:1842/2160 train_time:450912ms step_avg:244.79ms
step:1843/2160 train_time:451301ms step_avg:244.87ms
step:1844/2160 train_time:451682ms step_avg:244.95ms
step:1845/2160 train_time:452070ms step_avg:245.02ms
step:1846/2160 train_time:452448ms step_avg:245.10ms
step:1847/2160 train_time:452840ms step_avg:245.18ms
step:1848/2160 train_time:453225ms step_avg:245.25ms
step:1849/2160 train_time:453610ms step_avg:245.33ms
step:1850/2160 train_time:453994ms step_avg:245.40ms
step:1851/2160 train_time:454374ms step_avg:245.48ms
step:1852/2160 train_time:454759ms step_avg:245.55ms
step:1853/2160 train_time:455143ms step_avg:245.63ms
step:1854/2160 train_time:455516ms step_avg:245.69ms
step:1855/2160 train_time:455904ms step_avg:245.77ms
step:1856/2160 train_time:456286ms step_avg:245.84ms
step:1857/2160 train_time:456670ms step_avg:245.92ms
step:1858/2160 train_time:457057ms step_avg:245.99ms
step:1859/2160 train_time:457442ms step_avg:246.07ms
step:1860/2160 train_time:457821ms step_avg:246.14ms
step:1861/2160 train_time:458204ms step_avg:246.21ms
step:1862/2160 train_time:458584ms step_avg:246.29ms
step:1863/2160 train_time:458972ms step_avg:246.36ms
step:1864/2160 train_time:459350ms step_avg:246.43ms
step:1865/2160 train_time:459732ms step_avg:246.51ms
step:1866/2160 train_time:460118ms step_avg:246.58ms
step:1867/2160 train_time:460503ms step_avg:246.65ms
step:1868/2160 train_time:460884ms step_avg:246.73ms
step:1869/2160 train_time:461285ms step_avg:246.81ms
step:1870/2160 train_time:461656ms step_avg:246.87ms
step:1871/2160 train_time:462040ms step_avg:246.95ms
step:1872/2160 train_time:462428ms step_avg:247.02ms
step:1873/2160 train_time:462812ms step_avg:247.10ms
step:1874/2160 train_time:463197ms step_avg:247.17ms
step:1875/2160 train_time:463579ms step_avg:247.24ms
step:1876/2160 train_time:463958ms step_avg:247.31ms
step:1877/2160 train_time:464340ms step_avg:247.38ms
step:1878/2160 train_time:464723ms step_avg:247.46ms
step:1879/2160 train_time:465104ms step_avg:247.53ms
step:1880/2160 train_time:465484ms step_avg:247.60ms
step:1881/2160 train_time:465868ms step_avg:247.67ms
step:1882/2160 train_time:466250ms step_avg:247.74ms
step:1883/2160 train_time:466635ms step_avg:247.81ms
step:1884/2160 train_time:467020ms step_avg:247.89ms
step:1885/2160 train_time:467405ms step_avg:247.96ms
step:1886/2160 train_time:467799ms step_avg:248.04ms
step:1887/2160 train_time:468175ms step_avg:248.11ms
step:1888/2160 train_time:468562ms step_avg:248.18ms
step:1889/2160 train_time:468944ms step_avg:248.25ms
step:1890/2160 train_time:469331ms step_avg:248.32ms
step:1891/2160 train_time:469712ms step_avg:248.39ms
step:1892/2160 train_time:470094ms step_avg:248.46ms
step:1893/2160 train_time:470478ms step_avg:248.54ms
step:1894/2160 train_time:470860ms step_avg:248.61ms
step:1895/2160 train_time:471248ms step_avg:248.68ms
step:1896/2160 train_time:471649ms step_avg:248.76ms
step:1897/2160 train_time:472013ms step_avg:248.82ms
step:1898/2160 train_time:472396ms step_avg:248.89ms
step:1899/2160 train_time:472778ms step_avg:248.96ms
step:1900/2160 train_time:473161ms step_avg:249.03ms
step:1901/2160 train_time:473541ms step_avg:249.10ms
step:1902/2160 train_time:473925ms step_avg:249.17ms
step:1903/2160 train_time:474309ms step_avg:249.24ms
step:1904/2160 train_time:474691ms step_avg:249.31ms
step:1905/2160 train_time:475078ms step_avg:249.38ms
step:1906/2160 train_time:475475ms step_avg:249.46ms
step:1907/2160 train_time:475848ms step_avg:249.53ms
step:1908/2160 train_time:476231ms step_avg:249.60ms
step:1909/2160 train_time:476610ms step_avg:249.66ms
step:1910/2160 train_time:476991ms step_avg:249.73ms
step:1911/2160 train_time:477373ms step_avg:249.80ms
step:1912/2160 train_time:477757ms step_avg:249.87ms
step:1913/2160 train_time:478139ms step_avg:249.94ms
step:1914/2160 train_time:478528ms step_avg:250.01ms
step:1915/2160 train_time:478912ms step_avg:250.08ms
step:1916/2160 train_time:479294ms step_avg:250.15ms
step:1917/2160 train_time:479679ms step_avg:250.22ms
step:1918/2160 train_time:480060ms step_avg:250.29ms
step:1919/2160 train_time:480443ms step_avg:250.36ms
step:1920/2160 train_time:480828ms step_avg:250.43ms
step:1921/2160 train_time:481210ms step_avg:250.50ms
step:1922/2160 train_time:481591ms step_avg:250.57ms
step:1923/2160 train_time:481974ms step_avg:250.64ms
step:1924/2160 train_time:482357ms step_avg:250.71ms
step:1925/2160 train_time:482737ms step_avg:250.77ms
step:1926/2160 train_time:483121ms step_avg:250.84ms
step:1927/2160 train_time:483504ms step_avg:250.91ms
step:1928/2160 train_time:483903ms step_avg:250.99ms
step:1929/2160 train_time:484269ms step_avg:251.05ms
step:1930/2160 train_time:484654ms step_avg:251.12ms
step:1931/2160 train_time:485036ms step_avg:251.18ms
step:1932/2160 train_time:485420ms step_avg:251.25ms
step:1933/2160 train_time:485801ms step_avg:251.32ms
step:1934/2160 train_time:486183ms step_avg:251.39ms
step:1935/2160 train_time:486566ms step_avg:251.46ms
step:1936/2160 train_time:486952ms step_avg:251.52ms
step:1937/2160 train_time:487335ms step_avg:251.59ms
step:1938/2160 train_time:487719ms step_avg:251.66ms
step:1939/2160 train_time:488103ms step_avg:251.73ms
step:1940/2160 train_time:488485ms step_avg:251.80ms
step:1941/2160 train_time:488865ms step_avg:251.86ms
step:1942/2160 train_time:489246ms step_avg:251.93ms
step:1943/2160 train_time:489634ms step_avg:252.00ms
step:1944/2160 train_time:490020ms step_avg:252.07ms
step:1945/2160 train_time:490409ms step_avg:252.14ms
step:1946/2160 train_time:490791ms step_avg:252.20ms
step:1947/2160 train_time:491182ms step_avg:252.28ms
step:1948/2160 train_time:491564ms step_avg:252.34ms
step:1949/2160 train_time:491946ms step_avg:252.41ms
step:1950/2160 train_time:492328ms step_avg:252.48ms
step:1951/2160 train_time:492715ms step_avg:252.54ms
step:1952/2160 train_time:493099ms step_avg:252.61ms
step:1953/2160 train_time:493486ms step_avg:252.68ms
step:1954/2160 train_time:493871ms step_avg:252.75ms
step:1955/2160 train_time:494265ms step_avg:252.82ms
step:1956/2160 train_time:494636ms step_avg:252.88ms
step:1957/2160 train_time:495026ms step_avg:252.95ms
step:1958/2160 train_time:495408ms step_avg:253.02ms
step:1959/2160 train_time:495789ms step_avg:253.08ms
step:1960/2160 train_time:496176ms step_avg:253.15ms
step:1961/2160 train_time:496558ms step_avg:253.22ms
step:1962/2160 train_time:496959ms step_avg:253.29ms
step:1963/2160 train_time:497332ms step_avg:253.35ms
step:1964/2160 train_time:497715ms step_avg:253.42ms
step:1965/2160 train_time:498098ms step_avg:253.48ms
step:1966/2160 train_time:498479ms step_avg:253.55ms
step:1967/2160 train_time:498862ms step_avg:253.62ms
step:1968/2160 train_time:499241ms step_avg:253.68ms
step:1969/2160 train_time:499622ms step_avg:253.74ms
step:1970/2160 train_time:500005ms step_avg:253.81ms
step:1971/2160 train_time:500387ms step_avg:253.87ms
step:1972/2160 train_time:500775ms step_avg:253.94ms
step:1973/2160 train_time:501166ms step_avg:254.01ms
step:1974/2160 train_time:501539ms step_avg:254.07ms
step:1975/2160 train_time:501920ms step_avg:254.14ms
step:1976/2160 train_time:502310ms step_avg:254.21ms
step:1977/2160 train_time:502700ms step_avg:254.27ms
step:1978/2160 train_time:503084ms step_avg:254.34ms
step:1979/2160 train_time:503469ms step_avg:254.41ms
step:1980/2160 train_time:503843ms step_avg:254.47ms
step:1981/2160 train_time:504226ms step_avg:254.53ms
step:1982/2160 train_time:504612ms step_avg:254.60ms
step:1983/2160 train_time:504994ms step_avg:254.66ms
step:1984/2160 train_time:505377ms step_avg:254.73ms
step:1985/2160 train_time:505759ms step_avg:254.79ms
step:1986/2160 train_time:506144ms step_avg:254.86ms
step:1987/2160 train_time:506524ms step_avg:254.92ms
step:1988/2160 train_time:506909ms step_avg:254.98ms
step:1989/2160 train_time:507296ms step_avg:255.05ms
step:1990/2160 train_time:507678ms step_avg:255.11ms
step:1991/2160 train_time:508059ms step_avg:255.18ms
step:1992/2160 train_time:508444ms step_avg:255.24ms
step:1993/2160 train_time:508828ms step_avg:255.31ms
step:1994/2160 train_time:509212ms step_avg:255.37ms
step:1995/2160 train_time:509594ms step_avg:255.44ms
step:1996/2160 train_time:509980ms step_avg:255.50ms
step:1997/2160 train_time:510368ms step_avg:255.57ms
step:1998/2160 train_time:510756ms step_avg:255.63ms
step:1999/2160 train_time:511136ms step_avg:255.70ms
step:2000/2160 train_time:511516ms step_avg:255.76ms
step:2000/2160 val_loss:3.3043 train_time:511806ms step_avg:255.90ms
step:2001/2160 train_time:512066ms step_avg:255.91ms
step:2002/2160 train_time:512406ms step_avg:255.95ms
step:2003/2160 train_time:512786ms step_avg:256.01ms
step:2004/2160 train_time:513171ms step_avg:256.07ms
step:2005/2160 train_time:513555ms step_avg:256.14ms
step:2006/2160 train_time:513938ms step_avg:256.20ms
step:2007/2160 train_time:514322ms step_avg:256.26ms
step:2008/2160 train_time:514706ms step_avg:256.33ms
step:2009/2160 train_time:515089ms step_avg:256.39ms
step:2010/2160 train_time:515474ms step_avg:256.45ms
step:2011/2160 train_time:515858ms step_avg:256.52ms
step:2012/2160 train_time:516238ms step_avg:256.58ms
step:2013/2160 train_time:516622ms step_avg:256.64ms
step:2014/2160 train_time:517009ms step_avg:256.71ms
step:2015/2160 train_time:517391ms step_avg:256.77ms
step:2016/2160 train_time:517776ms step_avg:256.83ms
step:2017/2160 train_time:518156ms step_avg:256.89ms
step:2018/2160 train_time:518544ms step_avg:256.96ms
step:2019/2160 train_time:518920ms step_avg:257.02ms
step:2020/2160 train_time:519307ms step_avg:257.08ms
step:2021/2160 train_time:519692ms step_avg:257.15ms
step:2022/2160 train_time:520076ms step_avg:257.21ms
step:2023/2160 train_time:520456ms step_avg:257.27ms
step:2024/2160 train_time:520836ms step_avg:257.33ms
step:2025/2160 train_time:521219ms step_avg:257.39ms
step:2026/2160 train_time:521600ms step_avg:257.45ms
step:2027/2160 train_time:521985ms step_avg:257.52ms
step:2028/2160 train_time:522370ms step_avg:257.58ms
step:2029/2160 train_time:522752ms step_avg:257.64ms
step:2030/2160 train_time:523139ms step_avg:257.70ms
step:2031/2160 train_time:523522ms step_avg:257.77ms
step:2032/2160 train_time:523906ms step_avg:257.83ms
step:2033/2160 train_time:524289ms step_avg:257.89ms
step:2034/2160 train_time:524671ms step_avg:257.95ms
step:2035/2160 train_time:525057ms step_avg:258.01ms
step:2036/2160 train_time:525448ms step_avg:258.08ms
step:2037/2160 train_time:525829ms step_avg:258.14ms
step:2038/2160 train_time:526218ms step_avg:258.20ms
step:2039/2160 train_time:526598ms step_avg:258.26ms
step:2040/2160 train_time:526979ms step_avg:258.32ms
step:2041/2160 train_time:527363ms step_avg:258.38ms
step:2042/2160 train_time:527743ms step_avg:258.44ms
step:2043/2160 train_time:528125ms step_avg:258.50ms
step:2044/2160 train_time:528512ms step_avg:258.57ms
step:2045/2160 train_time:528895ms step_avg:258.63ms
step:2046/2160 train_time:529278ms step_avg:258.69ms
step:2047/2160 train_time:529663ms step_avg:258.75ms
step:2048/2160 train_time:530047ms step_avg:258.81ms
step:2049/2160 train_time:530430ms step_avg:258.87ms
step:2050/2160 train_time:530812ms step_avg:258.93ms
step:2051/2160 train_time:531200ms step_avg:259.00ms
step:2052/2160 train_time:531580ms step_avg:259.05ms
step:2053/2160 train_time:531963ms step_avg:259.12ms
step:2054/2160 train_time:532349ms step_avg:259.18ms
step:2055/2160 train_time:532748ms step_avg:259.24ms
step:2056/2160 train_time:533131ms step_avg:259.30ms
step:2057/2160 train_time:533513ms step_avg:259.36ms
step:2058/2160 train_time:533895ms step_avg:259.42ms
step:2059/2160 train_time:534265ms step_avg:259.48ms
step:2060/2160 train_time:534652ms step_avg:259.54ms
step:2061/2160 train_time:535049ms step_avg:259.61ms
step:2062/2160 train_time:535419ms step_avg:259.66ms
step:2063/2160 train_time:535801ms step_avg:259.72ms
step:2064/2160 train_time:536186ms step_avg:259.78ms
step:2065/2160 train_time:536569ms step_avg:259.84ms
step:2066/2160 train_time:536952ms step_avg:259.90ms
step:2067/2160 train_time:537337ms step_avg:259.96ms
step:2068/2160 train_time:537723ms step_avg:260.02ms
step:2069/2160 train_time:538104ms step_avg:260.08ms
step:2070/2160 train_time:538489ms step_avg:260.14ms
step:2071/2160 train_time:538876ms step_avg:260.20ms
step:2072/2160 train_time:539257ms step_avg:260.26ms
step:2073/2160 train_time:539643ms step_avg:260.32ms
step:2074/2160 train_time:540031ms step_avg:260.38ms
step:2075/2160 train_time:540417ms step_avg:260.44ms
step:2076/2160 train_time:540798ms step_avg:260.50ms
step:2077/2160 train_time:541180ms step_avg:260.56ms
step:2078/2160 train_time:541564ms step_avg:260.62ms
step:2079/2160 train_time:541947ms step_avg:260.68ms
step:2080/2160 train_time:542333ms step_avg:260.74ms
step:2081/2160 train_time:542716ms step_avg:260.80ms
step:2082/2160 train_time:543100ms step_avg:260.86ms
step:2083/2160 train_time:543485ms step_avg:260.91ms
step:2084/2160 train_time:543866ms step_avg:260.97ms
step:2085/2160 train_time:544244ms step_avg:261.03ms
step:2086/2160 train_time:544646ms step_avg:261.10ms
step:2087/2160 train_time:545013ms step_avg:261.15ms
step:2088/2160 train_time:545397ms step_avg:261.21ms
step:2089/2160 train_time:545780ms step_avg:261.26ms
step:2090/2160 train_time:546162ms step_avg:261.32ms
step:2091/2160 train_time:546546ms step_avg:261.38ms
step:2092/2160 train_time:546928ms step_avg:261.44ms
step:2093/2160 train_time:547310ms step_avg:261.50ms
step:2094/2160 train_time:547693ms step_avg:261.55ms
step:2095/2160 train_time:548075ms step_avg:261.61ms
step:2096/2160 train_time:548462ms step_avg:261.67ms
step:2097/2160 train_time:548843ms step_avg:261.73ms
step:2098/2160 train_time:549228ms step_avg:261.79ms
step:2099/2160 train_time:549613ms step_avg:261.84ms
step:2100/2160 train_time:549993ms step_avg:261.90ms
step:2101/2160 train_time:550391ms step_avg:261.97ms
step:2102/2160 train_time:550780ms step_avg:262.03ms
step:2103/2160 train_time:551144ms step_avg:262.07ms
step:2104/2160 train_time:551527ms step_avg:262.13ms
step:2105/2160 train_time:551913ms step_avg:262.19ms
step:2106/2160 train_time:552300ms step_avg:262.25ms
step:2107/2160 train_time:552682ms step_avg:262.31ms
step:2108/2160 train_time:553069ms step_avg:262.37ms
step:2109/2160 train_time:553446ms step_avg:262.42ms
step:2110/2160 train_time:553831ms step_avg:262.48ms
step:2111/2160 train_time:554216ms step_avg:262.54ms
step:2112/2160 train_time:554595ms step_avg:262.59ms
step:2113/2160 train_time:554979ms step_avg:262.65ms
step:2114/2160 train_time:555363ms step_avg:262.71ms
step:2115/2160 train_time:555746ms step_avg:262.76ms
step:2116/2160 train_time:556130ms step_avg:262.82ms
step:2117/2160 train_time:556519ms step_avg:262.88ms
step:2118/2160 train_time:556903ms step_avg:262.94ms
step:2119/2160 train_time:557289ms step_avg:263.00ms
step:2120/2160 train_time:557673ms step_avg:263.05ms
step:2121/2160 train_time:558053ms step_avg:263.11ms
step:2122/2160 train_time:558442ms step_avg:263.17ms
step:2123/2160 train_time:558825ms step_avg:263.22ms
step:2124/2160 train_time:559208ms step_avg:263.28ms
step:2125/2160 train_time:559595ms step_avg:263.34ms
step:2126/2160 train_time:559978ms step_avg:263.40ms
step:2127/2160 train_time:560362ms step_avg:263.45ms
step:2128/2160 train_time:560746ms step_avg:263.51ms
step:2129/2160 train_time:561126ms step_avg:263.56ms
step:2130/2160 train_time:561534ms step_avg:263.63ms
step:2131/2160 train_time:561905ms step_avg:263.68ms
step:2132/2160 train_time:562286ms step_avg:263.74ms
step:2133/2160 train_time:562669ms step_avg:263.79ms
step:2134/2160 train_time:563067ms step_avg:263.85ms
step:2135/2160 train_time:563445ms step_avg:263.91ms
step:2136/2160 train_time:563817ms step_avg:263.96ms
step:2137/2160 train_time:564202ms step_avg:264.02ms
step:2138/2160 train_time:564587ms step_avg:264.07ms
step:2139/2160 train_time:564966ms step_avg:264.13ms
step:2140/2160 train_time:565350ms step_avg:264.18ms
step:2141/2160 train_time:565732ms step_avg:264.24ms
step:2142/2160 train_time:566115ms step_avg:264.29ms
step:2143/2160 train_time:566499ms step_avg:264.35ms
step:2144/2160 train_time:566880ms step_avg:264.40ms
step:2145/2160 train_time:567265ms step_avg:264.46ms
step:2146/2160 train_time:567646ms step_avg:264.51ms
step:2147/2160 train_time:568035ms step_avg:264.57ms
step:2148/2160 train_time:568415ms step_avg:264.63ms
step:2149/2160 train_time:568810ms step_avg:264.69ms
step:2150/2160 train_time:569197ms step_avg:264.74ms
step:2151/2160 train_time:569566ms step_avg:264.79ms
step:2152/2160 train_time:569943ms step_avg:264.84ms
step:2153/2160 train_time:570330ms step_avg:264.90ms
step:2154/2160 train_time:570715ms step_avg:264.96ms
step:2155/2160 train_time:571102ms step_avg:265.01ms
step:2156/2160 train_time:571483ms step_avg:265.07ms
step:2157/2160 train_time:571868ms step_avg:265.12ms
step:2158/2160 train_time:572249ms step_avg:265.18ms
step:2159/2160 train_time:572634ms step_avg:265.23ms
step:2160/2160 train_time:573016ms step_avg:265.29ms
step:2160/2160 val_loss:3.2714 train_time:573304ms step_avg:265.42ms
peak memory allocated: 29213 MiB reserved: 32040 MiB
total training time: 573.30s (573304ms)
=== Done. Exit code: 0 ===
