W0524 21:37:47.109000 56 site-packages/torch/distributed/run.py:766] 
W0524 21:37:47.109000 56 site-packages/torch/distributed/run.py:766] *****************************************
W0524 21:37:47.109000 56 site-packages/torch/distributed/run.py:766] Setting OMP_NUM_THREADS environment variable for each process to be 1 in default, to avoid your system being overloaded, please further tune the variable for optimal performance in your application as needed. 
W0524 21:37:47.109000 56 site-packages/torch/distributed/run.py:766] *****************************************
/root/miniconda3/envs/llm_test/lib/python3.10/site-packages/torch/autograd/__init__.py:221: UserWarning: Cannot create tensor with interal format while allow_internel_format=False, tensor will be created with base format. (Triggered internally at build/CMakeFiles/torch_npu.dir/compiler_depend.ts:338.)
  torch.ones_like(out, memory_format=torch.preserve_format)
using device: npu:6
/root/miniconda3/envs/llm_test/lib/python3.10/site-packages/torch/autograd/__init__.py:221: UserWarning: Cannot create tensor with interal format while allow_internel_format=False, tensor will be created with base format. (Triggered internally at build/CMakeFiles/torch_npu.dir/compiler_depend.ts:338.)
  torch.ones_like(out, memory_format=torch.preserve_format)
/root/miniconda3/envs/llm_test/lib/python3.10/site-packages/torch/autograd/__init__.py:221: UserWarning: Cannot create tensor with interal format while allow_internel_format=False, tensor will be created with base format. (Triggered internally at build/CMakeFiles/torch_npu.dir/compiler_depend.ts:338.)
  torch.ones_like(out, memory_format=torch.preserve_format)
/root/miniconda3/envs/llm_test/lib/python3.10/site-packages/torch/autograd/__init__.py:221: UserWarning: Cannot create tensor with interal format while allow_internel_format=False, tensor will be created with base format. (Triggered internally at build/CMakeFiles/torch_npu.dir/compiler_depend.ts:338.)
  torch.ones_like(out, memory_format=torch.preserve_format)
/root/miniconda3/envs/llm_test/lib/python3.10/site-packages/torch/autograd/__init__.py:221: UserWarning: Cannot create tensor with interal format while allow_internel_format=False, tensor will be created with base format. (Triggered internally at build/CMakeFiles/torch_npu.dir/compiler_depend.ts:338.)
  torch.ones_like(out, memory_format=torch.preserve_format)
/root/miniconda3/envs/llm_test/lib/python3.10/site-packages/torch/autograd/__init__.py:221: UserWarning: Cannot create tensor with interal format while allow_internel_format=False, tensor will be created with base format. (Triggered internally at build/CMakeFiles/torch_npu.dir/compiler_depend.ts:338.)
  torch.ones_like(out, memory_format=torch.preserve_format)
/root/miniconda3/envs/llm_test/lib/python3.10/site-packages/torch/autograd/__init__.py:221: UserWarning: Cannot create tensor with interal format while allow_internel_format=False, tensor will be created with base format. (Triggered internally at build/CMakeFiles/torch_npu.dir/compiler_depend.ts:338.)
  torch.ones_like(out, memory_format=torch.preserve_format)
/root/miniconda3/envs/llm_test/lib/python3.10/site-packages/torch/autograd/__init__.py:221: UserWarning: Cannot create tensor with interal format while allow_internel_format=False, tensor will be created with base format. (Triggered internally at build/CMakeFiles/torch_npu.dir/compiler_depend.ts:338.)
  torch.ones_like(out, memory_format=torch.preserve_format)
/root/miniconda3/envs/llm_test/lib/python3.10/site-packages/torch/autograd/__init__.py:221: UserWarning: Cannot create tensor with interal format while allow_internel_format=False, tensor will be created with base format. (Triggered internally at build/CMakeFiles/torch_npu.dir/compiler_depend.ts:338.)
  torch.ones_like(out, memory_format=torch.preserve_format)
/root/miniconda3/envs/llm_test/lib/python3.10/site-packages/torch/autograd/__init__.py:221: UserWarning: Cannot create tensor with interal format while allow_internel_format=False, tensor will be created with base format. (Triggered internally at build/CMakeFiles/torch_npu.dir/compiler_depend.ts:338.)
  torch.ones_like(out, memory_format=torch.preserve_format)
/root/miniconda3/envs/llm_test/lib/python3.10/site-packages/torch/autograd/__init__.py:221: UserWarning: Cannot create tensor with interal format while allow_internel_format=False, tensor will be created with base format. (Triggered internally at build/CMakeFiles/torch_npu.dir/compiler_depend.ts:338.)
  torch.ones_like(out, memory_format=torch.preserve_format)
/root/miniconda3/envs/llm_test/lib/python3.10/site-packages/torch/autograd/__init__.py:221: UserWarning: Cannot create tensor with interal format while allow_internel_format=False, tensor will be created with base format. (Triggered internally at build/CMakeFiles/torch_npu.dir/compiler_depend.ts:338.)
  torch.ones_like(out, memory_format=torch.preserve_format)
/root/miniconda3/envs/llm_test/lib/python3.10/site-packages/torch/autograd/__init__.py:221: UserWarning: Cannot create tensor with interal format while allow_internel_format=False, tensor will be created with base format. (Triggered internally at build/CMakeFiles/torch_npu.dir/compiler_depend.ts:338.)
  torch.ones_like(out, memory_format=torch.preserve_format)
using device: npu:0
/root/miniconda3/envs/llm_test/lib/python3.10/site-packages/torch/autograd/__init__.py:221: UserWarning: Cannot create tensor with interal format while allow_internel_format=False, tensor will be created with base format. (Triggered internally at build/CMakeFiles/torch_npu.dir/compiler_depend.ts:338.)
  torch.ones_like(out, memory_format=torch.preserve_format)
/root/miniconda3/envs/llm_test/lib/python3.10/site-packages/torch/autograd/__init__.py:221: UserWarning: Cannot create tensor with interal format while allow_internel_format=False, tensor will be created with base format. (Triggered internally at build/CMakeFiles/torch_npu.dir/compiler_depend.ts:338.)
  torch.ones_like(out, memory_format=torch.preserve_format)
/root/miniconda3/envs/llm_test/lib/python3.10/site-packages/torch/autograd/__init__.py:221: UserWarning: Cannot create tensor with interal format while allow_internel_format=False, tensor will be created with base format. (Triggered internally at build/CMakeFiles/torch_npu.dir/compiler_depend.ts:338.)
  torch.ones_like(out, memory_format=torch.preserve_format)
Training DataLoader: total number of tokens: 10255324043 across 103 files
Validation DataLoader: total number of tokens: 100000000 across 1 files
using device: npu:14
using device: npu:5
using device: npu:15
using device: npu:1
using device: npu:7
using device: npu:2
using device: npu:11
using device: npu:8
using device: npu:9
using device: npu:10
using device: npu:13
using device: npu:4
using device: npu:12
using device: npu:3
step:0/3200 val_loss:10.8258 train_time:71ms step_avg:nanms
step:1/3200 train_loss:10.8258 train_time:3124ms step_avg:nanms
step:2/3200 train_loss:10.4286 train_time:3688ms step_avg:nanms
step:3/3200 train_loss:9.9159 train_time:4340ms step_avg:nanms
step:4/3200 train_loss:9.0067 train_time:4945ms step_avg:nanms
step:5/3200 train_loss:8.0912 train_time:5554ms step_avg:nanms
step:6/3200 train_loss:7.5532 train_time:6144ms step_avg:nanms
step:7/3200 train_loss:7.0685 train_time:6742ms step_avg:nanms
step:8/3200 train_loss:6.9867 train_time:7343ms step_avg:nanms
step:9/3200 train_loss:7.0099 train_time:7945ms step_avg:nanms
step:10/3200 train_loss:6.8301 train_time:8547ms step_avg:nanms
step:11/3200 train_loss:6.7678 train_time:223ms step_avg:nanms
step:12/3200 train_loss:6.5193 train_time:830ms step_avg:nanms
step:13/3200 train_loss:6.5801 train_time:1424ms step_avg:474.76ms
step:14/3200 train_loss:6.4332 train_time:2021ms step_avg:505.28ms
step:15/3200 train_loss:6.3508 train_time:2620ms step_avg:523.99ms
step:16/3200 train_loss:6.3149 train_time:3223ms step_avg:537.13ms
step:17/3200 train_loss:6.5397 train_time:3813ms step_avg:544.76ms
step:18/3200 train_loss:6.4861 train_time:4413ms step_avg:551.68ms
step:19/3200 train_loss:6.3727 train_time:5011ms step_avg:556.77ms
step:20/3200 train_loss:6.4398 train_time:5605ms step_avg:560.52ms
step:21/3200 train_loss:6.1831 train_time:6200ms step_avg:563.65ms
step:22/3200 train_loss:6.2497 train_time:6799ms step_avg:566.58ms
step:23/3200 train_loss:6.8185 train_time:7395ms step_avg:568.84ms
step:24/3200 train_loss:6.2059 train_time:7991ms step_avg:570.79ms
step:25/3200 train_loss:6.6858 train_time:8601ms step_avg:573.38ms
step:26/3200 train_loss:6.0942 train_time:9192ms step_avg:574.52ms
step:27/3200 train_loss:5.9647 train_time:9781ms step_avg:575.38ms
step:28/3200 train_loss:6.3437 train_time:10382ms step_avg:576.79ms
step:29/3200 train_loss:5.6902 train_time:10982ms step_avg:577.98ms
step:30/3200 train_loss:6.0688 train_time:11575ms step_avg:578.77ms
step:31/3200 train_loss:6.0753 train_time:12173ms step_avg:579.66ms
step:32/3200 train_loss:5.7754 train_time:12773ms step_avg:580.61ms
step:33/3200 train_loss:5.9071 train_time:13372ms step_avg:581.41ms
step:34/3200 train_loss:6.0524 train_time:13969ms step_avg:582.03ms
step:35/3200 train_loss:6.0918 train_time:14567ms step_avg:582.69ms
step:36/3200 train_loss:6.1124 train_time:15166ms step_avg:583.31ms
step:37/3200 train_loss:5.9546 train_time:15757ms step_avg:583.58ms
step:38/3200 train_loss:6.0119 train_time:16357ms step_avg:584.19ms
step:39/3200 train_loss:5.7185 train_time:16950ms step_avg:584.49ms
step:40/3200 train_loss:5.8049 train_time:17549ms step_avg:584.95ms
step:41/3200 train_loss:5.6922 train_time:18154ms step_avg:585.62ms
step:42/3200 train_loss:5.7773 train_time:18751ms step_avg:585.98ms
step:43/3200 train_loss:5.3766 train_time:19347ms step_avg:586.27ms
step:44/3200 train_loss:5.8032 train_time:19946ms step_avg:586.64ms
step:45/3200 train_loss:5.7075 train_time:20546ms step_avg:587.02ms
step:46/3200 train_loss:5.6965 train_time:21137ms step_avg:587.14ms
step:47/3200 train_loss:5.6403 train_time:21743ms step_avg:587.64ms
step:48/3200 train_loss:5.4861 train_time:22352ms step_avg:588.20ms
step:49/3200 train_loss:5.6343 train_time:22949ms step_avg:588.44ms
step:50/3200 train_loss:5.4039 train_time:23545ms step_avg:588.63ms
step:51/3200 train_loss:5.6373 train_time:24141ms step_avg:588.81ms
step:52/3200 train_loss:5.5893 train_time:24754ms step_avg:589.37ms
step:53/3200 train_loss:5.4840 train_time:25349ms step_avg:589.50ms
step:54/3200 train_loss:5.4731 train_time:25944ms step_avg:589.63ms
step:55/3200 train_loss:5.4193 train_time:26533ms step_avg:589.62ms
step:56/3200 train_loss:5.7594 train_time:27153ms step_avg:590.27ms
step:57/3200 train_loss:5.5140 train_time:27742ms step_avg:590.26ms
step:58/3200 train_loss:5.2828 train_time:28338ms step_avg:590.38ms
step:59/3200 train_loss:5.5455 train_time:28934ms step_avg:590.49ms
step:60/3200 train_loss:5.3866 train_time:29530ms step_avg:590.59ms
step:61/3200 train_loss:5.5793 train_time:30125ms step_avg:590.69ms
step:62/3200 train_loss:5.2321 train_time:30729ms step_avg:590.94ms
step:63/3200 train_loss:5.4441 train_time:31325ms step_avg:591.04ms
step:64/3200 train_loss:5.4008 train_time:31923ms step_avg:591.16ms
step:65/3200 train_loss:4.9842 train_time:32517ms step_avg:591.21ms
step:66/3200 train_loss:5.2984 train_time:33114ms step_avg:591.32ms
step:67/3200 train_loss:5.4220 train_time:33717ms step_avg:591.53ms
step:68/3200 train_loss:5.2191 train_time:34313ms step_avg:591.61ms
step:69/3200 train_loss:5.5342 train_time:34907ms step_avg:591.64ms
step:70/3200 train_loss:5.0465 train_time:35514ms step_avg:591.90ms
step:71/3200 train_loss:5.1750 train_time:36107ms step_avg:591.93ms
step:72/3200 train_loss:5.1380 train_time:36705ms step_avg:592.02ms
step:73/3200 train_loss:5.3024 train_time:37302ms step_avg:592.10ms
step:74/3200 train_loss:5.0412 train_time:37914ms step_avg:592.41ms
step:75/3200 train_loss:5.5044 train_time:38500ms step_avg:592.31ms
step:76/3200 train_loss:5.2400 train_time:39113ms step_avg:592.62ms
step:77/3200 train_loss:5.2099 train_time:39707ms step_avg:592.64ms
step:78/3200 train_loss:5.3507 train_time:40305ms step_avg:592.73ms
step:79/3200 train_loss:4.9441 train_time:40904ms step_avg:592.81ms
step:80/3200 train_loss:5.2289 train_time:41511ms step_avg:593.02ms
step:81/3200 train_loss:5.1900 train_time:42105ms step_avg:593.03ms
step:82/3200 train_loss:5.0241 train_time:42698ms step_avg:593.03ms
step:83/3200 train_loss:5.1179 train_time:43295ms step_avg:593.08ms
step:84/3200 train_loss:5.0952 train_time:43892ms step_avg:593.13ms
step:85/3200 train_loss:4.9630 train_time:44490ms step_avg:593.20ms
step:86/3200 train_loss:5.0035 train_time:45087ms step_avg:593.25ms
step:87/3200 train_loss:5.2441 train_time:45684ms step_avg:593.30ms
step:88/3200 train_loss:5.0860 train_time:46294ms step_avg:593.51ms
step:89/3200 train_loss:5.1617 train_time:46888ms step_avg:593.52ms
step:90/3200 train_loss:5.2440 train_time:47485ms step_avg:593.56ms
step:91/3200 train_loss:4.9968 train_time:48088ms step_avg:593.68ms
step:92/3200 train_loss:5.1526 train_time:48682ms step_avg:593.68ms
step:93/3200 train_loss:5.2257 train_time:49279ms step_avg:593.72ms
step:94/3200 train_loss:4.9515 train_time:49874ms step_avg:593.74ms
step:95/3200 train_loss:4.9667 train_time:50478ms step_avg:593.86ms
step:96/3200 train_loss:4.9868 train_time:51072ms step_avg:593.86ms
step:97/3200 train_loss:4.9848 train_time:51668ms step_avg:593.89ms
step:98/3200 train_loss:5.0205 train_time:52276ms step_avg:594.04ms
step:99/3200 train_loss:4.8994 train_time:52870ms step_avg:594.04ms
step:100/3200 train_loss:4.9475 train_time:53464ms step_avg:594.05ms
step:101/3200 train_loss:4.9639 train_time:54058ms step_avg:594.04ms
step:102/3200 train_loss:4.9700 train_time:54654ms step_avg:594.06ms
step:103/3200 train_loss:4.9583 train_time:55248ms step_avg:594.07ms
step:104/3200 train_loss:4.8484 train_time:55841ms step_avg:594.05ms
step:105/3200 train_loss:4.7564 train_time:56444ms step_avg:594.15ms
step:106/3200 train_loss:4.9135 train_time:57041ms step_avg:594.18ms
step:107/3200 train_loss:4.7256 train_time:57639ms step_avg:594.22ms
step:108/3200 train_loss:4.8537 train_time:58235ms step_avg:594.23ms
step:109/3200 train_loss:4.7687 train_time:58837ms step_avg:594.31ms
step:110/3200 train_loss:4.8959 train_time:59436ms step_avg:594.36ms
step:111/3200 train_loss:4.7873 train_time:60031ms step_avg:594.36ms
step:112/3200 train_loss:4.8211 train_time:60627ms step_avg:594.39ms
step:113/3200 train_loss:4.9529 train_time:61229ms step_avg:594.46ms
step:114/3200 train_loss:4.8271 train_time:61823ms step_avg:594.45ms
step:115/3200 train_loss:4.7540 train_time:62416ms step_avg:594.43ms
step:116/3200 train_loss:4.8995 train_time:63014ms step_avg:594.48ms
step:117/3200 train_loss:4.8327 train_time:63619ms step_avg:594.57ms
step:118/3200 train_loss:4.6311 train_time:64214ms step_avg:594.58ms
step:119/3200 train_loss:4.9234 train_time:64811ms step_avg:594.60ms
step:120/3200 train_loss:4.7542 train_time:65419ms step_avg:594.72ms
step:121/3200 train_loss:4.7296 train_time:66015ms step_avg:594.73ms
step:122/3200 train_loss:4.5314 train_time:66612ms step_avg:594.75ms
step:123/3200 train_loss:4.8072 train_time:67212ms step_avg:594.80ms
step:124/3200 train_loss:4.6607 train_time:67807ms step_avg:594.80ms
step:125/3200 train_loss:5.0057 train_time:68402ms step_avg:594.80ms
step:125/3200 val_loss:4.7182 train_time:68760ms step_avg:597.92ms
step:126/3200 train_loss:4.8192 train_time:68999ms step_avg:594.82ms
step:127/3200 train_loss:4.7930 train_time:69600ms step_avg:594.87ms
step:128/3200 train_loss:4.7309 train_time:70192ms step_avg:594.85ms
step:129/3200 train_loss:4.7190 train_time:70773ms step_avg:594.74ms
step:130/3200 train_loss:5.2087 train_time:71376ms step_avg:594.80ms
step:131/3200 train_loss:4.7268 train_time:71975ms step_avg:594.83ms
step:132/3200 train_loss:4.4531 train_time:72576ms step_avg:594.89ms
step:133/3200 train_loss:4.5322 train_time:73163ms step_avg:594.82ms
step:134/3200 train_loss:4.6653 train_time:73759ms step_avg:594.83ms
step:135/3200 train_loss:4.5745 train_time:74353ms step_avg:594.83ms
step:136/3200 train_loss:4.6002 train_time:74960ms step_avg:594.92ms
step:137/3200 train_loss:4.4517 train_time:75556ms step_avg:594.93ms
step:138/3200 train_loss:4.6304 train_time:76151ms step_avg:594.93ms
step:139/3200 train_loss:4.5314 train_time:76740ms step_avg:594.88ms
step:140/3200 train_loss:4.6551 train_time:77336ms step_avg:594.89ms
step:141/3200 train_loss:4.9600 train_time:77932ms step_avg:594.90ms
step:142/3200 train_loss:4.6375 train_time:78537ms step_avg:594.98ms
step:143/3200 train_loss:4.5621 train_time:79141ms step_avg:595.04ms
step:144/3200 train_loss:4.6233 train_time:79731ms step_avg:595.01ms
step:145/3200 train_loss:4.5301 train_time:80328ms step_avg:595.03ms
step:146/3200 train_loss:4.4662 train_time:80923ms step_avg:595.02ms
step:147/3200 train_loss:4.3711 train_time:81522ms step_avg:595.05ms
step:148/3200 train_loss:4.5311 train_time:82118ms step_avg:595.05ms
step:149/3200 train_loss:4.5455 train_time:82715ms step_avg:595.07ms
step:150/3200 train_loss:4.6697 train_time:83310ms step_avg:595.07ms
step:151/3200 train_loss:4.6133 train_time:83904ms step_avg:595.06ms
step:152/3200 train_loss:4.4597 train_time:84506ms step_avg:595.11ms
step:153/3200 train_loss:4.4924 train_time:85099ms step_avg:595.10ms
step:154/3200 train_loss:4.5567 train_time:85703ms step_avg:595.16ms
step:155/3200 train_loss:4.7190 train_time:86307ms step_avg:595.22ms
step:156/3200 train_loss:4.4213 train_time:86903ms step_avg:595.22ms
step:157/3200 train_loss:4.5876 train_time:87507ms step_avg:595.28ms
step:158/3200 train_loss:4.6291 train_time:88108ms step_avg:595.32ms
step:159/3200 train_loss:4.4413 train_time:88700ms step_avg:595.30ms
step:160/3200 train_loss:4.5535 train_time:89297ms step_avg:595.32ms
step:161/3200 train_loss:4.3756 train_time:89893ms step_avg:595.32ms
step:162/3200 train_loss:4.5424 train_time:90489ms step_avg:595.32ms
step:163/3200 train_loss:4.5590 train_time:91085ms step_avg:595.32ms
step:164/3200 train_loss:4.4444 train_time:91679ms step_avg:595.32ms
step:165/3200 train_loss:4.3533 train_time:92277ms step_avg:595.34ms
step:166/3200 train_loss:4.3848 train_time:92874ms step_avg:595.35ms
step:167/3200 train_loss:4.5867 train_time:93469ms step_avg:595.34ms
step:168/3200 train_loss:4.2027 train_time:94072ms step_avg:595.39ms
step:169/3200 train_loss:4.6236 train_time:94671ms step_avg:595.41ms
step:170/3200 train_loss:4.2715 train_time:95274ms step_avg:595.46ms
step:171/3200 train_loss:4.2286 train_time:95871ms step_avg:595.47ms
step:172/3200 train_loss:4.3212 train_time:96466ms step_avg:595.47ms
step:173/3200 train_loss:4.3308 train_time:97065ms step_avg:595.49ms
step:174/3200 train_loss:4.3744 train_time:97662ms step_avg:595.50ms
step:175/3200 train_loss:4.5039 train_time:98259ms step_avg:595.51ms
step:176/3200 train_loss:4.4719 train_time:98855ms step_avg:595.51ms
step:177/3200 train_loss:4.2526 train_time:99452ms step_avg:595.52ms
step:178/3200 train_loss:4.2228 train_time:100051ms step_avg:595.54ms
step:179/3200 train_loss:4.2543 train_time:100651ms step_avg:595.57ms
step:180/3200 train_loss:4.2454 train_time:101245ms step_avg:595.56ms
step:181/3200 train_loss:4.2858 train_time:101841ms step_avg:595.56ms
step:182/3200 train_loss:4.2337 train_time:102442ms step_avg:595.59ms
step:183/3200 train_loss:4.2978 train_time:103037ms step_avg:595.59ms
step:184/3200 train_loss:4.2713 train_time:103636ms step_avg:595.61ms
step:185/3200 train_loss:4.2451 train_time:104235ms step_avg:595.63ms
step:186/3200 train_loss:4.5273 train_time:104830ms step_avg:595.62ms
step:187/3200 train_loss:4.3666 train_time:105426ms step_avg:595.63ms
step:188/3200 train_loss:4.4656 train_time:106036ms step_avg:595.71ms
step:189/3200 train_loss:4.2855 train_time:106632ms step_avg:595.71ms
step:190/3200 train_loss:4.2247 train_time:107632ms step_avg:597.96ms
step:191/3200 train_loss:4.3801 train_time:108222ms step_avg:597.91ms
step:192/3200 train_loss:4.2143 train_time:108818ms step_avg:597.90ms
step:193/3200 train_loss:4.1798 train_time:109414ms step_avg:597.89ms
step:194/3200 train_loss:4.4126 train_time:110010ms step_avg:597.88ms
step:195/3200 train_loss:4.2812 train_time:110615ms step_avg:597.92ms
step:196/3200 train_loss:4.6473 train_time:111212ms step_avg:597.91ms
step:197/3200 train_loss:4.3145 train_time:111806ms step_avg:597.89ms
step:198/3200 train_loss:4.1003 train_time:112403ms step_avg:597.89ms
step:199/3200 train_loss:4.2147 train_time:113001ms step_avg:597.89ms
step:200/3200 train_loss:4.1657 train_time:113597ms step_avg:597.88ms
step:201/3200 train_loss:4.2748 train_time:114193ms step_avg:597.87ms
step:202/3200 train_loss:4.1527 train_time:114795ms step_avg:597.89ms
step:203/3200 train_loss:4.3473 train_time:115398ms step_avg:597.92ms
step:204/3200 train_loss:4.2248 train_time:115992ms step_avg:597.89ms
step:205/3200 train_loss:4.4382 train_time:116588ms step_avg:597.89ms
step:206/3200 train_loss:4.2321 train_time:117183ms step_avg:597.87ms
step:207/3200 train_loss:4.0985 train_time:117778ms step_avg:597.86ms
step:208/3200 train_loss:4.2319 train_time:118383ms step_avg:597.89ms
step:209/3200 train_loss:4.2991 train_time:118978ms step_avg:597.88ms
step:210/3200 train_loss:4.3771 train_time:119574ms step_avg:597.87ms
step:211/3200 train_loss:4.3151 train_time:120168ms step_avg:597.85ms
step:212/3200 train_loss:4.2510 train_time:120767ms step_avg:597.86ms
step:213/3200 train_loss:4.2491 train_time:121360ms step_avg:597.83ms
step:214/3200 train_loss:4.0686 train_time:121960ms step_avg:597.84ms
step:215/3200 train_loss:4.2180 train_time:122560ms step_avg:597.85ms
step:216/3200 train_loss:4.0645 train_time:123158ms step_avg:597.86ms
step:217/3200 train_loss:4.0650 train_time:123757ms step_avg:597.86ms
step:218/3200 train_loss:4.1721 train_time:124351ms step_avg:597.84ms
step:219/3200 train_loss:4.1411 train_time:124949ms step_avg:597.84ms
step:220/3200 train_loss:4.1803 train_time:125554ms step_avg:597.88ms
step:221/3200 train_loss:4.1906 train_time:126146ms step_avg:597.85ms
step:222/3200 train_loss:4.1801 train_time:126744ms step_avg:597.85ms
step:223/3200 train_loss:4.0556 train_time:127339ms step_avg:597.84ms
step:224/3200 train_loss:4.1070 train_time:127934ms step_avg:597.82ms
step:225/3200 train_loss:4.3541 train_time:128530ms step_avg:597.81ms
step:226/3200 train_loss:3.9707 train_time:129130ms step_avg:597.82ms
step:227/3200 train_loss:3.9956 train_time:129724ms step_avg:597.81ms
step:228/3200 train_loss:4.0909 train_time:130321ms step_avg:597.80ms
step:229/3200 train_loss:4.2702 train_time:130917ms step_avg:597.80ms
step:230/3200 train_loss:4.0404 train_time:131513ms step_avg:597.79ms
step:231/3200 train_loss:4.1817 train_time:132110ms step_avg:597.78ms
step:232/3200 train_loss:4.1963 train_time:132705ms step_avg:597.77ms
step:233/3200 train_loss:3.9847 train_time:133301ms step_avg:597.76ms
step:234/3200 train_loss:4.2209 train_time:133897ms step_avg:597.76ms
step:235/3200 train_loss:4.0711 train_time:134493ms step_avg:597.75ms
step:236/3200 train_loss:3.7639 train_time:135088ms step_avg:597.73ms
step:237/3200 train_loss:4.1290 train_time:135685ms step_avg:597.73ms
step:238/3200 train_loss:4.1638 train_time:136291ms step_avg:597.77ms
step:239/3200 train_loss:4.0315 train_time:136891ms step_avg:597.78ms
step:240/3200 train_loss:4.2329 train_time:137488ms step_avg:597.77ms
step:241/3200 train_loss:4.1853 train_time:138086ms step_avg:597.77ms
step:242/3200 train_loss:4.0230 train_time:138700ms step_avg:597.85ms
step:243/3200 train_loss:3.9282 train_time:139299ms step_avg:597.85ms
step:244/3200 train_loss:4.1244 train_time:139895ms step_avg:597.84ms
step:245/3200 train_loss:4.1347 train_time:140489ms step_avg:597.83ms
step:246/3200 train_loss:4.3206 train_time:141088ms step_avg:597.83ms
step:247/3200 train_loss:4.3072 train_time:141685ms step_avg:597.83ms
step:248/3200 train_loss:4.1410 train_time:142284ms step_avg:597.83ms
step:249/3200 train_loss:4.1454 train_time:142882ms step_avg:597.83ms
step:250/3200 train_loss:3.9553 train_time:143490ms step_avg:597.87ms
step:250/3200 val_loss:4.0960 train_time:143880ms step_avg:599.50ms
step:251/3200 train_loss:4.0343 train_time:144104ms step_avg:597.94ms
step:252/3200 train_loss:4.1761 train_time:144697ms step_avg:597.92ms
step:253/3200 train_loss:4.0842 train_time:145302ms step_avg:597.95ms
step:254/3200 train_loss:3.8625 train_time:145902ms step_avg:597.96ms
step:255/3200 train_loss:4.0434 train_time:146497ms step_avg:597.95ms
step:256/3200 train_loss:4.0691 train_time:147093ms step_avg:597.94ms
step:257/3200 train_loss:4.1736 train_time:147690ms step_avg:597.94ms
step:258/3200 train_loss:4.0184 train_time:148288ms step_avg:597.93ms
step:259/3200 train_loss:3.9846 train_time:148885ms step_avg:597.93ms
step:260/3200 train_loss:4.1180 train_time:149481ms step_avg:597.92ms
step:261/3200 train_loss:4.1302 train_time:150077ms step_avg:597.91ms
step:262/3200 train_loss:4.1560 train_time:150678ms step_avg:597.93ms
step:263/3200 train_loss:4.0499 train_time:151275ms step_avg:597.92ms
step:264/3200 train_loss:4.0623 train_time:151870ms step_avg:597.91ms
step:265/3200 train_loss:4.0872 train_time:152465ms step_avg:597.90ms
step:266/3200 train_loss:3.8532 train_time:153068ms step_avg:597.92ms
step:267/3200 train_loss:4.0271 train_time:153659ms step_avg:597.90ms
step:268/3200 train_loss:3.8524 train_time:154254ms step_avg:597.88ms
step:269/3200 train_loss:4.0176 train_time:154859ms step_avg:597.91ms
step:270/3200 train_loss:3.9372 train_time:155451ms step_avg:597.89ms
step:271/3200 train_loss:4.1682 train_time:156047ms step_avg:597.88ms
step:272/3200 train_loss:4.0856 train_time:156645ms step_avg:597.88ms
step:273/3200 train_loss:3.9742 train_time:157242ms step_avg:597.88ms
step:274/3200 train_loss:4.0681 train_time:157861ms step_avg:597.96ms
step:275/3200 train_loss:4.1143 train_time:158441ms step_avg:597.89ms
step:276/3200 train_loss:4.1160 train_time:159038ms step_avg:597.89ms
step:277/3200 train_loss:4.0171 train_time:159635ms step_avg:597.88ms
step:278/3200 train_loss:3.9020 train_time:160229ms step_avg:597.87ms
step:279/3200 train_loss:4.1809 train_time:160826ms step_avg:597.87ms
step:280/3200 train_loss:4.0276 train_time:161422ms step_avg:597.86ms
step:281/3200 train_loss:4.4640 train_time:162017ms step_avg:597.85ms
step:282/3200 train_loss:4.0395 train_time:162616ms step_avg:597.85ms
step:283/3200 train_loss:3.8869 train_time:163214ms step_avg:597.85ms
step:284/3200 train_loss:4.0263 train_time:163809ms step_avg:597.84ms
step:285/3200 train_loss:4.0472 train_time:164412ms step_avg:597.86ms
step:286/3200 train_loss:4.1079 train_time:165009ms step_avg:597.86ms
step:287/3200 train_loss:4.2426 train_time:165606ms step_avg:597.86ms
step:288/3200 train_loss:3.9924 train_time:166218ms step_avg:597.91ms
step:289/3200 train_loss:4.1184 train_time:166813ms step_avg:597.89ms
step:290/3200 train_loss:3.9908 train_time:167406ms step_avg:597.88ms
step:291/3200 train_loss:4.0306 train_time:168006ms step_avg:597.89ms
step:292/3200 train_loss:4.0395 train_time:168609ms step_avg:597.90ms
step:293/3200 train_loss:4.0380 train_time:169203ms step_avg:597.89ms
step:294/3200 train_loss:3.9991 train_time:169801ms step_avg:597.89ms
step:295/3200 train_loss:4.0725 train_time:170400ms step_avg:597.89ms
step:296/3200 train_loss:3.9076 train_time:170995ms step_avg:597.89ms
step:297/3200 train_loss:3.9643 train_time:171591ms step_avg:597.88ms
step:298/3200 train_loss:3.9044 train_time:172186ms step_avg:597.87ms
step:299/3200 train_loss:4.0540 train_time:172795ms step_avg:597.91ms
step:300/3200 train_loss:3.9838 train_time:173393ms step_avg:597.91ms
step:301/3200 train_loss:4.1284 train_time:173992ms step_avg:597.91ms
step:302/3200 train_loss:4.0016 train_time:174590ms step_avg:597.91ms
step:303/3200 train_loss:4.0031 train_time:175187ms step_avg:597.91ms
step:304/3200 train_loss:3.9399 train_time:175783ms step_avg:597.90ms
step:305/3200 train_loss:4.0567 train_time:176382ms step_avg:597.90ms
step:306/3200 train_loss:5.0196 train_time:176977ms step_avg:597.89ms
step:307/3200 train_loss:3.9467 train_time:177579ms step_avg:597.91ms
step:308/3200 train_loss:3.9600 train_time:178174ms step_avg:597.90ms
step:309/3200 train_loss:4.0796 train_time:178769ms step_avg:597.89ms
step:310/3200 train_loss:3.9269 train_time:179365ms step_avg:597.88ms
step:311/3200 train_loss:4.1091 train_time:179961ms step_avg:597.88ms
step:312/3200 train_loss:3.8556 train_time:180558ms step_avg:597.87ms
step:313/3200 train_loss:3.8900 train_time:181152ms step_avg:597.86ms
step:314/3200 train_loss:4.0958 train_time:181747ms step_avg:597.85ms
step:315/3200 train_loss:4.2347 train_time:182346ms step_avg:597.86ms
step:316/3200 train_loss:4.0161 train_time:182941ms step_avg:597.85ms
step:317/3200 train_loss:3.9401 train_time:183541ms step_avg:597.85ms
step:318/3200 train_loss:3.9593 train_time:184136ms step_avg:597.84ms
step:319/3200 train_loss:4.0026 train_time:184731ms step_avg:597.83ms
step:320/3200 train_loss:4.0260 train_time:185332ms step_avg:597.85ms
step:321/3200 train_loss:4.2480 train_time:185927ms step_avg:597.84ms
step:322/3200 train_loss:4.0391 train_time:186521ms step_avg:597.82ms
step:323/3200 train_loss:4.0658 train_time:187121ms step_avg:597.83ms
step:324/3200 train_loss:4.2101 train_time:187717ms step_avg:597.83ms
step:325/3200 train_loss:4.0547 train_time:188317ms step_avg:597.83ms
step:326/3200 train_loss:4.0642 train_time:188912ms step_avg:597.82ms
step:327/3200 train_loss:3.9491 train_time:189510ms step_avg:597.82ms
step:328/3200 train_loss:4.9507 train_time:190109ms step_avg:597.83ms
step:329/3200 train_loss:4.1620 train_time:190713ms step_avg:597.85ms
step:330/3200 train_loss:3.9340 train_time:191313ms step_avg:597.85ms
step:331/3200 train_loss:3.8895 train_time:191906ms step_avg:597.84ms
step:332/3200 train_loss:3.8483 train_time:192504ms step_avg:597.84ms
step:333/3200 train_loss:4.0236 train_time:193102ms step_avg:597.84ms
step:334/3200 train_loss:3.9291 train_time:193698ms step_avg:597.83ms
step:335/3200 train_loss:3.9321 train_time:194295ms step_avg:597.83ms
step:336/3200 train_loss:4.0927 train_time:194892ms step_avg:597.83ms
step:337/3200 train_loss:4.2351 train_time:195489ms step_avg:597.83ms
step:338/3200 train_loss:4.8171 train_time:196082ms step_avg:597.81ms
step:339/3200 train_loss:4.0134 train_time:196679ms step_avg:597.81ms
step:340/3200 train_loss:3.8834 train_time:197278ms step_avg:597.81ms
step:341/3200 train_loss:4.0311 train_time:197876ms step_avg:597.81ms
step:342/3200 train_loss:4.0317 train_time:198468ms step_avg:597.80ms
step:343/3200 train_loss:3.9144 train_time:199065ms step_avg:597.79ms
step:344/3200 train_loss:3.7816 train_time:199661ms step_avg:597.79ms
step:345/3200 train_loss:3.9403 train_time:200261ms step_avg:597.79ms
step:346/3200 train_loss:3.8277 train_time:200861ms step_avg:597.80ms
step:347/3200 train_loss:3.8038 train_time:201456ms step_avg:597.79ms
step:348/3200 train_loss:3.9421 train_time:202050ms step_avg:597.78ms
step:349/3200 train_loss:3.9302 train_time:202643ms step_avg:597.77ms
step:350/3200 train_loss:3.8741 train_time:203247ms step_avg:597.79ms
step:351/3200 train_loss:3.4553 train_time:203841ms step_avg:597.78ms
step:352/3200 train_loss:3.8335 train_time:204437ms step_avg:597.77ms
step:353/3200 train_loss:4.2719 train_time:205047ms step_avg:597.80ms
step:354/3200 train_loss:3.8608 train_time:205641ms step_avg:597.79ms
step:355/3200 train_loss:3.9040 train_time:206238ms step_avg:597.79ms
step:356/3200 train_loss:3.9521 train_time:206837ms step_avg:597.80ms
step:357/3200 train_loss:3.9946 train_time:207435ms step_avg:597.79ms
step:358/3200 train_loss:3.8645 train_time:208031ms step_avg:597.79ms
step:359/3200 train_loss:3.6805 train_time:208634ms step_avg:597.80ms
step:360/3200 train_loss:4.1788 train_time:209223ms step_avg:597.78ms
step:361/3200 train_loss:3.4213 train_time:209822ms step_avg:597.78ms
step:362/3200 train_loss:3.9516 train_time:210425ms step_avg:597.80ms
step:363/3200 train_loss:4.0204 train_time:211016ms step_avg:597.78ms
step:364/3200 train_loss:3.8358 train_time:211614ms step_avg:597.78ms
step:365/3200 train_loss:3.8129 train_time:212201ms step_avg:597.75ms
step:366/3200 train_loss:3.9583 train_time:212801ms step_avg:597.76ms
step:367/3200 train_loss:3.9728 train_time:213396ms step_avg:597.75ms
step:368/3200 train_loss:4.0197 train_time:213993ms step_avg:597.75ms
step:369/3200 train_loss:3.8948 train_time:214587ms step_avg:597.73ms
step:370/3200 train_loss:3.7632 train_time:215187ms step_avg:597.74ms
step:371/3200 train_loss:4.0153 train_time:215783ms step_avg:597.74ms
step:372/3200 train_loss:3.8042 train_time:216385ms step_avg:597.75ms
step:373/3200 train_loss:3.7808 train_time:216980ms step_avg:597.74ms
step:374/3200 train_loss:4.0183 train_time:217578ms step_avg:597.74ms
step:375/3200 train_loss:3.9366 train_time:218180ms step_avg:597.75ms
step:375/3200 val_loss:3.9076 train_time:218556ms step_avg:598.78ms
step:376/3200 train_loss:3.8888 train_time:218774ms step_avg:597.74ms
step:377/3200 train_loss:3.8756 train_time:219368ms step_avg:597.73ms
step:378/3200 train_loss:3.8680 train_time:219964ms step_avg:597.73ms
step:379/3200 train_loss:4.0012 train_time:220615ms step_avg:597.87ms
step:380/3200 train_loss:4.0041 train_time:221344ms step_avg:598.23ms
step:381/3200 train_loss:4.0456 train_time:221937ms step_avg:598.21ms
step:382/3200 train_loss:3.9668 train_time:222534ms step_avg:598.21ms
step:383/3200 train_loss:3.8407 train_time:223136ms step_avg:598.22ms
step:384/3200 train_loss:3.8403 train_time:223729ms step_avg:598.20ms
step:385/3200 train_loss:3.8526 train_time:224328ms step_avg:598.21ms
step:386/3200 train_loss:3.8268 train_time:224924ms step_avg:598.20ms
step:387/3200 train_loss:4.0181 train_time:225521ms step_avg:598.20ms
step:388/3200 train_loss:4.2436 train_time:226114ms step_avg:598.18ms
step:389/3200 train_loss:3.9758 train_time:226711ms step_avg:598.18ms
step:390/3200 train_loss:3.8184 train_time:227310ms step_avg:598.18ms
step:391/3200 train_loss:3.9120 train_time:227904ms step_avg:598.17ms
step:392/3200 train_loss:3.9085 train_time:228500ms step_avg:598.17ms
step:393/3200 train_loss:4.0682 train_time:229095ms step_avg:598.16ms
step:394/3200 train_loss:3.8686 train_time:229690ms step_avg:598.15ms
step:395/3200 train_loss:3.8488 train_time:230286ms step_avg:598.15ms
step:396/3200 train_loss:3.6601 train_time:230882ms step_avg:598.14ms
step:397/3200 train_loss:4.0044 train_time:231479ms step_avg:598.14ms
step:398/3200 train_loss:3.9843 train_time:232073ms step_avg:598.13ms
step:399/3200 train_loss:4.0203 train_time:232669ms step_avg:598.12ms
step:400/3200 train_loss:3.8893 train_time:233266ms step_avg:598.12ms
step:401/3200 train_loss:4.0047 train_time:233862ms step_avg:598.11ms
step:402/3200 train_loss:3.9046 train_time:234458ms step_avg:598.11ms
step:403/3200 train_loss:4.0439 train_time:235059ms step_avg:598.11ms
step:404/3200 train_loss:4.0934 train_time:235655ms step_avg:598.11ms
step:405/3200 train_loss:3.9231 train_time:236256ms step_avg:598.12ms
step:406/3200 train_loss:3.9073 train_time:236847ms step_avg:598.10ms
step:407/3200 train_loss:4.1237 train_time:237443ms step_avg:598.09ms
step:408/3200 train_loss:3.9159 train_time:238040ms step_avg:598.09ms
step:409/3200 train_loss:3.8657 train_time:238637ms step_avg:598.09ms
step:410/3200 train_loss:4.0066 train_time:239234ms step_avg:598.09ms
step:411/3200 train_loss:3.8634 train_time:239830ms step_avg:598.08ms
step:412/3200 train_loss:3.8288 train_time:240425ms step_avg:598.07ms
step:413/3200 train_loss:4.4182 train_time:241020ms step_avg:598.07ms
step:414/3200 train_loss:3.8549 train_time:241616ms step_avg:598.06ms
step:415/3200 train_loss:4.0227 train_time:242217ms step_avg:598.07ms
step:416/3200 train_loss:3.8138 train_time:242821ms step_avg:598.08ms
step:417/3200 train_loss:3.8623 train_time:243417ms step_avg:598.08ms
step:418/3200 train_loss:4.0568 train_time:244015ms step_avg:598.08ms
step:419/3200 train_loss:3.7733 train_time:244609ms step_avg:598.07ms
step:420/3200 train_loss:3.8344 train_time:245205ms step_avg:598.06ms
step:421/3200 train_loss:3.6755 train_time:245802ms step_avg:598.06ms
step:422/3200 train_loss:3.6627 train_time:246396ms step_avg:598.05ms
step:423/3200 train_loss:3.8976 train_time:246992ms step_avg:598.04ms
step:424/3200 train_loss:3.8368 train_time:247590ms step_avg:598.04ms
step:425/3200 train_loss:3.7971 train_time:248188ms step_avg:598.04ms
step:426/3200 train_loss:3.7749 train_time:248790ms step_avg:598.05ms
step:427/3200 train_loss:3.7740 train_time:249387ms step_avg:598.05ms
step:428/3200 train_loss:3.7952 train_time:249982ms step_avg:598.04ms
step:429/3200 train_loss:3.8347 train_time:250576ms step_avg:598.03ms
step:430/3200 train_loss:3.8570 train_time:251176ms step_avg:598.04ms
step:431/3200 train_loss:3.8774 train_time:251775ms step_avg:598.04ms
step:432/3200 train_loss:3.7333 train_time:252371ms step_avg:598.04ms
step:433/3200 train_loss:3.8773 train_time:252968ms step_avg:598.03ms
step:434/3200 train_loss:3.9742 train_time:253561ms step_avg:598.02ms
step:435/3200 train_loss:3.8634 train_time:254167ms step_avg:598.04ms
step:436/3200 train_loss:3.8984 train_time:254760ms step_avg:598.03ms
step:437/3200 train_loss:3.6344 train_time:255359ms step_avg:598.03ms
step:438/3200 train_loss:3.7322 train_time:255966ms step_avg:598.05ms
step:439/3200 train_loss:3.8284 train_time:256562ms step_avg:598.05ms
step:440/3200 train_loss:3.7658 train_time:257158ms step_avg:598.04ms
step:441/3200 train_loss:4.1347 train_time:257755ms step_avg:598.04ms
step:442/3200 train_loss:3.7341 train_time:258351ms step_avg:598.04ms
step:443/3200 train_loss:3.8370 train_time:258955ms step_avg:598.05ms
step:444/3200 train_loss:3.7397 train_time:259563ms step_avg:598.07ms
step:445/3200 train_loss:3.7963 train_time:260149ms step_avg:598.04ms
step:446/3200 train_loss:3.8578 train_time:260748ms step_avg:598.05ms
step:447/3200 train_loss:3.8635 train_time:261342ms step_avg:598.04ms
step:448/3200 train_loss:3.9296 train_time:261943ms step_avg:598.04ms
step:449/3200 train_loss:3.9577 train_time:262535ms step_avg:598.03ms
step:450/3200 train_loss:3.8461 train_time:263129ms step_avg:598.02ms
step:451/3200 train_loss:3.8404 train_time:263728ms step_avg:598.02ms
step:452/3200 train_loss:3.7694 train_time:264324ms step_avg:598.02ms
step:453/3200 train_loss:3.7007 train_time:264921ms step_avg:598.02ms
step:454/3200 train_loss:3.7169 train_time:265519ms step_avg:598.02ms
step:455/3200 train_loss:3.6980 train_time:266117ms step_avg:598.02ms
step:456/3200 train_loss:3.9766 train_time:266714ms step_avg:598.01ms
step:457/3200 train_loss:3.8321 train_time:267310ms step_avg:598.01ms
step:458/3200 train_loss:3.8395 train_time:267906ms step_avg:598.00ms
step:459/3200 train_loss:4.0126 train_time:268504ms step_avg:598.00ms
step:460/3200 train_loss:3.6577 train_time:269102ms step_avg:598.01ms
step:461/3200 train_loss:3.9345 train_time:269699ms step_avg:598.00ms
step:462/3200 train_loss:3.8404 train_time:270294ms step_avg:598.00ms
step:463/3200 train_loss:3.8937 train_time:270894ms step_avg:598.00ms
step:464/3200 train_loss:3.9034 train_time:271492ms step_avg:598.00ms
step:465/3200 train_loss:3.7770 train_time:272093ms step_avg:598.01ms
step:466/3200 train_loss:3.8075 train_time:272687ms step_avg:598.00ms
step:467/3200 train_loss:3.9674 train_time:273291ms step_avg:598.01ms
step:468/3200 train_loss:4.1327 train_time:273882ms step_avg:598.00ms
step:469/3200 train_loss:3.7634 train_time:274481ms step_avg:598.00ms
step:470/3200 train_loss:3.7447 train_time:275079ms step_avg:598.00ms
step:471/3200 train_loss:3.8603 train_time:275674ms step_avg:597.99ms
step:472/3200 train_loss:3.8036 train_time:276272ms step_avg:597.99ms
step:473/3200 train_loss:3.9127 train_time:276868ms step_avg:597.99ms
step:474/3200 train_loss:3.7782 train_time:277464ms step_avg:597.98ms
step:475/3200 train_loss:3.6523 train_time:278062ms step_avg:597.98ms
step:476/3200 train_loss:3.9492 train_time:278657ms step_avg:597.98ms
step:477/3200 train_loss:3.7839 train_time:279254ms step_avg:597.97ms
step:478/3200 train_loss:3.8621 train_time:279861ms step_avg:597.99ms
step:479/3200 train_loss:3.9986 train_time:280459ms step_avg:597.99ms
step:480/3200 train_loss:3.8482 train_time:281057ms step_avg:597.99ms
step:481/3200 train_loss:3.7922 train_time:281656ms step_avg:598.00ms
step:482/3200 train_loss:3.8756 train_time:282252ms step_avg:597.99ms
step:483/3200 train_loss:3.6397 train_time:282849ms step_avg:597.99ms
step:484/3200 train_loss:3.8558 train_time:283450ms step_avg:598.00ms
step:485/3200 train_loss:3.7970 train_time:284043ms step_avg:597.99ms
step:486/3200 train_loss:3.7910 train_time:284626ms step_avg:597.95ms
step:487/3200 train_loss:3.7138 train_time:285225ms step_avg:597.96ms
step:488/3200 train_loss:3.7797 train_time:285821ms step_avg:597.95ms
step:489/3200 train_loss:3.9025 train_time:286420ms step_avg:597.95ms
step:490/3200 train_loss:3.8976 train_time:287017ms step_avg:597.95ms
step:491/3200 train_loss:3.7909 train_time:287612ms step_avg:597.95ms
step:492/3200 train_loss:3.6850 train_time:288213ms step_avg:597.95ms
step:493/3200 train_loss:4.0878 train_time:288811ms step_avg:597.95ms
step:494/3200 train_loss:3.6375 train_time:289412ms step_avg:597.96ms
step:495/3200 train_loss:3.8546 train_time:290006ms step_avg:597.95ms
step:496/3200 train_loss:3.9061 train_time:290602ms step_avg:597.95ms
step:497/3200 train_loss:3.6718 train_time:291198ms step_avg:597.94ms
step:498/3200 train_loss:3.7956 train_time:291794ms step_avg:597.94ms
step:499/3200 train_loss:3.8856 train_time:292390ms step_avg:597.93ms
step:500/3200 train_loss:3.9161 train_time:292984ms step_avg:597.93ms
step:500/3200 val_loss:3.8120 train_time:293364ms step_avg:598.70ms
step:501/3200 train_loss:4.0124 train_time:293585ms step_avg:597.93ms
step:502/3200 train_loss:3.7538 train_time:294176ms step_avg:597.92ms
step:503/3200 train_loss:3.9338 train_time:294777ms step_avg:597.93ms
step:504/3200 train_loss:3.7767 train_time:295371ms step_avg:597.92ms
step:505/3200 train_loss:3.8516 train_time:295966ms step_avg:597.91ms
step:506/3200 train_loss:3.8185 train_time:296562ms step_avg:597.91ms
step:507/3200 train_loss:3.6862 train_time:297158ms step_avg:597.90ms
step:508/3200 train_loss:3.9739 train_time:297758ms step_avg:597.91ms
step:509/3200 train_loss:4.1672 train_time:298352ms step_avg:597.90ms
step:510/3200 train_loss:3.7970 train_time:298948ms step_avg:597.90ms
step:511/3200 train_loss:3.8086 train_time:299550ms step_avg:597.90ms
step:512/3200 train_loss:3.7663 train_time:300142ms step_avg:597.89ms
step:513/3200 train_loss:3.8927 train_time:300739ms step_avg:597.89ms
step:514/3200 train_loss:3.8598 train_time:301334ms step_avg:597.89ms
step:515/3200 train_loss:3.9063 train_time:301932ms step_avg:597.88ms
step:516/3200 train_loss:3.8019 train_time:302532ms step_avg:597.89ms
step:517/3200 train_loss:3.9718 train_time:303127ms step_avg:597.88ms
step:518/3200 train_loss:3.6771 train_time:303731ms step_avg:597.90ms
step:519/3200 train_loss:3.9470 train_time:304326ms step_avg:597.89ms
step:520/3200 train_loss:3.9014 train_time:304925ms step_avg:597.89ms
step:521/3200 train_loss:3.8186 train_time:305519ms step_avg:597.88ms
step:522/3200 train_loss:3.7013 train_time:306116ms step_avg:597.88ms
step:523/3200 train_loss:3.7222 train_time:306715ms step_avg:597.88ms
step:524/3200 train_loss:5.1545 train_time:307309ms step_avg:597.88ms
step:525/3200 train_loss:3.7475 train_time:307905ms step_avg:597.87ms
step:526/3200 train_loss:3.8515 train_time:308504ms step_avg:597.88ms
step:527/3200 train_loss:3.7331 train_time:309098ms step_avg:597.87ms
step:528/3200 train_loss:3.6179 train_time:309695ms step_avg:597.87ms
step:529/3200 train_loss:3.7277 train_time:310291ms step_avg:597.86ms
step:530/3200 train_loss:3.9744 train_time:310887ms step_avg:597.86ms
step:531/3200 train_loss:3.7266 train_time:311482ms step_avg:597.85ms
step:532/3200 train_loss:3.9509 train_time:312078ms step_avg:597.85ms
step:533/3200 train_loss:3.8657 train_time:312677ms step_avg:597.85ms
step:534/3200 train_loss:3.7597 train_time:313274ms step_avg:597.85ms
step:535/3200 train_loss:3.7133 train_time:313880ms step_avg:597.87ms
step:536/3200 train_loss:3.6741 train_time:314477ms step_avg:597.86ms
step:537/3200 train_loss:3.8255 train_time:315074ms step_avg:597.86ms
step:538/3200 train_loss:3.8262 train_time:315675ms step_avg:597.87ms
step:539/3200 train_loss:3.7462 train_time:316270ms step_avg:597.86ms
step:540/3200 train_loss:4.3899 train_time:316866ms step_avg:597.86ms
step:541/3200 train_loss:3.7973 train_time:317463ms step_avg:597.86ms
step:542/3200 train_loss:3.9378 train_time:318059ms step_avg:597.86ms
step:543/3200 train_loss:3.7061 train_time:318658ms step_avg:597.86ms
step:544/3200 train_loss:3.7475 train_time:319254ms step_avg:597.85ms
step:545/3200 train_loss:3.7696 train_time:319851ms step_avg:597.85ms
step:546/3200 train_loss:3.6765 train_time:320471ms step_avg:597.89ms
step:547/3200 train_loss:3.7462 train_time:321062ms step_avg:597.88ms
step:548/3200 train_loss:3.7163 train_time:321669ms step_avg:597.90ms
step:549/3200 train_loss:3.8327 train_time:322268ms step_avg:597.90ms
step:550/3200 train_loss:3.7622 train_time:322862ms step_avg:597.89ms
step:551/3200 train_loss:3.8025 train_time:323459ms step_avg:597.89ms
step:552/3200 train_loss:3.7663 train_time:324059ms step_avg:597.90ms
step:553/3200 train_loss:3.6746 train_time:324654ms step_avg:597.89ms
step:554/3200 train_loss:4.0443 train_time:325252ms step_avg:597.89ms
step:555/3200 train_loss:3.8038 train_time:325849ms step_avg:597.89ms
step:556/3200 train_loss:3.7718 train_time:326451ms step_avg:597.90ms
step:557/3200 train_loss:3.8126 train_time:327049ms step_avg:597.90ms
step:558/3200 train_loss:3.3289 train_time:327644ms step_avg:597.89ms
step:559/3200 train_loss:3.7510 train_time:328242ms step_avg:597.89ms
step:560/3200 train_loss:3.7347 train_time:328837ms step_avg:597.89ms
step:561/3200 train_loss:3.9199 train_time:329436ms step_avg:597.89ms
step:562/3200 train_loss:3.7240 train_time:330034ms step_avg:597.89ms
step:563/3200 train_loss:3.5951 train_time:330631ms step_avg:597.89ms
step:564/3200 train_loss:3.8914 train_time:331225ms step_avg:597.88ms
step:565/3200 train_loss:3.5828 train_time:331840ms step_avg:597.91ms
step:566/3200 train_loss:3.7899 train_time:332436ms step_avg:597.91ms
step:567/3200 train_loss:3.6733 train_time:333033ms step_avg:597.90ms
step:568/3200 train_loss:3.7231 train_time:333667ms step_avg:597.97ms
step:569/3200 train_loss:3.6685 train_time:334260ms step_avg:597.96ms
step:570/3200 train_loss:3.7109 train_time:334995ms step_avg:598.21ms
step:571/3200 train_loss:3.7613 train_time:335593ms step_avg:598.20ms
step:572/3200 train_loss:3.8680 train_time:336170ms step_avg:598.17ms
step:573/3200 train_loss:3.7242 train_time:336770ms step_avg:598.17ms
step:574/3200 train_loss:3.7652 train_time:337364ms step_avg:598.16ms
step:575/3200 train_loss:3.9706 train_time:337959ms step_avg:598.16ms
step:576/3200 train_loss:3.7828 train_time:338556ms step_avg:598.15ms
step:577/3200 train_loss:3.8755 train_time:339151ms step_avg:598.15ms
step:578/3200 train_loss:3.7750 train_time:339748ms step_avg:598.15ms
step:579/3200 train_loss:3.6871 train_time:340343ms step_avg:598.14ms
step:580/3200 train_loss:3.9011 train_time:340940ms step_avg:598.14ms
step:581/3200 train_loss:3.7594 train_time:341536ms step_avg:598.14ms
step:582/3200 train_loss:3.8147 train_time:342137ms step_avg:598.14ms
step:583/3200 train_loss:3.8490 train_time:342735ms step_avg:598.14ms
step:584/3200 train_loss:3.7568 train_time:343329ms step_avg:598.13ms
step:585/3200 train_loss:3.7166 train_time:343925ms step_avg:598.13ms
step:586/3200 train_loss:3.9557 train_time:344525ms step_avg:598.13ms
step:587/3200 train_loss:3.6713 train_time:345118ms step_avg:598.12ms
step:588/3200 train_loss:3.8093 train_time:345713ms step_avg:598.12ms
step:589/3200 train_loss:3.7700 train_time:346308ms step_avg:598.11ms
step:590/3200 train_loss:4.0691 train_time:346904ms step_avg:598.11ms
step:591/3200 train_loss:3.8594 train_time:347503ms step_avg:598.11ms
step:592/3200 train_loss:3.5145 train_time:348098ms step_avg:598.11ms
step:593/3200 train_loss:3.7168 train_time:348704ms step_avg:598.12ms
step:594/3200 train_loss:3.7946 train_time:349302ms step_avg:598.12ms
step:595/3200 train_loss:3.5716 train_time:349900ms step_avg:598.12ms
step:596/3200 train_loss:4.0823 train_time:350496ms step_avg:598.12ms
step:597/3200 train_loss:3.8942 train_time:351098ms step_avg:598.12ms
step:598/3200 train_loss:3.6395 train_time:351693ms step_avg:598.12ms
step:599/3200 train_loss:3.8054 train_time:352293ms step_avg:598.12ms
step:600/3200 train_loss:3.6542 train_time:352890ms step_avg:598.12ms
step:601/3200 train_loss:3.6469 train_time:353484ms step_avg:598.11ms
step:602/3200 train_loss:3.8356 train_time:354083ms step_avg:598.11ms
step:603/3200 train_loss:3.7597 train_time:354682ms step_avg:598.11ms
step:604/3200 train_loss:3.9415 train_time:355275ms step_avg:598.11ms
step:605/3200 train_loss:3.7103 train_time:355870ms step_avg:598.10ms
step:606/3200 train_loss:3.7795 train_time:356467ms step_avg:598.10ms
step:607/3200 train_loss:3.8015 train_time:357069ms step_avg:598.11ms
step:608/3200 train_loss:4.1015 train_time:357665ms step_avg:598.10ms
step:609/3200 train_loss:3.8373 train_time:358262ms step_avg:598.10ms
step:610/3200 train_loss:3.6718 train_time:358863ms step_avg:598.11ms
step:611/3200 train_loss:3.9598 train_time:359466ms step_avg:598.11ms
step:612/3200 train_loss:3.6490 train_time:360059ms step_avg:598.10ms
step:613/3200 train_loss:3.7718 train_time:360653ms step_avg:598.10ms
step:614/3200 train_loss:3.8423 train_time:361248ms step_avg:598.09ms
step:615/3200 train_loss:3.7709 train_time:361843ms step_avg:598.09ms
step:616/3200 train_loss:3.8706 train_time:362444ms step_avg:598.09ms
step:617/3200 train_loss:3.7727 train_time:363039ms step_avg:598.09ms
step:618/3200 train_loss:3.6039 train_time:363639ms step_avg:598.09ms
step:619/3200 train_loss:3.7968 train_time:364233ms step_avg:598.08ms
step:620/3200 train_loss:3.7642 train_time:364825ms step_avg:598.07ms
step:621/3200 train_loss:3.5844 train_time:365424ms step_avg:598.08ms
step:622/3200 train_loss:4.1934 train_time:366021ms step_avg:598.07ms
step:623/3200 train_loss:3.5943 train_time:366614ms step_avg:598.07ms
step:624/3200 train_loss:3.7684 train_time:367210ms step_avg:598.06ms
step:625/3200 train_loss:3.8643 train_time:367808ms step_avg:598.06ms
step:625/3200 val_loss:3.7390 train_time:368187ms step_avg:598.68ms
step:626/3200 train_loss:3.8350 train_time:368405ms step_avg:598.06ms
step:627/3200 train_loss:3.9195 train_time:369001ms step_avg:598.06ms
step:628/3200 train_loss:3.7138 train_time:369598ms step_avg:598.05ms
step:629/3200 train_loss:3.8038 train_time:370197ms step_avg:598.06ms
step:630/3200 train_loss:3.6471 train_time:370789ms step_avg:598.05ms
step:631/3200 train_loss:3.7915 train_time:371393ms step_avg:598.06ms
step:632/3200 train_loss:3.8236 train_time:371988ms step_avg:598.05ms
step:633/3200 train_loss:3.8438 train_time:372584ms step_avg:598.05ms
step:634/3200 train_loss:3.6878 train_time:373177ms step_avg:598.04ms
step:635/3200 train_loss:3.8164 train_time:373774ms step_avg:598.04ms
step:636/3200 train_loss:4.0068 train_time:374372ms step_avg:598.04ms
step:637/3200 train_loss:3.6420 train_time:374973ms step_avg:598.04ms
step:638/3200 train_loss:3.5437 train_time:375575ms step_avg:598.05ms
step:639/3200 train_loss:3.8697 train_time:376165ms step_avg:598.04ms
step:640/3200 train_loss:3.8926 train_time:376760ms step_avg:598.03ms
step:641/3200 train_loss:3.7091 train_time:377358ms step_avg:598.03ms
step:642/3200 train_loss:3.6261 train_time:377953ms step_avg:598.03ms
step:643/3200 train_loss:3.8381 train_time:378551ms step_avg:598.03ms
step:644/3200 train_loss:3.7487 train_time:379146ms step_avg:598.02ms
step:645/3200 train_loss:3.5782 train_time:379747ms step_avg:598.03ms
step:646/3200 train_loss:3.8375 train_time:380342ms step_avg:598.02ms
step:647/3200 train_loss:3.8503 train_time:380936ms step_avg:598.02ms
step:648/3200 train_loss:3.7260 train_time:381532ms step_avg:598.01ms
step:649/3200 train_loss:3.8371 train_time:382128ms step_avg:598.01ms
step:650/3200 train_loss:3.8838 train_time:382736ms step_avg:598.03ms
step:651/3200 train_loss:3.7141 train_time:383332ms step_avg:598.02ms
step:652/3200 train_loss:3.9601 train_time:383929ms step_avg:598.02ms
step:653/3200 train_loss:3.7299 train_time:384525ms step_avg:598.02ms
step:654/3200 train_loss:3.7411 train_time:385124ms step_avg:598.02ms
step:655/3200 train_loss:3.4056 train_time:385717ms step_avg:598.01ms
step:656/3200 train_loss:3.8024 train_time:386313ms step_avg:598.01ms
step:657/3200 train_loss:3.6745 train_time:386913ms step_avg:598.01ms
step:658/3200 train_loss:3.6186 train_time:387505ms step_avg:598.00ms
step:659/3200 train_loss:3.7649 train_time:388102ms step_avg:598.00ms
step:660/3200 train_loss:3.6969 train_time:388701ms step_avg:598.00ms
step:661/3200 train_loss:3.7932 train_time:389296ms step_avg:598.00ms
step:662/3200 train_loss:3.7424 train_time:389891ms step_avg:597.99ms
step:663/3200 train_loss:3.6970 train_time:390483ms step_avg:597.98ms
step:664/3200 train_loss:3.6574 train_time:391087ms step_avg:597.99ms
step:665/3200 train_loss:3.8122 train_time:391708ms step_avg:598.03ms
step:666/3200 train_loss:3.4089 train_time:392281ms step_avg:597.99ms
step:667/3200 train_loss:3.9700 train_time:392878ms step_avg:597.99ms
step:668/3200 train_loss:3.7443 train_time:393473ms step_avg:597.98ms
step:669/3200 train_loss:3.8357 train_time:394068ms step_avg:597.98ms
step:670/3200 train_loss:3.6345 train_time:394664ms step_avg:597.98ms
step:671/3200 train_loss:3.5375 train_time:395263ms step_avg:597.98ms
step:672/3200 train_loss:3.6725 train_time:395856ms step_avg:597.97ms
step:673/3200 train_loss:3.7089 train_time:396452ms step_avg:597.97ms
step:674/3200 train_loss:4.3591 train_time:397050ms step_avg:597.97ms
step:675/3200 train_loss:3.7789 train_time:397647ms step_avg:597.97ms
step:676/3200 train_loss:3.8117 train_time:398242ms step_avg:597.96ms
step:677/3200 train_loss:3.5803 train_time:398838ms step_avg:597.96ms
step:678/3200 train_loss:3.6119 train_time:399432ms step_avg:597.95ms
step:679/3200 train_loss:3.6734 train_time:400027ms step_avg:597.95ms
step:680/3200 train_loss:3.7641 train_time:400624ms step_avg:597.95ms
step:681/3200 train_loss:3.6869 train_time:401225ms step_avg:597.95ms
step:682/3200 train_loss:3.7279 train_time:401827ms step_avg:597.96ms
step:683/3200 train_loss:3.9629 train_time:402419ms step_avg:597.95ms
step:684/3200 train_loss:3.8713 train_time:403018ms step_avg:597.95ms
step:685/3200 train_loss:3.7539 train_time:403613ms step_avg:597.95ms
step:686/3200 train_loss:3.8361 train_time:404211ms step_avg:597.95ms
step:687/3200 train_loss:3.7966 train_time:404810ms step_avg:597.95ms
step:688/3200 train_loss:3.7761 train_time:405410ms step_avg:597.95ms
step:689/3200 train_loss:3.2488 train_time:406002ms step_avg:597.94ms
step:690/3200 train_loss:3.4649 train_time:406597ms step_avg:597.94ms
step:691/3200 train_loss:3.7126 train_time:407193ms step_avg:597.93ms
step:692/3200 train_loss:3.4603 train_time:407791ms step_avg:597.93ms
step:693/3200 train_loss:3.8514 train_time:408392ms step_avg:597.94ms
step:694/3200 train_loss:3.7136 train_time:408985ms step_avg:597.93ms
step:695/3200 train_loss:3.5827 train_time:409587ms step_avg:597.94ms
step:696/3200 train_loss:3.4791 train_time:410182ms step_avg:597.93ms
step:697/3200 train_loss:4.0920 train_time:410776ms step_avg:597.93ms
step:698/3200 train_loss:3.6480 train_time:411385ms step_avg:597.94ms
step:699/3200 train_loss:3.7205 train_time:411976ms step_avg:597.93ms
step:700/3200 train_loss:3.6542 train_time:412573ms step_avg:597.93ms
step:701/3200 train_loss:3.7084 train_time:413168ms step_avg:597.93ms
step:702/3200 train_loss:3.6560 train_time:413767ms step_avg:597.93ms
step:703/3200 train_loss:3.6301 train_time:414359ms step_avg:597.92ms
step:704/3200 train_loss:3.6050 train_time:414956ms step_avg:597.92ms
step:705/3200 train_loss:3.8468 train_time:415551ms step_avg:597.92ms
step:706/3200 train_loss:3.7215 train_time:416147ms step_avg:597.91ms
step:707/3200 train_loss:3.7038 train_time:416746ms step_avg:597.91ms
step:708/3200 train_loss:3.8193 train_time:417344ms step_avg:597.91ms
step:709/3200 train_loss:3.7385 train_time:417942ms step_avg:597.91ms
step:710/3200 train_loss:3.7423 train_time:418538ms step_avg:597.91ms
step:711/3200 train_loss:3.6087 train_time:419134ms step_avg:597.91ms
step:712/3200 train_loss:3.7320 train_time:419731ms step_avg:597.91ms
step:713/3200 train_loss:3.8644 train_time:420330ms step_avg:597.91ms
step:714/3200 train_loss:3.6280 train_time:420924ms step_avg:597.90ms
step:715/3200 train_loss:3.7650 train_time:421519ms step_avg:597.90ms
step:716/3200 train_loss:3.7796 train_time:422119ms step_avg:597.90ms
step:717/3200 train_loss:3.6984 train_time:422715ms step_avg:597.90ms
step:718/3200 train_loss:3.9537 train_time:423312ms step_avg:597.90ms
step:719/3200 train_loss:3.5994 train_time:423910ms step_avg:597.90ms
step:720/3200 train_loss:3.6280 train_time:424510ms step_avg:597.90ms
step:721/3200 train_loss:4.0833 train_time:425104ms step_avg:597.90ms
step:722/3200 train_loss:3.4778 train_time:425703ms step_avg:597.90ms
step:723/3200 train_loss:3.9334 train_time:426299ms step_avg:597.90ms
step:724/3200 train_loss:3.9047 train_time:426895ms step_avg:597.89ms
step:725/3200 train_loss:3.6909 train_time:427492ms step_avg:597.89ms
step:726/3200 train_loss:3.7330 train_time:428091ms step_avg:597.89ms
step:727/3200 train_loss:3.5582 train_time:428684ms step_avg:597.89ms
step:728/3200 train_loss:3.4319 train_time:429283ms step_avg:597.89ms
step:729/3200 train_loss:3.7497 train_time:429877ms step_avg:597.88ms
step:730/3200 train_loss:3.7147 train_time:430474ms step_avg:597.88ms
step:731/3200 train_loss:3.8137 train_time:431070ms step_avg:597.88ms
step:732/3200 train_loss:3.7265 train_time:431667ms step_avg:597.88ms
step:733/3200 train_loss:3.7197 train_time:432270ms step_avg:597.88ms
step:734/3200 train_loss:4.1078 train_time:432861ms step_avg:597.87ms
step:735/3200 train_loss:3.4980 train_time:433459ms step_avg:597.87ms
step:736/3200 train_loss:3.7378 train_time:434053ms step_avg:597.87ms
step:737/3200 train_loss:3.9859 train_time:434650ms step_avg:597.87ms
step:738/3200 train_loss:3.7418 train_time:435245ms step_avg:597.86ms
step:739/3200 train_loss:3.6644 train_time:435841ms step_avg:597.86ms
step:740/3200 train_loss:3.7766 train_time:436438ms step_avg:597.86ms
step:741/3200 train_loss:4.1633 train_time:437033ms step_avg:597.86ms
step:742/3200 train_loss:3.6748 train_time:437628ms step_avg:597.85ms
step:743/3200 train_loss:3.5888 train_time:438222ms step_avg:597.85ms
step:744/3200 train_loss:3.6053 train_time:438824ms step_avg:597.85ms
step:745/3200 train_loss:3.8328 train_time:439414ms step_avg:597.84ms
step:746/3200 train_loss:3.7208 train_time:440011ms step_avg:597.84ms
step:747/3200 train_loss:3.7465 train_time:440607ms step_avg:597.84ms
step:748/3200 train_loss:3.6918 train_time:441202ms step_avg:597.83ms
step:749/3200 train_loss:3.7092 train_time:441798ms step_avg:597.83ms
step:750/3200 train_loss:3.6216 train_time:442397ms step_avg:597.83ms
step:750/3200 val_loss:3.6828 train_time:442775ms step_avg:598.35ms
step:751/3200 train_loss:3.6927 train_time:442998ms step_avg:597.84ms
step:752/3200 train_loss:3.6142 train_time:443595ms step_avg:597.84ms
step:753/3200 train_loss:3.6855 train_time:444191ms step_avg:597.83ms
step:754/3200 train_loss:3.6357 train_time:444787ms step_avg:597.83ms
step:755/3200 train_loss:3.6501 train_time:445383ms step_avg:597.83ms
step:756/3200 train_loss:3.8804 train_time:445978ms step_avg:597.83ms
step:757/3200 train_loss:3.6231 train_time:446571ms step_avg:597.82ms
step:758/3200 train_loss:3.7879 train_time:447166ms step_avg:597.82ms
step:759/3200 train_loss:3.7306 train_time:447763ms step_avg:597.81ms
step:760/3200 train_loss:3.6940 train_time:448739ms step_avg:598.32ms
step:761/3200 train_loss:3.6831 train_time:449330ms step_avg:598.31ms
step:762/3200 train_loss:3.5648 train_time:449925ms step_avg:598.30ms
step:763/3200 train_loss:3.7335 train_time:450522ms step_avg:598.30ms
step:764/3200 train_loss:3.6348 train_time:451118ms step_avg:598.30ms
step:765/3200 train_loss:3.4735 train_time:451715ms step_avg:598.30ms
step:766/3200 train_loss:3.9255 train_time:452311ms step_avg:598.30ms
step:767/3200 train_loss:3.7624 train_time:452908ms step_avg:598.29ms
step:768/3200 train_loss:3.7684 train_time:453505ms step_avg:598.29ms
step:769/3200 train_loss:3.6435 train_time:454106ms step_avg:598.30ms
step:770/3200 train_loss:3.8723 train_time:454700ms step_avg:598.29ms
step:771/3200 train_loss:3.7882 train_time:455297ms step_avg:598.29ms
step:772/3200 train_loss:4.0613 train_time:455900ms step_avg:598.29ms
step:773/3200 train_loss:3.5698 train_time:456496ms step_avg:598.29ms
step:774/3200 train_loss:3.6697 train_time:457094ms step_avg:598.29ms
step:775/3200 train_loss:3.8235 train_time:457693ms step_avg:598.29ms
step:776/3200 train_loss:3.7869 train_time:458289ms step_avg:598.29ms
step:777/3200 train_loss:3.6514 train_time:458885ms step_avg:598.29ms
step:778/3200 train_loss:3.4948 train_time:459485ms step_avg:598.29ms
step:779/3200 train_loss:3.7033 train_time:460081ms step_avg:598.28ms
step:780/3200 train_loss:3.5997 train_time:460679ms step_avg:598.28ms
step:781/3200 train_loss:3.7511 train_time:461274ms step_avg:598.28ms
step:782/3200 train_loss:3.8037 train_time:461872ms step_avg:598.28ms
step:783/3200 train_loss:3.6563 train_time:462466ms step_avg:598.27ms
step:784/3200 train_loss:3.7112 train_time:463062ms step_avg:598.27ms
step:785/3200 train_loss:3.6916 train_time:463659ms step_avg:598.27ms
step:786/3200 train_loss:3.6368 train_time:464254ms step_avg:598.26ms
step:787/3200 train_loss:3.5294 train_time:464848ms step_avg:598.26ms
step:788/3200 train_loss:4.0251 train_time:465444ms step_avg:598.26ms
step:789/3200 train_loss:3.5348 train_time:466041ms step_avg:598.26ms
step:790/3200 train_loss:3.5927 train_time:466641ms step_avg:598.26ms
step:791/3200 train_loss:3.7403 train_time:467234ms step_avg:598.25ms
step:792/3200 train_loss:3.6703 train_time:467833ms step_avg:598.25ms
step:793/3200 train_loss:3.5934 train_time:468428ms step_avg:598.25ms
step:794/3200 train_loss:3.4930 train_time:469024ms step_avg:598.24ms
step:795/3200 train_loss:3.6148 train_time:469618ms step_avg:598.24ms
step:796/3200 train_loss:3.6890 train_time:470225ms step_avg:598.25ms
step:797/3200 train_loss:3.7115 train_time:470825ms step_avg:598.25ms
step:798/3200 train_loss:3.6122 train_time:471418ms step_avg:598.25ms
step:799/3200 train_loss:3.8388 train_time:472018ms step_avg:598.25ms
step:800/3200 train_loss:3.6589 train_time:472610ms step_avg:598.24ms
step:801/3200 train_loss:3.6755 train_time:473206ms step_avg:598.24ms
step:802/3200 train_loss:3.7727 train_time:473801ms step_avg:598.23ms
step:803/3200 train_loss:3.7719 train_time:474400ms step_avg:598.23ms
step:804/3200 train_loss:3.8117 train_time:474996ms step_avg:598.23ms
step:805/3200 train_loss:3.7601 train_time:475598ms step_avg:598.24ms
step:806/3200 train_loss:3.5914 train_time:476200ms step_avg:598.24ms
step:807/3200 train_loss:3.4467 train_time:476793ms step_avg:598.23ms
step:808/3200 train_loss:3.7494 train_time:477393ms step_avg:598.24ms
step:809/3200 train_loss:3.7447 train_time:477983ms step_avg:598.23ms
step:810/3200 train_loss:3.5967 train_time:478583ms step_avg:598.23ms
step:811/3200 train_loss:3.6514 train_time:479179ms step_avg:598.23ms
step:812/3200 train_loss:3.7750 train_time:479780ms step_avg:598.23ms
step:813/3200 train_loss:3.7297 train_time:480380ms step_avg:598.23ms
step:814/3200 train_loss:3.7009 train_time:480979ms step_avg:598.23ms
step:815/3200 train_loss:3.7404 train_time:481575ms step_avg:598.23ms
step:816/3200 train_loss:3.6680 train_time:482183ms step_avg:598.24ms
step:817/3200 train_loss:3.7149 train_time:482779ms step_avg:598.24ms
step:818/3200 train_loss:4.0713 train_time:483375ms step_avg:598.24ms
step:819/3200 train_loss:3.6394 train_time:483973ms step_avg:598.24ms
step:820/3200 train_loss:3.9044 train_time:484567ms step_avg:598.23ms
step:821/3200 train_loss:3.5217 train_time:485166ms step_avg:598.23ms
step:822/3200 train_loss:3.6229 train_time:485772ms step_avg:598.24ms
step:823/3200 train_loss:3.9099 train_time:486369ms step_avg:598.24ms
step:824/3200 train_loss:3.6626 train_time:486966ms step_avg:598.24ms
step:825/3200 train_loss:3.6428 train_time:487566ms step_avg:598.24ms
step:826/3200 train_loss:3.7841 train_time:488162ms step_avg:598.24ms
step:827/3200 train_loss:3.6078 train_time:488764ms step_avg:598.24ms
step:828/3200 train_loss:4.0766 train_time:489362ms step_avg:598.24ms
step:829/3200 train_loss:3.6784 train_time:489955ms step_avg:598.24ms
step:830/3200 train_loss:3.7415 train_time:490552ms step_avg:598.23ms
step:831/3200 train_loss:3.6528 train_time:491149ms step_avg:598.23ms
step:832/3200 train_loss:3.6279 train_time:491744ms step_avg:598.23ms
step:833/3200 train_loss:3.5714 train_time:492344ms step_avg:598.23ms
step:834/3200 train_loss:3.6681 train_time:492937ms step_avg:598.23ms
step:835/3200 train_loss:3.5501 train_time:493535ms step_avg:598.22ms
step:836/3200 train_loss:3.5175 train_time:494136ms step_avg:598.23ms
step:837/3200 train_loss:3.8691 train_time:494739ms step_avg:598.23ms
step:838/3200 train_loss:3.5270 train_time:495336ms step_avg:598.23ms
step:839/3200 train_loss:3.6531 train_time:495932ms step_avg:598.23ms
step:840/3200 train_loss:3.5356 train_time:496529ms step_avg:598.23ms
step:841/3200 train_loss:3.6629 train_time:497126ms step_avg:598.23ms
step:842/3200 train_loss:3.6754 train_time:497720ms step_avg:598.22ms
step:843/3200 train_loss:3.7374 train_time:498323ms step_avg:598.23ms
step:844/3200 train_loss:3.6421 train_time:498916ms step_avg:598.22ms
step:845/3200 train_loss:3.5494 train_time:499513ms step_avg:598.22ms
step:846/3200 train_loss:3.8391 train_time:500109ms step_avg:598.22ms
step:847/3200 train_loss:3.5735 train_time:500705ms step_avg:598.21ms
step:848/3200 train_loss:3.5470 train_time:501303ms step_avg:598.21ms
step:849/3200 train_loss:3.6818 train_time:501904ms step_avg:598.22ms
step:850/3200 train_loss:3.6016 train_time:502499ms step_avg:598.21ms
step:851/3200 train_loss:3.6744 train_time:503093ms step_avg:598.21ms
step:852/3200 train_loss:3.7848 train_time:503691ms step_avg:598.21ms
step:853/3200 train_loss:3.5840 train_time:504285ms step_avg:598.20ms
step:854/3200 train_loss:3.6558 train_time:504884ms step_avg:598.20ms
step:855/3200 train_loss:3.8733 train_time:505481ms step_avg:598.20ms
step:856/3200 train_loss:3.5858 train_time:506078ms step_avg:598.20ms
step:857/3200 train_loss:3.5634 train_time:506676ms step_avg:598.20ms
step:858/3200 train_loss:3.7041 train_time:507270ms step_avg:598.20ms
step:859/3200 train_loss:3.4650 train_time:507868ms step_avg:598.20ms
step:860/3200 train_loss:3.6778 train_time:508462ms step_avg:598.19ms
step:861/3200 train_loss:3.5924 train_time:509058ms step_avg:598.19ms
step:862/3200 train_loss:3.7665 train_time:509658ms step_avg:598.19ms
step:863/3200 train_loss:3.6449 train_time:510255ms step_avg:598.19ms
step:864/3200 train_loss:3.6958 train_time:510853ms step_avg:598.19ms
step:865/3200 train_loss:3.5658 train_time:511451ms step_avg:598.19ms
step:866/3200 train_loss:3.6700 train_time:512052ms step_avg:598.19ms
step:867/3200 train_loss:4.1188 train_time:512647ms step_avg:598.19ms
step:868/3200 train_loss:3.5294 train_time:513250ms step_avg:598.19ms
step:869/3200 train_loss:3.8198 train_time:513847ms step_avg:598.19ms
step:870/3200 train_loss:3.6322 train_time:514452ms step_avg:598.20ms
step:871/3200 train_loss:3.5999 train_time:515046ms step_avg:598.19ms
step:872/3200 train_loss:3.4662 train_time:515646ms step_avg:598.20ms
step:873/3200 train_loss:3.8356 train_time:516240ms step_avg:598.19ms
step:874/3200 train_loss:3.5212 train_time:516834ms step_avg:598.19ms
step:875/3200 train_loss:3.1973 train_time:517430ms step_avg:598.19ms
step:875/3200 val_loss:3.6373 train_time:517809ms step_avg:598.62ms
step:876/3200 train_loss:3.7187 train_time:518029ms step_avg:598.19ms
step:877/3200 train_loss:3.7140 train_time:518622ms step_avg:598.18ms
step:878/3200 train_loss:3.6936 train_time:519219ms step_avg:598.18ms
step:879/3200 train_loss:3.5756 train_time:519814ms step_avg:598.18ms
step:880/3200 train_loss:3.6844 train_time:520410ms step_avg:598.17ms
step:881/3200 train_loss:3.3416 train_time:521007ms step_avg:598.17ms
step:882/3200 train_loss:3.6887 train_time:521603ms step_avg:598.17ms
step:883/3200 train_loss:4.1414 train_time:522198ms step_avg:598.17ms
step:884/3200 train_loss:3.9832 train_time:522795ms step_avg:598.16ms
step:885/3200 train_loss:3.7778 train_time:523391ms step_avg:598.16ms
step:886/3200 train_loss:3.6622 train_time:523988ms step_avg:598.16ms
step:887/3200 train_loss:3.6870 train_time:524587ms step_avg:598.16ms
step:888/3200 train_loss:4.5762 train_time:525180ms step_avg:598.16ms
step:889/3200 train_loss:3.9452 train_time:525776ms step_avg:598.15ms
step:890/3200 train_loss:3.5651 train_time:526373ms step_avg:598.15ms
step:891/3200 train_loss:3.6049 train_time:526971ms step_avg:598.15ms
step:892/3200 train_loss:3.5689 train_time:527565ms step_avg:598.15ms
step:893/3200 train_loss:3.7545 train_time:528163ms step_avg:598.15ms
step:894/3200 train_loss:3.4911 train_time:528757ms step_avg:598.14ms
step:895/3200 train_loss:3.5905 train_time:529353ms step_avg:598.14ms
step:896/3200 train_loss:3.6271 train_time:529951ms step_avg:598.14ms
step:897/3200 train_loss:3.6339 train_time:530547ms step_avg:598.14ms
step:898/3200 train_loss:3.6623 train_time:531142ms step_avg:598.13ms
step:899/3200 train_loss:3.7842 train_time:531737ms step_avg:598.13ms
step:900/3200 train_loss:3.5880 train_time:532334ms step_avg:598.13ms
step:901/3200 train_loss:3.4929 train_time:532931ms step_avg:598.13ms
step:902/3200 train_loss:3.6989 train_time:533526ms step_avg:598.12ms
step:903/3200 train_loss:3.5883 train_time:534122ms step_avg:598.12ms
step:904/3200 train_loss:3.6035 train_time:534719ms step_avg:598.12ms
step:905/3200 train_loss:3.6409 train_time:535322ms step_avg:598.13ms
step:906/3200 train_loss:3.6422 train_time:535918ms step_avg:598.12ms
step:907/3200 train_loss:3.6706 train_time:536520ms step_avg:598.13ms
step:908/3200 train_loss:3.6304 train_time:537122ms step_avg:598.13ms
step:909/3200 train_loss:3.5786 train_time:537713ms step_avg:598.12ms
step:910/3200 train_loss:3.6044 train_time:538311ms step_avg:598.12ms
step:911/3200 train_loss:3.6129 train_time:538906ms step_avg:598.12ms
step:912/3200 train_loss:3.6686 train_time:539502ms step_avg:598.12ms
step:913/3200 train_loss:3.8831 train_time:540097ms step_avg:598.11ms
step:914/3200 train_loss:3.4841 train_time:540694ms step_avg:598.11ms
step:915/3200 train_loss:3.7323 train_time:541296ms step_avg:598.12ms
step:916/3200 train_loss:3.7748 train_time:541892ms step_avg:598.11ms
step:917/3200 train_loss:3.6849 train_time:542492ms step_avg:598.12ms
step:918/3200 train_loss:3.6909 train_time:543092ms step_avg:598.12ms
step:919/3200 train_loss:4.0365 train_time:543691ms step_avg:598.12ms
step:920/3200 train_loss:3.4594 train_time:544286ms step_avg:598.12ms
step:921/3200 train_loss:3.6266 train_time:544887ms step_avg:598.12ms
step:922/3200 train_loss:3.6412 train_time:545479ms step_avg:598.11ms
step:923/3200 train_loss:3.6424 train_time:546078ms step_avg:598.11ms
step:924/3200 train_loss:3.7230 train_time:546674ms step_avg:598.11ms
step:925/3200 train_loss:3.7499 train_time:547275ms step_avg:598.11ms
step:926/3200 train_loss:3.7413 train_time:547876ms step_avg:598.12ms
step:927/3200 train_loss:3.6994 train_time:548474ms step_avg:598.12ms
step:928/3200 train_loss:3.7836 train_time:549068ms step_avg:598.11ms
step:929/3200 train_loss:3.8565 train_time:549665ms step_avg:598.11ms
step:930/3200 train_loss:3.5522 train_time:550264ms step_avg:598.11ms
step:931/3200 train_loss:3.4930 train_time:550864ms step_avg:598.12ms
step:932/3200 train_loss:3.6081 train_time:551462ms step_avg:598.12ms
step:933/3200 train_loss:3.8270 train_time:552056ms step_avg:598.11ms
step:934/3200 train_loss:3.4671 train_time:552655ms step_avg:598.11ms
step:935/3200 train_loss:3.6842 train_time:553253ms step_avg:598.11ms
step:936/3200 train_loss:3.5077 train_time:553848ms step_avg:598.11ms
step:937/3200 train_loss:3.6195 train_time:554441ms step_avg:598.10ms
step:938/3200 train_loss:3.6744 train_time:555037ms step_avg:598.10ms
step:939/3200 train_loss:3.5710 train_time:555632ms step_avg:598.10ms
step:940/3200 train_loss:3.8369 train_time:556227ms step_avg:598.09ms
step:941/3200 train_loss:3.5755 train_time:556824ms step_avg:598.09ms
step:942/3200 train_loss:3.6483 train_time:557421ms step_avg:598.09ms
step:943/3200 train_loss:3.3925 train_time:558019ms step_avg:598.09ms
step:944/3200 train_loss:3.7383 train_time:558614ms step_avg:598.09ms
step:945/3200 train_loss:3.3562 train_time:559211ms step_avg:598.09ms
step:946/3200 train_loss:3.4867 train_time:559807ms step_avg:598.08ms
step:947/3200 train_loss:4.0090 train_time:560408ms step_avg:598.09ms
step:948/3200 train_loss:3.9249 train_time:561005ms step_avg:598.09ms
step:949/3200 train_loss:3.6539 train_time:561597ms step_avg:598.08ms
step:950/3200 train_loss:3.6524 train_time:562343ms step_avg:598.24ms
step:951/3200 train_loss:3.5760 train_time:562934ms step_avg:598.23ms
step:952/3200 train_loss:3.5402 train_time:563530ms step_avg:598.23ms
step:953/3200 train_loss:3.5948 train_time:564126ms step_avg:598.23ms
step:954/3200 train_loss:3.7466 train_time:564723ms step_avg:598.22ms
step:955/3200 train_loss:3.6070 train_time:565319ms step_avg:598.22ms
step:956/3200 train_loss:3.6250 train_time:565917ms step_avg:598.22ms
step:957/3200 train_loss:3.5569 train_time:566517ms step_avg:598.22ms
step:958/3200 train_loss:3.6287 train_time:567112ms step_avg:598.22ms
step:959/3200 train_loss:3.6333 train_time:567707ms step_avg:598.22ms
step:960/3200 train_loss:3.7422 train_time:568318ms step_avg:598.23ms
step:961/3200 train_loss:3.3996 train_time:568908ms step_avg:598.22ms
step:962/3200 train_loss:3.8441 train_time:569494ms step_avg:598.21ms
step:963/3200 train_loss:3.8419 train_time:570091ms step_avg:598.21ms
step:964/3200 train_loss:3.6884 train_time:570690ms step_avg:598.21ms
step:965/3200 train_loss:3.5071 train_time:571305ms step_avg:598.23ms
step:966/3200 train_loss:3.5578 train_time:571902ms step_avg:598.22ms
step:967/3200 train_loss:3.8366 train_time:572492ms step_avg:598.22ms
step:968/3200 train_loss:3.5962 train_time:573099ms step_avg:598.22ms
step:969/3200 train_loss:3.6140 train_time:573696ms step_avg:598.22ms
step:970/3200 train_loss:3.6355 train_time:574286ms step_avg:598.21ms
step:971/3200 train_loss:3.5305 train_time:574879ms step_avg:598.21ms
step:972/3200 train_loss:3.6302 train_time:575472ms step_avg:598.20ms
step:973/3200 train_loss:3.5929 train_time:576069ms step_avg:598.20ms
step:974/3200 train_loss:3.6362 train_time:576670ms step_avg:598.21ms
step:975/3200 train_loss:3.7595 train_time:577264ms step_avg:598.20ms
step:976/3200 train_loss:3.6133 train_time:577859ms step_avg:598.20ms
step:977/3200 train_loss:3.9792 train_time:578458ms step_avg:598.20ms
step:978/3200 train_loss:3.7771 train_time:579054ms step_avg:598.20ms
step:979/3200 train_loss:3.4604 train_time:579652ms step_avg:598.20ms
step:980/3200 train_loss:4.1438 train_time:580247ms step_avg:598.19ms
step:981/3200 train_loss:3.5883 train_time:580844ms step_avg:598.19ms
step:982/3200 train_loss:3.6404 train_time:581447ms step_avg:598.20ms
step:983/3200 train_loss:3.5808 train_time:582038ms step_avg:598.19ms
step:984/3200 train_loss:3.6267 train_time:582634ms step_avg:598.19ms
step:985/3200 train_loss:3.7094 train_time:583234ms step_avg:598.19ms
step:986/3200 train_loss:3.7635 train_time:583826ms step_avg:598.18ms
step:987/3200 train_loss:3.5494 train_time:584422ms step_avg:598.18ms
step:988/3200 train_loss:3.6060 train_time:585021ms step_avg:598.18ms
step:989/3200 train_loss:3.5954 train_time:585630ms step_avg:598.19ms
step:990/3200 train_loss:3.5327 train_time:586224ms step_avg:598.19ms
step:991/3200 train_loss:3.8140 train_time:586825ms step_avg:598.19ms
step:992/3200 train_loss:3.4618 train_time:587434ms step_avg:598.20ms
step:993/3200 train_loss:3.5826 train_time:588029ms step_avg:598.20ms
step:994/3200 train_loss:3.5988 train_time:588621ms step_avg:598.19ms
step:995/3200 train_loss:3.7391 train_time:589224ms step_avg:598.20ms
step:996/3200 train_loss:3.6014 train_time:589817ms step_avg:598.19ms
step:997/3200 train_loss:3.5064 train_time:590407ms step_avg:598.18ms
step:998/3200 train_loss:3.9072 train_time:591002ms step_avg:598.18ms
step:999/3200 train_loss:3.5659 train_time:591599ms step_avg:598.18ms
step:1000/3200 train_loss:3.7951 train_time:592195ms step_avg:598.18ms
step:1000/3200 val_loss:3.5978 train_time:592574ms step_avg:598.56ms
step:1001/3200 train_loss:3.4972 train_time:592793ms step_avg:598.18ms
step:1002/3200 train_loss:3.5202 train_time:593387ms step_avg:598.17ms
step:1003/3200 train_loss:3.5359 train_time:593985ms step_avg:598.17ms
step:1004/3200 train_loss:3.9002 train_time:594579ms step_avg:598.17ms
step:1005/3200 train_loss:3.7244 train_time:595175ms step_avg:598.17ms
step:1006/3200 train_loss:3.5082 train_time:595781ms step_avg:598.17ms
step:1007/3200 train_loss:3.5396 train_time:596370ms step_avg:598.16ms
step:1008/3200 train_loss:3.5071 train_time:596969ms step_avg:598.16ms
step:1009/3200 train_loss:3.7198 train_time:597564ms step_avg:598.16ms
step:1010/3200 train_loss:3.8047 train_time:598162ms step_avg:598.16ms
step:1011/3200 train_loss:3.7357 train_time:598756ms step_avg:598.16ms
step:1012/3200 train_loss:3.6689 train_time:599354ms step_avg:598.16ms
step:1013/3200 train_loss:3.5135 train_time:599977ms step_avg:598.18ms
step:1014/3200 train_loss:3.7384 train_time:600566ms step_avg:598.17ms
step:1015/3200 train_loss:3.6975 train_time:601165ms step_avg:598.17ms
step:1016/3200 train_loss:3.3809 train_time:601759ms step_avg:598.17ms
step:1017/3200 train_loss:3.5768 train_time:602357ms step_avg:598.17ms
step:1018/3200 train_loss:3.4869 train_time:602959ms step_avg:598.17ms
step:1019/3200 train_loss:3.5388 train_time:603562ms step_avg:598.18ms
step:1020/3200 train_loss:3.5055 train_time:604169ms step_avg:598.19ms
step:1021/3200 train_loss:3.4874 train_time:604761ms step_avg:598.18ms
step:1022/3200 train_loss:3.4523 train_time:605360ms step_avg:598.18ms
step:1023/3200 train_loss:3.6613 train_time:605962ms step_avg:598.19ms
step:1024/3200 train_loss:3.6331 train_time:606560ms step_avg:598.19ms
step:1025/3200 train_loss:3.6078 train_time:607157ms step_avg:598.18ms
step:1026/3200 train_loss:3.5378 train_time:607753ms step_avg:598.18ms
step:1027/3200 train_loss:3.6310 train_time:608349ms step_avg:598.18ms
step:1028/3200 train_loss:3.5680 train_time:608945ms step_avg:598.18ms
step:1029/3200 train_loss:3.5210 train_time:609543ms step_avg:598.18ms
step:1030/3200 train_loss:3.5342 train_time:610144ms step_avg:598.18ms
step:1031/3200 train_loss:3.6063 train_time:610738ms step_avg:598.18ms
step:1032/3200 train_loss:3.4895 train_time:611332ms step_avg:598.17ms
step:1033/3200 train_loss:3.7375 train_time:611923ms step_avg:598.17ms
step:1034/3200 train_loss:3.6005 train_time:612522ms step_avg:598.17ms
step:1035/3200 train_loss:3.4254 train_time:613120ms step_avg:598.17ms
step:1036/3200 train_loss:3.4919 train_time:613726ms step_avg:598.17ms
step:1037/3200 train_loss:3.6579 train_time:614320ms step_avg:598.17ms
step:1038/3200 train_loss:4.0267 train_time:614937ms step_avg:598.19ms
step:1039/3200 train_loss:3.7582 train_time:615529ms step_avg:598.18ms
step:1040/3200 train_loss:3.7211 train_time:616127ms step_avg:598.18ms
step:1041/3200 train_loss:3.6329 train_time:616724ms step_avg:598.18ms
step:1042/3200 train_loss:3.4758 train_time:617313ms step_avg:598.17ms
step:1043/3200 train_loss:3.5227 train_time:617910ms step_avg:598.17ms
step:1044/3200 train_loss:3.5458 train_time:618509ms step_avg:598.17ms
step:1045/3200 train_loss:3.6829 train_time:619102ms step_avg:598.17ms
step:1046/3200 train_loss:3.7401 train_time:619698ms step_avg:598.16ms
step:1047/3200 train_loss:3.6058 train_time:620293ms step_avg:598.16ms
step:1048/3200 train_loss:3.8136 train_time:620892ms step_avg:598.16ms
step:1049/3200 train_loss:3.6538 train_time:621487ms step_avg:598.16ms
step:1050/3200 train_loss:3.6249 train_time:622083ms step_avg:598.16ms
step:1051/3200 train_loss:3.4634 train_time:622678ms step_avg:598.15ms
step:1052/3200 train_loss:3.6912 train_time:623275ms step_avg:598.15ms
step:1053/3200 train_loss:3.4651 train_time:623878ms step_avg:598.16ms
step:1054/3200 train_loss:3.9189 train_time:624481ms step_avg:598.16ms
step:1055/3200 train_loss:3.4613 train_time:625074ms step_avg:598.16ms
step:1056/3200 train_loss:3.5755 train_time:625668ms step_avg:598.15ms
step:1057/3200 train_loss:3.7250 train_time:626265ms step_avg:598.15ms
step:1058/3200 train_loss:3.6143 train_time:626860ms step_avg:598.15ms
step:1059/3200 train_loss:3.4732 train_time:627462ms step_avg:598.15ms
step:1060/3200 train_loss:3.7071 train_time:628056ms step_avg:598.15ms
step:1061/3200 train_loss:3.6529 train_time:628655ms step_avg:598.15ms
step:1062/3200 train_loss:3.5285 train_time:629248ms step_avg:598.14ms
step:1063/3200 train_loss:3.5036 train_time:629845ms step_avg:598.14ms
step:1064/3200 train_loss:3.6465 train_time:630440ms step_avg:598.14ms
step:1065/3200 train_loss:3.4373 train_time:631041ms step_avg:598.14ms
step:1066/3200 train_loss:3.4436 train_time:631643ms step_avg:598.15ms
step:1067/3200 train_loss:3.5897 train_time:632239ms step_avg:598.14ms
step:1068/3200 train_loss:3.3933 train_time:632836ms step_avg:598.14ms
step:1069/3200 train_loss:3.5307 train_time:633428ms step_avg:598.14ms
step:1070/3200 train_loss:3.2722 train_time:634024ms step_avg:598.14ms
step:1071/3200 train_loss:3.7867 train_time:634623ms step_avg:598.14ms
step:1072/3200 train_loss:3.6531 train_time:635220ms step_avg:598.14ms
step:1073/3200 train_loss:3.5452 train_time:635818ms step_avg:598.14ms
step:1074/3200 train_loss:3.7189 train_time:636412ms step_avg:598.13ms
step:1075/3200 train_loss:3.5861 train_time:637008ms step_avg:598.13ms
step:1076/3200 train_loss:3.4906 train_time:637605ms step_avg:598.13ms
step:1077/3200 train_loss:3.8829 train_time:638200ms step_avg:598.13ms
step:1078/3200 train_loss:3.5164 train_time:638795ms step_avg:598.12ms
step:1079/3200 train_loss:3.2594 train_time:639393ms step_avg:598.12ms
step:1080/3200 train_loss:3.4536 train_time:639989ms step_avg:598.12ms
step:1081/3200 train_loss:3.5754 train_time:640586ms step_avg:598.12ms
step:1082/3200 train_loss:3.6836 train_time:641183ms step_avg:598.12ms
step:1083/3200 train_loss:3.7393 train_time:641783ms step_avg:598.12ms
step:1084/3200 train_loss:3.7432 train_time:642373ms step_avg:598.11ms
step:1085/3200 train_loss:3.5380 train_time:642972ms step_avg:598.11ms
step:1086/3200 train_loss:3.6532 train_time:643567ms step_avg:598.11ms
step:1087/3200 train_loss:3.4762 train_time:644169ms step_avg:598.11ms
step:1088/3200 train_loss:3.6643 train_time:644760ms step_avg:598.11ms
step:1089/3200 train_loss:3.5303 train_time:645369ms step_avg:598.12ms
step:1090/3200 train_loss:3.4900 train_time:645961ms step_avg:598.11ms
step:1091/3200 train_loss:3.7368 train_time:646556ms step_avg:598.11ms
step:1092/3200 train_loss:3.5390 train_time:647155ms step_avg:598.11ms
step:1093/3200 train_loss:3.6792 train_time:647748ms step_avg:598.11ms
step:1094/3200 train_loss:3.5591 train_time:648345ms step_avg:598.10ms
step:1095/3200 train_loss:3.6448 train_time:648946ms step_avg:598.11ms
step:1096/3200 train_loss:3.5234 train_time:649547ms step_avg:598.11ms
step:1097/3200 train_loss:3.5644 train_time:650141ms step_avg:598.11ms
step:1098/3200 train_loss:3.6347 train_time:650738ms step_avg:598.10ms
step:1099/3200 train_loss:3.7412 train_time:651334ms step_avg:598.10ms
step:1100/3200 train_loss:3.5942 train_time:651942ms step_avg:598.11ms
step:1101/3200 train_loss:3.6739 train_time:652543ms step_avg:598.11ms
step:1102/3200 train_loss:3.5875 train_time:653141ms step_avg:598.11ms
step:1103/3200 train_loss:3.4338 train_time:653741ms step_avg:598.12ms
step:1104/3200 train_loss:3.5662 train_time:654338ms step_avg:598.12ms
step:1105/3200 train_loss:3.5413 train_time:654931ms step_avg:598.11ms
step:1106/3200 train_loss:3.7552 train_time:655530ms step_avg:598.11ms
step:1107/3200 train_loss:3.3033 train_time:656127ms step_avg:598.11ms
step:1108/3200 train_loss:3.7852 train_time:656721ms step_avg:598.11ms
step:1109/3200 train_loss:3.6133 train_time:657318ms step_avg:598.11ms
step:1110/3200 train_loss:3.5635 train_time:657916ms step_avg:598.11ms
step:1111/3200 train_loss:3.6012 train_time:658518ms step_avg:598.11ms
step:1112/3200 train_loss:3.6671 train_time:659117ms step_avg:598.11ms
step:1113/3200 train_loss:3.7287 train_time:659708ms step_avg:598.10ms
step:1114/3200 train_loss:3.5900 train_time:660305ms step_avg:598.10ms
step:1115/3200 train_loss:3.6148 train_time:660901ms step_avg:598.10ms
step:1116/3200 train_loss:3.3925 train_time:661499ms step_avg:598.10ms
step:1117/3200 train_loss:3.5656 train_time:662095ms step_avg:598.10ms
step:1118/3200 train_loss:3.5927 train_time:662689ms step_avg:598.09ms
step:1119/3200 train_loss:4.0370 train_time:663293ms step_avg:598.10ms
step:1120/3200 train_loss:3.7009 train_time:663889ms step_avg:598.10ms
step:1121/3200 train_loss:3.6080 train_time:664482ms step_avg:598.09ms
step:1122/3200 train_loss:3.5632 train_time:665079ms step_avg:598.09ms
step:1123/3200 train_loss:3.5987 train_time:665674ms step_avg:598.09ms
step:1124/3200 train_loss:3.8058 train_time:666270ms step_avg:598.09ms
step:1125/3200 train_loss:3.4525 train_time:666870ms step_avg:598.09ms
step:1125/3200 val_loss:3.5692 train_time:667242ms step_avg:598.42ms
step:1126/3200 train_loss:3.2572 train_time:667468ms step_avg:598.09ms
step:1127/3200 train_loss:3.6968 train_time:668064ms step_avg:598.09ms
step:1128/3200 train_loss:4.0908 train_time:668670ms step_avg:598.09ms
step:1129/3200 train_loss:3.4420 train_time:669271ms step_avg:598.10ms
step:1130/3200 train_loss:3.7351 train_time:669865ms step_avg:598.09ms
step:1131/3200 train_loss:3.6534 train_time:670461ms step_avg:598.09ms
step:1132/3200 train_loss:3.5888 train_time:671060ms step_avg:598.09ms
step:1133/3200 train_loss:3.6139 train_time:671657ms step_avg:598.09ms
step:1134/3200 train_loss:3.8130 train_time:672251ms step_avg:598.09ms
step:1135/3200 train_loss:3.5876 train_time:672848ms step_avg:598.09ms
step:1136/3200 train_loss:3.5570 train_time:673441ms step_avg:598.08ms
step:1137/3200 train_loss:3.7446 train_time:674039ms step_avg:598.08ms
step:1138/3200 train_loss:3.6314 train_time:674630ms step_avg:598.08ms
step:1139/3200 train_loss:3.4263 train_time:675229ms step_avg:598.08ms
step:1140/3200 train_loss:3.9045 train_time:675936ms step_avg:598.17ms
step:1141/3200 train_loss:3.6023 train_time:676535ms step_avg:598.17ms
step:1142/3200 train_loss:3.8133 train_time:677131ms step_avg:598.17ms
step:1143/3200 train_loss:3.6779 train_time:677740ms step_avg:598.18ms
step:1144/3200 train_loss:3.5966 train_time:678339ms step_avg:598.18ms
step:1145/3200 train_loss:3.5497 train_time:678935ms step_avg:598.18ms
step:1146/3200 train_loss:3.6047 train_time:679531ms step_avg:598.18ms
step:1147/3200 train_loss:3.8803 train_time:680130ms step_avg:598.18ms
step:1148/3200 train_loss:3.7326 train_time:680729ms step_avg:598.18ms
step:1149/3200 train_loss:3.5643 train_time:681322ms step_avg:598.18ms
step:1150/3200 train_loss:3.4229 train_time:681916ms step_avg:598.17ms
step:1151/3200 train_loss:3.4772 train_time:682517ms step_avg:598.17ms
step:1152/3200 train_loss:3.5166 train_time:683112ms step_avg:598.17ms
step:1153/3200 train_loss:3.9208 train_time:683708ms step_avg:598.17ms
step:1154/3200 train_loss:3.7166 train_time:684300ms step_avg:598.16ms
step:1155/3200 train_loss:3.7279 train_time:684899ms step_avg:598.16ms
step:1156/3200 train_loss:3.3837 train_time:685495ms step_avg:598.16ms
step:1157/3200 train_loss:3.7819 train_time:686087ms step_avg:598.16ms
step:1158/3200 train_loss:3.6383 train_time:686686ms step_avg:598.16ms
step:1159/3200 train_loss:3.4052 train_time:687286ms step_avg:598.16ms
step:1160/3200 train_loss:3.5107 train_time:687882ms step_avg:598.16ms
step:1161/3200 train_loss:3.4384 train_time:688474ms step_avg:598.15ms
step:1162/3200 train_loss:3.4054 train_time:689070ms step_avg:598.15ms
step:1163/3200 train_loss:3.4630 train_time:689667ms step_avg:598.15ms
step:1164/3200 train_loss:3.6606 train_time:690263ms step_avg:598.15ms
step:1165/3200 train_loss:3.5653 train_time:690859ms step_avg:598.15ms
step:1166/3200 train_loss:3.4214 train_time:691451ms step_avg:598.14ms
step:1167/3200 train_loss:3.5374 train_time:692053ms step_avg:598.14ms
step:1168/3200 train_loss:3.5441 train_time:692654ms step_avg:598.15ms
step:1169/3200 train_loss:3.7398 train_time:693243ms step_avg:598.14ms
step:1170/3200 train_loss:3.4753 train_time:693839ms step_avg:598.14ms
step:1171/3200 train_loss:3.5562 train_time:694434ms step_avg:598.13ms
step:1172/3200 train_loss:3.5261 train_time:695033ms step_avg:598.14ms
step:1173/3200 train_loss:3.5584 train_time:695630ms step_avg:598.13ms
step:1174/3200 train_loss:3.7402 train_time:696226ms step_avg:598.13ms
step:1175/3200 train_loss:3.4591 train_time:696824ms step_avg:598.13ms
step:1176/3200 train_loss:3.5826 train_time:697420ms step_avg:598.13ms
step:1177/3200 train_loss:3.7026 train_time:698021ms step_avg:598.13ms
step:1178/3200 train_loss:3.4889 train_time:698614ms step_avg:598.13ms
step:1179/3200 train_loss:3.6570 train_time:699209ms step_avg:598.13ms
step:1180/3200 train_loss:3.4950 train_time:699805ms step_avg:598.12ms
step:1181/3200 train_loss:3.4609 train_time:700398ms step_avg:598.12ms
step:1182/3200 train_loss:3.3147 train_time:700997ms step_avg:598.12ms
step:1183/3200 train_loss:3.6010 train_time:701588ms step_avg:598.11ms
step:1184/3200 train_loss:3.4041 train_time:702189ms step_avg:598.12ms
step:1185/3200 train_loss:3.7968 train_time:702787ms step_avg:598.12ms
step:1186/3200 train_loss:3.7738 train_time:703383ms step_avg:598.11ms
step:1187/3200 train_loss:3.5220 train_time:703983ms step_avg:598.12ms
step:1188/3200 train_loss:3.5440 train_time:704578ms step_avg:598.11ms
step:1189/3200 train_loss:3.5748 train_time:705162ms step_avg:598.10ms
step:1190/3200 train_loss:3.3748 train_time:705757ms step_avg:598.10ms
step:1191/3200 train_loss:3.6331 train_time:706356ms step_avg:598.10ms
step:1192/3200 train_loss:4.0219 train_time:706949ms step_avg:598.10ms
step:1193/3200 train_loss:3.5351 train_time:707549ms step_avg:598.10ms
step:1194/3200 train_loss:3.4674 train_time:708143ms step_avg:598.09ms
step:1195/3200 train_loss:3.7235 train_time:708745ms step_avg:598.10ms
step:1196/3200 train_loss:3.5269 train_time:709337ms step_avg:598.09ms
step:1197/3200 train_loss:3.4557 train_time:709934ms step_avg:598.09ms
step:1198/3200 train_loss:3.4334 train_time:710529ms step_avg:598.09ms
step:1199/3200 train_loss:3.4182 train_time:711127ms step_avg:598.09ms
step:1200/3200 train_loss:3.5550 train_time:711722ms step_avg:598.09ms
step:1201/3200 train_loss:3.6149 train_time:712320ms step_avg:598.09ms
step:1202/3200 train_loss:3.7633 train_time:712923ms step_avg:598.09ms
step:1203/3200 train_loss:3.6915 train_time:713525ms step_avg:598.09ms
step:1204/3200 train_loss:3.5938 train_time:714121ms step_avg:598.09ms
step:1205/3200 train_loss:3.4965 train_time:714720ms step_avg:598.09ms
step:1206/3200 train_loss:3.5505 train_time:715314ms step_avg:598.09ms
step:1207/3200 train_loss:3.6667 train_time:715907ms step_avg:598.08ms
step:1208/3200 train_loss:3.7213 train_time:716504ms step_avg:598.08ms
step:1209/3200 train_loss:3.4916 train_time:717101ms step_avg:598.08ms
step:1210/3200 train_loss:3.3868 train_time:717697ms step_avg:598.08ms
step:1211/3200 train_loss:3.3192 train_time:718292ms step_avg:598.08ms
step:1212/3200 train_loss:3.6210 train_time:718891ms step_avg:598.08ms
step:1213/3200 train_loss:3.6866 train_time:719490ms step_avg:598.08ms
step:1214/3200 train_loss:3.5389 train_time:720091ms step_avg:598.08ms
step:1215/3200 train_loss:3.4285 train_time:720690ms step_avg:598.08ms
step:1216/3200 train_loss:3.7441 train_time:721282ms step_avg:598.08ms
step:1217/3200 train_loss:3.4769 train_time:721878ms step_avg:598.08ms
step:1218/3200 train_loss:3.5481 train_time:722477ms step_avg:598.08ms
step:1219/3200 train_loss:3.5853 train_time:723080ms step_avg:598.08ms
step:1220/3200 train_loss:3.6006 train_time:723677ms step_avg:598.08ms
step:1221/3200 train_loss:3.5620 train_time:724272ms step_avg:598.08ms
step:1222/3200 train_loss:3.7617 train_time:724869ms step_avg:598.08ms
step:1223/3200 train_loss:3.5186 train_time:725466ms step_avg:598.08ms
step:1224/3200 train_loss:3.4526 train_time:726057ms step_avg:598.07ms
step:1225/3200 train_loss:3.3576 train_time:726653ms step_avg:598.07ms
step:1226/3200 train_loss:3.4738 train_time:727250ms step_avg:598.07ms
step:1227/3200 train_loss:3.4723 train_time:727845ms step_avg:598.06ms
step:1228/3200 train_loss:3.5044 train_time:728442ms step_avg:598.06ms
step:1229/3200 train_loss:3.5847 train_time:729041ms step_avg:598.06ms
step:1230/3200 train_loss:3.5108 train_time:729644ms step_avg:598.07ms
step:1231/3200 train_loss:3.7751 train_time:730239ms step_avg:598.07ms
step:1232/3200 train_loss:3.8291 train_time:730833ms step_avg:598.06ms
step:1233/3200 train_loss:3.7240 train_time:731430ms step_avg:598.06ms
step:1234/3200 train_loss:3.6446 train_time:732025ms step_avg:598.06ms
step:1235/3200 train_loss:3.8091 train_time:732622ms step_avg:598.06ms
step:1236/3200 train_loss:3.5241 train_time:733220ms step_avg:598.06ms
step:1237/3200 train_loss:3.4569 train_time:733829ms step_avg:598.07ms
step:1238/3200 train_loss:3.4021 train_time:734414ms step_avg:598.06ms
step:1239/3200 train_loss:3.4185 train_time:735009ms step_avg:598.05ms
step:1240/3200 train_loss:3.5032 train_time:735607ms step_avg:598.05ms
step:1241/3200 train_loss:3.4134 train_time:736204ms step_avg:598.05ms
step:1242/3200 train_loss:3.6169 train_time:736800ms step_avg:598.05ms
step:1243/3200 train_loss:3.4977 train_time:737395ms step_avg:598.05ms
step:1244/3200 train_loss:3.5913 train_time:737992ms step_avg:598.05ms
step:1245/3200 train_loss:3.6584 train_time:738594ms step_avg:598.05ms
step:1246/3200 train_loss:3.4099 train_time:739189ms step_avg:598.05ms
step:1247/3200 train_loss:3.4814 train_time:739784ms step_avg:598.05ms
step:1248/3200 train_loss:3.6063 train_time:740381ms step_avg:598.05ms
step:1249/3200 train_loss:3.7174 train_time:740975ms step_avg:598.04ms
step:1250/3200 train_loss:3.6020 train_time:741571ms step_avg:598.04ms
step:1250/3200 val_loss:3.5422 train_time:741952ms step_avg:598.35ms
step:1251/3200 train_loss:3.4789 train_time:742172ms step_avg:598.04ms
step:1252/3200 train_loss:3.5650 train_time:742767ms step_avg:598.04ms
step:1253/3200 train_loss:3.5535 train_time:743362ms step_avg:598.04ms
step:1254/3200 train_loss:3.5584 train_time:743965ms step_avg:598.04ms
step:1255/3200 train_loss:3.7180 train_time:744558ms step_avg:598.04ms
step:1256/3200 train_loss:3.6326 train_time:745155ms step_avg:598.04ms
step:1257/3200 train_loss:3.6644 train_time:745752ms step_avg:598.04ms
step:1258/3200 train_loss:3.6424 train_time:746364ms step_avg:598.05ms
step:1259/3200 train_loss:3.5183 train_time:746956ms step_avg:598.04ms
step:1260/3200 train_loss:3.5210 train_time:747551ms step_avg:598.04ms
step:1261/3200 train_loss:3.3875 train_time:748154ms step_avg:598.05ms
step:1262/3200 train_loss:3.3026 train_time:748752ms step_avg:598.04ms
step:1263/3200 train_loss:3.6404 train_time:749348ms step_avg:598.04ms
step:1264/3200 train_loss:3.3670 train_time:749949ms step_avg:598.05ms
step:1265/3200 train_loss:3.6990 train_time:750542ms step_avg:598.04ms
step:1266/3200 train_loss:3.6090 train_time:751145ms step_avg:598.05ms
step:1267/3200 train_loss:3.5958 train_time:751739ms step_avg:598.04ms
step:1268/3200 train_loss:3.6735 train_time:752335ms step_avg:598.04ms
step:1269/3200 train_loss:3.4942 train_time:752930ms step_avg:598.04ms
step:1270/3200 train_loss:3.5102 train_time:753526ms step_avg:598.04ms
step:1271/3200 train_loss:3.4479 train_time:754120ms step_avg:598.03ms
step:1272/3200 train_loss:3.4431 train_time:754721ms step_avg:598.04ms
step:1273/3200 train_loss:3.4828 train_time:755313ms step_avg:598.03ms
step:1274/3200 train_loss:3.5328 train_time:755909ms step_avg:598.03ms
step:1275/3200 train_loss:3.5260 train_time:756507ms step_avg:598.03ms
step:1276/3200 train_loss:3.6503 train_time:757104ms step_avg:598.03ms
step:1277/3200 train_loss:3.6581 train_time:757703ms step_avg:598.03ms
step:1278/3200 train_loss:3.6178 train_time:758297ms step_avg:598.03ms
step:1279/3200 train_loss:3.5139 train_time:758894ms step_avg:598.02ms
step:1280/3200 train_loss:3.3533 train_time:759489ms step_avg:598.02ms
step:1281/3200 train_loss:3.4429 train_time:760085ms step_avg:598.02ms
step:1282/3200 train_loss:3.6497 train_time:760682ms step_avg:598.02ms
step:1283/3200 train_loss:3.5732 train_time:761283ms step_avg:598.02ms
step:1284/3200 train_loss:3.6345 train_time:761877ms step_avg:598.02ms
step:1285/3200 train_loss:3.5892 train_time:762474ms step_avg:598.02ms
step:1286/3200 train_loss:3.5524 train_time:763072ms step_avg:598.02ms
step:1287/3200 train_loss:3.4116 train_time:763677ms step_avg:598.02ms
step:1288/3200 train_loss:3.4890 train_time:764265ms step_avg:598.02ms
step:1289/3200 train_loss:3.4650 train_time:764860ms step_avg:598.01ms
step:1290/3200 train_loss:3.4199 train_time:765470ms step_avg:598.02ms
step:1291/3200 train_loss:3.5750 train_time:766065ms step_avg:598.02ms
step:1292/3200 train_loss:3.5982 train_time:766660ms step_avg:598.02ms
step:1293/3200 train_loss:3.6335 train_time:767261ms step_avg:598.02ms
step:1294/3200 train_loss:3.6567 train_time:767861ms step_avg:598.02ms
step:1295/3200 train_loss:3.3248 train_time:768450ms step_avg:598.02ms
step:1296/3200 train_loss:3.4285 train_time:769049ms step_avg:598.02ms
step:1297/3200 train_loss:3.6212 train_time:769645ms step_avg:598.01ms
step:1298/3200 train_loss:3.3791 train_time:770241ms step_avg:598.01ms
step:1299/3200 train_loss:3.6314 train_time:770838ms step_avg:598.01ms
step:1300/3200 train_loss:3.5618 train_time:771433ms step_avg:598.01ms
step:1301/3200 train_loss:3.6749 train_time:772030ms step_avg:598.01ms
step:1302/3200 train_loss:3.6324 train_time:772638ms step_avg:598.02ms
step:1303/3200 train_loss:3.7885 train_time:773237ms step_avg:598.02ms
step:1304/3200 train_loss:3.3967 train_time:773833ms step_avg:598.02ms
step:1305/3200 train_loss:3.8916 train_time:774428ms step_avg:598.01ms
step:1306/3200 train_loss:3.5052 train_time:775026ms step_avg:598.01ms
step:1307/3200 train_loss:3.7038 train_time:775621ms step_avg:598.01ms
step:1308/3200 train_loss:3.8562 train_time:776228ms step_avg:598.02ms
step:1309/3200 train_loss:3.4765 train_time:776826ms step_avg:598.02ms
step:1310/3200 train_loss:3.4422 train_time:777427ms step_avg:598.02ms
step:1311/3200 train_loss:3.6084 train_time:778018ms step_avg:598.02ms
step:1312/3200 train_loss:3.5428 train_time:778624ms step_avg:598.02ms
step:1313/3200 train_loss:3.5220 train_time:779219ms step_avg:598.02ms
step:1314/3200 train_loss:3.6089 train_time:779816ms step_avg:598.02ms
step:1315/3200 train_loss:3.2488 train_time:780412ms step_avg:598.02ms
step:1316/3200 train_loss:3.4376 train_time:781009ms step_avg:598.02ms
step:1317/3200 train_loss:3.5476 train_time:781604ms step_avg:598.01ms
step:1318/3200 train_loss:3.6587 train_time:782203ms step_avg:598.01ms
step:1319/3200 train_loss:3.3597 train_time:782795ms step_avg:598.01ms
step:1320/3200 train_loss:3.5381 train_time:783394ms step_avg:598.01ms
step:1321/3200 train_loss:3.6763 train_time:783989ms step_avg:598.01ms
step:1322/3200 train_loss:3.6432 train_time:784587ms step_avg:598.01ms
step:1323/3200 train_loss:3.5237 train_time:785183ms step_avg:598.01ms
step:1324/3200 train_loss:3.5564 train_time:785783ms step_avg:598.01ms
step:1325/3200 train_loss:3.8051 train_time:786375ms step_avg:598.00ms
step:1326/3200 train_loss:3.8437 train_time:786971ms step_avg:598.00ms
step:1327/3200 train_loss:3.5858 train_time:787566ms step_avg:598.00ms
step:1328/3200 train_loss:3.4085 train_time:788163ms step_avg:598.00ms
step:1329/3200 train_loss:3.8201 train_time:788758ms step_avg:598.00ms
step:1330/3200 train_loss:3.5772 train_time:789466ms step_avg:598.08ms
step:1331/3200 train_loss:3.7875 train_time:790064ms step_avg:598.08ms
step:1332/3200 train_loss:3.4955 train_time:790664ms step_avg:598.08ms
step:1333/3200 train_loss:3.7552 train_time:791259ms step_avg:598.08ms
step:1334/3200 train_loss:3.6651 train_time:791859ms step_avg:598.08ms
step:1335/3200 train_loss:3.5712 train_time:792452ms step_avg:598.08ms
step:1336/3200 train_loss:3.4667 train_time:793048ms step_avg:598.08ms
step:1337/3200 train_loss:3.5889 train_time:793646ms step_avg:598.08ms
step:1338/3200 train_loss:3.7666 train_time:794241ms step_avg:598.07ms
step:1339/3200 train_loss:3.6511 train_time:794837ms step_avg:598.07ms
step:1340/3200 train_loss:3.4944 train_time:795436ms step_avg:598.07ms
step:1341/3200 train_loss:3.4403 train_time:796034ms step_avg:598.07ms
step:1342/3200 train_loss:3.8150 train_time:796632ms step_avg:598.07ms
step:1343/3200 train_loss:3.6212 train_time:797232ms step_avg:598.07ms
step:1344/3200 train_loss:3.6310 train_time:797828ms step_avg:598.07ms
step:1345/3200 train_loss:3.6365 train_time:798415ms step_avg:598.06ms
step:1346/3200 train_loss:3.6185 train_time:799014ms step_avg:598.06ms
step:1347/3200 train_loss:3.4518 train_time:799609ms step_avg:598.06ms
step:1348/3200 train_loss:3.4389 train_time:800207ms step_avg:598.06ms
step:1349/3200 train_loss:3.5761 train_time:800804ms step_avg:598.06ms
step:1350/3200 train_loss:3.4439 train_time:801401ms step_avg:598.06ms
step:1351/3200 train_loss:3.6309 train_time:801999ms step_avg:598.06ms
step:1352/3200 train_loss:3.5395 train_time:802595ms step_avg:598.06ms
step:1353/3200 train_loss:3.4919 train_time:803197ms step_avg:598.06ms
step:1354/3200 train_loss:3.6222 train_time:803793ms step_avg:598.06ms
step:1355/3200 train_loss:3.4897 train_time:804391ms step_avg:598.06ms
step:1356/3200 train_loss:3.2910 train_time:804990ms step_avg:598.06ms
step:1357/3200 train_loss:3.6069 train_time:805586ms step_avg:598.06ms
step:1358/3200 train_loss:3.6917 train_time:806185ms step_avg:598.06ms
step:1359/3200 train_loss:3.3807 train_time:806778ms step_avg:598.06ms
step:1360/3200 train_loss:3.7232 train_time:807374ms step_avg:598.05ms
step:1361/3200 train_loss:3.6728 train_time:807969ms step_avg:598.05ms
step:1362/3200 train_loss:3.3897 train_time:808566ms step_avg:598.05ms
step:1363/3200 train_loss:3.5660 train_time:809160ms step_avg:598.05ms
step:1364/3200 train_loss:3.4240 train_time:809758ms step_avg:598.05ms
step:1365/3200 train_loss:3.4439 train_time:810352ms step_avg:598.05ms
step:1366/3200 train_loss:3.5760 train_time:810953ms step_avg:598.05ms
step:1367/3200 train_loss:3.6309 train_time:811546ms step_avg:598.04ms
step:1368/3200 train_loss:3.5884 train_time:812141ms step_avg:598.04ms
step:1369/3200 train_loss:3.6949 train_time:812736ms step_avg:598.04ms
step:1370/3200 train_loss:3.6111 train_time:813331ms step_avg:598.04ms
step:1371/3200 train_loss:3.8755 train_time:813927ms step_avg:598.04ms
step:1372/3200 train_loss:3.4989 train_time:814528ms step_avg:598.04ms
step:1373/3200 train_loss:3.4820 train_time:815119ms step_avg:598.03ms
step:1374/3200 train_loss:3.5644 train_time:815713ms step_avg:598.03ms
step:1375/3200 train_loss:3.3944 train_time:816318ms step_avg:598.04ms
step:1375/3200 val_loss:3.5208 train_time:816703ms step_avg:598.32ms
step:1376/3200 train_loss:3.8295 train_time:816923ms step_avg:598.04ms
step:1377/3200 train_loss:3.5344 train_time:817516ms step_avg:598.04ms
step:1378/3200 train_loss:3.7459 train_time:818115ms step_avg:598.04ms
step:1379/3200 train_loss:3.7618 train_time:818715ms step_avg:598.04ms
step:1380/3200 train_loss:3.5415 train_time:819318ms step_avg:598.04ms
step:1381/3200 train_loss:3.5505 train_time:819919ms step_avg:598.04ms
step:1382/3200 train_loss:3.5958 train_time:820516ms step_avg:598.04ms
step:1383/3200 train_loss:3.4374 train_time:821111ms step_avg:598.04ms
step:1384/3200 train_loss:3.6211 train_time:821706ms step_avg:598.04ms
step:1385/3200 train_loss:3.7196 train_time:822314ms step_avg:598.05ms
step:1386/3200 train_loss:3.4844 train_time:822902ms step_avg:598.04ms
step:1387/3200 train_loss:3.6104 train_time:823497ms step_avg:598.04ms
step:1388/3200 train_loss:3.4887 train_time:824097ms step_avg:598.04ms
step:1389/3200 train_loss:3.4883 train_time:824693ms step_avg:598.04ms
step:1390/3200 train_loss:3.2567 train_time:825287ms step_avg:598.03ms
step:1391/3200 train_loss:3.5528 train_time:825886ms step_avg:598.03ms
step:1392/3200 train_loss:3.4304 train_time:826484ms step_avg:598.03ms
step:1393/3200 train_loss:3.5513 train_time:827082ms step_avg:598.03ms
step:1394/3200 train_loss:3.5446 train_time:827695ms step_avg:598.05ms
step:1395/3200 train_loss:3.5869 train_time:828296ms step_avg:598.05ms
step:1396/3200 train_loss:3.5681 train_time:828886ms step_avg:598.04ms
step:1397/3200 train_loss:3.5482 train_time:829486ms step_avg:598.04ms
step:1398/3200 train_loss:3.3499 train_time:830082ms step_avg:598.04ms
step:1399/3200 train_loss:3.5359 train_time:830676ms step_avg:598.04ms
step:1400/3200 train_loss:3.5512 train_time:831282ms step_avg:598.04ms
step:1401/3200 train_loss:3.5290 train_time:831882ms step_avg:598.05ms
step:1402/3200 train_loss:3.4888 train_time:832480ms step_avg:598.05ms
step:1403/3200 train_loss:3.4573 train_time:833075ms step_avg:598.04ms
step:1404/3200 train_loss:3.5677 train_time:833675ms step_avg:598.05ms
step:1405/3200 train_loss:3.5565 train_time:834270ms step_avg:598.04ms
step:1406/3200 train_loss:3.5977 train_time:834869ms step_avg:598.04ms
step:1407/3200 train_loss:3.5273 train_time:835463ms step_avg:598.04ms
step:1408/3200 train_loss:3.4816 train_time:836059ms step_avg:598.04ms
step:1409/3200 train_loss:3.3335 train_time:836658ms step_avg:598.04ms
step:1410/3200 train_loss:3.4962 train_time:837258ms step_avg:598.04ms
step:1411/3200 train_loss:3.4726 train_time:837852ms step_avg:598.04ms
step:1412/3200 train_loss:3.5573 train_time:838450ms step_avg:598.04ms
step:1413/3200 train_loss:3.4775 train_time:839046ms step_avg:598.04ms
step:1414/3200 train_loss:3.3925 train_time:839641ms step_avg:598.04ms
step:1415/3200 train_loss:3.5846 train_time:840236ms step_avg:598.03ms
step:1416/3200 train_loss:3.8036 train_time:840832ms step_avg:598.03ms
step:1417/3200 train_loss:3.4253 train_time:841426ms step_avg:598.03ms
step:1418/3200 train_loss:3.4311 train_time:842024ms step_avg:598.03ms
step:1419/3200 train_loss:3.4257 train_time:842621ms step_avg:598.03ms
step:1420/3200 train_loss:3.4948 train_time:843216ms step_avg:598.03ms
step:1421/3200 train_loss:3.5928 train_time:843816ms step_avg:598.03ms
step:1422/3200 train_loss:3.4202 train_time:844415ms step_avg:598.03ms
step:1423/3200 train_loss:3.5660 train_time:845008ms step_avg:598.02ms
step:1424/3200 train_loss:3.6513 train_time:845605ms step_avg:598.02ms
step:1425/3200 train_loss:3.6531 train_time:846201ms step_avg:598.02ms
step:1426/3200 train_loss:3.1583 train_time:846800ms step_avg:598.02ms
step:1427/3200 train_loss:3.5535 train_time:847398ms step_avg:598.02ms
step:1428/3200 train_loss:3.5925 train_time:847992ms step_avg:598.02ms
step:1429/3200 train_loss:3.6052 train_time:848588ms step_avg:598.02ms
step:1430/3200 train_loss:3.5065 train_time:849186ms step_avg:598.02ms
step:1431/3200 train_loss:3.7416 train_time:849779ms step_avg:598.01ms
step:1432/3200 train_loss:3.6261 train_time:850374ms step_avg:598.01ms
step:1433/3200 train_loss:3.5092 train_time:850973ms step_avg:598.01ms
step:1434/3200 train_loss:3.5211 train_time:851568ms step_avg:598.01ms
step:1435/3200 train_loss:3.4700 train_time:852165ms step_avg:598.01ms
step:1436/3200 train_loss:3.1400 train_time:852760ms step_avg:598.01ms
step:1437/3200 train_loss:3.4042 train_time:853357ms step_avg:598.01ms
step:1438/3200 train_loss:3.5677 train_time:853952ms step_avg:598.01ms
step:1439/3200 train_loss:3.5836 train_time:854547ms step_avg:598.00ms
step:1440/3200 train_loss:3.5912 train_time:855144ms step_avg:598.00ms
step:1441/3200 train_loss:3.4330 train_time:855745ms step_avg:598.00ms
step:1442/3200 train_loss:3.5219 train_time:856341ms step_avg:598.00ms
step:1443/3200 train_loss:3.8097 train_time:856936ms step_avg:598.00ms
step:1444/3200 train_loss:3.5985 train_time:857531ms step_avg:598.00ms
step:1445/3200 train_loss:3.5718 train_time:858126ms step_avg:598.00ms
step:1446/3200 train_loss:3.5679 train_time:858725ms step_avg:598.00ms
step:1447/3200 train_loss:3.3849 train_time:859318ms step_avg:597.99ms
step:1448/3200 train_loss:3.4881 train_time:859916ms step_avg:597.99ms
step:1449/3200 train_loss:3.5008 train_time:860517ms step_avg:598.00ms
step:1450/3200 train_loss:3.7174 train_time:861110ms step_avg:597.99ms
step:1451/3200 train_loss:3.6246 train_time:861708ms step_avg:597.99ms
step:1452/3200 train_loss:3.3901 train_time:862306ms step_avg:597.99ms
step:1453/3200 train_loss:3.6541 train_time:862900ms step_avg:597.99ms
step:1454/3200 train_loss:3.4102 train_time:863496ms step_avg:597.99ms
step:1455/3200 train_loss:3.5110 train_time:864092ms step_avg:597.99ms
step:1456/3200 train_loss:3.5686 train_time:864692ms step_avg:597.99ms
step:1457/3200 train_loss:3.4078 train_time:865286ms step_avg:597.99ms
step:1458/3200 train_loss:3.3799 train_time:865881ms step_avg:597.98ms
step:1459/3200 train_loss:3.5561 train_time:866484ms step_avg:597.99ms
step:1460/3200 train_loss:3.5006 train_time:867082ms step_avg:597.99ms
step:1461/3200 train_loss:3.4159 train_time:867674ms step_avg:597.98ms
step:1462/3200 train_loss:3.7701 train_time:868270ms step_avg:597.98ms
step:1463/3200 train_loss:3.6011 train_time:868867ms step_avg:597.98ms
step:1464/3200 train_loss:3.7724 train_time:869463ms step_avg:597.98ms
step:1465/3200 train_loss:3.5145 train_time:870063ms step_avg:597.98ms
step:1466/3200 train_loss:3.5324 train_time:870655ms step_avg:597.98ms
step:1467/3200 train_loss:3.4355 train_time:871252ms step_avg:597.98ms
step:1468/3200 train_loss:3.6285 train_time:871857ms step_avg:597.98ms
step:1469/3200 train_loss:3.5774 train_time:872455ms step_avg:597.98ms
step:1470/3200 train_loss:3.4048 train_time:873049ms step_avg:597.98ms
step:1471/3200 train_loss:3.6276 train_time:873650ms step_avg:597.98ms
step:1472/3200 train_loss:3.4998 train_time:874246ms step_avg:597.98ms
step:1473/3200 train_loss:3.4453 train_time:874847ms step_avg:597.98ms
step:1474/3200 train_loss:3.6590 train_time:875441ms step_avg:597.98ms
step:1475/3200 train_loss:3.5057 train_time:876038ms step_avg:597.98ms
step:1476/3200 train_loss:3.2265 train_time:876634ms step_avg:597.98ms
step:1477/3200 train_loss:3.4199 train_time:877231ms step_avg:597.98ms
step:1478/3200 train_loss:3.3667 train_time:877827ms step_avg:597.97ms
step:1479/3200 train_loss:3.5370 train_time:878424ms step_avg:597.97ms
step:1480/3200 train_loss:3.5396 train_time:879022ms step_avg:597.97ms
step:1481/3200 train_loss:3.5721 train_time:879620ms step_avg:597.97ms
step:1482/3200 train_loss:3.6805 train_time:880219ms step_avg:597.97ms
step:1483/3200 train_loss:3.5817 train_time:880813ms step_avg:597.97ms
step:1484/3200 train_loss:3.4438 train_time:881412ms step_avg:597.97ms
step:1485/3200 train_loss:3.4764 train_time:882011ms step_avg:597.97ms
step:1486/3200 train_loss:3.4491 train_time:882605ms step_avg:597.97ms
step:1487/3200 train_loss:3.5087 train_time:883201ms step_avg:597.97ms
step:1488/3200 train_loss:3.4959 train_time:883796ms step_avg:597.97ms
step:1489/3200 train_loss:3.4657 train_time:884404ms step_avg:597.97ms
step:1490/3200 train_loss:3.6242 train_time:885001ms step_avg:597.97ms
step:1491/3200 train_loss:3.4273 train_time:885594ms step_avg:597.97ms
step:1492/3200 train_loss:3.2656 train_time:886193ms step_avg:597.97ms
step:1493/3200 train_loss:3.5525 train_time:886786ms step_avg:597.97ms
step:1494/3200 train_loss:3.7279 train_time:887381ms step_avg:597.97ms
step:1495/3200 train_loss:3.5202 train_time:887980ms step_avg:597.97ms
step:1496/3200 train_loss:3.3925 train_time:888579ms step_avg:597.97ms
step:1497/3200 train_loss:3.4701 train_time:889174ms step_avg:597.96ms
step:1498/3200 train_loss:3.4597 train_time:889771ms step_avg:597.96ms
step:1499/3200 train_loss:3.5025 train_time:890367ms step_avg:597.96ms
step:1500/3200 train_loss:3.4311 train_time:890963ms step_avg:597.96ms
step:1500/3200 val_loss:3.5104 train_time:891345ms step_avg:598.22ms
step:1501/3200 train_loss:3.3906 train_time:891568ms step_avg:597.97ms
step:1502/3200 train_loss:3.4099 train_time:892158ms step_avg:597.96ms
step:1503/3200 train_loss:3.5777 train_time:892759ms step_avg:597.96ms
step:1504/3200 train_loss:3.4029 train_time:893356ms step_avg:597.96ms
step:1505/3200 train_loss:3.4813 train_time:893959ms step_avg:597.97ms
step:1506/3200 train_loss:3.3938 train_time:894554ms step_avg:597.96ms
step:1507/3200 train_loss:3.5302 train_time:895155ms step_avg:597.97ms
step:1508/3200 train_loss:3.4196 train_time:895750ms step_avg:597.96ms
step:1509/3200 train_loss:4.0958 train_time:896338ms step_avg:597.96ms
step:1510/3200 train_loss:3.4125 train_time:896935ms step_avg:597.96ms
step:1511/3200 train_loss:3.5116 train_time:897531ms step_avg:597.96ms
step:1512/3200 train_loss:3.5421 train_time:898129ms step_avg:597.96ms
step:1513/3200 train_loss:3.7955 train_time:898725ms step_avg:597.95ms
step:1514/3200 train_loss:3.4111 train_time:899320ms step_avg:597.95ms
step:1515/3200 train_loss:3.3847 train_time:899917ms step_avg:597.95ms
step:1516/3200 train_loss:3.5245 train_time:900514ms step_avg:597.95ms
step:1517/3200 train_loss:3.4351 train_time:901108ms step_avg:597.95ms
step:1518/3200 train_loss:3.6124 train_time:901706ms step_avg:597.95ms
step:1519/3200 train_loss:3.3900 train_time:902302ms step_avg:597.95ms
step:1520/3200 train_loss:3.5878 train_time:903018ms step_avg:598.03ms
step:1521/3200 train_loss:3.4221 train_time:903610ms step_avg:598.02ms
step:1522/3200 train_loss:3.4492 train_time:904206ms step_avg:598.02ms
step:1523/3200 train_loss:3.5726 train_time:904806ms step_avg:598.02ms
step:1524/3200 train_loss:3.5005 train_time:905397ms step_avg:598.02ms
step:1525/3200 train_loss:3.6476 train_time:905995ms step_avg:598.02ms
step:1526/3200 train_loss:3.4739 train_time:906591ms step_avg:598.02ms
step:1527/3200 train_loss:3.5222 train_time:907190ms step_avg:598.02ms
step:1528/3200 train_loss:3.5045 train_time:907792ms step_avg:598.02ms
step:1529/3200 train_loss:3.9024 train_time:908385ms step_avg:598.02ms
step:1530/3200 train_loss:3.6942 train_time:908982ms step_avg:598.01ms
step:1531/3200 train_loss:3.3221 train_time:909576ms step_avg:598.01ms
step:1532/3200 train_loss:3.4295 train_time:910177ms step_avg:598.01ms
step:1533/3200 train_loss:3.5180 train_time:910779ms step_avg:598.02ms
step:1534/3200 train_loss:3.4510 train_time:911367ms step_avg:598.01ms
step:1535/3200 train_loss:3.5690 train_time:911963ms step_avg:598.01ms
step:1536/3200 train_loss:3.5178 train_time:912560ms step_avg:598.01ms
step:1537/3200 train_loss:3.3980 train_time:913155ms step_avg:598.01ms
step:1538/3200 train_loss:3.4294 train_time:913750ms step_avg:598.00ms
step:1539/3200 train_loss:3.8427 train_time:914349ms step_avg:598.00ms
step:1540/3200 train_loss:3.4621 train_time:914947ms step_avg:598.00ms
step:1541/3200 train_loss:3.5542 train_time:915541ms step_avg:598.00ms
step:1542/3200 train_loss:3.4623 train_time:916136ms step_avg:598.00ms
step:1543/3200 train_loss:3.4398 train_time:916733ms step_avg:598.00ms
step:1544/3200 train_loss:3.3690 train_time:917329ms step_avg:598.00ms
step:1545/3200 train_loss:3.5003 train_time:917927ms step_avg:598.00ms
step:1546/3200 train_loss:3.6023 train_time:918523ms step_avg:598.00ms
step:1547/3200 train_loss:3.3922 train_time:919126ms step_avg:598.00ms
step:1548/3200 train_loss:3.4750 train_time:919714ms step_avg:597.99ms
step:1549/3200 train_loss:3.4351 train_time:920310ms step_avg:597.99ms
step:1550/3200 train_loss:3.5652 train_time:920907ms step_avg:597.99ms
step:1551/3200 train_loss:3.4183 train_time:921505ms step_avg:597.99ms
step:1552/3200 train_loss:3.4454 train_time:922098ms step_avg:597.99ms
step:1553/3200 train_loss:3.5134 train_time:922694ms step_avg:597.99ms
step:1554/3200 train_loss:3.4181 train_time:923292ms step_avg:597.99ms
step:1555/3200 train_loss:3.4843 train_time:923887ms step_avg:597.99ms
step:1556/3200 train_loss:3.4094 train_time:924489ms step_avg:597.99ms
step:1557/3200 train_loss:3.4248 train_time:925088ms step_avg:597.99ms
step:1558/3200 train_loss:3.5118 train_time:925685ms step_avg:597.99ms
step:1559/3200 train_loss:3.3461 train_time:926273ms step_avg:597.98ms
step:1560/3200 train_loss:3.4348 train_time:926869ms step_avg:597.98ms
step:1561/3200 train_loss:3.6622 train_time:927471ms step_avg:597.98ms
step:1562/3200 train_loss:3.3590 train_time:928070ms step_avg:597.98ms
step:1563/3200 train_loss:3.4730 train_time:928665ms step_avg:597.98ms
step:1564/3200 train_loss:3.6845 train_time:929265ms step_avg:597.98ms
step:1565/3200 train_loss:3.3443 train_time:929873ms step_avg:597.99ms
step:1566/3200 train_loss:3.3481 train_time:930478ms step_avg:597.99ms
step:1567/3200 train_loss:3.4552 train_time:931078ms step_avg:597.99ms
step:1568/3200 train_loss:3.4554 train_time:931672ms step_avg:597.99ms
step:1569/3200 train_loss:3.3553 train_time:932267ms step_avg:597.99ms
step:1570/3200 train_loss:3.6421 train_time:932871ms step_avg:597.99ms
step:1571/3200 train_loss:3.5641 train_time:933452ms step_avg:597.98ms
step:1572/3200 train_loss:3.2961 train_time:934059ms step_avg:597.99ms
step:1573/3200 train_loss:3.5085 train_time:934666ms step_avg:597.99ms
step:1574/3200 train_loss:3.4472 train_time:935270ms step_avg:598.00ms
step:1575/3200 train_loss:3.4557 train_time:935860ms step_avg:597.99ms
step:1576/3200 train_loss:3.5830 train_time:936466ms step_avg:598.00ms
step:1577/3200 train_loss:3.4638 train_time:937064ms step_avg:598.00ms
step:1578/3200 train_loss:3.4847 train_time:937656ms step_avg:597.99ms
step:1579/3200 train_loss:3.4362 train_time:938251ms step_avg:597.99ms
step:1580/3200 train_loss:3.3338 train_time:938847ms step_avg:597.99ms
step:1581/3200 train_loss:3.4132 train_time:939446ms step_avg:597.99ms
step:1582/3200 train_loss:3.4935 train_time:940050ms step_avg:598.00ms
step:1583/3200 train_loss:3.4519 train_time:940646ms step_avg:598.00ms
step:1584/3200 train_loss:3.9225 train_time:941244ms step_avg:597.99ms
step:1585/3200 train_loss:3.4498 train_time:941842ms step_avg:597.99ms
step:1586/3200 train_loss:3.5427 train_time:942451ms step_avg:598.00ms
step:1587/3200 train_loss:3.2730 train_time:943042ms step_avg:598.00ms
step:1588/3200 train_loss:3.6234 train_time:943638ms step_avg:598.00ms
step:1589/3200 train_loss:3.4654 train_time:944242ms step_avg:598.00ms
step:1590/3200 train_loss:3.5855 train_time:944837ms step_avg:598.00ms
step:1591/3200 train_loss:3.4441 train_time:945433ms step_avg:598.00ms
step:1592/3200 train_loss:3.4932 train_time:946027ms step_avg:597.99ms
step:1593/3200 train_loss:3.5078 train_time:946620ms step_avg:597.99ms
step:1594/3200 train_loss:3.4839 train_time:947216ms step_avg:597.99ms
step:1595/3200 train_loss:3.5544 train_time:947814ms step_avg:597.99ms
step:1596/3200 train_loss:3.8493 train_time:948411ms step_avg:597.99ms
step:1597/3200 train_loss:3.4181 train_time:949006ms step_avg:597.99ms
step:1598/3200 train_loss:3.4739 train_time:949606ms step_avg:597.99ms
step:1599/3200 train_loss:3.5813 train_time:950204ms step_avg:597.99ms
step:1600/3200 train_loss:3.6087 train_time:950798ms step_avg:597.99ms
step:1601/3200 train_loss:3.4779 train_time:951396ms step_avg:597.99ms
step:1602/3200 train_loss:3.8780 train_time:952000ms step_avg:597.99ms
step:1603/3200 train_loss:3.6164 train_time:952590ms step_avg:597.98ms
step:1604/3200 train_loss:3.2909 train_time:953186ms step_avg:597.98ms
step:1605/3200 train_loss:3.4811 train_time:953784ms step_avg:597.98ms
step:1606/3200 train_loss:3.3276 train_time:954379ms step_avg:597.98ms
step:1607/3200 train_loss:3.6540 train_time:954974ms step_avg:597.98ms
step:1608/3200 train_loss:3.4453 train_time:955569ms step_avg:597.98ms
step:1609/3200 train_loss:3.5218 train_time:956166ms step_avg:597.98ms
step:1610/3200 train_loss:3.5145 train_time:956766ms step_avg:597.98ms
step:1611/3200 train_loss:3.8841 train_time:957363ms step_avg:597.98ms
step:1612/3200 train_loss:3.6920 train_time:957952ms step_avg:597.97ms
step:1613/3200 train_loss:3.5887 train_time:958547ms step_avg:597.97ms
step:1614/3200 train_loss:3.4315 train_time:959150ms step_avg:597.97ms
step:1615/3200 train_loss:3.5049 train_time:959745ms step_avg:597.97ms
step:1616/3200 train_loss:3.3995 train_time:960339ms step_avg:597.97ms
step:1617/3200 train_loss:3.4915 train_time:960933ms step_avg:597.97ms
step:1618/3200 train_loss:3.6586 train_time:961528ms step_avg:597.97ms
step:1619/3200 train_loss:3.6787 train_time:962127ms step_avg:597.97ms
step:1620/3200 train_loss:3.3878 train_time:962722ms step_avg:597.96ms
step:1621/3200 train_loss:3.5717 train_time:963340ms step_avg:597.98ms
step:1622/3200 train_loss:3.5444 train_time:963936ms step_avg:597.98ms
step:1623/3200 train_loss:3.3587 train_time:964531ms step_avg:597.97ms
step:1624/3200 train_loss:3.5164 train_time:965127ms step_avg:597.97ms
step:1625/3200 train_loss:3.3888 train_time:965724ms step_avg:597.97ms
step:1625/3200 val_loss:3.4882 train_time:966104ms step_avg:598.21ms
step:1626/3200 train_loss:3.5100 train_time:966332ms step_avg:597.98ms
step:1627/3200 train_loss:3.4813 train_time:966925ms step_avg:597.97ms
step:1628/3200 train_loss:3.4181 train_time:967535ms step_avg:597.98ms
step:1629/3200 train_loss:3.5096 train_time:968114ms step_avg:597.97ms
step:1630/3200 train_loss:3.5142 train_time:968710ms step_avg:597.97ms
step:1631/3200 train_loss:3.5059 train_time:969308ms step_avg:597.97ms
step:1632/3200 train_loss:3.3781 train_time:969904ms step_avg:597.97ms
step:1633/3200 train_loss:3.2680 train_time:970500ms step_avg:597.97ms
step:1634/3200 train_loss:3.4459 train_time:971094ms step_avg:597.96ms
step:1635/3200 train_loss:3.4920 train_time:971691ms step_avg:597.96ms
step:1636/3200 train_loss:3.3270 train_time:972286ms step_avg:597.96ms
step:1637/3200 train_loss:3.5407 train_time:972890ms step_avg:597.97ms
step:1638/3200 train_loss:3.6586 train_time:973488ms step_avg:597.97ms
step:1639/3200 train_loss:3.7027 train_time:974083ms step_avg:597.96ms
step:1640/3200 train_loss:4.0587 train_time:974683ms step_avg:597.96ms
step:1641/3200 train_loss:3.5396 train_time:975290ms step_avg:597.97ms
step:1642/3200 train_loss:3.5437 train_time:975889ms step_avg:597.97ms
step:1643/3200 train_loss:3.6740 train_time:976483ms step_avg:597.97ms
step:1644/3200 train_loss:3.6166 train_time:977079ms step_avg:597.97ms
step:1645/3200 train_loss:3.3668 train_time:977674ms step_avg:597.97ms
step:1646/3200 train_loss:3.5171 train_time:978277ms step_avg:597.97ms
step:1647/3200 train_loss:3.1346 train_time:978876ms step_avg:597.97ms
step:1648/3200 train_loss:3.5080 train_time:979469ms step_avg:597.97ms
step:1649/3200 train_loss:3.4896 train_time:980067ms step_avg:597.97ms
step:1650/3200 train_loss:3.4204 train_time:980666ms step_avg:597.97ms
step:1651/3200 train_loss:3.4112 train_time:981262ms step_avg:597.97ms
step:1652/3200 train_loss:3.4641 train_time:981858ms step_avg:597.96ms
step:1653/3200 train_loss:3.4727 train_time:982452ms step_avg:597.96ms
step:1654/3200 train_loss:3.6910 train_time:983050ms step_avg:597.96ms
step:1655/3200 train_loss:3.3714 train_time:983645ms step_avg:597.96ms
step:1656/3200 train_loss:3.4251 train_time:984245ms step_avg:597.96ms
step:1657/3200 train_loss:3.4881 train_time:984840ms step_avg:597.96ms
step:1658/3200 train_loss:3.4595 train_time:985434ms step_avg:597.96ms
step:1659/3200 train_loss:3.3993 train_time:986035ms step_avg:597.96ms
step:1660/3200 train_loss:3.4250 train_time:986628ms step_avg:597.96ms
step:1661/3200 train_loss:3.4342 train_time:987224ms step_avg:597.96ms
step:1662/3200 train_loss:3.5370 train_time:987825ms step_avg:597.96ms
step:1663/3200 train_loss:3.4437 train_time:988418ms step_avg:597.95ms
step:1664/3200 train_loss:3.4624 train_time:989015ms step_avg:597.95ms
step:1665/3200 train_loss:3.5392 train_time:989611ms step_avg:597.95ms
step:1666/3200 train_loss:3.5096 train_time:990207ms step_avg:597.95ms
step:1667/3200 train_loss:3.8691 train_time:990803ms step_avg:597.95ms
step:1668/3200 train_loss:3.2912 train_time:991398ms step_avg:597.95ms
step:1669/3200 train_loss:3.4918 train_time:991995ms step_avg:597.95ms
step:1670/3200 train_loss:3.3555 train_time:992602ms step_avg:597.95ms
step:1671/3200 train_loss:3.2720 train_time:993189ms step_avg:597.95ms
step:1672/3200 train_loss:3.6286 train_time:993785ms step_avg:597.95ms
step:1673/3200 train_loss:3.7824 train_time:994381ms step_avg:597.94ms
step:1674/3200 train_loss:3.4271 train_time:994980ms step_avg:597.94ms
step:1675/3200 train_loss:3.3733 train_time:995585ms step_avg:597.95ms
step:1676/3200 train_loss:3.3855 train_time:996178ms step_avg:597.95ms
step:1677/3200 train_loss:3.5861 train_time:996779ms step_avg:597.95ms
step:1678/3200 train_loss:3.4092 train_time:997371ms step_avg:597.94ms
step:1679/3200 train_loss:3.4786 train_time:997969ms step_avg:597.94ms
step:1680/3200 train_loss:3.4812 train_time:998562ms step_avg:597.94ms
step:1681/3200 train_loss:3.0566 train_time:999168ms step_avg:597.95ms
step:1682/3200 train_loss:3.4707 train_time:999762ms step_avg:597.94ms
step:1683/3200 train_loss:3.5685 train_time:1000364ms step_avg:597.95ms
step:1684/3200 train_loss:3.5737 train_time:1000959ms step_avg:597.94ms
step:1685/3200 train_loss:3.5421 train_time:1001555ms step_avg:597.94ms
step:1686/3200 train_loss:3.3942 train_time:1002151ms step_avg:597.94ms
step:1687/3200 train_loss:3.5389 train_time:1002750ms step_avg:597.94ms
step:1688/3200 train_loss:3.3907 train_time:1003343ms step_avg:597.94ms
step:1689/3200 train_loss:3.3824 train_time:1003941ms step_avg:597.94ms
step:1690/3200 train_loss:3.4508 train_time:1004539ms step_avg:597.94ms
step:1691/3200 train_loss:3.3166 train_time:1005138ms step_avg:597.94ms
step:1692/3200 train_loss:3.4934 train_time:1005736ms step_avg:597.94ms
step:1693/3200 train_loss:3.4496 train_time:1006331ms step_avg:597.94ms
step:1694/3200 train_loss:3.4100 train_time:1006940ms step_avg:597.95ms
step:1695/3200 train_loss:3.9627 train_time:1007529ms step_avg:597.94ms
step:1696/3200 train_loss:3.6401 train_time:1008125ms step_avg:597.94ms
step:1697/3200 train_loss:3.5117 train_time:1008718ms step_avg:597.94ms
step:1698/3200 train_loss:3.4243 train_time:1009314ms step_avg:597.93ms
step:1699/3200 train_loss:3.2131 train_time:1009909ms step_avg:597.93ms
step:1700/3200 train_loss:3.4626 train_time:1010530ms step_avg:597.95ms
step:1701/3200 train_loss:3.5037 train_time:1011126ms step_avg:597.95ms
step:1702/3200 train_loss:3.4905 train_time:1011731ms step_avg:597.95ms
step:1703/3200 train_loss:3.2849 train_time:1012328ms step_avg:597.95ms
step:1704/3200 train_loss:3.7466 train_time:1012926ms step_avg:597.95ms
step:1705/3200 train_loss:3.4026 train_time:1013520ms step_avg:597.95ms
step:1706/3200 train_loss:3.9429 train_time:1014117ms step_avg:597.95ms
step:1707/3200 train_loss:3.3670 train_time:1014712ms step_avg:597.94ms
step:1708/3200 train_loss:3.2500 train_time:1015308ms step_avg:597.94ms
step:1709/3200 train_loss:3.5942 train_time:1015904ms step_avg:597.94ms
step:1710/3200 train_loss:3.3509 train_time:1017167ms step_avg:598.33ms
step:1711/3200 train_loss:3.3721 train_time:1017757ms step_avg:598.33ms
step:1712/3200 train_loss:3.4472 train_time:1018355ms step_avg:598.33ms
step:1713/3200 train_loss:3.5668 train_time:1018951ms step_avg:598.33ms
step:1714/3200 train_loss:3.6812 train_time:1019547ms step_avg:598.33ms
step:1715/3200 train_loss:3.3689 train_time:1020145ms step_avg:598.33ms
step:1716/3200 train_loss:3.4708 train_time:1020739ms step_avg:598.32ms
step:1717/3200 train_loss:3.3177 train_time:1021335ms step_avg:598.32ms
step:1718/3200 train_loss:3.3703 train_time:1021932ms step_avg:598.32ms
step:1719/3200 train_loss:3.6375 train_time:1022534ms step_avg:598.32ms
step:1720/3200 train_loss:3.4126 train_time:1023130ms step_avg:598.32ms
step:1721/3200 train_loss:3.4100 train_time:1023726ms step_avg:598.32ms
step:1722/3200 train_loss:3.2823 train_time:1024320ms step_avg:598.32ms
step:1723/3200 train_loss:3.5868 train_time:1024916ms step_avg:598.32ms
step:1724/3200 train_loss:3.4338 train_time:1025516ms step_avg:598.32ms
step:1725/3200 train_loss:3.5927 train_time:1026109ms step_avg:598.31ms
step:1726/3200 train_loss:3.6042 train_time:1026702ms step_avg:598.31ms
step:1727/3200 train_loss:3.5459 train_time:1027302ms step_avg:598.31ms
step:1728/3200 train_loss:3.4551 train_time:1027902ms step_avg:598.31ms
step:1729/3200 train_loss:3.3948 train_time:1028496ms step_avg:598.31ms
step:1730/3200 train_loss:3.4285 train_time:1029098ms step_avg:598.31ms
step:1731/3200 train_loss:4.1040 train_time:1029701ms step_avg:598.32ms
step:1732/3200 train_loss:3.6141 train_time:1030300ms step_avg:598.32ms
step:1733/3200 train_loss:3.7220 train_time:1030896ms step_avg:598.31ms
step:1734/3200 train_loss:3.3382 train_time:1031492ms step_avg:598.31ms
step:1735/3200 train_loss:3.4915 train_time:1032090ms step_avg:598.31ms
step:1736/3200 train_loss:3.5001 train_time:1032685ms step_avg:598.31ms
step:1737/3200 train_loss:3.3996 train_time:1033280ms step_avg:598.31ms
step:1738/3200 train_loss:3.5190 train_time:1033884ms step_avg:598.31ms
step:1739/3200 train_loss:3.4022 train_time:1034476ms step_avg:598.31ms
step:1740/3200 train_loss:3.4511 train_time:1035074ms step_avg:598.31ms
step:1741/3200 train_loss:3.6898 train_time:1035667ms step_avg:598.31ms
step:1742/3200 train_loss:3.3373 train_time:1036264ms step_avg:598.30ms
step:1743/3200 train_loss:3.2279 train_time:1036872ms step_avg:598.31ms
step:1744/3200 train_loss:2.9051 train_time:1037467ms step_avg:598.31ms
step:1745/3200 train_loss:3.4747 train_time:1038061ms step_avg:598.31ms
step:1746/3200 train_loss:3.4448 train_time:1038656ms step_avg:598.30ms
step:1747/3200 train_loss:3.4295 train_time:1039252ms step_avg:598.30ms
step:1748/3200 train_loss:3.4421 train_time:1039848ms step_avg:598.30ms
step:1749/3200 train_loss:3.8958 train_time:1040445ms step_avg:598.30ms
step:1750/3200 train_loss:3.4779 train_time:1041045ms step_avg:598.30ms
step:1750/3200 val_loss:3.4655 train_time:1041423ms step_avg:598.52ms
step:1751/3200 train_loss:3.4107 train_time:1041647ms step_avg:598.30ms
step:1752/3200 train_loss:3.4411 train_time:1042238ms step_avg:598.30ms
step:1753/3200 train_loss:3.3371 train_time:1042835ms step_avg:598.30ms
step:1754/3200 train_loss:3.0071 train_time:1043430ms step_avg:598.30ms
step:1755/3200 train_loss:3.2670 train_time:1044027ms step_avg:598.30ms
step:1756/3200 train_loss:3.2470 train_time:1044622ms step_avg:598.29ms
step:1757/3200 train_loss:3.3933 train_time:1045220ms step_avg:598.29ms
step:1758/3200 train_loss:3.3860 train_time:1045820ms step_avg:598.30ms
step:1759/3200 train_loss:3.3440 train_time:1046417ms step_avg:598.29ms
step:1760/3200 train_loss:5.3644 train_time:1047015ms step_avg:598.29ms
step:1761/3200 train_loss:3.5152 train_time:1047612ms step_avg:598.29ms
step:1762/3200 train_loss:3.5261 train_time:1048208ms step_avg:598.29ms
step:1763/3200 train_loss:3.4907 train_time:1048804ms step_avg:598.29ms
step:1764/3200 train_loss:3.4730 train_time:1049401ms step_avg:598.29ms
step:1765/3200 train_loss:3.3759 train_time:1050003ms step_avg:598.29ms
step:1766/3200 train_loss:3.4942 train_time:1050600ms step_avg:598.29ms
step:1767/3200 train_loss:3.5928 train_time:1051195ms step_avg:598.29ms
step:1768/3200 train_loss:3.5285 train_time:1051799ms step_avg:598.29ms
step:1769/3200 train_loss:3.5320 train_time:1052395ms step_avg:598.29ms
step:1770/3200 train_loss:3.4764 train_time:1052991ms step_avg:598.29ms
step:1771/3200 train_loss:4.1840 train_time:1053587ms step_avg:598.29ms
step:1772/3200 train_loss:3.3697 train_time:1054183ms step_avg:598.29ms
step:1773/3200 train_loss:3.3658 train_time:1054780ms step_avg:598.29ms
step:1774/3200 train_loss:3.7098 train_time:1055377ms step_avg:598.29ms
step:1775/3200 train_loss:3.2390 train_time:1055974ms step_avg:598.29ms
step:1776/3200 train_loss:3.5428 train_time:1056573ms step_avg:598.29ms
step:1777/3200 train_loss:3.3919 train_time:1057178ms step_avg:598.29ms
step:1778/3200 train_loss:3.8460 train_time:1057775ms step_avg:598.29ms
step:1779/3200 train_loss:3.5819 train_time:1058368ms step_avg:598.29ms
step:1780/3200 train_loss:3.4446 train_time:1058977ms step_avg:598.29ms
step:1781/3200 train_loss:3.5500 train_time:1059572ms step_avg:598.29ms
step:1782/3200 train_loss:3.4680 train_time:1060172ms step_avg:598.29ms
step:1783/3200 train_loss:3.2373 train_time:1060767ms step_avg:598.29ms
step:1784/3200 train_loss:3.5223 train_time:1061365ms step_avg:598.29ms
step:1785/3200 train_loss:3.5587 train_time:1061964ms step_avg:598.29ms
step:1786/3200 train_loss:3.4745 train_time:1062558ms step_avg:598.29ms
step:1787/3200 train_loss:3.6337 train_time:1063153ms step_avg:598.29ms
step:1788/3200 train_loss:3.4008 train_time:1063758ms step_avg:598.29ms
step:1789/3200 train_loss:3.4432 train_time:1064367ms step_avg:598.30ms
step:1790/3200 train_loss:3.5536 train_time:1064963ms step_avg:598.29ms
step:1791/3200 train_loss:3.4934 train_time:1065563ms step_avg:598.29ms
step:1792/3200 train_loss:3.4733 train_time:1066158ms step_avg:598.29ms
step:1793/3200 train_loss:3.4109 train_time:1066757ms step_avg:598.29ms
step:1794/3200 train_loss:3.3023 train_time:1067352ms step_avg:598.29ms
step:1795/3200 train_loss:3.3700 train_time:1067946ms step_avg:598.29ms
step:1796/3200 train_loss:3.3482 train_time:1068542ms step_avg:598.29ms
step:1797/3200 train_loss:3.5676 train_time:1069140ms step_avg:598.29ms
step:1798/3200 train_loss:3.4772 train_time:1069738ms step_avg:598.29ms
step:1799/3200 train_loss:3.4150 train_time:1070337ms step_avg:598.29ms
step:1800/3200 train_loss:3.4901 train_time:1070952ms step_avg:598.30ms
step:1801/3200 train_loss:3.4949 train_time:1071549ms step_avg:598.30ms
step:1802/3200 train_loss:3.4739 train_time:1072151ms step_avg:598.30ms
step:1803/3200 train_loss:3.3865 train_time:1072748ms step_avg:598.30ms
step:1804/3200 train_loss:3.3682 train_time:1073343ms step_avg:598.30ms
step:1805/3200 train_loss:3.6297 train_time:1073941ms step_avg:598.30ms
step:1806/3200 train_loss:3.4855 train_time:1074539ms step_avg:598.30ms
step:1807/3200 train_loss:3.5634 train_time:1075133ms step_avg:598.29ms
step:1808/3200 train_loss:3.5788 train_time:1075729ms step_avg:598.29ms
step:1809/3200 train_loss:3.3684 train_time:1076309ms step_avg:598.28ms
step:1810/3200 train_loss:3.5474 train_time:1076905ms step_avg:598.28ms
step:1811/3200 train_loss:3.5710 train_time:1077503ms step_avg:598.28ms
step:1812/3200 train_loss:3.4715 train_time:1078100ms step_avg:598.28ms
step:1813/3200 train_loss:3.4140 train_time:1078700ms step_avg:598.28ms
step:1814/3200 train_loss:3.4311 train_time:1079294ms step_avg:598.28ms
step:1815/3200 train_loss:3.5084 train_time:1079896ms step_avg:598.28ms
step:1816/3200 train_loss:3.5708 train_time:1080494ms step_avg:598.28ms
step:1817/3200 train_loss:3.4403 train_time:1081091ms step_avg:598.28ms
step:1818/3200 train_loss:3.6210 train_time:1081689ms step_avg:598.28ms
step:1819/3200 train_loss:3.4023 train_time:1082275ms step_avg:598.27ms
step:1820/3200 train_loss:3.4789 train_time:1082872ms step_avg:598.27ms
step:1821/3200 train_loss:3.3605 train_time:1083470ms step_avg:598.27ms
step:1822/3200 train_loss:3.1750 train_time:1084064ms step_avg:598.27ms
step:1823/3200 train_loss:3.2315 train_time:1084662ms step_avg:598.27ms
step:1824/3200 train_loss:3.4031 train_time:1085267ms step_avg:598.27ms
step:1825/3200 train_loss:3.5126 train_time:1085857ms step_avg:598.27ms
step:1826/3200 train_loss:3.4656 train_time:1086457ms step_avg:598.27ms
step:1827/3200 train_loss:3.4532 train_time:1087049ms step_avg:598.27ms
step:1828/3200 train_loss:3.4297 train_time:1087643ms step_avg:598.26ms
step:1829/3200 train_loss:3.4375 train_time:1088239ms step_avg:598.26ms
step:1830/3200 train_loss:3.5419 train_time:1088847ms step_avg:598.27ms
step:1831/3200 train_loss:3.1984 train_time:1089440ms step_avg:598.26ms
step:1832/3200 train_loss:3.4268 train_time:1090035ms step_avg:598.26ms
step:1833/3200 train_loss:3.4265 train_time:1090632ms step_avg:598.26ms
step:1834/3200 train_loss:3.9787 train_time:1091228ms step_avg:598.26ms
step:1835/3200 train_loss:3.4939 train_time:1091824ms step_avg:598.26ms
step:1836/3200 train_loss:3.4757 train_time:1092423ms step_avg:598.26ms
step:1837/3200 train_loss:3.7484 train_time:1093017ms step_avg:598.26ms
step:1838/3200 train_loss:3.4681 train_time:1093615ms step_avg:598.26ms
step:1839/3200 train_loss:3.3348 train_time:1094210ms step_avg:598.26ms
step:1840/3200 train_loss:3.4214 train_time:1094829ms step_avg:598.27ms
step:1841/3200 train_loss:3.3325 train_time:1095424ms step_avg:598.27ms
step:1842/3200 train_loss:3.4571 train_time:1096024ms step_avg:598.27ms
step:1843/3200 train_loss:3.5117 train_time:1096624ms step_avg:598.27ms
step:1844/3200 train_loss:3.4354 train_time:1097218ms step_avg:598.26ms
step:1845/3200 train_loss:3.4521 train_time:1097815ms step_avg:598.26ms
step:1846/3200 train_loss:3.4251 train_time:1098410ms step_avg:598.26ms
step:1847/3200 train_loss:3.4525 train_time:1099011ms step_avg:598.26ms
step:1848/3200 train_loss:3.3381 train_time:1099607ms step_avg:598.26ms
step:1849/3200 train_loss:3.7017 train_time:1100202ms step_avg:598.26ms
step:1850/3200 train_loss:3.3624 train_time:1100799ms step_avg:598.26ms
step:1851/3200 train_loss:3.4586 train_time:1101394ms step_avg:598.26ms
step:1852/3200 train_loss:3.3029 train_time:1101965ms step_avg:598.24ms
step:1853/3200 train_loss:3.5141 train_time:1102561ms step_avg:598.24ms
step:1854/3200 train_loss:3.5584 train_time:1103158ms step_avg:598.24ms
step:1855/3200 train_loss:3.4364 train_time:1103756ms step_avg:598.24ms
step:1856/3200 train_loss:3.4231 train_time:1104354ms step_avg:598.24ms
step:1857/3200 train_loss:3.5061 train_time:1104950ms step_avg:598.24ms
step:1858/3200 train_loss:3.5493 train_time:1105550ms step_avg:598.24ms
step:1859/3200 train_loss:3.3659 train_time:1106143ms step_avg:598.24ms
step:1860/3200 train_loss:3.4567 train_time:1106742ms step_avg:598.24ms
step:1861/3200 train_loss:3.4346 train_time:1107334ms step_avg:598.24ms
step:1862/3200 train_loss:3.4100 train_time:1107929ms step_avg:598.23ms
step:1863/3200 train_loss:3.3589 train_time:1108531ms step_avg:598.24ms
step:1864/3200 train_loss:3.4792 train_time:1109134ms step_avg:598.24ms
step:1865/3200 train_loss:3.5921 train_time:1109729ms step_avg:598.24ms
step:1866/3200 train_loss:3.2240 train_time:1110324ms step_avg:598.23ms
step:1867/3200 train_loss:3.4209 train_time:1110923ms step_avg:598.24ms
step:1868/3200 train_loss:3.3658 train_time:1111517ms step_avg:598.23ms
step:1869/3200 train_loss:3.1889 train_time:1112115ms step_avg:598.23ms
step:1870/3200 train_loss:3.4943 train_time:1112712ms step_avg:598.23ms
step:1871/3200 train_loss:3.4637 train_time:1113313ms step_avg:598.23ms
step:1872/3200 train_loss:3.4136 train_time:1113908ms step_avg:598.23ms
step:1873/3200 train_loss:3.5263 train_time:1114501ms step_avg:598.23ms
step:1874/3200 train_loss:3.3461 train_time:1115097ms step_avg:598.23ms
step:1875/3200 train_loss:3.6069 train_time:1115694ms step_avg:598.23ms
step:1875/3200 val_loss:3.4519 train_time:1116071ms step_avg:598.43ms
step:1876/3200 train_loss:3.4280 train_time:1116292ms step_avg:598.23ms
step:1877/3200 train_loss:3.4132 train_time:1116892ms step_avg:598.23ms
step:1878/3200 train_loss:3.5690 train_time:1117485ms step_avg:598.23ms
step:1879/3200 train_loss:3.5426 train_time:1118087ms step_avg:598.23ms
step:1880/3200 train_loss:3.4191 train_time:1118682ms step_avg:598.23ms
step:1881/3200 train_loss:3.4406 train_time:1119276ms step_avg:598.22ms
step:1882/3200 train_loss:3.3569 train_time:1119883ms step_avg:598.23ms
step:1883/3200 train_loss:3.5898 train_time:1120481ms step_avg:598.23ms
step:1884/3200 train_loss:3.4185 train_time:1121074ms step_avg:598.23ms
step:1885/3200 train_loss:2.9269 train_time:1121672ms step_avg:598.23ms
step:1886/3200 train_loss:3.7622 train_time:1122275ms step_avg:598.23ms
step:1887/3200 train_loss:3.3800 train_time:1122870ms step_avg:598.23ms
step:1888/3200 train_loss:3.3098 train_time:1123467ms step_avg:598.23ms
step:1889/3200 train_loss:3.4693 train_time:1124064ms step_avg:598.22ms
step:1890/3200 train_loss:3.5104 train_time:1124659ms step_avg:598.22ms
step:1891/3200 train_loss:3.2840 train_time:1125264ms step_avg:598.23ms
step:1892/3200 train_loss:3.7068 train_time:1125870ms step_avg:598.23ms
step:1893/3200 train_loss:3.3432 train_time:1126465ms step_avg:598.23ms
step:1894/3200 train_loss:3.3951 train_time:1127063ms step_avg:598.23ms
step:1895/3200 train_loss:3.5429 train_time:1127658ms step_avg:598.23ms
step:1896/3200 train_loss:3.2813 train_time:1128254ms step_avg:598.23ms
step:1897/3200 train_loss:3.4625 train_time:1128857ms step_avg:598.23ms
step:1898/3200 train_loss:3.5271 train_time:1129452ms step_avg:598.23ms
step:1899/3200 train_loss:3.5490 train_time:1130050ms step_avg:598.23ms
step:1900/3200 train_loss:3.3817 train_time:1130658ms step_avg:598.23ms
step:1901/3200 train_loss:3.5633 train_time:1131249ms step_avg:598.23ms
step:1902/3200 train_loss:3.3890 train_time:1131849ms step_avg:598.23ms
step:1903/3200 train_loss:3.4984 train_time:1132443ms step_avg:598.23ms
step:1904/3200 train_loss:3.3841 train_time:1133039ms step_avg:598.23ms
step:1905/3200 train_loss:3.5965 train_time:1133635ms step_avg:598.22ms
step:1906/3200 train_loss:3.4395 train_time:1134230ms step_avg:598.22ms
step:1907/3200 train_loss:3.4769 train_time:1134826ms step_avg:598.22ms
step:1908/3200 train_loss:3.4934 train_time:1135429ms step_avg:598.22ms
step:1909/3200 train_loss:3.2767 train_time:1136023ms step_avg:598.22ms
step:1910/3200 train_loss:3.4476 train_time:1136619ms step_avg:598.22ms
step:1911/3200 train_loss:3.5108 train_time:1137218ms step_avg:598.22ms
step:1912/3200 train_loss:3.4260 train_time:1137818ms step_avg:598.22ms
step:1913/3200 train_loss:3.3974 train_time:1138404ms step_avg:598.22ms
step:1914/3200 train_loss:2.9272 train_time:1139000ms step_avg:598.21ms
step:1915/3200 train_loss:3.3348 train_time:1139598ms step_avg:598.21ms
step:1916/3200 train_loss:3.5473 train_time:1140203ms step_avg:598.22ms
step:1917/3200 train_loss:3.6256 train_time:1140791ms step_avg:598.21ms
step:1918/3200 train_loss:3.4645 train_time:1141393ms step_avg:598.21ms
step:1919/3200 train_loss:3.4293 train_time:1141984ms step_avg:598.21ms
step:1920/3200 train_loss:3.6839 train_time:1142582ms step_avg:598.21ms
step:1921/3200 train_loss:3.3841 train_time:1143175ms step_avg:598.21ms
step:1922/3200 train_loss:3.4474 train_time:1143774ms step_avg:598.21ms
step:1923/3200 train_loss:3.4600 train_time:1144369ms step_avg:598.21ms
step:1924/3200 train_loss:3.5223 train_time:1144964ms step_avg:598.20ms
step:1925/3200 train_loss:3.1690 train_time:1145558ms step_avg:598.20ms
step:1926/3200 train_loss:3.3413 train_time:1146157ms step_avg:598.20ms
step:1927/3200 train_loss:3.2960 train_time:1146752ms step_avg:598.20ms
step:1928/3200 train_loss:3.3833 train_time:1147351ms step_avg:598.20ms
step:1929/3200 train_loss:3.1458 train_time:1147948ms step_avg:598.20ms
step:1930/3200 train_loss:3.3714 train_time:1148546ms step_avg:598.20ms
step:1931/3200 train_loss:3.6225 train_time:1149141ms step_avg:598.20ms
step:1932/3200 train_loss:3.4753 train_time:1149739ms step_avg:598.20ms
step:1933/3200 train_loss:3.5783 train_time:1150333ms step_avg:598.20ms
step:1934/3200 train_loss:3.4130 train_time:1150929ms step_avg:598.20ms
step:1935/3200 train_loss:3.4058 train_time:1151525ms step_avg:598.19ms
step:1936/3200 train_loss:3.4907 train_time:1152124ms step_avg:598.20ms
step:1937/3200 train_loss:3.4213 train_time:1152721ms step_avg:598.19ms
step:1938/3200 train_loss:3.5174 train_time:1153321ms step_avg:598.20ms
step:1939/3200 train_loss:3.3778 train_time:1153920ms step_avg:598.20ms
step:1940/3200 train_loss:3.5456 train_time:1154518ms step_avg:598.20ms
step:1941/3200 train_loss:3.6985 train_time:1155113ms step_avg:598.19ms
step:1942/3200 train_loss:3.4683 train_time:1155704ms step_avg:598.19ms
step:1943/3200 train_loss:3.4067 train_time:1156307ms step_avg:598.19ms
step:1944/3200 train_loss:3.6219 train_time:1156903ms step_avg:598.19ms
step:1945/3200 train_loss:3.3037 train_time:1157503ms step_avg:598.19ms
step:1946/3200 train_loss:3.4891 train_time:1158094ms step_avg:598.19ms
step:1947/3200 train_loss:3.4552 train_time:1158688ms step_avg:598.19ms
step:1948/3200 train_loss:3.3427 train_time:1159292ms step_avg:598.19ms
step:1949/3200 train_loss:3.3813 train_time:1159887ms step_avg:598.19ms
step:1950/3200 train_loss:3.3372 train_time:1160480ms step_avg:598.19ms
step:1951/3200 train_loss:3.3692 train_time:1161075ms step_avg:598.18ms
step:1952/3200 train_loss:3.3631 train_time:1161678ms step_avg:598.19ms
step:1953/3200 train_loss:3.5897 train_time:1162270ms step_avg:598.18ms
step:1954/3200 train_loss:3.5711 train_time:1162869ms step_avg:598.18ms
step:1955/3200 train_loss:3.4249 train_time:1163467ms step_avg:598.18ms
step:1956/3200 train_loss:3.3054 train_time:1164061ms step_avg:598.18ms
step:1957/3200 train_loss:3.2582 train_time:1164659ms step_avg:598.18ms
step:1958/3200 train_loss:3.6749 train_time:1165256ms step_avg:598.18ms
step:1959/3200 train_loss:3.4644 train_time:1165855ms step_avg:598.18ms
step:1960/3200 train_loss:3.5733 train_time:1166453ms step_avg:598.18ms
step:1961/3200 train_loss:3.3459 train_time:1167055ms step_avg:598.18ms
step:1962/3200 train_loss:3.5290 train_time:1167652ms step_avg:598.18ms
step:1963/3200 train_loss:3.5267 train_time:1168249ms step_avg:598.18ms
step:1964/3200 train_loss:3.4522 train_time:1168844ms step_avg:598.18ms
step:1965/3200 train_loss:3.3831 train_time:1169440ms step_avg:598.18ms
step:1966/3200 train_loss:3.6405 train_time:1170044ms step_avg:598.18ms
step:1967/3200 train_loss:3.3614 train_time:1170635ms step_avg:598.18ms
step:1968/3200 train_loss:3.4107 train_time:1171237ms step_avg:598.18ms
step:1969/3200 train_loss:3.4776 train_time:1171834ms step_avg:598.18ms
step:1970/3200 train_loss:3.2690 train_time:1172432ms step_avg:598.18ms
step:1971/3200 train_loss:3.0709 train_time:1173030ms step_avg:598.18ms
step:1972/3200 train_loss:3.1318 train_time:1173637ms step_avg:598.18ms
step:1973/3200 train_loss:3.4358 train_time:1174226ms step_avg:598.18ms
step:1974/3200 train_loss:3.3529 train_time:1174821ms step_avg:598.18ms
step:1975/3200 train_loss:3.2500 train_time:1175416ms step_avg:598.18ms
step:1976/3200 train_loss:3.5256 train_time:1176013ms step_avg:598.18ms
step:1977/3200 train_loss:3.3897 train_time:1176618ms step_avg:598.18ms
step:1978/3200 train_loss:3.9717 train_time:1177218ms step_avg:598.18ms
step:1979/3200 train_loss:3.4090 train_time:1177818ms step_avg:598.18ms
step:1980/3200 train_loss:3.4264 train_time:1178408ms step_avg:598.18ms
step:1981/3200 train_loss:3.4436 train_time:1179005ms step_avg:598.18ms
step:1982/3200 train_loss:3.4915 train_time:1179600ms step_avg:598.17ms
step:1983/3200 train_loss:3.4408 train_time:1180201ms step_avg:598.18ms
step:1984/3200 train_loss:3.3308 train_time:1180794ms step_avg:598.17ms
step:1985/3200 train_loss:3.5274 train_time:1181390ms step_avg:598.17ms
step:1986/3200 train_loss:3.5776 train_time:1181986ms step_avg:598.17ms
step:1987/3200 train_loss:3.3300 train_time:1182585ms step_avg:598.17ms
step:1988/3200 train_loss:3.4054 train_time:1183181ms step_avg:598.17ms
step:1989/3200 train_loss:3.4763 train_time:1183773ms step_avg:598.17ms
step:1990/3200 train_loss:3.5457 train_time:1184379ms step_avg:598.17ms
step:1991/3200 train_loss:3.3390 train_time:1184968ms step_avg:598.17ms
step:1992/3200 train_loss:3.3161 train_time:1185570ms step_avg:598.17ms
step:1993/3200 train_loss:3.6506 train_time:1186158ms step_avg:598.16ms
step:1994/3200 train_loss:3.3456 train_time:1186755ms step_avg:598.16ms
step:1995/3200 train_loss:3.3771 train_time:1187357ms step_avg:598.16ms
step:1996/3200 train_loss:3.4661 train_time:1187960ms step_avg:598.17ms
step:1997/3200 train_loss:3.3840 train_time:1188557ms step_avg:598.17ms
step:1998/3200 train_loss:3.3601 train_time:1189143ms step_avg:598.16ms
step:1999/3200 train_loss:3.3392 train_time:1189737ms step_avg:598.16ms
step:2000/3200 train_loss:3.4307 train_time:1190345ms step_avg:598.16ms
step:2000/3200 val_loss:3.4380 train_time:1190718ms step_avg:598.35ms
step:2001/3200 train_loss:3.5433 train_time:1190944ms step_avg:598.16ms
step:2002/3200 train_loss:3.4497 train_time:1191540ms step_avg:598.16ms
step:2003/3200 train_loss:3.7993 train_time:1192145ms step_avg:598.17ms
step:2004/3200 train_loss:3.5171 train_time:1192741ms step_avg:598.16ms
step:2005/3200 train_loss:3.3399 train_time:1193339ms step_avg:598.16ms
step:2006/3200 train_loss:3.4029 train_time:1193937ms step_avg:598.16ms
step:2007/3200 train_loss:3.2356 train_time:1194534ms step_avg:598.16ms
step:2008/3200 train_loss:3.5440 train_time:1195132ms step_avg:598.16ms
step:2009/3200 train_loss:3.4485 train_time:1195733ms step_avg:598.17ms
step:2010/3200 train_loss:3.4205 train_time:1196325ms step_avg:598.16ms
step:2011/3200 train_loss:3.4707 train_time:1196931ms step_avg:598.17ms
step:2012/3200 train_loss:3.5158 train_time:1197529ms step_avg:598.17ms
step:2013/3200 train_loss:3.3490 train_time:1198129ms step_avg:598.17ms
step:2014/3200 train_loss:3.4515 train_time:1198724ms step_avg:598.17ms
step:2015/3200 train_loss:3.3909 train_time:1199319ms step_avg:598.16ms
step:2016/3200 train_loss:3.3812 train_time:1199920ms step_avg:598.17ms
step:2017/3200 train_loss:3.6828 train_time:1200512ms step_avg:598.16ms
step:2018/3200 train_loss:3.3651 train_time:1201109ms step_avg:598.16ms
step:2019/3200 train_loss:3.6368 train_time:1201707ms step_avg:598.16ms
step:2020/3200 train_loss:3.4097 train_time:1202308ms step_avg:598.16ms
step:2021/3200 train_loss:3.1236 train_time:1202902ms step_avg:598.16ms
step:2022/3200 train_loss:3.4099 train_time:1203502ms step_avg:598.16ms
step:2023/3200 train_loss:3.3899 train_time:1204095ms step_avg:598.16ms
step:2024/3200 train_loss:3.4736 train_time:1204691ms step_avg:598.16ms
step:2025/3200 train_loss:3.5723 train_time:1205288ms step_avg:598.16ms
step:2026/3200 train_loss:3.3797 train_time:1205893ms step_avg:598.16ms
step:2027/3200 train_loss:2.8563 train_time:1206486ms step_avg:598.16ms
step:2028/3200 train_loss:3.3446 train_time:1207075ms step_avg:598.15ms
step:2029/3200 train_loss:3.5071 train_time:1207686ms step_avg:598.16ms
step:2030/3200 train_loss:3.3887 train_time:1208271ms step_avg:598.15ms
step:2031/3200 train_loss:3.4850 train_time:1208865ms step_avg:598.15ms
step:2032/3200 train_loss:3.2704 train_time:1209463ms step_avg:598.15ms
step:2033/3200 train_loss:3.4985 train_time:1210064ms step_avg:598.15ms
step:2034/3200 train_loss:3.3059 train_time:1210655ms step_avg:598.15ms
step:2035/3200 train_loss:3.4859 train_time:1211251ms step_avg:598.15ms
step:2036/3200 train_loss:3.5133 train_time:1211849ms step_avg:598.15ms
step:2037/3200 train_loss:3.5271 train_time:1212444ms step_avg:598.15ms
step:2038/3200 train_loss:3.3236 train_time:1213044ms step_avg:598.15ms
step:2039/3200 train_loss:3.6583 train_time:1213636ms step_avg:598.15ms
step:2040/3200 train_loss:3.4863 train_time:1214238ms step_avg:598.15ms
step:2041/3200 train_loss:3.5346 train_time:1214834ms step_avg:598.15ms
step:2042/3200 train_loss:3.3554 train_time:1215431ms step_avg:598.15ms
step:2043/3200 train_loss:3.4230 train_time:1216027ms step_avg:598.14ms
step:2044/3200 train_loss:3.4921 train_time:1216619ms step_avg:598.14ms
step:2045/3200 train_loss:3.4709 train_time:1217216ms step_avg:598.14ms
step:2046/3200 train_loss:3.2053 train_time:1217812ms step_avg:598.14ms
step:2047/3200 train_loss:3.2729 train_time:1218409ms step_avg:598.14ms
step:2048/3200 train_loss:3.4442 train_time:1219007ms step_avg:598.14ms
step:2049/3200 train_loss:3.3633 train_time:1219611ms step_avg:598.14ms
step:2050/3200 train_loss:3.2842 train_time:1220225ms step_avg:598.15ms
step:2051/3200 train_loss:3.5508 train_time:1220818ms step_avg:598.15ms
step:2052/3200 train_loss:3.4800 train_time:1221400ms step_avg:598.14ms
step:2053/3200 train_loss:3.3941 train_time:1221996ms step_avg:598.14ms
step:2054/3200 train_loss:3.4208 train_time:1222595ms step_avg:598.14ms
step:2055/3200 train_loss:3.4653 train_time:1223191ms step_avg:598.14ms
step:2056/3200 train_loss:3.3762 train_time:1223786ms step_avg:598.14ms
step:2057/3200 train_loss:3.7133 train_time:1224408ms step_avg:598.15ms
step:2058/3200 train_loss:3.6393 train_time:1225019ms step_avg:598.15ms
step:2059/3200 train_loss:3.4043 train_time:1225615ms step_avg:598.15ms
step:2060/3200 train_loss:3.5503 train_time:1226212ms step_avg:598.15ms
step:2061/3200 train_loss:3.4957 train_time:1226806ms step_avg:598.15ms
step:2062/3200 train_loss:3.5074 train_time:1227401ms step_avg:598.15ms
step:2063/3200 train_loss:3.4378 train_time:1227985ms step_avg:598.14ms
step:2064/3200 train_loss:3.7474 train_time:1228572ms step_avg:598.14ms
step:2065/3200 train_loss:3.4866 train_time:1229191ms step_avg:598.15ms
step:2066/3200 train_loss:3.5547 train_time:1229789ms step_avg:598.15ms
step:2067/3200 train_loss:3.3913 train_time:1230388ms step_avg:598.15ms
step:2068/3200 train_loss:3.3279 train_time:1230984ms step_avg:598.15ms
step:2069/3200 train_loss:3.3887 train_time:1231580ms step_avg:598.14ms
step:2070/3200 train_loss:3.6364 train_time:1232176ms step_avg:598.14ms
step:2071/3200 train_loss:3.5899 train_time:1232773ms step_avg:598.14ms
step:2072/3200 train_loss:3.4832 train_time:1233369ms step_avg:598.14ms
step:2073/3200 train_loss:3.4441 train_time:1233969ms step_avg:598.14ms
step:2074/3200 train_loss:3.4651 train_time:1234566ms step_avg:598.14ms
step:2075/3200 train_loss:3.4549 train_time:1235165ms step_avg:598.14ms
step:2076/3200 train_loss:3.1938 train_time:1235760ms step_avg:598.14ms
step:2077/3200 train_loss:3.5897 train_time:1236352ms step_avg:598.14ms
step:2078/3200 train_loss:3.2730 train_time:1236961ms step_avg:598.14ms
step:2079/3200 train_loss:3.2728 train_time:1237562ms step_avg:598.14ms
step:2080/3200 train_loss:3.3537 train_time:1238151ms step_avg:598.14ms
step:2081/3200 train_loss:3.4273 train_time:1238748ms step_avg:598.14ms
step:2082/3200 train_loss:3.2918 train_time:1239342ms step_avg:598.14ms
step:2083/3200 train_loss:3.5368 train_time:1239940ms step_avg:598.14ms
step:2084/3200 train_loss:3.3378 train_time:1240535ms step_avg:598.14ms
step:2085/3200 train_loss:3.2896 train_time:1241140ms step_avg:598.14ms
step:2086/3200 train_loss:3.4622 train_time:1241731ms step_avg:598.14ms
step:2087/3200 train_loss:3.5115 train_time:1242328ms step_avg:598.14ms
step:2088/3200 train_loss:3.4439 train_time:1242926ms step_avg:598.14ms
step:2089/3200 train_loss:3.7063 train_time:1243520ms step_avg:598.13ms
step:2090/3200 train_loss:3.5385 train_time:1244231ms step_avg:598.19ms
step:2091/3200 train_loss:3.5460 train_time:1244823ms step_avg:598.19ms
step:2092/3200 train_loss:3.3199 train_time:1245421ms step_avg:598.18ms
step:2093/3200 train_loss:3.4626 train_time:1246016ms step_avg:598.18ms
step:2094/3200 train_loss:3.4013 train_time:1246612ms step_avg:598.18ms
step:2095/3200 train_loss:2.9744 train_time:1247207ms step_avg:598.18ms
step:2096/3200 train_loss:3.3735 train_time:1247802ms step_avg:598.18ms
step:2097/3200 train_loss:3.5571 train_time:1248399ms step_avg:598.18ms
step:2098/3200 train_loss:3.4058 train_time:1248997ms step_avg:598.18ms
step:2099/3200 train_loss:3.2441 train_time:1249591ms step_avg:598.18ms
step:2100/3200 train_loss:3.3711 train_time:1250196ms step_avg:598.18ms
step:2101/3200 train_loss:3.3555 train_time:1250785ms step_avg:598.18ms
step:2102/3200 train_loss:3.5984 train_time:1251380ms step_avg:598.17ms
step:2103/3200 train_loss:3.3352 train_time:1251977ms step_avg:598.17ms
step:2104/3200 train_loss:3.3754 train_time:1252573ms step_avg:598.17ms
step:2105/3200 train_loss:3.6951 train_time:1253169ms step_avg:598.17ms
step:2106/3200 train_loss:3.2112 train_time:1253765ms step_avg:598.17ms
step:2107/3200 train_loss:3.7841 train_time:1254361ms step_avg:598.17ms
step:2108/3200 train_loss:3.3335 train_time:1254963ms step_avg:598.17ms
step:2109/3200 train_loss:3.4689 train_time:1255562ms step_avg:598.17ms
step:2110/3200 train_loss:3.5680 train_time:1256169ms step_avg:598.18ms
step:2111/3200 train_loss:3.2811 train_time:1256767ms step_avg:598.18ms
step:2112/3200 train_loss:3.5869 train_time:1257363ms step_avg:598.17ms
step:2113/3200 train_loss:3.5067 train_time:1257958ms step_avg:598.17ms
step:2114/3200 train_loss:3.4756 train_time:1258558ms step_avg:598.17ms
step:2115/3200 train_loss:3.3850 train_time:1259155ms step_avg:598.17ms
step:2116/3200 train_loss:3.4855 train_time:1259749ms step_avg:598.17ms
step:2117/3200 train_loss:3.3486 train_time:1260348ms step_avg:598.17ms
step:2118/3200 train_loss:3.5090 train_time:1260946ms step_avg:598.17ms
step:2119/3200 train_loss:3.3949 train_time:1261539ms step_avg:598.17ms
step:2120/3200 train_loss:3.3852 train_time:1262138ms step_avg:598.17ms
step:2121/3200 train_loss:3.2908 train_time:1262733ms step_avg:598.17ms
step:2122/3200 train_loss:3.4290 train_time:1263340ms step_avg:598.17ms
step:2123/3200 train_loss:3.4987 train_time:1263935ms step_avg:598.17ms
step:2124/3200 train_loss:3.3952 train_time:1264532ms step_avg:598.17ms
step:2125/3200 train_loss:3.4145 train_time:1265130ms step_avg:598.17ms
step:2125/3200 val_loss:3.4264 train_time:1265511ms step_avg:598.35ms
step:2126/3200 train_loss:3.3343 train_time:1265728ms step_avg:598.17ms
step:2127/3200 train_loss:3.5413 train_time:1266326ms step_avg:598.17ms
step:2128/3200 train_loss:3.4565 train_time:1266925ms step_avg:598.17ms
step:2129/3200 train_loss:3.4941 train_time:1267525ms step_avg:598.17ms
step:2130/3200 train_loss:3.3627 train_time:1268121ms step_avg:598.17ms
step:2131/3200 train_loss:3.3310 train_time:1268720ms step_avg:598.17ms
step:2132/3200 train_loss:3.5851 train_time:1269316ms step_avg:598.17ms
step:2133/3200 train_loss:3.4914 train_time:1269910ms step_avg:598.17ms
step:2134/3200 train_loss:3.2671 train_time:1270505ms step_avg:598.17ms
step:2135/3200 train_loss:3.4411 train_time:1271101ms step_avg:598.17ms
step:2136/3200 train_loss:3.3908 train_time:1271697ms step_avg:598.16ms
step:2137/3200 train_loss:3.5825 train_time:1272291ms step_avg:598.16ms
step:2138/3200 train_loss:3.3139 train_time:1272891ms step_avg:598.16ms
step:2139/3200 train_loss:3.3899 train_time:1273488ms step_avg:598.16ms
step:2140/3200 train_loss:3.4904 train_time:1274085ms step_avg:598.16ms
step:2141/3200 train_loss:3.6923 train_time:1274683ms step_avg:598.16ms
step:2142/3200 train_loss:4.1894 train_time:1275278ms step_avg:598.16ms
step:2143/3200 train_loss:3.3830 train_time:1275874ms step_avg:598.16ms
step:2144/3200 train_loss:3.2139 train_time:1276472ms step_avg:598.16ms
step:2145/3200 train_loss:3.4573 train_time:1277067ms step_avg:598.16ms
step:2146/3200 train_loss:3.6225 train_time:1277666ms step_avg:598.16ms
step:2147/3200 train_loss:3.4471 train_time:1278269ms step_avg:598.16ms
step:2148/3200 train_loss:3.3706 train_time:1278880ms step_avg:598.17ms
step:2149/3200 train_loss:3.4242 train_time:1279472ms step_avg:598.16ms
step:2150/3200 train_loss:3.3094 train_time:1280063ms step_avg:598.16ms
step:2151/3200 train_loss:3.4155 train_time:1280660ms step_avg:598.16ms
step:2152/3200 train_loss:3.5221 train_time:1281262ms step_avg:598.16ms
step:2153/3200 train_loss:3.4055 train_time:1281858ms step_avg:598.16ms
step:2154/3200 train_loss:3.4093 train_time:1282465ms step_avg:598.16ms
step:2155/3200 train_loss:3.3533 train_time:1283059ms step_avg:598.16ms
step:2156/3200 train_loss:3.2426 train_time:1283655ms step_avg:598.16ms
step:2157/3200 train_loss:3.4019 train_time:1284249ms step_avg:598.16ms
step:2158/3200 train_loss:3.4685 train_time:1284850ms step_avg:598.16ms
step:2159/3200 train_loss:3.4577 train_time:1285447ms step_avg:598.16ms
step:2160/3200 train_loss:3.5664 train_time:1286062ms step_avg:598.17ms
step:2161/3200 train_loss:3.4577 train_time:1286657ms step_avg:598.17ms
step:2162/3200 train_loss:3.3865 train_time:1287260ms step_avg:598.17ms
step:2163/3200 train_loss:3.4233 train_time:1287852ms step_avg:598.17ms
step:2164/3200 train_loss:3.4740 train_time:1288451ms step_avg:598.17ms
step:2165/3200 train_loss:3.4389 train_time:1289055ms step_avg:598.17ms
step:2166/3200 train_loss:3.4381 train_time:1289651ms step_avg:598.17ms
step:2167/3200 train_loss:3.3852 train_time:1290246ms step_avg:598.17ms
step:2168/3200 train_loss:3.2963 train_time:1290850ms step_avg:598.17ms
step:2169/3200 train_loss:3.3363 train_time:1291447ms step_avg:598.17ms
step:2170/3200 train_loss:3.3817 train_time:1292041ms step_avg:598.17ms
step:2171/3200 train_loss:3.5582 train_time:1292636ms step_avg:598.17ms
step:2172/3200 train_loss:3.4885 train_time:1293255ms step_avg:598.18ms
step:2173/3200 train_loss:3.3283 train_time:1293846ms step_avg:598.17ms
step:2174/3200 train_loss:3.4100 train_time:1294442ms step_avg:598.17ms
step:2175/3200 train_loss:3.3296 train_time:1295042ms step_avg:598.17ms
step:2176/3200 train_loss:3.3924 train_time:1295638ms step_avg:598.17ms
step:2177/3200 train_loss:3.2831 train_time:1296235ms step_avg:598.17ms
step:2178/3200 train_loss:3.5466 train_time:1296829ms step_avg:598.17ms
step:2179/3200 train_loss:3.4227 train_time:1297429ms step_avg:598.17ms
step:2180/3200 train_loss:3.3021 train_time:1298030ms step_avg:598.17ms
step:2181/3200 train_loss:3.5598 train_time:1298627ms step_avg:598.17ms
step:2182/3200 train_loss:3.4303 train_time:1299233ms step_avg:598.17ms
step:2183/3200 train_loss:3.4156 train_time:1299831ms step_avg:598.17ms
step:2184/3200 train_loss:3.3362 train_time:1300427ms step_avg:598.17ms
step:2185/3200 train_loss:3.2974 train_time:1301023ms step_avg:598.17ms
step:2186/3200 train_loss:3.3884 train_time:1301644ms step_avg:598.18ms
step:2187/3200 train_loss:3.3350 train_time:1302240ms step_avg:598.18ms
step:2188/3200 train_loss:3.2618 train_time:1302834ms step_avg:598.18ms
step:2189/3200 train_loss:3.3508 train_time:1303446ms step_avg:598.19ms
step:2190/3200 train_loss:3.3230 train_time:1304045ms step_avg:598.19ms
step:2191/3200 train_loss:3.4534 train_time:1304632ms step_avg:598.18ms
step:2192/3200 train_loss:3.4127 train_time:1305234ms step_avg:598.18ms
step:2193/3200 train_loss:3.7533 train_time:1305834ms step_avg:598.18ms
step:2194/3200 train_loss:3.4156 train_time:1306424ms step_avg:598.18ms
step:2195/3200 train_loss:3.5174 train_time:1307018ms step_avg:598.18ms
step:2196/3200 train_loss:3.5616 train_time:1307620ms step_avg:598.18ms
step:2197/3200 train_loss:3.3380 train_time:1308217ms step_avg:598.18ms
step:2198/3200 train_loss:3.4607 train_time:1308817ms step_avg:598.18ms
step:2199/3200 train_loss:3.3182 train_time:1309428ms step_avg:598.19ms
step:2200/3200 train_loss:3.3067 train_time:1310038ms step_avg:598.19ms
step:2201/3200 train_loss:3.4041 train_time:1310628ms step_avg:598.19ms
step:2202/3200 train_loss:3.3704 train_time:1311227ms step_avg:598.19ms
step:2203/3200 train_loss:3.4169 train_time:1311827ms step_avg:598.19ms
step:2204/3200 train_loss:4.3149 train_time:1312419ms step_avg:598.19ms
step:2205/3200 train_loss:3.4778 train_time:1313015ms step_avg:598.18ms
step:2206/3200 train_loss:3.3455 train_time:1313618ms step_avg:598.19ms
step:2207/3200 train_loss:3.3920 train_time:1314217ms step_avg:598.19ms
step:2208/3200 train_loss:3.5141 train_time:1314813ms step_avg:598.19ms
step:2209/3200 train_loss:3.2511 train_time:1315412ms step_avg:598.19ms
step:2210/3200 train_loss:3.3900 train_time:1316008ms step_avg:598.19ms
step:2211/3200 train_loss:3.3538 train_time:1316620ms step_avg:598.19ms
step:2212/3200 train_loss:3.4319 train_time:1317217ms step_avg:598.19ms
step:2213/3200 train_loss:3.4562 train_time:1317810ms step_avg:598.19ms
step:2214/3200 train_loss:3.3598 train_time:1318417ms step_avg:598.19ms
step:2215/3200 train_loss:3.4458 train_time:1319017ms step_avg:598.19ms
step:2216/3200 train_loss:3.6133 train_time:1319604ms step_avg:598.19ms
step:2217/3200 train_loss:3.4371 train_time:1320213ms step_avg:598.19ms
step:2218/3200 train_loss:3.2820 train_time:1320809ms step_avg:598.19ms
step:2219/3200 train_loss:3.3783 train_time:1321408ms step_avg:598.19ms
step:2220/3200 train_loss:3.2430 train_time:1322004ms step_avg:598.19ms
step:2221/3200 train_loss:3.6597 train_time:1322598ms step_avg:598.19ms
step:2222/3200 train_loss:3.5203 train_time:1323194ms step_avg:598.19ms
step:2223/3200 train_loss:3.7096 train_time:1323789ms step_avg:598.19ms
step:2224/3200 train_loss:3.2730 train_time:1324390ms step_avg:598.19ms
step:2225/3200 train_loss:3.3782 train_time:1324986ms step_avg:598.19ms
step:2226/3200 train_loss:3.2918 train_time:1325582ms step_avg:598.19ms
step:2227/3200 train_loss:3.6352 train_time:1326179ms step_avg:598.19ms
step:2228/3200 train_loss:3.5738 train_time:1326774ms step_avg:598.18ms
step:2229/3200 train_loss:3.2031 train_time:1327353ms step_avg:598.18ms
step:2230/3200 train_loss:3.6733 train_time:1327947ms step_avg:598.17ms
step:2231/3200 train_loss:3.3511 train_time:1328545ms step_avg:598.17ms
step:2232/3200 train_loss:3.3609 train_time:1329141ms step_avg:598.17ms
step:2233/3200 train_loss:3.5026 train_time:1329739ms step_avg:598.17ms
step:2234/3200 train_loss:3.6171 train_time:1330338ms step_avg:598.17ms
step:2235/3200 train_loss:3.4379 train_time:1330934ms step_avg:598.17ms
step:2236/3200 train_loss:3.3325 train_time:1331536ms step_avg:598.17ms
step:2237/3200 train_loss:3.1351 train_time:1332132ms step_avg:598.17ms
step:2238/3200 train_loss:3.4222 train_time:1332728ms step_avg:598.17ms
step:2239/3200 train_loss:3.4458 train_time:1333325ms step_avg:598.17ms
step:2240/3200 train_loss:3.2270 train_time:1333941ms step_avg:598.18ms
step:2241/3200 train_loss:3.3170 train_time:1334536ms step_avg:598.18ms
step:2242/3200 train_loss:3.3916 train_time:1335132ms step_avg:598.18ms
step:2243/3200 train_loss:3.4378 train_time:1335737ms step_avg:598.18ms
step:2244/3200 train_loss:3.2342 train_time:1336334ms step_avg:598.18ms
step:2245/3200 train_loss:3.4961 train_time:1336931ms step_avg:598.18ms
step:2246/3200 train_loss:3.5038 train_time:1337527ms step_avg:598.18ms
step:2247/3200 train_loss:3.1793 train_time:1338124ms step_avg:598.18ms
step:2248/3200 train_loss:3.2166 train_time:1338722ms step_avg:598.18ms
step:2249/3200 train_loss:3.5739 train_time:1339324ms step_avg:598.18ms
step:2250/3200 train_loss:3.4730 train_time:1339927ms step_avg:598.18ms
step:2250/3200 val_loss:3.4161 train_time:1340301ms step_avg:598.35ms
step:2251/3200 train_loss:3.3539 train_time:1340529ms step_avg:598.18ms
step:2252/3200 train_loss:3.3545 train_time:1341125ms step_avg:598.18ms
step:2253/3200 train_loss:3.4072 train_time:1341722ms step_avg:598.18ms
step:2254/3200 train_loss:3.4431 train_time:1342318ms step_avg:598.18ms
step:2255/3200 train_loss:3.4957 train_time:1342911ms step_avg:598.18ms
step:2256/3200 train_loss:3.3583 train_time:1343512ms step_avg:598.18ms
step:2257/3200 train_loss:3.5391 train_time:1344106ms step_avg:598.18ms
step:2258/3200 train_loss:3.4180 train_time:1344701ms step_avg:598.18ms
step:2259/3200 train_loss:4.2300 train_time:1345296ms step_avg:598.18ms
step:2260/3200 train_loss:3.3850 train_time:1345892ms step_avg:598.17ms
step:2261/3200 train_loss:3.4361 train_time:1346493ms step_avg:598.18ms
step:2262/3200 train_loss:3.4301 train_time:1347091ms step_avg:598.18ms
step:2263/3200 train_loss:3.3010 train_time:1347686ms step_avg:598.17ms
step:2264/3200 train_loss:3.4488 train_time:1348281ms step_avg:598.17ms
step:2265/3200 train_loss:3.2807 train_time:1348881ms step_avg:598.17ms
step:2266/3200 train_loss:3.6119 train_time:1349489ms step_avg:598.18ms
step:2267/3200 train_loss:3.2150 train_time:1350083ms step_avg:598.18ms
step:2268/3200 train_loss:3.3025 train_time:1350681ms step_avg:598.18ms
step:2269/3200 train_loss:3.2305 train_time:1351327ms step_avg:598.20ms
step:2270/3200 train_loss:3.3589 train_time:1351922ms step_avg:598.20ms
step:2271/3200 train_loss:3.8906 train_time:1352517ms step_avg:598.19ms
step:2272/3200 train_loss:3.4938 train_time:1353113ms step_avg:598.19ms
step:2273/3200 train_loss:3.4961 train_time:1353717ms step_avg:598.20ms
step:2274/3200 train_loss:3.3903 train_time:1354308ms step_avg:598.19ms
step:2275/3200 train_loss:3.3288 train_time:1354903ms step_avg:598.19ms
step:2276/3200 train_loss:3.3596 train_time:1355503ms step_avg:598.19ms
step:2277/3200 train_loss:3.2150 train_time:1356096ms step_avg:598.19ms
step:2278/3200 train_loss:3.3037 train_time:1356693ms step_avg:598.19ms
step:2279/3200 train_loss:3.7075 train_time:1357295ms step_avg:598.19ms
step:2280/3200 train_loss:3.2809 train_time:1357894ms step_avg:598.19ms
step:2281/3200 train_loss:3.4530 train_time:1358493ms step_avg:598.19ms
step:2282/3200 train_loss:3.2719 train_time:1359090ms step_avg:598.19ms
step:2283/3200 train_loss:3.4016 train_time:1359681ms step_avg:598.19ms
step:2284/3200 train_loss:3.3211 train_time:1360277ms step_avg:598.19ms
step:2285/3200 train_loss:3.4612 train_time:1360874ms step_avg:598.19ms
step:2286/3200 train_loss:3.4429 train_time:1361474ms step_avg:598.19ms
step:2287/3200 train_loss:3.2639 train_time:1362070ms step_avg:598.19ms
step:2288/3200 train_loss:3.4461 train_time:1362668ms step_avg:598.19ms
step:2289/3200 train_loss:3.4497 train_time:1363263ms step_avg:598.18ms
step:2290/3200 train_loss:3.6419 train_time:1363860ms step_avg:598.18ms
step:2291/3200 train_loss:3.2576 train_time:1364459ms step_avg:598.18ms
step:2292/3200 train_loss:4.0691 train_time:1365056ms step_avg:598.18ms
step:2293/3200 train_loss:3.3756 train_time:1365651ms step_avg:598.18ms
step:2294/3200 train_loss:3.2874 train_time:1366252ms step_avg:598.18ms
step:2295/3200 train_loss:3.4638 train_time:1366844ms step_avg:598.18ms
step:2296/3200 train_loss:3.3813 train_time:1367439ms step_avg:598.18ms
step:2297/3200 train_loss:3.4319 train_time:1368035ms step_avg:598.18ms
step:2298/3200 train_loss:3.8551 train_time:1368651ms step_avg:598.19ms
step:2299/3200 train_loss:3.4501 train_time:1369246ms step_avg:598.19ms
step:2300/3200 train_loss:3.2180 train_time:1369843ms step_avg:598.18ms
step:2301/3200 train_loss:3.6286 train_time:1370439ms step_avg:598.18ms
step:2302/3200 train_loss:3.2615 train_time:1371033ms step_avg:598.18ms
step:2303/3200 train_loss:3.4281 train_time:1371629ms step_avg:598.18ms
step:2304/3200 train_loss:3.3734 train_time:1372225ms step_avg:598.18ms
step:2305/3200 train_loss:3.3211 train_time:1372821ms step_avg:598.18ms
step:2306/3200 train_loss:3.6234 train_time:1373419ms step_avg:598.18ms
step:2307/3200 train_loss:3.2434 train_time:1374018ms step_avg:598.18ms
step:2308/3200 train_loss:3.4716 train_time:1374612ms step_avg:598.18ms
step:2309/3200 train_loss:3.4320 train_time:1375208ms step_avg:598.18ms
step:2310/3200 train_loss:3.5506 train_time:1375808ms step_avg:598.18ms
step:2311/3200 train_loss:3.2526 train_time:1376401ms step_avg:598.18ms
step:2312/3200 train_loss:3.4445 train_time:1376999ms step_avg:598.17ms
step:2313/3200 train_loss:3.5012 train_time:1377592ms step_avg:598.17ms
step:2314/3200 train_loss:3.4509 train_time:1378207ms step_avg:598.18ms
step:2315/3200 train_loss:3.3170 train_time:1378787ms step_avg:598.17ms
step:2316/3200 train_loss:3.4070 train_time:1379383ms step_avg:598.17ms
step:2317/3200 train_loss:3.2399 train_time:1379979ms step_avg:598.17ms
step:2318/3200 train_loss:3.4319 train_time:1380576ms step_avg:598.17ms
step:2319/3200 train_loss:3.3831 train_time:1381169ms step_avg:598.17ms
step:2320/3200 train_loss:3.0671 train_time:1381770ms step_avg:598.17ms
step:2321/3200 train_loss:3.3475 train_time:1382362ms step_avg:598.17ms
step:2322/3200 train_loss:3.4954 train_time:1382956ms step_avg:598.16ms
step:2323/3200 train_loss:3.3998 train_time:1383554ms step_avg:598.16ms
step:2324/3200 train_loss:3.4289 train_time:1384150ms step_avg:598.16ms
step:2325/3200 train_loss:3.4431 train_time:1384747ms step_avg:598.16ms
step:2326/3200 train_loss:3.5224 train_time:1385346ms step_avg:598.16ms
step:2327/3200 train_loss:3.5274 train_time:1385947ms step_avg:598.16ms
step:2328/3200 train_loss:3.2410 train_time:1386540ms step_avg:598.16ms
step:2329/3200 train_loss:3.3422 train_time:1387138ms step_avg:598.16ms
step:2330/3200 train_loss:3.3359 train_time:1387731ms step_avg:598.16ms
step:2331/3200 train_loss:3.2959 train_time:1388330ms step_avg:598.16ms
step:2332/3200 train_loss:3.0930 train_time:1388925ms step_avg:598.16ms
step:2333/3200 train_loss:3.3944 train_time:1389523ms step_avg:598.16ms
step:2334/3200 train_loss:3.3844 train_time:1390120ms step_avg:598.16ms
step:2335/3200 train_loss:3.4756 train_time:1390719ms step_avg:598.16ms
step:2336/3200 train_loss:3.2657 train_time:1391311ms step_avg:598.16ms
step:2337/3200 train_loss:3.4260 train_time:1391913ms step_avg:598.16ms
step:2338/3200 train_loss:3.3841 train_time:1392507ms step_avg:598.16ms
step:2339/3200 train_loss:3.2947 train_time:1393106ms step_avg:598.16ms
step:2340/3200 train_loss:3.5105 train_time:1393700ms step_avg:598.15ms
step:2341/3200 train_loss:3.4158 train_time:1394311ms step_avg:598.16ms
step:2342/3200 train_loss:3.3665 train_time:1394894ms step_avg:598.15ms
step:2343/3200 train_loss:3.3757 train_time:1395490ms step_avg:598.15ms
step:2344/3200 train_loss:3.4746 train_time:1396089ms step_avg:598.15ms
step:2345/3200 train_loss:3.3713 train_time:1396688ms step_avg:598.15ms
step:2346/3200 train_loss:3.4456 train_time:1397281ms step_avg:598.15ms
step:2347/3200 train_loss:3.4470 train_time:1397877ms step_avg:598.15ms
step:2348/3200 train_loss:3.4029 train_time:1398474ms step_avg:598.15ms
step:2349/3200 train_loss:3.4533 train_time:1399096ms step_avg:598.16ms
step:2350/3200 train_loss:3.2348 train_time:1399669ms step_avg:598.15ms
step:2351/3200 train_loss:3.2209 train_time:1400267ms step_avg:598.15ms
step:2352/3200 train_loss:3.3643 train_time:1400864ms step_avg:598.15ms
step:2353/3200 train_loss:3.3827 train_time:1401466ms step_avg:598.15ms
step:2354/3200 train_loss:3.4846 train_time:1402062ms step_avg:598.15ms
step:2355/3200 train_loss:3.3645 train_time:1402662ms step_avg:598.15ms
step:2356/3200 train_loss:3.2178 train_time:1403256ms step_avg:598.15ms
step:2357/3200 train_loss:3.5382 train_time:1403875ms step_avg:598.16ms
step:2358/3200 train_loss:3.2037 train_time:1404456ms step_avg:598.15ms
step:2359/3200 train_loss:3.3093 train_time:1405054ms step_avg:598.15ms
step:2360/3200 train_loss:3.2483 train_time:1405656ms step_avg:598.15ms
step:2361/3200 train_loss:3.2445 train_time:1406245ms step_avg:598.15ms
step:2362/3200 train_loss:3.3615 train_time:1406848ms step_avg:598.15ms
step:2363/3200 train_loss:3.2199 train_time:1407445ms step_avg:598.15ms
step:2364/3200 train_loss:3.3934 train_time:1408039ms step_avg:598.15ms
step:2365/3200 train_loss:3.3419 train_time:1408635ms step_avg:598.15ms
step:2366/3200 train_loss:3.4011 train_time:1409243ms step_avg:598.15ms
step:2367/3200 train_loss:3.4681 train_time:1409834ms step_avg:598.15ms
step:2368/3200 train_loss:3.3847 train_time:1410430ms step_avg:598.15ms
step:2369/3200 train_loss:3.4080 train_time:1411025ms step_avg:598.15ms
step:2370/3200 train_loss:3.4960 train_time:1411622ms step_avg:598.14ms
step:2371/3200 train_loss:3.3170 train_time:1412217ms step_avg:598.14ms
step:2372/3200 train_loss:3.5519 train_time:1412813ms step_avg:598.14ms
step:2373/3200 train_loss:3.3723 train_time:1413408ms step_avg:598.14ms
step:2374/3200 train_loss:4.0753 train_time:1414035ms step_avg:598.15ms
step:2375/3200 train_loss:3.3430 train_time:1414608ms step_avg:598.14ms
step:2375/3200 val_loss:3.4009 train_time:1414982ms step_avg:598.30ms
step:2376/3200 train_loss:3.2821 train_time:1415215ms step_avg:598.15ms
step:2377/3200 train_loss:3.6020 train_time:1415800ms step_avg:598.14ms
step:2378/3200 train_loss:3.5069 train_time:1416396ms step_avg:598.14ms
step:2379/3200 train_loss:3.5238 train_time:1416991ms step_avg:598.14ms
step:2380/3200 train_loss:3.4334 train_time:1417590ms step_avg:598.14ms
step:2381/3200 train_loss:3.3025 train_time:1418184ms step_avg:598.14ms
step:2382/3200 train_loss:3.4661 train_time:1418781ms step_avg:598.14ms
step:2383/3200 train_loss:3.4939 train_time:1419382ms step_avg:598.14ms
step:2384/3200 train_loss:3.3297 train_time:1419977ms step_avg:598.14ms
step:2385/3200 train_loss:3.2783 train_time:1420571ms step_avg:598.14ms
step:2386/3200 train_loss:3.4669 train_time:1421170ms step_avg:598.14ms
step:2387/3200 train_loss:3.4560 train_time:1421765ms step_avg:598.13ms
step:2388/3200 train_loss:3.5074 train_time:1422360ms step_avg:598.13ms
step:2389/3200 train_loss:3.4300 train_time:1422955ms step_avg:598.13ms
step:2390/3200 train_loss:3.5062 train_time:1423553ms step_avg:598.13ms
step:2391/3200 train_loss:3.3253 train_time:1424151ms step_avg:598.13ms
step:2392/3200 train_loss:3.2891 train_time:1424741ms step_avg:598.13ms
step:2393/3200 train_loss:3.5431 train_time:1425338ms step_avg:598.13ms
step:2394/3200 train_loss:3.2956 train_time:1425935ms step_avg:598.13ms
step:2395/3200 train_loss:3.5179 train_time:1426532ms step_avg:598.13ms
step:2396/3200 train_loss:3.5644 train_time:1427132ms step_avg:598.13ms
step:2397/3200 train_loss:3.7239 train_time:1427726ms step_avg:598.13ms
step:2398/3200 train_loss:3.6709 train_time:1428324ms step_avg:598.13ms
step:2399/3200 train_loss:3.4561 train_time:1428921ms step_avg:598.13ms
step:2400/3200 train_loss:3.2907 train_time:1429516ms step_avg:598.12ms
step:2401/3200 train_loss:3.3316 train_time:1430113ms step_avg:598.12ms
step:2402/3200 train_loss:3.5009 train_time:1430707ms step_avg:598.12ms
step:2403/3200 train_loss:3.3020 train_time:1431305ms step_avg:598.12ms
step:2404/3200 train_loss:3.3775 train_time:1431903ms step_avg:598.12ms
step:2405/3200 train_loss:3.6851 train_time:1432506ms step_avg:598.12ms
step:2406/3200 train_loss:3.3355 train_time:1433103ms step_avg:598.12ms
step:2407/3200 train_loss:3.4931 train_time:1433697ms step_avg:598.12ms
step:2408/3200 train_loss:3.3679 train_time:1434293ms step_avg:598.12ms
step:2409/3200 train_loss:3.4059 train_time:1434892ms step_avg:598.12ms
step:2410/3200 train_loss:3.4969 train_time:1435487ms step_avg:598.12ms
step:2411/3200 train_loss:3.3345 train_time:1436083ms step_avg:598.12ms
step:2412/3200 train_loss:3.5128 train_time:1436679ms step_avg:598.12ms
step:2413/3200 train_loss:3.4912 train_time:1437276ms step_avg:598.12ms
step:2414/3200 train_loss:3.3606 train_time:1437876ms step_avg:598.12ms
step:2415/3200 train_loss:3.3298 train_time:1438471ms step_avg:598.12ms
step:2416/3200 train_loss:3.4833 train_time:1439068ms step_avg:598.12ms
step:2417/3200 train_loss:3.2938 train_time:1439664ms step_avg:598.12ms
step:2418/3200 train_loss:3.2094 train_time:1440260ms step_avg:598.11ms
step:2419/3200 train_loss:3.5595 train_time:1440857ms step_avg:598.11ms
step:2420/3200 train_loss:3.3889 train_time:1441458ms step_avg:598.12ms
step:2421/3200 train_loss:3.3799 train_time:1442048ms step_avg:598.11ms
step:2422/3200 train_loss:3.4110 train_time:1442645ms step_avg:598.11ms
step:2423/3200 train_loss:3.5985 train_time:1443241ms step_avg:598.11ms
step:2424/3200 train_loss:3.4049 train_time:1443847ms step_avg:598.11ms
step:2425/3200 train_loss:3.6430 train_time:1444442ms step_avg:598.11ms
step:2426/3200 train_loss:3.5076 train_time:1445039ms step_avg:598.11ms
step:2427/3200 train_loss:3.3993 train_time:1445635ms step_avg:598.11ms
step:2428/3200 train_loss:3.3984 train_time:1446245ms step_avg:598.12ms
step:2429/3200 train_loss:3.4008 train_time:1446841ms step_avg:598.12ms
step:2430/3200 train_loss:3.4119 train_time:1447434ms step_avg:598.11ms
step:2431/3200 train_loss:3.3904 train_time:1448031ms step_avg:598.11ms
step:2432/3200 train_loss:3.3929 train_time:1448626ms step_avg:598.11ms
step:2433/3200 train_loss:3.4345 train_time:1449224ms step_avg:598.11ms
step:2434/3200 train_loss:3.2533 train_time:1449820ms step_avg:598.11ms
step:2435/3200 train_loss:3.2201 train_time:1450420ms step_avg:598.11ms
step:2436/3200 train_loss:3.4327 train_time:1451031ms step_avg:598.12ms
step:2437/3200 train_loss:3.2067 train_time:1451611ms step_avg:598.11ms
step:2438/3200 train_loss:3.3688 train_time:1452209ms step_avg:598.11ms
step:2439/3200 train_loss:3.4804 train_time:1452810ms step_avg:598.11ms
step:2440/3200 train_loss:3.4865 train_time:1453403ms step_avg:598.11ms
step:2441/3200 train_loss:3.3611 train_time:1454005ms step_avg:598.11ms
step:2442/3200 train_loss:3.3428 train_time:1454601ms step_avg:598.11ms
step:2443/3200 train_loss:3.4879 train_time:1455199ms step_avg:598.11ms
step:2444/3200 train_loss:3.2625 train_time:1455801ms step_avg:598.11ms
step:2445/3200 train_loss:3.3676 train_time:1456399ms step_avg:598.11ms
step:2446/3200 train_loss:3.3648 train_time:1456993ms step_avg:598.11ms
step:2447/3200 train_loss:3.3684 train_time:1457593ms step_avg:598.11ms
step:2448/3200 train_loss:3.3757 train_time:1458190ms step_avg:598.11ms
step:2449/3200 train_loss:3.6808 train_time:1458785ms step_avg:598.11ms
step:2450/3200 train_loss:3.4242 train_time:1459382ms step_avg:598.11ms
step:2451/3200 train_loss:3.3386 train_time:1459978ms step_avg:598.11ms
step:2452/3200 train_loss:3.2862 train_time:1460573ms step_avg:598.11ms
step:2453/3200 train_loss:3.6690 train_time:1461180ms step_avg:598.11ms
step:2454/3200 train_loss:3.3410 train_time:1461766ms step_avg:598.10ms
step:2455/3200 train_loss:3.5142 train_time:1462363ms step_avg:598.10ms
step:2456/3200 train_loss:3.4615 train_time:1462958ms step_avg:598.10ms
step:2457/3200 train_loss:3.3864 train_time:1463554ms step_avg:598.10ms
step:2458/3200 train_loss:3.1798 train_time:1464162ms step_avg:598.11ms
step:2459/3200 train_loss:3.3833 train_time:1464759ms step_avg:598.10ms
step:2460/3200 train_loss:3.3636 train_time:1465356ms step_avg:598.10ms
step:2461/3200 train_loss:3.4502 train_time:1465952ms step_avg:598.10ms
step:2462/3200 train_loss:3.2699 train_time:1466551ms step_avg:598.10ms
step:2463/3200 train_loss:3.6188 train_time:1467150ms step_avg:598.10ms
step:2464/3200 train_loss:3.3872 train_time:1467745ms step_avg:598.10ms
step:2465/3200 train_loss:3.5078 train_time:1468339ms step_avg:598.10ms
step:2466/3200 train_loss:3.5945 train_time:1468938ms step_avg:598.10ms
step:2467/3200 train_loss:3.3896 train_time:1469533ms step_avg:598.10ms
step:2468/3200 train_loss:3.3224 train_time:1470136ms step_avg:598.10ms
step:2469/3200 train_loss:3.4000 train_time:1470723ms step_avg:598.10ms
step:2470/3200 train_loss:3.4141 train_time:1471755ms step_avg:598.27ms
step:2471/3200 train_loss:3.3815 train_time:1472354ms step_avg:598.27ms
step:2472/3200 train_loss:3.3599 train_time:1472949ms step_avg:598.27ms
step:2473/3200 train_loss:3.4064 train_time:1473543ms step_avg:598.27ms
step:2474/3200 train_loss:3.4962 train_time:1474139ms step_avg:598.27ms
step:2475/3200 train_loss:3.9374 train_time:1474734ms step_avg:598.27ms
step:2476/3200 train_loss:3.2904 train_time:1475331ms step_avg:598.27ms
step:2477/3200 train_loss:3.5983 train_time:1475920ms step_avg:598.27ms
step:2478/3200 train_loss:3.5480 train_time:1476520ms step_avg:598.27ms
step:2479/3200 train_loss:3.2370 train_time:1477122ms step_avg:598.27ms
step:2480/3200 train_loss:3.2165 train_time:1477719ms step_avg:598.27ms
step:2481/3200 train_loss:3.4265 train_time:1478314ms step_avg:598.27ms
step:2482/3200 train_loss:3.3748 train_time:1478910ms step_avg:598.26ms
step:2483/3200 train_loss:3.2935 train_time:1479507ms step_avg:598.26ms
step:2484/3200 train_loss:3.3679 train_time:1480107ms step_avg:598.26ms
step:2485/3200 train_loss:3.4316 train_time:1480701ms step_avg:598.26ms
step:2486/3200 train_loss:3.1228 train_time:1481297ms step_avg:598.26ms
step:2487/3200 train_loss:3.4823 train_time:1481900ms step_avg:598.26ms
step:2488/3200 train_loss:3.2813 train_time:1482494ms step_avg:598.26ms
step:2489/3200 train_loss:3.2498 train_time:1483090ms step_avg:598.26ms
step:2490/3200 train_loss:3.4343 train_time:1483685ms step_avg:598.26ms
step:2491/3200 train_loss:3.4641 train_time:1484282ms step_avg:598.26ms
step:2492/3200 train_loss:3.6982 train_time:1484880ms step_avg:598.26ms
step:2493/3200 train_loss:3.4009 train_time:1485476ms step_avg:598.26ms
step:2494/3200 train_loss:3.2634 train_time:1486074ms step_avg:598.26ms
step:2495/3200 train_loss:3.5204 train_time:1486667ms step_avg:598.26ms
step:2496/3200 train_loss:3.5251 train_time:1487265ms step_avg:598.26ms
step:2497/3200 train_loss:3.3431 train_time:1487860ms step_avg:598.25ms
step:2498/3200 train_loss:3.4015 train_time:1488461ms step_avg:598.26ms
step:2499/3200 train_loss:3.4226 train_time:1489055ms step_avg:598.25ms
step:2500/3200 train_loss:3.5006 train_time:1489650ms step_avg:598.25ms
step:2500/3200 val_loss:3.3770 train_time:1490028ms step_avg:598.40ms
step:2501/3200 train_loss:3.5299 train_time:1490250ms step_avg:598.25ms
step:2502/3200 train_loss:3.4684 train_time:1490846ms step_avg:598.25ms
step:2503/3200 train_loss:3.4962 train_time:1491445ms step_avg:598.25ms
step:2504/3200 train_loss:3.2489 train_time:1492035ms step_avg:598.25ms
step:2505/3200 train_loss:3.4887 train_time:1492631ms step_avg:598.25ms
step:2506/3200 train_loss:3.4338 train_time:1493228ms step_avg:598.25ms
step:2507/3200 train_loss:3.3121 train_time:1493822ms step_avg:598.25ms
step:2508/3200 train_loss:3.2501 train_time:1494418ms step_avg:598.25ms
step:2509/3200 train_loss:3.3815 train_time:1495015ms step_avg:598.25ms
step:2510/3200 train_loss:3.4462 train_time:1495614ms step_avg:598.25ms
step:2511/3200 train_loss:3.3504 train_time:1496224ms step_avg:598.25ms
step:2512/3200 train_loss:3.4943 train_time:1496819ms step_avg:598.25ms
step:2513/3200 train_loss:3.4447 train_time:1497419ms step_avg:598.25ms
step:2514/3200 train_loss:3.3938 train_time:1498011ms step_avg:598.25ms
step:2515/3200 train_loss:3.4110 train_time:1498607ms step_avg:598.25ms
step:2516/3200 train_loss:3.4303 train_time:1499202ms step_avg:598.25ms
step:2517/3200 train_loss:3.3897 train_time:1499798ms step_avg:598.24ms
step:2518/3200 train_loss:3.2490 train_time:1500397ms step_avg:598.24ms
step:2519/3200 train_loss:3.3694 train_time:1500991ms step_avg:598.24ms
step:2520/3200 train_loss:3.4257 train_time:1501590ms step_avg:598.24ms
step:2521/3200 train_loss:3.4803 train_time:1502188ms step_avg:598.24ms
step:2522/3200 train_loss:3.3269 train_time:1502790ms step_avg:598.24ms
step:2523/3200 train_loss:3.1290 train_time:1503381ms step_avg:598.24ms
step:2524/3200 train_loss:3.3682 train_time:1503976ms step_avg:598.24ms
step:2525/3200 train_loss:3.2537 train_time:1504571ms step_avg:598.24ms
step:2526/3200 train_loss:3.5108 train_time:1505171ms step_avg:598.24ms
step:2527/3200 train_loss:3.2844 train_time:1505767ms step_avg:598.24ms
step:2528/3200 train_loss:3.3989 train_time:1506363ms step_avg:598.24ms
step:2529/3200 train_loss:3.3130 train_time:1506968ms step_avg:598.24ms
step:2530/3200 train_loss:3.4388 train_time:1507564ms step_avg:598.24ms
step:2531/3200 train_loss:3.4501 train_time:1508158ms step_avg:598.24ms
step:2532/3200 train_loss:3.2983 train_time:1508755ms step_avg:598.24ms
step:2533/3200 train_loss:3.4850 train_time:1509353ms step_avg:598.24ms
step:2534/3200 train_loss:3.3341 train_time:1509952ms step_avg:598.24ms
step:2535/3200 train_loss:3.2798 train_time:1510549ms step_avg:598.24ms
step:2536/3200 train_loss:3.4441 train_time:1511145ms step_avg:598.24ms
step:2537/3200 train_loss:3.4342 train_time:1511748ms step_avg:598.24ms
step:2538/3200 train_loss:3.2655 train_time:1512334ms step_avg:598.23ms
step:2539/3200 train_loss:3.6858 train_time:1512936ms step_avg:598.23ms
step:2540/3200 train_loss:3.3647 train_time:1513536ms step_avg:598.24ms
step:2541/3200 train_loss:3.3173 train_time:1514139ms step_avg:598.24ms
step:2542/3200 train_loss:3.4254 train_time:1514740ms step_avg:598.24ms
step:2543/3200 train_loss:3.8191 train_time:1515335ms step_avg:598.24ms
step:2544/3200 train_loss:3.3854 train_time:1515932ms step_avg:598.24ms
step:2545/3200 train_loss:3.5664 train_time:1516525ms step_avg:598.23ms
step:2546/3200 train_loss:3.3157 train_time:1517122ms step_avg:598.23ms
step:2547/3200 train_loss:3.3292 train_time:1517724ms step_avg:598.24ms
step:2548/3200 train_loss:3.2815 train_time:1518323ms step_avg:598.24ms
step:2549/3200 train_loss:3.4872 train_time:1518918ms step_avg:598.23ms
step:2550/3200 train_loss:3.3448 train_time:1519513ms step_avg:598.23ms
step:2551/3200 train_loss:3.3004 train_time:1520115ms step_avg:598.23ms
step:2552/3200 train_loss:3.3902 train_time:1520711ms step_avg:598.23ms
step:2553/3200 train_loss:3.3966 train_time:1521308ms step_avg:598.23ms
step:2554/3200 train_loss:3.3629 train_time:1521903ms step_avg:598.23ms
step:2555/3200 train_loss:3.6070 train_time:1522501ms step_avg:598.23ms
step:2556/3200 train_loss:3.4479 train_time:1523098ms step_avg:598.23ms
step:2557/3200 train_loss:3.4496 train_time:1523693ms step_avg:598.23ms
step:2558/3200 train_loss:3.4163 train_time:1524287ms step_avg:598.23ms
step:2559/3200 train_loss:3.3442 train_time:1524885ms step_avg:598.23ms
step:2560/3200 train_loss:3.4983 train_time:1525481ms step_avg:598.23ms
step:2561/3200 train_loss:3.3896 train_time:1526087ms step_avg:598.23ms
step:2562/3200 train_loss:3.3752 train_time:1526681ms step_avg:598.23ms
step:2563/3200 train_loss:3.3833 train_time:1527276ms step_avg:598.23ms
step:2564/3200 train_loss:3.4110 train_time:1527874ms step_avg:598.23ms
step:2565/3200 train_loss:3.3046 train_time:1528468ms step_avg:598.23ms
step:2566/3200 train_loss:3.3818 train_time:1529067ms step_avg:598.23ms
step:2567/3200 train_loss:3.3698 train_time:1529661ms step_avg:598.22ms
step:2568/3200 train_loss:3.3204 train_time:1530256ms step_avg:598.22ms
step:2569/3200 train_loss:3.5850 train_time:1530859ms step_avg:598.23ms
step:2570/3200 train_loss:3.4842 train_time:1531458ms step_avg:598.23ms
step:2571/3200 train_loss:3.5212 train_time:1532055ms step_avg:598.23ms
step:2572/3200 train_loss:3.1862 train_time:1532649ms step_avg:598.22ms
step:2573/3200 train_loss:3.3271 train_time:1533245ms step_avg:598.22ms
step:2574/3200 train_loss:2.8677 train_time:1533840ms step_avg:598.22ms
step:2575/3200 train_loss:3.2888 train_time:1534436ms step_avg:598.22ms
step:2576/3200 train_loss:3.0224 train_time:1535032ms step_avg:598.22ms
step:2577/3200 train_loss:3.3257 train_time:1535629ms step_avg:598.22ms
step:2578/3200 train_loss:3.3918 train_time:1536227ms step_avg:598.22ms
step:2579/3200 train_loss:3.2567 train_time:1536822ms step_avg:598.22ms
step:2580/3200 train_loss:3.3797 train_time:1537417ms step_avg:598.22ms
step:2581/3200 train_loss:3.3837 train_time:1538021ms step_avg:598.22ms
step:2582/3200 train_loss:3.4870 train_time:1538619ms step_avg:598.22ms
step:2583/3200 train_loss:3.3062 train_time:1539213ms step_avg:598.22ms
step:2584/3200 train_loss:3.5549 train_time:1539817ms step_avg:598.22ms
step:2585/3200 train_loss:3.4113 train_time:1540408ms step_avg:598.22ms
step:2586/3200 train_loss:3.6298 train_time:1541001ms step_avg:598.21ms
step:2587/3200 train_loss:3.5273 train_time:1541601ms step_avg:598.22ms
step:2588/3200 train_loss:3.2163 train_time:1542192ms step_avg:598.21ms
step:2589/3200 train_loss:3.3414 train_time:1542794ms step_avg:598.21ms
step:2590/3200 train_loss:3.4510 train_time:1543392ms step_avg:598.21ms
step:2591/3200 train_loss:3.2730 train_time:1543988ms step_avg:598.21ms
step:2592/3200 train_loss:3.7504 train_time:1544583ms step_avg:598.21ms
step:2593/3200 train_loss:3.4545 train_time:1545179ms step_avg:598.21ms
step:2594/3200 train_loss:3.3420 train_time:1545776ms step_avg:598.21ms
step:2595/3200 train_loss:3.3575 train_time:1546369ms step_avg:598.21ms
step:2596/3200 train_loss:3.7156 train_time:1546961ms step_avg:598.21ms
step:2597/3200 train_loss:3.4555 train_time:1547560ms step_avg:598.21ms
step:2598/3200 train_loss:3.3351 train_time:1548158ms step_avg:598.21ms
step:2599/3200 train_loss:3.2840 train_time:1548751ms step_avg:598.20ms
step:2600/3200 train_loss:3.4977 train_time:1549348ms step_avg:598.20ms
step:2601/3200 train_loss:3.8355 train_time:1549942ms step_avg:598.20ms
step:2602/3200 train_loss:2.9361 train_time:1550541ms step_avg:598.20ms
step:2603/3200 train_loss:3.3250 train_time:1551130ms step_avg:598.20ms
step:2604/3200 train_loss:3.2750 train_time:1551725ms step_avg:598.20ms
step:2605/3200 train_loss:3.5209 train_time:1552330ms step_avg:598.20ms
step:2606/3200 train_loss:3.3685 train_time:1552916ms step_avg:598.20ms
step:2607/3200 train_loss:3.4108 train_time:1553525ms step_avg:598.20ms
step:2608/3200 train_loss:3.2901 train_time:1554116ms step_avg:598.20ms
step:2609/3200 train_loss:3.2786 train_time:1554714ms step_avg:598.20ms
step:2610/3200 train_loss:3.4842 train_time:1555311ms step_avg:598.20ms
step:2611/3200 train_loss:3.4446 train_time:1555915ms step_avg:598.20ms
step:2612/3200 train_loss:3.1075 train_time:1556515ms step_avg:598.20ms
step:2613/3200 train_loss:3.4757 train_time:1557106ms step_avg:598.20ms
step:2614/3200 train_loss:3.4348 train_time:1557699ms step_avg:598.19ms
step:2615/3200 train_loss:3.3269 train_time:1558290ms step_avg:598.19ms
step:2616/3200 train_loss:3.4800 train_time:1558889ms step_avg:598.19ms
step:2617/3200 train_loss:3.3402 train_time:1559482ms step_avg:598.19ms
step:2618/3200 train_loss:3.4276 train_time:1560078ms step_avg:598.19ms
step:2619/3200 train_loss:3.1984 train_time:1560676ms step_avg:598.19ms
step:2620/3200 train_loss:3.5267 train_time:1561272ms step_avg:598.19ms
step:2621/3200 train_loss:3.4941 train_time:1561879ms step_avg:598.19ms
step:2622/3200 train_loss:3.5979 train_time:1562468ms step_avg:598.19ms
step:2623/3200 train_loss:3.5422 train_time:1563067ms step_avg:598.19ms
step:2624/3200 train_loss:3.3647 train_time:1563665ms step_avg:598.19ms
step:2625/3200 train_loss:3.5403 train_time:1564262ms step_avg:598.19ms
step:2625/3200 val_loss:3.3544 train_time:1564638ms step_avg:598.33ms
step:2626/3200 train_loss:3.3374 train_time:1564866ms step_avg:598.19ms
step:2627/3200 train_loss:3.4153 train_time:1565458ms step_avg:598.19ms
step:2628/3200 train_loss:3.3379 train_time:1566055ms step_avg:598.19ms
step:2629/3200 train_loss:3.3309 train_time:1566652ms step_avg:598.19ms
step:2630/3200 train_loss:3.5482 train_time:1567248ms step_avg:598.19ms
step:2631/3200 train_loss:3.4621 train_time:1567848ms step_avg:598.19ms
step:2632/3200 train_loss:3.7393 train_time:1568441ms step_avg:598.18ms
step:2633/3200 train_loss:3.3953 train_time:1569040ms step_avg:598.19ms
step:2634/3200 train_loss:3.3724 train_time:1569638ms step_avg:598.19ms
step:2635/3200 train_loss:3.2435 train_time:1570230ms step_avg:598.18ms
step:2636/3200 train_loss:3.4141 train_time:1570826ms step_avg:598.18ms
step:2637/3200 train_loss:2.9878 train_time:1571425ms step_avg:598.18ms
step:2638/3200 train_loss:3.4439 train_time:1572020ms step_avg:598.18ms
step:2639/3200 train_loss:3.3778 train_time:1572616ms step_avg:598.18ms
step:2640/3200 train_loss:3.0531 train_time:1573212ms step_avg:598.18ms
step:2641/3200 train_loss:3.3419 train_time:1573815ms step_avg:598.18ms
step:2642/3200 train_loss:3.4126 train_time:1574410ms step_avg:598.18ms
step:2643/3200 train_loss:3.2008 train_time:1574999ms step_avg:598.18ms
step:2644/3200 train_loss:3.2967 train_time:1575604ms step_avg:598.18ms
step:2645/3200 train_loss:3.4536 train_time:1576195ms step_avg:598.18ms
step:2646/3200 train_loss:3.2764 train_time:1576795ms step_avg:598.18ms
step:2647/3200 train_loss:3.3252 train_time:1577393ms step_avg:598.18ms
step:2648/3200 train_loss:3.6004 train_time:1577985ms step_avg:598.17ms
step:2649/3200 train_loss:3.4448 train_time:1578582ms step_avg:598.17ms
step:2650/3200 train_loss:3.3172 train_time:1579183ms step_avg:598.18ms
step:2651/3200 train_loss:3.2831 train_time:1579774ms step_avg:598.17ms
step:2652/3200 train_loss:3.4174 train_time:1580383ms step_avg:598.18ms
step:2653/3200 train_loss:3.3063 train_time:1580980ms step_avg:598.18ms
step:2654/3200 train_loss:3.1713 train_time:1581568ms step_avg:598.17ms
step:2655/3200 train_loss:3.3596 train_time:1582162ms step_avg:598.17ms
step:2656/3200 train_loss:3.2024 train_time:1582758ms step_avg:598.17ms
step:2657/3200 train_loss:3.3917 train_time:1583354ms step_avg:598.17ms
step:2658/3200 train_loss:3.2445 train_time:1583950ms step_avg:598.17ms
step:2659/3200 train_loss:3.2918 train_time:1584546ms step_avg:598.17ms
step:2660/3200 train_loss:3.4460 train_time:1585225ms step_avg:598.20ms
step:2661/3200 train_loss:3.3818 train_time:1585820ms step_avg:598.20ms
step:2662/3200 train_loss:3.3192 train_time:1586416ms step_avg:598.20ms
step:2663/3200 train_loss:3.4639 train_time:1587013ms step_avg:598.20ms
step:2664/3200 train_loss:3.3613 train_time:1587608ms step_avg:598.19ms
step:2665/3200 train_loss:3.2735 train_time:1588202ms step_avg:598.19ms
step:2666/3200 train_loss:3.3334 train_time:1588800ms step_avg:598.19ms
step:2667/3200 train_loss:3.2845 train_time:1589395ms step_avg:598.19ms
step:2668/3200 train_loss:3.4343 train_time:1589993ms step_avg:598.19ms
step:2669/3200 train_loss:3.2621 train_time:1590590ms step_avg:598.19ms
step:2670/3200 train_loss:3.4489 train_time:1591190ms step_avg:598.19ms
step:2671/3200 train_loss:3.2121 train_time:1591786ms step_avg:598.19ms
step:2672/3200 train_loss:3.2589 train_time:1592380ms step_avg:598.19ms
step:2673/3200 train_loss:3.3059 train_time:1592981ms step_avg:598.19ms
step:2674/3200 train_loss:3.4058 train_time:1593571ms step_avg:598.19ms
step:2675/3200 train_loss:3.3209 train_time:1594170ms step_avg:598.19ms
step:2676/3200 train_loss:3.3495 train_time:1594766ms step_avg:598.19ms
step:2677/3200 train_loss:3.2943 train_time:1595362ms step_avg:598.19ms
step:2678/3200 train_loss:3.4093 train_time:1595960ms step_avg:598.19ms
step:2679/3200 train_loss:3.4388 train_time:1596556ms step_avg:598.19ms
step:2680/3200 train_loss:3.2310 train_time:1597153ms step_avg:598.18ms
step:2681/3200 train_loss:3.1743 train_time:1597749ms step_avg:598.18ms
step:2682/3200 train_loss:3.2034 train_time:1598344ms step_avg:598.18ms
step:2683/3200 train_loss:3.3183 train_time:1598940ms step_avg:598.18ms
step:2684/3200 train_loss:3.4239 train_time:1599536ms step_avg:598.18ms
step:2685/3200 train_loss:3.5048 train_time:1600136ms step_avg:598.18ms
step:2686/3200 train_loss:3.3585 train_time:1600728ms step_avg:598.18ms
step:2687/3200 train_loss:3.3268 train_time:1601329ms step_avg:598.18ms
step:2688/3200 train_loss:3.6580 train_time:1601929ms step_avg:598.18ms
step:2689/3200 train_loss:3.3716 train_time:1602520ms step_avg:598.18ms
step:2690/3200 train_loss:3.3126 train_time:1603120ms step_avg:598.18ms
step:2691/3200 train_loss:3.2668 train_time:1603713ms step_avg:598.18ms
step:2692/3200 train_loss:3.3476 train_time:1604308ms step_avg:598.18ms
step:2693/3200 train_loss:3.1705 train_time:1604909ms step_avg:598.18ms
step:2694/3200 train_loss:3.8255 train_time:1605513ms step_avg:598.18ms
step:2695/3200 train_loss:3.4120 train_time:1606103ms step_avg:598.18ms
step:2696/3200 train_loss:3.2514 train_time:1606702ms step_avg:598.18ms
step:2697/3200 train_loss:3.3907 train_time:1607298ms step_avg:598.18ms
step:2698/3200 train_loss:3.2931 train_time:1607891ms step_avg:598.17ms
step:2699/3200 train_loss:3.4487 train_time:1608485ms step_avg:598.17ms
step:2700/3200 train_loss:3.5357 train_time:1609081ms step_avg:598.17ms
step:2701/3200 train_loss:3.3303 train_time:1609682ms step_avg:598.17ms
step:2702/3200 train_loss:3.2591 train_time:1610284ms step_avg:598.17ms
step:2703/3200 train_loss:3.2369 train_time:1610876ms step_avg:598.17ms
step:2704/3200 train_loss:3.2581 train_time:1611478ms step_avg:598.17ms
step:2705/3200 train_loss:3.2770 train_time:1612066ms step_avg:598.17ms
step:2706/3200 train_loss:3.5243 train_time:1612665ms step_avg:598.17ms
step:2707/3200 train_loss:3.3862 train_time:1613259ms step_avg:598.17ms
step:2708/3200 train_loss:3.3732 train_time:1613856ms step_avg:598.17ms
step:2709/3200 train_loss:3.4260 train_time:1614454ms step_avg:598.17ms
step:2710/3200 train_loss:3.5135 train_time:1615049ms step_avg:598.17ms
step:2711/3200 train_loss:3.3653 train_time:1615649ms step_avg:598.17ms
step:2712/3200 train_loss:3.3781 train_time:1616244ms step_avg:598.17ms
step:2713/3200 train_loss:3.1741 train_time:1616839ms step_avg:598.16ms
step:2714/3200 train_loss:3.4680 train_time:1617434ms step_avg:598.16ms
step:2715/3200 train_loss:3.1840 train_time:1618030ms step_avg:598.16ms
step:2716/3200 train_loss:3.1750 train_time:1618626ms step_avg:598.16ms
step:2717/3200 train_loss:3.5849 train_time:1619222ms step_avg:598.16ms
step:2718/3200 train_loss:3.3075 train_time:1619817ms step_avg:598.16ms
step:2719/3200 train_loss:3.3513 train_time:1620414ms step_avg:598.16ms
step:2720/3200 train_loss:3.1919 train_time:1621012ms step_avg:598.16ms
step:2721/3200 train_loss:3.4226 train_time:1621606ms step_avg:598.16ms
step:2722/3200 train_loss:3.5401 train_time:1622202ms step_avg:598.16ms
step:2723/3200 train_loss:3.2437 train_time:1622817ms step_avg:598.16ms
step:2724/3200 train_loss:3.3189 train_time:1623413ms step_avg:598.16ms
step:2725/3200 train_loss:3.4523 train_time:1624011ms step_avg:598.16ms
step:2726/3200 train_loss:3.3031 train_time:1624608ms step_avg:598.16ms
step:2727/3200 train_loss:3.3471 train_time:1625208ms step_avg:598.16ms
step:2728/3200 train_loss:3.5232 train_time:1625802ms step_avg:598.16ms
step:2729/3200 train_loss:3.4465 train_time:1626403ms step_avg:598.16ms
step:2730/3200 train_loss:3.2388 train_time:1627000ms step_avg:598.16ms
step:2731/3200 train_loss:3.3158 train_time:1627605ms step_avg:598.16ms
step:2732/3200 train_loss:3.2266 train_time:1628201ms step_avg:598.16ms
step:2733/3200 train_loss:3.2445 train_time:1628809ms step_avg:598.17ms
step:2734/3200 train_loss:3.2490 train_time:1629406ms step_avg:598.17ms
step:2735/3200 train_loss:3.2763 train_time:1630006ms step_avg:598.17ms
step:2736/3200 train_loss:3.1158 train_time:1630605ms step_avg:598.17ms
step:2737/3200 train_loss:3.3766 train_time:1631200ms step_avg:598.17ms
step:2738/3200 train_loss:3.3145 train_time:1631798ms step_avg:598.17ms
step:2739/3200 train_loss:3.6717 train_time:1632404ms step_avg:598.17ms
step:2740/3200 train_loss:3.3676 train_time:1632994ms step_avg:598.17ms
step:2741/3200 train_loss:3.3400 train_time:1633589ms step_avg:598.17ms
step:2742/3200 train_loss:3.2871 train_time:1634185ms step_avg:598.16ms
step:2743/3200 train_loss:3.3076 train_time:1634789ms step_avg:598.17ms
step:2744/3200 train_loss:3.2447 train_time:1635380ms step_avg:598.16ms
step:2745/3200 train_loss:3.2603 train_time:1635978ms step_avg:598.16ms
step:2746/3200 train_loss:3.1494 train_time:1636574ms step_avg:598.16ms
step:2747/3200 train_loss:3.2439 train_time:1637169ms step_avg:598.16ms
step:2748/3200 train_loss:3.3938 train_time:1637766ms step_avg:598.16ms
step:2749/3200 train_loss:3.3524 train_time:1638364ms step_avg:598.16ms
step:2750/3200 train_loss:3.4337 train_time:1638958ms step_avg:598.16ms
step:2750/3200 val_loss:3.3333 train_time:1639336ms step_avg:598.30ms
step:2751/3200 train_loss:3.4571 train_time:1639562ms step_avg:598.16ms
step:2752/3200 train_loss:3.4258 train_time:1640161ms step_avg:598.16ms
step:2753/3200 train_loss:3.4843 train_time:1640755ms step_avg:598.16ms
step:2754/3200 train_loss:3.2553 train_time:1641350ms step_avg:598.16ms
step:2755/3200 train_loss:3.3271 train_time:1641950ms step_avg:598.16ms
step:2756/3200 train_loss:3.4296 train_time:1642543ms step_avg:598.16ms
step:2757/3200 train_loss:3.3543 train_time:1643144ms step_avg:598.16ms
step:2758/3200 train_loss:2.9769 train_time:1643745ms step_avg:598.16ms
step:2759/3200 train_loss:3.3226 train_time:1644338ms step_avg:598.16ms
step:2760/3200 train_loss:3.3635 train_time:1644936ms step_avg:598.16ms
step:2761/3200 train_loss:3.4279 train_time:1645531ms step_avg:598.16ms
step:2762/3200 train_loss:3.3651 train_time:1646127ms step_avg:598.16ms
step:2763/3200 train_loss:3.2542 train_time:1646724ms step_avg:598.16ms
step:2764/3200 train_loss:3.3125 train_time:1647320ms step_avg:598.16ms
step:2765/3200 train_loss:3.3837 train_time:1647916ms step_avg:598.15ms
step:2766/3200 train_loss:3.1480 train_time:1648539ms step_avg:598.16ms
step:2767/3200 train_loss:3.3439 train_time:1649135ms step_avg:598.16ms
step:2768/3200 train_loss:3.4494 train_time:1649741ms step_avg:598.17ms
step:2769/3200 train_loss:3.1992 train_time:1650339ms step_avg:598.17ms
step:2770/3200 train_loss:3.4284 train_time:1650935ms step_avg:598.16ms
step:2771/3200 train_loss:3.4409 train_time:1651535ms step_avg:598.17ms
step:2772/3200 train_loss:3.2848 train_time:1652129ms step_avg:598.16ms
step:2773/3200 train_loss:3.1467 train_time:1652722ms step_avg:598.16ms
step:2774/3200 train_loss:3.2879 train_time:1653296ms step_avg:598.15ms
step:2775/3200 train_loss:3.5226 train_time:1653891ms step_avg:598.15ms
step:2776/3200 train_loss:3.3370 train_time:1654487ms step_avg:598.15ms
step:2777/3200 train_loss:3.4724 train_time:1655096ms step_avg:598.16ms
step:2778/3200 train_loss:3.3605 train_time:1655680ms step_avg:598.15ms
step:2779/3200 train_loss:3.2534 train_time:1656277ms step_avg:598.15ms
step:2780/3200 train_loss:3.1887 train_time:1656871ms step_avg:598.15ms
step:2781/3200 train_loss:3.2748 train_time:1657466ms step_avg:598.15ms
step:2782/3200 train_loss:3.3293 train_time:1658064ms step_avg:598.15ms
step:2783/3200 train_loss:3.3538 train_time:1658660ms step_avg:598.15ms
step:2784/3200 train_loss:3.3452 train_time:1659255ms step_avg:598.15ms
step:2785/3200 train_loss:3.3417 train_time:1659852ms step_avg:598.14ms
step:2786/3200 train_loss:3.3208 train_time:1660447ms step_avg:598.14ms
step:2787/3200 train_loss:3.2363 train_time:1661049ms step_avg:598.15ms
step:2788/3200 train_loss:3.4492 train_time:1661643ms step_avg:598.14ms
step:2789/3200 train_loss:3.3568 train_time:1662239ms step_avg:598.14ms
step:2790/3200 train_loss:3.3001 train_time:1662834ms step_avg:598.14ms
step:2791/3200 train_loss:3.3161 train_time:1663433ms step_avg:598.14ms
step:2792/3200 train_loss:3.2562 train_time:1664031ms step_avg:598.14ms
step:2793/3200 train_loss:3.2592 train_time:1664634ms step_avg:598.14ms
step:2794/3200 train_loss:3.4178 train_time:1665227ms step_avg:598.14ms
step:2795/3200 train_loss:3.2146 train_time:1665822ms step_avg:598.14ms
step:2796/3200 train_loss:3.4362 train_time:1666420ms step_avg:598.14ms
step:2797/3200 train_loss:3.2853 train_time:1667016ms step_avg:598.14ms
step:2798/3200 train_loss:3.3098 train_time:1667627ms step_avg:598.14ms
step:2799/3200 train_loss:3.1639 train_time:1668231ms step_avg:598.15ms
step:2800/3200 train_loss:3.5633 train_time:1668828ms step_avg:598.15ms
step:2801/3200 train_loss:3.4490 train_time:1669425ms step_avg:598.15ms
step:2802/3200 train_loss:3.5585 train_time:1670017ms step_avg:598.14ms
step:2803/3200 train_loss:3.2522 train_time:1670614ms step_avg:598.14ms
step:2804/3200 train_loss:3.4067 train_time:1671212ms step_avg:598.14ms
step:2805/3200 train_loss:3.3923 train_time:1671805ms step_avg:598.14ms
step:2806/3200 train_loss:3.1289 train_time:1672383ms step_avg:598.13ms
step:2807/3200 train_loss:3.5889 train_time:1672981ms step_avg:598.13ms
step:2808/3200 train_loss:3.3003 train_time:1673575ms step_avg:598.13ms
step:2809/3200 train_loss:3.2893 train_time:1674176ms step_avg:598.13ms
step:2810/3200 train_loss:3.5845 train_time:1674788ms step_avg:598.14ms
step:2811/3200 train_loss:3.2842 train_time:1675385ms step_avg:598.14ms
step:2812/3200 train_loss:3.3711 train_time:1675980ms step_avg:598.14ms
step:2813/3200 train_loss:3.1961 train_time:1676564ms step_avg:598.13ms
step:2814/3200 train_loss:3.4217 train_time:1677158ms step_avg:598.13ms
step:2815/3200 train_loss:3.3386 train_time:1677772ms step_avg:598.14ms
step:2816/3200 train_loss:3.3362 train_time:1678354ms step_avg:598.13ms
step:2817/3200 train_loss:2.7305 train_time:1678947ms step_avg:598.13ms
step:2818/3200 train_loss:3.3099 train_time:1679544ms step_avg:598.13ms
step:2819/3200 train_loss:3.2132 train_time:1680144ms step_avg:598.13ms
step:2820/3200 train_loss:3.4975 train_time:1680740ms step_avg:598.13ms
step:2821/3200 train_loss:3.2422 train_time:1681339ms step_avg:598.13ms
step:2822/3200 train_loss:3.3677 train_time:1681933ms step_avg:598.13ms
step:2823/3200 train_loss:3.4733 train_time:1682528ms step_avg:598.13ms
step:2824/3200 train_loss:3.4133 train_time:1683125ms step_avg:598.13ms
step:2825/3200 train_loss:3.0736 train_time:1683722ms step_avg:598.13ms
step:2826/3200 train_loss:3.4020 train_time:1684318ms step_avg:598.12ms
step:2827/3200 train_loss:3.4681 train_time:1684913ms step_avg:598.12ms
step:2828/3200 train_loss:3.0562 train_time:1685509ms step_avg:598.12ms
step:2829/3200 train_loss:3.3212 train_time:1686114ms step_avg:598.12ms
step:2830/3200 train_loss:3.3622 train_time:1686709ms step_avg:598.12ms
step:2831/3200 train_loss:3.2758 train_time:1687309ms step_avg:598.12ms
step:2832/3200 train_loss:3.3949 train_time:1687903ms step_avg:598.12ms
step:2833/3200 train_loss:3.2843 train_time:1688499ms step_avg:598.12ms
step:2834/3200 train_loss:3.2780 train_time:1689094ms step_avg:598.12ms
step:2835/3200 train_loss:3.0251 train_time:1689690ms step_avg:598.12ms
step:2836/3200 train_loss:3.4997 train_time:1690299ms step_avg:598.12ms
step:2837/3200 train_loss:3.3717 train_time:1690895ms step_avg:598.12ms
step:2838/3200 train_loss:3.2994 train_time:1691490ms step_avg:598.12ms
step:2839/3200 train_loss:3.2399 train_time:1692093ms step_avg:598.12ms
step:2840/3200 train_loss:3.2643 train_time:1692689ms step_avg:598.12ms
step:2841/3200 train_loss:3.3723 train_time:1693283ms step_avg:598.12ms
step:2842/3200 train_loss:3.2483 train_time:1693878ms step_avg:598.12ms
step:2843/3200 train_loss:3.3494 train_time:1694475ms step_avg:598.12ms
step:2844/3200 train_loss:3.4319 train_time:1695070ms step_avg:598.12ms
step:2845/3200 train_loss:3.2964 train_time:1695666ms step_avg:598.12ms
step:2846/3200 train_loss:3.2574 train_time:1696259ms step_avg:598.12ms
step:2847/3200 train_loss:3.2827 train_time:1696854ms step_avg:598.12ms
step:2848/3200 train_loss:3.7477 train_time:1697449ms step_avg:598.11ms
step:2849/3200 train_loss:3.2709 train_time:1698046ms step_avg:598.11ms
step:2850/3200 train_loss:3.2689 train_time:1699232ms step_avg:598.32ms
step:2851/3200 train_loss:3.4046 train_time:1699829ms step_avg:598.32ms
step:2852/3200 train_loss:3.3715 train_time:1700425ms step_avg:598.32ms
step:2853/3200 train_loss:3.3091 train_time:1701025ms step_avg:598.32ms
step:2854/3200 train_loss:3.3392 train_time:1701618ms step_avg:598.32ms
step:2855/3200 train_loss:3.3340 train_time:1702218ms step_avg:598.32ms
step:2856/3200 train_loss:3.2276 train_time:1702813ms step_avg:598.32ms
step:2857/3200 train_loss:3.3002 train_time:1703408ms step_avg:598.32ms
step:2858/3200 train_loss:3.3379 train_time:1704007ms step_avg:598.32ms
step:2859/3200 train_loss:3.0957 train_time:1704604ms step_avg:598.32ms
step:2860/3200 train_loss:3.3383 train_time:1705197ms step_avg:598.31ms
step:2861/3200 train_loss:3.2726 train_time:1705794ms step_avg:598.31ms
step:2862/3200 train_loss:3.2679 train_time:1706390ms step_avg:598.31ms
step:2863/3200 train_loss:3.3560 train_time:1706986ms step_avg:598.31ms
step:2864/3200 train_loss:3.5957 train_time:1707581ms step_avg:598.31ms
step:2865/3200 train_loss:3.3766 train_time:1708180ms step_avg:598.31ms
step:2866/3200 train_loss:3.3489 train_time:1708773ms step_avg:598.31ms
step:2867/3200 train_loss:3.3351 train_time:1709370ms step_avg:598.31ms
step:2868/3200 train_loss:3.5027 train_time:1709966ms step_avg:598.31ms
step:2869/3200 train_loss:3.3202 train_time:1710559ms step_avg:598.31ms
step:2870/3200 train_loss:3.2044 train_time:1711158ms step_avg:598.31ms
step:2871/3200 train_loss:3.4531 train_time:1711757ms step_avg:598.31ms
step:2872/3200 train_loss:3.2993 train_time:1712357ms step_avg:598.31ms
step:2873/3200 train_loss:3.3229 train_time:1712956ms step_avg:598.31ms
step:2874/3200 train_loss:3.1518 train_time:1713552ms step_avg:598.31ms
step:2875/3200 train_loss:3.2886 train_time:1714147ms step_avg:598.31ms
step:2875/3200 val_loss:3.3137 train_time:1714524ms step_avg:598.44ms
step:2876/3200 train_loss:3.2516 train_time:1714742ms step_avg:598.31ms
step:2877/3200 train_loss:3.2319 train_time:1715338ms step_avg:598.30ms
step:2878/3200 train_loss:3.3120 train_time:1715934ms step_avg:598.30ms
step:2879/3200 train_loss:3.4690 train_time:1716529ms step_avg:598.30ms
step:2880/3200 train_loss:3.2940 train_time:1717125ms step_avg:598.30ms
step:2881/3200 train_loss:3.3516 train_time:1717721ms step_avg:598.30ms
step:2882/3200 train_loss:3.3589 train_time:1718319ms step_avg:598.30ms
step:2883/3200 train_loss:3.4556 train_time:1718914ms step_avg:598.30ms
step:2884/3200 train_loss:3.2870 train_time:1719511ms step_avg:598.30ms
step:2885/3200 train_loss:3.1432 train_time:1720107ms step_avg:598.30ms
step:2886/3200 train_loss:3.1488 train_time:1720701ms step_avg:598.30ms
step:2887/3200 train_loss:3.2509 train_time:1721300ms step_avg:598.30ms
step:2888/3200 train_loss:3.2775 train_time:1721894ms step_avg:598.30ms
step:2889/3200 train_loss:3.3115 train_time:1722490ms step_avg:598.29ms
step:2890/3200 train_loss:3.6214 train_time:1723085ms step_avg:598.29ms
step:2891/3200 train_loss:3.2556 train_time:1723687ms step_avg:598.29ms
step:2892/3200 train_loss:3.3188 train_time:1724286ms step_avg:598.29ms
step:2893/3200 train_loss:3.2540 train_time:1724876ms step_avg:598.29ms
step:2894/3200 train_loss:3.2757 train_time:1725472ms step_avg:598.29ms
step:2895/3200 train_loss:3.2396 train_time:1726067ms step_avg:598.29ms
step:2896/3200 train_loss:3.3220 train_time:1726677ms step_avg:598.29ms
step:2897/3200 train_loss:3.4981 train_time:1727273ms step_avg:598.29ms
step:2898/3200 train_loss:3.2178 train_time:1727875ms step_avg:598.29ms
step:2899/3200 train_loss:3.3197 train_time:1728468ms step_avg:598.29ms
step:2900/3200 train_loss:3.0556 train_time:1729066ms step_avg:598.29ms
step:2901/3200 train_loss:3.4923 train_time:1729659ms step_avg:598.29ms
step:2902/3200 train_loss:3.3661 train_time:1730256ms step_avg:598.29ms
step:2903/3200 train_loss:3.2479 train_time:1730852ms step_avg:598.29ms
step:2904/3200 train_loss:3.3130 train_time:1731447ms step_avg:598.29ms
step:2905/3200 train_loss:3.2912 train_time:1732046ms step_avg:598.29ms
step:2906/3200 train_loss:3.2778 train_time:1732641ms step_avg:598.29ms
step:2907/3200 train_loss:3.0673 train_time:1733245ms step_avg:598.29ms
step:2908/3200 train_loss:3.4098 train_time:1733841ms step_avg:598.29ms
step:2909/3200 train_loss:3.3303 train_time:1734441ms step_avg:598.29ms
step:2910/3200 train_loss:3.6129 train_time:1735034ms step_avg:598.29ms
step:2911/3200 train_loss:3.0908 train_time:1735630ms step_avg:598.29ms
step:2912/3200 train_loss:3.2367 train_time:1736233ms step_avg:598.29ms
step:2913/3200 train_loss:3.2682 train_time:1736837ms step_avg:598.29ms
step:2914/3200 train_loss:3.7399 train_time:1737428ms step_avg:598.29ms
step:2915/3200 train_loss:3.3425 train_time:1738024ms step_avg:598.29ms
step:2916/3200 train_loss:3.1838 train_time:1738619ms step_avg:598.29ms
step:2917/3200 train_loss:3.2855 train_time:1739217ms step_avg:598.29ms
step:2918/3200 train_loss:3.2540 train_time:1739816ms step_avg:598.29ms
step:2919/3200 train_loss:3.2919 train_time:1740417ms step_avg:598.29ms
step:2920/3200 train_loss:3.1700 train_time:1741018ms step_avg:598.29ms
step:2921/3200 train_loss:3.3081 train_time:1741611ms step_avg:598.29ms
step:2922/3200 train_loss:3.3012 train_time:1742206ms step_avg:598.29ms
step:2923/3200 train_loss:3.3363 train_time:1742802ms step_avg:598.28ms
step:2924/3200 train_loss:3.2514 train_time:1743396ms step_avg:598.28ms
step:2925/3200 train_loss:3.4118 train_time:1743994ms step_avg:598.28ms
step:2926/3200 train_loss:3.3268 train_time:1744590ms step_avg:598.28ms
step:2927/3200 train_loss:3.2853 train_time:1745186ms step_avg:598.28ms
step:2928/3200 train_loss:3.4801 train_time:1745795ms step_avg:598.28ms
step:2929/3200 train_loss:3.2971 train_time:1746392ms step_avg:598.28ms
step:2930/3200 train_loss:3.2291 train_time:1746990ms step_avg:598.28ms
step:2931/3200 train_loss:3.4379 train_time:1747591ms step_avg:598.29ms
step:2932/3200 train_loss:3.5139 train_time:1748189ms step_avg:598.28ms
step:2933/3200 train_loss:3.5594 train_time:1748779ms step_avg:598.28ms
step:2934/3200 train_loss:3.4574 train_time:1749377ms step_avg:598.28ms
step:2935/3200 train_loss:3.2471 train_time:1749981ms step_avg:598.28ms
step:2936/3200 train_loss:3.3287 train_time:1750569ms step_avg:598.28ms
step:2937/3200 train_loss:3.2692 train_time:1751165ms step_avg:598.28ms
step:2938/3200 train_loss:3.2636 train_time:1751760ms step_avg:598.28ms
step:2939/3200 train_loss:3.3787 train_time:1752357ms step_avg:598.28ms
step:2940/3200 train_loss:3.2396 train_time:1752953ms step_avg:598.28ms
step:2941/3200 train_loss:3.4109 train_time:1753548ms step_avg:598.28ms
step:2942/3200 train_loss:3.5144 train_time:1754145ms step_avg:598.28ms
step:2943/3200 train_loss:3.2446 train_time:1754740ms step_avg:598.27ms
step:2944/3200 train_loss:3.0930 train_time:1755335ms step_avg:598.27ms
step:2945/3200 train_loss:3.1624 train_time:1755942ms step_avg:598.28ms
step:2946/3200 train_loss:3.3355 train_time:1756537ms step_avg:598.28ms
step:2947/3200 train_loss:3.3823 train_time:1757130ms step_avg:598.27ms
step:2948/3200 train_loss:3.2559 train_time:1757724ms step_avg:598.27ms
step:2949/3200 train_loss:3.2422 train_time:1758321ms step_avg:598.27ms
step:2950/3200 train_loss:3.3453 train_time:1758917ms step_avg:598.27ms
step:2951/3200 train_loss:3.3145 train_time:1759512ms step_avg:598.27ms
step:2952/3200 train_loss:3.4934 train_time:1760114ms step_avg:598.27ms
step:2953/3200 train_loss:3.3596 train_time:1760703ms step_avg:598.27ms
step:2954/3200 train_loss:3.3977 train_time:1761306ms step_avg:598.27ms
step:2955/3200 train_loss:3.3736 train_time:1761898ms step_avg:598.27ms
step:2956/3200 train_loss:3.2023 train_time:1762498ms step_avg:598.27ms
step:2957/3200 train_loss:3.2939 train_time:1763091ms step_avg:598.27ms
step:2958/3200 train_loss:3.3063 train_time:1763689ms step_avg:598.27ms
step:2959/3200 train_loss:3.2751 train_time:1764283ms step_avg:598.26ms
step:2960/3200 train_loss:3.4183 train_time:1764880ms step_avg:598.26ms
step:2961/3200 train_loss:3.2561 train_time:1765477ms step_avg:598.26ms
step:2962/3200 train_loss:3.3801 train_time:1766071ms step_avg:598.26ms
step:2963/3200 train_loss:3.2662 train_time:1766669ms step_avg:598.26ms
step:2964/3200 train_loss:3.3034 train_time:1767270ms step_avg:598.26ms
step:2965/3200 train_loss:3.2232 train_time:1767865ms step_avg:598.26ms
step:2966/3200 train_loss:3.4296 train_time:1768464ms step_avg:598.26ms
step:2967/3200 train_loss:3.1187 train_time:1769057ms step_avg:598.26ms
step:2968/3200 train_loss:3.7762 train_time:1769654ms step_avg:598.26ms
step:2969/3200 train_loss:3.3253 train_time:1770252ms step_avg:598.26ms
step:2970/3200 train_loss:3.2417 train_time:1770849ms step_avg:598.26ms
step:2971/3200 train_loss:3.4669 train_time:1771446ms step_avg:598.26ms
step:2972/3200 train_loss:3.4290 train_time:1772039ms step_avg:598.26ms
step:2973/3200 train_loss:3.1891 train_time:1772643ms step_avg:598.26ms
step:2974/3200 train_loss:3.2858 train_time:1773234ms step_avg:598.26ms
step:2975/3200 train_loss:3.1600 train_time:1773827ms step_avg:598.26ms
step:2976/3200 train_loss:3.2278 train_time:1774430ms step_avg:598.26ms
step:2977/3200 train_loss:3.0030 train_time:1775025ms step_avg:598.26ms
step:2978/3200 train_loss:3.5321 train_time:1775620ms step_avg:598.25ms
step:2979/3200 train_loss:3.3241 train_time:1776217ms step_avg:598.25ms
step:2980/3200 train_loss:3.4759 train_time:1776816ms step_avg:598.25ms
step:2981/3200 train_loss:3.3211 train_time:1777411ms step_avg:598.25ms
step:2982/3200 train_loss:3.4263 train_time:1778006ms step_avg:598.25ms
step:2983/3200 train_loss:3.3799 train_time:1778604ms step_avg:598.25ms
step:2984/3200 train_loss:3.2397 train_time:1779198ms step_avg:598.25ms
step:2985/3200 train_loss:3.2953 train_time:1779793ms step_avg:598.25ms
step:2986/3200 train_loss:3.3852 train_time:1780389ms step_avg:598.25ms
step:2987/3200 train_loss:3.3117 train_time:1780985ms step_avg:598.25ms
step:2988/3200 train_loss:3.5604 train_time:1781583ms step_avg:598.25ms
step:2989/3200 train_loss:3.1471 train_time:1782178ms step_avg:598.25ms
step:2990/3200 train_loss:3.3886 train_time:1782775ms step_avg:598.25ms
step:2991/3200 train_loss:3.3322 train_time:1783371ms step_avg:598.25ms
step:2992/3200 train_loss:3.3698 train_time:1783967ms step_avg:598.25ms
step:2993/3200 train_loss:3.2704 train_time:1784563ms step_avg:598.24ms
step:2994/3200 train_loss:3.4800 train_time:1785166ms step_avg:598.25ms
step:2995/3200 train_loss:3.1941 train_time:1785755ms step_avg:598.24ms
step:2996/3200 train_loss:3.1858 train_time:1786352ms step_avg:598.24ms
step:2997/3200 train_loss:3.2204 train_time:1786947ms step_avg:598.24ms
step:2998/3200 train_loss:3.2532 train_time:1787555ms step_avg:598.24ms
step:2999/3200 train_loss:3.3793 train_time:1788142ms step_avg:598.24ms
step:3000/3200 train_loss:3.1775 train_time:1788743ms step_avg:598.24ms
step:3000/3200 val_loss:3.2958 train_time:1789113ms step_avg:598.37ms
step:3001/3200 train_loss:3.2954 train_time:1789354ms step_avg:598.25ms
step:3002/3200 train_loss:3.1380 train_time:1789945ms step_avg:598.24ms
step:3003/3200 train_loss:3.2532 train_time:1790544ms step_avg:598.24ms
step:3004/3200 train_loss:3.3131 train_time:1791142ms step_avg:598.24ms
step:3005/3200 train_loss:4.0588 train_time:1791733ms step_avg:598.24ms
step:3006/3200 train_loss:3.1743 train_time:1792318ms step_avg:598.24ms
step:3007/3200 train_loss:3.3416 train_time:1792917ms step_avg:598.24ms
step:3008/3200 train_loss:3.1024 train_time:1793519ms step_avg:598.24ms
step:3009/3200 train_loss:3.4404 train_time:1794110ms step_avg:598.24ms
step:3010/3200 train_loss:3.4119 train_time:1794711ms step_avg:598.24ms
step:3011/3200 train_loss:3.4214 train_time:1795305ms step_avg:598.24ms
step:3012/3200 train_loss:3.3550 train_time:1795907ms step_avg:598.24ms
step:3013/3200 train_loss:3.1665 train_time:1796504ms step_avg:598.24ms
step:3014/3200 train_loss:3.2918 train_time:1797097ms step_avg:598.23ms
step:3015/3200 train_loss:3.3790 train_time:1797697ms step_avg:598.24ms
step:3016/3200 train_loss:3.1344 train_time:1798291ms step_avg:598.23ms
step:3017/3200 train_loss:3.2272 train_time:1798886ms step_avg:598.23ms
step:3018/3200 train_loss:3.3614 train_time:1799493ms step_avg:598.24ms
step:3019/3200 train_loss:3.4701 train_time:1800084ms step_avg:598.23ms
step:3020/3200 train_loss:3.2320 train_time:1800680ms step_avg:598.23ms
step:3021/3200 train_loss:3.5470 train_time:1801271ms step_avg:598.23ms
step:3022/3200 train_loss:3.2704 train_time:1801873ms step_avg:598.23ms
step:3023/3200 train_loss:3.1443 train_time:1802468ms step_avg:598.23ms
step:3024/3200 train_loss:3.3271 train_time:1803066ms step_avg:598.23ms
step:3025/3200 train_loss:3.4478 train_time:1803666ms step_avg:598.23ms
step:3026/3200 train_loss:3.2828 train_time:1804265ms step_avg:598.23ms
step:3027/3200 train_loss:3.3607 train_time:1804862ms step_avg:598.23ms
step:3028/3200 train_loss:3.1916 train_time:1805451ms step_avg:598.23ms
step:3029/3200 train_loss:3.0355 train_time:1806057ms step_avg:598.23ms
step:3030/3200 train_loss:3.3788 train_time:1806652ms step_avg:598.23ms
step:3031/3200 train_loss:3.2019 train_time:1807251ms step_avg:598.23ms
step:3032/3200 train_loss:3.0270 train_time:1807844ms step_avg:598.23ms
step:3033/3200 train_loss:3.4254 train_time:1808439ms step_avg:598.23ms
step:3034/3200 train_loss:3.5433 train_time:1809035ms step_avg:598.23ms
step:3035/3200 train_loss:3.2248 train_time:1809634ms step_avg:598.23ms
step:3036/3200 train_loss:3.2796 train_time:1810235ms step_avg:598.23ms
step:3037/3200 train_loss:3.2645 train_time:1810826ms step_avg:598.22ms
step:3038/3200 train_loss:3.1573 train_time:1811427ms step_avg:598.23ms
step:3039/3200 train_loss:3.3343 train_time:1812024ms step_avg:598.23ms
step:3040/3200 train_loss:3.3843 train_time:1812788ms step_avg:598.28ms
step:3041/3200 train_loss:3.3812 train_time:1813376ms step_avg:598.28ms
step:3042/3200 train_loss:2.9189 train_time:1813972ms step_avg:598.28ms
step:3043/3200 train_loss:3.3069 train_time:1814567ms step_avg:598.27ms
step:3044/3200 train_loss:3.2793 train_time:1815171ms step_avg:598.28ms
step:3045/3200 train_loss:3.3258 train_time:1815767ms step_avg:598.28ms
step:3046/3200 train_loss:3.4569 train_time:1816362ms step_avg:598.27ms
step:3047/3200 train_loss:3.2347 train_time:1816957ms step_avg:598.27ms
step:3048/3200 train_loss:3.3205 train_time:1817553ms step_avg:598.27ms
step:3049/3200 train_loss:3.3405 train_time:1818149ms step_avg:598.27ms
step:3050/3200 train_loss:3.2861 train_time:1818747ms step_avg:598.27ms
step:3051/3200 train_loss:3.3267 train_time:1819348ms step_avg:598.27ms
step:3052/3200 train_loss:3.2011 train_time:1819943ms step_avg:598.27ms
step:3053/3200 train_loss:3.2293 train_time:1820540ms step_avg:598.27ms
step:3054/3200 train_loss:3.4782 train_time:1821134ms step_avg:598.27ms
step:3055/3200 train_loss:3.4077 train_time:1821729ms step_avg:598.27ms
step:3056/3200 train_loss:3.3876 train_time:1822325ms step_avg:598.27ms
step:3057/3200 train_loss:3.2178 train_time:1822921ms step_avg:598.27ms
step:3058/3200 train_loss:3.2188 train_time:1823515ms step_avg:598.27ms
step:3059/3200 train_loss:3.4223 train_time:1824111ms step_avg:598.27ms
step:3060/3200 train_loss:3.2154 train_time:1824705ms step_avg:598.26ms
step:3061/3200 train_loss:3.3454 train_time:1825303ms step_avg:598.26ms
step:3062/3200 train_loss:3.3740 train_time:1825898ms step_avg:598.26ms
step:3063/3200 train_loss:3.2692 train_time:1826496ms step_avg:598.26ms
step:3064/3200 train_loss:3.2980 train_time:1827090ms step_avg:598.26ms
step:3065/3200 train_loss:3.3321 train_time:1827709ms step_avg:598.27ms
step:3066/3200 train_loss:3.2476 train_time:1828304ms step_avg:598.27ms
step:3067/3200 train_loss:3.1298 train_time:1828904ms step_avg:598.27ms
step:3068/3200 train_loss:3.2625 train_time:1829501ms step_avg:598.27ms
step:3069/3200 train_loss:3.2045 train_time:1830096ms step_avg:598.27ms
step:3070/3200 train_loss:3.1717 train_time:1830692ms step_avg:598.27ms
step:3071/3200 train_loss:3.3210 train_time:1831286ms step_avg:598.26ms
step:3072/3200 train_loss:3.3372 train_time:1831884ms step_avg:598.26ms
step:3073/3200 train_loss:3.2182 train_time:1832481ms step_avg:598.26ms
step:3074/3200 train_loss:3.2572 train_time:1833076ms step_avg:598.26ms
step:3075/3200 train_loss:3.2308 train_time:1833672ms step_avg:598.26ms
step:3076/3200 train_loss:3.2354 train_time:1834240ms step_avg:598.25ms
step:3077/3200 train_loss:3.4434 train_time:1834840ms step_avg:598.25ms
step:3078/3200 train_loss:3.1192 train_time:1835437ms step_avg:598.25ms
step:3079/3200 train_loss:4.0729 train_time:1836034ms step_avg:598.25ms
step:3080/3200 train_loss:3.2124 train_time:1836630ms step_avg:598.25ms
step:3081/3200 train_loss:3.3234 train_time:1837233ms step_avg:598.25ms
step:3082/3200 train_loss:3.4555 train_time:1837829ms step_avg:598.25ms
step:3083/3200 train_loss:3.1592 train_time:1838433ms step_avg:598.25ms
step:3084/3200 train_loss:3.2368 train_time:1839028ms step_avg:598.25ms
step:3085/3200 train_loss:3.2380 train_time:1839629ms step_avg:598.25ms
step:3086/3200 train_loss:3.2944 train_time:1840225ms step_avg:598.25ms
step:3087/3200 train_loss:3.2898 train_time:1840820ms step_avg:598.25ms
step:3088/3200 train_loss:3.1197 train_time:1841417ms step_avg:598.25ms
step:3089/3200 train_loss:3.3423 train_time:1842013ms step_avg:598.25ms
step:3090/3200 train_loss:3.2395 train_time:1842610ms step_avg:598.25ms
step:3091/3200 train_loss:3.5198 train_time:1843216ms step_avg:598.25ms
step:3092/3200 train_loss:3.3004 train_time:1843815ms step_avg:598.25ms
step:3093/3200 train_loss:3.2294 train_time:1844409ms step_avg:598.25ms
step:3094/3200 train_loss:3.2881 train_time:1845010ms step_avg:598.25ms
step:3095/3200 train_loss:3.2162 train_time:1845602ms step_avg:598.25ms
step:3096/3200 train_loss:3.2385 train_time:1846198ms step_avg:598.25ms
step:3097/3200 train_loss:3.7100 train_time:1846793ms step_avg:598.25ms
step:3098/3200 train_loss:3.2516 train_time:1847389ms step_avg:598.25ms
step:3099/3200 train_loss:3.3190 train_time:1847990ms step_avg:598.25ms
step:3100/3200 train_loss:3.3676 train_time:1848587ms step_avg:598.25ms
step:3101/3200 train_loss:3.3045 train_time:1849181ms step_avg:598.25ms
step:3102/3200 train_loss:3.3792 train_time:1849783ms step_avg:598.25ms
step:3103/3200 train_loss:3.2470 train_time:1850376ms step_avg:598.25ms
step:3104/3200 train_loss:3.7715 train_time:1850973ms step_avg:598.25ms
step:3105/3200 train_loss:3.4274 train_time:1851577ms step_avg:598.25ms
step:3106/3200 train_loss:2.9289 train_time:1852176ms step_avg:598.25ms
step:3107/3200 train_loss:3.1910 train_time:1852760ms step_avg:598.24ms
step:3108/3200 train_loss:3.0378 train_time:1853357ms step_avg:598.24ms
step:3109/3200 train_loss:3.4793 train_time:1853952ms step_avg:598.24ms
step:3110/3200 train_loss:3.2949 train_time:1854554ms step_avg:598.24ms
step:3111/3200 train_loss:3.4526 train_time:1855151ms step_avg:598.24ms
step:3112/3200 train_loss:3.2866 train_time:1855744ms step_avg:598.24ms
step:3113/3200 train_loss:3.3988 train_time:1856348ms step_avg:598.24ms
step:3114/3200 train_loss:3.3880 train_time:1856944ms step_avg:598.24ms
step:3115/3200 train_loss:3.2973 train_time:1857547ms step_avg:598.24ms
step:3116/3200 train_loss:3.1981 train_time:1858141ms step_avg:598.24ms
step:3117/3200 train_loss:3.1932 train_time:1858735ms step_avg:598.24ms
step:3118/3200 train_loss:3.2934 train_time:1859340ms step_avg:598.24ms
step:3119/3200 train_loss:3.7026 train_time:1859935ms step_avg:598.24ms
step:3120/3200 train_loss:3.3008 train_time:1860537ms step_avg:598.24ms
step:3121/3200 train_loss:3.2090 train_time:1861134ms step_avg:598.24ms
step:3122/3200 train_loss:3.3852 train_time:1861729ms step_avg:598.24ms
step:3123/3200 train_loss:3.4143 train_time:1862324ms step_avg:598.24ms
step:3124/3200 train_loss:3.4113 train_time:1862938ms step_avg:598.25ms
step:3125/3200 train_loss:3.1356 train_time:1863537ms step_avg:598.25ms
step:3125/3200 val_loss:3.2812 train_time:1863913ms step_avg:598.37ms
step:3126/3200 train_loss:3.2883 train_time:1864136ms step_avg:598.25ms
step:3127/3200 train_loss:3.2739 train_time:1864728ms step_avg:598.24ms
step:3128/3200 train_loss:3.3755 train_time:1865323ms step_avg:598.24ms
step:3129/3200 train_loss:3.3177 train_time:1865919ms step_avg:598.24ms
step:3130/3200 train_loss:3.0825 train_time:1866524ms step_avg:598.24ms
step:3131/3200 train_loss:3.1521 train_time:1867122ms step_avg:598.24ms
step:3132/3200 train_loss:3.3165 train_time:1867717ms step_avg:598.24ms
step:3133/3200 train_loss:3.3394 train_time:1868313ms step_avg:598.24ms
step:3134/3200 train_loss:3.1332 train_time:1868908ms step_avg:598.24ms
step:3135/3200 train_loss:3.3305 train_time:1869507ms step_avg:598.24ms
step:3136/3200 train_loss:3.1261 train_time:1870110ms step_avg:598.24ms
step:3137/3200 train_loss:3.4963 train_time:1870705ms step_avg:598.24ms
step:3138/3200 train_loss:3.7199 train_time:1871301ms step_avg:598.24ms
step:3139/3200 train_loss:3.5572 train_time:1871901ms step_avg:598.24ms
step:3140/3200 train_loss:3.2465 train_time:1872500ms step_avg:598.24ms
step:3141/3200 train_loss:3.2957 train_time:1873100ms step_avg:598.24ms
step:3142/3200 train_loss:3.2099 train_time:1873698ms step_avg:598.24ms
step:3143/3200 train_loss:3.4029 train_time:1874296ms step_avg:598.24ms
step:3144/3200 train_loss:3.1109 train_time:1874896ms step_avg:598.24ms
step:3145/3200 train_loss:3.3316 train_time:1875486ms step_avg:598.24ms
step:3146/3200 train_loss:3.4637 train_time:1876092ms step_avg:598.24ms
step:3147/3200 train_loss:3.2529 train_time:1876686ms step_avg:598.24ms
step:3148/3200 train_loss:3.4623 train_time:1877284ms step_avg:598.24ms
step:3149/3200 train_loss:3.8711 train_time:1877886ms step_avg:598.24ms
step:3150/3200 train_loss:3.1859 train_time:1878479ms step_avg:598.24ms
step:3151/3200 train_loss:3.2771 train_time:1879077ms step_avg:598.24ms
step:3152/3200 train_loss:3.4273 train_time:1879672ms step_avg:598.24ms
step:3153/3200 train_loss:3.2004 train_time:1880267ms step_avg:598.24ms
step:3154/3200 train_loss:3.3439 train_time:1880863ms step_avg:598.24ms
step:3155/3200 train_loss:3.1133 train_time:1881459ms step_avg:598.24ms
step:3156/3200 train_loss:3.2164 train_time:1882059ms step_avg:598.24ms
step:3157/3200 train_loss:3.3265 train_time:1882654ms step_avg:598.24ms
step:3158/3200 train_loss:3.3783 train_time:1883257ms step_avg:598.24ms
step:3159/3200 train_loss:3.2747 train_time:1883854ms step_avg:598.24ms
step:3160/3200 train_loss:3.2226 train_time:1884449ms step_avg:598.24ms
step:3161/3200 train_loss:3.3479 train_time:1885046ms step_avg:598.24ms
step:3162/3200 train_loss:3.5840 train_time:1885649ms step_avg:598.24ms
step:3163/3200 train_loss:3.4958 train_time:1886241ms step_avg:598.24ms
step:3164/3200 train_loss:3.3685 train_time:1886847ms step_avg:598.24ms
step:3165/3200 train_loss:3.3411 train_time:1887441ms step_avg:598.24ms
step:3166/3200 train_loss:3.2969 train_time:1888036ms step_avg:598.24ms
step:3167/3200 train_loss:3.1646 train_time:1888632ms step_avg:598.24ms
step:3168/3200 train_loss:3.0853 train_time:1889226ms step_avg:598.24ms
step:3169/3200 train_loss:3.1092 train_time:1889822ms step_avg:598.23ms
step:3170/3200 train_loss:3.2973 train_time:1890418ms step_avg:598.23ms
step:3171/3200 train_loss:3.0434 train_time:1891014ms step_avg:598.23ms
step:3172/3200 train_loss:3.2498 train_time:1891613ms step_avg:598.23ms
step:3173/3200 train_loss:3.4077 train_time:1892206ms step_avg:598.23ms
step:3174/3200 train_loss:3.2988 train_time:1892806ms step_avg:598.23ms
step:3175/3200 train_loss:3.3217 train_time:1893405ms step_avg:598.23ms
step:3176/3200 train_loss:3.3258 train_time:1894002ms step_avg:598.23ms
step:3177/3200 train_loss:3.1675 train_time:1894602ms step_avg:598.23ms
step:3178/3200 train_loss:3.2820 train_time:1895203ms step_avg:598.23ms
step:3179/3200 train_loss:3.5171 train_time:1895796ms step_avg:598.23ms
step:3180/3200 train_loss:3.2778 train_time:1896384ms step_avg:598.23ms
step:3181/3200 train_loss:3.2545 train_time:1896981ms step_avg:598.23ms
step:3182/3200 train_loss:3.2259 train_time:1897579ms step_avg:598.23ms
step:3183/3200 train_loss:3.4025 train_time:1898176ms step_avg:598.23ms
step:3184/3200 train_loss:3.3476 train_time:1898771ms step_avg:598.23ms
step:3185/3200 train_loss:3.2457 train_time:1899372ms step_avg:598.23ms
step:3186/3200 train_loss:3.4469 train_time:1899965ms step_avg:598.23ms
step:3187/3200 train_loss:3.3782 train_time:1900562ms step_avg:598.23ms
step:3188/3200 train_loss:3.1875 train_time:1901161ms step_avg:598.23ms
step:3189/3200 train_loss:3.3223 train_time:1901755ms step_avg:598.22ms
step:3190/3200 train_loss:3.2661 train_time:1902354ms step_avg:598.22ms
step:3191/3200 train_loss:3.2080 train_time:1902958ms step_avg:598.23ms
step:3192/3200 train_loss:3.2356 train_time:1903553ms step_avg:598.23ms
step:3193/3200 train_loss:3.1814 train_time:1904151ms step_avg:598.23ms
step:3194/3200 train_loss:3.9023 train_time:1904755ms step_avg:598.23ms
step:3195/3200 train_loss:3.2969 train_time:1905347ms step_avg:598.23ms
step:3196/3200 train_loss:3.0844 train_time:1905944ms step_avg:598.22ms
step:3197/3200 train_loss:3.2614 train_time:1906542ms step_avg:598.22ms
step:3198/3200 train_loss:3.0539 train_time:1907145ms step_avg:598.23ms
step:3199/3200 train_loss:3.1102 train_time:1907741ms step_avg:598.23ms
step:3200/3200 train_loss:3.0775 train_time:1908341ms step_avg:598.23ms
step:3200/3200 val_loss:3.2769 train_time:1908719ms step_avg:598.34ms
peak memory consumption: 45340 MiB
