W0524 21:25:35.024000 56 site-packages/torch/distributed/run.py:766] 
W0524 21:25:35.024000 56 site-packages/torch/distributed/run.py:766] *****************************************
W0524 21:25:35.024000 56 site-packages/torch/distributed/run.py:766] Setting OMP_NUM_THREADS environment variable for each process to be 1 in default, to avoid your system being overloaded, please further tune the variable for optimal performance in your application as needed. 
W0524 21:25:35.024000 56 site-packages/torch/distributed/run.py:766] *****************************************
/root/miniconda3/envs/llm_test/lib/python3.10/site-packages/torch/autograd/__init__.py:221: UserWarning: Cannot create tensor with interal format while allow_internel_format=False, tensor will be created with base format. (Triggered internally at build/CMakeFiles/torch_npu.dir/compiler_depend.ts:338.)
  torch.ones_like(out, memory_format=torch.preserve_format)
/root/miniconda3/envs/llm_test/lib/python3.10/site-packages/torch/autograd/__init__.py:221: UserWarning: Cannot create tensor with interal format while allow_internel_format=False, tensor will be created with base format. (Triggered internally at build/CMakeFiles/torch_npu.dir/compiler_depend.ts:338.)
  torch.ones_like(out, memory_format=torch.preserve_format)
/root/miniconda3/envs/llm_test/lib/python3.10/site-packages/torch/autograd/__init__.py:221: UserWarning: Cannot create tensor with interal format while allow_internel_format=False, tensor will be created with base format. (Triggered internally at build/CMakeFiles/torch_npu.dir/compiler_depend.ts:338.)
  torch.ones_like(out, memory_format=torch.preserve_format)
/root/miniconda3/envs/llm_test/lib/python3.10/site-packages/torch/autograd/__init__.py:221: UserWarning: Cannot create tensor with interal format while allow_internel_format=False, tensor will be created with base format. (Triggered internally at build/CMakeFiles/torch_npu.dir/compiler_depend.ts:338.)
  torch.ones_like(out, memory_format=torch.preserve_format)
using device: npu:0
/root/miniconda3/envs/llm_test/lib/python3.10/site-packages/torch/autograd/__init__.py:221: UserWarning: Cannot create tensor with interal format while allow_internel_format=False, tensor will be created with base format. (Triggered internally at build/CMakeFiles/torch_npu.dir/compiler_depend.ts:338.)
  torch.ones_like(out, memory_format=torch.preserve_format)
/root/miniconda3/envs/llm_test/lib/python3.10/site-packages/torch/autograd/__init__.py:221: UserWarning: Cannot create tensor with interal format while allow_internel_format=False, tensor will be created with base format. (Triggered internally at build/CMakeFiles/torch_npu.dir/compiler_depend.ts:338.)
  torch.ones_like(out, memory_format=torch.preserve_format)
/root/miniconda3/envs/llm_test/lib/python3.10/site-packages/torch/autograd/__init__.py:221: UserWarning: Cannot create tensor with interal format while allow_internel_format=False, tensor will be created with base format. (Triggered internally at build/CMakeFiles/torch_npu.dir/compiler_depend.ts:338.)
  torch.ones_like(out, memory_format=torch.preserve_format)
/root/miniconda3/envs/llm_test/lib/python3.10/site-packages/torch/autograd/__init__.py:221: UserWarning: Cannot create tensor with interal format while allow_internel_format=False, tensor will be created with base format. (Triggered internally at build/CMakeFiles/torch_npu.dir/compiler_depend.ts:338.)
  torch.ones_like(out, memory_format=torch.preserve_format)
/root/miniconda3/envs/llm_test/lib/python3.10/site-packages/torch/autograd/__init__.py:221: UserWarning: Cannot create tensor with interal format while allow_internel_format=False, tensor will be created with base format. (Triggered internally at build/CMakeFiles/torch_npu.dir/compiler_depend.ts:338.)
  torch.ones_like(out, memory_format=torch.preserve_format)
/root/miniconda3/envs/llm_test/lib/python3.10/site-packages/torch/autograd/__init__.py:221: UserWarning: Cannot create tensor with interal format while allow_internel_format=False, tensor will be created with base format. (Triggered internally at build/CMakeFiles/torch_npu.dir/compiler_depend.ts:338.)
  torch.ones_like(out, memory_format=torch.preserve_format)
/root/miniconda3/envs/llm_test/lib/python3.10/site-packages/torch/autograd/__init__.py:221: UserWarning: Cannot create tensor with interal format while allow_internel_format=False, tensor will be created with base format. (Triggered internally at build/CMakeFiles/torch_npu.dir/compiler_depend.ts:338.)
  torch.ones_like(out, memory_format=torch.preserve_format)
/root/miniconda3/envs/llm_test/lib/python3.10/site-packages/torch/autograd/__init__.py:221: UserWarning: Cannot create tensor with interal format while allow_internel_format=False, tensor will be created with base format. (Triggered internally at build/CMakeFiles/torch_npu.dir/compiler_depend.ts:338.)
  torch.ones_like(out, memory_format=torch.preserve_format)
/root/miniconda3/envs/llm_test/lib/python3.10/site-packages/torch/autograd/__init__.py:221: UserWarning: Cannot create tensor with interal format while allow_internel_format=False, tensor will be created with base format. (Triggered internally at build/CMakeFiles/torch_npu.dir/compiler_depend.ts:338.)
  torch.ones_like(out, memory_format=torch.preserve_format)
/root/miniconda3/envs/llm_test/lib/python3.10/site-packages/torch/autograd/__init__.py:221: UserWarning: Cannot create tensor with interal format while allow_internel_format=False, tensor will be created with base format. (Triggered internally at build/CMakeFiles/torch_npu.dir/compiler_depend.ts:338.)
  torch.ones_like(out, memory_format=torch.preserve_format)
/root/miniconda3/envs/llm_test/lib/python3.10/site-packages/torch/autograd/__init__.py:221: UserWarning: Cannot create tensor with interal format while allow_internel_format=False, tensor will be created with base format. (Triggered internally at build/CMakeFiles/torch_npu.dir/compiler_depend.ts:338.)
  torch.ones_like(out, memory_format=torch.preserve_format)
/root/miniconda3/envs/llm_test/lib/python3.10/site-packages/torch/autograd/__init__.py:221: UserWarning: Cannot create tensor with interal format while allow_internel_format=False, tensor will be created with base format. (Triggered internally at build/CMakeFiles/torch_npu.dir/compiler_depend.ts:338.)
  torch.ones_like(out, memory_format=torch.preserve_format)
using device: npu:3
using device: npu:7
using device: npu:9
using device: npu:12
using device: npu:8
using device: npu:5
using device: npu:13
Training DataLoader: total number of tokens: 10255324043 across 103 files
Validation DataLoader: total number of tokens: 100000000 across 1 files
using device: npu:11
using device: npu:10
using device: npu:15
using device: npu:6
using device: npu:2
using device: npu:4
using device: npu:14
using device: npu:1
step:0/3200 val_loss:10.8258 train_time:288ms step_avg:nanms
step:1/3200 train_loss:10.8258 train_time:3089ms step_avg:nanms
step:2/3200 train_loss:10.4312 train_time:3825ms step_avg:nanms
step:3/3200 train_loss:9.9250 train_time:4463ms step_avg:nanms
step:4/3200 train_loss:9.0232 train_time:5054ms step_avg:nanms
step:5/3200 train_loss:8.1060 train_time:5651ms step_avg:nanms
step:6/3200 train_loss:7.5651 train_time:6250ms step_avg:nanms
step:7/3200 train_loss:7.0772 train_time:6846ms step_avg:nanms
step:8/3200 train_loss:7.0109 train_time:7443ms step_avg:nanms
step:9/3200 train_loss:7.0378 train_time:8043ms step_avg:nanms
step:10/3200 train_loss:6.8150 train_time:8637ms step_avg:nanms
step:11/3200 train_loss:6.7630 train_time:224ms step_avg:nanms
step:12/3200 train_loss:6.5551 train_time:825ms step_avg:nanms
step:13/3200 train_loss:6.6570 train_time:1423ms step_avg:474.34ms
step:14/3200 train_loss:6.4351 train_time:2023ms step_avg:505.80ms
step:15/3200 train_loss:6.3704 train_time:2621ms step_avg:524.30ms
step:16/3200 train_loss:6.3071 train_time:3220ms step_avg:536.66ms
step:17/3200 train_loss:6.4849 train_time:3824ms step_avg:546.33ms
step:18/3200 train_loss:6.4948 train_time:4411ms step_avg:551.41ms
step:19/3200 train_loss:6.3769 train_time:5007ms step_avg:556.31ms
step:20/3200 train_loss:6.4448 train_time:5605ms step_avg:560.52ms
step:21/3200 train_loss:6.1729 train_time:6205ms step_avg:564.10ms
step:22/3200 train_loss:6.2629 train_time:6798ms step_avg:566.54ms
step:23/3200 train_loss:6.7993 train_time:7398ms step_avg:569.09ms
step:24/3200 train_loss:6.2096 train_time:7997ms step_avg:571.18ms
step:25/3200 train_loss:6.6476 train_time:8591ms step_avg:572.72ms
step:26/3200 train_loss:6.0890 train_time:9188ms step_avg:574.25ms
step:27/3200 train_loss:5.9802 train_time:9787ms step_avg:575.70ms
step:28/3200 train_loss:6.3393 train_time:10381ms step_avg:576.73ms
step:29/3200 train_loss:5.7175 train_time:10977ms step_avg:577.74ms
step:30/3200 train_loss:6.0748 train_time:11571ms step_avg:578.57ms
step:31/3200 train_loss:6.0836 train_time:12168ms step_avg:579.41ms
step:32/3200 train_loss:5.7782 train_time:12764ms step_avg:580.20ms
step:33/3200 train_loss:5.9222 train_time:13364ms step_avg:581.03ms
step:34/3200 train_loss:6.0544 train_time:13963ms step_avg:581.78ms
step:35/3200 train_loss:6.1022 train_time:14560ms step_avg:582.38ms
step:36/3200 train_loss:6.1087 train_time:15161ms step_avg:583.10ms
step:37/3200 train_loss:5.9758 train_time:15756ms step_avg:583.57ms
step:38/3200 train_loss:6.0331 train_time:16354ms step_avg:584.07ms
step:39/3200 train_loss:5.7290 train_time:16951ms step_avg:584.52ms
step:40/3200 train_loss:5.8187 train_time:17548ms step_avg:584.93ms
step:41/3200 train_loss:5.7049 train_time:18142ms step_avg:585.24ms
step:42/3200 train_loss:5.8052 train_time:18739ms step_avg:585.60ms
step:43/3200 train_loss:5.4192 train_time:19339ms step_avg:586.05ms
step:44/3200 train_loss:5.8382 train_time:19937ms step_avg:586.38ms
step:45/3200 train_loss:5.7362 train_time:20536ms step_avg:586.74ms
step:46/3200 train_loss:5.7247 train_time:21141ms step_avg:587.25ms
step:47/3200 train_loss:5.6659 train_time:21737ms step_avg:587.48ms
step:48/3200 train_loss:5.5075 train_time:22334ms step_avg:587.75ms
step:49/3200 train_loss:5.6543 train_time:22930ms step_avg:587.95ms
step:50/3200 train_loss:5.4297 train_time:23526ms step_avg:588.15ms
step:51/3200 train_loss:5.6710 train_time:24131ms step_avg:588.57ms
step:52/3200 train_loss:5.6325 train_time:24723ms step_avg:588.64ms
step:53/3200 train_loss:5.5111 train_time:25318ms step_avg:588.79ms
step:54/3200 train_loss:5.5097 train_time:25916ms step_avg:588.99ms
step:55/3200 train_loss:5.4537 train_time:26514ms step_avg:589.20ms
step:56/3200 train_loss:5.7892 train_time:27122ms step_avg:589.62ms
step:57/3200 train_loss:5.5354 train_time:27720ms step_avg:589.79ms
step:58/3200 train_loss:5.3021 train_time:28318ms step_avg:589.95ms
step:59/3200 train_loss:5.5532 train_time:28920ms step_avg:590.21ms
step:60/3200 train_loss:5.4133 train_time:29519ms step_avg:590.38ms
step:61/3200 train_loss:5.6187 train_time:30116ms step_avg:590.51ms
step:62/3200 train_loss:5.2520 train_time:30714ms step_avg:590.65ms
step:63/3200 train_loss:5.4618 train_time:31310ms step_avg:590.75ms
step:64/3200 train_loss:5.4119 train_time:31908ms step_avg:590.88ms
step:65/3200 train_loss:4.9791 train_time:32504ms step_avg:590.98ms
step:66/3200 train_loss:5.3171 train_time:33098ms step_avg:591.04ms
step:67/3200 train_loss:5.4409 train_time:33698ms step_avg:591.19ms
step:68/3200 train_loss:5.2341 train_time:34296ms step_avg:591.31ms
step:69/3200 train_loss:5.5522 train_time:34898ms step_avg:591.48ms
step:70/3200 train_loss:5.0595 train_time:35498ms step_avg:591.64ms
step:71/3200 train_loss:5.1962 train_time:36098ms step_avg:591.77ms
step:72/3200 train_loss:5.1550 train_time:36694ms step_avg:591.84ms
step:73/3200 train_loss:5.3130 train_time:37297ms step_avg:592.02ms
step:74/3200 train_loss:5.0623 train_time:37894ms step_avg:592.10ms
step:75/3200 train_loss:5.5114 train_time:38492ms step_avg:592.19ms
step:76/3200 train_loss:5.2446 train_time:39088ms step_avg:592.24ms
step:77/3200 train_loss:5.2219 train_time:39688ms step_avg:592.36ms
step:78/3200 train_loss:5.3559 train_time:40291ms step_avg:592.51ms
step:79/3200 train_loss:4.9588 train_time:40890ms step_avg:592.60ms
step:80/3200 train_loss:5.2402 train_time:41491ms step_avg:592.73ms
step:81/3200 train_loss:5.2027 train_time:42085ms step_avg:592.75ms
step:82/3200 train_loss:5.0312 train_time:42684ms step_avg:592.83ms
step:83/3200 train_loss:5.1341 train_time:43282ms step_avg:592.90ms
step:84/3200 train_loss:5.1233 train_time:43883ms step_avg:593.01ms
step:85/3200 train_loss:4.9759 train_time:44486ms step_avg:593.15ms
step:86/3200 train_loss:5.0180 train_time:45087ms step_avg:593.25ms
step:87/3200 train_loss:5.2520 train_time:45680ms step_avg:593.25ms
step:88/3200 train_loss:5.0758 train_time:46277ms step_avg:593.29ms
step:89/3200 train_loss:5.1660 train_time:46874ms step_avg:593.35ms
step:90/3200 train_loss:5.2502 train_time:47476ms step_avg:593.45ms
step:91/3200 train_loss:4.9976 train_time:48072ms step_avg:593.48ms
step:92/3200 train_loss:5.1655 train_time:48672ms step_avg:593.56ms
step:93/3200 train_loss:5.2578 train_time:49273ms step_avg:593.66ms
step:94/3200 train_loss:4.9720 train_time:49875ms step_avg:593.76ms
step:95/3200 train_loss:4.9859 train_time:50468ms step_avg:593.74ms
step:96/3200 train_loss:4.9987 train_time:51067ms step_avg:593.80ms
step:97/3200 train_loss:4.9873 train_time:51661ms step_avg:593.81ms
step:98/3200 train_loss:5.0223 train_time:52260ms step_avg:593.87ms
step:99/3200 train_loss:4.9066 train_time:52862ms step_avg:593.95ms
step:100/3200 train_loss:4.9565 train_time:53458ms step_avg:593.98ms
step:101/3200 train_loss:4.9666 train_time:54055ms step_avg:594.01ms
step:102/3200 train_loss:4.9849 train_time:54652ms step_avg:594.04ms
step:103/3200 train_loss:4.9658 train_time:55249ms step_avg:594.07ms
step:104/3200 train_loss:4.8459 train_time:55847ms step_avg:594.12ms
step:105/3200 train_loss:4.7700 train_time:56443ms step_avg:594.13ms
step:106/3200 train_loss:4.9133 train_time:57040ms step_avg:594.17ms
step:107/3200 train_loss:4.7343 train_time:57634ms step_avg:594.17ms
step:108/3200 train_loss:4.8657 train_time:58231ms step_avg:594.19ms
step:109/3200 train_loss:4.7735 train_time:58827ms step_avg:594.21ms
step:110/3200 train_loss:4.8869 train_time:59427ms step_avg:594.27ms
step:111/3200 train_loss:4.8057 train_time:60022ms step_avg:594.27ms
step:112/3200 train_loss:4.8186 train_time:60619ms step_avg:594.30ms
step:113/3200 train_loss:4.9645 train_time:61214ms step_avg:594.32ms
step:114/3200 train_loss:4.8280 train_time:61816ms step_avg:594.39ms
step:115/3200 train_loss:4.7443 train_time:62406ms step_avg:594.35ms
step:116/3200 train_loss:4.8916 train_time:63005ms step_avg:594.38ms
step:117/3200 train_loss:4.8346 train_time:63600ms step_avg:594.39ms
step:118/3200 train_loss:4.6453 train_time:64199ms step_avg:594.43ms
step:119/3200 train_loss:4.9264 train_time:64799ms step_avg:594.49ms
step:120/3200 train_loss:4.7682 train_time:65392ms step_avg:594.47ms
step:121/3200 train_loss:4.7370 train_time:65991ms step_avg:594.52ms
step:122/3200 train_loss:4.5306 train_time:66589ms step_avg:594.54ms
step:123/3200 train_loss:4.8111 train_time:67183ms step_avg:594.54ms
step:124/3200 train_loss:4.6627 train_time:67779ms step_avg:594.55ms
step:125/3200 train_loss:5.0219 train_time:68379ms step_avg:594.60ms
step:125/3200 val_loss:4.7235 train_time:68757ms step_avg:597.89ms
step:126/3200 train_loss:4.8187 train_time:68978ms step_avg:594.64ms
step:127/3200 train_loss:4.8053 train_time:69571ms step_avg:594.62ms
step:128/3200 train_loss:4.7296 train_time:70172ms step_avg:594.68ms
step:129/3200 train_loss:4.7312 train_time:70766ms step_avg:594.67ms
step:130/3200 train_loss:5.2072 train_time:71362ms step_avg:594.68ms
step:131/3200 train_loss:4.7389 train_time:71959ms step_avg:594.70ms
step:132/3200 train_loss:4.4610 train_time:72556ms step_avg:594.72ms
step:133/3200 train_loss:4.5283 train_time:73154ms step_avg:594.75ms
step:134/3200 train_loss:4.6683 train_time:73751ms step_avg:594.76ms
step:135/3200 train_loss:4.5641 train_time:74352ms step_avg:594.82ms
step:136/3200 train_loss:4.6073 train_time:74950ms step_avg:594.84ms
step:137/3200 train_loss:4.4484 train_time:75546ms step_avg:594.85ms
step:138/3200 train_loss:4.6329 train_time:76144ms step_avg:594.88ms
step:139/3200 train_loss:4.5351 train_time:76740ms step_avg:594.88ms
step:140/3200 train_loss:4.6354 train_time:77336ms step_avg:594.89ms
step:141/3200 train_loss:4.9618 train_time:77945ms step_avg:595.00ms
step:142/3200 train_loss:4.6473 train_time:78539ms step_avg:594.99ms
step:143/3200 train_loss:4.5610 train_time:79135ms step_avg:595.00ms
step:144/3200 train_loss:4.6201 train_time:79733ms step_avg:595.02ms
step:145/3200 train_loss:4.5287 train_time:80333ms step_avg:595.06ms
step:146/3200 train_loss:4.4702 train_time:80926ms step_avg:595.05ms
step:147/3200 train_loss:4.3728 train_time:81525ms step_avg:595.07ms
step:148/3200 train_loss:4.5280 train_time:82131ms step_avg:595.15ms
step:149/3200 train_loss:4.5468 train_time:82729ms step_avg:595.17ms
step:150/3200 train_loss:4.6727 train_time:83325ms step_avg:595.18ms
step:151/3200 train_loss:4.6227 train_time:83924ms step_avg:595.20ms
step:152/3200 train_loss:4.4627 train_time:84520ms step_avg:595.21ms
step:153/3200 train_loss:4.4886 train_time:85116ms step_avg:595.22ms
step:154/3200 train_loss:4.5524 train_time:85718ms step_avg:595.26ms
step:155/3200 train_loss:4.7083 train_time:86315ms step_avg:595.27ms
step:156/3200 train_loss:4.4255 train_time:86912ms step_avg:595.29ms
step:157/3200 train_loss:4.5937 train_time:87513ms step_avg:595.33ms
step:158/3200 train_loss:4.6252 train_time:88111ms step_avg:595.34ms
step:159/3200 train_loss:4.4387 train_time:88713ms step_avg:595.39ms
step:160/3200 train_loss:4.5447 train_time:89314ms step_avg:595.43ms
step:161/3200 train_loss:4.3668 train_time:89909ms step_avg:595.43ms
step:162/3200 train_loss:4.5389 train_time:90506ms step_avg:595.44ms
step:163/3200 train_loss:4.5601 train_time:91102ms step_avg:595.43ms
step:164/3200 train_loss:4.4358 train_time:91698ms step_avg:595.44ms
step:165/3200 train_loss:4.3518 train_time:92305ms step_avg:595.51ms
step:166/3200 train_loss:4.3904 train_time:92904ms step_avg:595.54ms
step:167/3200 train_loss:4.5815 train_time:93497ms step_avg:595.53ms
step:168/3200 train_loss:4.2105 train_time:94096ms step_avg:595.55ms
step:169/3200 train_loss:4.6291 train_time:94692ms step_avg:595.54ms
step:170/3200 train_loss:4.2731 train_time:95289ms step_avg:595.56ms
step:171/3200 train_loss:4.2116 train_time:95886ms step_avg:595.57ms
step:172/3200 train_loss:4.3224 train_time:96480ms step_avg:595.56ms
step:173/3200 train_loss:4.3285 train_time:97078ms step_avg:595.57ms
step:174/3200 train_loss:4.3656 train_time:97676ms step_avg:595.58ms
step:175/3200 train_loss:4.5091 train_time:98269ms step_avg:595.57ms
step:176/3200 train_loss:4.4749 train_time:98869ms step_avg:595.59ms
step:177/3200 train_loss:4.2583 train_time:99475ms step_avg:595.66ms
step:178/3200 train_loss:4.2298 train_time:100067ms step_avg:595.64ms
step:179/3200 train_loss:4.2589 train_time:100662ms step_avg:595.63ms
step:180/3200 train_loss:4.2516 train_time:101260ms step_avg:595.65ms
step:181/3200 train_loss:4.2871 train_time:101862ms step_avg:595.68ms
step:182/3200 train_loss:4.2468 train_time:102464ms step_avg:595.72ms
step:183/3200 train_loss:4.2967 train_time:103063ms step_avg:595.74ms
step:184/3200 train_loss:4.2608 train_time:103661ms step_avg:595.76ms
step:185/3200 train_loss:4.2369 train_time:104261ms step_avg:595.78ms
step:186/3200 train_loss:4.5221 train_time:104855ms step_avg:595.77ms
step:187/3200 train_loss:4.3710 train_time:105452ms step_avg:595.78ms
step:188/3200 train_loss:4.4376 train_time:106054ms step_avg:595.81ms
step:189/3200 train_loss:4.2701 train_time:106651ms step_avg:595.81ms
step:190/3200 train_loss:4.2155 train_time:107740ms step_avg:598.56ms
step:191/3200 train_loss:4.3841 train_time:108335ms step_avg:598.54ms
step:192/3200 train_loss:4.2031 train_time:108930ms step_avg:598.52ms
step:193/3200 train_loss:4.1725 train_time:109532ms step_avg:598.53ms
step:194/3200 train_loss:4.4039 train_time:110125ms step_avg:598.50ms
step:195/3200 train_loss:4.2711 train_time:110720ms step_avg:598.49ms
step:196/3200 train_loss:4.6405 train_time:111315ms step_avg:598.47ms
step:197/3200 train_loss:4.3122 train_time:111911ms step_avg:598.45ms
step:198/3200 train_loss:4.0915 train_time:112506ms step_avg:598.44ms
step:199/3200 train_loss:4.2082 train_time:113105ms step_avg:598.44ms
step:200/3200 train_loss:4.1612 train_time:113701ms step_avg:598.43ms
step:201/3200 train_loss:4.2728 train_time:114299ms step_avg:598.42ms
step:202/3200 train_loss:4.1550 train_time:114901ms step_avg:598.44ms
step:203/3200 train_loss:4.3438 train_time:115501ms step_avg:598.45ms
step:204/3200 train_loss:4.2189 train_time:116093ms step_avg:598.42ms
step:205/3200 train_loss:4.4401 train_time:116691ms step_avg:598.42ms
step:206/3200 train_loss:4.2364 train_time:117287ms step_avg:598.40ms
step:207/3200 train_loss:4.1029 train_time:117889ms step_avg:598.42ms
step:208/3200 train_loss:4.2213 train_time:118483ms step_avg:598.40ms
step:209/3200 train_loss:4.2840 train_time:119084ms step_avg:598.41ms
step:210/3200 train_loss:4.3620 train_time:119678ms step_avg:598.39ms
step:211/3200 train_loss:4.2721 train_time:120273ms step_avg:598.37ms
step:212/3200 train_loss:4.2502 train_time:120872ms step_avg:598.37ms
step:213/3200 train_loss:4.2467 train_time:121466ms step_avg:598.35ms
step:214/3200 train_loss:4.0629 train_time:122062ms step_avg:598.34ms
step:215/3200 train_loss:4.2157 train_time:122674ms step_avg:598.41ms
step:216/3200 train_loss:4.0696 train_time:123257ms step_avg:598.33ms
step:217/3200 train_loss:4.0614 train_time:123855ms step_avg:598.33ms
step:218/3200 train_loss:4.1675 train_time:124453ms step_avg:598.33ms
step:219/3200 train_loss:4.1418 train_time:125046ms step_avg:598.30ms
step:220/3200 train_loss:4.1799 train_time:125646ms step_avg:598.31ms
step:221/3200 train_loss:4.1820 train_time:126239ms step_avg:598.29ms
step:222/3200 train_loss:4.1628 train_time:126834ms step_avg:598.28ms
step:223/3200 train_loss:4.0532 train_time:127430ms step_avg:598.26ms
step:224/3200 train_loss:4.1054 train_time:128026ms step_avg:598.25ms
step:225/3200 train_loss:4.3535 train_time:128627ms step_avg:598.26ms
step:226/3200 train_loss:3.9640 train_time:129229ms step_avg:598.28ms
step:227/3200 train_loss:3.9836 train_time:129823ms step_avg:598.26ms
step:228/3200 train_loss:4.0939 train_time:130417ms step_avg:598.24ms
step:229/3200 train_loss:4.2614 train_time:131014ms step_avg:598.24ms
step:230/3200 train_loss:4.0476 train_time:131612ms step_avg:598.24ms
step:231/3200 train_loss:4.1831 train_time:132209ms step_avg:598.23ms
step:232/3200 train_loss:4.1958 train_time:132805ms step_avg:598.22ms
step:233/3200 train_loss:3.9829 train_time:133402ms step_avg:598.21ms
step:234/3200 train_loss:4.2126 train_time:133998ms step_avg:598.21ms
step:235/3200 train_loss:4.0703 train_time:134602ms step_avg:598.23ms
step:236/3200 train_loss:3.7800 train_time:135198ms step_avg:598.22ms
step:237/3200 train_loss:4.1329 train_time:135794ms step_avg:598.21ms
step:238/3200 train_loss:4.1686 train_time:136392ms step_avg:598.21ms
step:239/3200 train_loss:4.0317 train_time:136996ms step_avg:598.24ms
step:240/3200 train_loss:4.2105 train_time:137595ms step_avg:598.24ms
step:241/3200 train_loss:4.1766 train_time:138191ms step_avg:598.23ms
step:242/3200 train_loss:4.0297 train_time:138789ms step_avg:598.23ms
step:243/3200 train_loss:3.9407 train_time:139385ms step_avg:598.22ms
step:244/3200 train_loss:4.1326 train_time:139993ms step_avg:598.26ms
step:245/3200 train_loss:4.1381 train_time:140589ms step_avg:598.25ms
step:246/3200 train_loss:4.3293 train_time:141188ms step_avg:598.26ms
step:247/3200 train_loss:4.3126 train_time:141784ms step_avg:598.25ms
step:248/3200 train_loss:4.1435 train_time:142380ms step_avg:598.24ms
step:249/3200 train_loss:4.1414 train_time:142977ms step_avg:598.23ms
step:250/3200 train_loss:3.9564 train_time:143578ms step_avg:598.24ms
step:250/3200 val_loss:4.0960 train_time:143956ms step_avg:599.82ms
step:251/3200 train_loss:4.0308 train_time:144177ms step_avg:598.24ms
step:252/3200 train_loss:4.1704 train_time:144772ms step_avg:598.23ms
step:253/3200 train_loss:4.0892 train_time:145387ms step_avg:598.30ms
step:254/3200 train_loss:3.8695 train_time:145985ms step_avg:598.30ms
step:255/3200 train_loss:4.0498 train_time:146585ms step_avg:598.31ms
step:256/3200 train_loss:4.0605 train_time:147182ms step_avg:598.30ms
step:257/3200 train_loss:4.1756 train_time:147779ms step_avg:598.29ms
step:258/3200 train_loss:4.0151 train_time:148371ms step_avg:598.27ms
step:259/3200 train_loss:3.9792 train_time:148967ms step_avg:598.26ms
step:260/3200 train_loss:4.1239 train_time:149564ms step_avg:598.26ms
step:261/3200 train_loss:4.1405 train_time:150161ms step_avg:598.25ms
step:262/3200 train_loss:4.1636 train_time:150759ms step_avg:598.25ms
step:263/3200 train_loss:4.0622 train_time:151353ms step_avg:598.23ms
step:264/3200 train_loss:4.0623 train_time:151951ms step_avg:598.23ms
step:265/3200 train_loss:4.0832 train_time:152548ms step_avg:598.23ms
step:266/3200 train_loss:3.8449 train_time:153145ms step_avg:598.22ms
step:267/3200 train_loss:4.0149 train_time:153741ms step_avg:598.21ms
step:268/3200 train_loss:3.8542 train_time:154339ms step_avg:598.21ms
step:269/3200 train_loss:4.0084 train_time:154936ms step_avg:598.21ms
step:270/3200 train_loss:3.9457 train_time:155532ms step_avg:598.20ms
step:271/3200 train_loss:4.1660 train_time:156132ms step_avg:598.21ms
step:272/3200 train_loss:4.0876 train_time:156727ms step_avg:598.20ms
step:273/3200 train_loss:3.9876 train_time:157328ms step_avg:598.21ms
step:274/3200 train_loss:4.0684 train_time:157924ms step_avg:598.20ms
step:275/3200 train_loss:4.1241 train_time:158518ms step_avg:598.18ms
step:276/3200 train_loss:4.1156 train_time:159117ms step_avg:598.18ms
step:277/3200 train_loss:4.0095 train_time:159712ms step_avg:598.17ms
step:278/3200 train_loss:3.8969 train_time:160311ms step_avg:598.17ms
step:279/3200 train_loss:4.1727 train_time:160908ms step_avg:598.17ms
step:280/3200 train_loss:4.0280 train_time:161509ms step_avg:598.18ms
step:281/3200 train_loss:4.4630 train_time:162103ms step_avg:598.16ms
step:282/3200 train_loss:4.0522 train_time:162705ms step_avg:598.18ms
step:283/3200 train_loss:3.8725 train_time:163302ms step_avg:598.18ms
step:284/3200 train_loss:4.0346 train_time:163902ms step_avg:598.18ms
step:285/3200 train_loss:4.0450 train_time:164497ms step_avg:598.17ms
step:286/3200 train_loss:4.1099 train_time:165098ms step_avg:598.18ms
step:287/3200 train_loss:4.2508 train_time:165695ms step_avg:598.18ms
step:288/3200 train_loss:3.9930 train_time:166293ms step_avg:598.18ms
step:289/3200 train_loss:4.1370 train_time:166886ms step_avg:598.16ms
step:290/3200 train_loss:3.9656 train_time:167492ms step_avg:598.18ms
step:291/3200 train_loss:4.0272 train_time:168094ms step_avg:598.20ms
step:292/3200 train_loss:4.0389 train_time:168686ms step_avg:598.18ms
step:293/3200 train_loss:4.0471 train_time:169283ms step_avg:598.17ms
step:294/3200 train_loss:3.9962 train_time:169878ms step_avg:598.16ms
step:295/3200 train_loss:4.0722 train_time:170477ms step_avg:598.16ms
step:296/3200 train_loss:3.9060 train_time:171083ms step_avg:598.19ms
step:297/3200 train_loss:3.9669 train_time:171677ms step_avg:598.18ms
step:298/3200 train_loss:3.9056 train_time:172275ms step_avg:598.18ms
step:299/3200 train_loss:4.0560 train_time:172871ms step_avg:598.17ms
step:300/3200 train_loss:3.9966 train_time:173470ms step_avg:598.17ms
step:301/3200 train_loss:4.1193 train_time:174064ms step_avg:598.16ms
step:302/3200 train_loss:4.0057 train_time:174668ms step_avg:598.18ms
step:303/3200 train_loss:3.9991 train_time:175267ms step_avg:598.18ms
step:304/3200 train_loss:3.9420 train_time:175866ms step_avg:598.18ms
step:305/3200 train_loss:4.0500 train_time:176464ms step_avg:598.18ms
step:306/3200 train_loss:5.0200 train_time:177059ms step_avg:598.17ms
step:307/3200 train_loss:3.9351 train_time:177655ms step_avg:598.17ms
step:308/3200 train_loss:3.9514 train_time:178254ms step_avg:598.17ms
step:309/3200 train_loss:4.0902 train_time:178849ms step_avg:598.16ms
step:310/3200 train_loss:3.9196 train_time:179447ms step_avg:598.16ms
step:311/3200 train_loss:4.1112 train_time:180049ms step_avg:598.17ms
step:312/3200 train_loss:3.8511 train_time:180641ms step_avg:598.15ms
step:313/3200 train_loss:3.8994 train_time:181237ms step_avg:598.14ms
step:314/3200 train_loss:4.1030 train_time:181833ms step_avg:598.13ms
step:315/3200 train_loss:4.2313 train_time:182430ms step_avg:598.13ms
step:316/3200 train_loss:4.0132 train_time:183025ms step_avg:598.12ms
step:317/3200 train_loss:3.9420 train_time:183622ms step_avg:598.12ms
step:318/3200 train_loss:3.9613 train_time:184229ms step_avg:598.15ms
step:319/3200 train_loss:4.0131 train_time:184829ms step_avg:598.15ms
step:320/3200 train_loss:4.0179 train_time:185424ms step_avg:598.14ms
step:321/3200 train_loss:4.2543 train_time:186026ms step_avg:598.15ms
step:322/3200 train_loss:4.0448 train_time:186618ms step_avg:598.13ms
step:323/3200 train_loss:4.0675 train_time:187213ms step_avg:598.13ms
step:324/3200 train_loss:4.2052 train_time:187815ms step_avg:598.14ms
step:325/3200 train_loss:4.0605 train_time:188413ms step_avg:598.14ms
step:326/3200 train_loss:4.0564 train_time:189006ms step_avg:598.12ms
step:327/3200 train_loss:3.9507 train_time:189618ms step_avg:598.16ms
step:328/3200 train_loss:4.9420 train_time:190206ms step_avg:598.13ms
step:329/3200 train_loss:4.1641 train_time:190803ms step_avg:598.13ms
step:330/3200 train_loss:3.9276 train_time:191402ms step_avg:598.13ms
step:331/3200 train_loss:3.8885 train_time:191994ms step_avg:598.11ms
step:332/3200 train_loss:3.8377 train_time:192591ms step_avg:598.11ms
step:333/3200 train_loss:4.0178 train_time:193189ms step_avg:598.11ms
step:334/3200 train_loss:3.9351 train_time:193788ms step_avg:598.11ms
step:335/3200 train_loss:3.9377 train_time:194386ms step_avg:598.11ms
step:336/3200 train_loss:4.0989 train_time:194982ms step_avg:598.10ms
step:337/3200 train_loss:4.2403 train_time:195580ms step_avg:598.11ms
step:338/3200 train_loss:4.8499 train_time:196175ms step_avg:598.09ms
step:339/3200 train_loss:4.0135 train_time:196775ms step_avg:598.10ms
step:340/3200 train_loss:3.8840 train_time:197378ms step_avg:598.11ms
step:341/3200 train_loss:4.0220 train_time:197973ms step_avg:598.11ms
step:342/3200 train_loss:4.0340 train_time:198575ms step_avg:598.12ms
step:343/3200 train_loss:3.9268 train_time:199168ms step_avg:598.10ms
step:344/3200 train_loss:3.7852 train_time:199766ms step_avg:598.10ms
step:345/3200 train_loss:3.9353 train_time:200363ms step_avg:598.10ms
step:346/3200 train_loss:3.8254 train_time:200963ms step_avg:598.11ms
step:347/3200 train_loss:3.8030 train_time:201561ms step_avg:598.10ms
step:348/3200 train_loss:3.9568 train_time:202155ms step_avg:598.09ms
step:349/3200 train_loss:3.9382 train_time:202757ms step_avg:598.10ms
step:350/3200 train_loss:3.8845 train_time:203358ms step_avg:598.11ms
step:351/3200 train_loss:3.4552 train_time:203960ms step_avg:598.12ms
step:352/3200 train_loss:3.8382 train_time:204551ms step_avg:598.10ms
step:353/3200 train_loss:4.2677 train_time:205150ms step_avg:598.11ms
step:354/3200 train_loss:3.8695 train_time:205745ms step_avg:598.10ms
step:355/3200 train_loss:3.8994 train_time:206345ms step_avg:598.10ms
step:356/3200 train_loss:3.9553 train_time:206940ms step_avg:598.09ms
step:357/3200 train_loss:4.0078 train_time:207536ms step_avg:598.09ms
step:358/3200 train_loss:3.8818 train_time:208134ms step_avg:598.09ms
step:359/3200 train_loss:3.6907 train_time:208734ms step_avg:598.09ms
step:360/3200 train_loss:4.2013 train_time:209329ms step_avg:598.08ms
step:361/3200 train_loss:3.4212 train_time:209924ms step_avg:598.08ms
step:362/3200 train_loss:3.9425 train_time:210520ms step_avg:598.07ms
step:363/3200 train_loss:4.0186 train_time:211117ms step_avg:598.07ms
step:364/3200 train_loss:3.8374 train_time:211714ms step_avg:598.06ms
step:365/3200 train_loss:3.8245 train_time:212311ms step_avg:598.06ms
step:366/3200 train_loss:3.9642 train_time:212908ms step_avg:598.06ms
step:367/3200 train_loss:3.9692 train_time:213506ms step_avg:598.06ms
step:368/3200 train_loss:4.0157 train_time:214108ms step_avg:598.07ms
step:369/3200 train_loss:3.8935 train_time:214704ms step_avg:598.06ms
step:370/3200 train_loss:3.7738 train_time:215302ms step_avg:598.06ms
step:371/3200 train_loss:4.0124 train_time:215904ms step_avg:598.07ms
step:372/3200 train_loss:3.8170 train_time:216498ms step_avg:598.06ms
step:373/3200 train_loss:3.7825 train_time:217094ms step_avg:598.06ms
step:374/3200 train_loss:4.0268 train_time:217691ms step_avg:598.05ms
step:375/3200 train_loss:3.9458 train_time:218288ms step_avg:598.05ms
step:375/3200 val_loss:3.9137 train_time:218668ms step_avg:599.09ms
step:376/3200 train_loss:3.8970 train_time:218891ms step_avg:598.06ms
step:377/3200 train_loss:3.8701 train_time:219484ms step_avg:598.05ms
step:378/3200 train_loss:3.8736 train_time:220088ms step_avg:598.07ms
step:379/3200 train_loss:4.0005 train_time:220685ms step_avg:598.06ms
step:380/3200 train_loss:4.0112 train_time:221565ms step_avg:598.82ms
step:381/3200 train_loss:4.0511 train_time:222157ms step_avg:598.81ms
step:382/3200 train_loss:3.9732 train_time:222753ms step_avg:598.80ms
step:383/3200 train_loss:3.8494 train_time:223351ms step_avg:598.80ms
step:384/3200 train_loss:3.8457 train_time:223949ms step_avg:598.79ms
step:385/3200 train_loss:3.8499 train_time:224547ms step_avg:598.79ms
step:386/3200 train_loss:3.8301 train_time:225143ms step_avg:598.78ms
step:387/3200 train_loss:4.0167 train_time:225739ms step_avg:598.78ms
step:388/3200 train_loss:4.2409 train_time:226336ms step_avg:598.77ms
step:389/3200 train_loss:3.9744 train_time:226936ms step_avg:598.78ms
step:390/3200 train_loss:3.8233 train_time:227530ms step_avg:598.76ms
step:391/3200 train_loss:3.9080 train_time:228126ms step_avg:598.76ms
step:392/3200 train_loss:3.9139 train_time:228722ms step_avg:598.75ms
step:393/3200 train_loss:4.0809 train_time:229319ms step_avg:598.74ms
step:394/3200 train_loss:3.8751 train_time:229914ms step_avg:598.74ms
step:395/3200 train_loss:3.8318 train_time:230512ms step_avg:598.73ms
step:396/3200 train_loss:3.6643 train_time:231109ms step_avg:598.73ms
step:397/3200 train_loss:4.0076 train_time:231706ms step_avg:598.72ms
step:398/3200 train_loss:3.9928 train_time:232312ms step_avg:598.74ms
step:399/3200 train_loss:4.0141 train_time:232913ms step_avg:598.75ms
step:400/3200 train_loss:3.9005 train_time:233506ms step_avg:598.73ms
step:401/3200 train_loss:4.0115 train_time:234103ms step_avg:598.73ms
step:402/3200 train_loss:3.9203 train_time:234699ms step_avg:598.72ms
step:403/3200 train_loss:4.0422 train_time:235313ms step_avg:598.76ms
step:404/3200 train_loss:4.0858 train_time:235905ms step_avg:598.74ms
step:405/3200 train_loss:3.9204 train_time:236502ms step_avg:598.74ms
step:406/3200 train_loss:3.9070 train_time:237102ms step_avg:598.74ms
step:407/3200 train_loss:4.1233 train_time:237695ms step_avg:598.73ms
step:408/3200 train_loss:3.9100 train_time:238304ms step_avg:598.75ms
step:409/3200 train_loss:3.8676 train_time:238901ms step_avg:598.75ms
step:410/3200 train_loss:4.0083 train_time:239498ms step_avg:598.74ms
step:411/3200 train_loss:3.8634 train_time:240093ms step_avg:598.74ms
step:412/3200 train_loss:3.8389 train_time:240692ms step_avg:598.74ms
step:413/3200 train_loss:4.4185 train_time:241293ms step_avg:598.74ms
step:414/3200 train_loss:3.8495 train_time:241892ms step_avg:598.74ms
step:415/3200 train_loss:4.0107 train_time:242486ms step_avg:598.73ms
step:416/3200 train_loss:3.8167 train_time:243085ms step_avg:598.73ms
step:417/3200 train_loss:3.8668 train_time:243678ms step_avg:598.72ms
step:418/3200 train_loss:4.0614 train_time:244278ms step_avg:598.72ms
step:419/3200 train_loss:3.7778 train_time:244876ms step_avg:598.72ms
step:420/3200 train_loss:3.8415 train_time:245471ms step_avg:598.71ms
step:421/3200 train_loss:3.6791 train_time:246067ms step_avg:598.70ms
step:422/3200 train_loss:3.6599 train_time:246664ms step_avg:598.70ms
step:423/3200 train_loss:3.8953 train_time:247261ms step_avg:598.69ms
step:424/3200 train_loss:3.8412 train_time:247856ms step_avg:598.69ms
step:425/3200 train_loss:3.8063 train_time:248452ms step_avg:598.68ms
step:426/3200 train_loss:3.7767 train_time:249051ms step_avg:598.68ms
step:427/3200 train_loss:3.7833 train_time:249647ms step_avg:598.67ms
step:428/3200 train_loss:3.7893 train_time:250260ms step_avg:598.71ms
step:429/3200 train_loss:3.8360 train_time:250856ms step_avg:598.70ms
step:430/3200 train_loss:3.8626 train_time:251453ms step_avg:598.70ms
step:431/3200 train_loss:3.8771 train_time:252051ms step_avg:598.70ms
step:432/3200 train_loss:3.7261 train_time:252665ms step_avg:598.73ms
step:433/3200 train_loss:3.8786 train_time:253261ms step_avg:598.73ms
step:434/3200 train_loss:3.9677 train_time:253858ms step_avg:598.72ms
step:435/3200 train_loss:3.8675 train_time:254461ms step_avg:598.73ms
step:436/3200 train_loss:3.8988 train_time:255053ms step_avg:598.72ms
step:437/3200 train_loss:3.6392 train_time:255649ms step_avg:598.71ms
step:438/3200 train_loss:3.7341 train_time:256257ms step_avg:598.73ms
step:439/3200 train_loss:3.8191 train_time:256855ms step_avg:598.73ms
step:440/3200 train_loss:3.7604 train_time:257452ms step_avg:598.73ms
step:441/3200 train_loss:4.1457 train_time:258046ms step_avg:598.71ms
step:442/3200 train_loss:3.7316 train_time:258644ms step_avg:598.71ms
step:443/3200 train_loss:3.8323 train_time:259247ms step_avg:598.72ms
step:444/3200 train_loss:3.7392 train_time:259839ms step_avg:598.71ms
step:445/3200 train_loss:3.8024 train_time:260436ms step_avg:598.70ms
step:446/3200 train_loss:3.8547 train_time:261032ms step_avg:598.70ms
step:447/3200 train_loss:3.8649 train_time:261629ms step_avg:598.69ms
step:448/3200 train_loss:3.9300 train_time:262227ms step_avg:598.69ms
step:449/3200 train_loss:3.9505 train_time:262825ms step_avg:598.69ms
step:450/3200 train_loss:3.8575 train_time:263423ms step_avg:598.69ms
step:451/3200 train_loss:3.8390 train_time:264018ms step_avg:598.68ms
step:452/3200 train_loss:3.7723 train_time:264615ms step_avg:598.68ms
step:453/3200 train_loss:3.7017 train_time:265215ms step_avg:598.68ms
step:454/3200 train_loss:3.7200 train_time:265815ms step_avg:598.68ms
step:455/3200 train_loss:3.7075 train_time:266409ms step_avg:598.67ms
step:456/3200 train_loss:3.9738 train_time:267005ms step_avg:598.67ms
step:457/3200 train_loss:3.8229 train_time:267603ms step_avg:598.66ms
step:458/3200 train_loss:3.8380 train_time:268199ms step_avg:598.66ms
step:459/3200 train_loss:4.0166 train_time:268794ms step_avg:598.65ms
step:460/3200 train_loss:3.6667 train_time:269392ms step_avg:598.65ms
step:461/3200 train_loss:3.9375 train_time:269991ms step_avg:598.65ms
step:462/3200 train_loss:3.8422 train_time:270586ms step_avg:598.64ms
step:463/3200 train_loss:3.8921 train_time:271183ms step_avg:598.64ms
step:464/3200 train_loss:3.9092 train_time:271778ms step_avg:598.63ms
step:465/3200 train_loss:3.7743 train_time:272375ms step_avg:598.63ms
step:466/3200 train_loss:3.8077 train_time:272977ms step_avg:598.63ms
step:467/3200 train_loss:3.9751 train_time:273570ms step_avg:598.62ms
step:468/3200 train_loss:4.1336 train_time:274166ms step_avg:598.62ms
step:469/3200 train_loss:3.7571 train_time:274759ms step_avg:598.60ms
step:470/3200 train_loss:3.7531 train_time:275364ms step_avg:598.62ms
step:471/3200 train_loss:3.8675 train_time:275955ms step_avg:598.60ms
step:472/3200 train_loss:3.8085 train_time:276552ms step_avg:598.60ms
step:473/3200 train_loss:3.9120 train_time:277154ms step_avg:598.60ms
step:474/3200 train_loss:3.7911 train_time:277747ms step_avg:598.59ms
step:475/3200 train_loss:3.6546 train_time:278343ms step_avg:598.59ms
step:476/3200 train_loss:3.9477 train_time:278939ms step_avg:598.58ms
step:477/3200 train_loss:3.7827 train_time:279538ms step_avg:598.58ms
step:478/3200 train_loss:3.8671 train_time:280138ms step_avg:598.58ms
step:479/3200 train_loss:4.0050 train_time:280732ms step_avg:598.58ms
step:480/3200 train_loss:3.8572 train_time:281329ms step_avg:598.57ms
step:481/3200 train_loss:3.7943 train_time:281925ms step_avg:598.57ms
step:482/3200 train_loss:3.8760 train_time:282523ms step_avg:598.57ms
step:483/3200 train_loss:3.6354 train_time:283120ms step_avg:598.56ms
step:484/3200 train_loss:3.8556 train_time:283721ms step_avg:598.57ms
step:485/3200 train_loss:3.7988 train_time:284320ms step_avg:598.57ms
step:486/3200 train_loss:3.8029 train_time:284917ms step_avg:598.56ms
step:487/3200 train_loss:3.7272 train_time:285519ms step_avg:598.57ms
step:488/3200 train_loss:3.7838 train_time:286112ms step_avg:598.56ms
step:489/3200 train_loss:3.9045 train_time:286709ms step_avg:598.56ms
step:490/3200 train_loss:3.8998 train_time:287309ms step_avg:598.56ms
step:491/3200 train_loss:3.7990 train_time:287907ms step_avg:598.56ms
step:492/3200 train_loss:3.6869 train_time:288502ms step_avg:598.55ms
step:493/3200 train_loss:4.0871 train_time:289099ms step_avg:598.55ms
step:494/3200 train_loss:3.6435 train_time:289700ms step_avg:598.55ms
step:495/3200 train_loss:3.8600 train_time:290293ms step_avg:598.54ms
step:496/3200 train_loss:3.9116 train_time:290892ms step_avg:598.54ms
step:497/3200 train_loss:3.6673 train_time:291487ms step_avg:598.54ms
step:498/3200 train_loss:3.7937 train_time:292084ms step_avg:598.53ms
step:499/3200 train_loss:3.8830 train_time:292680ms step_avg:598.53ms
step:500/3200 train_loss:3.9250 train_time:293276ms step_avg:598.52ms
step:500/3200 val_loss:3.8151 train_time:293659ms step_avg:599.30ms
step:501/3200 train_loss:4.0182 train_time:293892ms step_avg:598.56ms
step:502/3200 train_loss:3.7572 train_time:294494ms step_avg:598.56ms
step:503/3200 train_loss:3.9373 train_time:295081ms step_avg:598.54ms
step:504/3200 train_loss:3.7866 train_time:295677ms step_avg:598.54ms
step:505/3200 train_loss:3.8475 train_time:296271ms step_avg:598.53ms
step:506/3200 train_loss:3.8165 train_time:296865ms step_avg:598.52ms
step:507/3200 train_loss:3.6892 train_time:297461ms step_avg:598.51ms
step:508/3200 train_loss:3.9843 train_time:298058ms step_avg:598.51ms
step:509/3200 train_loss:4.1648 train_time:298659ms step_avg:598.52ms
step:510/3200 train_loss:3.8099 train_time:299259ms step_avg:598.52ms
step:511/3200 train_loss:3.8141 train_time:299852ms step_avg:598.51ms
step:512/3200 train_loss:3.7635 train_time:300452ms step_avg:598.51ms
step:513/3200 train_loss:3.8982 train_time:301046ms step_avg:598.50ms
step:514/3200 train_loss:3.8632 train_time:301646ms step_avg:598.50ms
step:515/3200 train_loss:3.8553 train_time:302245ms step_avg:598.50ms
step:516/3200 train_loss:3.8040 train_time:302841ms step_avg:598.50ms
step:517/3200 train_loss:3.9681 train_time:303436ms step_avg:598.49ms
step:518/3200 train_loss:3.6839 train_time:304035ms step_avg:598.49ms
step:519/3200 train_loss:3.9598 train_time:304632ms step_avg:598.49ms
step:520/3200 train_loss:3.9005 train_time:305228ms step_avg:598.49ms
step:521/3200 train_loss:3.8255 train_time:305828ms step_avg:598.49ms
step:522/3200 train_loss:3.7048 train_time:306429ms step_avg:598.49ms
step:523/3200 train_loss:3.7239 train_time:307024ms step_avg:598.49ms
step:524/3200 train_loss:5.1535 train_time:307619ms step_avg:598.48ms
step:525/3200 train_loss:3.7467 train_time:308215ms step_avg:598.48ms
step:526/3200 train_loss:3.8533 train_time:308822ms step_avg:598.49ms
step:527/3200 train_loss:3.7353 train_time:309416ms step_avg:598.48ms
step:528/3200 train_loss:3.6147 train_time:310012ms step_avg:598.48ms
step:529/3200 train_loss:3.7320 train_time:310606ms step_avg:598.47ms
step:530/3200 train_loss:3.9789 train_time:311207ms step_avg:598.47ms
step:531/3200 train_loss:3.7358 train_time:311801ms step_avg:598.47ms
step:532/3200 train_loss:3.9536 train_time:312398ms step_avg:598.46ms
step:533/3200 train_loss:3.8707 train_time:312996ms step_avg:598.46ms
step:534/3200 train_loss:3.7617 train_time:313592ms step_avg:598.46ms
step:535/3200 train_loss:3.7223 train_time:314191ms step_avg:598.46ms
step:536/3200 train_loss:3.6818 train_time:314796ms step_avg:598.47ms
step:537/3200 train_loss:3.8334 train_time:315391ms step_avg:598.46ms
step:538/3200 train_loss:3.8325 train_time:315986ms step_avg:598.46ms
step:539/3200 train_loss:3.7440 train_time:316584ms step_avg:598.46ms
step:540/3200 train_loss:4.3919 train_time:317192ms step_avg:598.48ms
step:541/3200 train_loss:3.8038 train_time:317791ms step_avg:598.48ms
step:542/3200 train_loss:3.9467 train_time:318384ms step_avg:598.47ms
step:543/3200 train_loss:3.6999 train_time:318996ms step_avg:598.49ms
step:544/3200 train_loss:3.7472 train_time:319598ms step_avg:598.50ms
step:545/3200 train_loss:3.7759 train_time:320197ms step_avg:598.50ms
step:546/3200 train_loss:3.6805 train_time:320795ms step_avg:598.50ms
step:547/3200 train_loss:3.7529 train_time:321389ms step_avg:598.49ms
step:548/3200 train_loss:3.7198 train_time:321985ms step_avg:598.48ms
step:549/3200 train_loss:3.8291 train_time:322595ms step_avg:598.51ms
step:550/3200 train_loss:3.7743 train_time:323190ms step_avg:598.50ms
step:551/3200 train_loss:3.8059 train_time:323787ms step_avg:598.50ms
step:552/3200 train_loss:3.7782 train_time:324386ms step_avg:598.50ms
step:553/3200 train_loss:3.6798 train_time:324982ms step_avg:598.49ms
step:554/3200 train_loss:4.0520 train_time:325582ms step_avg:598.50ms
step:555/3200 train_loss:3.8088 train_time:326182ms step_avg:598.50ms
step:556/3200 train_loss:3.7758 train_time:326780ms step_avg:598.50ms
step:557/3200 train_loss:3.8126 train_time:327381ms step_avg:598.50ms
step:558/3200 train_loss:3.3341 train_time:327983ms step_avg:598.51ms
step:559/3200 train_loss:3.7528 train_time:328574ms step_avg:598.50ms
step:560/3200 train_loss:3.7338 train_time:329174ms step_avg:598.50ms
step:561/3200 train_loss:3.9300 train_time:329777ms step_avg:598.51ms
step:562/3200 train_loss:3.7258 train_time:330369ms step_avg:598.49ms
step:563/3200 train_loss:3.5975 train_time:330968ms step_avg:598.49ms
step:564/3200 train_loss:3.8977 train_time:331576ms step_avg:598.51ms
step:565/3200 train_loss:3.5932 train_time:332175ms step_avg:598.51ms
step:566/3200 train_loss:3.7893 train_time:332771ms step_avg:598.51ms
step:567/3200 train_loss:3.6779 train_time:333371ms step_avg:598.51ms
step:568/3200 train_loss:3.7279 train_time:333968ms step_avg:598.51ms
step:569/3200 train_loss:3.6685 train_time:334566ms step_avg:598.51ms
step:570/3200 train_loss:3.7072 train_time:335449ms step_avg:599.02ms
step:571/3200 train_loss:3.7654 train_time:336041ms step_avg:599.00ms
step:572/3200 train_loss:3.8619 train_time:336641ms step_avg:599.01ms
step:573/3200 train_loss:3.7302 train_time:337237ms step_avg:599.00ms
step:574/3200 train_loss:3.7694 train_time:337834ms step_avg:599.00ms
step:575/3200 train_loss:3.9704 train_time:338441ms step_avg:599.01ms
step:576/3200 train_loss:3.7881 train_time:339037ms step_avg:599.01ms
step:577/3200 train_loss:3.8855 train_time:339635ms step_avg:599.00ms
step:578/3200 train_loss:3.7749 train_time:340237ms step_avg:599.01ms
step:579/3200 train_loss:3.6937 train_time:340833ms step_avg:599.00ms
step:580/3200 train_loss:3.9014 train_time:341427ms step_avg:599.00ms
step:581/3200 train_loss:3.7685 train_time:342023ms step_avg:598.99ms
step:582/3200 train_loss:3.8263 train_time:342620ms step_avg:598.99ms
step:583/3200 train_loss:3.8537 train_time:343215ms step_avg:598.98ms
step:584/3200 train_loss:3.7540 train_time:343813ms step_avg:598.98ms
step:585/3200 train_loss:3.7205 train_time:344408ms step_avg:598.97ms
step:586/3200 train_loss:3.9663 train_time:345008ms step_avg:598.97ms
step:587/3200 train_loss:3.6769 train_time:345607ms step_avg:598.97ms
step:588/3200 train_loss:3.8168 train_time:346205ms step_avg:598.97ms
step:589/3200 train_loss:3.7755 train_time:346806ms step_avg:598.97ms
step:590/3200 train_loss:4.0729 train_time:347401ms step_avg:598.97ms
step:591/3200 train_loss:3.8609 train_time:347995ms step_avg:598.96ms
step:592/3200 train_loss:3.5169 train_time:348592ms step_avg:598.96ms
step:593/3200 train_loss:3.7180 train_time:349191ms step_avg:598.95ms
step:594/3200 train_loss:3.7977 train_time:349786ms step_avg:598.95ms
step:595/3200 train_loss:3.5758 train_time:350384ms step_avg:598.95ms
step:596/3200 train_loss:4.0872 train_time:350981ms step_avg:598.94ms
step:597/3200 train_loss:3.9045 train_time:351577ms step_avg:598.94ms
step:598/3200 train_loss:3.6515 train_time:352174ms step_avg:598.94ms
step:599/3200 train_loss:3.8192 train_time:352770ms step_avg:598.93ms
step:600/3200 train_loss:3.6494 train_time:353366ms step_avg:598.93ms
step:601/3200 train_loss:3.6493 train_time:353963ms step_avg:598.92ms
step:602/3200 train_loss:3.8359 train_time:354567ms step_avg:598.93ms
step:603/3200 train_loss:3.7686 train_time:355163ms step_avg:598.93ms
step:604/3200 train_loss:3.9416 train_time:355760ms step_avg:598.92ms
step:605/3200 train_loss:3.7134 train_time:356357ms step_avg:598.92ms
step:606/3200 train_loss:3.7818 train_time:356959ms step_avg:598.92ms
step:607/3200 train_loss:3.8038 train_time:357557ms step_avg:598.92ms
step:608/3200 train_loss:4.1087 train_time:358151ms step_avg:598.92ms
step:609/3200 train_loss:3.8355 train_time:358746ms step_avg:598.91ms
step:610/3200 train_loss:3.6739 train_time:359345ms step_avg:598.91ms
step:611/3200 train_loss:3.9532 train_time:359940ms step_avg:598.90ms
step:612/3200 train_loss:3.6567 train_time:360536ms step_avg:598.90ms
step:613/3200 train_loss:3.7915 train_time:361143ms step_avg:598.91ms
step:614/3200 train_loss:3.8414 train_time:361741ms step_avg:598.91ms
step:615/3200 train_loss:3.7771 train_time:362336ms step_avg:598.90ms
step:616/3200 train_loss:3.8657 train_time:362932ms step_avg:598.90ms
step:617/3200 train_loss:3.7751 train_time:363527ms step_avg:598.89ms
step:618/3200 train_loss:3.5978 train_time:364129ms step_avg:598.90ms
step:619/3200 train_loss:3.7875 train_time:364722ms step_avg:598.89ms
step:620/3200 train_loss:3.7622 train_time:365317ms step_avg:598.88ms
step:621/3200 train_loss:3.6021 train_time:365915ms step_avg:598.88ms
step:622/3200 train_loss:4.1833 train_time:366511ms step_avg:598.87ms
step:623/3200 train_loss:3.5918 train_time:367108ms step_avg:598.87ms
step:624/3200 train_loss:3.7699 train_time:367705ms step_avg:598.87ms
step:625/3200 train_loss:3.8604 train_time:368307ms step_avg:598.87ms
step:625/3200 val_loss:3.7385 train_time:368684ms step_avg:599.49ms
step:626/3200 train_loss:3.8392 train_time:368901ms step_avg:598.86ms
step:627/3200 train_loss:3.9122 train_time:369496ms step_avg:598.86ms
step:628/3200 train_loss:3.7115 train_time:370092ms step_avg:598.86ms
step:629/3200 train_loss:3.8056 train_time:370688ms step_avg:598.85ms
step:630/3200 train_loss:3.6430 train_time:371297ms step_avg:598.87ms
step:631/3200 train_loss:3.7943 train_time:371889ms step_avg:598.86ms
step:632/3200 train_loss:3.8194 train_time:372483ms step_avg:598.85ms
step:633/3200 train_loss:3.8480 train_time:373080ms step_avg:598.84ms
step:634/3200 train_loss:3.6904 train_time:373685ms step_avg:598.85ms
step:635/3200 train_loss:3.8252 train_time:374282ms step_avg:598.85ms
step:636/3200 train_loss:4.0061 train_time:374879ms step_avg:598.85ms
step:637/3200 train_loss:3.6527 train_time:375476ms step_avg:598.84ms
step:638/3200 train_loss:3.5583 train_time:376076ms step_avg:598.85ms
step:639/3200 train_loss:3.8752 train_time:376675ms step_avg:598.85ms
step:640/3200 train_loss:3.8899 train_time:377270ms step_avg:598.84ms
step:641/3200 train_loss:3.7184 train_time:377866ms step_avg:598.84ms
step:642/3200 train_loss:3.6281 train_time:378463ms step_avg:598.83ms
step:643/3200 train_loss:3.8421 train_time:379059ms step_avg:598.83ms
step:644/3200 train_loss:3.7562 train_time:379659ms step_avg:598.83ms
step:645/3200 train_loss:3.5821 train_time:380257ms step_avg:598.83ms
step:646/3200 train_loss:3.8385 train_time:380853ms step_avg:598.83ms
step:647/3200 train_loss:3.8588 train_time:381450ms step_avg:598.82ms
step:648/3200 train_loss:3.7230 train_time:382052ms step_avg:598.83ms
step:649/3200 train_loss:3.8381 train_time:382645ms step_avg:598.82ms
step:650/3200 train_loss:3.8810 train_time:383242ms step_avg:598.82ms
step:651/3200 train_loss:3.7032 train_time:383836ms step_avg:598.81ms
step:652/3200 train_loss:3.9649 train_time:384438ms step_avg:598.81ms
step:653/3200 train_loss:3.7292 train_time:385037ms step_avg:598.81ms
step:654/3200 train_loss:3.7415 train_time:385634ms step_avg:598.81ms
step:655/3200 train_loss:3.4077 train_time:386230ms step_avg:598.81ms
step:656/3200 train_loss:3.8052 train_time:386825ms step_avg:598.80ms
step:657/3200 train_loss:3.6730 train_time:387421ms step_avg:598.80ms
step:658/3200 train_loss:3.6121 train_time:388022ms step_avg:598.80ms
step:659/3200 train_loss:3.7633 train_time:388619ms step_avg:598.80ms
step:660/3200 train_loss:3.6968 train_time:389213ms step_avg:598.79ms
step:661/3200 train_loss:3.7973 train_time:389814ms step_avg:598.79ms
step:662/3200 train_loss:3.7436 train_time:390411ms step_avg:598.79ms
step:663/3200 train_loss:3.6992 train_time:391005ms step_avg:598.78ms
step:664/3200 train_loss:3.6559 train_time:391602ms step_avg:598.78ms
step:665/3200 train_loss:3.8155 train_time:392204ms step_avg:598.78ms
step:666/3200 train_loss:3.4086 train_time:392803ms step_avg:598.78ms
step:667/3200 train_loss:3.9720 train_time:393400ms step_avg:598.78ms
step:668/3200 train_loss:3.7517 train_time:393996ms step_avg:598.78ms
step:669/3200 train_loss:3.8439 train_time:394592ms step_avg:598.77ms
step:670/3200 train_loss:3.6463 train_time:395189ms step_avg:598.77ms
step:671/3200 train_loss:3.5390 train_time:395786ms step_avg:598.77ms
step:672/3200 train_loss:3.6725 train_time:396385ms step_avg:598.77ms
step:673/3200 train_loss:3.7151 train_time:396983ms step_avg:598.77ms
step:674/3200 train_loss:4.3690 train_time:397582ms step_avg:598.77ms
step:675/3200 train_loss:3.7730 train_time:398180ms step_avg:598.77ms
step:676/3200 train_loss:3.8080 train_time:398775ms step_avg:598.76ms
step:677/3200 train_loss:3.5811 train_time:399370ms step_avg:598.76ms
step:678/3200 train_loss:3.6143 train_time:399967ms step_avg:598.75ms
step:679/3200 train_loss:3.6789 train_time:400564ms step_avg:598.75ms
step:680/3200 train_loss:3.7636 train_time:401162ms step_avg:598.75ms
step:681/3200 train_loss:3.6936 train_time:401758ms step_avg:598.75ms
step:682/3200 train_loss:3.7219 train_time:402354ms step_avg:598.74ms
step:683/3200 train_loss:3.9777 train_time:402952ms step_avg:598.74ms
step:684/3200 train_loss:3.8739 train_time:403553ms step_avg:598.74ms
step:685/3200 train_loss:3.7544 train_time:404147ms step_avg:598.74ms
step:686/3200 train_loss:3.8413 train_time:404743ms step_avg:598.73ms
step:687/3200 train_loss:3.7948 train_time:405342ms step_avg:598.73ms
step:688/3200 train_loss:3.7688 train_time:405939ms step_avg:598.73ms
step:689/3200 train_loss:3.2543 train_time:406535ms step_avg:598.73ms
step:690/3200 train_loss:3.4672 train_time:407131ms step_avg:598.72ms
step:691/3200 train_loss:3.7112 train_time:407730ms step_avg:598.72ms
step:692/3200 train_loss:3.4632 train_time:408325ms step_avg:598.72ms
step:693/3200 train_loss:3.8589 train_time:408920ms step_avg:598.71ms
step:694/3200 train_loss:3.7192 train_time:409516ms step_avg:598.71ms
step:695/3200 train_loss:3.5844 train_time:410118ms step_avg:598.71ms
step:696/3200 train_loss:3.4867 train_time:410712ms step_avg:598.71ms
step:697/3200 train_loss:4.0923 train_time:411311ms step_avg:598.71ms
step:698/3200 train_loss:3.6493 train_time:411917ms step_avg:598.72ms
step:699/3200 train_loss:3.7213 train_time:412515ms step_avg:598.71ms
step:700/3200 train_loss:3.6533 train_time:413111ms step_avg:598.71ms
step:701/3200 train_loss:3.7062 train_time:413707ms step_avg:598.71ms
step:702/3200 train_loss:3.6544 train_time:414303ms step_avg:598.70ms
step:703/3200 train_loss:3.6359 train_time:414901ms step_avg:598.70ms
step:704/3200 train_loss:3.6056 train_time:415501ms step_avg:598.70ms
step:705/3200 train_loss:3.8425 train_time:416099ms step_avg:598.70ms
step:706/3200 train_loss:3.7206 train_time:416696ms step_avg:598.70ms
step:707/3200 train_loss:3.7009 train_time:417288ms step_avg:598.69ms
step:708/3200 train_loss:3.8220 train_time:417886ms step_avg:598.69ms
step:709/3200 train_loss:3.7415 train_time:418489ms step_avg:598.70ms
step:710/3200 train_loss:3.7452 train_time:419086ms step_avg:598.69ms
step:711/3200 train_loss:3.6049 train_time:419681ms step_avg:598.69ms
step:712/3200 train_loss:3.7363 train_time:420283ms step_avg:598.69ms
step:713/3200 train_loss:3.8612 train_time:420881ms step_avg:598.69ms
step:714/3200 train_loss:3.6310 train_time:421477ms step_avg:598.69ms
step:715/3200 train_loss:3.7617 train_time:422073ms step_avg:598.68ms
step:716/3200 train_loss:3.7803 train_time:422672ms step_avg:598.69ms
step:717/3200 train_loss:3.7003 train_time:423268ms step_avg:598.68ms
step:718/3200 train_loss:3.9513 train_time:423864ms step_avg:598.68ms
step:719/3200 train_loss:3.5924 train_time:424465ms step_avg:598.68ms
step:720/3200 train_loss:3.6327 train_time:425060ms step_avg:598.68ms
step:721/3200 train_loss:4.0808 train_time:425669ms step_avg:598.69ms
step:722/3200 train_loss:3.4805 train_time:426265ms step_avg:598.69ms
step:723/3200 train_loss:3.9322 train_time:426860ms step_avg:598.68ms
step:724/3200 train_loss:3.8985 train_time:427456ms step_avg:598.68ms
step:725/3200 train_loss:3.6952 train_time:428053ms step_avg:598.67ms
step:726/3200 train_loss:3.7327 train_time:428650ms step_avg:598.67ms
step:727/3200 train_loss:3.5639 train_time:429247ms step_avg:598.67ms
step:728/3200 train_loss:3.4309 train_time:429846ms step_avg:598.67ms
step:729/3200 train_loss:3.7525 train_time:430441ms step_avg:598.67ms
step:730/3200 train_loss:3.7186 train_time:431041ms step_avg:598.67ms
step:731/3200 train_loss:3.8155 train_time:431637ms step_avg:598.66ms
step:732/3200 train_loss:3.7281 train_time:432234ms step_avg:598.66ms
step:733/3200 train_loss:3.7258 train_time:432834ms step_avg:598.66ms
step:734/3200 train_loss:4.1012 train_time:433427ms step_avg:598.66ms
step:735/3200 train_loss:3.4992 train_time:434022ms step_avg:598.65ms
step:736/3200 train_loss:3.7377 train_time:434629ms step_avg:598.66ms
step:737/3200 train_loss:3.9936 train_time:435225ms step_avg:598.66ms
step:738/3200 train_loss:3.7445 train_time:435825ms step_avg:598.66ms
step:739/3200 train_loss:3.6685 train_time:436419ms step_avg:598.65ms
step:740/3200 train_loss:3.7788 train_time:437019ms step_avg:598.66ms
step:741/3200 train_loss:4.1602 train_time:437615ms step_avg:598.65ms
step:742/3200 train_loss:3.6835 train_time:438212ms step_avg:598.65ms
step:743/3200 train_loss:3.5922 train_time:438808ms step_avg:598.65ms
step:744/3200 train_loss:3.6039 train_time:439406ms step_avg:598.65ms
step:745/3200 train_loss:3.8271 train_time:440001ms step_avg:598.64ms
step:746/3200 train_loss:3.7241 train_time:440601ms step_avg:598.64ms
step:747/3200 train_loss:3.7514 train_time:441194ms step_avg:598.64ms
step:748/3200 train_loss:3.6938 train_time:441793ms step_avg:598.64ms
step:749/3200 train_loss:3.7059 train_time:442390ms step_avg:598.63ms
step:750/3200 train_loss:3.6248 train_time:442989ms step_avg:598.63ms
step:750/3200 val_loss:3.6854 train_time:443369ms step_avg:599.15ms
step:751/3200 train_loss:3.6924 train_time:443589ms step_avg:598.64ms
step:752/3200 train_loss:3.6161 train_time:444183ms step_avg:598.63ms
step:753/3200 train_loss:3.6852 train_time:444778ms step_avg:598.62ms
step:754/3200 train_loss:3.6318 train_time:445376ms step_avg:598.62ms
step:755/3200 train_loss:3.6489 train_time:445972ms step_avg:598.62ms
step:756/3200 train_loss:3.8791 train_time:446574ms step_avg:598.62ms
step:757/3200 train_loss:3.6315 train_time:447210ms step_avg:598.67ms
step:758/3200 train_loss:3.7869 train_time:447806ms step_avg:598.67ms
step:759/3200 train_loss:3.7304 train_time:448403ms step_avg:598.67ms
step:760/3200 train_loss:3.6963 train_time:449303ms step_avg:599.07ms
step:761/3200 train_loss:3.6801 train_time:449899ms step_avg:599.07ms
step:762/3200 train_loss:3.5684 train_time:450494ms step_avg:599.06ms
step:763/3200 train_loss:3.7346 train_time:451091ms step_avg:599.06ms
step:764/3200 train_loss:3.6423 train_time:451689ms step_avg:599.06ms
step:765/3200 train_loss:3.4675 train_time:452286ms step_avg:599.05ms
step:766/3200 train_loss:3.9391 train_time:452883ms step_avg:599.05ms
step:767/3200 train_loss:3.7617 train_time:453480ms step_avg:599.05ms
step:768/3200 train_loss:3.7684 train_time:454075ms step_avg:599.04ms
step:769/3200 train_loss:3.6449 train_time:454672ms step_avg:599.04ms
step:770/3200 train_loss:3.8690 train_time:455269ms step_avg:599.04ms
step:771/3200 train_loss:3.7817 train_time:455866ms step_avg:599.03ms
step:772/3200 train_loss:4.0573 train_time:456462ms step_avg:599.03ms
step:773/3200 train_loss:3.5725 train_time:457059ms step_avg:599.03ms
step:774/3200 train_loss:3.6703 train_time:457657ms step_avg:599.03ms
step:775/3200 train_loss:3.8260 train_time:458260ms step_avg:599.03ms
step:776/3200 train_loss:3.7943 train_time:458854ms step_avg:599.03ms
step:777/3200 train_loss:3.6636 train_time:459449ms step_avg:599.02ms
step:778/3200 train_loss:3.4970 train_time:460048ms step_avg:599.02ms
step:779/3200 train_loss:3.7002 train_time:460644ms step_avg:599.02ms
step:780/3200 train_loss:3.6037 train_time:461241ms step_avg:599.01ms
step:781/3200 train_loss:3.7490 train_time:461840ms step_avg:599.01ms
step:782/3200 train_loss:3.7982 train_time:462434ms step_avg:599.01ms
step:783/3200 train_loss:3.6607 train_time:463032ms step_avg:599.01ms
step:784/3200 train_loss:3.7136 train_time:463628ms step_avg:599.00ms
step:785/3200 train_loss:3.6850 train_time:464223ms step_avg:599.00ms
step:786/3200 train_loss:3.6412 train_time:464819ms step_avg:598.99ms
step:787/3200 train_loss:3.5248 train_time:465416ms step_avg:598.99ms
step:788/3200 train_loss:4.0553 train_time:466013ms step_avg:598.99ms
step:789/3200 train_loss:3.5413 train_time:466608ms step_avg:598.98ms
step:790/3200 train_loss:3.6028 train_time:467208ms step_avg:598.98ms
step:791/3200 train_loss:3.7393 train_time:467804ms step_avg:598.98ms
step:792/3200 train_loss:3.6814 train_time:468402ms step_avg:598.98ms
step:793/3200 train_loss:3.5979 train_time:468997ms step_avg:598.98ms
step:794/3200 train_loss:3.5128 train_time:469595ms step_avg:598.97ms
step:795/3200 train_loss:3.6187 train_time:470191ms step_avg:598.97ms
step:796/3200 train_loss:3.6922 train_time:470788ms step_avg:598.97ms
step:797/3200 train_loss:3.7155 train_time:471389ms step_avg:598.97ms
step:798/3200 train_loss:3.6068 train_time:471987ms step_avg:598.97ms
step:799/3200 train_loss:3.8395 train_time:472584ms step_avg:598.97ms
step:800/3200 train_loss:3.6654 train_time:473179ms step_avg:598.96ms
step:801/3200 train_loss:3.6682 train_time:473778ms step_avg:598.96ms
step:802/3200 train_loss:3.7706 train_time:474374ms step_avg:598.96ms
step:803/3200 train_loss:3.7691 train_time:474970ms step_avg:598.95ms
step:804/3200 train_loss:3.8078 train_time:475572ms step_avg:598.96ms
step:805/3200 train_loss:3.7719 train_time:476164ms step_avg:598.95ms
step:806/3200 train_loss:3.5921 train_time:476760ms step_avg:598.94ms
step:807/3200 train_loss:3.4499 train_time:477357ms step_avg:598.94ms
step:808/3200 train_loss:3.7487 train_time:477953ms step_avg:598.94ms
step:809/3200 train_loss:3.7622 train_time:478551ms step_avg:598.94ms
step:810/3200 train_loss:3.6013 train_time:479145ms step_avg:598.93ms
step:811/3200 train_loss:3.6534 train_time:479749ms step_avg:598.94ms
step:812/3200 train_loss:3.7770 train_time:480344ms step_avg:598.93ms
step:813/3200 train_loss:3.7246 train_time:480946ms step_avg:598.94ms
step:814/3200 train_loss:3.6973 train_time:481540ms step_avg:598.93ms
step:815/3200 train_loss:3.7462 train_time:482135ms step_avg:598.93ms
step:816/3200 train_loss:3.6642 train_time:482735ms step_avg:598.93ms
step:817/3200 train_loss:3.7134 train_time:483327ms step_avg:598.92ms
step:818/3200 train_loss:4.0628 train_time:483930ms step_avg:598.92ms
step:819/3200 train_loss:3.6484 train_time:484523ms step_avg:598.92ms
step:820/3200 train_loss:3.9037 train_time:485121ms step_avg:598.91ms
step:821/3200 train_loss:3.5119 train_time:485717ms step_avg:598.91ms
step:822/3200 train_loss:3.6243 train_time:486316ms step_avg:598.91ms
step:823/3200 train_loss:3.9144 train_time:486913ms step_avg:598.91ms
step:824/3200 train_loss:3.6662 train_time:487514ms step_avg:598.91ms
step:825/3200 train_loss:3.6408 train_time:488109ms step_avg:598.91ms
step:826/3200 train_loss:3.7929 train_time:488705ms step_avg:598.90ms
step:827/3200 train_loss:3.6062 train_time:489305ms step_avg:598.91ms
step:828/3200 train_loss:4.0741 train_time:489899ms step_avg:598.90ms
step:829/3200 train_loss:3.6778 train_time:490496ms step_avg:598.90ms
step:830/3200 train_loss:3.7479 train_time:491093ms step_avg:598.89ms
step:831/3200 train_loss:3.6475 train_time:491697ms step_avg:598.90ms
step:832/3200 train_loss:3.6302 train_time:492296ms step_avg:598.90ms
step:833/3200 train_loss:3.5676 train_time:492906ms step_avg:598.91ms
step:834/3200 train_loss:3.6679 train_time:493493ms step_avg:598.90ms
step:835/3200 train_loss:3.5445 train_time:494086ms step_avg:598.89ms
step:836/3200 train_loss:3.5192 train_time:494686ms step_avg:598.89ms
step:837/3200 train_loss:3.8601 train_time:495283ms step_avg:598.89ms
step:838/3200 train_loss:3.5254 train_time:495880ms step_avg:598.89ms
step:839/3200 train_loss:3.6557 train_time:496476ms step_avg:598.89ms
step:840/3200 train_loss:3.5448 train_time:497072ms step_avg:598.88ms
step:841/3200 train_loss:3.6585 train_time:497684ms step_avg:598.90ms
step:842/3200 train_loss:3.6787 train_time:498298ms step_avg:598.92ms
step:843/3200 train_loss:3.7444 train_time:498884ms step_avg:598.90ms
step:844/3200 train_loss:3.6487 train_time:499479ms step_avg:598.90ms
step:845/3200 train_loss:3.5681 train_time:500076ms step_avg:598.89ms
step:846/3200 train_loss:3.8403 train_time:500671ms step_avg:598.89ms
step:847/3200 train_loss:3.5617 train_time:501271ms step_avg:598.89ms
step:848/3200 train_loss:3.5469 train_time:501865ms step_avg:598.88ms
step:849/3200 train_loss:3.6871 train_time:502469ms step_avg:598.89ms
step:850/3200 train_loss:3.6008 train_time:503064ms step_avg:598.89ms
step:851/3200 train_loss:3.6847 train_time:503660ms step_avg:598.88ms
step:852/3200 train_loss:3.7875 train_time:504255ms step_avg:598.88ms
step:853/3200 train_loss:3.5885 train_time:504852ms step_avg:598.88ms
step:854/3200 train_loss:3.6598 train_time:505449ms step_avg:598.87ms
step:855/3200 train_loss:3.8732 train_time:506049ms step_avg:598.87ms
step:856/3200 train_loss:3.5812 train_time:506642ms step_avg:598.87ms
step:857/3200 train_loss:3.5625 train_time:507239ms step_avg:598.87ms
step:858/3200 train_loss:3.7117 train_time:507842ms step_avg:598.87ms
step:859/3200 train_loss:3.4644 train_time:508434ms step_avg:598.86ms
step:860/3200 train_loss:3.6774 train_time:509031ms step_avg:598.86ms
step:861/3200 train_loss:3.6020 train_time:509627ms step_avg:598.86ms
step:862/3200 train_loss:3.7747 train_time:510226ms step_avg:598.86ms
step:863/3200 train_loss:3.6551 train_time:510822ms step_avg:598.85ms
step:864/3200 train_loss:3.6917 train_time:511419ms step_avg:598.85ms
step:865/3200 train_loss:3.5671 train_time:512015ms step_avg:598.85ms
step:866/3200 train_loss:3.6716 train_time:512614ms step_avg:598.85ms
step:867/3200 train_loss:4.1224 train_time:513210ms step_avg:598.84ms
step:868/3200 train_loss:3.5283 train_time:513807ms step_avg:598.84ms
step:869/3200 train_loss:3.8134 train_time:514406ms step_avg:598.84ms
step:870/3200 train_loss:3.6380 train_time:515005ms step_avg:598.84ms
step:871/3200 train_loss:3.5958 train_time:515598ms step_avg:598.84ms
step:872/3200 train_loss:3.4355 train_time:516195ms step_avg:598.83ms
step:873/3200 train_loss:3.8306 train_time:516792ms step_avg:598.83ms
step:874/3200 train_loss:3.5288 train_time:517388ms step_avg:598.83ms
step:875/3200 train_loss:3.1945 train_time:517985ms step_avg:598.83ms
step:875/3200 val_loss:3.6387 train_time:518365ms step_avg:599.27ms
step:876/3200 train_loss:3.7214 train_time:518585ms step_avg:598.83ms
step:877/3200 train_loss:3.7145 train_time:519182ms step_avg:598.83ms
step:878/3200 train_loss:3.6980 train_time:519776ms step_avg:598.82ms
step:879/3200 train_loss:3.5779 train_time:520374ms step_avg:598.82ms
step:880/3200 train_loss:3.6825 train_time:520972ms step_avg:598.82ms
step:881/3200 train_loss:3.3430 train_time:521567ms step_avg:598.81ms
step:882/3200 train_loss:3.6804 train_time:522165ms step_avg:598.81ms
step:883/3200 train_loss:4.1328 train_time:522762ms step_avg:598.81ms
step:884/3200 train_loss:3.9893 train_time:523358ms step_avg:598.81ms
step:885/3200 train_loss:3.7864 train_time:523955ms step_avg:598.81ms
step:886/3200 train_loss:3.6631 train_time:524553ms step_avg:598.81ms
step:887/3200 train_loss:3.6868 train_time:525149ms step_avg:598.80ms
step:888/3200 train_loss:4.5707 train_time:525750ms step_avg:598.80ms
step:889/3200 train_loss:3.9462 train_time:526349ms step_avg:598.80ms
step:890/3200 train_loss:3.5711 train_time:526948ms step_avg:598.80ms
step:891/3200 train_loss:3.6095 train_time:527547ms step_avg:598.81ms
step:892/3200 train_loss:3.5710 train_time:528144ms step_avg:598.80ms
step:893/3200 train_loss:3.7604 train_time:528738ms step_avg:598.80ms
step:894/3200 train_loss:3.4920 train_time:529339ms step_avg:598.80ms
step:895/3200 train_loss:3.5950 train_time:529933ms step_avg:598.79ms
step:896/3200 train_loss:3.6237 train_time:530529ms step_avg:598.79ms
step:897/3200 train_loss:3.6385 train_time:531125ms step_avg:598.79ms
step:898/3200 train_loss:3.6693 train_time:531725ms step_avg:598.79ms
step:899/3200 train_loss:3.7870 train_time:532321ms step_avg:598.79ms
step:900/3200 train_loss:3.6029 train_time:532922ms step_avg:598.79ms
step:901/3200 train_loss:3.4877 train_time:533520ms step_avg:598.79ms
step:902/3200 train_loss:3.7015 train_time:534112ms step_avg:598.78ms
step:903/3200 train_loss:3.5869 train_time:534715ms step_avg:598.78ms
step:904/3200 train_loss:3.6053 train_time:535313ms step_avg:598.78ms
step:905/3200 train_loss:3.6412 train_time:535911ms step_avg:598.78ms
step:906/3200 train_loss:3.6433 train_time:536507ms step_avg:598.78ms
step:907/3200 train_loss:3.6714 train_time:537104ms step_avg:598.78ms
step:908/3200 train_loss:3.6264 train_time:537700ms step_avg:598.78ms
step:909/3200 train_loss:3.5813 train_time:538298ms step_avg:598.77ms
step:910/3200 train_loss:3.5983 train_time:538902ms step_avg:598.78ms
step:911/3200 train_loss:3.6222 train_time:539500ms step_avg:598.78ms
step:912/3200 train_loss:3.6661 train_time:540096ms step_avg:598.78ms
step:913/3200 train_loss:3.8670 train_time:540695ms step_avg:598.78ms
step:914/3200 train_loss:3.4877 train_time:541295ms step_avg:598.78ms
step:915/3200 train_loss:3.7365 train_time:541893ms step_avg:598.78ms
step:916/3200 train_loss:3.7726 train_time:542487ms step_avg:598.77ms
step:917/3200 train_loss:3.6854 train_time:543085ms step_avg:598.77ms
step:918/3200 train_loss:3.6915 train_time:543687ms step_avg:598.77ms
step:919/3200 train_loss:4.0344 train_time:544283ms step_avg:598.77ms
step:920/3200 train_loss:3.4625 train_time:544884ms step_avg:598.77ms
step:921/3200 train_loss:3.6261 train_time:545478ms step_avg:598.77ms
step:922/3200 train_loss:3.6407 train_time:546076ms step_avg:598.77ms
step:923/3200 train_loss:3.6405 train_time:546676ms step_avg:598.77ms
step:924/3200 train_loss:3.7242 train_time:547269ms step_avg:598.76ms
step:925/3200 train_loss:3.7516 train_time:547865ms step_avg:598.76ms
step:926/3200 train_loss:3.7466 train_time:548469ms step_avg:598.77ms
step:927/3200 train_loss:3.7036 train_time:549068ms step_avg:598.77ms
step:928/3200 train_loss:3.7878 train_time:549664ms step_avg:598.76ms
step:929/3200 train_loss:3.8616 train_time:550260ms step_avg:598.76ms
step:930/3200 train_loss:3.5516 train_time:550865ms step_avg:598.77ms
step:931/3200 train_loss:3.4941 train_time:551463ms step_avg:598.77ms
step:932/3200 train_loss:3.6161 train_time:552061ms step_avg:598.76ms
step:933/3200 train_loss:3.8317 train_time:552663ms step_avg:598.77ms
step:934/3200 train_loss:3.4416 train_time:553257ms step_avg:598.76ms
step:935/3200 train_loss:3.6874 train_time:553866ms step_avg:598.77ms
step:936/3200 train_loss:3.5087 train_time:554464ms step_avg:598.77ms
step:937/3200 train_loss:3.6152 train_time:555060ms step_avg:598.77ms
step:938/3200 train_loss:3.6842 train_time:555659ms step_avg:598.77ms
step:939/3200 train_loss:3.5726 train_time:556258ms step_avg:598.77ms
step:940/3200 train_loss:3.8324 train_time:556855ms step_avg:598.77ms
step:941/3200 train_loss:3.5750 train_time:557452ms step_avg:598.77ms
step:942/3200 train_loss:3.6512 train_time:558050ms step_avg:598.77ms
step:943/3200 train_loss:3.4037 train_time:558647ms step_avg:598.76ms
step:944/3200 train_loss:3.7361 train_time:559243ms step_avg:598.76ms
step:945/3200 train_loss:3.3586 train_time:559840ms step_avg:598.76ms
step:946/3200 train_loss:3.4850 train_time:560474ms step_avg:598.80ms
step:947/3200 train_loss:4.0106 train_time:561067ms step_avg:598.79ms
step:948/3200 train_loss:3.9220 train_time:561671ms step_avg:598.80ms
step:949/3200 train_loss:3.6551 train_time:562267ms step_avg:598.79ms
step:950/3200 train_loss:3.6532 train_time:562981ms step_avg:598.92ms
step:951/3200 train_loss:3.5817 train_time:563576ms step_avg:598.91ms
step:952/3200 train_loss:3.5444 train_time:564174ms step_avg:598.91ms
step:953/3200 train_loss:3.5912 train_time:564776ms step_avg:598.91ms
step:954/3200 train_loss:3.7479 train_time:565376ms step_avg:598.91ms
step:955/3200 train_loss:3.6060 train_time:565975ms step_avg:598.92ms
step:956/3200 train_loss:3.6209 train_time:566571ms step_avg:598.91ms
step:957/3200 train_loss:3.5550 train_time:567169ms step_avg:598.91ms
step:958/3200 train_loss:3.6297 train_time:567765ms step_avg:598.91ms
step:959/3200 train_loss:3.6459 train_time:568363ms step_avg:598.91ms
step:960/3200 train_loss:3.7493 train_time:568961ms step_avg:598.91ms
step:961/3200 train_loss:3.4077 train_time:569558ms step_avg:598.90ms
step:962/3200 train_loss:3.8492 train_time:570158ms step_avg:598.91ms
step:963/3200 train_loss:3.8510 train_time:570747ms step_avg:598.90ms
step:964/3200 train_loss:3.7034 train_time:571345ms step_avg:598.89ms
step:965/3200 train_loss:3.5051 train_time:571942ms step_avg:598.89ms
step:966/3200 train_loss:3.5560 train_time:572544ms step_avg:598.89ms
step:967/3200 train_loss:3.8346 train_time:573140ms step_avg:598.89ms
step:968/3200 train_loss:3.5961 train_time:573736ms step_avg:598.89ms
step:969/3200 train_loss:3.6129 train_time:574336ms step_avg:598.89ms
step:970/3200 train_loss:3.6424 train_time:574930ms step_avg:598.89ms
step:971/3200 train_loss:3.5330 train_time:575529ms step_avg:598.89ms
step:972/3200 train_loss:3.6281 train_time:576125ms step_avg:598.88ms
step:973/3200 train_loss:3.5968 train_time:576722ms step_avg:598.88ms
step:974/3200 train_loss:3.6354 train_time:577319ms step_avg:598.88ms
step:975/3200 train_loss:3.7686 train_time:577919ms step_avg:598.88ms
step:976/3200 train_loss:3.6176 train_time:578516ms step_avg:598.88ms
step:977/3200 train_loss:3.9797 train_time:579114ms step_avg:598.88ms
step:978/3200 train_loss:3.7743 train_time:579711ms step_avg:598.87ms
step:979/3200 train_loss:3.4575 train_time:580305ms step_avg:598.87ms
step:980/3200 train_loss:4.1420 train_time:580901ms step_avg:598.87ms
step:981/3200 train_loss:3.5809 train_time:581500ms step_avg:598.87ms
step:982/3200 train_loss:3.6416 train_time:582100ms step_avg:598.87ms
step:983/3200 train_loss:3.5814 train_time:582698ms step_avg:598.87ms
step:984/3200 train_loss:3.6270 train_time:583296ms step_avg:598.87ms
step:985/3200 train_loss:3.7096 train_time:583893ms step_avg:598.86ms
step:986/3200 train_loss:3.7619 train_time:584489ms step_avg:598.86ms
step:987/3200 train_loss:3.5487 train_time:585085ms step_avg:598.86ms
step:988/3200 train_loss:3.6050 train_time:585684ms step_avg:598.86ms
step:989/3200 train_loss:3.5955 train_time:586280ms step_avg:598.86ms
step:990/3200 train_loss:3.5325 train_time:586875ms step_avg:598.85ms
step:991/3200 train_loss:3.8065 train_time:587476ms step_avg:598.85ms
step:992/3200 train_loss:3.4640 train_time:588071ms step_avg:598.85ms
step:993/3200 train_loss:3.5905 train_time:588673ms step_avg:598.85ms
step:994/3200 train_loss:3.6048 train_time:589270ms step_avg:598.85ms
step:995/3200 train_loss:3.7343 train_time:589868ms step_avg:598.85ms
step:996/3200 train_loss:3.5983 train_time:590461ms step_avg:598.84ms
step:997/3200 train_loss:3.5071 train_time:591056ms step_avg:598.84ms
step:998/3200 train_loss:3.9082 train_time:591653ms step_avg:598.84ms
step:999/3200 train_loss:3.5652 train_time:592251ms step_avg:598.84ms
step:1000/3200 train_loss:3.7957 train_time:592852ms step_avg:598.84ms
step:1000/3200 val_loss:3.5996 train_time:593230ms step_avg:599.22ms
step:1001/3200 train_loss:3.4999 train_time:593448ms step_avg:598.84ms
step:1002/3200 train_loss:3.5216 train_time:594044ms step_avg:598.83ms
step:1003/3200 train_loss:3.5365 train_time:594645ms step_avg:598.84ms
step:1004/3200 train_loss:3.8947 train_time:595242ms step_avg:598.83ms
step:1005/3200 train_loss:3.7215 train_time:595838ms step_avg:598.83ms
step:1006/3200 train_loss:3.5106 train_time:596435ms step_avg:598.83ms
step:1007/3200 train_loss:3.5460 train_time:597039ms step_avg:598.84ms
step:1008/3200 train_loss:3.5089 train_time:597637ms step_avg:598.83ms
step:1009/3200 train_loss:3.7273 train_time:598236ms step_avg:598.83ms
step:1010/3200 train_loss:3.8054 train_time:598845ms step_avg:598.85ms
step:1011/3200 train_loss:3.7268 train_time:599441ms step_avg:598.84ms
step:1012/3200 train_loss:3.6687 train_time:600042ms step_avg:598.84ms
step:1013/3200 train_loss:3.5163 train_time:600648ms step_avg:598.85ms
step:1014/3200 train_loss:3.7384 train_time:601246ms step_avg:598.85ms
step:1015/3200 train_loss:3.6968 train_time:601841ms step_avg:598.85ms
step:1016/3200 train_loss:3.3884 train_time:602440ms step_avg:598.85ms
step:1017/3200 train_loss:3.5793 train_time:603039ms step_avg:598.85ms
step:1018/3200 train_loss:3.4983 train_time:603643ms step_avg:598.85ms
step:1019/3200 train_loss:3.5313 train_time:604252ms step_avg:598.86ms
step:1020/3200 train_loss:3.5054 train_time:604853ms step_avg:598.86ms
step:1021/3200 train_loss:3.4883 train_time:605449ms step_avg:598.86ms
step:1022/3200 train_loss:3.4538 train_time:606048ms step_avg:598.86ms
step:1023/3200 train_loss:3.6671 train_time:606647ms step_avg:598.86ms
step:1024/3200 train_loss:3.6298 train_time:607245ms step_avg:598.86ms
step:1025/3200 train_loss:3.6137 train_time:607841ms step_avg:598.86ms
step:1026/3200 train_loss:3.5443 train_time:608437ms step_avg:598.86ms
step:1027/3200 train_loss:3.6328 train_time:609039ms step_avg:598.86ms
step:1028/3200 train_loss:3.5712 train_time:609636ms step_avg:598.86ms
step:1029/3200 train_loss:3.5112 train_time:610234ms step_avg:598.86ms
step:1030/3200 train_loss:3.5437 train_time:610829ms step_avg:598.85ms
step:1031/3200 train_loss:3.6112 train_time:611427ms step_avg:598.85ms
step:1032/3200 train_loss:3.4909 train_time:612034ms step_avg:598.86ms
step:1033/3200 train_loss:3.7380 train_time:612630ms step_avg:598.86ms
step:1034/3200 train_loss:3.5982 train_time:613233ms step_avg:598.86ms
step:1035/3200 train_loss:3.4301 train_time:613830ms step_avg:598.86ms
step:1036/3200 train_loss:3.4936 train_time:614429ms step_avg:598.86ms
step:1037/3200 train_loss:3.6574 train_time:615029ms step_avg:598.86ms
step:1038/3200 train_loss:4.0285 train_time:615625ms step_avg:598.86ms
step:1039/3200 train_loss:3.7727 train_time:616219ms step_avg:598.85ms
step:1040/3200 train_loss:3.7209 train_time:616822ms step_avg:598.86ms
step:1041/3200 train_loss:3.6364 train_time:617418ms step_avg:598.85ms
step:1042/3200 train_loss:3.4760 train_time:618020ms step_avg:598.86ms
step:1043/3200 train_loss:3.5212 train_time:618617ms step_avg:598.85ms
step:1044/3200 train_loss:3.5524 train_time:619214ms step_avg:598.85ms
step:1045/3200 train_loss:3.6800 train_time:619812ms step_avg:598.85ms
step:1046/3200 train_loss:3.7470 train_time:620411ms step_avg:598.85ms
step:1047/3200 train_loss:3.6024 train_time:621011ms step_avg:598.85ms
step:1048/3200 train_loss:3.8151 train_time:621605ms step_avg:598.85ms
step:1049/3200 train_loss:3.6559 train_time:622201ms step_avg:598.85ms
step:1050/3200 train_loss:3.6202 train_time:622799ms step_avg:598.85ms
step:1051/3200 train_loss:3.4592 train_time:623394ms step_avg:598.84ms
step:1052/3200 train_loss:3.6867 train_time:623992ms step_avg:598.84ms
step:1053/3200 train_loss:3.4678 train_time:624589ms step_avg:598.84ms
step:1054/3200 train_loss:3.9212 train_time:625186ms step_avg:598.84ms
step:1055/3200 train_loss:3.4620 train_time:625781ms step_avg:598.83ms
step:1056/3200 train_loss:3.5765 train_time:626380ms step_avg:598.83ms
step:1057/3200 train_loss:3.7267 train_time:626976ms step_avg:598.83ms
step:1058/3200 train_loss:3.6121 train_time:627581ms step_avg:598.84ms
step:1059/3200 train_loss:3.4747 train_time:628177ms step_avg:598.83ms
step:1060/3200 train_loss:3.7113 train_time:628775ms step_avg:598.83ms
step:1061/3200 train_loss:3.6517 train_time:629367ms step_avg:598.83ms
step:1062/3200 train_loss:3.5301 train_time:629964ms step_avg:598.83ms
step:1063/3200 train_loss:3.5057 train_time:630560ms step_avg:598.82ms
step:1064/3200 train_loss:3.6426 train_time:631160ms step_avg:598.82ms
step:1065/3200 train_loss:3.4412 train_time:631756ms step_avg:598.82ms
step:1066/3200 train_loss:3.4476 train_time:632349ms step_avg:598.82ms
step:1067/3200 train_loss:3.5951 train_time:632946ms step_avg:598.81ms
step:1068/3200 train_loss:3.3949 train_time:633543ms step_avg:598.81ms
step:1069/3200 train_loss:3.5344 train_time:634143ms step_avg:598.81ms
step:1070/3200 train_loss:3.2776 train_time:634738ms step_avg:598.81ms
step:1071/3200 train_loss:3.7910 train_time:635339ms step_avg:598.81ms
step:1072/3200 train_loss:3.6547 train_time:635935ms step_avg:598.81ms
step:1073/3200 train_loss:3.5483 train_time:636533ms step_avg:598.81ms
step:1074/3200 train_loss:3.7198 train_time:637128ms step_avg:598.80ms
step:1075/3200 train_loss:3.5907 train_time:637725ms step_avg:598.80ms
step:1076/3200 train_loss:3.4953 train_time:638322ms step_avg:598.80ms
step:1077/3200 train_loss:3.8870 train_time:638920ms step_avg:598.80ms
step:1078/3200 train_loss:3.5195 train_time:639516ms step_avg:598.80ms
step:1079/3200 train_loss:3.2652 train_time:640113ms step_avg:598.80ms
step:1080/3200 train_loss:3.4478 train_time:640713ms step_avg:598.80ms
step:1081/3200 train_loss:3.5626 train_time:641308ms step_avg:598.79ms
step:1082/3200 train_loss:3.6778 train_time:641905ms step_avg:598.79ms
step:1083/3200 train_loss:3.7376 train_time:642503ms step_avg:598.79ms
step:1084/3200 train_loss:3.7433 train_time:643104ms step_avg:598.79ms
step:1085/3200 train_loss:3.5336 train_time:643697ms step_avg:598.79ms
step:1086/3200 train_loss:3.6582 train_time:644294ms step_avg:598.79ms
step:1087/3200 train_loss:3.4827 train_time:644890ms step_avg:598.78ms
step:1088/3200 train_loss:3.6680 train_time:645488ms step_avg:598.78ms
step:1089/3200 train_loss:3.5292 train_time:646084ms step_avg:598.78ms
step:1090/3200 train_loss:3.4823 train_time:646680ms step_avg:598.78ms
step:1091/3200 train_loss:3.7335 train_time:647281ms step_avg:598.78ms
step:1092/3200 train_loss:3.5511 train_time:647876ms step_avg:598.78ms
step:1093/3200 train_loss:3.6849 train_time:648472ms step_avg:598.77ms
step:1094/3200 train_loss:3.5665 train_time:649068ms step_avg:598.77ms
step:1095/3200 train_loss:3.6500 train_time:649670ms step_avg:598.77ms
step:1096/3200 train_loss:3.5279 train_time:650267ms step_avg:598.77ms
step:1097/3200 train_loss:3.5660 train_time:650864ms step_avg:598.77ms
step:1098/3200 train_loss:3.6325 train_time:651458ms step_avg:598.77ms
step:1099/3200 train_loss:3.7380 train_time:652055ms step_avg:598.77ms
step:1100/3200 train_loss:3.5909 train_time:652657ms step_avg:598.77ms
step:1101/3200 train_loss:3.6780 train_time:653254ms step_avg:598.77ms
step:1102/3200 train_loss:3.5857 train_time:653848ms step_avg:598.76ms
step:1103/3200 train_loss:3.4397 train_time:654451ms step_avg:598.77ms
step:1104/3200 train_loss:3.5658 train_time:655045ms step_avg:598.76ms
step:1105/3200 train_loss:3.5429 train_time:655639ms step_avg:598.76ms
step:1106/3200 train_loss:3.7576 train_time:656239ms step_avg:598.76ms
step:1107/3200 train_loss:3.3146 train_time:656838ms step_avg:598.76ms
step:1108/3200 train_loss:3.7850 train_time:657435ms step_avg:598.76ms
step:1109/3200 train_loss:3.6066 train_time:658030ms step_avg:598.75ms
step:1110/3200 train_loss:3.5697 train_time:658628ms step_avg:598.75ms
step:1111/3200 train_loss:3.6068 train_time:659227ms step_avg:598.75ms
step:1112/3200 train_loss:3.6570 train_time:659825ms step_avg:598.75ms
step:1113/3200 train_loss:3.7313 train_time:660419ms step_avg:598.75ms
step:1114/3200 train_loss:3.5877 train_time:661016ms step_avg:598.75ms
step:1115/3200 train_loss:3.6072 train_time:661617ms step_avg:598.75ms
step:1116/3200 train_loss:3.3942 train_time:662211ms step_avg:598.74ms
step:1117/3200 train_loss:3.5703 train_time:662810ms step_avg:598.74ms
step:1118/3200 train_loss:3.5936 train_time:663406ms step_avg:598.74ms
step:1119/3200 train_loss:4.0308 train_time:664005ms step_avg:598.74ms
step:1120/3200 train_loss:3.7045 train_time:664608ms step_avg:598.75ms
step:1121/3200 train_loss:3.6123 train_time:665199ms step_avg:598.74ms
step:1122/3200 train_loss:3.5683 train_time:665797ms step_avg:598.74ms
step:1123/3200 train_loss:3.6000 train_time:666394ms step_avg:598.74ms
step:1124/3200 train_loss:3.8173 train_time:666990ms step_avg:598.73ms
step:1125/3200 train_loss:3.4481 train_time:667586ms step_avg:598.73ms
step:1125/3200 val_loss:3.5703 train_time:667968ms step_avg:599.07ms
step:1126/3200 train_loss:3.2693 train_time:668188ms step_avg:598.73ms
step:1127/3200 train_loss:3.6936 train_time:668783ms step_avg:598.73ms
step:1128/3200 train_loss:4.0881 train_time:669378ms step_avg:598.73ms
step:1129/3200 train_loss:3.4464 train_time:669977ms step_avg:598.73ms
step:1130/3200 train_loss:3.7348 train_time:670575ms step_avg:598.73ms
step:1131/3200 train_loss:3.6525 train_time:671169ms step_avg:598.72ms
step:1132/3200 train_loss:3.5853 train_time:671766ms step_avg:598.72ms
step:1133/3200 train_loss:3.6225 train_time:672362ms step_avg:598.72ms
step:1134/3200 train_loss:3.8161 train_time:672962ms step_avg:598.72ms
step:1135/3200 train_loss:3.5994 train_time:673557ms step_avg:598.72ms
step:1136/3200 train_loss:3.5588 train_time:674152ms step_avg:598.71ms
step:1137/3200 train_loss:3.7511 train_time:674748ms step_avg:598.71ms
step:1138/3200 train_loss:3.6354 train_time:675345ms step_avg:598.71ms
step:1139/3200 train_loss:3.4305 train_time:675944ms step_avg:598.71ms
step:1140/3200 train_loss:3.9051 train_time:676913ms step_avg:599.04ms
step:1141/3200 train_loss:3.5917 train_time:677518ms step_avg:599.04ms
step:1142/3200 train_loss:3.8053 train_time:678121ms step_avg:599.05ms
step:1143/3200 train_loss:3.6771 train_time:678714ms step_avg:599.04ms
step:1144/3200 train_loss:3.6023 train_time:679319ms step_avg:599.05ms
step:1145/3200 train_loss:3.5479 train_time:679917ms step_avg:599.05ms
step:1146/3200 train_loss:3.6117 train_time:680514ms step_avg:599.04ms
step:1147/3200 train_loss:3.8860 train_time:681114ms step_avg:599.04ms
step:1148/3200 train_loss:3.7279 train_time:681709ms step_avg:599.04ms
step:1149/3200 train_loss:3.5594 train_time:682307ms step_avg:599.04ms
step:1150/3200 train_loss:3.4268 train_time:682902ms step_avg:599.04ms
step:1151/3200 train_loss:3.4710 train_time:683499ms step_avg:599.04ms
step:1152/3200 train_loss:3.5202 train_time:684096ms step_avg:599.03ms
step:1153/3200 train_loss:3.9283 train_time:684695ms step_avg:599.03ms
step:1154/3200 train_loss:3.7210 train_time:685290ms step_avg:599.03ms
step:1155/3200 train_loss:3.7303 train_time:685890ms step_avg:599.03ms
step:1156/3200 train_loss:3.3921 train_time:686484ms step_avg:599.03ms
step:1157/3200 train_loss:3.7867 train_time:687081ms step_avg:599.02ms
step:1158/3200 train_loss:3.6409 train_time:687684ms step_avg:599.03ms
step:1159/3200 train_loss:3.4165 train_time:688278ms step_avg:599.02ms
step:1160/3200 train_loss:3.5101 train_time:688874ms step_avg:599.02ms
step:1161/3200 train_loss:3.4337 train_time:689469ms step_avg:599.02ms
step:1162/3200 train_loss:3.4069 train_time:690069ms step_avg:599.02ms
step:1163/3200 train_loss:3.4544 train_time:690666ms step_avg:599.02ms
step:1164/3200 train_loss:3.6656 train_time:691263ms step_avg:599.01ms
step:1165/3200 train_loss:3.5591 train_time:691860ms step_avg:599.01ms
step:1166/3200 train_loss:3.4244 train_time:692463ms step_avg:599.02ms
step:1167/3200 train_loss:3.5385 train_time:693056ms step_avg:599.01ms
step:1168/3200 train_loss:3.5483 train_time:693652ms step_avg:599.01ms
step:1169/3200 train_loss:3.7458 train_time:694255ms step_avg:599.01ms
step:1170/3200 train_loss:3.4839 train_time:694849ms step_avg:599.01ms
step:1171/3200 train_loss:3.5577 train_time:695444ms step_avg:599.00ms
step:1172/3200 train_loss:3.5369 train_time:696040ms step_avg:599.00ms
step:1173/3200 train_loss:3.5682 train_time:696636ms step_avg:599.00ms
step:1174/3200 train_loss:3.7343 train_time:697240ms step_avg:599.00ms
step:1175/3200 train_loss:3.4550 train_time:697837ms step_avg:599.00ms
step:1176/3200 train_loss:3.5791 train_time:698430ms step_avg:599.00ms
step:1177/3200 train_loss:3.7047 train_time:699027ms step_avg:598.99ms
step:1178/3200 train_loss:3.4983 train_time:699624ms step_avg:598.99ms
step:1179/3200 train_loss:3.6565 train_time:700221ms step_avg:598.99ms
step:1180/3200 train_loss:3.4983 train_time:700816ms step_avg:598.99ms
step:1181/3200 train_loss:3.4667 train_time:701413ms step_avg:598.99ms
step:1182/3200 train_loss:3.3135 train_time:702009ms step_avg:598.98ms
step:1183/3200 train_loss:3.6070 train_time:702604ms step_avg:598.98ms
step:1184/3200 train_loss:3.4009 train_time:703200ms step_avg:598.98ms
step:1185/3200 train_loss:3.7969 train_time:703797ms step_avg:598.98ms
step:1186/3200 train_loss:3.7771 train_time:704394ms step_avg:598.97ms
step:1187/3200 train_loss:3.5253 train_time:704993ms step_avg:598.97ms
step:1188/3200 train_loss:3.5411 train_time:705591ms step_avg:598.97ms
step:1189/3200 train_loss:3.5744 train_time:706192ms step_avg:598.98ms
step:1190/3200 train_loss:3.3718 train_time:706791ms step_avg:598.98ms
step:1191/3200 train_loss:3.6395 train_time:707387ms step_avg:598.97ms
step:1192/3200 train_loss:4.0174 train_time:707984ms step_avg:598.97ms
step:1193/3200 train_loss:3.5403 train_time:708585ms step_avg:598.97ms
step:1194/3200 train_loss:3.4671 train_time:709182ms step_avg:598.97ms
step:1195/3200 train_loss:3.7302 train_time:709787ms step_avg:598.98ms
step:1196/3200 train_loss:3.5302 train_time:710388ms step_avg:598.98ms
step:1197/3200 train_loss:3.4518 train_time:710980ms step_avg:598.97ms
step:1198/3200 train_loss:3.4334 train_time:711590ms step_avg:598.98ms
step:1199/3200 train_loss:3.4156 train_time:712189ms step_avg:598.98ms
step:1200/3200 train_loss:3.5571 train_time:712785ms step_avg:598.98ms
step:1201/3200 train_loss:3.6143 train_time:713386ms step_avg:598.98ms
step:1202/3200 train_loss:3.7585 train_time:713990ms step_avg:598.99ms
step:1203/3200 train_loss:3.7442 train_time:714588ms step_avg:598.98ms
step:1204/3200 train_loss:3.5897 train_time:715186ms step_avg:598.98ms
step:1205/3200 train_loss:3.4946 train_time:715781ms step_avg:598.98ms
step:1206/3200 train_loss:3.5530 train_time:716377ms step_avg:598.98ms
step:1207/3200 train_loss:3.6687 train_time:716980ms step_avg:598.98ms
step:1208/3200 train_loss:3.7264 train_time:717583ms step_avg:598.98ms
step:1209/3200 train_loss:3.4887 train_time:718185ms step_avg:598.99ms
step:1210/3200 train_loss:3.3854 train_time:718783ms step_avg:598.99ms
step:1211/3200 train_loss:3.3232 train_time:719380ms step_avg:598.98ms
step:1212/3200 train_loss:3.6251 train_time:719983ms step_avg:598.99ms
step:1213/3200 train_loss:3.6852 train_time:720590ms step_avg:598.99ms
step:1214/3200 train_loss:3.5416 train_time:721185ms step_avg:598.99ms
step:1215/3200 train_loss:3.4354 train_time:721781ms step_avg:598.99ms
step:1216/3200 train_loss:3.7506 train_time:722379ms step_avg:598.99ms
step:1217/3200 train_loss:3.4888 train_time:722975ms step_avg:598.99ms
step:1218/3200 train_loss:3.5533 train_time:723572ms step_avg:598.98ms
step:1219/3200 train_loss:3.5887 train_time:724170ms step_avg:598.98ms
step:1220/3200 train_loss:3.6004 train_time:724767ms step_avg:598.98ms
step:1221/3200 train_loss:3.5587 train_time:725364ms step_avg:598.98ms
step:1222/3200 train_loss:3.7745 train_time:725960ms step_avg:598.98ms
step:1223/3200 train_loss:3.5240 train_time:726562ms step_avg:598.98ms
step:1224/3200 train_loss:3.4497 train_time:727156ms step_avg:598.98ms
step:1225/3200 train_loss:3.3579 train_time:727769ms step_avg:598.99ms
step:1226/3200 train_loss:3.4771 train_time:728373ms step_avg:598.99ms
step:1227/3200 train_loss:3.4783 train_time:728957ms step_avg:598.98ms
step:1228/3200 train_loss:3.5098 train_time:729554ms step_avg:598.98ms
step:1229/3200 train_loss:3.5908 train_time:730151ms step_avg:598.98ms
step:1230/3200 train_loss:3.5086 train_time:730749ms step_avg:598.97ms
step:1231/3200 train_loss:3.7777 train_time:731344ms step_avg:598.97ms
step:1232/3200 train_loss:3.8318 train_time:731945ms step_avg:598.97ms
step:1233/3200 train_loss:3.7272 train_time:732541ms step_avg:598.97ms
step:1234/3200 train_loss:3.6428 train_time:733137ms step_avg:598.97ms
step:1235/3200 train_loss:3.8055 train_time:733734ms step_avg:598.97ms
step:1236/3200 train_loss:3.5219 train_time:734331ms step_avg:598.96ms
step:1237/3200 train_loss:3.4631 train_time:734927ms step_avg:598.96ms
step:1238/3200 train_loss:3.4005 train_time:735523ms step_avg:598.96ms
step:1239/3200 train_loss:3.4300 train_time:736119ms step_avg:598.96ms
step:1240/3200 train_loss:3.5102 train_time:736715ms step_avg:598.96ms
step:1241/3200 train_loss:3.4097 train_time:737312ms step_avg:598.95ms
step:1242/3200 train_loss:3.6171 train_time:737912ms step_avg:598.95ms
step:1243/3200 train_loss:3.5044 train_time:738507ms step_avg:598.95ms
step:1244/3200 train_loss:3.5908 train_time:739107ms step_avg:598.95ms
step:1245/3200 train_loss:3.6552 train_time:739704ms step_avg:598.95ms
step:1246/3200 train_loss:3.4077 train_time:740300ms step_avg:598.95ms
step:1247/3200 train_loss:3.4809 train_time:740899ms step_avg:598.95ms
step:1248/3200 train_loss:3.6084 train_time:741499ms step_avg:598.95ms
step:1249/3200 train_loss:3.7252 train_time:742091ms step_avg:598.94ms
step:1250/3200 train_loss:3.5998 train_time:742689ms step_avg:598.94ms
step:1250/3200 val_loss:3.5433 train_time:743068ms step_avg:599.25ms
step:1251/3200 train_loss:3.4759 train_time:743290ms step_avg:598.94ms
step:1252/3200 train_loss:3.5572 train_time:743883ms step_avg:598.94ms
step:1253/3200 train_loss:3.5589 train_time:744478ms step_avg:598.94ms
step:1254/3200 train_loss:3.5624 train_time:745075ms step_avg:598.93ms
step:1255/3200 train_loss:3.7229 train_time:745674ms step_avg:598.93ms
step:1256/3200 train_loss:3.6408 train_time:746269ms step_avg:598.93ms
step:1257/3200 train_loss:3.6682 train_time:746869ms step_avg:598.93ms
step:1258/3200 train_loss:3.6380 train_time:747463ms step_avg:598.93ms
step:1259/3200 train_loss:3.5307 train_time:748061ms step_avg:598.93ms
step:1260/3200 train_loss:3.5270 train_time:748656ms step_avg:598.92ms
step:1261/3200 train_loss:3.3864 train_time:749258ms step_avg:598.93ms
step:1262/3200 train_loss:3.3017 train_time:749855ms step_avg:598.93ms
step:1263/3200 train_loss:3.6534 train_time:750455ms step_avg:598.93ms
step:1264/3200 train_loss:3.3645 train_time:751051ms step_avg:598.92ms
step:1265/3200 train_loss:3.7033 train_time:751647ms step_avg:598.92ms
step:1266/3200 train_loss:3.6083 train_time:752247ms step_avg:598.92ms
step:1267/3200 train_loss:3.5901 train_time:752842ms step_avg:598.92ms
step:1268/3200 train_loss:3.6805 train_time:753440ms step_avg:598.92ms
step:1269/3200 train_loss:3.4966 train_time:754040ms step_avg:598.92ms
step:1270/3200 train_loss:3.5082 train_time:754634ms step_avg:598.92ms
step:1271/3200 train_loss:3.4459 train_time:755237ms step_avg:598.92ms
step:1272/3200 train_loss:3.4490 train_time:755827ms step_avg:598.91ms
step:1273/3200 train_loss:3.4812 train_time:756422ms step_avg:598.91ms
step:1274/3200 train_loss:3.5301 train_time:757019ms step_avg:598.91ms
step:1275/3200 train_loss:3.5296 train_time:757615ms step_avg:598.91ms
step:1276/3200 train_loss:3.6546 train_time:758213ms step_avg:598.90ms
step:1277/3200 train_loss:3.6519 train_time:758810ms step_avg:598.90ms
step:1278/3200 train_loss:3.6186 train_time:759405ms step_avg:598.90ms
step:1279/3200 train_loss:3.5093 train_time:760002ms step_avg:598.90ms
step:1280/3200 train_loss:3.3496 train_time:760601ms step_avg:598.90ms
step:1281/3200 train_loss:3.4346 train_time:761198ms step_avg:598.90ms
step:1282/3200 train_loss:3.6549 train_time:761795ms step_avg:598.90ms
step:1283/3200 train_loss:3.5823 train_time:762391ms step_avg:598.89ms
step:1284/3200 train_loss:3.6363 train_time:762992ms step_avg:598.89ms
step:1285/3200 train_loss:3.5829 train_time:763588ms step_avg:598.89ms
step:1286/3200 train_loss:3.5568 train_time:764185ms step_avg:598.89ms
step:1287/3200 train_loss:3.4155 train_time:764781ms step_avg:598.89ms
step:1288/3200 train_loss:3.4900 train_time:765387ms step_avg:598.89ms
step:1289/3200 train_loss:3.4645 train_time:765981ms step_avg:598.89ms
step:1290/3200 train_loss:3.4114 train_time:766588ms step_avg:598.90ms
step:1291/3200 train_loss:3.5661 train_time:767188ms step_avg:598.90ms
step:1292/3200 train_loss:3.5949 train_time:767782ms step_avg:598.89ms
step:1293/3200 train_loss:3.6426 train_time:768380ms step_avg:598.89ms
step:1294/3200 train_loss:3.6584 train_time:768976ms step_avg:598.89ms
step:1295/3200 train_loss:3.3055 train_time:769584ms step_avg:598.90ms
step:1296/3200 train_loss:3.4315 train_time:770183ms step_avg:598.90ms
step:1297/3200 train_loss:3.6254 train_time:770779ms step_avg:598.90ms
step:1298/3200 train_loss:3.3692 train_time:771377ms step_avg:598.89ms
step:1299/3200 train_loss:3.6224 train_time:771974ms step_avg:598.89ms
step:1300/3200 train_loss:3.5632 train_time:772569ms step_avg:598.89ms
step:1301/3200 train_loss:3.6714 train_time:773168ms step_avg:598.89ms
step:1302/3200 train_loss:3.6283 train_time:773765ms step_avg:598.89ms
step:1303/3200 train_loss:3.7955 train_time:774361ms step_avg:598.89ms
step:1304/3200 train_loss:3.3905 train_time:774963ms step_avg:598.89ms
step:1305/3200 train_loss:3.8914 train_time:775557ms step_avg:598.89ms
step:1306/3200 train_loss:3.5060 train_time:776166ms step_avg:598.89ms
step:1307/3200 train_loss:3.7021 train_time:776764ms step_avg:598.89ms
step:1308/3200 train_loss:3.8644 train_time:777359ms step_avg:598.89ms
step:1309/3200 train_loss:3.4801 train_time:777959ms step_avg:598.89ms
step:1310/3200 train_loss:3.4360 train_time:778575ms step_avg:598.90ms
step:1311/3200 train_loss:3.6079 train_time:779174ms step_avg:598.90ms
step:1312/3200 train_loss:3.5389 train_time:779771ms step_avg:598.90ms
step:1313/3200 train_loss:3.5193 train_time:780369ms step_avg:598.90ms
step:1314/3200 train_loss:3.6093 train_time:780968ms step_avg:598.90ms
step:1315/3200 train_loss:3.2493 train_time:781545ms step_avg:598.88ms
step:1316/3200 train_loss:3.4427 train_time:782141ms step_avg:598.88ms
step:1317/3200 train_loss:3.5544 train_time:782739ms step_avg:598.88ms
step:1318/3200 train_loss:3.6610 train_time:783336ms step_avg:598.88ms
step:1319/3200 train_loss:3.3632 train_time:783931ms step_avg:598.88ms
step:1320/3200 train_loss:3.5430 train_time:784533ms step_avg:598.88ms
step:1321/3200 train_loss:3.6763 train_time:785128ms step_avg:598.88ms
step:1322/3200 train_loss:3.6382 train_time:785725ms step_avg:598.88ms
step:1323/3200 train_loss:3.5226 train_time:786320ms step_avg:598.87ms
step:1324/3200 train_loss:3.5505 train_time:786923ms step_avg:598.88ms
step:1325/3200 train_loss:3.8078 train_time:787518ms step_avg:598.87ms
step:1326/3200 train_loss:3.8447 train_time:788115ms step_avg:598.87ms
step:1327/3200 train_loss:3.5842 train_time:788714ms step_avg:598.87ms
step:1328/3200 train_loss:3.4100 train_time:789310ms step_avg:598.87ms
step:1329/3200 train_loss:3.8104 train_time:789905ms step_avg:598.87ms
step:1330/3200 train_loss:3.5782 train_time:790938ms step_avg:599.20ms
step:1331/3200 train_loss:3.7970 train_time:791534ms step_avg:599.19ms
step:1332/3200 train_loss:3.5003 train_time:792128ms step_avg:599.19ms
step:1333/3200 train_loss:3.7630 train_time:792722ms step_avg:599.18ms
step:1334/3200 train_loss:3.6705 train_time:793319ms step_avg:599.18ms
step:1335/3200 train_loss:3.5680 train_time:793916ms step_avg:599.18ms
step:1336/3200 train_loss:3.4694 train_time:794511ms step_avg:599.18ms
step:1337/3200 train_loss:3.5903 train_time:795109ms step_avg:599.18ms
step:1338/3200 train_loss:3.7768 train_time:795706ms step_avg:599.18ms
step:1339/3200 train_loss:3.6554 train_time:796303ms step_avg:599.17ms
step:1340/3200 train_loss:3.4997 train_time:796901ms step_avg:599.17ms
step:1341/3200 train_loss:3.4424 train_time:797495ms step_avg:599.17ms
step:1342/3200 train_loss:3.8148 train_time:798101ms step_avg:599.17ms
step:1343/3200 train_loss:3.6214 train_time:798699ms step_avg:599.17ms
step:1344/3200 train_loss:3.6288 train_time:799296ms step_avg:599.17ms
step:1345/3200 train_loss:3.6465 train_time:799892ms step_avg:599.17ms
step:1346/3200 train_loss:3.6175 train_time:800489ms step_avg:599.17ms
step:1347/3200 train_loss:3.4513 train_time:801090ms step_avg:599.17ms
step:1348/3200 train_loss:3.4433 train_time:801683ms step_avg:599.17ms
step:1349/3200 train_loss:3.5739 train_time:802280ms step_avg:599.16ms
step:1350/3200 train_loss:3.4540 train_time:802875ms step_avg:599.16ms
step:1351/3200 train_loss:3.6319 train_time:803473ms step_avg:599.16ms
step:1352/3200 train_loss:3.5299 train_time:804071ms step_avg:599.16ms
step:1353/3200 train_loss:3.4826 train_time:804667ms step_avg:599.16ms
step:1354/3200 train_loss:3.6160 train_time:805265ms step_avg:599.16ms
step:1355/3200 train_loss:3.4920 train_time:805860ms step_avg:599.15ms
step:1356/3200 train_loss:3.2869 train_time:806462ms step_avg:599.15ms
step:1357/3200 train_loss:3.6088 train_time:807055ms step_avg:599.15ms
step:1358/3200 train_loss:3.6956 train_time:807657ms step_avg:599.15ms
step:1359/3200 train_loss:3.3884 train_time:808255ms step_avg:599.15ms
step:1360/3200 train_loss:3.7182 train_time:808852ms step_avg:599.15ms
step:1361/3200 train_loss:3.6689 train_time:809448ms step_avg:599.15ms
step:1362/3200 train_loss:3.3870 train_time:810042ms step_avg:599.14ms
step:1363/3200 train_loss:3.5713 train_time:810640ms step_avg:599.14ms
step:1364/3200 train_loss:3.4145 train_time:811235ms step_avg:599.14ms
step:1365/3200 train_loss:3.4403 train_time:811832ms step_avg:599.14ms
step:1366/3200 train_loss:3.5723 train_time:812428ms step_avg:599.14ms
step:1367/3200 train_loss:3.6204 train_time:813026ms step_avg:599.13ms
step:1368/3200 train_loss:3.5824 train_time:813622ms step_avg:599.13ms
step:1369/3200 train_loss:3.6917 train_time:814220ms step_avg:599.13ms
step:1370/3200 train_loss:3.6054 train_time:814818ms step_avg:599.13ms
step:1371/3200 train_loss:3.8763 train_time:815412ms step_avg:599.13ms
step:1372/3200 train_loss:3.5059 train_time:816008ms step_avg:599.13ms
step:1373/3200 train_loss:3.4875 train_time:816605ms step_avg:599.12ms
step:1374/3200 train_loss:3.5587 train_time:817202ms step_avg:599.12ms
step:1375/3200 train_loss:3.3909 train_time:817799ms step_avg:599.12ms
step:1375/3200 val_loss:3.5215 train_time:818180ms step_avg:599.40ms
step:1376/3200 train_loss:3.8280 train_time:818397ms step_avg:599.12ms
step:1377/3200 train_loss:3.5412 train_time:818992ms step_avg:599.12ms
step:1378/3200 train_loss:3.7493 train_time:819591ms step_avg:599.12ms
step:1379/3200 train_loss:3.7736 train_time:820186ms step_avg:599.11ms
step:1380/3200 train_loss:3.5395 train_time:820784ms step_avg:599.11ms
step:1381/3200 train_loss:3.5521 train_time:821380ms step_avg:599.11ms
step:1382/3200 train_loss:3.5944 train_time:821981ms step_avg:599.11ms
step:1383/3200 train_loss:3.4387 train_time:822577ms step_avg:599.11ms
step:1384/3200 train_loss:3.6206 train_time:823176ms step_avg:599.11ms
step:1385/3200 train_loss:3.7236 train_time:823772ms step_avg:599.11ms
step:1386/3200 train_loss:3.4916 train_time:824367ms step_avg:599.10ms
step:1387/3200 train_loss:3.6143 train_time:824973ms step_avg:599.11ms
step:1388/3200 train_loss:3.4925 train_time:825569ms step_avg:599.11ms
step:1389/3200 train_loss:3.4952 train_time:826162ms step_avg:599.10ms
step:1390/3200 train_loss:3.2599 train_time:826761ms step_avg:599.10ms
step:1391/3200 train_loss:3.5509 train_time:827357ms step_avg:599.10ms
step:1392/3200 train_loss:3.4221 train_time:827957ms step_avg:599.10ms
step:1393/3200 train_loss:3.5477 train_time:828550ms step_avg:599.10ms
step:1394/3200 train_loss:3.5556 train_time:829147ms step_avg:599.09ms
step:1395/3200 train_loss:3.5903 train_time:829743ms step_avg:599.09ms
step:1396/3200 train_loss:3.5647 train_time:830339ms step_avg:599.09ms
step:1397/3200 train_loss:3.5441 train_time:830936ms step_avg:599.09ms
step:1398/3200 train_loss:3.3468 train_time:831533ms step_avg:599.09ms
step:1399/3200 train_loss:3.5335 train_time:832128ms step_avg:599.08ms
step:1400/3200 train_loss:3.5559 train_time:832724ms step_avg:599.08ms
step:1401/3200 train_loss:3.5261 train_time:833323ms step_avg:599.08ms
step:1402/3200 train_loss:3.4894 train_time:833920ms step_avg:599.08ms
step:1403/3200 train_loss:3.4686 train_time:834515ms step_avg:599.08ms
step:1404/3200 train_loss:3.5666 train_time:835113ms step_avg:599.08ms
step:1405/3200 train_loss:3.5526 train_time:835711ms step_avg:599.08ms
step:1406/3200 train_loss:3.5959 train_time:836309ms step_avg:599.08ms
step:1407/3200 train_loss:3.5309 train_time:836904ms step_avg:599.07ms
step:1408/3200 train_loss:3.4792 train_time:837506ms step_avg:599.07ms
step:1409/3200 train_loss:3.3350 train_time:838101ms step_avg:599.07ms
step:1410/3200 train_loss:3.4980 train_time:838696ms step_avg:599.07ms
step:1411/3200 train_loss:3.4788 train_time:839292ms step_avg:599.07ms
step:1412/3200 train_loss:3.5546 train_time:839888ms step_avg:599.06ms
step:1413/3200 train_loss:3.4737 train_time:840484ms step_avg:599.06ms
step:1414/3200 train_loss:3.3932 train_time:841081ms step_avg:599.06ms
step:1415/3200 train_loss:3.5913 train_time:841678ms step_avg:599.06ms
step:1416/3200 train_loss:3.7984 train_time:842277ms step_avg:599.06ms
step:1417/3200 train_loss:3.4251 train_time:842872ms step_avg:599.06ms
step:1418/3200 train_loss:3.4225 train_time:843468ms step_avg:599.05ms
step:1419/3200 train_loss:3.4279 train_time:844067ms step_avg:599.05ms
step:1420/3200 train_loss:3.5039 train_time:844666ms step_avg:599.05ms
step:1421/3200 train_loss:3.6045 train_time:845265ms step_avg:599.05ms
step:1422/3200 train_loss:3.4186 train_time:845866ms step_avg:599.06ms
step:1423/3200 train_loss:3.5671 train_time:846458ms step_avg:599.05ms
step:1424/3200 train_loss:3.6486 train_time:847054ms step_avg:599.05ms
step:1425/3200 train_loss:3.6589 train_time:847653ms step_avg:599.05ms
step:1426/3200 train_loss:3.1615 train_time:848250ms step_avg:599.05ms
step:1427/3200 train_loss:3.5498 train_time:848846ms step_avg:599.04ms
step:1428/3200 train_loss:3.5946 train_time:849442ms step_avg:599.04ms
step:1429/3200 train_loss:3.6127 train_time:850039ms step_avg:599.04ms
step:1430/3200 train_loss:3.5081 train_time:850642ms step_avg:599.04ms
step:1431/3200 train_loss:3.7519 train_time:851235ms step_avg:599.04ms
step:1432/3200 train_loss:3.6315 train_time:851834ms step_avg:599.04ms
step:1433/3200 train_loss:3.5131 train_time:852431ms step_avg:599.04ms
step:1434/3200 train_loss:3.5162 train_time:853028ms step_avg:599.04ms
step:1435/3200 train_loss:3.4684 train_time:853622ms step_avg:599.03ms
step:1436/3200 train_loss:3.1425 train_time:854219ms step_avg:599.03ms
step:1437/3200 train_loss:3.4046 train_time:854824ms step_avg:599.04ms
step:1438/3200 train_loss:3.5745 train_time:855421ms step_avg:599.03ms
step:1439/3200 train_loss:3.5867 train_time:856018ms step_avg:599.03ms
step:1440/3200 train_loss:3.5918 train_time:856613ms step_avg:599.03ms
step:1441/3200 train_loss:3.4292 train_time:857207ms step_avg:599.03ms
step:1442/3200 train_loss:3.5225 train_time:857815ms step_avg:599.03ms
step:1443/3200 train_loss:3.8137 train_time:858411ms step_avg:599.03ms
step:1444/3200 train_loss:3.6019 train_time:859007ms step_avg:599.03ms
step:1445/3200 train_loss:3.5679 train_time:859606ms step_avg:599.03ms
step:1446/3200 train_loss:3.5713 train_time:860201ms step_avg:599.03ms
step:1447/3200 train_loss:3.3992 train_time:860800ms step_avg:599.03ms
step:1448/3200 train_loss:3.4867 train_time:861398ms step_avg:599.02ms
step:1449/3200 train_loss:3.5001 train_time:861993ms step_avg:599.02ms
step:1450/3200 train_loss:3.7214 train_time:862593ms step_avg:599.02ms
step:1451/3200 train_loss:3.6211 train_time:863188ms step_avg:599.02ms
step:1452/3200 train_loss:3.3918 train_time:863785ms step_avg:599.02ms
step:1453/3200 train_loss:3.6548 train_time:864382ms step_avg:599.02ms
step:1454/3200 train_loss:3.4033 train_time:864978ms step_avg:599.01ms
step:1455/3200 train_loss:3.5153 train_time:865583ms step_avg:599.02ms
step:1456/3200 train_loss:3.5682 train_time:866180ms step_avg:599.02ms
step:1457/3200 train_loss:3.4109 train_time:866775ms step_avg:599.02ms
step:1458/3200 train_loss:3.3786 train_time:867374ms step_avg:599.02ms
step:1459/3200 train_loss:3.5610 train_time:867973ms step_avg:599.02ms
step:1460/3200 train_loss:3.5027 train_time:868571ms step_avg:599.01ms
step:1461/3200 train_loss:3.4124 train_time:869165ms step_avg:599.01ms
step:1462/3200 train_loss:3.7681 train_time:869765ms step_avg:599.01ms
step:1463/3200 train_loss:3.5964 train_time:870358ms step_avg:599.01ms
step:1464/3200 train_loss:3.7751 train_time:870955ms step_avg:599.01ms
step:1465/3200 train_loss:3.5182 train_time:871555ms step_avg:599.01ms
step:1466/3200 train_loss:3.5262 train_time:872153ms step_avg:599.01ms
step:1467/3200 train_loss:3.4371 train_time:872748ms step_avg:599.00ms
step:1468/3200 train_loss:3.6339 train_time:873344ms step_avg:599.00ms
step:1469/3200 train_loss:3.5712 train_time:873949ms step_avg:599.01ms
step:1470/3200 train_loss:3.4091 train_time:874547ms step_avg:599.00ms
step:1471/3200 train_loss:3.6326 train_time:875144ms step_avg:599.00ms
step:1472/3200 train_loss:3.4938 train_time:875740ms step_avg:599.00ms
step:1473/3200 train_loss:3.4412 train_time:876336ms step_avg:599.00ms
step:1474/3200 train_loss:3.6601 train_time:876933ms step_avg:599.00ms
step:1475/3200 train_loss:3.5052 train_time:877530ms step_avg:599.00ms
step:1476/3200 train_loss:3.2383 train_time:878133ms step_avg:599.00ms
step:1477/3200 train_loss:3.4251 train_time:878731ms step_avg:599.00ms
step:1478/3200 train_loss:3.3691 train_time:879327ms step_avg:599.00ms
step:1479/3200 train_loss:3.5298 train_time:879921ms step_avg:598.99ms
step:1480/3200 train_loss:3.5402 train_time:880517ms step_avg:598.99ms
step:1481/3200 train_loss:3.5658 train_time:881118ms step_avg:598.99ms
step:1482/3200 train_loss:3.6831 train_time:881716ms step_avg:598.99ms
step:1483/3200 train_loss:3.5862 train_time:882311ms step_avg:598.99ms
step:1484/3200 train_loss:3.4457 train_time:882907ms step_avg:598.99ms
step:1485/3200 train_loss:3.4817 train_time:883505ms step_avg:598.99ms
step:1486/3200 train_loss:3.4494 train_time:884103ms step_avg:598.99ms
step:1487/3200 train_loss:3.5056 train_time:884698ms step_avg:598.98ms
step:1488/3200 train_loss:3.5061 train_time:885294ms step_avg:598.98ms
step:1489/3200 train_loss:3.4683 train_time:885890ms step_avg:598.98ms
step:1490/3200 train_loss:3.6229 train_time:886487ms step_avg:598.98ms
step:1491/3200 train_loss:3.4292 train_time:887091ms step_avg:598.98ms
step:1492/3200 train_loss:3.2690 train_time:887682ms step_avg:598.98ms
step:1493/3200 train_loss:3.5395 train_time:888282ms step_avg:598.98ms
step:1494/3200 train_loss:3.7201 train_time:888877ms step_avg:598.97ms
step:1495/3200 train_loss:3.5223 train_time:889473ms step_avg:598.97ms
step:1496/3200 train_loss:3.3858 train_time:890073ms step_avg:598.97ms
step:1497/3200 train_loss:3.4708 train_time:890668ms step_avg:598.97ms
step:1498/3200 train_loss:3.4612 train_time:891266ms step_avg:598.97ms
step:1499/3200 train_loss:3.4981 train_time:891862ms step_avg:598.97ms
step:1500/3200 train_loss:3.4307 train_time:892462ms step_avg:598.97ms
step:1500/3200 val_loss:3.4977 train_time:892841ms step_avg:599.22ms
step:1501/3200 train_loss:3.3955 train_time:893061ms step_avg:598.97ms
step:1502/3200 train_loss:3.4141 train_time:893654ms step_avg:598.96ms
step:1503/3200 train_loss:3.5844 train_time:894253ms step_avg:598.96ms
step:1504/3200 train_loss:3.4056 train_time:894852ms step_avg:598.96ms
step:1505/3200 train_loss:3.4835 train_time:895445ms step_avg:598.96ms
step:1506/3200 train_loss:3.3997 train_time:896052ms step_avg:598.96ms
step:1507/3200 train_loss:3.5269 train_time:896650ms step_avg:598.96ms
step:1508/3200 train_loss:3.4289 train_time:897245ms step_avg:598.96ms
step:1509/3200 train_loss:4.0840 train_time:897841ms step_avg:598.96ms
step:1510/3200 train_loss:3.4115 train_time:898437ms step_avg:598.96ms
step:1511/3200 train_loss:3.5115 train_time:899039ms step_avg:598.96ms
step:1512/3200 train_loss:3.5490 train_time:899634ms step_avg:598.96ms
step:1513/3200 train_loss:3.7964 train_time:900238ms step_avg:598.96ms
step:1514/3200 train_loss:3.4049 train_time:900836ms step_avg:598.96ms
step:1515/3200 train_loss:3.3942 train_time:901430ms step_avg:598.96ms
step:1516/3200 train_loss:3.5225 train_time:902028ms step_avg:598.96ms
step:1517/3200 train_loss:3.4407 train_time:902623ms step_avg:598.95ms
step:1518/3200 train_loss:3.6052 train_time:903223ms step_avg:598.95ms
step:1519/3200 train_loss:3.3911 train_time:903827ms step_avg:598.96ms
step:1520/3200 train_loss:3.5871 train_time:904456ms step_avg:598.98ms
step:1521/3200 train_loss:3.4226 train_time:905049ms step_avg:598.97ms
step:1522/3200 train_loss:3.4544 train_time:905646ms step_avg:598.97ms
step:1523/3200 train_loss:3.5821 train_time:906242ms step_avg:598.97ms
step:1524/3200 train_loss:3.5083 train_time:906838ms step_avg:598.97ms
step:1525/3200 train_loss:3.6459 train_time:907436ms step_avg:598.97ms
step:1526/3200 train_loss:3.4760 train_time:908036ms step_avg:598.97ms
step:1527/3200 train_loss:3.5231 train_time:908631ms step_avg:598.97ms
step:1528/3200 train_loss:3.5114 train_time:909237ms step_avg:598.97ms
step:1529/3200 train_loss:3.9046 train_time:909838ms step_avg:598.97ms
step:1530/3200 train_loss:3.6848 train_time:910435ms step_avg:598.97ms
step:1531/3200 train_loss:3.3208 train_time:911032ms step_avg:598.97ms
step:1532/3200 train_loss:3.4289 train_time:911628ms step_avg:598.97ms
step:1533/3200 train_loss:3.5251 train_time:912222ms step_avg:598.96ms
step:1534/3200 train_loss:3.4516 train_time:912819ms step_avg:598.96ms
step:1535/3200 train_loss:3.5689 train_time:913418ms step_avg:598.96ms
step:1536/3200 train_loss:3.5040 train_time:914014ms step_avg:598.96ms
step:1537/3200 train_loss:3.4096 train_time:914610ms step_avg:598.96ms
step:1538/3200 train_loss:3.4344 train_time:915207ms step_avg:598.96ms
step:1539/3200 train_loss:3.8516 train_time:915811ms step_avg:598.96ms
step:1540/3200 train_loss:3.4629 train_time:916407ms step_avg:598.96ms
step:1541/3200 train_loss:3.5550 train_time:917007ms step_avg:598.96ms
step:1542/3200 train_loss:3.4674 train_time:917605ms step_avg:598.96ms
step:1543/3200 train_loss:3.4359 train_time:918200ms step_avg:598.96ms
step:1544/3200 train_loss:3.3762 train_time:918796ms step_avg:598.95ms
step:1545/3200 train_loss:3.4970 train_time:919396ms step_avg:598.96ms
step:1546/3200 train_loss:3.6066 train_time:919992ms step_avg:598.95ms
step:1547/3200 train_loss:3.3923 train_time:920588ms step_avg:598.95ms
step:1548/3200 train_loss:3.4754 train_time:921185ms step_avg:598.95ms
step:1549/3200 train_loss:3.4350 train_time:921783ms step_avg:598.95ms
step:1550/3200 train_loss:3.5661 train_time:922382ms step_avg:598.95ms
step:1551/3200 train_loss:3.4318 train_time:922978ms step_avg:598.95ms
step:1552/3200 train_loss:3.4454 train_time:923575ms step_avg:598.95ms
step:1553/3200 train_loss:3.5111 train_time:924172ms step_avg:598.94ms
step:1554/3200 train_loss:3.4119 train_time:924767ms step_avg:598.94ms
step:1555/3200 train_loss:3.4785 train_time:925364ms step_avg:598.94ms
step:1556/3200 train_loss:3.4053 train_time:925963ms step_avg:598.94ms
step:1557/3200 train_loss:3.4337 train_time:926558ms step_avg:598.94ms
step:1558/3200 train_loss:3.5176 train_time:927156ms step_avg:598.94ms
step:1559/3200 train_loss:3.3490 train_time:927756ms step_avg:598.94ms
step:1560/3200 train_loss:3.4354 train_time:928350ms step_avg:598.94ms
step:1561/3200 train_loss:3.6622 train_time:928947ms step_avg:598.93ms
step:1562/3200 train_loss:3.3586 train_time:929548ms step_avg:598.94ms
step:1563/3200 train_loss:3.4709 train_time:930147ms step_avg:598.94ms
step:1564/3200 train_loss:3.6848 train_time:930745ms step_avg:598.94ms
step:1565/3200 train_loss:3.3427 train_time:931342ms step_avg:598.93ms
step:1566/3200 train_loss:3.3365 train_time:931941ms step_avg:598.93ms
step:1567/3200 train_loss:3.4562 train_time:932535ms step_avg:598.93ms
step:1568/3200 train_loss:3.4603 train_time:933133ms step_avg:598.93ms
step:1569/3200 train_loss:3.3592 train_time:933730ms step_avg:598.93ms
step:1570/3200 train_loss:3.6436 train_time:934327ms step_avg:598.93ms
step:1571/3200 train_loss:3.5671 train_time:934926ms step_avg:598.93ms
step:1572/3200 train_loss:3.2980 train_time:935525ms step_avg:598.93ms
step:1573/3200 train_loss:3.5046 train_time:936124ms step_avg:598.93ms
step:1574/3200 train_loss:3.4460 train_time:936722ms step_avg:598.93ms
step:1575/3200 train_loss:3.4585 train_time:937320ms step_avg:598.93ms
step:1576/3200 train_loss:3.5760 train_time:937917ms step_avg:598.93ms
step:1577/3200 train_loss:3.4640 train_time:938512ms step_avg:598.92ms
step:1578/3200 train_loss:3.4848 train_time:939110ms step_avg:598.92ms
step:1579/3200 train_loss:3.4350 train_time:939706ms step_avg:598.92ms
step:1580/3200 train_loss:3.3326 train_time:940302ms step_avg:598.92ms
step:1581/3200 train_loss:3.4193 train_time:940904ms step_avg:598.92ms
step:1582/3200 train_loss:3.4915 train_time:941503ms step_avg:598.92ms
step:1583/3200 train_loss:3.4540 train_time:942096ms step_avg:598.92ms
step:1584/3200 train_loss:3.9247 train_time:942712ms step_avg:598.93ms
step:1585/3200 train_loss:3.4440 train_time:943302ms step_avg:598.92ms
step:1586/3200 train_loss:3.5405 train_time:943904ms step_avg:598.92ms
step:1587/3200 train_loss:3.2734 train_time:944501ms step_avg:598.92ms
step:1588/3200 train_loss:3.6156 train_time:945113ms step_avg:598.93ms
step:1589/3200 train_loss:3.4667 train_time:945716ms step_avg:598.93ms
step:1590/3200 train_loss:3.5929 train_time:946300ms step_avg:598.92ms
step:1591/3200 train_loss:3.4440 train_time:946898ms step_avg:598.92ms
step:1592/3200 train_loss:3.4955 train_time:947494ms step_avg:598.92ms
step:1593/3200 train_loss:3.5111 train_time:948090ms step_avg:598.92ms
step:1594/3200 train_loss:3.4852 train_time:948686ms step_avg:598.92ms
step:1595/3200 train_loss:3.5602 train_time:949283ms step_avg:598.92ms
step:1596/3200 train_loss:3.8521 train_time:949879ms step_avg:598.91ms
step:1597/3200 train_loss:3.4087 train_time:950474ms step_avg:598.91ms
step:1598/3200 train_loss:3.4703 train_time:951070ms step_avg:598.91ms
step:1599/3200 train_loss:3.5802 train_time:951685ms step_avg:598.92ms
step:1600/3200 train_loss:3.6121 train_time:952280ms step_avg:598.92ms
step:1601/3200 train_loss:3.4755 train_time:952875ms step_avg:598.92ms
step:1602/3200 train_loss:3.8757 train_time:953471ms step_avg:598.91ms
step:1603/3200 train_loss:3.6159 train_time:954066ms step_avg:598.91ms
step:1604/3200 train_loss:3.2841 train_time:954664ms step_avg:598.91ms
step:1605/3200 train_loss:3.4834 train_time:955260ms step_avg:598.91ms
step:1606/3200 train_loss:3.3325 train_time:955858ms step_avg:598.91ms
step:1607/3200 train_loss:3.6527 train_time:956454ms step_avg:598.91ms
step:1608/3200 train_loss:3.4386 train_time:957051ms step_avg:598.91ms
step:1609/3200 train_loss:3.5251 train_time:957647ms step_avg:598.90ms
step:1610/3200 train_loss:3.5143 train_time:958247ms step_avg:598.90ms
step:1611/3200 train_loss:3.8873 train_time:958844ms step_avg:598.90ms
step:1612/3200 train_loss:3.7013 train_time:959448ms step_avg:598.91ms
step:1613/3200 train_loss:3.5870 train_time:960040ms step_avg:598.90ms
step:1614/3200 train_loss:3.4304 train_time:960635ms step_avg:598.90ms
step:1615/3200 train_loss:3.5042 train_time:961234ms step_avg:598.90ms
step:1616/3200 train_loss:3.3957 train_time:961831ms step_avg:598.90ms
step:1617/3200 train_loss:3.4919 train_time:962435ms step_avg:598.90ms
step:1618/3200 train_loss:3.6693 train_time:963032ms step_avg:598.90ms
step:1619/3200 train_loss:3.6787 train_time:963629ms step_avg:598.90ms
step:1620/3200 train_loss:3.3881 train_time:964224ms step_avg:598.90ms
step:1621/3200 train_loss:3.5780 train_time:964823ms step_avg:598.90ms
step:1622/3200 train_loss:3.5529 train_time:965419ms step_avg:598.90ms
step:1623/3200 train_loss:3.3532 train_time:966023ms step_avg:598.90ms
step:1624/3200 train_loss:3.5144 train_time:966620ms step_avg:598.90ms
step:1625/3200 train_loss:3.3853 train_time:967219ms step_avg:598.90ms
step:1625/3200 val_loss:3.4831 train_time:967606ms step_avg:599.14ms
step:1626/3200 train_loss:3.5093 train_time:967825ms step_avg:598.90ms
step:1627/3200 train_loss:3.4845 train_time:968419ms step_avg:598.90ms
step:1628/3200 train_loss:3.4173 train_time:969016ms step_avg:598.90ms
step:1629/3200 train_loss:3.5158 train_time:969620ms step_avg:598.90ms
step:1630/3200 train_loss:3.5128 train_time:970225ms step_avg:598.90ms
step:1631/3200 train_loss:3.5088 train_time:970816ms step_avg:598.90ms
step:1632/3200 train_loss:3.3900 train_time:971422ms step_avg:598.90ms
step:1633/3200 train_loss:3.2685 train_time:972021ms step_avg:598.90ms
step:1634/3200 train_loss:3.4388 train_time:972618ms step_avg:598.90ms
step:1635/3200 train_loss:3.4946 train_time:973214ms step_avg:598.90ms
step:1636/3200 train_loss:3.3252 train_time:973810ms step_avg:598.90ms
step:1637/3200 train_loss:3.5405 train_time:974406ms step_avg:598.90ms
step:1638/3200 train_loss:3.6592 train_time:975007ms step_avg:598.90ms
step:1639/3200 train_loss:3.7019 train_time:975606ms step_avg:598.90ms
step:1640/3200 train_loss:4.0576 train_time:976202ms step_avg:598.90ms
step:1641/3200 train_loss:3.5469 train_time:976803ms step_avg:598.90ms
step:1642/3200 train_loss:3.5474 train_time:977402ms step_avg:598.90ms
step:1643/3200 train_loss:3.6743 train_time:977999ms step_avg:598.90ms
step:1644/3200 train_loss:3.6216 train_time:978597ms step_avg:598.90ms
step:1645/3200 train_loss:3.3676 train_time:979194ms step_avg:598.90ms
step:1646/3200 train_loss:3.5129 train_time:979791ms step_avg:598.89ms
step:1647/3200 train_loss:3.1390 train_time:980387ms step_avg:598.89ms
step:1648/3200 train_loss:3.5178 train_time:980994ms step_avg:598.90ms
step:1649/3200 train_loss:3.4913 train_time:981587ms step_avg:598.89ms
step:1650/3200 train_loss:3.4276 train_time:982182ms step_avg:598.89ms
step:1651/3200 train_loss:3.4097 train_time:982779ms step_avg:598.89ms
step:1652/3200 train_loss:3.4618 train_time:983374ms step_avg:598.89ms
step:1653/3200 train_loss:3.4822 train_time:983972ms step_avg:598.89ms
step:1654/3200 train_loss:3.7024 train_time:984569ms step_avg:598.89ms
step:1655/3200 train_loss:3.3790 train_time:985170ms step_avg:598.89ms
step:1656/3200 train_loss:3.4166 train_time:985765ms step_avg:598.89ms
step:1657/3200 train_loss:3.4861 train_time:986362ms step_avg:598.88ms
step:1658/3200 train_loss:3.4653 train_time:986959ms step_avg:598.88ms
step:1659/3200 train_loss:3.4119 train_time:987554ms step_avg:598.88ms
step:1660/3200 train_loss:3.4310 train_time:988153ms step_avg:598.88ms
step:1661/3200 train_loss:3.4370 train_time:988749ms step_avg:598.88ms
step:1662/3200 train_loss:3.5392 train_time:989346ms step_avg:598.88ms
step:1663/3200 train_loss:3.4411 train_time:989943ms step_avg:598.88ms
step:1664/3200 train_loss:3.4583 train_time:990541ms step_avg:598.88ms
step:1665/3200 train_loss:3.5498 train_time:991138ms step_avg:598.87ms
step:1666/3200 train_loss:3.5152 train_time:991736ms step_avg:598.87ms
step:1667/3200 train_loss:3.8652 train_time:992334ms step_avg:598.87ms
step:1668/3200 train_loss:3.2870 train_time:992929ms step_avg:598.87ms
step:1669/3200 train_loss:3.4884 train_time:993526ms step_avg:598.87ms
step:1670/3200 train_loss:3.3513 train_time:994127ms step_avg:598.87ms
step:1671/3200 train_loss:3.2655 train_time:994722ms step_avg:598.87ms
step:1672/3200 train_loss:3.6256 train_time:995320ms step_avg:598.87ms
step:1673/3200 train_loss:3.7767 train_time:995916ms step_avg:598.87ms
step:1674/3200 train_loss:3.4238 train_time:996515ms step_avg:598.87ms
step:1675/3200 train_loss:3.3760 train_time:997121ms step_avg:598.87ms
step:1676/3200 train_loss:3.3860 train_time:997718ms step_avg:598.87ms
step:1677/3200 train_loss:3.5850 train_time:998315ms step_avg:598.87ms
step:1678/3200 train_loss:3.4106 train_time:998917ms step_avg:598.87ms
step:1679/3200 train_loss:3.4697 train_time:999512ms step_avg:598.87ms
step:1680/3200 train_loss:3.4861 train_time:1000110ms step_avg:598.87ms
step:1681/3200 train_loss:3.0419 train_time:1000706ms step_avg:598.87ms
step:1682/3200 train_loss:3.4709 train_time:1001305ms step_avg:598.87ms
step:1683/3200 train_loss:3.5733 train_time:1001900ms step_avg:598.86ms
step:1684/3200 train_loss:3.5467 train_time:1002497ms step_avg:598.86ms
step:1685/3200 train_loss:3.5430 train_time:1003095ms step_avg:598.86ms
step:1686/3200 train_loss:3.4002 train_time:1003690ms step_avg:598.86ms
step:1687/3200 train_loss:3.5446 train_time:1004287ms step_avg:598.86ms
step:1688/3200 train_loss:3.3967 train_time:1004887ms step_avg:598.86ms
step:1689/3200 train_loss:3.3892 train_time:1005481ms step_avg:598.86ms
step:1690/3200 train_loss:3.4559 train_time:1006078ms step_avg:598.86ms
step:1691/3200 train_loss:3.3176 train_time:1006677ms step_avg:598.86ms
step:1692/3200 train_loss:3.5007 train_time:1007274ms step_avg:598.85ms
step:1693/3200 train_loss:3.4483 train_time:1007870ms step_avg:598.85ms
step:1694/3200 train_loss:3.4038 train_time:1008468ms step_avg:598.85ms
step:1695/3200 train_loss:3.9629 train_time:1009063ms step_avg:598.85ms
step:1696/3200 train_loss:3.6454 train_time:1009663ms step_avg:598.85ms
step:1697/3200 train_loss:3.5053 train_time:1010257ms step_avg:598.85ms
step:1698/3200 train_loss:3.4228 train_time:1010854ms step_avg:598.85ms
step:1699/3200 train_loss:3.2138 train_time:1011451ms step_avg:598.85ms
step:1700/3200 train_loss:3.4717 train_time:1012049ms step_avg:598.85ms
step:1701/3200 train_loss:3.5037 train_time:1012647ms step_avg:598.84ms
step:1702/3200 train_loss:3.4808 train_time:1013253ms step_avg:598.85ms
step:1703/3200 train_loss:3.2857 train_time:1013849ms step_avg:598.85ms
step:1704/3200 train_loss:3.7348 train_time:1014447ms step_avg:598.85ms
step:1705/3200 train_loss:3.3987 train_time:1015043ms step_avg:598.85ms
step:1706/3200 train_loss:3.9450 train_time:1015641ms step_avg:598.85ms
step:1707/3200 train_loss:3.3717 train_time:1016237ms step_avg:598.84ms
step:1708/3200 train_loss:3.2470 train_time:1016834ms step_avg:598.84ms
step:1709/3200 train_loss:3.5919 train_time:1017431ms step_avg:598.84ms
step:1710/3200 train_loss:3.3557 train_time:1018307ms step_avg:599.00ms
step:1711/3200 train_loss:3.3777 train_time:1018905ms step_avg:599.00ms
step:1712/3200 train_loss:3.4460 train_time:1019503ms step_avg:599.00ms
step:1713/3200 train_loss:3.5694 train_time:1020102ms step_avg:599.00ms
step:1714/3200 train_loss:3.6881 train_time:1020698ms step_avg:599.00ms
step:1715/3200 train_loss:3.3714 train_time:1021293ms step_avg:599.00ms
step:1716/3200 train_loss:3.4636 train_time:1021890ms step_avg:599.00ms
step:1717/3200 train_loss:3.3252 train_time:1022487ms step_avg:599.00ms
step:1718/3200 train_loss:3.3718 train_time:1023083ms step_avg:598.99ms
step:1719/3200 train_loss:3.6372 train_time:1023682ms step_avg:598.99ms
step:1720/3200 train_loss:3.4080 train_time:1024284ms step_avg:599.00ms
step:1721/3200 train_loss:3.4046 train_time:1024877ms step_avg:598.99ms
step:1722/3200 train_loss:3.2889 train_time:1025476ms step_avg:598.99ms
step:1723/3200 train_loss:3.5847 train_time:1026076ms step_avg:598.99ms
step:1724/3200 train_loss:3.4422 train_time:1026670ms step_avg:598.99ms
step:1725/3200 train_loss:3.5953 train_time:1027267ms step_avg:598.99ms
step:1726/3200 train_loss:3.6052 train_time:1027864ms step_avg:598.99ms
step:1727/3200 train_loss:3.5422 train_time:1028460ms step_avg:598.99ms
step:1728/3200 train_loss:3.4570 train_time:1029056ms step_avg:598.98ms
step:1729/3200 train_loss:3.3969 train_time:1029652ms step_avg:598.98ms
step:1730/3200 train_loss:3.4358 train_time:1030249ms step_avg:598.98ms
step:1731/3200 train_loss:4.1084 train_time:1030846ms step_avg:598.98ms
step:1732/3200 train_loss:3.6105 train_time:1031442ms step_avg:598.98ms
step:1733/3200 train_loss:3.7212 train_time:1032042ms step_avg:598.98ms
step:1734/3200 train_loss:3.3333 train_time:1032642ms step_avg:598.98ms
step:1735/3200 train_loss:3.4985 train_time:1033234ms step_avg:598.98ms
step:1736/3200 train_loss:3.5070 train_time:1033832ms step_avg:598.98ms
step:1737/3200 train_loss:3.4006 train_time:1034429ms step_avg:598.97ms
step:1738/3200 train_loss:3.5170 train_time:1035025ms step_avg:598.97ms
step:1739/3200 train_loss:3.4110 train_time:1035622ms step_avg:598.97ms
step:1740/3200 train_loss:3.4457 train_time:1036218ms step_avg:598.97ms
step:1741/3200 train_loss:3.6898 train_time:1036816ms step_avg:598.97ms
step:1742/3200 train_loss:3.3331 train_time:1037417ms step_avg:598.97ms
step:1743/3200 train_loss:3.2247 train_time:1038018ms step_avg:598.97ms
step:1744/3200 train_loss:2.9634 train_time:1038611ms step_avg:598.97ms
step:1745/3200 train_loss:3.4788 train_time:1039207ms step_avg:598.97ms
step:1746/3200 train_loss:3.4500 train_time:1039806ms step_avg:598.97ms
step:1747/3200 train_loss:3.4328 train_time:1040401ms step_avg:598.96ms
step:1748/3200 train_loss:3.4454 train_time:1040997ms step_avg:598.96ms
step:1749/3200 train_loss:3.9018 train_time:1041595ms step_avg:598.96ms
step:1750/3200 train_loss:3.4878 train_time:1042194ms step_avg:598.96ms
step:1750/3200 val_loss:3.4659 train_time:1042573ms step_avg:599.18ms
step:1751/3200 train_loss:3.4062 train_time:1042791ms step_avg:598.96ms
step:1752/3200 train_loss:3.4369 train_time:1043386ms step_avg:598.96ms
step:1753/3200 train_loss:3.3376 train_time:1043985ms step_avg:598.96ms
step:1754/3200 train_loss:2.9989 train_time:1044585ms step_avg:598.96ms
step:1755/3200 train_loss:3.2753 train_time:1045179ms step_avg:598.96ms
step:1756/3200 train_loss:3.2460 train_time:1045777ms step_avg:598.96ms
step:1757/3200 train_loss:3.3970 train_time:1046377ms step_avg:598.96ms
step:1758/3200 train_loss:3.3834 train_time:1046981ms step_avg:598.96ms
step:1759/3200 train_loss:3.3461 train_time:1047577ms step_avg:598.96ms
step:1760/3200 train_loss:5.3577 train_time:1048176ms step_avg:598.96ms
step:1761/3200 train_loss:3.5168 train_time:1048771ms step_avg:598.96ms
step:1762/3200 train_loss:3.5328 train_time:1049367ms step_avg:598.95ms
step:1763/3200 train_loss:3.4846 train_time:1049963ms step_avg:598.95ms
step:1764/3200 train_loss:3.4740 train_time:1050561ms step_avg:598.95ms
step:1765/3200 train_loss:3.3819 train_time:1051163ms step_avg:598.95ms
step:1766/3200 train_loss:3.5008 train_time:1051763ms step_avg:598.95ms
step:1767/3200 train_loss:3.6045 train_time:1052364ms step_avg:598.96ms
step:1768/3200 train_loss:3.5309 train_time:1052965ms step_avg:598.96ms
step:1769/3200 train_loss:3.5355 train_time:1053561ms step_avg:598.95ms
step:1770/3200 train_loss:3.4745 train_time:1054158ms step_avg:598.95ms
step:1771/3200 train_loss:3.9550 train_time:1054755ms step_avg:598.95ms
step:1772/3200 train_loss:3.3705 train_time:1055351ms step_avg:598.95ms
step:1773/3200 train_loss:3.3647 train_time:1055949ms step_avg:598.95ms
step:1774/3200 train_loss:3.7119 train_time:1056545ms step_avg:598.95ms
step:1775/3200 train_loss:3.2365 train_time:1057142ms step_avg:598.95ms
step:1776/3200 train_loss:3.5430 train_time:1057739ms step_avg:598.95ms
step:1777/3200 train_loss:3.3935 train_time:1058336ms step_avg:598.95ms
step:1778/3200 train_loss:3.8406 train_time:1058932ms step_avg:598.94ms
step:1779/3200 train_loss:3.5831 train_time:1059528ms step_avg:598.94ms
step:1780/3200 train_loss:3.4414 train_time:1060129ms step_avg:598.94ms
step:1781/3200 train_loss:3.5460 train_time:1060722ms step_avg:598.94ms
step:1782/3200 train_loss:3.4698 train_time:1061322ms step_avg:598.94ms
step:1783/3200 train_loss:3.2401 train_time:1061917ms step_avg:598.94ms
step:1784/3200 train_loss:3.5239 train_time:1062514ms step_avg:598.94ms
step:1785/3200 train_loss:3.5599 train_time:1063110ms step_avg:598.94ms
step:1786/3200 train_loss:3.4729 train_time:1063710ms step_avg:598.94ms
step:1787/3200 train_loss:3.6305 train_time:1064304ms step_avg:598.93ms
step:1788/3200 train_loss:3.3937 train_time:1064903ms step_avg:598.93ms
step:1789/3200 train_loss:3.4451 train_time:1065500ms step_avg:598.93ms
step:1790/3200 train_loss:3.5582 train_time:1066096ms step_avg:598.93ms
step:1791/3200 train_loss:3.4874 train_time:1066692ms step_avg:598.93ms
step:1792/3200 train_loss:3.4774 train_time:1067293ms step_avg:598.93ms
step:1793/3200 train_loss:3.4231 train_time:1067889ms step_avg:598.93ms
step:1794/3200 train_loss:3.3037 train_time:1068486ms step_avg:598.93ms
step:1795/3200 train_loss:3.3691 train_time:1069082ms step_avg:598.93ms
step:1796/3200 train_loss:3.3444 train_time:1069684ms step_avg:598.93ms
step:1797/3200 train_loss:3.5642 train_time:1070277ms step_avg:598.92ms
step:1798/3200 train_loss:3.4797 train_time:1070874ms step_avg:598.92ms
step:1799/3200 train_loss:3.4121 train_time:1071470ms step_avg:598.92ms
step:1800/3200 train_loss:3.4956 train_time:1072073ms step_avg:598.92ms
step:1801/3200 train_loss:3.4950 train_time:1072675ms step_avg:598.93ms
step:1802/3200 train_loss:3.4774 train_time:1073269ms step_avg:598.92ms
step:1803/3200 train_loss:3.3912 train_time:1073871ms step_avg:598.92ms
step:1804/3200 train_loss:3.3718 train_time:1074468ms step_avg:598.92ms
step:1805/3200 train_loss:3.6277 train_time:1075064ms step_avg:598.92ms
step:1806/3200 train_loss:3.4839 train_time:1075661ms step_avg:598.92ms
step:1807/3200 train_loss:3.5583 train_time:1076257ms step_avg:598.92ms
step:1808/3200 train_loss:3.5777 train_time:1076854ms step_avg:598.92ms
step:1809/3200 train_loss:3.3594 train_time:1077455ms step_avg:598.92ms
step:1810/3200 train_loss:3.5503 train_time:1078050ms step_avg:598.92ms
step:1811/3200 train_loss:3.5734 train_time:1078646ms step_avg:598.92ms
step:1812/3200 train_loss:3.4675 train_time:1079242ms step_avg:598.91ms
step:1813/3200 train_loss:3.4223 train_time:1079837ms step_avg:598.91ms
step:1814/3200 train_loss:3.4370 train_time:1080434ms step_avg:598.91ms
step:1815/3200 train_loss:3.5008 train_time:1081031ms step_avg:598.91ms
step:1816/3200 train_loss:3.5747 train_time:1081632ms step_avg:598.91ms
step:1817/3200 train_loss:3.4388 train_time:1082227ms step_avg:598.91ms
step:1818/3200 train_loss:3.6132 train_time:1082824ms step_avg:598.91ms
step:1819/3200 train_loss:3.4017 train_time:1083420ms step_avg:598.91ms
step:1820/3200 train_loss:3.4764 train_time:1084018ms step_avg:598.90ms
step:1821/3200 train_loss:3.3660 train_time:1084616ms step_avg:598.90ms
step:1822/3200 train_loss:3.1780 train_time:1085213ms step_avg:598.90ms
step:1823/3200 train_loss:3.2367 train_time:1085809ms step_avg:598.90ms
step:1824/3200 train_loss:3.3998 train_time:1086405ms step_avg:598.90ms
step:1825/3200 train_loss:3.5169 train_time:1087006ms step_avg:598.90ms
step:1826/3200 train_loss:3.4646 train_time:1087602ms step_avg:598.90ms
step:1827/3200 train_loss:3.4527 train_time:1088197ms step_avg:598.90ms
step:1828/3200 train_loss:3.4380 train_time:1088793ms step_avg:598.90ms
step:1829/3200 train_loss:3.4393 train_time:1089393ms step_avg:598.90ms
step:1830/3200 train_loss:3.5364 train_time:1089987ms step_avg:598.89ms
step:1831/3200 train_loss:3.1949 train_time:1090586ms step_avg:598.89ms
step:1832/3200 train_loss:3.4384 train_time:1091182ms step_avg:598.89ms
step:1833/3200 train_loss:3.4260 train_time:1091778ms step_avg:598.89ms
step:1834/3200 train_loss:3.9853 train_time:1092375ms step_avg:598.89ms
step:1835/3200 train_loss:3.4996 train_time:1092979ms step_avg:598.89ms
step:1836/3200 train_loss:3.4768 train_time:1093570ms step_avg:598.89ms
step:1837/3200 train_loss:3.7474 train_time:1094166ms step_avg:598.89ms
step:1838/3200 train_loss:3.4602 train_time:1094765ms step_avg:598.89ms
step:1839/3200 train_loss:3.3405 train_time:1095361ms step_avg:598.89ms
step:1840/3200 train_loss:3.4230 train_time:1095957ms step_avg:598.88ms
step:1841/3200 train_loss:3.3311 train_time:1096556ms step_avg:598.88ms
step:1842/3200 train_loss:3.4540 train_time:1097152ms step_avg:598.88ms
step:1843/3200 train_loss:3.5119 train_time:1097752ms step_avg:598.88ms
step:1844/3200 train_loss:3.4310 train_time:1098348ms step_avg:598.88ms
step:1845/3200 train_loss:3.4530 train_time:1098945ms step_avg:598.88ms
step:1846/3200 train_loss:3.4243 train_time:1099541ms step_avg:598.88ms
step:1847/3200 train_loss:3.4438 train_time:1100137ms step_avg:598.88ms
step:1848/3200 train_loss:3.3279 train_time:1100736ms step_avg:598.88ms
step:1849/3200 train_loss:3.7110 train_time:1101336ms step_avg:598.88ms
step:1850/3200 train_loss:3.3609 train_time:1101933ms step_avg:598.88ms
step:1851/3200 train_loss:3.4621 train_time:1102527ms step_avg:598.87ms
step:1852/3200 train_loss:3.2976 train_time:1103125ms step_avg:598.87ms
step:1853/3200 train_loss:3.5092 train_time:1103724ms step_avg:598.87ms
step:1854/3200 train_loss:3.5525 train_time:1104325ms step_avg:598.87ms
step:1855/3200 train_loss:3.4455 train_time:1104926ms step_avg:598.88ms
step:1856/3200 train_loss:3.4194 train_time:1105523ms step_avg:598.87ms
step:1857/3200 train_loss:3.5043 train_time:1106125ms step_avg:598.88ms
step:1858/3200 train_loss:3.5498 train_time:1106726ms step_avg:598.88ms
step:1859/3200 train_loss:3.3597 train_time:1107319ms step_avg:598.87ms
step:1860/3200 train_loss:3.4606 train_time:1107916ms step_avg:598.87ms
step:1861/3200 train_loss:3.4334 train_time:1108514ms step_avg:598.87ms
step:1862/3200 train_loss:3.3986 train_time:1109109ms step_avg:598.87ms
step:1863/3200 train_loss:3.3617 train_time:1109707ms step_avg:598.87ms
step:1864/3200 train_loss:3.4803 train_time:1110304ms step_avg:598.87ms
step:1865/3200 train_loss:3.5939 train_time:1110906ms step_avg:598.87ms
step:1866/3200 train_loss:3.2285 train_time:1111529ms step_avg:598.88ms
step:1867/3200 train_loss:3.4234 train_time:1112111ms step_avg:598.88ms
step:1868/3200 train_loss:3.3730 train_time:1112709ms step_avg:598.87ms
step:1869/3200 train_loss:3.1881 train_time:1113305ms step_avg:598.87ms
step:1870/3200 train_loss:3.4958 train_time:1113900ms step_avg:598.87ms
step:1871/3200 train_loss:3.4633 train_time:1114504ms step_avg:598.87ms
step:1872/3200 train_loss:3.4152 train_time:1115109ms step_avg:598.88ms
step:1873/3200 train_loss:3.5244 train_time:1115705ms step_avg:598.88ms
step:1874/3200 train_loss:3.3418 train_time:1116308ms step_avg:598.88ms
step:1875/3200 train_loss:3.6062 train_time:1116900ms step_avg:598.87ms
step:1875/3200 val_loss:3.4516 train_time:1117281ms step_avg:599.08ms
step:1876/3200 train_loss:3.4242 train_time:1117500ms step_avg:598.87ms
step:1877/3200 train_loss:3.4054 train_time:1118095ms step_avg:598.87ms
step:1878/3200 train_loss:3.5753 train_time:1118692ms step_avg:598.87ms
step:1879/3200 train_loss:3.5484 train_time:1119289ms step_avg:598.87ms
step:1880/3200 train_loss:3.4215 train_time:1119888ms step_avg:598.87ms
step:1881/3200 train_loss:3.4408 train_time:1120483ms step_avg:598.87ms
step:1882/3200 train_loss:3.3588 train_time:1121082ms step_avg:598.87ms
step:1883/3200 train_loss:3.5878 train_time:1121683ms step_avg:598.87ms
step:1884/3200 train_loss:3.4236 train_time:1122282ms step_avg:598.87ms
step:1885/3200 train_loss:2.9326 train_time:1122877ms step_avg:598.87ms
step:1886/3200 train_loss:3.7592 train_time:1123476ms step_avg:598.87ms
step:1887/3200 train_loss:3.3863 train_time:1124072ms step_avg:598.87ms
step:1888/3200 train_loss:3.2987 train_time:1124668ms step_avg:598.86ms
step:1889/3200 train_loss:3.4724 train_time:1125264ms step_avg:598.86ms
step:1890/3200 train_loss:3.5165 train_time:1125861ms step_avg:598.86ms
step:1891/3200 train_loss:3.2809 train_time:1126461ms step_avg:598.86ms
step:1892/3200 train_loss:3.7142 train_time:1127055ms step_avg:598.86ms
step:1893/3200 train_loss:3.3391 train_time:1127652ms step_avg:598.86ms
step:1894/3200 train_loss:3.3963 train_time:1128248ms step_avg:598.86ms
step:1895/3200 train_loss:3.5436 train_time:1128845ms step_avg:598.86ms
step:1896/3200 train_loss:3.2852 train_time:1129442ms step_avg:598.86ms
step:1897/3200 train_loss:3.4611 train_time:1130041ms step_avg:598.86ms
step:1898/3200 train_loss:3.5339 train_time:1130635ms step_avg:598.85ms
step:1899/3200 train_loss:3.5483 train_time:1131231ms step_avg:598.85ms
step:1900/3200 train_loss:3.3841 train_time:1132284ms step_avg:599.09ms
step:1901/3200 train_loss:3.5578 train_time:1132872ms step_avg:599.09ms
step:1902/3200 train_loss:3.3869 train_time:1133477ms step_avg:599.09ms
step:1903/3200 train_loss:3.4961 train_time:1134072ms step_avg:599.09ms
step:1904/3200 train_loss:3.3854 train_time:1134670ms step_avg:599.09ms
step:1905/3200 train_loss:3.6010 train_time:1135265ms step_avg:599.08ms
step:1906/3200 train_loss:3.4437 train_time:1135862ms step_avg:599.08ms
step:1907/3200 train_loss:3.4685 train_time:1136462ms step_avg:599.08ms
step:1908/3200 train_loss:3.4921 train_time:1137055ms step_avg:599.08ms
step:1909/3200 train_loss:3.2739 train_time:1137652ms step_avg:599.08ms
step:1910/3200 train_loss:3.4551 train_time:1138249ms step_avg:599.08ms
step:1911/3200 train_loss:3.5081 train_time:1138845ms step_avg:599.08ms
step:1912/3200 train_loss:3.4255 train_time:1139453ms step_avg:599.08ms
step:1913/3200 train_loss:3.3973 train_time:1140050ms step_avg:599.08ms
step:1914/3200 train_loss:2.9397 train_time:1140649ms step_avg:599.08ms
step:1915/3200 train_loss:3.3352 train_time:1141245ms step_avg:599.08ms
step:1916/3200 train_loss:3.5710 train_time:1141845ms step_avg:599.08ms
step:1917/3200 train_loss:3.6244 train_time:1142440ms step_avg:599.08ms
step:1918/3200 train_loss:3.4713 train_time:1143041ms step_avg:599.08ms
step:1919/3200 train_loss:3.4204 train_time:1143635ms step_avg:599.08ms
step:1920/3200 train_loss:3.6853 train_time:1144237ms step_avg:599.08ms
step:1921/3200 train_loss:3.3849 train_time:1144852ms step_avg:599.09ms
step:1922/3200 train_loss:3.4443 train_time:1145449ms step_avg:599.08ms
step:1923/3200 train_loss:3.4674 train_time:1146045ms step_avg:599.08ms
step:1924/3200 train_loss:3.5258 train_time:1146648ms step_avg:599.08ms
step:1925/3200 train_loss:3.1696 train_time:1147247ms step_avg:599.08ms
step:1926/3200 train_loss:3.3397 train_time:1147847ms step_avg:599.09ms
step:1927/3200 train_loss:3.2974 train_time:1148444ms step_avg:599.08ms
step:1928/3200 train_loss:3.3787 train_time:1149041ms step_avg:599.08ms
step:1929/3200 train_loss:3.1546 train_time:1149639ms step_avg:599.08ms
step:1930/3200 train_loss:3.3781 train_time:1150234ms step_avg:599.08ms
step:1931/3200 train_loss:3.6172 train_time:1150833ms step_avg:599.08ms
step:1932/3200 train_loss:3.4836 train_time:1151429ms step_avg:599.08ms
step:1933/3200 train_loss:3.5761 train_time:1152031ms step_avg:599.08ms
step:1934/3200 train_loss:3.4065 train_time:1152628ms step_avg:599.08ms
step:1935/3200 train_loss:3.4078 train_time:1153230ms step_avg:599.08ms
step:1936/3200 train_loss:3.4903 train_time:1153828ms step_avg:599.08ms
step:1937/3200 train_loss:3.4185 train_time:1154422ms step_avg:599.08ms
step:1938/3200 train_loss:3.5229 train_time:1155017ms step_avg:599.08ms
step:1939/3200 train_loss:3.3742 train_time:1155617ms step_avg:599.08ms
step:1940/3200 train_loss:3.5665 train_time:1156237ms step_avg:599.09ms
step:1941/3200 train_loss:3.6997 train_time:1156834ms step_avg:599.09ms
step:1942/3200 train_loss:3.4648 train_time:1157429ms step_avg:599.08ms
step:1943/3200 train_loss:3.4061 train_time:1158038ms step_avg:599.09ms
step:1944/3200 train_loss:3.6297 train_time:1158634ms step_avg:599.09ms
step:1945/3200 train_loss:3.3075 train_time:1159229ms step_avg:599.08ms
step:1946/3200 train_loss:3.4899 train_time:1159826ms step_avg:599.08ms
step:1947/3200 train_loss:3.4628 train_time:1160421ms step_avg:599.08ms
step:1948/3200 train_loss:3.3421 train_time:1161024ms step_avg:599.08ms
step:1949/3200 train_loss:3.3879 train_time:1161623ms step_avg:599.08ms
step:1950/3200 train_loss:3.3365 train_time:1162224ms step_avg:599.08ms
step:1951/3200 train_loss:3.3706 train_time:1162818ms step_avg:599.08ms
step:1952/3200 train_loss:3.3638 train_time:1163412ms step_avg:599.08ms
step:1953/3200 train_loss:3.5881 train_time:1164013ms step_avg:599.08ms
step:1954/3200 train_loss:3.5674 train_time:1164606ms step_avg:599.08ms
step:1955/3200 train_loss:3.4226 train_time:1165213ms step_avg:599.08ms
step:1956/3200 train_loss:3.3113 train_time:1165825ms step_avg:599.09ms
step:1957/3200 train_loss:3.2558 train_time:1166418ms step_avg:599.08ms
step:1958/3200 train_loss:3.6774 train_time:1167017ms step_avg:599.08ms
step:1959/3200 train_loss:3.4578 train_time:1167621ms step_avg:599.09ms
step:1960/3200 train_loss:3.5686 train_time:1168217ms step_avg:599.09ms
step:1961/3200 train_loss:3.3438 train_time:1168815ms step_avg:599.09ms
step:1962/3200 train_loss:3.5252 train_time:1169411ms step_avg:599.08ms
step:1963/3200 train_loss:3.5276 train_time:1170013ms step_avg:599.08ms
step:1964/3200 train_loss:3.4522 train_time:1170610ms step_avg:599.08ms
step:1965/3200 train_loss:3.3784 train_time:1171207ms step_avg:599.08ms
step:1966/3200 train_loss:3.6456 train_time:1171805ms step_avg:599.08ms
step:1967/3200 train_loss:3.3592 train_time:1172401ms step_avg:599.08ms
step:1968/3200 train_loss:3.4161 train_time:1173000ms step_avg:599.08ms
step:1969/3200 train_loss:3.4788 train_time:1173596ms step_avg:599.08ms
step:1970/3200 train_loss:3.2786 train_time:1174195ms step_avg:599.08ms
step:1971/3200 train_loss:3.0752 train_time:1174790ms step_avg:599.08ms
step:1972/3200 train_loss:3.1361 train_time:1175396ms step_avg:599.08ms
step:1973/3200 train_loss:3.4388 train_time:1175990ms step_avg:599.08ms
step:1974/3200 train_loss:3.3533 train_time:1176587ms step_avg:599.08ms
step:1975/3200 train_loss:3.2537 train_time:1177184ms step_avg:599.08ms
step:1976/3200 train_loss:3.5185 train_time:1177782ms step_avg:599.08ms
step:1977/3200 train_loss:3.3823 train_time:1178382ms step_avg:599.08ms
step:1978/3200 train_loss:3.9632 train_time:1178979ms step_avg:599.07ms
step:1979/3200 train_loss:3.4048 train_time:1179588ms step_avg:599.08ms
step:1980/3200 train_loss:3.4260 train_time:1180187ms step_avg:599.08ms
step:1981/3200 train_loss:3.4457 train_time:1180784ms step_avg:599.08ms
step:1982/3200 train_loss:3.4855 train_time:1181382ms step_avg:599.08ms
step:1983/3200 train_loss:3.4419 train_time:1181983ms step_avg:599.08ms
step:1984/3200 train_loss:3.3220 train_time:1182577ms step_avg:599.08ms
step:1985/3200 train_loss:3.5357 train_time:1183174ms step_avg:599.08ms
step:1986/3200 train_loss:3.5837 train_time:1183771ms step_avg:599.07ms
step:1987/3200 train_loss:3.3347 train_time:1184370ms step_avg:599.07ms
step:1988/3200 train_loss:3.4071 train_time:1184965ms step_avg:599.07ms
step:1989/3200 train_loss:3.4810 train_time:1185559ms step_avg:599.07ms
step:1990/3200 train_loss:3.5495 train_time:1186157ms step_avg:599.07ms
step:1991/3200 train_loss:3.3486 train_time:1186753ms step_avg:599.07ms
step:1992/3200 train_loss:3.3071 train_time:1187349ms step_avg:599.07ms
step:1993/3200 train_loss:3.6566 train_time:1187945ms step_avg:599.06ms
step:1994/3200 train_loss:3.3416 train_time:1188549ms step_avg:599.07ms
step:1995/3200 train_loss:3.3806 train_time:1189143ms step_avg:599.06ms
step:1996/3200 train_loss:3.4600 train_time:1189739ms step_avg:599.06ms
step:1997/3200 train_loss:3.3843 train_time:1190339ms step_avg:599.06ms
step:1998/3200 train_loss:3.3514 train_time:1190934ms step_avg:599.06ms
step:1999/3200 train_loss:3.3478 train_time:1191529ms step_avg:599.06ms
step:2000/3200 train_loss:3.4265 train_time:1192126ms step_avg:599.06ms
step:2000/3200 val_loss:3.4384 train_time:1192506ms step_avg:599.25ms
step:2001/3200 train_loss:3.5460 train_time:1192724ms step_avg:599.06ms
step:2002/3200 train_loss:3.4536 train_time:1193319ms step_avg:599.06ms
step:2003/3200 train_loss:3.8006 train_time:1193916ms step_avg:599.05ms
step:2004/3200 train_loss:3.5136 train_time:1194519ms step_avg:599.06ms
step:2005/3200 train_loss:3.3392 train_time:1195116ms step_avg:599.06ms
step:2006/3200 train_loss:3.3968 train_time:1195711ms step_avg:599.05ms
step:2007/3200 train_loss:3.2375 train_time:1196310ms step_avg:599.05ms
step:2008/3200 train_loss:3.5414 train_time:1196907ms step_avg:599.05ms
step:2009/3200 train_loss:3.4506 train_time:1197503ms step_avg:599.05ms
step:2010/3200 train_loss:3.4229 train_time:1198104ms step_avg:599.05ms
step:2011/3200 train_loss:3.4715 train_time:1198698ms step_avg:599.05ms
step:2012/3200 train_loss:3.5151 train_time:1199304ms step_avg:599.05ms
step:2013/3200 train_loss:3.3562 train_time:1199899ms step_avg:599.05ms
step:2014/3200 train_loss:3.4452 train_time:1200500ms step_avg:599.05ms
step:2015/3200 train_loss:3.3846 train_time:1201099ms step_avg:599.05ms
step:2016/3200 train_loss:3.3809 train_time:1201697ms step_avg:599.05ms
step:2017/3200 train_loss:3.6912 train_time:1202291ms step_avg:599.05ms
step:2018/3200 train_loss:3.3677 train_time:1202889ms step_avg:599.05ms
step:2019/3200 train_loss:3.6359 train_time:1203487ms step_avg:599.05ms
step:2020/3200 train_loss:3.4032 train_time:1204081ms step_avg:599.05ms
step:2021/3200 train_loss:3.1189 train_time:1204680ms step_avg:599.05ms
step:2022/3200 train_loss:3.3927 train_time:1205283ms step_avg:599.05ms
step:2023/3200 train_loss:3.3869 train_time:1205879ms step_avg:599.05ms
step:2024/3200 train_loss:3.4697 train_time:1206476ms step_avg:599.04ms
step:2025/3200 train_loss:3.5784 train_time:1207072ms step_avg:599.04ms
step:2026/3200 train_loss:3.3860 train_time:1207668ms step_avg:599.04ms
step:2027/3200 train_loss:2.8337 train_time:1208264ms step_avg:599.04ms
step:2028/3200 train_loss:3.3499 train_time:1208861ms step_avg:599.04ms
step:2029/3200 train_loss:3.5172 train_time:1209457ms step_avg:599.04ms
step:2030/3200 train_loss:3.3843 train_time:1210054ms step_avg:599.04ms
step:2031/3200 train_loss:3.4877 train_time:1210648ms step_avg:599.03ms
step:2032/3200 train_loss:3.2699 train_time:1211244ms step_avg:599.03ms
step:2033/3200 train_loss:3.5067 train_time:1211841ms step_avg:599.03ms
step:2034/3200 train_loss:3.3094 train_time:1212440ms step_avg:599.03ms
step:2035/3200 train_loss:3.4866 train_time:1213040ms step_avg:599.03ms
step:2036/3200 train_loss:3.5083 train_time:1213644ms step_avg:599.03ms
step:2037/3200 train_loss:3.5295 train_time:1214247ms step_avg:599.04ms
step:2038/3200 train_loss:3.3188 train_time:1214844ms step_avg:599.04ms
step:2039/3200 train_loss:3.6566 train_time:1215438ms step_avg:599.03ms
step:2040/3200 train_loss:3.4900 train_time:1216036ms step_avg:599.03ms
step:2041/3200 train_loss:3.5417 train_time:1216631ms step_avg:599.03ms
step:2042/3200 train_loss:3.3528 train_time:1217228ms step_avg:599.03ms
step:2043/3200 train_loss:3.4234 train_time:1217827ms step_avg:599.03ms
step:2044/3200 train_loss:3.5012 train_time:1218423ms step_avg:599.03ms
step:2045/3200 train_loss:3.4661 train_time:1219027ms step_avg:599.03ms
step:2046/3200 train_loss:3.2144 train_time:1219623ms step_avg:599.03ms
step:2047/3200 train_loss:3.2609 train_time:1220220ms step_avg:599.03ms
step:2048/3200 train_loss:3.4449 train_time:1220814ms step_avg:599.03ms
step:2049/3200 train_loss:3.3585 train_time:1221410ms step_avg:599.02ms
step:2050/3200 train_loss:3.2796 train_time:1222009ms step_avg:599.02ms
step:2051/3200 train_loss:3.5543 train_time:1222604ms step_avg:599.02ms
step:2052/3200 train_loss:3.4802 train_time:1223204ms step_avg:599.02ms
step:2053/3200 train_loss:3.3981 train_time:1223802ms step_avg:599.02ms
step:2054/3200 train_loss:3.4187 train_time:1224398ms step_avg:599.02ms
step:2055/3200 train_loss:3.4608 train_time:1224994ms step_avg:599.02ms
step:2056/3200 train_loss:3.3814 train_time:1225590ms step_avg:599.02ms
step:2057/3200 train_loss:3.7208 train_time:1226186ms step_avg:599.02ms
step:2058/3200 train_loss:3.6396 train_time:1226787ms step_avg:599.02ms
step:2059/3200 train_loss:3.4072 train_time:1227385ms step_avg:599.02ms
step:2060/3200 train_loss:3.5488 train_time:1227981ms step_avg:599.02ms
step:2061/3200 train_loss:3.4928 train_time:1228581ms step_avg:599.02ms
step:2062/3200 train_loss:3.5115 train_time:1229176ms step_avg:599.01ms
step:2063/3200 train_loss:3.4447 train_time:1229778ms step_avg:599.01ms
step:2064/3200 train_loss:3.7374 train_time:1230374ms step_avg:599.01ms
step:2065/3200 train_loss:3.4910 train_time:1230967ms step_avg:599.01ms
step:2066/3200 train_loss:3.5649 train_time:1231567ms step_avg:599.01ms
step:2067/3200 train_loss:3.3856 train_time:1232174ms step_avg:599.02ms
step:2068/3200 train_loss:3.3286 train_time:1232773ms step_avg:599.01ms
step:2069/3200 train_loss:3.3811 train_time:1233370ms step_avg:599.01ms
step:2070/3200 train_loss:3.6371 train_time:1233955ms step_avg:599.01ms
step:2071/3200 train_loss:3.5931 train_time:1234552ms step_avg:599.01ms
step:2072/3200 train_loss:3.4857 train_time:1235151ms step_avg:599.01ms
step:2073/3200 train_loss:3.4380 train_time:1235749ms step_avg:599.01ms
step:2074/3200 train_loss:3.4643 train_time:1236346ms step_avg:599.00ms
step:2075/3200 train_loss:3.4558 train_time:1236945ms step_avg:599.00ms
step:2076/3200 train_loss:3.1898 train_time:1237538ms step_avg:599.00ms
step:2077/3200 train_loss:3.5943 train_time:1238135ms step_avg:599.00ms
step:2078/3200 train_loss:3.2728 train_time:1238732ms step_avg:599.00ms
step:2079/3200 train_loss:3.2736 train_time:1239332ms step_avg:599.00ms
step:2080/3200 train_loss:3.3514 train_time:1239938ms step_avg:599.00ms
step:2081/3200 train_loss:3.4216 train_time:1240531ms step_avg:599.00ms
step:2082/3200 train_loss:3.2884 train_time:1241128ms step_avg:599.00ms
step:2083/3200 train_loss:3.5342 train_time:1241723ms step_avg:599.00ms
step:2084/3200 train_loss:3.3426 train_time:1242315ms step_avg:598.99ms
step:2085/3200 train_loss:3.2801 train_time:1242911ms step_avg:598.99ms
step:2086/3200 train_loss:3.4614 train_time:1243509ms step_avg:598.99ms
step:2087/3200 train_loss:3.5176 train_time:1244107ms step_avg:598.99ms
step:2088/3200 train_loss:3.4462 train_time:1244703ms step_avg:598.99ms
step:2089/3200 train_loss:3.6967 train_time:1245322ms step_avg:599.00ms
step:2090/3200 train_loss:3.5365 train_time:1246120ms step_avg:599.10ms
step:2091/3200 train_loss:3.5481 train_time:1246710ms step_avg:599.09ms
step:2092/3200 train_loss:3.3275 train_time:1247306ms step_avg:599.09ms
step:2093/3200 train_loss:3.4652 train_time:1247902ms step_avg:599.09ms
step:2094/3200 train_loss:3.4024 train_time:1248501ms step_avg:599.09ms
step:2095/3200 train_loss:2.9838 train_time:1249098ms step_avg:599.09ms
step:2096/3200 train_loss:3.3822 train_time:1249699ms step_avg:599.09ms
step:2097/3200 train_loss:3.5582 train_time:1250291ms step_avg:599.09ms
step:2098/3200 train_loss:3.4031 train_time:1250890ms step_avg:599.09ms
step:2099/3200 train_loss:3.2373 train_time:1251485ms step_avg:599.08ms
step:2100/3200 train_loss:3.3685 train_time:1252082ms step_avg:599.08ms
step:2101/3200 train_loss:3.3609 train_time:1252678ms step_avg:599.08ms
step:2102/3200 train_loss:3.6031 train_time:1253274ms step_avg:599.08ms
step:2103/3200 train_loss:3.3352 train_time:1253887ms step_avg:599.09ms
step:2104/3200 train_loss:3.3795 train_time:1254484ms step_avg:599.08ms
step:2105/3200 train_loss:3.7029 train_time:1255080ms step_avg:599.08ms
step:2106/3200 train_loss:3.2074 train_time:1255677ms step_avg:599.08ms
step:2107/3200 train_loss:3.7899 train_time:1256276ms step_avg:599.08ms
step:2108/3200 train_loss:3.3308 train_time:1256872ms step_avg:599.08ms
step:2109/3200 train_loss:3.4696 train_time:1257469ms step_avg:599.08ms
step:2110/3200 train_loss:3.5706 train_time:1258065ms step_avg:599.08ms
step:2111/3200 train_loss:3.2751 train_time:1258660ms step_avg:599.08ms
step:2112/3200 train_loss:3.5882 train_time:1259260ms step_avg:599.08ms
step:2113/3200 train_loss:3.5104 train_time:1259855ms step_avg:599.08ms
step:2114/3200 train_loss:3.4753 train_time:1260451ms step_avg:599.07ms
step:2115/3200 train_loss:3.3868 train_time:1261046ms step_avg:599.07ms
step:2116/3200 train_loss:3.4848 train_time:1261647ms step_avg:599.07ms
step:2117/3200 train_loss:3.3433 train_time:1262247ms step_avg:599.07ms
step:2118/3200 train_loss:3.5083 train_time:1262839ms step_avg:599.07ms
step:2119/3200 train_loss:3.4035 train_time:1263446ms step_avg:599.07ms
step:2120/3200 train_loss:3.3930 train_time:1264042ms step_avg:599.07ms
step:2121/3200 train_loss:3.2905 train_time:1264642ms step_avg:599.07ms
step:2122/3200 train_loss:3.4360 train_time:1265239ms step_avg:599.07ms
step:2123/3200 train_loss:3.4961 train_time:1265842ms step_avg:599.07ms
step:2124/3200 train_loss:3.3996 train_time:1266441ms step_avg:599.07ms
step:2125/3200 train_loss:3.4165 train_time:1267040ms step_avg:599.07ms
step:2125/3200 val_loss:3.4281 train_time:1267420ms step_avg:599.25ms
step:2126/3200 train_loss:3.3403 train_time:1267638ms step_avg:599.07ms
step:2127/3200 train_loss:3.5387 train_time:1268232ms step_avg:599.07ms
step:2128/3200 train_loss:3.4540 train_time:1268828ms step_avg:599.07ms
step:2129/3200 train_loss:3.4842 train_time:1269424ms step_avg:599.07ms
step:2130/3200 train_loss:3.3609 train_time:1270020ms step_avg:599.07ms
step:2131/3200 train_loss:3.3196 train_time:1270616ms step_avg:599.06ms
step:2132/3200 train_loss:3.5769 train_time:1271213ms step_avg:599.06ms
step:2133/3200 train_loss:3.5006 train_time:1271816ms step_avg:599.07ms
step:2134/3200 train_loss:3.2715 train_time:1272413ms step_avg:599.06ms
step:2135/3200 train_loss:3.4483 train_time:1273022ms step_avg:599.07ms
step:2136/3200 train_loss:3.3901 train_time:1273618ms step_avg:599.07ms
step:2137/3200 train_loss:3.5802 train_time:1274221ms step_avg:599.07ms
step:2138/3200 train_loss:3.3197 train_time:1274819ms step_avg:599.07ms
step:2139/3200 train_loss:3.3891 train_time:1275414ms step_avg:599.07ms
step:2140/3200 train_loss:3.4924 train_time:1276010ms step_avg:599.07ms
step:2141/3200 train_loss:3.6984 train_time:1276610ms step_avg:599.07ms
step:2142/3200 train_loss:4.1923 train_time:1277209ms step_avg:599.07ms
step:2143/3200 train_loss:3.4020 train_time:1277803ms step_avg:599.06ms
step:2144/3200 train_loss:3.2140 train_time:1278408ms step_avg:599.07ms
step:2145/3200 train_loss:3.4688 train_time:1279008ms step_avg:599.07ms
step:2146/3200 train_loss:3.6163 train_time:1279604ms step_avg:599.07ms
step:2147/3200 train_loss:3.4537 train_time:1280200ms step_avg:599.06ms
step:2148/3200 train_loss:3.3688 train_time:1280797ms step_avg:599.06ms
step:2149/3200 train_loss:3.4206 train_time:1281385ms step_avg:599.06ms
step:2150/3200 train_loss:3.3096 train_time:1281979ms step_avg:599.06ms
step:2151/3200 train_loss:3.4135 train_time:1282574ms step_avg:599.05ms
step:2152/3200 train_loss:3.5264 train_time:1283171ms step_avg:599.05ms
step:2153/3200 train_loss:3.4126 train_time:1283782ms step_avg:599.06ms
step:2154/3200 train_loss:3.4045 train_time:1284375ms step_avg:599.06ms
step:2155/3200 train_loss:3.3557 train_time:1284972ms step_avg:599.05ms
step:2156/3200 train_loss:3.2438 train_time:1285568ms step_avg:599.05ms
step:2157/3200 train_loss:3.4088 train_time:1286174ms step_avg:599.06ms
step:2158/3200 train_loss:3.4595 train_time:1286773ms step_avg:599.06ms
step:2159/3200 train_loss:3.4616 train_time:1287366ms step_avg:599.05ms
step:2160/3200 train_loss:3.5671 train_time:1287963ms step_avg:599.05ms
step:2161/3200 train_loss:3.4558 train_time:1288577ms step_avg:599.06ms
step:2162/3200 train_loss:3.3937 train_time:1289176ms step_avg:599.06ms
step:2163/3200 train_loss:3.4277 train_time:1289774ms step_avg:599.06ms
step:2164/3200 train_loss:3.4755 train_time:1290367ms step_avg:599.06ms
step:2165/3200 train_loss:3.4324 train_time:1290964ms step_avg:599.06ms
step:2166/3200 train_loss:3.4425 train_time:1291565ms step_avg:599.06ms
step:2167/3200 train_loss:3.3869 train_time:1292156ms step_avg:599.05ms
step:2168/3200 train_loss:3.2994 train_time:1292754ms step_avg:599.05ms
step:2169/3200 train_loss:3.3335 train_time:1293357ms step_avg:599.05ms
step:2170/3200 train_loss:3.3903 train_time:1293958ms step_avg:599.05ms
step:2171/3200 train_loss:3.5594 train_time:1294548ms step_avg:599.05ms
step:2172/3200 train_loss:3.4959 train_time:1295152ms step_avg:599.05ms
step:2173/3200 train_loss:3.3309 train_time:1295748ms step_avg:599.05ms
step:2174/3200 train_loss:3.4125 train_time:1296346ms step_avg:599.05ms
step:2175/3200 train_loss:3.3323 train_time:1296942ms step_avg:599.05ms
step:2176/3200 train_loss:3.3987 train_time:1297541ms step_avg:599.05ms
step:2177/3200 train_loss:3.2812 train_time:1298134ms step_avg:599.05ms
step:2178/3200 train_loss:3.5500 train_time:1298730ms step_avg:599.05ms
step:2179/3200 train_loss:3.4218 train_time:1299328ms step_avg:599.04ms
step:2180/3200 train_loss:3.3016 train_time:1299925ms step_avg:599.04ms
step:2181/3200 train_loss:3.5616 train_time:1300523ms step_avg:599.04ms
step:2182/3200 train_loss:3.4291 train_time:1301122ms step_avg:599.04ms
step:2183/3200 train_loss:3.4211 train_time:1301717ms step_avg:599.04ms
step:2184/3200 train_loss:3.3351 train_time:1302312ms step_avg:599.04ms
step:2185/3200 train_loss:3.3080 train_time:1302911ms step_avg:599.04ms
step:2186/3200 train_loss:3.3841 train_time:1303511ms step_avg:599.04ms
step:2187/3200 train_loss:3.3347 train_time:1304105ms step_avg:599.04ms
step:2188/3200 train_loss:3.2556 train_time:1304701ms step_avg:599.04ms
step:2189/3200 train_loss:3.3492 train_time:1305296ms step_avg:599.03ms
step:2190/3200 train_loss:3.3191 train_time:1305895ms step_avg:599.03ms
step:2191/3200 train_loss:3.4532 train_time:1306491ms step_avg:599.03ms
step:2192/3200 train_loss:3.4102 train_time:1307088ms step_avg:599.03ms
step:2193/3200 train_loss:3.7625 train_time:1307684ms step_avg:599.03ms
step:2194/3200 train_loss:3.4161 train_time:1308282ms step_avg:599.03ms
step:2195/3200 train_loss:3.5265 train_time:1308879ms step_avg:599.03ms
step:2196/3200 train_loss:3.5599 train_time:1309477ms step_avg:599.03ms
step:2197/3200 train_loss:3.3369 train_time:1310071ms step_avg:599.03ms
step:2198/3200 train_loss:3.4650 train_time:1310668ms step_avg:599.03ms
step:2199/3200 train_loss:3.3264 train_time:1311269ms step_avg:599.03ms
step:2200/3200 train_loss:3.3143 train_time:1311862ms step_avg:599.02ms
step:2201/3200 train_loss:3.4147 train_time:1312459ms step_avg:599.02ms
step:2202/3200 train_loss:3.3754 train_time:1313073ms step_avg:599.03ms
step:2203/3200 train_loss:3.4174 train_time:1313675ms step_avg:599.03ms
step:2204/3200 train_loss:4.3080 train_time:1314266ms step_avg:599.03ms
step:2205/3200 train_loss:3.4881 train_time:1314857ms step_avg:599.02ms
step:2206/3200 train_loss:3.3391 train_time:1315448ms step_avg:599.02ms
step:2207/3200 train_loss:3.3860 train_time:1316044ms step_avg:599.02ms
step:2208/3200 train_loss:3.5180 train_time:1316640ms step_avg:599.02ms
step:2209/3200 train_loss:3.2504 train_time:1317237ms step_avg:599.02ms
step:2210/3200 train_loss:3.3836 train_time:1317834ms step_avg:599.02ms
step:2211/3200 train_loss:3.3574 train_time:1318429ms step_avg:599.01ms
step:2212/3200 train_loss:3.4386 train_time:1319026ms step_avg:599.01ms
step:2213/3200 train_loss:3.4571 train_time:1319623ms step_avg:599.01ms
step:2214/3200 train_loss:3.3563 train_time:1320219ms step_avg:599.01ms
step:2215/3200 train_loss:3.4395 train_time:1320821ms step_avg:599.01ms
step:2216/3200 train_loss:3.6176 train_time:1321415ms step_avg:599.01ms
step:2217/3200 train_loss:3.4427 train_time:1322010ms step_avg:599.01ms
step:2218/3200 train_loss:3.2892 train_time:1322608ms step_avg:599.01ms
step:2219/3200 train_loss:3.3791 train_time:1323207ms step_avg:599.01ms
step:2220/3200 train_loss:3.2354 train_time:1323801ms step_avg:599.00ms
step:2221/3200 train_loss:3.6715 train_time:1324402ms step_avg:599.01ms
step:2222/3200 train_loss:3.5246 train_time:1325009ms step_avg:599.01ms
step:2223/3200 train_loss:3.7100 train_time:1325609ms step_avg:599.01ms
step:2224/3200 train_loss:3.2810 train_time:1326202ms step_avg:599.01ms
step:2225/3200 train_loss:3.3877 train_time:1326798ms step_avg:599.01ms
step:2226/3200 train_loss:3.2853 train_time:1327394ms step_avg:599.00ms
step:2227/3200 train_loss:3.6396 train_time:1327993ms step_avg:599.00ms
step:2228/3200 train_loss:3.5771 train_time:1328593ms step_avg:599.00ms
step:2229/3200 train_loss:3.2114 train_time:1329185ms step_avg:599.00ms
step:2230/3200 train_loss:3.6719 train_time:1329783ms step_avg:599.00ms
step:2231/3200 train_loss:3.3538 train_time:1330381ms step_avg:599.00ms
step:2232/3200 train_loss:3.3521 train_time:1330978ms step_avg:599.00ms
step:2233/3200 train_loss:3.4997 train_time:1331576ms step_avg:599.00ms
step:2234/3200 train_loss:3.6167 train_time:1332169ms step_avg:599.00ms
step:2235/3200 train_loss:3.4412 train_time:1332766ms step_avg:599.00ms
step:2236/3200 train_loss:3.3360 train_time:1333363ms step_avg:598.99ms
step:2237/3200 train_loss:3.1314 train_time:1333967ms step_avg:599.00ms
step:2238/3200 train_loss:3.4247 train_time:1334560ms step_avg:598.99ms
step:2239/3200 train_loss:3.4470 train_time:1335158ms step_avg:598.99ms
step:2240/3200 train_loss:3.2260 train_time:1335755ms step_avg:598.99ms
step:2241/3200 train_loss:3.3129 train_time:1336353ms step_avg:598.99ms
step:2242/3200 train_loss:3.3910 train_time:1336948ms step_avg:598.99ms
step:2243/3200 train_loss:3.4483 train_time:1337551ms step_avg:598.99ms
step:2244/3200 train_loss:3.2286 train_time:1338146ms step_avg:598.99ms
step:2245/3200 train_loss:3.4988 train_time:1338743ms step_avg:598.99ms
step:2246/3200 train_loss:3.5044 train_time:1339341ms step_avg:598.99ms
step:2247/3200 train_loss:3.1714 train_time:1339937ms step_avg:598.99ms
step:2248/3200 train_loss:3.2162 train_time:1340544ms step_avg:598.99ms
step:2249/3200 train_loss:3.5593 train_time:1341140ms step_avg:598.99ms
step:2250/3200 train_loss:3.4741 train_time:1341739ms step_avg:598.99ms
step:2250/3200 val_loss:3.4168 train_time:1342119ms step_avg:599.16ms
step:2251/3200 train_loss:3.3461 train_time:1342336ms step_avg:598.99ms
step:2252/3200 train_loss:3.3583 train_time:1342931ms step_avg:598.99ms
step:2253/3200 train_loss:3.4057 train_time:1343528ms step_avg:598.99ms
step:2254/3200 train_loss:3.4491 train_time:1344124ms step_avg:598.99ms
step:2255/3200 train_loss:3.5023 train_time:1344719ms step_avg:598.98ms
step:2256/3200 train_loss:3.3634 train_time:1345334ms step_avg:598.99ms
step:2257/3200 train_loss:3.5439 train_time:1345932ms step_avg:598.99ms
step:2258/3200 train_loss:3.4149 train_time:1346527ms step_avg:598.99ms
step:2259/3200 train_loss:4.2279 train_time:1347127ms step_avg:598.99ms
step:2260/3200 train_loss:3.3840 train_time:1347721ms step_avg:598.99ms
step:2261/3200 train_loss:3.4374 train_time:1348318ms step_avg:598.99ms
step:2262/3200 train_loss:3.4348 train_time:1348915ms step_avg:598.99ms
step:2263/3200 train_loss:3.2996 train_time:1349511ms step_avg:598.98ms
step:2264/3200 train_loss:3.4447 train_time:1350112ms step_avg:598.98ms
step:2265/3200 train_loss:3.2769 train_time:1350707ms step_avg:598.98ms
step:2266/3200 train_loss:3.6133 train_time:1351306ms step_avg:598.98ms
step:2267/3200 train_loss:3.2087 train_time:1351901ms step_avg:598.98ms
step:2268/3200 train_loss:3.3146 train_time:1352505ms step_avg:598.98ms
step:2269/3200 train_loss:3.2340 train_time:1353101ms step_avg:598.98ms
step:2270/3200 train_loss:3.3695 train_time:1353702ms step_avg:598.98ms
step:2271/3200 train_loss:3.8952 train_time:1354300ms step_avg:598.98ms
step:2272/3200 train_loss:3.4947 train_time:1354894ms step_avg:598.98ms
step:2273/3200 train_loss:3.4924 train_time:1355489ms step_avg:598.98ms
step:2274/3200 train_loss:3.3880 train_time:1356089ms step_avg:598.98ms
step:2275/3200 train_loss:3.3249 train_time:1356685ms step_avg:598.98ms
step:2276/3200 train_loss:3.3568 train_time:1357280ms step_avg:598.98ms
step:2277/3200 train_loss:3.2179 train_time:1357878ms step_avg:598.98ms
step:2278/3200 train_loss:3.2973 train_time:1358478ms step_avg:598.98ms
step:2279/3200 train_loss:3.7054 train_time:1359072ms step_avg:598.97ms
step:2280/3200 train_loss:3.2823 train_time:1360040ms step_avg:599.14ms
step:2281/3200 train_loss:3.4543 train_time:1360636ms step_avg:599.13ms
step:2282/3200 train_loss:3.2765 train_time:1361231ms step_avg:599.13ms
step:2283/3200 train_loss:3.4036 train_time:1361831ms step_avg:599.13ms
step:2284/3200 train_loss:3.3174 train_time:1362426ms step_avg:599.13ms
step:2285/3200 train_loss:3.4580 train_time:1363046ms step_avg:599.14ms
step:2286/3200 train_loss:3.4397 train_time:1363646ms step_avg:599.14ms
step:2287/3200 train_loss:3.2560 train_time:1364241ms step_avg:599.14ms
step:2288/3200 train_loss:3.4414 train_time:1364844ms step_avg:599.14ms
step:2289/3200 train_loss:3.4476 train_time:1365441ms step_avg:599.14ms
step:2290/3200 train_loss:3.6426 train_time:1366040ms step_avg:599.14ms
step:2291/3200 train_loss:3.2506 train_time:1366636ms step_avg:599.14ms
step:2292/3200 train_loss:4.0749 train_time:1367232ms step_avg:599.14ms
step:2293/3200 train_loss:3.3697 train_time:1367828ms step_avg:599.14ms
step:2294/3200 train_loss:3.2837 train_time:1368424ms step_avg:599.14ms
step:2295/3200 train_loss:3.4583 train_time:1369020ms step_avg:599.13ms
step:2296/3200 train_loss:3.3760 train_time:1369618ms step_avg:599.13ms
step:2297/3200 train_loss:3.4426 train_time:1370223ms step_avg:599.14ms
step:2298/3200 train_loss:3.8553 train_time:1370821ms step_avg:599.13ms
step:2299/3200 train_loss:3.4565 train_time:1371420ms step_avg:599.13ms
step:2300/3200 train_loss:3.2180 train_time:1372016ms step_avg:599.13ms
step:2301/3200 train_loss:3.6365 train_time:1372611ms step_avg:599.13ms
step:2302/3200 train_loss:3.2628 train_time:1373207ms step_avg:599.13ms
step:2303/3200 train_loss:3.4280 train_time:1373790ms step_avg:599.12ms
step:2304/3200 train_loss:3.3701 train_time:1374390ms step_avg:599.12ms
step:2305/3200 train_loss:3.3171 train_time:1374984ms step_avg:599.12ms
step:2306/3200 train_loss:3.6254 train_time:1375581ms step_avg:599.12ms
step:2307/3200 train_loss:3.2489 train_time:1376178ms step_avg:599.12ms
step:2308/3200 train_loss:3.4690 train_time:1376775ms step_avg:599.12ms
step:2309/3200 train_loss:3.4330 train_time:1377373ms step_avg:599.12ms
step:2310/3200 train_loss:3.5538 train_time:1377970ms step_avg:599.12ms
step:2311/3200 train_loss:3.2564 train_time:1378568ms step_avg:599.12ms
step:2312/3200 train_loss:3.4458 train_time:1379163ms step_avg:599.12ms
step:2313/3200 train_loss:3.5062 train_time:1379760ms step_avg:599.11ms
step:2314/3200 train_loss:3.4566 train_time:1380358ms step_avg:599.11ms
step:2315/3200 train_loss:3.3153 train_time:1380959ms step_avg:599.11ms
step:2316/3200 train_loss:3.4134 train_time:1381552ms step_avg:599.11ms
step:2317/3200 train_loss:3.2463 train_time:1382150ms step_avg:599.11ms
step:2318/3200 train_loss:3.4345 train_time:1382747ms step_avg:599.11ms
step:2319/3200 train_loss:3.3757 train_time:1383344ms step_avg:599.11ms
step:2320/3200 train_loss:3.0791 train_time:1383945ms step_avg:599.11ms
step:2321/3200 train_loss:3.3526 train_time:1384541ms step_avg:599.11ms
step:2322/3200 train_loss:3.4919 train_time:1385158ms step_avg:599.12ms
step:2323/3200 train_loss:3.3987 train_time:1385761ms step_avg:599.12ms
step:2324/3200 train_loss:3.4353 train_time:1386361ms step_avg:599.12ms
step:2325/3200 train_loss:3.4438 train_time:1386960ms step_avg:599.12ms
step:2326/3200 train_loss:3.5303 train_time:1387557ms step_avg:599.12ms
step:2327/3200 train_loss:3.5310 train_time:1388157ms step_avg:599.12ms
step:2328/3200 train_loss:3.2411 train_time:1388754ms step_avg:599.12ms
step:2329/3200 train_loss:3.3513 train_time:1389349ms step_avg:599.12ms
step:2330/3200 train_loss:3.3322 train_time:1389947ms step_avg:599.12ms
step:2331/3200 train_loss:3.2932 train_time:1390544ms step_avg:599.11ms
step:2332/3200 train_loss:3.0970 train_time:1391140ms step_avg:599.11ms
step:2333/3200 train_loss:3.3944 train_time:1391737ms step_avg:599.11ms
step:2334/3200 train_loss:3.3889 train_time:1392333ms step_avg:599.11ms
step:2335/3200 train_loss:3.4773 train_time:1392929ms step_avg:599.11ms
step:2336/3200 train_loss:3.2631 train_time:1393528ms step_avg:599.11ms
step:2337/3200 train_loss:3.4257 train_time:1394131ms step_avg:599.11ms
step:2338/3200 train_loss:3.3796 train_time:1394733ms step_avg:599.11ms
step:2339/3200 train_loss:3.3041 train_time:1395327ms step_avg:599.11ms
step:2340/3200 train_loss:3.5097 train_time:1395922ms step_avg:599.11ms
step:2341/3200 train_loss:3.4156 train_time:1396520ms step_avg:599.11ms
step:2342/3200 train_loss:3.3692 train_time:1397122ms step_avg:599.11ms
step:2343/3200 train_loss:3.3844 train_time:1397719ms step_avg:599.11ms
step:2344/3200 train_loss:3.4727 train_time:1398317ms step_avg:599.11ms
step:2345/3200 train_loss:3.3721 train_time:1398913ms step_avg:599.11ms
step:2346/3200 train_loss:3.4404 train_time:1399528ms step_avg:599.11ms
step:2347/3200 train_loss:3.4452 train_time:1400125ms step_avg:599.11ms
step:2348/3200 train_loss:3.4056 train_time:1400721ms step_avg:599.11ms
step:2349/3200 train_loss:3.4526 train_time:1401317ms step_avg:599.11ms
step:2350/3200 train_loss:3.2430 train_time:1401913ms step_avg:599.11ms
step:2351/3200 train_loss:3.2344 train_time:1402509ms step_avg:599.11ms
step:2352/3200 train_loss:3.3628 train_time:1403105ms step_avg:599.11ms
step:2353/3200 train_loss:3.3922 train_time:1403704ms step_avg:599.11ms
step:2354/3200 train_loss:3.4869 train_time:1404304ms step_avg:599.11ms
step:2355/3200 train_loss:3.3699 train_time:1404896ms step_avg:599.10ms
step:2356/3200 train_loss:3.2224 train_time:1405495ms step_avg:599.10ms
step:2357/3200 train_loss:3.5413 train_time:1406093ms step_avg:599.10ms
step:2358/3200 train_loss:3.2099 train_time:1406696ms step_avg:599.10ms
step:2359/3200 train_loss:3.2997 train_time:1407292ms step_avg:599.10ms
step:2360/3200 train_loss:3.2511 train_time:1407887ms step_avg:599.10ms
step:2361/3200 train_loss:3.2551 train_time:1408483ms step_avg:599.10ms
step:2362/3200 train_loss:3.3649 train_time:1409086ms step_avg:599.10ms
step:2363/3200 train_loss:3.2144 train_time:1409683ms step_avg:599.10ms
step:2364/3200 train_loss:3.3945 train_time:1410279ms step_avg:599.10ms
step:2365/3200 train_loss:3.3371 train_time:1410875ms step_avg:599.10ms
step:2366/3200 train_loss:3.4092 train_time:1411474ms step_avg:599.10ms
step:2367/3200 train_loss:3.4679 train_time:1412071ms step_avg:599.10ms
step:2368/3200 train_loss:3.3770 train_time:1412668ms step_avg:599.10ms
step:2369/3200 train_loss:3.4058 train_time:1413266ms step_avg:599.10ms
step:2370/3200 train_loss:3.4969 train_time:1413862ms step_avg:599.09ms
step:2371/3200 train_loss:3.3083 train_time:1414462ms step_avg:599.09ms
step:2372/3200 train_loss:3.5468 train_time:1415057ms step_avg:599.09ms
step:2373/3200 train_loss:3.3689 train_time:1415652ms step_avg:599.09ms
step:2374/3200 train_loss:4.0728 train_time:1416237ms step_avg:599.09ms
step:2375/3200 train_loss:3.3518 train_time:1416832ms step_avg:599.08ms
step:2375/3200 val_loss:3.4017 train_time:1417212ms step_avg:599.24ms
step:2376/3200 train_loss:3.2809 train_time:1417431ms step_avg:599.08ms
step:2377/3200 train_loss:3.6023 train_time:1418028ms step_avg:599.08ms
step:2378/3200 train_loss:3.4979 train_time:1418622ms step_avg:599.08ms
step:2379/3200 train_loss:3.5247 train_time:1419219ms step_avg:599.08ms
step:2380/3200 train_loss:3.4291 train_time:1419817ms step_avg:599.08ms
step:2381/3200 train_loss:3.3027 train_time:1420412ms step_avg:599.08ms
step:2382/3200 train_loss:3.4659 train_time:1421016ms step_avg:599.08ms
step:2383/3200 train_loss:3.4952 train_time:1421610ms step_avg:599.08ms
step:2384/3200 train_loss:3.3351 train_time:1422210ms step_avg:599.08ms
step:2385/3200 train_loss:3.2769 train_time:1422804ms step_avg:599.08ms
step:2386/3200 train_loss:3.4639 train_time:1423401ms step_avg:599.07ms
step:2387/3200 train_loss:3.4554 train_time:1423997ms step_avg:599.07ms
step:2388/3200 train_loss:3.5127 train_time:1424595ms step_avg:599.07ms
step:2389/3200 train_loss:3.4286 train_time:1425192ms step_avg:599.07ms
step:2390/3200 train_loss:3.5093 train_time:1425788ms step_avg:599.07ms
step:2391/3200 train_loss:3.3331 train_time:1426386ms step_avg:599.07ms
step:2392/3200 train_loss:3.2893 train_time:1426984ms step_avg:599.07ms
step:2393/3200 train_loss:3.5456 train_time:1427580ms step_avg:599.07ms
step:2394/3200 train_loss:3.3001 train_time:1428176ms step_avg:599.07ms
step:2395/3200 train_loss:3.5232 train_time:1428771ms step_avg:599.07ms
step:2396/3200 train_loss:3.5570 train_time:1429372ms step_avg:599.07ms
step:2397/3200 train_loss:3.7290 train_time:1429972ms step_avg:599.07ms
step:2398/3200 train_loss:3.6731 train_time:1430565ms step_avg:599.06ms
step:2399/3200 train_loss:3.4562 train_time:1431160ms step_avg:599.06ms
step:2400/3200 train_loss:3.2914 train_time:1431758ms step_avg:599.06ms
step:2401/3200 train_loss:3.3293 train_time:1432353ms step_avg:599.06ms
step:2402/3200 train_loss:3.4993 train_time:1432950ms step_avg:599.06ms
step:2403/3200 train_loss:3.3004 train_time:1433551ms step_avg:599.06ms
step:2404/3200 train_loss:3.3702 train_time:1434148ms step_avg:599.06ms
step:2405/3200 train_loss:3.6932 train_time:1434744ms step_avg:599.06ms
step:2406/3200 train_loss:3.3369 train_time:1435345ms step_avg:599.06ms
step:2407/3200 train_loss:3.4872 train_time:1435943ms step_avg:599.06ms
step:2408/3200 train_loss:3.3706 train_time:1436537ms step_avg:599.06ms
step:2409/3200 train_loss:3.3993 train_time:1437135ms step_avg:599.06ms
step:2410/3200 train_loss:3.4938 train_time:1437733ms step_avg:599.06ms
step:2411/3200 train_loss:3.3325 train_time:1438328ms step_avg:599.05ms
step:2412/3200 train_loss:3.5085 train_time:1438937ms step_avg:599.06ms
step:2413/3200 train_loss:3.4891 train_time:1439533ms step_avg:599.06ms
step:2414/3200 train_loss:3.3550 train_time:1440129ms step_avg:599.06ms
step:2415/3200 train_loss:3.3320 train_time:1440725ms step_avg:599.05ms
step:2416/3200 train_loss:3.4862 train_time:1441322ms step_avg:599.05ms
step:2417/3200 train_loss:3.2896 train_time:1441916ms step_avg:599.05ms
step:2418/3200 train_loss:3.2076 train_time:1442529ms step_avg:599.06ms
step:2419/3200 train_loss:3.5625 train_time:1443123ms step_avg:599.05ms
step:2420/3200 train_loss:3.3844 train_time:1443720ms step_avg:599.05ms
step:2421/3200 train_loss:3.3794 train_time:1444317ms step_avg:599.05ms
step:2422/3200 train_loss:3.4049 train_time:1444917ms step_avg:599.05ms
step:2423/3200 train_loss:3.5986 train_time:1445510ms step_avg:599.05ms
step:2424/3200 train_loss:3.4070 train_time:1446107ms step_avg:599.05ms
step:2425/3200 train_loss:3.6437 train_time:1446702ms step_avg:599.05ms
step:2426/3200 train_loss:3.5193 train_time:1447300ms step_avg:599.05ms
step:2427/3200 train_loss:3.3949 train_time:1447897ms step_avg:599.05ms
step:2428/3200 train_loss:3.4047 train_time:1448495ms step_avg:599.05ms
step:2429/3200 train_loss:3.4047 train_time:1449094ms step_avg:599.05ms
step:2430/3200 train_loss:3.4075 train_time:1449699ms step_avg:599.05ms
step:2431/3200 train_loss:3.3932 train_time:1450295ms step_avg:599.05ms
step:2432/3200 train_loss:3.3860 train_time:1450890ms step_avg:599.05ms
step:2433/3200 train_loss:3.4403 train_time:1451485ms step_avg:599.04ms
step:2434/3200 train_loss:3.2556 train_time:1452083ms step_avg:599.04ms
step:2435/3200 train_loss:3.2182 train_time:1452681ms step_avg:599.04ms
step:2436/3200 train_loss:3.4276 train_time:1453277ms step_avg:599.04ms
step:2437/3200 train_loss:3.2039 train_time:1453874ms step_avg:599.04ms
step:2438/3200 train_loss:3.3677 train_time:1454474ms step_avg:599.04ms
step:2439/3200 train_loss:3.4747 train_time:1455069ms step_avg:599.04ms
step:2440/3200 train_loss:3.4944 train_time:1455666ms step_avg:599.04ms
step:2441/3200 train_loss:3.3685 train_time:1456270ms step_avg:599.04ms
step:2442/3200 train_loss:3.3400 train_time:1456873ms step_avg:599.04ms
step:2443/3200 train_loss:3.4852 train_time:1457466ms step_avg:599.04ms
step:2444/3200 train_loss:3.2618 train_time:1458062ms step_avg:599.04ms
step:2445/3200 train_loss:3.3689 train_time:1458657ms step_avg:599.04ms
step:2446/3200 train_loss:3.3587 train_time:1459254ms step_avg:599.04ms
step:2447/3200 train_loss:3.3581 train_time:1459850ms step_avg:599.04ms
step:2448/3200 train_loss:3.3707 train_time:1460447ms step_avg:599.03ms
step:2449/3200 train_loss:3.6818 train_time:1461045ms step_avg:599.03ms
step:2450/3200 train_loss:3.4271 train_time:1461642ms step_avg:599.03ms
step:2451/3200 train_loss:3.3421 train_time:1462239ms step_avg:599.03ms
step:2452/3200 train_loss:3.2837 train_time:1462839ms step_avg:599.03ms
step:2453/3200 train_loss:3.6727 train_time:1463434ms step_avg:599.03ms
step:2454/3200 train_loss:3.3377 train_time:1464031ms step_avg:599.03ms
step:2455/3200 train_loss:3.5080 train_time:1464634ms step_avg:599.03ms
step:2456/3200 train_loss:3.4631 train_time:1465229ms step_avg:599.03ms
step:2457/3200 train_loss:3.3885 train_time:1465825ms step_avg:599.03ms
step:2458/3200 train_loss:3.1807 train_time:1466445ms step_avg:599.04ms
step:2459/3200 train_loss:3.3767 train_time:1467037ms step_avg:599.03ms
step:2460/3200 train_loss:3.3604 train_time:1467637ms step_avg:599.04ms
step:2461/3200 train_loss:3.4478 train_time:1468232ms step_avg:599.03ms
step:2462/3200 train_loss:3.2612 train_time:1468833ms step_avg:599.03ms
step:2463/3200 train_loss:3.6160 train_time:1469428ms step_avg:599.03ms
step:2464/3200 train_loss:3.3881 train_time:1470024ms step_avg:599.03ms
step:2465/3200 train_loss:3.5003 train_time:1470619ms step_avg:599.03ms
step:2466/3200 train_loss:3.5656 train_time:1471222ms step_avg:599.03ms
step:2467/3200 train_loss:3.3868 train_time:1471823ms step_avg:599.03ms
step:2468/3200 train_loss:3.3191 train_time:1472418ms step_avg:599.03ms
step:2469/3200 train_loss:3.3929 train_time:1473019ms step_avg:599.03ms
step:2470/3200 train_loss:3.4165 train_time:1473802ms step_avg:599.11ms
step:2471/3200 train_loss:3.3831 train_time:1474397ms step_avg:599.10ms
step:2472/3200 train_loss:3.3563 train_time:1474993ms step_avg:599.10ms
step:2473/3200 train_loss:3.4113 train_time:1475588ms step_avg:599.10ms
step:2474/3200 train_loss:3.4920 train_time:1476189ms step_avg:599.10ms
step:2475/3200 train_loss:3.9324 train_time:1476784ms step_avg:599.10ms
step:2476/3200 train_loss:3.2871 train_time:1477387ms step_avg:599.10ms
step:2477/3200 train_loss:3.6060 train_time:1477981ms step_avg:599.10ms
step:2478/3200 train_loss:3.5567 train_time:1478581ms step_avg:599.10ms
step:2479/3200 train_loss:3.2450 train_time:1479175ms step_avg:599.10ms
step:2480/3200 train_loss:3.2175 train_time:1479775ms step_avg:599.10ms
step:2481/3200 train_loss:3.4246 train_time:1480369ms step_avg:599.10ms
step:2482/3200 train_loss:3.3695 train_time:1480968ms step_avg:599.10ms
step:2483/3200 train_loss:3.2900 train_time:1481565ms step_avg:599.10ms
step:2484/3200 train_loss:3.3675 train_time:1482162ms step_avg:599.10ms
step:2485/3200 train_loss:3.4222 train_time:1482756ms step_avg:599.09ms
step:2486/3200 train_loss:3.1171 train_time:1483360ms step_avg:599.10ms
step:2487/3200 train_loss:3.4832 train_time:1483959ms step_avg:599.10ms
step:2488/3200 train_loss:3.2781 train_time:1484558ms step_avg:599.10ms
step:2489/3200 train_loss:3.2454 train_time:1485153ms step_avg:599.09ms
step:2490/3200 train_loss:3.4278 train_time:1485751ms step_avg:599.09ms
step:2491/3200 train_loss:3.4643 train_time:1486345ms step_avg:599.09ms
step:2492/3200 train_loss:3.6940 train_time:1486944ms step_avg:599.09ms
step:2493/3200 train_loss:3.4014 train_time:1487540ms step_avg:599.09ms
step:2494/3200 train_loss:3.2648 train_time:1488136ms step_avg:599.09ms
step:2495/3200 train_loss:3.5176 train_time:1488732ms step_avg:599.09ms
step:2496/3200 train_loss:3.5204 train_time:1489329ms step_avg:599.09ms
step:2497/3200 train_loss:3.3364 train_time:1489924ms step_avg:599.08ms
step:2498/3200 train_loss:3.4016 train_time:1490521ms step_avg:599.08ms
step:2499/3200 train_loss:3.4169 train_time:1491120ms step_avg:599.08ms
step:2500/3200 train_loss:3.4999 train_time:1491716ms step_avg:599.08ms
step:2500/3200 val_loss:3.3780 train_time:1492095ms step_avg:599.23ms
step:2501/3200 train_loss:3.5378 train_time:1492315ms step_avg:599.08ms
step:2502/3200 train_loss:3.4698 train_time:1492910ms step_avg:599.08ms
step:2503/3200 train_loss:3.5036 train_time:1493505ms step_avg:599.08ms
step:2504/3200 train_loss:3.2467 train_time:1494102ms step_avg:599.08ms
step:2505/3200 train_loss:3.4970 train_time:1494701ms step_avg:599.08ms
step:2506/3200 train_loss:3.4349 train_time:1495310ms step_avg:599.08ms
step:2507/3200 train_loss:3.3148 train_time:1495901ms step_avg:599.08ms
step:2508/3200 train_loss:3.2562 train_time:1496499ms step_avg:599.08ms
step:2509/3200 train_loss:3.3823 train_time:1497107ms step_avg:599.08ms
step:2510/3200 train_loss:3.4406 train_time:1497709ms step_avg:599.08ms
step:2511/3200 train_loss:3.3436 train_time:1498302ms step_avg:599.08ms
step:2512/3200 train_loss:3.4970 train_time:1498898ms step_avg:599.08ms
step:2513/3200 train_loss:3.4482 train_time:1499494ms step_avg:599.08ms
step:2514/3200 train_loss:3.3999 train_time:1500090ms step_avg:599.08ms
step:2515/3200 train_loss:3.4148 train_time:1500700ms step_avg:599.08ms
step:2516/3200 train_loss:3.4277 train_time:1501296ms step_avg:599.08ms
step:2517/3200 train_loss:3.3813 train_time:1501899ms step_avg:599.08ms
step:2518/3200 train_loss:3.2441 train_time:1502497ms step_avg:599.08ms
step:2519/3200 train_loss:3.3598 train_time:1503094ms step_avg:599.08ms
step:2520/3200 train_loss:3.4351 train_time:1503693ms step_avg:599.08ms
step:2521/3200 train_loss:3.4773 train_time:1504288ms step_avg:599.08ms
step:2522/3200 train_loss:3.3282 train_time:1504887ms step_avg:599.08ms
step:2523/3200 train_loss:3.1360 train_time:1505482ms step_avg:599.08ms
step:2524/3200 train_loss:3.3693 train_time:1506080ms step_avg:599.08ms
step:2525/3200 train_loss:3.2608 train_time:1506683ms step_avg:599.08ms
step:2526/3200 train_loss:3.5081 train_time:1507276ms step_avg:599.08ms
step:2527/3200 train_loss:3.2824 train_time:1507874ms step_avg:599.08ms
step:2528/3200 train_loss:3.4120 train_time:1508470ms step_avg:599.07ms
step:2529/3200 train_loss:3.3088 train_time:1509066ms step_avg:599.07ms
step:2530/3200 train_loss:3.4366 train_time:1509662ms step_avg:599.07ms
step:2531/3200 train_loss:3.4526 train_time:1510259ms step_avg:599.07ms
step:2532/3200 train_loss:3.2893 train_time:1510856ms step_avg:599.07ms
step:2533/3200 train_loss:3.4863 train_time:1511453ms step_avg:599.07ms
step:2534/3200 train_loss:3.3396 train_time:1512055ms step_avg:599.07ms
step:2535/3200 train_loss:3.2838 train_time:1512647ms step_avg:599.07ms
step:2536/3200 train_loss:3.4374 train_time:1513248ms step_avg:599.07ms
step:2537/3200 train_loss:3.4349 train_time:1513841ms step_avg:599.07ms
step:2538/3200 train_loss:3.2638 train_time:1514437ms step_avg:599.07ms
step:2539/3200 train_loss:3.6886 train_time:1515037ms step_avg:599.07ms
step:2540/3200 train_loss:3.3686 train_time:1515637ms step_avg:599.07ms
step:2541/3200 train_loss:3.3249 train_time:1516231ms step_avg:599.06ms
step:2542/3200 train_loss:3.3754 train_time:1516826ms step_avg:599.06ms
step:2543/3200 train_loss:3.8223 train_time:1517423ms step_avg:599.06ms
step:2544/3200 train_loss:3.3891 train_time:1518018ms step_avg:599.06ms
step:2545/3200 train_loss:3.5689 train_time:1518615ms step_avg:599.06ms
step:2546/3200 train_loss:3.3137 train_time:1519212ms step_avg:599.06ms
step:2547/3200 train_loss:3.3328 train_time:1519809ms step_avg:599.06ms
step:2548/3200 train_loss:3.2868 train_time:1520406ms step_avg:599.06ms
step:2549/3200 train_loss:3.4824 train_time:1521007ms step_avg:599.06ms
step:2550/3200 train_loss:3.3395 train_time:1521601ms step_avg:599.06ms
step:2551/3200 train_loss:3.2993 train_time:1522202ms step_avg:599.06ms
step:2552/3200 train_loss:3.3888 train_time:1522799ms step_avg:599.06ms
step:2553/3200 train_loss:3.3965 train_time:1523393ms step_avg:599.05ms
step:2554/3200 train_loss:3.3554 train_time:1523991ms step_avg:599.05ms
step:2555/3200 train_loss:3.6151 train_time:1524590ms step_avg:599.05ms
step:2556/3200 train_loss:3.4442 train_time:1525186ms step_avg:599.05ms
step:2557/3200 train_loss:3.4537 train_time:1525785ms step_avg:599.05ms
step:2558/3200 train_loss:3.4221 train_time:1526378ms step_avg:599.05ms
step:2559/3200 train_loss:3.3438 train_time:1526974ms step_avg:599.05ms
step:2560/3200 train_loss:3.4926 train_time:1527575ms step_avg:599.05ms
step:2561/3200 train_loss:3.3888 train_time:1528169ms step_avg:599.05ms
step:2562/3200 train_loss:3.3734 train_time:1528773ms step_avg:599.05ms
step:2563/3200 train_loss:3.3765 train_time:1529364ms step_avg:599.05ms
step:2564/3200 train_loss:3.4102 train_time:1529964ms step_avg:599.05ms
step:2565/3200 train_loss:3.3003 train_time:1530559ms step_avg:599.04ms
step:2566/3200 train_loss:3.3813 train_time:1531156ms step_avg:599.04ms
step:2567/3200 train_loss:3.3658 train_time:1531753ms step_avg:599.04ms
step:2568/3200 train_loss:3.3112 train_time:1532350ms step_avg:599.04ms
step:2569/3200 train_loss:3.5840 train_time:1532949ms step_avg:599.04ms
step:2570/3200 train_loss:3.4837 train_time:1533543ms step_avg:599.04ms
step:2571/3200 train_loss:3.5350 train_time:1534140ms step_avg:599.04ms
step:2572/3200 train_loss:3.1892 train_time:1534737ms step_avg:599.04ms
step:2573/3200 train_loss:3.3268 train_time:1535334ms step_avg:599.04ms
step:2574/3200 train_loss:2.8780 train_time:1535929ms step_avg:599.04ms
step:2575/3200 train_loss:3.2887 train_time:1536525ms step_avg:599.04ms
step:2576/3200 train_loss:3.0263 train_time:1537122ms step_avg:599.03ms
step:2577/3200 train_loss:3.3239 train_time:1537719ms step_avg:599.03ms
step:2578/3200 train_loss:3.3895 train_time:1538316ms step_avg:599.03ms
step:2579/3200 train_loss:3.2557 train_time:1538910ms step_avg:599.03ms
step:2580/3200 train_loss:3.3767 train_time:1539511ms step_avg:599.03ms
step:2581/3200 train_loss:3.3813 train_time:1540106ms step_avg:599.03ms
step:2582/3200 train_loss:3.4879 train_time:1540702ms step_avg:599.03ms
step:2583/3200 train_loss:3.2971 train_time:1541300ms step_avg:599.03ms
step:2584/3200 train_loss:3.5560 train_time:1541901ms step_avg:599.03ms
step:2585/3200 train_loss:3.4095 train_time:1542494ms step_avg:599.03ms
step:2586/3200 train_loss:3.6283 train_time:1543091ms step_avg:599.03ms
step:2587/3200 train_loss:3.5203 train_time:1543687ms step_avg:599.02ms
step:2588/3200 train_loss:3.2107 train_time:1544288ms step_avg:599.03ms
step:2589/3200 train_loss:3.3396 train_time:1544883ms step_avg:599.02ms
step:2590/3200 train_loss:3.4484 train_time:1545483ms step_avg:599.02ms
step:2591/3200 train_loss:3.2728 train_time:1546080ms step_avg:599.02ms
step:2592/3200 train_loss:3.7477 train_time:1546685ms step_avg:599.03ms
step:2593/3200 train_loss:3.4492 train_time:1547283ms step_avg:599.03ms
step:2594/3200 train_loss:3.3392 train_time:1547879ms step_avg:599.02ms
step:2595/3200 train_loss:3.3688 train_time:1548477ms step_avg:599.02ms
step:2596/3200 train_loss:3.7165 train_time:1549076ms step_avg:599.02ms
step:2597/3200 train_loss:3.4503 train_time:1549670ms step_avg:599.02ms
step:2598/3200 train_loss:3.3417 train_time:1550266ms step_avg:599.02ms
step:2599/3200 train_loss:3.2817 train_time:1550869ms step_avg:599.02ms
step:2600/3200 train_loss:3.4945 train_time:1551462ms step_avg:599.02ms
step:2601/3200 train_loss:3.8452 train_time:1552063ms step_avg:599.02ms
step:2602/3200 train_loss:2.9419 train_time:1552657ms step_avg:599.02ms
step:2603/3200 train_loss:3.3243 train_time:1553255ms step_avg:599.02ms
step:2604/3200 train_loss:3.2736 train_time:1553851ms step_avg:599.02ms
step:2605/3200 train_loss:3.5207 train_time:1554446ms step_avg:599.02ms
step:2606/3200 train_loss:3.3736 train_time:1555047ms step_avg:599.02ms
step:2607/3200 train_loss:3.4067 train_time:1555640ms step_avg:599.01ms
step:2608/3200 train_loss:3.2887 train_time:1556236ms step_avg:599.01ms
step:2609/3200 train_loss:3.2790 train_time:1556831ms step_avg:599.01ms
step:2610/3200 train_loss:3.4888 train_time:1557428ms step_avg:599.01ms
step:2611/3200 train_loss:3.4537 train_time:1558056ms step_avg:599.02ms
step:2612/3200 train_loss:3.1143 train_time:1558663ms step_avg:599.02ms
step:2613/3200 train_loss:3.4738 train_time:1559254ms step_avg:599.02ms
step:2614/3200 train_loss:3.4314 train_time:1559849ms step_avg:599.02ms
step:2615/3200 train_loss:3.3255 train_time:1560447ms step_avg:599.02ms
step:2616/3200 train_loss:3.4856 train_time:1561051ms step_avg:599.02ms
step:2617/3200 train_loss:3.3377 train_time:1561641ms step_avg:599.02ms
step:2618/3200 train_loss:3.4272 train_time:1562237ms step_avg:599.02ms
step:2619/3200 train_loss:3.1984 train_time:1562835ms step_avg:599.02ms
step:2620/3200 train_loss:3.5164 train_time:1563433ms step_avg:599.02ms
step:2621/3200 train_loss:3.4935 train_time:1564028ms step_avg:599.02ms
step:2622/3200 train_loss:3.5923 train_time:1564630ms step_avg:599.02ms
step:2623/3200 train_loss:3.5497 train_time:1565229ms step_avg:599.02ms
step:2624/3200 train_loss:3.3718 train_time:1565828ms step_avg:599.02ms
step:2625/3200 train_loss:3.5448 train_time:1566421ms step_avg:599.01ms
step:2625/3200 val_loss:3.3546 train_time:1566800ms step_avg:599.16ms
step:2626/3200 train_loss:3.3388 train_time:1567019ms step_avg:599.01ms
step:2627/3200 train_loss:3.4056 train_time:1567615ms step_avg:599.01ms
step:2628/3200 train_loss:3.3416 train_time:1568212ms step_avg:599.01ms
step:2629/3200 train_loss:3.3368 train_time:1568809ms step_avg:599.01ms
step:2630/3200 train_loss:3.5485 train_time:1569403ms step_avg:599.01ms
step:2631/3200 train_loss:3.4542 train_time:1570004ms step_avg:599.01ms
step:2632/3200 train_loss:3.7333 train_time:1570603ms step_avg:599.01ms
step:2633/3200 train_loss:3.3972 train_time:1571196ms step_avg:599.01ms
step:2634/3200 train_loss:3.3827 train_time:1571792ms step_avg:599.01ms
step:2635/3200 train_loss:3.2421 train_time:1572392ms step_avg:599.01ms
step:2636/3200 train_loss:3.4106 train_time:1572985ms step_avg:599.00ms
step:2637/3200 train_loss:2.9863 train_time:1573581ms step_avg:599.00ms
step:2638/3200 train_loss:3.4442 train_time:1574183ms step_avg:599.00ms
step:2639/3200 train_loss:3.3700 train_time:1574775ms step_avg:599.00ms
step:2640/3200 train_loss:3.0615 train_time:1575375ms step_avg:599.00ms
step:2641/3200 train_loss:3.3354 train_time:1575970ms step_avg:599.00ms
step:2642/3200 train_loss:3.4173 train_time:1576571ms step_avg:599.00ms
step:2643/3200 train_loss:3.2026 train_time:1577165ms step_avg:599.00ms
step:2644/3200 train_loss:3.2991 train_time:1577767ms step_avg:599.00ms
step:2645/3200 train_loss:3.4541 train_time:1578361ms step_avg:599.00ms
step:2646/3200 train_loss:3.2725 train_time:1578956ms step_avg:599.00ms
step:2647/3200 train_loss:3.3297 train_time:1579556ms step_avg:599.00ms
step:2648/3200 train_loss:3.5933 train_time:1580153ms step_avg:599.00ms
step:2649/3200 train_loss:3.4445 train_time:1580750ms step_avg:599.00ms
step:2650/3200 train_loss:3.3171 train_time:1581352ms step_avg:599.00ms
step:2651/3200 train_loss:3.2902 train_time:1581942ms step_avg:598.99ms
step:2652/3200 train_loss:3.4187 train_time:1582559ms step_avg:599.00ms
step:2653/3200 train_loss:3.3096 train_time:1583155ms step_avg:599.00ms
step:2654/3200 train_loss:3.1774 train_time:1583752ms step_avg:599.00ms
step:2655/3200 train_loss:3.3567 train_time:1584352ms step_avg:599.00ms
step:2656/3200 train_loss:3.2029 train_time:1584947ms step_avg:599.00ms
step:2657/3200 train_loss:3.3957 train_time:1585543ms step_avg:599.00ms
step:2658/3200 train_loss:3.2394 train_time:1586140ms step_avg:599.00ms
step:2659/3200 train_loss:3.2985 train_time:1586737ms step_avg:598.99ms
step:2660/3200 train_loss:3.4514 train_time:1587526ms step_avg:599.07ms
step:2661/3200 train_loss:3.3789 train_time:1588123ms step_avg:599.07ms
step:2662/3200 train_loss:3.3246 train_time:1588721ms step_avg:599.07ms
step:2663/3200 train_loss:3.4665 train_time:1589315ms step_avg:599.06ms
step:2664/3200 train_loss:3.3643 train_time:1589910ms step_avg:599.06ms
step:2665/3200 train_loss:3.2755 train_time:1590510ms step_avg:599.06ms
step:2666/3200 train_loss:3.3422 train_time:1591113ms step_avg:599.06ms
step:2667/3200 train_loss:3.2916 train_time:1591706ms step_avg:599.06ms
step:2668/3200 train_loss:3.4341 train_time:1592299ms step_avg:599.06ms
step:2669/3200 train_loss:3.2661 train_time:1592911ms step_avg:599.06ms
step:2670/3200 train_loss:3.4477 train_time:1593504ms step_avg:599.06ms
step:2671/3200 train_loss:3.2079 train_time:1594105ms step_avg:599.06ms
step:2672/3200 train_loss:3.2517 train_time:1594701ms step_avg:599.06ms
step:2673/3200 train_loss:3.3061 train_time:1595296ms step_avg:599.06ms
step:2674/3200 train_loss:3.4035 train_time:1595894ms step_avg:599.06ms
step:2675/3200 train_loss:3.3194 train_time:1596488ms step_avg:599.06ms
step:2676/3200 train_loss:3.3562 train_time:1597085ms step_avg:599.06ms
step:2677/3200 train_loss:3.2915 train_time:1597690ms step_avg:599.06ms
step:2678/3200 train_loss:3.4116 train_time:1598286ms step_avg:599.06ms
step:2679/3200 train_loss:3.4376 train_time:1598884ms step_avg:599.06ms
step:2680/3200 train_loss:3.2403 train_time:1599481ms step_avg:599.06ms
step:2681/3200 train_loss:3.1738 train_time:1600077ms step_avg:599.06ms
step:2682/3200 train_loss:3.1970 train_time:1600680ms step_avg:599.06ms
step:2683/3200 train_loss:3.3218 train_time:1601276ms step_avg:599.06ms
step:2684/3200 train_loss:3.4275 train_time:1601873ms step_avg:599.06ms
step:2685/3200 train_loss:3.4993 train_time:1602468ms step_avg:599.05ms
step:2686/3200 train_loss:3.3584 train_time:1603065ms step_avg:599.05ms
step:2687/3200 train_loss:3.3210 train_time:1603665ms step_avg:599.05ms
step:2688/3200 train_loss:3.6639 train_time:1604260ms step_avg:599.05ms
step:2689/3200 train_loss:3.3678 train_time:1604856ms step_avg:599.05ms
step:2690/3200 train_loss:3.3234 train_time:1605454ms step_avg:599.05ms
step:2691/3200 train_loss:3.2619 train_time:1606052ms step_avg:599.05ms
step:2692/3200 train_loss:3.3457 train_time:1606656ms step_avg:599.05ms
step:2693/3200 train_loss:3.1784 train_time:1607245ms step_avg:599.05ms
step:2694/3200 train_loss:3.8191 train_time:1607841ms step_avg:599.05ms
step:2695/3200 train_loss:3.4176 train_time:1608438ms step_avg:599.05ms
step:2696/3200 train_loss:3.2954 train_time:1609035ms step_avg:599.04ms
step:2697/3200 train_loss:3.4042 train_time:1609639ms step_avg:599.05ms
step:2698/3200 train_loss:3.2978 train_time:1610231ms step_avg:599.04ms
step:2699/3200 train_loss:3.4484 train_time:1610840ms step_avg:599.05ms
step:2700/3200 train_loss:3.5354 train_time:1611430ms step_avg:599.04ms
step:2701/3200 train_loss:3.3367 train_time:1612037ms step_avg:599.05ms
step:2702/3200 train_loss:3.2649 train_time:1612630ms step_avg:599.05ms
step:2703/3200 train_loss:3.2359 train_time:1613227ms step_avg:599.04ms
step:2704/3200 train_loss:3.2606 train_time:1613818ms step_avg:599.04ms
step:2705/3200 train_loss:3.2733 train_time:1614418ms step_avg:599.04ms
step:2706/3200 train_loss:3.5420 train_time:1615014ms step_avg:599.04ms
step:2707/3200 train_loss:3.3842 train_time:1615623ms step_avg:599.04ms
step:2708/3200 train_loss:3.3779 train_time:1616217ms step_avg:599.04ms
step:2709/3200 train_loss:3.4346 train_time:1616815ms step_avg:599.04ms
step:2710/3200 train_loss:3.5080 train_time:1617412ms step_avg:599.04ms
step:2711/3200 train_loss:3.3621 train_time:1618009ms step_avg:599.04ms
step:2712/3200 train_loss:3.3879 train_time:1618611ms step_avg:599.04ms
step:2713/3200 train_loss:3.1759 train_time:1619202ms step_avg:599.04ms
step:2714/3200 train_loss:3.4656 train_time:1619800ms step_avg:599.04ms
step:2715/3200 train_loss:3.1835 train_time:1620400ms step_avg:599.04ms
step:2716/3200 train_loss:3.1820 train_time:1620995ms step_avg:599.04ms
step:2717/3200 train_loss:3.5811 train_time:1621593ms step_avg:599.04ms
step:2718/3200 train_loss:3.3090 train_time:1622191ms step_avg:599.04ms
step:2719/3200 train_loss:3.3441 train_time:1622784ms step_avg:599.03ms
step:2720/3200 train_loss:3.2270 train_time:1623382ms step_avg:599.03ms
step:2721/3200 train_loss:3.4276 train_time:1623980ms step_avg:599.03ms
step:2722/3200 train_loss:3.5458 train_time:1624577ms step_avg:599.03ms
step:2723/3200 train_loss:3.2514 train_time:1625174ms step_avg:599.03ms
step:2724/3200 train_loss:3.3198 train_time:1625770ms step_avg:599.03ms
step:2725/3200 train_loss:3.4550 train_time:1626369ms step_avg:599.03ms
step:2726/3200 train_loss:3.3030 train_time:1626964ms step_avg:599.03ms
step:2727/3200 train_loss:3.3535 train_time:1627560ms step_avg:599.03ms
step:2728/3200 train_loss:3.5151 train_time:1628157ms step_avg:599.03ms
step:2729/3200 train_loss:3.4344 train_time:1628753ms step_avg:599.03ms
step:2730/3200 train_loss:3.2419 train_time:1629359ms step_avg:599.03ms
step:2731/3200 train_loss:3.3190 train_time:1629957ms step_avg:599.03ms
step:2732/3200 train_loss:3.2232 train_time:1630552ms step_avg:599.03ms
step:2733/3200 train_loss:3.2482 train_time:1631148ms step_avg:599.03ms
step:2734/3200 train_loss:3.2505 train_time:1631744ms step_avg:599.03ms
step:2735/3200 train_loss:3.2752 train_time:1632343ms step_avg:599.03ms
step:2736/3200 train_loss:3.1273 train_time:1632945ms step_avg:599.03ms
step:2737/3200 train_loss:3.3761 train_time:1633545ms step_avg:599.03ms
step:2738/3200 train_loss:3.3126 train_time:1634141ms step_avg:599.03ms
step:2739/3200 train_loss:3.6677 train_time:1634737ms step_avg:599.02ms
step:2740/3200 train_loss:3.3696 train_time:1635334ms step_avg:599.02ms
step:2741/3200 train_loss:3.3371 train_time:1635929ms step_avg:599.02ms
step:2742/3200 train_loss:3.2835 train_time:1636529ms step_avg:599.02ms
step:2743/3200 train_loss:3.3094 train_time:1637125ms step_avg:599.02ms
step:2744/3200 train_loss:3.2473 train_time:1637722ms step_avg:599.02ms
step:2745/3200 train_loss:3.2870 train_time:1638319ms step_avg:599.02ms
step:2746/3200 train_loss:3.1515 train_time:1638918ms step_avg:599.02ms
step:2747/3200 train_loss:3.2458 train_time:1639512ms step_avg:599.02ms
step:2748/3200 train_loss:3.4034 train_time:1640107ms step_avg:599.02ms
step:2749/3200 train_loss:3.3470 train_time:1640706ms step_avg:599.02ms
step:2750/3200 train_loss:3.4404 train_time:1641300ms step_avg:599.01ms
step:2750/3200 val_loss:3.3340 train_time:1641684ms step_avg:599.15ms
step:2751/3200 train_loss:3.4606 train_time:1641906ms step_avg:599.02ms
step:2752/3200 train_loss:3.4194 train_time:1642502ms step_avg:599.02ms
step:2753/3200 train_loss:3.4896 train_time:1643097ms step_avg:599.01ms
step:2754/3200 train_loss:3.2587 train_time:1643699ms step_avg:599.02ms
step:2755/3200 train_loss:3.3325 train_time:1644292ms step_avg:599.01ms
step:2756/3200 train_loss:3.4316 train_time:1644888ms step_avg:599.01ms
step:2757/3200 train_loss:3.3539 train_time:1645484ms step_avg:599.01ms
step:2758/3200 train_loss:2.9788 train_time:1646082ms step_avg:599.01ms
step:2759/3200 train_loss:3.3220 train_time:1646682ms step_avg:599.01ms
step:2760/3200 train_loss:3.3585 train_time:1647275ms step_avg:599.01ms
step:2761/3200 train_loss:3.4291 train_time:1647872ms step_avg:599.01ms
step:2762/3200 train_loss:3.3614 train_time:1648469ms step_avg:599.01ms
step:2763/3200 train_loss:3.2561 train_time:1649066ms step_avg:599.01ms
step:2764/3200 train_loss:3.3151 train_time:1649666ms step_avg:599.01ms
step:2765/3200 train_loss:3.3924 train_time:1650257ms step_avg:599.00ms
step:2766/3200 train_loss:3.1457 train_time:1650856ms step_avg:599.00ms
step:2767/3200 train_loss:3.3358 train_time:1651450ms step_avg:599.00ms
step:2768/3200 train_loss:3.4428 train_time:1652047ms step_avg:599.00ms
step:2769/3200 train_loss:3.2092 train_time:1652645ms step_avg:599.00ms
step:2770/3200 train_loss:3.4241 train_time:1653241ms step_avg:599.00ms
step:2771/3200 train_loss:3.4471 train_time:1653843ms step_avg:599.00ms
step:2772/3200 train_loss:3.2889 train_time:1654435ms step_avg:599.00ms
step:2773/3200 train_loss:3.1465 train_time:1655031ms step_avg:599.00ms
step:2774/3200 train_loss:3.2904 train_time:1655628ms step_avg:599.00ms
step:2775/3200 train_loss:3.5254 train_time:1656229ms step_avg:599.00ms
step:2776/3200 train_loss:3.3357 train_time:1656826ms step_avg:599.00ms
step:2777/3200 train_loss:3.4643 train_time:1657420ms step_avg:599.00ms
step:2778/3200 train_loss:3.3648 train_time:1658017ms step_avg:598.99ms
step:2779/3200 train_loss:3.2477 train_time:1658617ms step_avg:598.99ms
step:2780/3200 train_loss:3.1887 train_time:1659213ms step_avg:598.99ms
step:2781/3200 train_loss:3.2749 train_time:1659806ms step_avg:598.99ms
step:2782/3200 train_loss:3.3295 train_time:1660402ms step_avg:598.99ms
step:2783/3200 train_loss:3.3532 train_time:1661004ms step_avg:598.99ms
step:2784/3200 train_loss:3.3444 train_time:1661596ms step_avg:598.99ms
step:2785/3200 train_loss:3.3458 train_time:1662192ms step_avg:598.99ms
step:2786/3200 train_loss:3.3223 train_time:1662789ms step_avg:598.99ms
step:2787/3200 train_loss:3.2366 train_time:1663388ms step_avg:598.99ms
step:2788/3200 train_loss:3.4481 train_time:1663985ms step_avg:598.99ms
step:2789/3200 train_loss:3.3574 train_time:1664581ms step_avg:598.99ms
step:2790/3200 train_loss:3.3080 train_time:1665176ms step_avg:598.98ms
step:2791/3200 train_loss:3.3209 train_time:1665775ms step_avg:598.98ms
step:2792/3200 train_loss:3.2560 train_time:1666374ms step_avg:598.98ms
step:2793/3200 train_loss:3.2664 train_time:1666969ms step_avg:598.98ms
step:2794/3200 train_loss:3.4170 train_time:1667571ms step_avg:598.98ms
step:2795/3200 train_loss:3.2203 train_time:1668165ms step_avg:598.98ms
step:2796/3200 train_loss:3.4345 train_time:1668769ms step_avg:598.98ms
step:2797/3200 train_loss:3.2877 train_time:1669366ms step_avg:598.98ms
step:2798/3200 train_loss:3.3068 train_time:1669966ms step_avg:598.98ms
step:2799/3200 train_loss:3.1642 train_time:1670559ms step_avg:598.98ms
step:2800/3200 train_loss:3.5722 train_time:1671158ms step_avg:598.98ms
step:2801/3200 train_loss:3.4453 train_time:1671755ms step_avg:598.98ms
step:2802/3200 train_loss:3.5502 train_time:1672352ms step_avg:598.98ms
step:2803/3200 train_loss:3.2531 train_time:1672949ms step_avg:598.98ms
step:2804/3200 train_loss:3.4023 train_time:1673547ms step_avg:598.98ms
step:2805/3200 train_loss:3.3888 train_time:1674145ms step_avg:598.98ms
step:2806/3200 train_loss:3.1308 train_time:1674743ms step_avg:598.98ms
step:2807/3200 train_loss:3.5919 train_time:1675346ms step_avg:598.98ms
step:2808/3200 train_loss:3.3027 train_time:1675942ms step_avg:598.98ms
step:2809/3200 train_loss:3.2860 train_time:1676539ms step_avg:598.98ms
step:2810/3200 train_loss:3.5811 train_time:1677138ms step_avg:598.98ms
step:2811/3200 train_loss:3.2904 train_time:1677734ms step_avg:598.98ms
step:2812/3200 train_loss:3.3797 train_time:1678332ms step_avg:598.98ms
step:2813/3200 train_loss:3.2022 train_time:1678927ms step_avg:598.98ms
step:2814/3200 train_loss:3.4150 train_time:1679526ms step_avg:598.98ms
step:2815/3200 train_loss:3.3363 train_time:1680120ms step_avg:598.97ms
step:2816/3200 train_loss:3.3364 train_time:1680717ms step_avg:598.97ms
step:2817/3200 train_loss:2.7231 train_time:1681314ms step_avg:598.97ms
step:2818/3200 train_loss:3.3089 train_time:1681912ms step_avg:598.97ms
step:2819/3200 train_loss:3.2114 train_time:1682512ms step_avg:598.97ms
step:2820/3200 train_loss:3.5003 train_time:1683108ms step_avg:598.97ms
step:2821/3200 train_loss:3.2303 train_time:1683705ms step_avg:598.97ms
step:2822/3200 train_loss:3.3642 train_time:1684307ms step_avg:598.97ms
step:2823/3200 train_loss:3.4684 train_time:1684900ms step_avg:598.97ms
step:2824/3200 train_loss:3.4156 train_time:1685496ms step_avg:598.97ms
step:2825/3200 train_loss:3.0769 train_time:1686096ms step_avg:598.97ms
step:2826/3200 train_loss:3.3982 train_time:1686693ms step_avg:598.97ms
step:2827/3200 train_loss:3.4637 train_time:1687287ms step_avg:598.97ms
step:2828/3200 train_loss:3.0584 train_time:1687883ms step_avg:598.96ms
step:2829/3200 train_loss:3.3233 train_time:1688487ms step_avg:598.97ms
step:2830/3200 train_loss:3.3609 train_time:1689083ms step_avg:598.97ms
step:2831/3200 train_loss:3.2796 train_time:1689679ms step_avg:598.96ms
step:2832/3200 train_loss:3.4001 train_time:1690275ms step_avg:598.96ms
step:2833/3200 train_loss:3.2823 train_time:1690873ms step_avg:598.96ms
step:2834/3200 train_loss:3.2772 train_time:1691468ms step_avg:598.96ms
step:2835/3200 train_loss:3.0228 train_time:1692072ms step_avg:598.96ms
step:2836/3200 train_loss:3.5003 train_time:1692666ms step_avg:598.96ms
step:2837/3200 train_loss:3.3743 train_time:1693261ms step_avg:598.96ms
step:2838/3200 train_loss:3.2968 train_time:1693858ms step_avg:598.96ms
step:2839/3200 train_loss:3.2373 train_time:1694456ms step_avg:598.96ms
step:2840/3200 train_loss:3.2583 train_time:1695056ms step_avg:598.96ms
step:2841/3200 train_loss:3.3739 train_time:1695649ms step_avg:598.96ms
step:2842/3200 train_loss:3.2471 train_time:1696247ms step_avg:598.96ms
step:2843/3200 train_loss:3.3546 train_time:1696848ms step_avg:598.96ms
step:2844/3200 train_loss:3.4274 train_time:1697450ms step_avg:598.96ms
step:2845/3200 train_loss:3.2873 train_time:1698041ms step_avg:598.96ms
step:2846/3200 train_loss:3.2631 train_time:1698641ms step_avg:598.96ms
step:2847/3200 train_loss:3.2813 train_time:1699256ms step_avg:598.96ms
step:2848/3200 train_loss:3.7401 train_time:1699852ms step_avg:598.96ms
step:2849/3200 train_loss:3.2728 train_time:1700448ms step_avg:598.96ms
step:2850/3200 train_loss:3.2733 train_time:1701200ms step_avg:599.01ms
step:2851/3200 train_loss:3.3983 train_time:1701793ms step_avg:599.01ms
step:2852/3200 train_loss:3.3694 train_time:1702390ms step_avg:599.01ms
step:2853/3200 train_loss:3.3070 train_time:1702986ms step_avg:599.01ms
step:2854/3200 train_loss:3.3393 train_time:1703586ms step_avg:599.01ms
step:2855/3200 train_loss:3.3349 train_time:1704183ms step_avg:599.01ms
step:2856/3200 train_loss:3.2281 train_time:1704800ms step_avg:599.02ms
step:2857/3200 train_loss:3.2942 train_time:1705392ms step_avg:599.01ms
step:2858/3200 train_loss:3.3462 train_time:1705990ms step_avg:599.01ms
step:2859/3200 train_loss:3.1006 train_time:1706586ms step_avg:599.01ms
step:2860/3200 train_loss:3.3380 train_time:1707185ms step_avg:599.01ms
step:2861/3200 train_loss:3.2697 train_time:1707783ms step_avg:599.01ms
step:2862/3200 train_loss:3.2683 train_time:1708382ms step_avg:599.01ms
step:2863/3200 train_loss:3.3553 train_time:1708977ms step_avg:599.01ms
step:2864/3200 train_loss:3.5958 train_time:1709574ms step_avg:599.01ms
step:2865/3200 train_loss:3.3766 train_time:1710169ms step_avg:599.01ms
step:2866/3200 train_loss:3.3493 train_time:1710768ms step_avg:599.01ms
step:2867/3200 train_loss:3.3410 train_time:1711365ms step_avg:599.01ms
step:2868/3200 train_loss:3.5112 train_time:1711963ms step_avg:599.01ms
step:2869/3200 train_loss:3.3212 train_time:1712558ms step_avg:599.01ms
step:2870/3200 train_loss:3.1985 train_time:1713154ms step_avg:599.01ms
step:2871/3200 train_loss:3.4571 train_time:1713751ms step_avg:599.00ms
step:2872/3200 train_loss:3.2877 train_time:1714348ms step_avg:599.00ms
step:2873/3200 train_loss:3.3200 train_time:1714948ms step_avg:599.00ms
step:2874/3200 train_loss:3.1488 train_time:1715542ms step_avg:599.00ms
step:2875/3200 train_loss:3.2892 train_time:1716137ms step_avg:599.00ms
step:2875/3200 val_loss:3.3141 train_time:1716518ms step_avg:599.13ms
step:2876/3200 train_loss:3.2429 train_time:1716739ms step_avg:599.00ms
step:2877/3200 train_loss:3.2356 train_time:1717335ms step_avg:599.00ms
step:2878/3200 train_loss:3.3155 train_time:1717936ms step_avg:599.00ms
step:2879/3200 train_loss:3.4689 train_time:1718530ms step_avg:599.00ms
step:2880/3200 train_loss:3.2973 train_time:1719126ms step_avg:599.00ms
step:2881/3200 train_loss:3.3447 train_time:1719722ms step_avg:599.00ms
step:2882/3200 train_loss:3.3566 train_time:1720319ms step_avg:599.00ms
step:2883/3200 train_loss:3.4536 train_time:1720914ms step_avg:599.00ms
step:2884/3200 train_loss:3.2950 train_time:1721512ms step_avg:599.00ms
step:2885/3200 train_loss:3.1542 train_time:1722112ms step_avg:599.00ms
step:2886/3200 train_loss:3.1469 train_time:1722710ms step_avg:599.00ms
step:2887/3200 train_loss:3.2494 train_time:1723304ms step_avg:598.99ms
step:2888/3200 train_loss:3.2768 train_time:1723903ms step_avg:598.99ms
step:2889/3200 train_loss:3.3073 train_time:1724499ms step_avg:598.99ms
step:2890/3200 train_loss:3.6287 train_time:1725096ms step_avg:598.99ms
step:2891/3200 train_loss:3.2557 train_time:1725701ms step_avg:598.99ms
step:2892/3200 train_loss:3.3144 train_time:1726294ms step_avg:598.99ms
step:2893/3200 train_loss:3.2524 train_time:1726901ms step_avg:598.99ms
step:2894/3200 train_loss:3.2785 train_time:1727498ms step_avg:598.99ms
step:2895/3200 train_loss:3.2461 train_time:1728094ms step_avg:598.99ms
step:2896/3200 train_loss:3.3279 train_time:1728694ms step_avg:598.99ms
step:2897/3200 train_loss:3.4966 train_time:1729288ms step_avg:598.99ms
step:2898/3200 train_loss:3.2168 train_time:1729884ms step_avg:598.99ms
step:2899/3200 train_loss:3.3248 train_time:1730481ms step_avg:598.99ms
step:2900/3200 train_loss:3.0536 train_time:1731084ms step_avg:598.99ms
step:2901/3200 train_loss:3.4924 train_time:1731676ms step_avg:598.99ms
step:2902/3200 train_loss:3.3628 train_time:1732279ms step_avg:598.99ms
step:2903/3200 train_loss:3.2505 train_time:1732868ms step_avg:598.99ms
step:2904/3200 train_loss:3.3063 train_time:1733479ms step_avg:598.99ms
step:2905/3200 train_loss:3.2953 train_time:1734078ms step_avg:598.99ms
step:2906/3200 train_loss:3.2815 train_time:1734673ms step_avg:598.99ms
step:2907/3200 train_loss:3.0737 train_time:1735268ms step_avg:598.99ms
step:2908/3200 train_loss:3.3971 train_time:1735869ms step_avg:598.99ms
step:2909/3200 train_loss:3.3249 train_time:1736463ms step_avg:598.99ms
step:2910/3200 train_loss:3.6145 train_time:1737061ms step_avg:598.99ms
step:2911/3200 train_loss:3.0948 train_time:1737661ms step_avg:598.99ms
step:2912/3200 train_loss:3.2332 train_time:1738263ms step_avg:598.99ms
step:2913/3200 train_loss:3.2727 train_time:1738858ms step_avg:598.99ms
step:2914/3200 train_loss:3.7388 train_time:1739466ms step_avg:598.99ms
step:2915/3200 train_loss:3.3369 train_time:1740055ms step_avg:598.99ms
step:2916/3200 train_loss:3.1868 train_time:1740648ms step_avg:598.98ms
step:2917/3200 train_loss:3.2877 train_time:1741255ms step_avg:598.99ms
step:2918/3200 train_loss:3.2590 train_time:1741850ms step_avg:598.99ms
step:2919/3200 train_loss:3.2815 train_time:1742453ms step_avg:598.99ms
step:2920/3200 train_loss:3.1627 train_time:1743054ms step_avg:598.99ms
step:2921/3200 train_loss:3.3028 train_time:1743649ms step_avg:598.99ms
step:2922/3200 train_loss:3.3001 train_time:1744249ms step_avg:598.99ms
step:2923/3200 train_loss:3.3340 train_time:1744849ms step_avg:598.99ms
step:2924/3200 train_loss:3.2510 train_time:1745442ms step_avg:598.98ms
step:2925/3200 train_loss:3.4034 train_time:1746037ms step_avg:598.98ms
step:2926/3200 train_loss:3.3246 train_time:1746636ms step_avg:598.98ms
step:2927/3200 train_loss:3.2892 train_time:1747232ms step_avg:598.98ms
step:2928/3200 train_loss:3.4772 train_time:1747831ms step_avg:598.98ms
step:2929/3200 train_loss:3.2912 train_time:1748429ms step_avg:598.98ms
step:2930/3200 train_loss:3.2308 train_time:1749022ms step_avg:598.98ms
step:2931/3200 train_loss:3.4437 train_time:1749619ms step_avg:598.98ms
step:2932/3200 train_loss:3.5199 train_time:1750226ms step_avg:598.98ms
step:2933/3200 train_loss:3.5591 train_time:1750820ms step_avg:598.98ms
step:2934/3200 train_loss:3.4590 train_time:1751422ms step_avg:598.98ms
step:2935/3200 train_loss:3.2520 train_time:1752021ms step_avg:598.98ms
step:2936/3200 train_loss:3.3313 train_time:1752618ms step_avg:598.98ms
step:2937/3200 train_loss:3.2776 train_time:1753217ms step_avg:598.98ms
step:2938/3200 train_loss:3.2765 train_time:1753814ms step_avg:598.98ms
step:2939/3200 train_loss:3.3750 train_time:1754411ms step_avg:598.98ms
step:2940/3200 train_loss:3.2370 train_time:1755010ms step_avg:598.98ms
step:2941/3200 train_loss:3.4021 train_time:1755605ms step_avg:598.98ms
step:2942/3200 train_loss:3.5201 train_time:1756204ms step_avg:598.98ms
step:2943/3200 train_loss:3.2442 train_time:1756799ms step_avg:598.98ms
step:2944/3200 train_loss:3.0892 train_time:1757397ms step_avg:598.98ms
step:2945/3200 train_loss:3.1568 train_time:1757992ms step_avg:598.98ms
step:2946/3200 train_loss:3.3397 train_time:1758589ms step_avg:598.97ms
step:2947/3200 train_loss:3.3763 train_time:1759186ms step_avg:598.97ms
step:2948/3200 train_loss:3.2519 train_time:1759784ms step_avg:598.97ms
step:2949/3200 train_loss:3.2415 train_time:1760386ms step_avg:598.97ms
step:2950/3200 train_loss:3.3426 train_time:1760980ms step_avg:598.97ms
step:2951/3200 train_loss:3.3136 train_time:1761575ms step_avg:598.97ms
step:2952/3200 train_loss:3.4953 train_time:1762175ms step_avg:598.97ms
step:2953/3200 train_loss:3.3681 train_time:1762771ms step_avg:598.97ms
step:2954/3200 train_loss:3.3979 train_time:1763371ms step_avg:598.97ms
step:2955/3200 train_loss:3.3682 train_time:1763965ms step_avg:598.97ms
step:2956/3200 train_loss:3.1992 train_time:1764562ms step_avg:598.97ms
step:2957/3200 train_loss:3.2984 train_time:1765160ms step_avg:598.97ms
step:2958/3200 train_loss:3.3026 train_time:1765754ms step_avg:598.97ms
step:2959/3200 train_loss:3.2700 train_time:1766351ms step_avg:598.97ms
step:2960/3200 train_loss:3.4141 train_time:1766947ms step_avg:598.96ms
step:2961/3200 train_loss:3.2613 train_time:1767543ms step_avg:598.96ms
step:2962/3200 train_loss:3.3799 train_time:1768145ms step_avg:598.97ms
step:2963/3200 train_loss:3.2649 train_time:1768738ms step_avg:598.96ms
step:2964/3200 train_loss:3.3033 train_time:1769336ms step_avg:598.96ms
step:2965/3200 train_loss:3.2212 train_time:1769930ms step_avg:598.96ms
step:2966/3200 train_loss:3.4274 train_time:1770528ms step_avg:598.96ms
step:2967/3200 train_loss:3.1144 train_time:1771124ms step_avg:598.96ms
step:2968/3200 train_loss:3.7850 train_time:1771720ms step_avg:598.96ms
step:2969/3200 train_loss:3.3161 train_time:1772317ms step_avg:598.96ms
step:2970/3200 train_loss:3.2387 train_time:1772915ms step_avg:598.96ms
step:2971/3200 train_loss:3.4661 train_time:1773511ms step_avg:598.96ms
step:2972/3200 train_loss:3.4216 train_time:1774112ms step_avg:598.96ms
step:2973/3200 train_loss:3.1908 train_time:1774708ms step_avg:598.96ms
step:2974/3200 train_loss:3.2840 train_time:1775303ms step_avg:598.95ms
step:2975/3200 train_loss:3.1596 train_time:1775898ms step_avg:598.95ms
step:2976/3200 train_loss:3.2298 train_time:1776497ms step_avg:598.95ms
step:2977/3200 train_loss:3.0050 train_time:1777093ms step_avg:598.95ms
step:2978/3200 train_loss:3.5342 train_time:1777691ms step_avg:598.95ms
step:2979/3200 train_loss:3.3228 train_time:1778287ms step_avg:598.95ms
step:2980/3200 train_loss:3.4777 train_time:1778885ms step_avg:598.95ms
step:2981/3200 train_loss:3.3207 train_time:1779481ms step_avg:598.95ms
step:2982/3200 train_loss:3.4318 train_time:1780078ms step_avg:598.95ms
step:2983/3200 train_loss:3.3828 train_time:1780673ms step_avg:598.95ms
step:2984/3200 train_loss:3.2427 train_time:1781272ms step_avg:598.95ms
step:2985/3200 train_loss:3.3018 train_time:1781872ms step_avg:598.95ms
step:2986/3200 train_loss:3.3884 train_time:1782470ms step_avg:598.95ms
step:2987/3200 train_loss:3.3144 train_time:1783064ms step_avg:598.95ms
step:2988/3200 train_loss:3.5602 train_time:1783661ms step_avg:598.95ms
step:2989/3200 train_loss:3.1563 train_time:1784261ms step_avg:598.95ms
step:2990/3200 train_loss:3.3823 train_time:1784858ms step_avg:598.95ms
step:2991/3200 train_loss:3.3300 train_time:1785456ms step_avg:598.95ms
step:2992/3200 train_loss:3.3758 train_time:1786057ms step_avg:598.95ms
step:2993/3200 train_loss:3.2732 train_time:1786654ms step_avg:598.95ms
step:2994/3200 train_loss:3.4766 train_time:1787250ms step_avg:598.94ms
step:2995/3200 train_loss:3.1990 train_time:1787850ms step_avg:598.94ms
step:2996/3200 train_loss:3.1846 train_time:1788445ms step_avg:598.94ms
step:2997/3200 train_loss:3.2168 train_time:1789043ms step_avg:598.94ms
step:2998/3200 train_loss:3.2511 train_time:1789637ms step_avg:598.94ms
step:2999/3200 train_loss:3.3850 train_time:1790233ms step_avg:598.94ms
step:3000/3200 train_loss:3.1678 train_time:1790831ms step_avg:598.94ms
step:3000/3200 val_loss:3.2964 train_time:1791208ms step_avg:599.07ms
step:3001/3200 train_loss:3.2952 train_time:1791434ms step_avg:598.94ms
step:3002/3200 train_loss:3.1462 train_time:1792025ms step_avg:598.94ms
step:3003/3200 train_loss:3.2550 train_time:1792621ms step_avg:598.94ms
step:3004/3200 train_loss:3.3190 train_time:1793220ms step_avg:598.94ms
step:3005/3200 train_loss:4.0548 train_time:1793817ms step_avg:598.94ms
step:3006/3200 train_loss:3.1799 train_time:1794415ms step_avg:598.94ms
step:3007/3200 train_loss:3.3426 train_time:1795011ms step_avg:598.94ms
step:3008/3200 train_loss:3.1044 train_time:1795606ms step_avg:598.93ms
step:3009/3200 train_loss:3.4311 train_time:1796202ms step_avg:598.93ms
step:3010/3200 train_loss:3.4129 train_time:1796799ms step_avg:598.93ms
step:3011/3200 train_loss:3.4135 train_time:1797400ms step_avg:598.93ms
step:3012/3200 train_loss:3.3514 train_time:1797998ms step_avg:598.93ms
step:3013/3200 train_loss:3.1699 train_time:1798593ms step_avg:598.93ms
step:3014/3200 train_loss:3.2925 train_time:1799192ms step_avg:598.93ms
step:3015/3200 train_loss:3.3801 train_time:1799789ms step_avg:598.93ms
step:3016/3200 train_loss:3.1293 train_time:1800384ms step_avg:598.93ms
step:3017/3200 train_loss:3.2315 train_time:1800984ms step_avg:598.93ms
step:3018/3200 train_loss:3.3631 train_time:1801578ms step_avg:598.93ms
step:3019/3200 train_loss:3.4680 train_time:1802173ms step_avg:598.93ms
step:3020/3200 train_loss:3.2336 train_time:1802770ms step_avg:598.93ms
step:3021/3200 train_loss:3.5471 train_time:1803366ms step_avg:598.93ms
step:3022/3200 train_loss:3.2681 train_time:1803969ms step_avg:598.93ms
step:3023/3200 train_loss:3.1520 train_time:1804562ms step_avg:598.93ms
step:3024/3200 train_loss:3.3279 train_time:1805161ms step_avg:598.93ms
step:3025/3200 train_loss:3.4524 train_time:1805760ms step_avg:598.93ms
step:3026/3200 train_loss:3.2818 train_time:1806353ms step_avg:598.92ms
step:3027/3200 train_loss:3.3620 train_time:1806950ms step_avg:598.92ms
step:3028/3200 train_loss:3.1884 train_time:1807548ms step_avg:598.92ms
step:3029/3200 train_loss:3.0438 train_time:1808144ms step_avg:598.92ms
step:3030/3200 train_loss:3.3725 train_time:1808741ms step_avg:598.92ms
step:3031/3200 train_loss:3.2043 train_time:1809337ms step_avg:598.92ms
step:3032/3200 train_loss:3.0283 train_time:1809936ms step_avg:598.92ms
step:3033/3200 train_loss:3.4265 train_time:1810539ms step_avg:598.92ms
step:3034/3200 train_loss:3.5407 train_time:1811134ms step_avg:598.92ms
step:3035/3200 train_loss:3.2198 train_time:1811730ms step_avg:598.92ms
step:3036/3200 train_loss:3.2684 train_time:1812326ms step_avg:598.92ms
step:3037/3200 train_loss:3.2687 train_time:1812926ms step_avg:598.92ms
step:3038/3200 train_loss:3.1541 train_time:1813527ms step_avg:598.92ms
step:3039/3200 train_loss:3.3334 train_time:1814120ms step_avg:598.92ms
step:3040/3200 train_loss:3.3781 train_time:1815180ms step_avg:599.07ms
step:3041/3200 train_loss:3.3855 train_time:1815776ms step_avg:599.07ms
step:3042/3200 train_loss:2.9203 train_time:1816369ms step_avg:599.07ms
step:3043/3200 train_loss:3.3006 train_time:1816966ms step_avg:599.07ms
step:3044/3200 train_loss:3.2741 train_time:1817563ms step_avg:599.06ms
step:3045/3200 train_loss:3.3239 train_time:1818159ms step_avg:599.06ms
step:3046/3200 train_loss:3.4653 train_time:1818756ms step_avg:599.06ms
step:3047/3200 train_loss:3.2359 train_time:1819352ms step_avg:599.06ms
step:3048/3200 train_loss:3.3186 train_time:1819950ms step_avg:599.06ms
step:3049/3200 train_loss:3.3452 train_time:1820545ms step_avg:599.06ms
step:3050/3200 train_loss:3.2900 train_time:1821140ms step_avg:599.06ms
step:3051/3200 train_loss:3.3323 train_time:1821735ms step_avg:599.06ms
step:3052/3200 train_loss:3.1978 train_time:1822331ms step_avg:599.06ms
step:3053/3200 train_loss:3.2385 train_time:1822927ms step_avg:599.06ms
step:3054/3200 train_loss:3.4791 train_time:1823523ms step_avg:599.05ms
step:3055/3200 train_loss:3.4100 train_time:1824120ms step_avg:599.05ms
step:3056/3200 train_loss:3.3886 train_time:1824719ms step_avg:599.05ms
step:3057/3200 train_loss:3.2194 train_time:1825313ms step_avg:599.05ms
step:3058/3200 train_loss:3.2153 train_time:1825911ms step_avg:599.05ms
step:3059/3200 train_loss:3.4275 train_time:1826508ms step_avg:599.05ms
step:3060/3200 train_loss:3.2170 train_time:1827108ms step_avg:599.05ms
step:3061/3200 train_loss:3.3469 train_time:1827707ms step_avg:599.05ms
step:3062/3200 train_loss:3.3708 train_time:1828303ms step_avg:599.05ms
step:3063/3200 train_loss:3.2662 train_time:1828896ms step_avg:599.05ms
step:3064/3200 train_loss:3.2914 train_time:1829493ms step_avg:599.05ms
step:3065/3200 train_loss:3.3287 train_time:1830090ms step_avg:599.05ms
step:3066/3200 train_loss:3.2482 train_time:1830685ms step_avg:599.05ms
step:3067/3200 train_loss:3.1358 train_time:1831284ms step_avg:599.05ms
step:3068/3200 train_loss:3.2629 train_time:1831892ms step_avg:599.05ms
step:3069/3200 train_loss:3.2098 train_time:1832488ms step_avg:599.05ms
step:3070/3200 train_loss:3.1720 train_time:1833088ms step_avg:599.05ms
step:3071/3200 train_loss:3.3272 train_time:1833688ms step_avg:599.05ms
step:3072/3200 train_loss:3.3441 train_time:1834282ms step_avg:599.05ms
step:3073/3200 train_loss:3.2147 train_time:1834877ms step_avg:599.05ms
step:3074/3200 train_loss:3.2581 train_time:1835478ms step_avg:599.05ms
step:3075/3200 train_loss:3.2342 train_time:1836075ms step_avg:599.05ms
step:3076/3200 train_loss:3.2370 train_time:1836669ms step_avg:599.04ms
step:3077/3200 train_loss:3.4442 train_time:1837269ms step_avg:599.04ms
step:3078/3200 train_loss:3.1240 train_time:1837869ms step_avg:599.04ms
step:3079/3200 train_loss:4.0830 train_time:1838463ms step_avg:599.04ms
step:3080/3200 train_loss:3.2127 train_time:1839059ms step_avg:599.04ms
step:3081/3200 train_loss:3.3178 train_time:1839659ms step_avg:599.04ms
step:3082/3200 train_loss:3.4495 train_time:1840256ms step_avg:599.04ms
step:3083/3200 train_loss:3.1680 train_time:1840849ms step_avg:599.04ms
step:3084/3200 train_loss:3.2349 train_time:1841448ms step_avg:599.04ms
step:3085/3200 train_loss:3.2443 train_time:1842044ms step_avg:599.04ms
step:3086/3200 train_loss:3.3001 train_time:1842641ms step_avg:599.04ms
step:3087/3200 train_loss:3.2931 train_time:1843238ms step_avg:599.04ms
step:3088/3200 train_loss:3.1213 train_time:1843835ms step_avg:599.04ms
step:3089/3200 train_loss:3.3467 train_time:1844432ms step_avg:599.04ms
step:3090/3200 train_loss:3.2336 train_time:1845033ms step_avg:599.04ms
step:3091/3200 train_loss:3.5173 train_time:1845627ms step_avg:599.03ms
step:3092/3200 train_loss:3.2967 train_time:1846222ms step_avg:599.03ms
step:3093/3200 train_loss:3.2382 train_time:1846821ms step_avg:599.03ms
step:3094/3200 train_loss:3.2905 train_time:1847417ms step_avg:599.03ms
step:3095/3200 train_loss:3.2191 train_time:1848013ms step_avg:599.03ms
step:3096/3200 train_loss:3.2361 train_time:1848609ms step_avg:599.03ms
step:3097/3200 train_loss:3.7093 train_time:1849211ms step_avg:599.03ms
step:3098/3200 train_loss:3.2493 train_time:1849809ms step_avg:599.03ms
step:3099/3200 train_loss:3.3165 train_time:1850409ms step_avg:599.03ms
step:3100/3200 train_loss:3.3712 train_time:1851003ms step_avg:599.03ms
step:3101/3200 train_loss:3.3043 train_time:1851603ms step_avg:599.03ms
step:3102/3200 train_loss:3.3830 train_time:1852198ms step_avg:599.03ms
step:3103/3200 train_loss:3.2438 train_time:1852795ms step_avg:599.03ms
step:3104/3200 train_loss:3.7724 train_time:1853392ms step_avg:599.03ms
step:3105/3200 train_loss:3.4400 train_time:1853988ms step_avg:599.03ms
step:3106/3200 train_loss:2.9315 train_time:1854591ms step_avg:599.03ms
step:3107/3200 train_loss:3.1896 train_time:1855185ms step_avg:599.03ms
step:3108/3200 train_loss:3.0349 train_time:1855779ms step_avg:599.02ms
step:3109/3200 train_loss:3.4781 train_time:1856375ms step_avg:599.02ms
step:3110/3200 train_loss:3.3015 train_time:1856973ms step_avg:599.02ms
step:3111/3200 train_loss:3.4536 train_time:1857569ms step_avg:599.02ms
step:3112/3200 train_loss:3.2953 train_time:1858173ms step_avg:599.02ms
step:3113/3200 train_loss:3.3984 train_time:1858768ms step_avg:599.02ms
step:3114/3200 train_loss:3.3884 train_time:1859367ms step_avg:599.02ms
step:3115/3200 train_loss:3.2995 train_time:1859962ms step_avg:599.02ms
step:3116/3200 train_loss:3.2025 train_time:1860562ms step_avg:599.02ms
step:3117/3200 train_loss:3.1803 train_time:1861166ms step_avg:599.02ms
step:3118/3200 train_loss:3.2989 train_time:1861756ms step_avg:599.02ms
step:3119/3200 train_loss:3.6974 train_time:1862355ms step_avg:599.02ms
step:3120/3200 train_loss:3.3039 train_time:1862947ms step_avg:599.02ms
step:3121/3200 train_loss:3.2197 train_time:1863543ms step_avg:599.02ms
step:3122/3200 train_loss:3.3896 train_time:1864141ms step_avg:599.02ms
step:3123/3200 train_loss:3.4109 train_time:1864737ms step_avg:599.02ms
step:3124/3200 train_loss:3.4200 train_time:1865333ms step_avg:599.02ms
step:3125/3200 train_loss:3.1359 train_time:1865930ms step_avg:599.01ms
step:3125/3200 val_loss:3.2817 train_time:1866309ms step_avg:599.14ms
step:3126/3200 train_loss:3.2913 train_time:1866530ms step_avg:599.01ms
step:3127/3200 train_loss:3.2752 train_time:1867124ms step_avg:599.01ms
step:3128/3200 train_loss:3.3763 train_time:1867721ms step_avg:599.01ms
step:3129/3200 train_loss:3.3144 train_time:1868318ms step_avg:599.01ms
step:3130/3200 train_loss:3.0782 train_time:1868916ms step_avg:599.01ms
step:3131/3200 train_loss:3.1557 train_time:1869512ms step_avg:599.01ms
step:3132/3200 train_loss:3.3170 train_time:1870111ms step_avg:599.01ms
step:3133/3200 train_loss:3.3453 train_time:1870707ms step_avg:599.01ms
step:3134/3200 train_loss:3.1302 train_time:1871303ms step_avg:599.01ms
step:3135/3200 train_loss:3.3361 train_time:1871902ms step_avg:599.01ms
step:3136/3200 train_loss:3.1355 train_time:1872497ms step_avg:599.01ms
step:3137/3200 train_loss:3.4991 train_time:1873093ms step_avg:599.01ms
step:3138/3200 train_loss:3.7181 train_time:1873697ms step_avg:599.01ms
step:3139/3200 train_loss:3.5614 train_time:1874293ms step_avg:599.01ms
step:3140/3200 train_loss:3.2444 train_time:1874889ms step_avg:599.01ms
step:3141/3200 train_loss:3.3006 train_time:1875487ms step_avg:599.01ms
step:3142/3200 train_loss:3.2134 train_time:1876083ms step_avg:599.00ms
step:3143/3200 train_loss:3.4054 train_time:1876682ms step_avg:599.00ms
step:3144/3200 train_loss:3.1159 train_time:1877282ms step_avg:599.00ms
step:3145/3200 train_loss:3.3382 train_time:1877883ms step_avg:599.01ms
step:3146/3200 train_loss:3.4623 train_time:1878485ms step_avg:599.01ms
step:3147/3200 train_loss:3.2566 train_time:1879078ms step_avg:599.00ms
step:3148/3200 train_loss:3.4705 train_time:1879676ms step_avg:599.00ms
step:3149/3200 train_loss:3.8771 train_time:1880271ms step_avg:599.00ms
step:3150/3200 train_loss:3.1934 train_time:1880867ms step_avg:599.00ms
step:3151/3200 train_loss:3.2798 train_time:1881463ms step_avg:599.00ms
step:3152/3200 train_loss:3.4204 train_time:1882059ms step_avg:599.00ms
step:3153/3200 train_loss:3.1990 train_time:1882656ms step_avg:599.00ms
step:3154/3200 train_loss:3.3501 train_time:1883253ms step_avg:599.00ms
step:3155/3200 train_loss:3.1226 train_time:1883853ms step_avg:599.00ms
step:3156/3200 train_loss:3.2075 train_time:1884449ms step_avg:599.00ms
step:3157/3200 train_loss:3.3239 train_time:1885044ms step_avg:599.00ms
step:3158/3200 train_loss:3.3809 train_time:1885640ms step_avg:599.00ms
step:3159/3200 train_loss:3.2777 train_time:1886239ms step_avg:599.00ms
step:3160/3200 train_loss:3.2234 train_time:1886838ms step_avg:599.00ms
step:3161/3200 train_loss:3.3462 train_time:1887435ms step_avg:599.00ms
step:3162/3200 train_loss:3.5821 train_time:1888036ms step_avg:599.00ms
step:3163/3200 train_loss:3.5020 train_time:1888631ms step_avg:598.99ms
step:3164/3200 train_loss:3.3686 train_time:1889228ms step_avg:598.99ms
step:3165/3200 train_loss:3.3416 train_time:1889824ms step_avg:598.99ms
step:3166/3200 train_loss:3.2997 train_time:1890421ms step_avg:598.99ms
step:3167/3200 train_loss:3.1619 train_time:1891018ms step_avg:598.99ms
step:3168/3200 train_loss:3.0834 train_time:1891615ms step_avg:598.99ms
step:3169/3200 train_loss:3.1095 train_time:1892213ms step_avg:598.99ms
step:3170/3200 train_loss:3.2954 train_time:1892814ms step_avg:598.99ms
step:3171/3200 train_loss:3.0401 train_time:1893406ms step_avg:598.99ms
step:3172/3200 train_loss:3.2552 train_time:1894006ms step_avg:598.99ms
step:3173/3200 train_loss:3.4131 train_time:1894603ms step_avg:598.99ms
step:3174/3200 train_loss:3.3002 train_time:1895198ms step_avg:598.99ms
step:3175/3200 train_loss:3.3266 train_time:1895797ms step_avg:598.99ms
step:3176/3200 train_loss:3.3274 train_time:1896393ms step_avg:598.99ms
step:3177/3200 train_loss:3.1690 train_time:1896997ms step_avg:598.99ms
step:3178/3200 train_loss:3.2777 train_time:1897592ms step_avg:598.99ms
step:3179/3200 train_loss:3.5192 train_time:1898193ms step_avg:598.99ms
step:3180/3200 train_loss:3.2820 train_time:1898788ms step_avg:598.99ms
step:3181/3200 train_loss:3.2590 train_time:1899384ms step_avg:598.99ms
step:3182/3200 train_loss:3.2292 train_time:1899982ms step_avg:598.99ms
step:3183/3200 train_loss:3.4058 train_time:1900579ms step_avg:598.98ms
step:3184/3200 train_loss:3.3471 train_time:1901176ms step_avg:598.98ms
step:3185/3200 train_loss:3.2508 train_time:1901770ms step_avg:598.98ms
step:3186/3200 train_loss:3.4483 train_time:1902368ms step_avg:598.98ms
step:3187/3200 train_loss:3.3845 train_time:1902965ms step_avg:598.98ms
step:3188/3200 train_loss:3.1906 train_time:1903562ms step_avg:598.98ms
step:3189/3200 train_loss:3.3177 train_time:1904158ms step_avg:598.98ms
step:3190/3200 train_loss:3.2642 train_time:1904758ms step_avg:598.98ms
step:3191/3200 train_loss:3.2048 train_time:1905366ms step_avg:598.98ms
step:3192/3200 train_loss:3.2329 train_time:1905967ms step_avg:598.98ms
step:3193/3200 train_loss:3.1798 train_time:1906563ms step_avg:598.98ms
step:3194/3200 train_loss:3.9048 train_time:1907161ms step_avg:598.98ms
step:3195/3200 train_loss:3.3041 train_time:1907757ms step_avg:598.98ms
step:3196/3200 train_loss:3.0874 train_time:1908354ms step_avg:598.98ms
step:3197/3200 train_loss:3.2589 train_time:1908949ms step_avg:598.98ms
step:3198/3200 train_loss:3.0464 train_time:1909555ms step_avg:598.98ms
step:3199/3200 train_loss:3.1164 train_time:1910149ms step_avg:598.98ms
step:3200/3200 train_loss:3.0832 train_time:1910747ms step_avg:598.98ms
step:3200/3200 val_loss:3.2775 train_time:1911124ms step_avg:599.10ms
peak memory consumption: 45340 MiB
