run_seed.sh starting: SEED=3 NPROC=16
Python: /root/miniconda3/envs/llm_test/bin/python
Python 3.10.19
torch version: 2.7.1+cpu
torch_npu version: 2.7.1.post2
W0525 20:19:04.810000 668 site-packages/torch/distributed/run.py:766] 
W0525 20:19:04.810000 668 site-packages/torch/distributed/run.py:766] *****************************************
W0525 20:19:04.810000 668 site-packages/torch/distributed/run.py:766] Setting OMP_NUM_THREADS environment variable for each process to be 1 in default, to avoid your system being overloaded, please further tune the variable for optimal performance in your application as needed. 
W0525 20:19:04.810000 668 site-packages/torch/distributed/run.py:766] *****************************************
/root/miniconda3/envs/llm_test/lib/python3.10/site-packages/torch/autograd/__init__.py:221: UserWarning: Cannot create tensor with interal format while allow_internel_format=False, tensor will be created with base format. (Triggered internally at build/CMakeFiles/torch_npu.dir/compiler_depend.ts:338.)
  torch.ones_like(out, memory_format=torch.preserve_format)
using device: npu:0
Training DataLoader: total number of tokens: 10255324043 across 103 files
Validation DataLoader: total number of tokens: 100000000 across 1 files
/root/miniconda3/envs/llm_test/lib/python3.10/site-packages/torch/autograd/__init__.py:221: UserWarning: Cannot create tensor with interal format while allow_internel_format=False, tensor will be created with base format. (Triggered internally at build/CMakeFiles/torch_npu.dir/compiler_depend.ts:338.)
  torch.ones_like(out, memory_format=torch.preserve_format)
/root/miniconda3/envs/llm_test/lib/python3.10/site-packages/torch/autograd/__init__.py:221: UserWarning: Cannot create tensor with interal format while allow_internel_format=False, tensor will be created with base format. (Triggered internally at build/CMakeFiles/torch_npu.dir/compiler_depend.ts:338.)
  torch.ones_like(out, memory_format=torch.preserve_format)
/root/miniconda3/envs/llm_test/lib/python3.10/site-packages/torch/autograd/__init__.py:221: UserWarning: Cannot create tensor with interal format while allow_internel_format=False, tensor will be created with base format. (Triggered internally at build/CMakeFiles/torch_npu.dir/compiler_depend.ts:338.)
  torch.ones_like(out, memory_format=torch.preserve_format)
using device: npu:3
using device: npu:4
using device: npu:2
/root/miniconda3/envs/llm_test/lib/python3.10/site-packages/torch/autograd/__init__.py:221: UserWarning: Cannot create tensor with interal format while allow_internel_format=False, tensor will be created with base format. (Triggered internally at build/CMakeFiles/torch_npu.dir/compiler_depend.ts:338.)
  torch.ones_like(out, memory_format=torch.preserve_format)
/root/miniconda3/envs/llm_test/lib/python3.10/site-packages/torch/autograd/__init__.py:221: UserWarning: Cannot create tensor with interal format while allow_internel_format=False, tensor will be created with base format. (Triggered internally at build/CMakeFiles/torch_npu.dir/compiler_depend.ts:338.)
  torch.ones_like(out, memory_format=torch.preserve_format)
/root/miniconda3/envs/llm_test/lib/python3.10/site-packages/torch/autograd/__init__.py:221: UserWarning: Cannot create tensor with interal format while allow_internel_format=False, tensor will be created with base format. (Triggered internally at build/CMakeFiles/torch_npu.dir/compiler_depend.ts:338.)
  torch.ones_like(out, memory_format=torch.preserve_format)
/root/miniconda3/envs/llm_test/lib/python3.10/site-packages/torch/autograd/__init__.py:221: UserWarning: Cannot create tensor with interal format while allow_internel_format=False, tensor will be created with base format. (Triggered internally at build/CMakeFiles/torch_npu.dir/compiler_depend.ts:338.)
  torch.ones_like(out, memory_format=torch.preserve_format)
/root/miniconda3/envs/llm_test/lib/python3.10/site-packages/torch/autograd/__init__.py:221: UserWarning: Cannot create tensor with interal format while allow_internel_format=False, tensor will be created with base format. (Triggered internally at build/CMakeFiles/torch_npu.dir/compiler_depend.ts:338.)
  torch.ones_like(out, memory_format=torch.preserve_format)
/root/miniconda3/envs/llm_test/lib/python3.10/site-packages/torch/autograd/__init__.py:221: UserWarning: Cannot create tensor with interal format while allow_internel_format=False, tensor will be created with base format. (Triggered internally at build/CMakeFiles/torch_npu.dir/compiler_depend.ts:338.)
  torch.ones_like(out, memory_format=torch.preserve_format)
/root/miniconda3/envs/llm_test/lib/python3.10/site-packages/torch/autograd/__init__.py:221: UserWarning: Cannot create tensor with interal format while allow_internel_format=False, tensor will be created with base format. (Triggered internally at build/CMakeFiles/torch_npu.dir/compiler_depend.ts:338.)
  torch.ones_like(out, memory_format=torch.preserve_format)
/root/miniconda3/envs/llm_test/lib/python3.10/site-packages/torch/autograd/__init__.py:221: UserWarning: Cannot create tensor with interal format while allow_internel_format=False, tensor will be created with base format. (Triggered internally at build/CMakeFiles/torch_npu.dir/compiler_depend.ts:338.)
  torch.ones_like(out, memory_format=torch.preserve_format)
/root/miniconda3/envs/llm_test/lib/python3.10/site-packages/torch/autograd/__init__.py:221: UserWarning: Cannot create tensor with interal format while allow_internel_format=False, tensor will be created with base format. (Triggered internally at build/CMakeFiles/torch_npu.dir/compiler_depend.ts:338.)
  torch.ones_like(out, memory_format=torch.preserve_format)
/root/miniconda3/envs/llm_test/lib/python3.10/site-packages/torch/autograd/__init__.py:221: UserWarning: Cannot create tensor with interal format while allow_internel_format=False, tensor will be created with base format. (Triggered internally at build/CMakeFiles/torch_npu.dir/compiler_depend.ts:338.)
  torch.ones_like(out, memory_format=torch.preserve_format)
/root/miniconda3/envs/llm_test/lib/python3.10/site-packages/torch/autograd/__init__.py:221: UserWarning: Cannot create tensor with interal format while allow_internel_format=False, tensor will be created with base format. (Triggered internally at build/CMakeFiles/torch_npu.dir/compiler_depend.ts:338.)
  torch.ones_like(out, memory_format=torch.preserve_format)
/root/miniconda3/envs/llm_test/lib/python3.10/site-packages/torch/autograd/__init__.py:221: UserWarning: Cannot create tensor with interal format while allow_internel_format=False, tensor will be created with base format. (Triggered internally at build/CMakeFiles/torch_npu.dir/compiler_depend.ts:338.)
  torch.ones_like(out, memory_format=torch.preserve_format)
using device: npu:5
using device: npu:13
using device: npu:12
using device: npu:14
using device: npu:8
using device: npu:15
using device: npu:7
using device: npu:6
using device: npu:10
using device: npu:1
using device: npu:11
using device: npu:9
step:0/3242 val_loss:10.8258 train_time:79ms step_avg:nanms
step:1/3242 train_loss:10.8258 train_time:5020ms step_avg:nanms
step:2/3242 train_loss:10.4296 train_time:5284ms step_avg:nanms
step:3/3242 train_loss:9.8654 train_time:5911ms step_avg:nanms
step:4/3242 train_loss:8.8498 train_time:6538ms step_avg:nanms
step:5/3242 train_loss:7.9931 train_time:7178ms step_avg:nanms
step:6/3242 train_loss:7.5381 train_time:7812ms step_avg:nanms
step:7/3242 train_loss:7.1829 train_time:8436ms step_avg:nanms
step:8/3242 train_loss:6.9785 train_time:9064ms step_avg:nanms
step:9/3242 train_loss:6.9977 train_time:9692ms step_avg:nanms
step:10/3242 train_loss:6.7574 train_time:10318ms step_avg:nanms
step:11/3242 train_loss:6.7615 train_time:245ms step_avg:nanms
step:12/3242 train_loss:6.5258 train_time:871ms step_avg:nanms
step:13/3242 train_loss:6.5813 train_time:1512ms step_avg:503.97ms
step:14/3242 train_loss:6.4219 train_time:2140ms step_avg:534.95ms
step:15/3242 train_loss:6.3780 train_time:2769ms step_avg:553.82ms
step:16/3242 train_loss:6.2959 train_time:3392ms step_avg:565.29ms
step:17/3242 train_loss:6.4754 train_time:4015ms step_avg:573.54ms
step:18/3242 train_loss:6.4920 train_time:4651ms step_avg:581.40ms
step:19/3242 train_loss:6.3825 train_time:5277ms step_avg:586.32ms
step:20/3242 train_loss:6.4247 train_time:5904ms step_avg:590.42ms
step:21/3242 train_loss:6.1704 train_time:6532ms step_avg:593.85ms
step:22/3242 train_loss:6.2455 train_time:7166ms step_avg:597.16ms
step:23/3242 train_loss:6.7993 train_time:7792ms step_avg:599.37ms
step:24/3242 train_loss:6.1944 train_time:8417ms step_avg:601.22ms
step:25/3242 train_loss:6.6693 train_time:9050ms step_avg:603.30ms
step:26/3242 train_loss:6.0836 train_time:9682ms step_avg:605.11ms
step:27/3242 train_loss:5.9602 train_time:10305ms step_avg:606.17ms
step:28/3242 train_loss:6.3480 train_time:10932ms step_avg:607.35ms
step:29/3242 train_loss:5.6851 train_time:11560ms step_avg:608.44ms
step:30/3242 train_loss:6.0618 train_time:12189ms step_avg:609.47ms
step:31/3242 train_loss:6.0688 train_time:12811ms step_avg:610.05ms
step:32/3242 train_loss:5.7779 train_time:13442ms step_avg:610.98ms
step:33/3242 train_loss:5.9043 train_time:14079ms step_avg:612.15ms
step:34/3242 train_loss:6.0476 train_time:14702ms step_avg:612.58ms
step:35/3242 train_loss:6.0874 train_time:15330ms step_avg:613.20ms
step:36/3242 train_loss:6.1081 train_time:15957ms step_avg:613.73ms
step:37/3242 train_loss:5.9380 train_time:16585ms step_avg:614.27ms
step:38/3242 train_loss:6.0129 train_time:17216ms step_avg:614.85ms
step:39/3242 train_loss:5.7114 train_time:17842ms step_avg:615.25ms
step:40/3242 train_loss:5.8013 train_time:18469ms step_avg:615.63ms
step:41/3242 train_loss:5.6821 train_time:19097ms step_avg:616.03ms
step:42/3242 train_loss:5.7743 train_time:19724ms step_avg:616.38ms
step:43/3242 train_loss:5.3947 train_time:20351ms step_avg:616.69ms
step:44/3242 train_loss:5.8078 train_time:20978ms step_avg:617.01ms
step:45/3242 train_loss:5.7057 train_time:21614ms step_avg:617.54ms
step:46/3242 train_loss:5.6959 train_time:22240ms step_avg:617.79ms
step:47/3242 train_loss:5.6378 train_time:22863ms step_avg:617.93ms
step:48/3242 train_loss:5.4848 train_time:23497ms step_avg:618.34ms
step:49/3242 train_loss:5.6360 train_time:24125ms step_avg:618.59ms
step:50/3242 train_loss:5.4059 train_time:24756ms step_avg:618.90ms
step:51/3242 train_loss:5.6341 train_time:25384ms step_avg:619.11ms
step:52/3242 train_loss:5.5854 train_time:26007ms step_avg:619.20ms
step:53/3242 train_loss:5.4878 train_time:26640ms step_avg:619.53ms
step:54/3242 train_loss:5.4864 train_time:27267ms step_avg:619.70ms
step:55/3242 train_loss:5.4301 train_time:27895ms step_avg:619.88ms
step:56/3242 train_loss:5.7642 train_time:28523ms step_avg:620.07ms
step:57/3242 train_loss:5.5053 train_time:29151ms step_avg:620.24ms
step:58/3242 train_loss:5.2772 train_time:29783ms step_avg:620.47ms
step:59/3242 train_loss:5.5293 train_time:30411ms step_avg:620.64ms
step:60/3242 train_loss:5.3926 train_time:31039ms step_avg:620.78ms
step:61/3242 train_loss:5.5741 train_time:31674ms step_avg:621.05ms
step:62/3242 train_loss:5.2267 train_time:32296ms step_avg:621.07ms
step:63/3242 train_loss:5.4488 train_time:32929ms step_avg:621.29ms
step:64/3242 train_loss:5.3903 train_time:33553ms step_avg:621.35ms
step:65/3242 train_loss:4.9993 train_time:34177ms step_avg:621.39ms
step:66/3242 train_loss:5.2854 train_time:34805ms step_avg:621.51ms
step:67/3242 train_loss:5.4035 train_time:35430ms step_avg:621.58ms
step:68/3242 train_loss:5.2046 train_time:36057ms step_avg:621.68ms
step:69/3242 train_loss:5.5322 train_time:36682ms step_avg:621.72ms
step:70/3242 train_loss:5.0419 train_time:37324ms step_avg:622.06ms
step:71/3242 train_loss:5.1796 train_time:37960ms step_avg:622.30ms
step:72/3242 train_loss:5.1468 train_time:38573ms step_avg:622.15ms
step:73/3242 train_loss:5.2951 train_time:39201ms step_avg:622.24ms
step:74/3242 train_loss:5.0318 train_time:39831ms step_avg:622.37ms
step:75/3242 train_loss:5.4877 train_time:40460ms step_avg:622.47ms
step:76/3242 train_loss:5.2257 train_time:41087ms step_avg:622.54ms
step:77/3242 train_loss:5.1947 train_time:41719ms step_avg:622.67ms
step:78/3242 train_loss:5.3382 train_time:42346ms step_avg:622.74ms
step:79/3242 train_loss:4.9389 train_time:42980ms step_avg:622.90ms
step:80/3242 train_loss:5.2104 train_time:43600ms step_avg:622.85ms
step:81/3242 train_loss:5.1858 train_time:44227ms step_avg:622.91ms
step:82/3242 train_loss:5.0125 train_time:44860ms step_avg:623.05ms
step:83/3242 train_loss:5.1023 train_time:45486ms step_avg:623.09ms
step:84/3242 train_loss:5.0902 train_time:46113ms step_avg:623.15ms
step:85/3242 train_loss:4.9544 train_time:46740ms step_avg:623.20ms
step:86/3242 train_loss:5.0028 train_time:47368ms step_avg:623.26ms
step:87/3242 train_loss:5.2328 train_time:47996ms step_avg:623.32ms
step:88/3242 train_loss:5.0565 train_time:48624ms step_avg:623.38ms
step:89/3242 train_loss:5.1289 train_time:49257ms step_avg:623.51ms
step:90/3242 train_loss:5.2192 train_time:49886ms step_avg:623.58ms
step:91/3242 train_loss:4.9775 train_time:50513ms step_avg:623.62ms
step:92/3242 train_loss:5.1334 train_time:51141ms step_avg:623.67ms
step:93/3242 train_loss:5.2233 train_time:51765ms step_avg:623.68ms
step:94/3242 train_loss:4.9317 train_time:52389ms step_avg:623.68ms
step:95/3242 train_loss:4.9627 train_time:53022ms step_avg:623.79ms
step:96/3242 train_loss:4.9731 train_time:53651ms step_avg:623.85ms
step:97/3242 train_loss:4.9675 train_time:54274ms step_avg:623.84ms
step:98/3242 train_loss:5.0011 train_time:54916ms step_avg:624.05ms
step:99/3242 train_loss:4.8839 train_time:55545ms step_avg:624.10ms
step:100/3242 train_loss:4.9380 train_time:56164ms step_avg:624.05ms
step:101/3242 train_loss:4.9597 train_time:56792ms step_avg:624.09ms
step:102/3242 train_loss:4.9440 train_time:57423ms step_avg:624.16ms
step:103/3242 train_loss:4.9502 train_time:58045ms step_avg:624.14ms
step:104/3242 train_loss:4.8241 train_time:58672ms step_avg:624.17ms
step:105/3242 train_loss:4.7488 train_time:59301ms step_avg:624.22ms
step:106/3242 train_loss:4.8989 train_time:59942ms step_avg:624.39ms
step:107/3242 train_loss:4.7050 train_time:60573ms step_avg:624.46ms
step:108/3242 train_loss:4.8301 train_time:61194ms step_avg:624.43ms
step:109/3242 train_loss:4.7472 train_time:61822ms step_avg:624.47ms
step:110/3242 train_loss:4.8647 train_time:62453ms step_avg:624.53ms
step:111/3242 train_loss:4.7699 train_time:63080ms step_avg:624.55ms
step:112/3242 train_loss:4.7965 train_time:63706ms step_avg:624.57ms
step:113/3242 train_loss:4.9312 train_time:64336ms step_avg:624.62ms
step:114/3242 train_loss:4.7942 train_time:64964ms step_avg:624.66ms
step:115/3242 train_loss:4.7217 train_time:65596ms step_avg:624.72ms
step:116/3242 train_loss:4.8675 train_time:66220ms step_avg:624.72ms
step:117/3242 train_loss:4.8147 train_time:66848ms step_avg:624.75ms
step:118/3242 train_loss:4.6054 train_time:67484ms step_avg:624.85ms
step:119/3242 train_loss:4.8981 train_time:68115ms step_avg:624.91ms
step:120/3242 train_loss:4.7404 train_time:68746ms step_avg:624.96ms
step:121/3242 train_loss:4.7062 train_time:69367ms step_avg:624.93ms
step:122/3242 train_loss:4.4985 train_time:69994ms step_avg:624.95ms
step:123/3242 train_loss:4.7802 train_time:70619ms step_avg:624.95ms
step:124/3242 train_loss:4.6305 train_time:71243ms step_avg:624.94ms
step:125/3242 train_loss:4.9857 train_time:71871ms step_avg:624.96ms
step:125/3242 val_loss:4.6894 train_time:72258ms step_avg:628.33ms
step:126/3242 train_loss:4.7917 train_time:72510ms step_avg:625.08ms
step:127/3242 train_loss:4.7630 train_time:73135ms step_avg:625.09ms
step:128/3242 train_loss:4.6946 train_time:73763ms step_avg:625.11ms
step:129/3242 train_loss:4.6898 train_time:74385ms step_avg:625.09ms
step:130/3242 train_loss:5.1780 train_time:75013ms step_avg:625.11ms
step:131/3242 train_loss:4.6958 train_time:75640ms step_avg:625.12ms
step:132/3242 train_loss:4.4169 train_time:76268ms step_avg:625.15ms
step:133/3242 train_loss:4.5076 train_time:76896ms step_avg:625.17ms
step:134/3242 train_loss:4.6413 train_time:77525ms step_avg:625.20ms
step:135/3242 train_loss:4.5344 train_time:78162ms step_avg:625.29ms
step:136/3242 train_loss:4.5781 train_time:78789ms step_avg:625.31ms
step:137/3242 train_loss:4.4191 train_time:79419ms step_avg:625.35ms
step:138/3242 train_loss:4.6035 train_time:80051ms step_avg:625.40ms
step:139/3242 train_loss:4.4929 train_time:80677ms step_avg:625.41ms
step:140/3242 train_loss:4.6127 train_time:81305ms step_avg:625.43ms
step:141/3242 train_loss:4.9255 train_time:81926ms step_avg:625.39ms
step:142/3242 train_loss:4.6116 train_time:82558ms step_avg:625.44ms
step:143/3242 train_loss:4.5278 train_time:83182ms step_avg:625.43ms
step:144/3242 train_loss:4.5846 train_time:83813ms step_avg:625.47ms
step:145/3242 train_loss:4.4938 train_time:84450ms step_avg:625.55ms
step:146/3242 train_loss:4.4402 train_time:85065ms step_avg:625.48ms
step:147/3242 train_loss:4.3349 train_time:85694ms step_avg:625.50ms
step:148/3242 train_loss:4.4993 train_time:86320ms step_avg:625.51ms
step:149/3242 train_loss:4.5124 train_time:86946ms step_avg:625.51ms
step:150/3242 train_loss:4.6301 train_time:87590ms step_avg:625.65ms
step:151/3242 train_loss:4.5822 train_time:88219ms step_avg:625.67ms
step:152/3242 train_loss:4.4175 train_time:88837ms step_avg:625.61ms
step:153/3242 train_loss:4.4546 train_time:89462ms step_avg:625.61ms
step:154/3242 train_loss:4.5142 train_time:90103ms step_avg:625.71ms
step:155/3242 train_loss:4.7012 train_time:90730ms step_avg:625.72ms
step:156/3242 train_loss:4.4151 train_time:91357ms step_avg:625.73ms
step:157/3242 train_loss:4.5730 train_time:91986ms step_avg:625.76ms
step:158/3242 train_loss:4.6081 train_time:92613ms step_avg:625.76ms
step:159/3242 train_loss:4.4075 train_time:93241ms step_avg:625.78ms
step:160/3242 train_loss:4.5152 train_time:93871ms step_avg:625.80ms
step:161/3242 train_loss:4.3463 train_time:94495ms step_avg:625.80ms
step:162/3242 train_loss:4.5090 train_time:95120ms step_avg:625.79ms
step:163/3242 train_loss:4.5378 train_time:95746ms step_avg:625.79ms
step:164/3242 train_loss:4.4153 train_time:96376ms step_avg:625.82ms
step:165/3242 train_loss:4.3258 train_time:97004ms step_avg:625.83ms
step:166/3242 train_loss:4.3639 train_time:97638ms step_avg:625.88ms
step:167/3242 train_loss:4.5656 train_time:98265ms step_avg:625.89ms
step:168/3242 train_loss:4.1768 train_time:98898ms step_avg:625.93ms
step:169/3242 train_loss:4.5986 train_time:99521ms step_avg:625.92ms
step:170/3242 train_loss:4.2609 train_time:100153ms step_avg:625.95ms
step:171/3242 train_loss:4.2108 train_time:100779ms step_avg:625.96ms
step:172/3242 train_loss:4.2974 train_time:101409ms step_avg:625.98ms
step:173/3242 train_loss:4.3039 train_time:102036ms step_avg:625.99ms
step:174/3242 train_loss:4.3405 train_time:102665ms step_avg:626.00ms
step:175/3242 train_loss:4.4863 train_time:103293ms step_avg:626.02ms
step:176/3242 train_loss:4.4535 train_time:103931ms step_avg:626.09ms
step:177/3242 train_loss:4.2296 train_time:104552ms step_avg:626.06ms
step:178/3242 train_loss:4.2122 train_time:105179ms step_avg:626.06ms
step:179/3242 train_loss:4.2376 train_time:105808ms step_avg:626.08ms
step:180/3242 train_loss:4.2288 train_time:106437ms step_avg:626.10ms
step:181/3242 train_loss:4.2573 train_time:107063ms step_avg:626.10ms
step:182/3242 train_loss:4.2157 train_time:107695ms step_avg:626.13ms
step:183/3242 train_loss:4.2804 train_time:108322ms step_avg:626.14ms
step:184/3242 train_loss:4.2431 train_time:108951ms step_avg:626.15ms
step:185/3242 train_loss:4.2197 train_time:109573ms step_avg:626.13ms
step:186/3242 train_loss:4.5012 train_time:110203ms step_avg:626.15ms
step:187/3242 train_loss:4.3502 train_time:110833ms step_avg:626.17ms
step:188/3242 train_loss:4.4216 train_time:111463ms step_avg:626.19ms
step:189/3242 train_loss:4.2684 train_time:112091ms step_avg:626.21ms
step:190/3242 train_loss:4.2019 train_time:113006ms step_avg:627.81ms
step:191/3242 train_loss:4.3688 train_time:113633ms step_avg:627.81ms
step:192/3242 train_loss:4.1758 train_time:114262ms step_avg:627.81ms
step:193/3242 train_loss:4.1525 train_time:114896ms step_avg:627.85ms
step:194/3242 train_loss:4.3901 train_time:115524ms step_avg:627.85ms
step:195/3242 train_loss:4.2624 train_time:116157ms step_avg:627.88ms
step:196/3242 train_loss:4.6275 train_time:116781ms step_avg:627.85ms
step:197/3242 train_loss:4.2941 train_time:117409ms step_avg:627.85ms
step:198/3242 train_loss:4.0771 train_time:118040ms step_avg:627.87ms
step:199/3242 train_loss:4.2018 train_time:118669ms step_avg:627.88ms
step:200/3242 train_loss:4.1463 train_time:119301ms step_avg:627.90ms
step:201/3242 train_loss:4.2599 train_time:119940ms step_avg:627.96ms
step:202/3242 train_loss:4.1335 train_time:120554ms step_avg:627.88ms
step:203/3242 train_loss:4.3269 train_time:121183ms step_avg:627.89ms
step:204/3242 train_loss:4.2158 train_time:121809ms step_avg:627.88ms
step:205/3242 train_loss:4.4108 train_time:122434ms step_avg:627.87ms
step:206/3242 train_loss:4.2189 train_time:123063ms step_avg:627.87ms
step:207/3242 train_loss:4.0829 train_time:123687ms step_avg:627.85ms
step:208/3242 train_loss:4.2136 train_time:124314ms step_avg:627.85ms
step:209/3242 train_loss:4.2748 train_time:124952ms step_avg:627.90ms
step:210/3242 train_loss:4.3428 train_time:125579ms step_avg:627.89ms
step:211/3242 train_loss:4.2577 train_time:126207ms step_avg:627.90ms
step:212/3242 train_loss:4.2369 train_time:126836ms step_avg:627.90ms
step:213/3242 train_loss:4.2326 train_time:127464ms step_avg:627.90ms
step:214/3242 train_loss:4.0615 train_time:128093ms step_avg:627.91ms
step:215/3242 train_loss:4.2042 train_time:128726ms step_avg:627.93ms
step:216/3242 train_loss:4.0564 train_time:129361ms step_avg:627.97ms
step:217/3242 train_loss:4.0508 train_time:129984ms step_avg:627.94ms
step:218/3242 train_loss:4.1653 train_time:130613ms step_avg:627.95ms
step:219/3242 train_loss:4.1354 train_time:131244ms step_avg:627.96ms
step:220/3242 train_loss:4.1744 train_time:131868ms step_avg:627.94ms
step:221/3242 train_loss:4.1796 train_time:132499ms step_avg:627.96ms
step:222/3242 train_loss:4.1588 train_time:133138ms step_avg:628.01ms
step:223/3242 train_loss:4.0415 train_time:133759ms step_avg:627.98ms
step:224/3242 train_loss:4.0847 train_time:134388ms step_avg:627.98ms
step:225/3242 train_loss:4.3375 train_time:135026ms step_avg:628.03ms
step:226/3242 train_loss:3.9455 train_time:135643ms step_avg:627.98ms
step:227/3242 train_loss:3.9744 train_time:136269ms step_avg:627.97ms
step:228/3242 train_loss:4.0654 train_time:136889ms step_avg:627.93ms
step:229/3242 train_loss:4.2525 train_time:137525ms step_avg:627.97ms
step:230/3242 train_loss:4.0302 train_time:138159ms step_avg:627.99ms
step:231/3242 train_loss:4.1579 train_time:138783ms step_avg:627.98ms
step:232/3242 train_loss:4.1735 train_time:139410ms step_avg:627.97ms
step:233/3242 train_loss:3.9691 train_time:140038ms step_avg:627.97ms
step:234/3242 train_loss:4.2002 train_time:140666ms step_avg:627.97ms
step:235/3242 train_loss:4.0606 train_time:141292ms step_avg:627.96ms
step:236/3242 train_loss:3.7550 train_time:141921ms step_avg:627.97ms
step:237/3242 train_loss:4.1159 train_time:142549ms step_avg:627.97ms
step:238/3242 train_loss:4.1544 train_time:143177ms step_avg:627.97ms
step:239/3242 train_loss:4.0188 train_time:143815ms step_avg:628.01ms
step:240/3242 train_loss:4.2077 train_time:144440ms step_avg:628.00ms
step:241/3242 train_loss:4.1652 train_time:145074ms step_avg:628.03ms
step:242/3242 train_loss:4.0191 train_time:145699ms step_avg:628.01ms
step:243/3242 train_loss:3.9062 train_time:146328ms step_avg:628.02ms
step:244/3242 train_loss:4.1145 train_time:146948ms step_avg:627.98ms
step:245/3242 train_loss:4.1276 train_time:147580ms step_avg:628.00ms
step:246/3242 train_loss:4.3143 train_time:148209ms step_avg:628.00ms
step:247/3242 train_loss:4.2993 train_time:148845ms step_avg:628.04ms
step:248/3242 train_loss:4.1296 train_time:149466ms step_avg:628.01ms
step:249/3242 train_loss:4.1355 train_time:150104ms step_avg:628.05ms
step:250/3242 train_loss:3.9466 train_time:150728ms step_avg:628.04ms
step:250/3242 val_loss:4.0860 train_time:151102ms step_avg:629.59ms
step:251/3242 train_loss:4.0332 train_time:151355ms step_avg:628.03ms
step:252/3242 train_loss:4.1671 train_time:151977ms step_avg:628.00ms
step:253/3242 train_loss:4.0801 train_time:152613ms step_avg:628.04ms
step:254/3242 train_loss:3.8553 train_time:153237ms step_avg:628.02ms
step:255/3242 train_loss:4.0456 train_time:153859ms step_avg:628.00ms
step:256/3242 train_loss:4.0584 train_time:154486ms step_avg:627.99ms
step:257/3242 train_loss:4.1611 train_time:155116ms step_avg:628.00ms
step:258/3242 train_loss:4.0119 train_time:155746ms step_avg:628.01ms
step:259/3242 train_loss:3.9794 train_time:156376ms step_avg:628.02ms
step:260/3242 train_loss:4.1142 train_time:157026ms step_avg:628.10ms
step:261/3242 train_loss:4.1350 train_time:157658ms step_avg:628.12ms
step:262/3242 train_loss:4.1479 train_time:158281ms step_avg:628.10ms
step:263/3242 train_loss:4.0455 train_time:158918ms step_avg:628.13ms
step:264/3242 train_loss:4.0530 train_time:159533ms step_avg:628.08ms
step:265/3242 train_loss:4.0732 train_time:160163ms step_avg:628.09ms
step:266/3242 train_loss:3.8403 train_time:160795ms step_avg:628.10ms
step:267/3242 train_loss:4.0137 train_time:161423ms step_avg:628.10ms
step:268/3242 train_loss:3.8451 train_time:162050ms step_avg:628.10ms
step:269/3242 train_loss:4.0068 train_time:162659ms step_avg:628.03ms
step:270/3242 train_loss:3.9186 train_time:163289ms step_avg:628.03ms
step:271/3242 train_loss:4.1455 train_time:163919ms step_avg:628.04ms
step:272/3242 train_loss:4.0714 train_time:164546ms step_avg:628.04ms
step:273/3242 train_loss:3.9706 train_time:165176ms step_avg:628.04ms
step:274/3242 train_loss:4.0621 train_time:165815ms step_avg:628.09ms
step:275/3242 train_loss:4.0970 train_time:166434ms step_avg:628.05ms
step:276/3242 train_loss:4.0940 train_time:167065ms step_avg:628.06ms
step:277/3242 train_loss:4.0131 train_time:167696ms step_avg:628.07ms
step:278/3242 train_loss:3.8902 train_time:168320ms step_avg:628.06ms
step:279/3242 train_loss:4.1654 train_time:168953ms step_avg:628.08ms
step:280/3242 train_loss:4.0152 train_time:169583ms step_avg:628.09ms
step:281/3242 train_loss:4.4334 train_time:170203ms step_avg:628.06ms
step:282/3242 train_loss:4.0290 train_time:170829ms step_avg:628.05ms
step:283/3242 train_loss:3.8774 train_time:171456ms step_avg:628.04ms
step:284/3242 train_loss:4.0206 train_time:172083ms step_avg:628.04ms
step:285/3242 train_loss:4.0420 train_time:172719ms step_avg:628.07ms
step:286/3242 train_loss:4.0972 train_time:173350ms step_avg:628.08ms
step:287/3242 train_loss:4.2325 train_time:173974ms step_avg:628.07ms
step:288/3242 train_loss:3.9762 train_time:174607ms step_avg:628.08ms
step:289/3242 train_loss:4.1171 train_time:175233ms step_avg:628.08ms
step:290/3242 train_loss:3.9676 train_time:175871ms step_avg:628.11ms
step:291/3242 train_loss:4.0221 train_time:176482ms step_avg:628.05ms
step:292/3242 train_loss:4.0268 train_time:177114ms step_avg:628.06ms
step:293/3242 train_loss:4.0326 train_time:177749ms step_avg:628.09ms
step:294/3242 train_loss:3.9923 train_time:178374ms step_avg:628.08ms
step:295/3242 train_loss:4.0624 train_time:178999ms step_avg:628.07ms
step:296/3242 train_loss:3.8926 train_time:179634ms step_avg:628.09ms
step:297/3242 train_loss:3.9544 train_time:180259ms step_avg:628.08ms
step:298/3242 train_loss:3.8946 train_time:180885ms step_avg:628.07ms
step:299/3242 train_loss:4.0381 train_time:181512ms step_avg:628.07ms
step:300/3242 train_loss:3.9747 train_time:182141ms step_avg:628.07ms
step:301/3242 train_loss:4.1060 train_time:182774ms step_avg:628.09ms
step:302/3242 train_loss:3.9986 train_time:183396ms step_avg:628.07ms
step:303/3242 train_loss:3.9953 train_time:184023ms step_avg:628.06ms
step:304/3242 train_loss:3.9198 train_time:184651ms step_avg:628.06ms
step:305/3242 train_loss:4.0380 train_time:185279ms step_avg:628.06ms
step:306/3242 train_loss:5.0078 train_time:185911ms step_avg:628.08ms
step:307/3242 train_loss:3.9350 train_time:186540ms step_avg:628.08ms
step:308/3242 train_loss:3.9450 train_time:187169ms step_avg:628.08ms
step:309/3242 train_loss:4.0879 train_time:187793ms step_avg:628.07ms
step:310/3242 train_loss:3.9107 train_time:188420ms step_avg:628.07ms
step:311/3242 train_loss:4.1024 train_time:189056ms step_avg:628.09ms
step:312/3242 train_loss:3.8489 train_time:189697ms step_avg:628.13ms
step:313/3242 train_loss:3.8845 train_time:190325ms step_avg:628.14ms
step:314/3242 train_loss:4.0897 train_time:190956ms step_avg:628.15ms
step:315/3242 train_loss:4.2260 train_time:191584ms step_avg:628.14ms
step:316/3242 train_loss:4.0087 train_time:192213ms step_avg:628.15ms
step:317/3242 train_loss:3.9355 train_time:192840ms step_avg:628.14ms
step:318/3242 train_loss:3.9400 train_time:193457ms step_avg:628.11ms
step:319/3242 train_loss:3.9975 train_time:194083ms step_avg:628.10ms
step:320/3242 train_loss:4.0097 train_time:194707ms step_avg:628.09ms
step:321/3242 train_loss:4.2398 train_time:195333ms step_avg:628.08ms
step:322/3242 train_loss:4.0301 train_time:195959ms step_avg:628.07ms
step:323/3242 train_loss:4.0587 train_time:196586ms step_avg:628.07ms
step:324/3242 train_loss:4.2032 train_time:197214ms step_avg:628.07ms
step:325/3242 train_loss:4.0470 train_time:197849ms step_avg:628.09ms
step:326/3242 train_loss:4.0476 train_time:198472ms step_avg:628.08ms
step:327/3242 train_loss:3.9369 train_time:199101ms step_avg:628.08ms
step:328/3242 train_loss:4.9386 train_time:199739ms step_avg:628.11ms
step:329/3242 train_loss:4.1640 train_time:200364ms step_avg:628.10ms
step:330/3242 train_loss:3.9263 train_time:200997ms step_avg:628.12ms
step:331/3242 train_loss:3.8844 train_time:201625ms step_avg:628.12ms
step:332/3242 train_loss:3.8391 train_time:202252ms step_avg:628.11ms
step:333/3242 train_loss:4.0019 train_time:202873ms step_avg:628.09ms
step:334/3242 train_loss:3.9232 train_time:203498ms step_avg:628.08ms
step:335/3242 train_loss:3.9274 train_time:204137ms step_avg:628.12ms
step:336/3242 train_loss:4.0856 train_time:204766ms step_avg:628.12ms
step:337/3242 train_loss:4.2346 train_time:205396ms step_avg:628.12ms
step:338/3242 train_loss:4.8112 train_time:206015ms step_avg:628.10ms
step:339/3242 train_loss:4.0092 train_time:206641ms step_avg:628.09ms
step:340/3242 train_loss:3.8832 train_time:207269ms step_avg:628.09ms
step:341/3242 train_loss:4.0203 train_time:207910ms step_avg:628.13ms
step:342/3242 train_loss:4.0216 train_time:208536ms step_avg:628.12ms
step:343/3242 train_loss:3.9158 train_time:209163ms step_avg:628.12ms
step:344/3242 train_loss:3.7769 train_time:209785ms step_avg:628.10ms
step:345/3242 train_loss:3.9312 train_time:210412ms step_avg:628.10ms
step:346/3242 train_loss:3.8131 train_time:211048ms step_avg:628.12ms
step:347/3242 train_loss:3.7924 train_time:211676ms step_avg:628.12ms
step:348/3242 train_loss:3.9463 train_time:212304ms step_avg:628.12ms
step:349/3242 train_loss:3.9260 train_time:212932ms step_avg:628.12ms
step:350/3242 train_loss:3.8686 train_time:213560ms step_avg:628.12ms
step:351/3242 train_loss:3.4530 train_time:214189ms step_avg:628.12ms
step:352/3242 train_loss:3.8303 train_time:214816ms step_avg:628.12ms
step:353/3242 train_loss:4.2673 train_time:215446ms step_avg:628.12ms
step:354/3242 train_loss:3.8650 train_time:216074ms step_avg:628.12ms
step:355/3242 train_loss:3.8964 train_time:216702ms step_avg:628.12ms
step:356/3242 train_loss:3.9472 train_time:217331ms step_avg:628.13ms
step:357/3242 train_loss:4.0007 train_time:217959ms step_avg:628.12ms
step:358/3242 train_loss:3.8676 train_time:218586ms step_avg:628.12ms
step:359/3242 train_loss:3.6770 train_time:219212ms step_avg:628.11ms
step:360/3242 train_loss:4.2131 train_time:219843ms step_avg:628.12ms
step:361/3242 train_loss:3.4249 train_time:220473ms step_avg:628.13ms
step:362/3242 train_loss:3.9278 train_time:221102ms step_avg:628.13ms
step:363/3242 train_loss:4.0032 train_time:221730ms step_avg:628.13ms
step:364/3242 train_loss:3.8303 train_time:222358ms step_avg:628.13ms
step:365/3242 train_loss:3.8051 train_time:222988ms step_avg:628.13ms
step:366/3242 train_loss:3.9572 train_time:223615ms step_avg:628.13ms
step:367/3242 train_loss:3.9737 train_time:224245ms step_avg:628.14ms
step:368/3242 train_loss:4.0156 train_time:224873ms step_avg:628.14ms
step:369/3242 train_loss:3.8914 train_time:225503ms step_avg:628.14ms
step:370/3242 train_loss:3.7580 train_time:226129ms step_avg:628.14ms
step:371/3242 train_loss:4.0079 train_time:226759ms step_avg:628.14ms
step:372/3242 train_loss:3.8017 train_time:227390ms step_avg:628.15ms
step:373/3242 train_loss:3.7716 train_time:228018ms step_avg:628.15ms
step:374/3242 train_loss:4.0132 train_time:228650ms step_avg:628.16ms
step:375/3242 train_loss:3.9355 train_time:229277ms step_avg:628.16ms
step:375/3242 val_loss:3.9039 train_time:229655ms step_avg:629.19ms
step:376/3242 train_loss:3.8779 train_time:229925ms step_avg:628.21ms
step:377/3242 train_loss:3.8622 train_time:230547ms step_avg:628.19ms
step:378/3242 train_loss:3.8617 train_time:231174ms step_avg:628.19ms
step:379/3242 train_loss:3.9966 train_time:231796ms step_avg:628.17ms
step:380/3242 train_loss:4.0061 train_time:232951ms step_avg:629.60ms
step:381/3242 train_loss:4.0348 train_time:233578ms step_avg:629.59ms
step:382/3242 train_loss:3.9743 train_time:234211ms step_avg:629.60ms
step:383/3242 train_loss:3.8393 train_time:234842ms step_avg:629.60ms
step:384/3242 train_loss:3.8384 train_time:235471ms step_avg:629.60ms
step:385/3242 train_loss:3.8550 train_time:236097ms step_avg:629.59ms
step:386/3242 train_loss:3.8226 train_time:236725ms step_avg:629.59ms
step:387/3242 train_loss:4.0105 train_time:237345ms step_avg:629.56ms
step:388/3242 train_loss:4.2421 train_time:237977ms step_avg:629.57ms
step:389/3242 train_loss:3.9788 train_time:238608ms step_avg:629.57ms
step:390/3242 train_loss:3.8150 train_time:239238ms step_avg:629.57ms
step:391/3242 train_loss:3.8973 train_time:239862ms step_avg:629.56ms
step:392/3242 train_loss:3.9002 train_time:240489ms step_avg:629.55ms
step:393/3242 train_loss:4.0708 train_time:241119ms step_avg:629.55ms
step:394/3242 train_loss:3.8644 train_time:241758ms step_avg:629.58ms
step:395/3242 train_loss:3.8359 train_time:242383ms step_avg:629.57ms
step:396/3242 train_loss:3.6466 train_time:243014ms step_avg:629.57ms
step:397/3242 train_loss:4.0030 train_time:243636ms step_avg:629.55ms
step:398/3242 train_loss:3.9834 train_time:244267ms step_avg:629.55ms
step:399/3242 train_loss:4.0032 train_time:244903ms step_avg:629.57ms
step:400/3242 train_loss:3.8764 train_time:245526ms step_avg:629.55ms
step:401/3242 train_loss:4.0113 train_time:246149ms step_avg:629.54ms
step:402/3242 train_loss:3.9190 train_time:246776ms step_avg:629.53ms
step:403/3242 train_loss:4.0367 train_time:247412ms step_avg:629.55ms
step:404/3242 train_loss:4.0878 train_time:248044ms step_avg:629.55ms
step:405/3242 train_loss:3.9140 train_time:248671ms step_avg:629.55ms
step:406/3242 train_loss:3.8990 train_time:249293ms step_avg:629.53ms
step:407/3242 train_loss:4.1093 train_time:249922ms step_avg:629.53ms
step:408/3242 train_loss:3.9068 train_time:250550ms step_avg:629.52ms
step:409/3242 train_loss:3.8682 train_time:251178ms step_avg:629.52ms
step:410/3242 train_loss:4.0129 train_time:251808ms step_avg:629.52ms
step:411/3242 train_loss:3.8608 train_time:252444ms step_avg:629.54ms
step:412/3242 train_loss:3.8357 train_time:253071ms step_avg:629.53ms
step:413/3242 train_loss:4.4121 train_time:253691ms step_avg:629.51ms
step:414/3242 train_loss:3.8391 train_time:254329ms step_avg:629.53ms
step:415/3242 train_loss:4.0043 train_time:254953ms step_avg:629.51ms
step:416/3242 train_loss:3.8214 train_time:255602ms step_avg:629.56ms
step:417/3242 train_loss:3.8727 train_time:256226ms step_avg:629.55ms
step:418/3242 train_loss:4.0621 train_time:256850ms step_avg:629.53ms
step:419/3242 train_loss:3.7667 train_time:257466ms step_avg:629.50ms
step:420/3242 train_loss:3.8311 train_time:258096ms step_avg:629.50ms
step:421/3242 train_loss:3.6662 train_time:258727ms step_avg:629.51ms
step:422/3242 train_loss:3.6591 train_time:259354ms step_avg:629.50ms
step:423/3242 train_loss:3.8969 train_time:259979ms step_avg:629.49ms
step:424/3242 train_loss:3.8286 train_time:260606ms step_avg:629.48ms
step:425/3242 train_loss:3.7880 train_time:261234ms step_avg:629.48ms
step:426/3242 train_loss:3.7701 train_time:261862ms step_avg:629.48ms
step:427/3242 train_loss:3.7810 train_time:262490ms step_avg:629.47ms
step:428/3242 train_loss:3.7807 train_time:263117ms step_avg:629.47ms
step:429/3242 train_loss:3.8247 train_time:263743ms step_avg:629.46ms
step:430/3242 train_loss:3.8565 train_time:264373ms step_avg:629.46ms
step:431/3242 train_loss:3.8780 train_time:265000ms step_avg:629.45ms
step:432/3242 train_loss:3.7272 train_time:265645ms step_avg:629.49ms
step:433/3242 train_loss:3.8746 train_time:266277ms step_avg:629.50ms
step:434/3242 train_loss:3.9699 train_time:266905ms step_avg:629.49ms
step:435/3242 train_loss:3.8654 train_time:267515ms step_avg:629.45ms
step:436/3242 train_loss:3.8962 train_time:268143ms step_avg:629.44ms
step:437/3242 train_loss:3.6268 train_time:268773ms step_avg:629.45ms
step:438/3242 train_loss:3.7479 train_time:269401ms step_avg:629.44ms
step:439/3242 train_loss:3.8218 train_time:270028ms step_avg:629.44ms
step:440/3242 train_loss:3.7585 train_time:270675ms step_avg:629.48ms
step:441/3242 train_loss:4.1299 train_time:271302ms step_avg:629.47ms
step:442/3242 train_loss:3.7251 train_time:271914ms step_avg:629.43ms
step:443/3242 train_loss:3.8324 train_time:272543ms step_avg:629.43ms
step:444/3242 train_loss:3.7281 train_time:273172ms step_avg:629.43ms
step:445/3242 train_loss:3.7906 train_time:273801ms step_avg:629.43ms
step:446/3242 train_loss:3.8488 train_time:274426ms step_avg:629.42ms
step:447/3242 train_loss:3.8604 train_time:275064ms step_avg:629.44ms
step:448/3242 train_loss:3.9200 train_time:275687ms step_avg:629.42ms
step:449/3242 train_loss:3.9528 train_time:276317ms step_avg:629.42ms
step:450/3242 train_loss:3.8446 train_time:276964ms step_avg:629.46ms
step:451/3242 train_loss:3.8362 train_time:277589ms step_avg:629.45ms
step:452/3242 train_loss:3.7695 train_time:278214ms step_avg:629.44ms
step:453/3242 train_loss:3.6989 train_time:278844ms step_avg:629.44ms
step:454/3242 train_loss:3.7151 train_time:279474ms step_avg:629.45ms
step:455/3242 train_loss:3.6923 train_time:280100ms step_avg:629.44ms
step:456/3242 train_loss:3.9848 train_time:280735ms step_avg:629.45ms
step:457/3242 train_loss:3.8190 train_time:281363ms step_avg:629.45ms
step:458/3242 train_loss:3.8315 train_time:281992ms step_avg:629.45ms
step:459/3242 train_loss:4.0054 train_time:282621ms step_avg:629.45ms
step:460/3242 train_loss:3.6525 train_time:283250ms step_avg:629.44ms
step:461/3242 train_loss:3.9352 train_time:283880ms step_avg:629.44ms
step:462/3242 train_loss:3.8336 train_time:284506ms step_avg:629.44ms
step:463/3242 train_loss:3.8881 train_time:285134ms step_avg:629.43ms
step:464/3242 train_loss:3.9056 train_time:285768ms step_avg:629.44ms
step:465/3242 train_loss:3.7705 train_time:286392ms step_avg:629.43ms
step:466/3242 train_loss:3.8066 train_time:287013ms step_avg:629.42ms
step:467/3242 train_loss:3.9706 train_time:287644ms step_avg:629.42ms
step:468/3242 train_loss:4.1347 train_time:288273ms step_avg:629.42ms
step:469/3242 train_loss:3.7577 train_time:288901ms step_avg:629.41ms
step:470/3242 train_loss:3.7411 train_time:289534ms step_avg:629.42ms
step:471/3242 train_loss:3.8540 train_time:290162ms step_avg:629.42ms
step:472/3242 train_loss:3.7983 train_time:290793ms step_avg:629.42ms
step:473/3242 train_loss:3.9075 train_time:291423ms step_avg:629.42ms
step:474/3242 train_loss:3.7742 train_time:292049ms step_avg:629.42ms
step:475/3242 train_loss:3.6500 train_time:292680ms step_avg:629.42ms
step:476/3242 train_loss:3.9509 train_time:293311ms step_avg:629.42ms
step:477/3242 train_loss:3.7754 train_time:293936ms step_avg:629.41ms
step:478/3242 train_loss:3.8622 train_time:294564ms step_avg:629.41ms
step:479/3242 train_loss:3.9962 train_time:295192ms step_avg:629.41ms
step:480/3242 train_loss:3.8479 train_time:295822ms step_avg:629.41ms
step:481/3242 train_loss:3.7922 train_time:296450ms step_avg:629.41ms
step:482/3242 train_loss:3.8688 train_time:297074ms step_avg:629.39ms
step:483/3242 train_loss:3.6379 train_time:297681ms step_avg:629.35ms
step:484/3242 train_loss:3.8453 train_time:298310ms step_avg:629.35ms
step:485/3242 train_loss:3.8009 train_time:298946ms step_avg:629.36ms
step:486/3242 train_loss:3.7937 train_time:299573ms step_avg:629.35ms
step:487/3242 train_loss:3.7179 train_time:300202ms step_avg:629.35ms
step:488/3242 train_loss:3.7774 train_time:300830ms step_avg:629.35ms
step:489/3242 train_loss:3.8951 train_time:301458ms step_avg:629.35ms
step:490/3242 train_loss:3.8972 train_time:302090ms step_avg:629.35ms
step:491/3242 train_loss:3.7937 train_time:302715ms step_avg:629.35ms
step:492/3242 train_loss:3.6789 train_time:303342ms step_avg:629.34ms
step:493/3242 train_loss:4.0840 train_time:303970ms step_avg:629.34ms
step:494/3242 train_loss:3.6327 train_time:304598ms step_avg:629.33ms
step:495/3242 train_loss:3.8588 train_time:305225ms step_avg:629.33ms
step:496/3242 train_loss:3.9069 train_time:305853ms step_avg:629.33ms
step:497/3242 train_loss:3.6699 train_time:306480ms step_avg:629.32ms
step:498/3242 train_loss:3.7849 train_time:307110ms step_avg:629.32ms
step:499/3242 train_loss:3.8786 train_time:307738ms step_avg:629.32ms
step:500/3242 train_loss:3.9179 train_time:308367ms step_avg:629.32ms
step:500/3242 val_loss:3.8091 train_time:308746ms step_avg:630.09ms
step:501/3242 train_loss:4.0082 train_time:308996ms step_avg:629.32ms
step:502/3242 train_loss:3.7538 train_time:309624ms step_avg:629.32ms
step:503/3242 train_loss:3.9326 train_time:310251ms step_avg:629.31ms
step:504/3242 train_loss:3.7735 train_time:310879ms step_avg:629.31ms
step:505/3242 train_loss:3.8418 train_time:311508ms step_avg:629.31ms
step:506/3242 train_loss:3.8055 train_time:312136ms step_avg:629.31ms
step:507/3242 train_loss:3.6787 train_time:312767ms step_avg:629.31ms
step:508/3242 train_loss:3.9818 train_time:313393ms step_avg:629.30ms
step:509/3242 train_loss:4.1703 train_time:314017ms step_avg:629.29ms
step:510/3242 train_loss:3.7996 train_time:314643ms step_avg:629.29ms
step:511/3242 train_loss:3.8152 train_time:315278ms step_avg:629.30ms
step:512/3242 train_loss:3.7563 train_time:315904ms step_avg:629.29ms
step:513/3242 train_loss:3.8893 train_time:316532ms step_avg:629.29ms
step:514/3242 train_loss:3.8509 train_time:317159ms step_avg:629.28ms
step:515/3242 train_loss:3.8522 train_time:317785ms step_avg:629.28ms
step:516/3242 train_loss:3.7989 train_time:318417ms step_avg:629.28ms
step:517/3242 train_loss:3.9619 train_time:319046ms step_avg:629.28ms
step:518/3242 train_loss:3.6652 train_time:319674ms step_avg:629.28ms
step:519/3242 train_loss:3.9498 train_time:320301ms step_avg:629.28ms
step:520/3242 train_loss:3.8927 train_time:320929ms step_avg:629.27ms
step:521/3242 train_loss:3.8240 train_time:321556ms step_avg:629.27ms
step:522/3242 train_loss:3.7011 train_time:322184ms step_avg:629.27ms
step:523/3242 train_loss:3.7226 train_time:322812ms step_avg:629.26ms
step:524/3242 train_loss:5.1503 train_time:323441ms step_avg:629.26ms
step:525/3242 train_loss:3.7451 train_time:324067ms step_avg:629.26ms
step:526/3242 train_loss:3.8516 train_time:324696ms step_avg:629.26ms
step:527/3242 train_loss:3.7317 train_time:325326ms step_avg:629.26ms
step:528/3242 train_loss:3.6111 train_time:325954ms step_avg:629.25ms
step:529/3242 train_loss:3.7214 train_time:326583ms step_avg:629.25ms
step:530/3242 train_loss:3.9681 train_time:327211ms step_avg:629.25ms
step:531/3242 train_loss:3.7295 train_time:327838ms step_avg:629.25ms
step:532/3242 train_loss:3.9505 train_time:328467ms step_avg:629.25ms
step:533/3242 train_loss:3.8662 train_time:329104ms step_avg:629.26ms
step:534/3242 train_loss:3.7550 train_time:329730ms step_avg:629.25ms
step:535/3242 train_loss:3.7153 train_time:330359ms step_avg:629.26ms
step:536/3242 train_loss:3.6723 train_time:330982ms step_avg:629.24ms
step:537/3242 train_loss:3.8191 train_time:331608ms step_avg:629.24ms
step:538/3242 train_loss:3.8139 train_time:332244ms step_avg:629.25ms
step:539/3242 train_loss:3.7377 train_time:332868ms step_avg:629.24ms
step:540/3242 train_loss:4.3903 train_time:333499ms step_avg:629.24ms
step:541/3242 train_loss:3.8001 train_time:334125ms step_avg:629.24ms
step:542/3242 train_loss:3.9359 train_time:334753ms step_avg:629.23ms
step:543/3242 train_loss:3.6996 train_time:335381ms step_avg:629.23ms
step:544/3242 train_loss:3.7528 train_time:336009ms step_avg:629.23ms
step:545/3242 train_loss:3.7704 train_time:336638ms step_avg:629.23ms
step:546/3242 train_loss:3.6710 train_time:337273ms step_avg:629.24ms
step:547/3242 train_loss:3.7349 train_time:337893ms step_avg:629.22ms
step:548/3242 train_loss:3.7197 train_time:338524ms step_avg:629.23ms
step:549/3242 train_loss:3.8269 train_time:339146ms step_avg:629.21ms
step:550/3242 train_loss:3.7596 train_time:339777ms step_avg:629.22ms
step:551/3242 train_loss:3.7942 train_time:340409ms step_avg:629.22ms
step:552/3242 train_loss:3.7664 train_time:341032ms step_avg:629.21ms
step:553/3242 train_loss:3.6721 train_time:341667ms step_avg:629.22ms
step:554/3242 train_loss:4.0506 train_time:342304ms step_avg:629.23ms
step:555/3242 train_loss:3.7962 train_time:342919ms step_avg:629.21ms
step:556/3242 train_loss:3.7648 train_time:343550ms step_avg:629.21ms
step:557/3242 train_loss:3.8136 train_time:344182ms step_avg:629.22ms
step:558/3242 train_loss:3.3228 train_time:344806ms step_avg:629.21ms
step:559/3242 train_loss:3.7424 train_time:345433ms step_avg:629.20ms
step:560/3242 train_loss:3.7266 train_time:346061ms step_avg:629.20ms
step:561/3242 train_loss:3.9143 train_time:346698ms step_avg:629.22ms
step:562/3242 train_loss:3.7270 train_time:347345ms step_avg:629.25ms
step:563/3242 train_loss:3.5928 train_time:347979ms step_avg:629.26ms
step:564/3242 train_loss:3.8877 train_time:348600ms step_avg:629.24ms
step:565/3242 train_loss:3.5828 train_time:349225ms step_avg:629.23ms
step:566/3242 train_loss:3.7852 train_time:349860ms step_avg:629.24ms
step:567/3242 train_loss:3.6737 train_time:350485ms step_avg:629.24ms
step:568/3242 train_loss:3.7157 train_time:351114ms step_avg:629.24ms
step:569/3242 train_loss:3.6667 train_time:351743ms step_avg:629.24ms
step:570/3242 train_loss:3.7026 train_time:353047ms step_avg:630.44ms
step:571/3242 train_loss:3.7596 train_time:353675ms step_avg:630.44ms
step:572/3242 train_loss:3.8523 train_time:354310ms step_avg:630.44ms
step:573/3242 train_loss:3.7192 train_time:354938ms step_avg:630.44ms
step:574/3242 train_loss:3.7606 train_time:355564ms step_avg:630.43ms
step:575/3242 train_loss:3.9711 train_time:356190ms step_avg:630.43ms
step:576/3242 train_loss:3.7839 train_time:356820ms step_avg:630.42ms
step:577/3242 train_loss:3.8819 train_time:357451ms step_avg:630.43ms
step:578/3242 train_loss:3.7654 train_time:358100ms step_avg:630.46ms
step:579/3242 train_loss:3.6825 train_time:358713ms step_avg:630.43ms
step:580/3242 train_loss:3.8869 train_time:359339ms step_avg:630.42ms
step:581/3242 train_loss:3.7573 train_time:359962ms step_avg:630.41ms
step:582/3242 train_loss:3.8068 train_time:360591ms step_avg:630.40ms
step:583/3242 train_loss:3.8467 train_time:361219ms step_avg:630.40ms
step:584/3242 train_loss:3.7484 train_time:361845ms step_avg:630.39ms
step:585/3242 train_loss:3.7146 train_time:362470ms step_avg:630.38ms
step:586/3242 train_loss:3.9581 train_time:363096ms step_avg:630.38ms
step:587/3242 train_loss:3.6714 train_time:363734ms step_avg:630.39ms
step:588/3242 train_loss:3.8033 train_time:364362ms step_avg:630.38ms
step:589/3242 train_loss:3.7741 train_time:364990ms step_avg:630.38ms
step:590/3242 train_loss:4.0768 train_time:365618ms step_avg:630.38ms
step:591/3242 train_loss:3.8583 train_time:366246ms step_avg:630.37ms
step:592/3242 train_loss:3.5056 train_time:366876ms step_avg:630.37ms
step:593/3242 train_loss:3.7119 train_time:367504ms step_avg:630.37ms
step:594/3242 train_loss:3.7900 train_time:368134ms step_avg:630.37ms
step:595/3242 train_loss:3.5722 train_time:368766ms step_avg:630.37ms
step:596/3242 train_loss:4.0786 train_time:369392ms step_avg:630.36ms
step:597/3242 train_loss:3.8917 train_time:370017ms step_avg:630.35ms
step:598/3242 train_loss:3.6348 train_time:370658ms step_avg:630.37ms
step:599/3242 train_loss:3.8012 train_time:371291ms step_avg:630.37ms
step:600/3242 train_loss:3.6431 train_time:371918ms step_avg:630.37ms
step:601/3242 train_loss:3.6438 train_time:372534ms step_avg:630.34ms
step:602/3242 train_loss:3.8322 train_time:373160ms step_avg:630.34ms
step:603/3242 train_loss:3.7555 train_time:373789ms step_avg:630.34ms
step:604/3242 train_loss:3.9332 train_time:374427ms step_avg:630.35ms
step:605/3242 train_loss:3.7009 train_time:375043ms step_avg:630.32ms
step:606/3242 train_loss:3.7761 train_time:375672ms step_avg:630.32ms
step:607/3242 train_loss:3.7882 train_time:376307ms step_avg:630.33ms
step:608/3242 train_loss:4.0972 train_time:376938ms step_avg:630.33ms
step:609/3242 train_loss:3.8311 train_time:377563ms step_avg:630.32ms
step:610/3242 train_loss:3.6748 train_time:378187ms step_avg:630.31ms
step:611/3242 train_loss:3.9505 train_time:378825ms step_avg:630.32ms
step:612/3242 train_loss:3.6507 train_time:379449ms step_avg:630.31ms
step:613/3242 train_loss:3.7793 train_time:380076ms step_avg:630.31ms
step:614/3242 train_loss:3.8293 train_time:380701ms step_avg:630.30ms
step:615/3242 train_loss:3.7680 train_time:381335ms step_avg:630.31ms
step:616/3242 train_loss:3.8675 train_time:381963ms step_avg:630.30ms
step:617/3242 train_loss:3.7625 train_time:382585ms step_avg:630.29ms
step:618/3242 train_loss:3.5923 train_time:383222ms step_avg:630.30ms
step:619/3242 train_loss:3.7864 train_time:383852ms step_avg:630.30ms
step:620/3242 train_loss:3.7626 train_time:384466ms step_avg:630.27ms
step:621/3242 train_loss:3.5856 train_time:385109ms step_avg:630.29ms
step:622/3242 train_loss:4.1804 train_time:385723ms step_avg:630.27ms
step:623/3242 train_loss:3.5911 train_time:386351ms step_avg:630.26ms
step:624/3242 train_loss:3.7636 train_time:386972ms step_avg:630.25ms
step:625/3242 train_loss:3.8492 train_time:387594ms step_avg:630.23ms
step:625/3242 val_loss:3.7355 train_time:387986ms step_avg:630.87ms
step:626/3242 train_loss:3.8375 train_time:388237ms step_avg:630.26ms
step:627/3242 train_loss:3.9210 train_time:388865ms step_avg:630.25ms
step:628/3242 train_loss:3.7112 train_time:389501ms step_avg:630.26ms
step:629/3242 train_loss:3.8006 train_time:390124ms step_avg:630.25ms
step:630/3242 train_loss:3.6437 train_time:390752ms step_avg:630.25ms
step:631/3242 train_loss:3.7854 train_time:391383ms step_avg:630.25ms
step:632/3242 train_loss:3.8193 train_time:392009ms step_avg:630.24ms
step:633/3242 train_loss:3.8417 train_time:392637ms step_avg:630.24ms
step:634/3242 train_loss:3.6840 train_time:393269ms step_avg:630.24ms
step:635/3242 train_loss:3.8140 train_time:393893ms step_avg:630.23ms
step:636/3242 train_loss:4.0042 train_time:394520ms step_avg:630.22ms
step:637/3242 train_loss:3.6426 train_time:395144ms step_avg:630.21ms
step:638/3242 train_loss:3.5525 train_time:395780ms step_avg:630.22ms
step:639/3242 train_loss:3.8600 train_time:396411ms step_avg:630.22ms
step:640/3242 train_loss:3.8930 train_time:397030ms step_avg:630.21ms
step:641/3242 train_loss:3.7116 train_time:397657ms step_avg:630.20ms
step:642/3242 train_loss:3.6212 train_time:398292ms step_avg:630.21ms
step:643/3242 train_loss:3.8351 train_time:398922ms step_avg:630.21ms
step:644/3242 train_loss:3.7437 train_time:399550ms step_avg:630.20ms
step:645/3242 train_loss:3.5793 train_time:400179ms step_avg:630.20ms
step:646/3242 train_loss:3.8392 train_time:400808ms step_avg:630.20ms
step:647/3242 train_loss:3.8557 train_time:401439ms step_avg:630.20ms
step:648/3242 train_loss:3.7213 train_time:402070ms step_avg:630.20ms
step:649/3242 train_loss:3.8231 train_time:402693ms step_avg:630.19ms
step:650/3242 train_loss:3.8776 train_time:403318ms step_avg:630.18ms
step:651/3242 train_loss:3.7063 train_time:403944ms step_avg:630.18ms
step:652/3242 train_loss:3.9654 train_time:404592ms step_avg:630.21ms
step:653/3242 train_loss:3.7289 train_time:405208ms step_avg:630.18ms
step:654/3242 train_loss:3.7356 train_time:405837ms step_avg:630.18ms
step:655/3242 train_loss:3.3963 train_time:406464ms step_avg:630.18ms
step:656/3242 train_loss:3.8061 train_time:407093ms step_avg:630.17ms
step:657/3242 train_loss:3.6711 train_time:407726ms step_avg:630.18ms
step:658/3242 train_loss:3.6154 train_time:408352ms step_avg:630.17ms
step:659/3242 train_loss:3.7613 train_time:408973ms step_avg:630.16ms
step:660/3242 train_loss:3.6902 train_time:409601ms step_avg:630.16ms
step:661/3242 train_loss:3.7885 train_time:410234ms step_avg:630.16ms
step:662/3242 train_loss:3.7307 train_time:410862ms step_avg:630.16ms
step:663/3242 train_loss:3.6971 train_time:411490ms step_avg:630.15ms
step:664/3242 train_loss:3.6516 train_time:412118ms step_avg:630.15ms
step:665/3242 train_loss:3.8010 train_time:412750ms step_avg:630.15ms
step:666/3242 train_loss:3.4026 train_time:413380ms step_avg:630.15ms
step:667/3242 train_loss:3.9707 train_time:414009ms step_avg:630.15ms
step:668/3242 train_loss:3.7461 train_time:414633ms step_avg:630.14ms
step:669/3242 train_loss:3.8414 train_time:415263ms step_avg:630.14ms
step:670/3242 train_loss:3.6306 train_time:415887ms step_avg:630.13ms
step:671/3242 train_loss:3.5312 train_time:416514ms step_avg:630.13ms
step:672/3242 train_loss:3.6709 train_time:417141ms step_avg:630.12ms
step:673/3242 train_loss:3.7140 train_time:417767ms step_avg:630.12ms
step:674/3242 train_loss:4.3579 train_time:418409ms step_avg:630.13ms
step:675/3242 train_loss:3.7735 train_time:419025ms step_avg:630.11ms
step:676/3242 train_loss:3.8008 train_time:419650ms step_avg:630.11ms
step:677/3242 train_loss:3.5817 train_time:420279ms step_avg:630.10ms
step:678/3242 train_loss:3.6112 train_time:420914ms step_avg:630.11ms
step:679/3242 train_loss:3.6722 train_time:421542ms step_avg:630.11ms
step:680/3242 train_loss:3.7584 train_time:422169ms step_avg:630.10ms
step:681/3242 train_loss:3.6856 train_time:422791ms step_avg:630.09ms
step:682/3242 train_loss:3.7199 train_time:423428ms step_avg:630.10ms
step:683/3242 train_loss:3.9602 train_time:424052ms step_avg:630.09ms
step:684/3242 train_loss:3.8735 train_time:424674ms step_avg:630.08ms
step:685/3242 train_loss:3.7526 train_time:425301ms step_avg:630.08ms
step:686/3242 train_loss:3.8347 train_time:425937ms step_avg:630.08ms
step:687/3242 train_loss:3.7919 train_time:426565ms step_avg:630.08ms
step:688/3242 train_loss:3.7663 train_time:427196ms step_avg:630.08ms
step:689/3242 train_loss:3.2498 train_time:427822ms step_avg:630.08ms
step:690/3242 train_loss:3.4712 train_time:428459ms step_avg:630.09ms
step:691/3242 train_loss:3.7135 train_time:429092ms step_avg:630.09ms
step:692/3242 train_loss:3.4581 train_time:429715ms step_avg:630.08ms
step:693/3242 train_loss:3.8442 train_time:430341ms step_avg:630.07ms
step:694/3242 train_loss:3.7075 train_time:430964ms step_avg:630.06ms
step:695/3242 train_loss:3.5816 train_time:431604ms step_avg:630.08ms
step:696/3242 train_loss:3.4789 train_time:432227ms step_avg:630.07ms
step:697/3242 train_loss:4.0900 train_time:432870ms step_avg:630.09ms
step:698/3242 train_loss:3.6443 train_time:433503ms step_avg:630.09ms
step:699/3242 train_loss:3.7270 train_time:434134ms step_avg:630.09ms
step:700/3242 train_loss:3.6494 train_time:434760ms step_avg:630.09ms
step:701/3242 train_loss:3.7036 train_time:435369ms step_avg:630.06ms
step:702/3242 train_loss:3.6511 train_time:436003ms step_avg:630.06ms
step:703/3242 train_loss:3.6268 train_time:436629ms step_avg:630.06ms
step:704/3242 train_loss:3.6025 train_time:437254ms step_avg:630.05ms
step:705/3242 train_loss:3.8381 train_time:437878ms step_avg:630.04ms
step:706/3242 train_loss:3.7174 train_time:438516ms step_avg:630.05ms
step:707/3242 train_loss:3.6983 train_time:439144ms step_avg:630.05ms
step:708/3242 train_loss:3.8143 train_time:439766ms step_avg:630.04ms
step:709/3242 train_loss:3.7390 train_time:440393ms step_avg:630.03ms
step:710/3242 train_loss:3.7442 train_time:441022ms step_avg:630.03ms
step:711/3242 train_loss:3.6019 train_time:441650ms step_avg:630.03ms
step:712/3242 train_loss:3.7260 train_time:442279ms step_avg:630.03ms
step:713/3242 train_loss:3.8677 train_time:442908ms step_avg:630.03ms
step:714/3242 train_loss:3.6193 train_time:443544ms step_avg:630.03ms
step:715/3242 train_loss:3.7626 train_time:444172ms step_avg:630.03ms
step:716/3242 train_loss:3.7690 train_time:444799ms step_avg:630.03ms
step:717/3242 train_loss:3.6929 train_time:445426ms step_avg:630.02ms
step:718/3242 train_loss:3.9522 train_time:446052ms step_avg:630.02ms
step:719/3242 train_loss:3.5915 train_time:446679ms step_avg:630.01ms
step:720/3242 train_loss:3.6312 train_time:447310ms step_avg:630.01ms
step:721/3242 train_loss:4.0782 train_time:447950ms step_avg:630.03ms
step:722/3242 train_loss:3.4673 train_time:448567ms step_avg:630.01ms
step:723/3242 train_loss:3.9281 train_time:449202ms step_avg:630.02ms
step:724/3242 train_loss:3.8919 train_time:449832ms step_avg:630.02ms
step:725/3242 train_loss:3.6862 train_time:450453ms step_avg:630.00ms
step:726/3242 train_loss:3.7235 train_time:451087ms step_avg:630.01ms
step:727/3242 train_loss:3.5603 train_time:451712ms step_avg:630.00ms
step:728/3242 train_loss:3.4211 train_time:452340ms step_avg:630.00ms
step:729/3242 train_loss:3.7448 train_time:452973ms step_avg:630.00ms
step:730/3242 train_loss:3.7188 train_time:453601ms step_avg:630.00ms
step:731/3242 train_loss:3.8135 train_time:454230ms step_avg:630.00ms
step:732/3242 train_loss:3.7279 train_time:454856ms step_avg:630.00ms
step:733/3242 train_loss:3.7170 train_time:455491ms step_avg:630.00ms
step:734/3242 train_loss:4.0977 train_time:456111ms step_avg:629.99ms
step:735/3242 train_loss:3.4924 train_time:456744ms step_avg:629.99ms
step:736/3242 train_loss:3.7344 train_time:457369ms step_avg:629.98ms
step:737/3242 train_loss:3.9889 train_time:457997ms step_avg:629.98ms
step:738/3242 train_loss:3.7453 train_time:458624ms step_avg:629.98ms
step:739/3242 train_loss:3.6651 train_time:459259ms step_avg:629.99ms
step:740/3242 train_loss:3.7732 train_time:459885ms step_avg:629.98ms
step:741/3242 train_loss:4.1670 train_time:460516ms step_avg:629.98ms
step:742/3242 train_loss:3.6783 train_time:461139ms step_avg:629.97ms
step:743/3242 train_loss:3.5788 train_time:461769ms step_avg:629.97ms
step:744/3242 train_loss:3.6003 train_time:462397ms step_avg:629.97ms
step:745/3242 train_loss:3.8334 train_time:463025ms step_avg:629.97ms
step:746/3242 train_loss:3.7104 train_time:463653ms step_avg:629.96ms
step:747/3242 train_loss:3.7488 train_time:464282ms step_avg:629.96ms
step:748/3242 train_loss:3.6909 train_time:464912ms step_avg:629.96ms
step:749/3242 train_loss:3.7003 train_time:465543ms step_avg:629.96ms
step:750/3242 train_loss:3.6185 train_time:466170ms step_avg:629.96ms
step:750/3242 val_loss:3.6794 train_time:466550ms step_avg:630.47ms
step:751/3242 train_loss:3.6939 train_time:466795ms step_avg:629.95ms
step:752/3242 train_loss:3.6119 train_time:467422ms step_avg:629.95ms
step:753/3242 train_loss:3.6837 train_time:468055ms step_avg:629.95ms
step:754/3242 train_loss:3.6264 train_time:468682ms step_avg:629.95ms
step:755/3242 train_loss:3.6487 train_time:469313ms step_avg:629.95ms
step:756/3242 train_loss:3.8702 train_time:469942ms step_avg:629.95ms
step:757/3242 train_loss:3.6199 train_time:470571ms step_avg:629.95ms
step:758/3242 train_loss:3.7806 train_time:471198ms step_avg:629.94ms
step:759/3242 train_loss:3.7199 train_time:471825ms step_avg:629.94ms
step:760/3242 train_loss:3.6951 train_time:472548ms step_avg:630.06ms
step:761/3242 train_loss:3.6728 train_time:473178ms step_avg:630.06ms
step:762/3242 train_loss:3.5612 train_time:473808ms step_avg:630.06ms
step:763/3242 train_loss:3.7357 train_time:474436ms step_avg:630.06ms
step:764/3242 train_loss:3.6381 train_time:475060ms step_avg:630.05ms
step:765/3242 train_loss:3.4692 train_time:475687ms step_avg:630.05ms
step:766/3242 train_loss:3.9353 train_time:476316ms step_avg:630.05ms
step:767/3242 train_loss:3.7550 train_time:476943ms step_avg:630.04ms
step:768/3242 train_loss:3.7647 train_time:477578ms step_avg:630.05ms
step:769/3242 train_loss:3.6477 train_time:478205ms step_avg:630.05ms
step:770/3242 train_loss:3.8719 train_time:478829ms step_avg:630.04ms
step:771/3242 train_loss:3.7813 train_time:479465ms step_avg:630.05ms
step:772/3242 train_loss:4.0574 train_time:480091ms step_avg:630.04ms
step:773/3242 train_loss:3.5645 train_time:480716ms step_avg:630.03ms
step:774/3242 train_loss:3.6665 train_time:481344ms step_avg:630.03ms
step:775/3242 train_loss:3.8244 train_time:481973ms step_avg:630.03ms
step:776/3242 train_loss:3.7799 train_time:482601ms step_avg:630.03ms
step:777/3242 train_loss:3.6472 train_time:483230ms step_avg:630.03ms
step:778/3242 train_loss:3.5015 train_time:483858ms step_avg:630.02ms
step:779/3242 train_loss:3.6973 train_time:484485ms step_avg:630.02ms
step:780/3242 train_loss:3.5964 train_time:485114ms step_avg:630.02ms
step:781/3242 train_loss:3.7436 train_time:485743ms step_avg:630.02ms
step:782/3242 train_loss:3.7970 train_time:486370ms step_avg:630.01ms
step:783/3242 train_loss:3.6626 train_time:486999ms step_avg:630.01ms
step:784/3242 train_loss:3.7064 train_time:487630ms step_avg:630.01ms
step:785/3242 train_loss:3.6838 train_time:488258ms step_avg:630.01ms
step:786/3242 train_loss:3.6332 train_time:488888ms step_avg:630.01ms
step:787/3242 train_loss:3.5203 train_time:489514ms step_avg:630.01ms
step:788/3242 train_loss:4.0156 train_time:490137ms step_avg:630.00ms
step:789/3242 train_loss:3.5337 train_time:490766ms step_avg:629.99ms
step:790/3242 train_loss:3.5874 train_time:491394ms step_avg:629.99ms
step:791/3242 train_loss:3.7358 train_time:492020ms step_avg:629.99ms
step:792/3242 train_loss:3.6719 train_time:492650ms step_avg:629.99ms
step:793/3242 train_loss:3.5879 train_time:493287ms step_avg:630.00ms
step:794/3242 train_loss:3.4975 train_time:493911ms step_avg:629.99ms
step:795/3242 train_loss:3.6105 train_time:494547ms step_avg:630.00ms
step:796/3242 train_loss:3.6881 train_time:495170ms step_avg:629.99ms
step:797/3242 train_loss:3.7059 train_time:495794ms step_avg:629.98ms
step:798/3242 train_loss:3.6012 train_time:496421ms step_avg:629.98ms
step:799/3242 train_loss:3.8319 train_time:497056ms step_avg:629.98ms
step:800/3242 train_loss:3.6584 train_time:497681ms step_avg:629.98ms
step:801/3242 train_loss:3.6719 train_time:498311ms step_avg:629.98ms
step:802/3242 train_loss:3.7703 train_time:498937ms step_avg:629.97ms
step:803/3242 train_loss:3.7663 train_time:499571ms step_avg:629.98ms
step:804/3242 train_loss:3.8034 train_time:500196ms step_avg:629.97ms
step:805/3242 train_loss:3.7583 train_time:500823ms step_avg:629.97ms
step:806/3242 train_loss:3.5779 train_time:501448ms step_avg:629.96ms
step:807/3242 train_loss:3.4438 train_time:502083ms step_avg:629.97ms
step:808/3242 train_loss:3.7550 train_time:502712ms step_avg:629.96ms
step:809/3242 train_loss:3.7575 train_time:503338ms step_avg:629.96ms
step:810/3242 train_loss:3.6000 train_time:503966ms step_avg:629.96ms
step:811/3242 train_loss:3.6473 train_time:504599ms step_avg:629.96ms
step:812/3242 train_loss:3.7640 train_time:505227ms step_avg:629.96ms
step:813/3242 train_loss:3.7245 train_time:505854ms step_avg:629.96ms
step:814/3242 train_loss:3.6929 train_time:506481ms step_avg:629.95ms
step:815/3242 train_loss:3.7469 train_time:507108ms step_avg:629.95ms
step:816/3242 train_loss:3.6602 train_time:507740ms step_avg:629.95ms
step:817/3242 train_loss:3.7073 train_time:508369ms step_avg:629.95ms
step:818/3242 train_loss:4.0639 train_time:508996ms step_avg:629.95ms
step:819/3242 train_loss:3.6338 train_time:509626ms step_avg:629.95ms
step:820/3242 train_loss:3.9089 train_time:510254ms step_avg:629.94ms
step:821/3242 train_loss:3.5148 train_time:510875ms step_avg:629.93ms
step:822/3242 train_loss:3.6215 train_time:511503ms step_avg:629.93ms
step:823/3242 train_loss:3.9021 train_time:512133ms step_avg:629.93ms
step:824/3242 train_loss:3.6632 train_time:512761ms step_avg:629.93ms
step:825/3242 train_loss:3.6423 train_time:513394ms step_avg:629.93ms
step:826/3242 train_loss:3.7920 train_time:514019ms step_avg:629.93ms
step:827/3242 train_loss:3.5980 train_time:514651ms step_avg:629.93ms
step:828/3242 train_loss:4.0734 train_time:515284ms step_avg:629.93ms
step:829/3242 train_loss:3.6727 train_time:515912ms step_avg:629.93ms
step:830/3242 train_loss:3.7328 train_time:516539ms step_avg:629.93ms
step:831/3242 train_loss:3.6465 train_time:517164ms step_avg:629.92ms
step:832/3242 train_loss:3.6243 train_time:517792ms step_avg:629.92ms
step:833/3242 train_loss:3.5541 train_time:518421ms step_avg:629.92ms
step:834/3242 train_loss:3.6686 train_time:519050ms step_avg:629.91ms
step:835/3242 train_loss:3.5451 train_time:519676ms step_avg:629.91ms
step:836/3242 train_loss:3.5142 train_time:520311ms step_avg:629.92ms
step:837/3242 train_loss:3.8655 train_time:520938ms step_avg:629.91ms
step:838/3242 train_loss:3.5266 train_time:521564ms step_avg:629.91ms
step:839/3242 train_loss:3.6475 train_time:522193ms step_avg:629.91ms
step:840/3242 train_loss:3.5353 train_time:522818ms step_avg:629.90ms
step:841/3242 train_loss:3.6627 train_time:523449ms step_avg:629.90ms
step:842/3242 train_loss:3.6666 train_time:524078ms step_avg:629.90ms
step:843/3242 train_loss:3.7371 train_time:524707ms step_avg:629.90ms
step:844/3242 train_loss:3.6366 train_time:525336ms step_avg:629.90ms
step:845/3242 train_loss:3.5566 train_time:525970ms step_avg:629.90ms
step:846/3242 train_loss:3.8358 train_time:526598ms step_avg:629.90ms
step:847/3242 train_loss:3.5603 train_time:527224ms step_avg:629.90ms
step:848/3242 train_loss:3.5435 train_time:527852ms step_avg:629.90ms
step:849/3242 train_loss:3.6781 train_time:528479ms step_avg:629.89ms
step:850/3242 train_loss:3.5971 train_time:529106ms step_avg:629.89ms
step:851/3242 train_loss:3.6721 train_time:529737ms step_avg:629.89ms
step:852/3242 train_loss:3.7864 train_time:530364ms step_avg:629.89ms
step:853/3242 train_loss:3.5833 train_time:530992ms step_avg:629.88ms
step:854/3242 train_loss:3.6665 train_time:531620ms step_avg:629.88ms
step:855/3242 train_loss:3.8623 train_time:532252ms step_avg:629.88ms
step:856/3242 train_loss:3.5827 train_time:532877ms step_avg:629.88ms
step:857/3242 train_loss:3.5582 train_time:533505ms step_avg:629.88ms
step:858/3242 train_loss:3.7017 train_time:534132ms step_avg:629.87ms
step:859/3242 train_loss:3.4644 train_time:534766ms step_avg:629.88ms
step:860/3242 train_loss:3.6710 train_time:535385ms step_avg:629.86ms
step:861/3242 train_loss:3.5884 train_time:536019ms step_avg:629.87ms
step:862/3242 train_loss:3.7645 train_time:536643ms step_avg:629.86ms
step:863/3242 train_loss:3.6448 train_time:537272ms step_avg:629.86ms
step:864/3242 train_loss:3.6879 train_time:537908ms step_avg:629.87ms
step:865/3242 train_loss:3.5539 train_time:538532ms step_avg:629.86ms
step:866/3242 train_loss:3.6661 train_time:539159ms step_avg:629.86ms
step:867/3242 train_loss:4.1123 train_time:539791ms step_avg:629.86ms
step:868/3242 train_loss:3.5183 train_time:540416ms step_avg:629.86ms
step:869/3242 train_loss:3.8137 train_time:541046ms step_avg:629.86ms
step:870/3242 train_loss:3.6305 train_time:541691ms step_avg:629.87ms
step:871/3242 train_loss:3.5889 train_time:542298ms step_avg:629.85ms
step:872/3242 train_loss:3.4433 train_time:542925ms step_avg:629.84ms
step:873/3242 train_loss:3.8314 train_time:543558ms step_avg:629.85ms
step:874/3242 train_loss:3.5207 train_time:544184ms step_avg:629.84ms
step:875/3242 train_loss:3.1881 train_time:544806ms step_avg:629.83ms
step:875/3242 val_loss:3.6355 train_time:545192ms step_avg:630.28ms
step:876/3242 train_loss:3.7110 train_time:545435ms step_avg:629.83ms
step:877/3242 train_loss:3.7045 train_time:546062ms step_avg:629.83ms
step:878/3242 train_loss:3.6852 train_time:546690ms step_avg:629.83ms
step:879/3242 train_loss:3.5720 train_time:547317ms step_avg:629.82ms
step:880/3242 train_loss:3.6831 train_time:547944ms step_avg:629.82ms
step:881/3242 train_loss:3.3340 train_time:548574ms step_avg:629.82ms
step:882/3242 train_loss:3.6823 train_time:549200ms step_avg:629.82ms
step:883/3242 train_loss:4.1430 train_time:549830ms step_avg:629.82ms
step:884/3242 train_loss:3.9811 train_time:550462ms step_avg:629.82ms
step:885/3242 train_loss:3.7801 train_time:551097ms step_avg:629.82ms
step:886/3242 train_loss:3.6650 train_time:551723ms step_avg:629.82ms
step:887/3242 train_loss:3.6798 train_time:552351ms step_avg:629.82ms
step:888/3242 train_loss:4.5721 train_time:552980ms step_avg:629.82ms
step:889/3242 train_loss:3.9410 train_time:553613ms step_avg:629.82ms
step:890/3242 train_loss:3.5653 train_time:554239ms step_avg:629.82ms
step:891/3242 train_loss:3.6019 train_time:554860ms step_avg:629.81ms
step:892/3242 train_loss:3.5632 train_time:555494ms step_avg:629.81ms
step:893/3242 train_loss:3.7498 train_time:556120ms step_avg:629.81ms
step:894/3242 train_loss:3.4887 train_time:556745ms step_avg:629.80ms
step:895/3242 train_loss:3.5843 train_time:557374ms step_avg:629.80ms
step:896/3242 train_loss:3.6195 train_time:558002ms step_avg:629.80ms
step:897/3242 train_loss:3.6400 train_time:558632ms step_avg:629.80ms
step:898/3242 train_loss:3.6633 train_time:559262ms step_avg:629.80ms
step:899/3242 train_loss:3.7749 train_time:559891ms step_avg:629.80ms
step:900/3242 train_loss:3.5833 train_time:560517ms step_avg:629.79ms
step:901/3242 train_loss:3.4873 train_time:561148ms step_avg:629.80ms
step:902/3242 train_loss:3.7025 train_time:561776ms step_avg:629.79ms
step:903/3242 train_loss:3.5885 train_time:562404ms step_avg:629.79ms
step:904/3242 train_loss:3.5963 train_time:563031ms step_avg:629.79ms
step:905/3242 train_loss:3.6407 train_time:563659ms step_avg:629.79ms
step:906/3242 train_loss:3.6380 train_time:564288ms step_avg:629.79ms
step:907/3242 train_loss:3.6596 train_time:564917ms step_avg:629.78ms
step:908/3242 train_loss:3.6198 train_time:565548ms step_avg:629.79ms
step:909/3242 train_loss:3.5773 train_time:566177ms step_avg:629.78ms
step:910/3242 train_loss:3.5949 train_time:566808ms step_avg:629.79ms
step:911/3242 train_loss:3.6081 train_time:567435ms step_avg:629.78ms
step:912/3242 train_loss:3.6631 train_time:568065ms step_avg:629.78ms
step:913/3242 train_loss:3.8600 train_time:568692ms step_avg:629.78ms
step:914/3242 train_loss:3.4895 train_time:569321ms step_avg:629.78ms
step:915/3242 train_loss:3.7240 train_time:569954ms step_avg:629.78ms
step:916/3242 train_loss:3.7720 train_time:570576ms step_avg:629.77ms
step:917/3242 train_loss:3.6764 train_time:571204ms step_avg:629.77ms
step:918/3242 train_loss:3.6871 train_time:571831ms step_avg:629.77ms
step:919/3242 train_loss:4.0309 train_time:572459ms step_avg:629.77ms
step:920/3242 train_loss:3.4631 train_time:573086ms step_avg:629.77ms
step:921/3242 train_loss:3.6257 train_time:573723ms step_avg:629.77ms
step:922/3242 train_loss:3.6413 train_time:574351ms step_avg:629.77ms
step:923/3242 train_loss:3.6393 train_time:574988ms step_avg:629.78ms
step:924/3242 train_loss:3.7207 train_time:575610ms step_avg:629.77ms
step:925/3242 train_loss:3.7493 train_time:576241ms step_avg:629.77ms
step:926/3242 train_loss:3.7387 train_time:576866ms step_avg:629.77ms
step:927/3242 train_loss:3.7000 train_time:577495ms step_avg:629.77ms
step:928/3242 train_loss:3.7867 train_time:578122ms step_avg:629.76ms
step:929/3242 train_loss:3.8591 train_time:578750ms step_avg:629.76ms
step:930/3242 train_loss:3.5451 train_time:579378ms step_avg:629.76ms
step:931/3242 train_loss:3.4788 train_time:580007ms step_avg:629.76ms
step:932/3242 train_loss:3.6033 train_time:580635ms step_avg:629.76ms
step:933/3242 train_loss:3.8230 train_time:581263ms step_avg:629.75ms
step:934/3242 train_loss:3.4425 train_time:581892ms step_avg:629.75ms
step:935/3242 train_loss:3.6799 train_time:582516ms step_avg:629.75ms
step:936/3242 train_loss:3.5042 train_time:583149ms step_avg:629.75ms
step:937/3242 train_loss:3.6164 train_time:583775ms step_avg:629.75ms
step:938/3242 train_loss:3.6724 train_time:584400ms step_avg:629.74ms
step:939/3242 train_loss:3.5682 train_time:585032ms step_avg:629.74ms
step:940/3242 train_loss:3.8311 train_time:585657ms step_avg:629.74ms
step:941/3242 train_loss:3.5671 train_time:586283ms step_avg:629.74ms
step:942/3242 train_loss:3.6399 train_time:586910ms step_avg:629.73ms
step:943/3242 train_loss:3.3910 train_time:587537ms step_avg:629.73ms
step:944/3242 train_loss:3.7290 train_time:588164ms step_avg:629.73ms
step:945/3242 train_loss:3.3567 train_time:588801ms step_avg:629.73ms
step:946/3242 train_loss:3.4826 train_time:589427ms step_avg:629.73ms
step:947/3242 train_loss:4.0105 train_time:590055ms step_avg:629.73ms
step:948/3242 train_loss:3.9098 train_time:590684ms step_avg:629.73ms
step:949/3242 train_loss:3.6570 train_time:591307ms step_avg:629.72ms
step:950/3242 train_loss:3.6515 train_time:592232ms step_avg:630.03ms
step:951/3242 train_loss:3.5771 train_time:592861ms step_avg:630.03ms
step:952/3242 train_loss:3.5392 train_time:593483ms step_avg:630.02ms
step:953/3242 train_loss:3.5974 train_time:594115ms step_avg:630.03ms
step:954/3242 train_loss:3.7392 train_time:594749ms step_avg:630.03ms
step:955/3242 train_loss:3.6085 train_time:595386ms step_avg:630.04ms
step:956/3242 train_loss:3.6187 train_time:596012ms step_avg:630.03ms
step:957/3242 train_loss:3.5554 train_time:596633ms step_avg:630.02ms
step:958/3242 train_loss:3.6224 train_time:597256ms step_avg:630.02ms
step:959/3242 train_loss:3.6336 train_time:597884ms step_avg:630.02ms
step:960/3242 train_loss:3.7422 train_time:598518ms step_avg:630.02ms
step:961/3242 train_loss:3.4071 train_time:599149ms step_avg:630.02ms
step:962/3242 train_loss:3.8402 train_time:599772ms step_avg:630.01ms
step:963/3242 train_loss:3.8481 train_time:600400ms step_avg:630.01ms
step:964/3242 train_loss:3.6521 train_time:601027ms step_avg:630.01ms
step:965/3242 train_loss:3.4986 train_time:601651ms step_avg:630.00ms
step:966/3242 train_loss:3.5494 train_time:602278ms step_avg:630.00ms
step:967/3242 train_loss:3.8323 train_time:602906ms step_avg:630.00ms
step:968/3242 train_loss:3.5986 train_time:603535ms step_avg:629.99ms
step:969/3242 train_loss:3.6041 train_time:604164ms step_avg:629.99ms
step:970/3242 train_loss:3.6305 train_time:604790ms step_avg:629.99ms
step:971/3242 train_loss:3.5280 train_time:605420ms step_avg:629.99ms
step:972/3242 train_loss:3.6264 train_time:606047ms step_avg:629.99ms
step:973/3242 train_loss:3.5902 train_time:606675ms step_avg:629.98ms
step:974/3242 train_loss:3.6318 train_time:607303ms step_avg:629.98ms
step:975/3242 train_loss:3.7535 train_time:607930ms step_avg:629.98ms
step:976/3242 train_loss:3.6132 train_time:608570ms step_avg:629.99ms
step:977/3242 train_loss:3.9734 train_time:609198ms step_avg:629.99ms
step:978/3242 train_loss:3.7715 train_time:609830ms step_avg:629.99ms
step:979/3242 train_loss:3.4664 train_time:610459ms step_avg:629.99ms
step:980/3242 train_loss:4.1329 train_time:611090ms step_avg:629.99ms
step:981/3242 train_loss:3.5836 train_time:611712ms step_avg:629.98ms
step:982/3242 train_loss:3.6395 train_time:612338ms step_avg:629.98ms
step:983/3242 train_loss:3.5792 train_time:612968ms step_avg:629.98ms
step:984/3242 train_loss:3.6122 train_time:613595ms step_avg:629.97ms
step:985/3242 train_loss:3.6984 train_time:614223ms step_avg:629.97ms
step:986/3242 train_loss:3.7594 train_time:614856ms step_avg:629.97ms
step:987/3242 train_loss:3.5424 train_time:615487ms step_avg:629.98ms
step:988/3242 train_loss:3.5989 train_time:616112ms step_avg:629.97ms
step:989/3242 train_loss:3.5929 train_time:616741ms step_avg:629.97ms
step:990/3242 train_loss:3.5204 train_time:617377ms step_avg:629.98ms
step:991/3242 train_loss:3.8094 train_time:618008ms step_avg:629.98ms
step:992/3242 train_loss:3.4566 train_time:618630ms step_avg:629.97ms
step:993/3242 train_loss:3.5877 train_time:619257ms step_avg:629.97ms
step:994/3242 train_loss:3.5929 train_time:619879ms step_avg:629.96ms
step:995/3242 train_loss:3.7318 train_time:620508ms step_avg:629.96ms
step:996/3242 train_loss:3.5964 train_time:621136ms step_avg:629.96ms
step:997/3242 train_loss:3.5046 train_time:621772ms step_avg:629.96ms
step:998/3242 train_loss:3.9014 train_time:622401ms step_avg:629.96ms
step:999/3242 train_loss:3.5585 train_time:623029ms step_avg:629.96ms
step:1000/3242 train_loss:3.7878 train_time:623660ms step_avg:629.96ms
step:1000/3242 val_loss:3.5948 train_time:624040ms step_avg:630.34ms
step:1001/3242 train_loss:3.5019 train_time:624287ms step_avg:629.96ms
step:1002/3242 train_loss:3.5230 train_time:624914ms step_avg:629.95ms
step:1003/3242 train_loss:3.5356 train_time:625543ms step_avg:629.95ms
step:1004/3242 train_loss:3.8974 train_time:626171ms step_avg:629.95ms
step:1005/3242 train_loss:3.7207 train_time:626803ms step_avg:629.95ms
step:1006/3242 train_loss:3.5017 train_time:627430ms step_avg:629.95ms
step:1007/3242 train_loss:3.5320 train_time:628062ms step_avg:629.95ms
step:1008/3242 train_loss:3.5049 train_time:628697ms step_avg:629.96ms
step:1009/3242 train_loss:3.7235 train_time:629318ms step_avg:629.95ms
step:1010/3242 train_loss:3.8097 train_time:629948ms step_avg:629.95ms
step:1011/3242 train_loss:3.7236 train_time:630575ms step_avg:629.95ms
step:1012/3242 train_loss:3.6709 train_time:631205ms step_avg:629.95ms
step:1013/3242 train_loss:3.5035 train_time:631834ms step_avg:629.94ms
step:1014/3242 train_loss:3.7349 train_time:632462ms step_avg:629.94ms
step:1015/3242 train_loss:3.6958 train_time:633099ms step_avg:629.95ms
step:1016/3242 train_loss:3.3796 train_time:633726ms step_avg:629.95ms
step:1017/3242 train_loss:3.5682 train_time:634351ms step_avg:629.94ms
step:1018/3242 train_loss:3.4927 train_time:634976ms step_avg:629.94ms
step:1019/3242 train_loss:3.5353 train_time:635605ms step_avg:629.94ms
step:1020/3242 train_loss:3.4992 train_time:636234ms step_avg:629.93ms
step:1021/3242 train_loss:3.4931 train_time:636868ms step_avg:629.94ms
step:1022/3242 train_loss:3.4524 train_time:637495ms step_avg:629.94ms
step:1023/3242 train_loss:3.6637 train_time:638122ms step_avg:629.93ms
step:1024/3242 train_loss:3.6263 train_time:638758ms step_avg:629.94ms
step:1025/3242 train_loss:3.6072 train_time:639380ms step_avg:629.93ms
step:1026/3242 train_loss:3.5390 train_time:640000ms step_avg:629.92ms
step:1027/3242 train_loss:3.6332 train_time:640657ms step_avg:629.95ms
step:1028/3242 train_loss:3.5623 train_time:641286ms step_avg:629.95ms
step:1029/3242 train_loss:3.5125 train_time:641888ms step_avg:629.92ms
step:1030/3242 train_loss:3.5382 train_time:642513ms step_avg:629.91ms
step:1031/3242 train_loss:3.6020 train_time:643150ms step_avg:629.92ms
step:1032/3242 train_loss:3.4861 train_time:643778ms step_avg:629.92ms
step:1033/3242 train_loss:3.7293 train_time:644405ms step_avg:629.92ms
step:1034/3242 train_loss:3.5902 train_time:645031ms step_avg:629.91ms
step:1035/3242 train_loss:3.4253 train_time:645665ms step_avg:629.92ms
step:1036/3242 train_loss:3.4953 train_time:646292ms step_avg:629.91ms
step:1037/3242 train_loss:3.6472 train_time:646926ms step_avg:629.92ms
step:1038/3242 train_loss:4.0293 train_time:647572ms step_avg:629.93ms
step:1039/3242 train_loss:3.7563 train_time:648200ms step_avg:629.93ms
step:1040/3242 train_loss:3.7242 train_time:648808ms step_avg:629.91ms
step:1041/3242 train_loss:3.6325 train_time:649436ms step_avg:629.91ms
step:1042/3242 train_loss:3.4722 train_time:650063ms step_avg:629.91ms
step:1043/3242 train_loss:3.5154 train_time:650694ms step_avg:629.91ms
step:1044/3242 train_loss:3.5480 train_time:651315ms step_avg:629.90ms
step:1045/3242 train_loss:3.6735 train_time:651947ms step_avg:629.90ms
step:1046/3242 train_loss:3.7329 train_time:652574ms step_avg:629.90ms
step:1047/3242 train_loss:3.5925 train_time:653203ms step_avg:629.90ms
step:1048/3242 train_loss:3.8108 train_time:653831ms step_avg:629.90ms
step:1049/3242 train_loss:3.6551 train_time:654463ms step_avg:629.90ms
step:1050/3242 train_loss:3.6108 train_time:655088ms step_avg:629.89ms
step:1051/3242 train_loss:3.4427 train_time:655718ms step_avg:629.89ms
step:1052/3242 train_loss:3.6801 train_time:656347ms step_avg:629.89ms
step:1053/3242 train_loss:3.4664 train_time:656984ms step_avg:629.90ms
step:1054/3242 train_loss:3.9229 train_time:657610ms step_avg:629.89ms
step:1055/3242 train_loss:3.4626 train_time:658234ms step_avg:629.89ms
step:1056/3242 train_loss:3.5740 train_time:658863ms step_avg:629.89ms
step:1057/3242 train_loss:3.7193 train_time:659497ms step_avg:629.89ms
step:1058/3242 train_loss:3.6062 train_time:660117ms step_avg:629.88ms
step:1059/3242 train_loss:3.4739 train_time:660746ms step_avg:629.88ms
step:1060/3242 train_loss:3.7063 train_time:661372ms step_avg:629.88ms
step:1061/3242 train_loss:3.6528 train_time:661997ms step_avg:629.87ms
step:1062/3242 train_loss:3.5282 train_time:662625ms step_avg:629.87ms
step:1063/3242 train_loss:3.4994 train_time:663251ms step_avg:629.87ms
step:1064/3242 train_loss:3.6419 train_time:663880ms step_avg:629.87ms
step:1065/3242 train_loss:3.4412 train_time:664504ms step_avg:629.86ms
step:1066/3242 train_loss:3.4432 train_time:665130ms step_avg:629.86ms
step:1067/3242 train_loss:3.5932 train_time:665766ms step_avg:629.86ms
step:1068/3242 train_loss:3.3905 train_time:666394ms step_avg:629.86ms
step:1069/3242 train_loss:3.5273 train_time:667025ms step_avg:629.86ms
step:1070/3242 train_loss:3.2705 train_time:667651ms step_avg:629.86ms
step:1071/3242 train_loss:3.7875 train_time:668280ms step_avg:629.86ms
step:1072/3242 train_loss:3.6446 train_time:668913ms step_avg:629.86ms
step:1073/3242 train_loss:3.5390 train_time:669534ms step_avg:629.85ms
step:1074/3242 train_loss:3.7205 train_time:670176ms step_avg:629.86ms
step:1075/3242 train_loss:3.5844 train_time:670797ms step_avg:629.86ms
step:1076/3242 train_loss:3.4877 train_time:671420ms step_avg:629.85ms
step:1077/3242 train_loss:3.8854 train_time:672048ms step_avg:629.85ms
step:1078/3242 train_loss:3.5073 train_time:672672ms step_avg:629.84ms
step:1079/3242 train_loss:3.2584 train_time:673299ms step_avg:629.84ms
step:1080/3242 train_loss:3.4536 train_time:673933ms step_avg:629.84ms
step:1081/3242 train_loss:3.5644 train_time:674565ms step_avg:629.85ms
step:1082/3242 train_loss:3.6794 train_time:675191ms step_avg:629.84ms
step:1083/3242 train_loss:3.7392 train_time:675825ms step_avg:629.85ms
step:1084/3242 train_loss:3.7387 train_time:676453ms step_avg:629.84ms
step:1085/3242 train_loss:3.5329 train_time:677084ms step_avg:629.85ms
step:1086/3242 train_loss:3.6511 train_time:677710ms step_avg:629.84ms
step:1087/3242 train_loss:3.4749 train_time:678341ms step_avg:629.84ms
step:1088/3242 train_loss:3.6659 train_time:678971ms step_avg:629.84ms
step:1089/3242 train_loss:3.5283 train_time:679598ms step_avg:629.84ms
step:1090/3242 train_loss:3.4869 train_time:680224ms step_avg:629.84ms
step:1091/3242 train_loss:3.7379 train_time:680849ms step_avg:629.83ms
step:1092/3242 train_loss:3.5357 train_time:681480ms step_avg:629.83ms
step:1093/3242 train_loss:3.6704 train_time:682111ms step_avg:629.83ms
step:1094/3242 train_loss:3.5561 train_time:682741ms step_avg:629.83ms
step:1095/3242 train_loss:3.6451 train_time:683368ms step_avg:629.83ms
step:1096/3242 train_loss:3.5229 train_time:684000ms step_avg:629.83ms
step:1097/3242 train_loss:3.5595 train_time:684622ms step_avg:629.83ms
step:1098/3242 train_loss:3.6322 train_time:685252ms step_avg:629.83ms
step:1099/3242 train_loss:3.7372 train_time:685879ms step_avg:629.82ms
step:1100/3242 train_loss:3.5865 train_time:686508ms step_avg:629.82ms
step:1101/3242 train_loss:3.6734 train_time:687141ms step_avg:629.83ms
step:1102/3242 train_loss:3.5898 train_time:687778ms step_avg:629.83ms
step:1103/3242 train_loss:3.4298 train_time:688400ms step_avg:629.83ms
step:1104/3242 train_loss:3.5669 train_time:689038ms step_avg:629.83ms
step:1105/3242 train_loss:3.5567 train_time:689655ms step_avg:629.82ms
step:1106/3242 train_loss:3.7522 train_time:690283ms step_avg:629.82ms
step:1107/3242 train_loss:3.2995 train_time:690914ms step_avg:629.82ms
step:1108/3242 train_loss:3.7785 train_time:691541ms step_avg:629.82ms
step:1109/3242 train_loss:3.6055 train_time:692170ms step_avg:629.82ms
step:1110/3242 train_loss:3.5627 train_time:692798ms step_avg:629.82ms
step:1111/3242 train_loss:3.5966 train_time:693427ms step_avg:629.82ms
step:1112/3242 train_loss:3.6532 train_time:694056ms step_avg:629.82ms
step:1113/3242 train_loss:3.7299 train_time:694687ms step_avg:629.82ms
step:1114/3242 train_loss:3.5810 train_time:695314ms step_avg:629.81ms
step:1115/3242 train_loss:3.6047 train_time:695939ms step_avg:629.81ms
step:1116/3242 train_loss:3.3889 train_time:696567ms step_avg:629.81ms
step:1117/3242 train_loss:3.5624 train_time:697203ms step_avg:629.81ms
step:1118/3242 train_loss:3.5919 train_time:697829ms step_avg:629.81ms
step:1119/3242 train_loss:4.0281 train_time:698459ms step_avg:629.81ms
step:1120/3242 train_loss:3.6947 train_time:699084ms step_avg:629.81ms
step:1121/3242 train_loss:3.6058 train_time:699717ms step_avg:629.81ms
step:1122/3242 train_loss:3.5650 train_time:700345ms step_avg:629.81ms
step:1123/3242 train_loss:3.5948 train_time:700973ms step_avg:629.81ms
step:1124/3242 train_loss:3.8099 train_time:701603ms step_avg:629.81ms
step:1125/3242 train_loss:3.4432 train_time:702231ms step_avg:629.80ms
step:1125/3242 val_loss:3.5668 train_time:702609ms step_avg:630.14ms
step:1126/3242 train_loss:3.2604 train_time:702860ms step_avg:629.80ms
step:1127/3242 train_loss:3.6871 train_time:703489ms step_avg:629.80ms
step:1128/3242 train_loss:4.0883 train_time:704116ms step_avg:629.80ms
step:1129/3242 train_loss:3.4432 train_time:704744ms step_avg:629.80ms
step:1130/3242 train_loss:3.7306 train_time:705372ms step_avg:629.80ms
step:1131/3242 train_loss:3.6526 train_time:706000ms step_avg:629.80ms
step:1132/3242 train_loss:3.5826 train_time:706631ms step_avg:629.80ms
step:1133/3242 train_loss:3.6167 train_time:707259ms step_avg:629.79ms
step:1134/3242 train_loss:3.8157 train_time:707887ms step_avg:629.79ms
step:1135/3242 train_loss:3.5912 train_time:708515ms step_avg:629.79ms
step:1136/3242 train_loss:3.5583 train_time:709142ms step_avg:629.79ms
step:1137/3242 train_loss:3.7467 train_time:709771ms step_avg:629.79ms
step:1138/3242 train_loss:3.6334 train_time:710398ms step_avg:629.79ms
step:1139/3242 train_loss:3.4271 train_time:711026ms step_avg:629.78ms
step:1140/3242 train_loss:3.9078 train_time:711805ms step_avg:629.92ms
step:1141/3242 train_loss:3.5977 train_time:712429ms step_avg:629.91ms
step:1142/3242 train_loss:3.8061 train_time:713054ms step_avg:629.91ms
step:1143/3242 train_loss:3.6693 train_time:713681ms step_avg:629.90ms
step:1144/3242 train_loss:3.5939 train_time:714314ms step_avg:629.91ms
step:1145/3242 train_loss:3.5414 train_time:714943ms step_avg:629.91ms
step:1146/3242 train_loss:3.6008 train_time:715569ms step_avg:629.90ms
step:1147/3242 train_loss:3.8815 train_time:716198ms step_avg:629.90ms
step:1148/3242 train_loss:3.7265 train_time:716826ms step_avg:629.90ms
step:1149/3242 train_loss:3.5585 train_time:717454ms step_avg:629.90ms
step:1150/3242 train_loss:3.4197 train_time:718083ms step_avg:629.90ms
step:1151/3242 train_loss:3.4731 train_time:718711ms step_avg:629.90ms
step:1152/3242 train_loss:3.5176 train_time:719340ms step_avg:629.89ms
step:1153/3242 train_loss:3.9156 train_time:719963ms step_avg:629.89ms
step:1154/3242 train_loss:3.7278 train_time:720598ms step_avg:629.89ms
step:1155/3242 train_loss:3.7252 train_time:721223ms step_avg:629.89ms
step:1156/3242 train_loss:3.3870 train_time:721851ms step_avg:629.89ms
step:1157/3242 train_loss:3.7777 train_time:722479ms step_avg:629.89ms
step:1158/3242 train_loss:3.6364 train_time:723109ms step_avg:629.89ms
step:1159/3242 train_loss:3.4111 train_time:723736ms step_avg:629.88ms
step:1160/3242 train_loss:3.5052 train_time:724366ms step_avg:629.88ms
step:1161/3242 train_loss:3.4248 train_time:724994ms step_avg:629.88ms
step:1162/3242 train_loss:3.4060 train_time:725622ms step_avg:629.88ms
step:1163/3242 train_loss:3.4590 train_time:726252ms step_avg:629.88ms
step:1164/3242 train_loss:3.6607 train_time:726880ms step_avg:629.88ms
step:1165/3242 train_loss:3.5559 train_time:727507ms step_avg:629.88ms
step:1166/3242 train_loss:3.4203 train_time:728131ms step_avg:629.87ms
step:1167/3242 train_loss:3.5337 train_time:728760ms step_avg:629.87ms
step:1168/3242 train_loss:3.5465 train_time:729395ms step_avg:629.88ms
step:1169/3242 train_loss:3.7363 train_time:730025ms step_avg:629.87ms
step:1170/3242 train_loss:3.4848 train_time:730655ms step_avg:629.87ms
step:1171/3242 train_loss:3.5578 train_time:731281ms step_avg:629.87ms
step:1172/3242 train_loss:3.5251 train_time:731908ms step_avg:629.87ms
step:1173/3242 train_loss:3.5617 train_time:732538ms step_avg:629.87ms
step:1174/3242 train_loss:3.7278 train_time:733166ms step_avg:629.87ms
step:1175/3242 train_loss:3.4555 train_time:733798ms step_avg:629.87ms
step:1176/3242 train_loss:3.5683 train_time:734425ms step_avg:629.87ms
step:1177/3242 train_loss:3.6983 train_time:735050ms step_avg:629.86ms
step:1178/3242 train_loss:3.4888 train_time:735680ms step_avg:629.86ms
step:1179/3242 train_loss:3.6586 train_time:736307ms step_avg:629.86ms
step:1180/3242 train_loss:3.4982 train_time:736939ms step_avg:629.86ms
step:1181/3242 train_loss:3.4628 train_time:737563ms step_avg:629.86ms
step:1182/3242 train_loss:3.3146 train_time:738192ms step_avg:629.86ms
step:1183/3242 train_loss:3.6001 train_time:738821ms step_avg:629.86ms
step:1184/3242 train_loss:3.4019 train_time:739453ms step_avg:629.86ms
step:1185/3242 train_loss:3.7890 train_time:740080ms step_avg:629.86ms
step:1186/3242 train_loss:3.7762 train_time:740708ms step_avg:629.85ms
step:1187/3242 train_loss:3.5240 train_time:741339ms step_avg:629.85ms
step:1188/3242 train_loss:3.5384 train_time:741969ms step_avg:629.85ms
step:1189/3242 train_loss:3.5710 train_time:742597ms step_avg:629.85ms
step:1190/3242 train_loss:3.3603 train_time:743228ms step_avg:629.85ms
step:1191/3242 train_loss:3.6313 train_time:743855ms step_avg:629.85ms
step:1192/3242 train_loss:4.0127 train_time:744481ms step_avg:629.85ms
step:1193/3242 train_loss:3.5375 train_time:745107ms step_avg:629.85ms
step:1194/3242 train_loss:3.4658 train_time:745738ms step_avg:629.85ms
step:1195/3242 train_loss:3.7147 train_time:746395ms step_avg:629.87ms
step:1196/3242 train_loss:3.5186 train_time:746996ms step_avg:629.84ms
step:1197/3242 train_loss:3.4611 train_time:747619ms step_avg:629.84ms
step:1198/3242 train_loss:3.4256 train_time:748246ms step_avg:629.84ms
step:1199/3242 train_loss:3.4162 train_time:748874ms step_avg:629.84ms
step:1200/3242 train_loss:3.5557 train_time:749510ms step_avg:629.84ms
step:1201/3242 train_loss:3.6088 train_time:750137ms step_avg:629.84ms
step:1202/3242 train_loss:3.7525 train_time:750764ms step_avg:629.84ms
step:1203/3242 train_loss:3.7025 train_time:751396ms step_avg:629.84ms
step:1204/3242 train_loss:3.5853 train_time:752019ms step_avg:629.83ms
step:1205/3242 train_loss:3.4839 train_time:752645ms step_avg:629.83ms
step:1206/3242 train_loss:3.5463 train_time:753273ms step_avg:629.83ms
step:1207/3242 train_loss:3.6657 train_time:753902ms step_avg:629.83ms
step:1208/3242 train_loss:3.7308 train_time:754531ms step_avg:629.83ms
step:1209/3242 train_loss:3.4822 train_time:755158ms step_avg:629.82ms
step:1210/3242 train_loss:3.3807 train_time:755785ms step_avg:629.82ms
step:1211/3242 train_loss:3.3189 train_time:756421ms step_avg:629.83ms
step:1212/3242 train_loss:3.6150 train_time:757045ms step_avg:629.82ms
step:1213/3242 train_loss:3.6795 train_time:757672ms step_avg:629.82ms
step:1214/3242 train_loss:3.5421 train_time:758297ms step_avg:629.81ms
step:1215/3242 train_loss:3.4292 train_time:758927ms step_avg:629.81ms
step:1216/3242 train_loss:3.7312 train_time:759555ms step_avg:629.81ms
step:1217/3242 train_loss:3.4841 train_time:760183ms step_avg:629.81ms
step:1218/3242 train_loss:3.5500 train_time:760819ms step_avg:629.82ms
step:1219/3242 train_loss:3.5865 train_time:761442ms step_avg:629.81ms
step:1220/3242 train_loss:3.6029 train_time:762068ms step_avg:629.81ms
step:1221/3242 train_loss:3.5546 train_time:762698ms step_avg:629.81ms
step:1222/3242 train_loss:3.7623 train_time:763326ms step_avg:629.81ms
step:1223/3242 train_loss:3.5171 train_time:763958ms step_avg:629.81ms
step:1224/3242 train_loss:3.4479 train_time:764584ms step_avg:629.81ms
step:1225/3242 train_loss:3.3556 train_time:765213ms step_avg:629.80ms
step:1226/3242 train_loss:3.4698 train_time:765842ms step_avg:629.80ms
step:1227/3242 train_loss:3.4683 train_time:766469ms step_avg:629.80ms
step:1228/3242 train_loss:3.5133 train_time:767097ms step_avg:629.80ms
step:1229/3242 train_loss:3.5778 train_time:767724ms step_avg:629.80ms
step:1230/3242 train_loss:3.5097 train_time:768348ms step_avg:629.79ms
step:1231/3242 train_loss:3.7718 train_time:768976ms step_avg:629.79ms
step:1232/3242 train_loss:3.8282 train_time:769614ms step_avg:629.80ms
step:1233/3242 train_loss:3.7297 train_time:770241ms step_avg:629.80ms
step:1234/3242 train_loss:3.6450 train_time:770869ms step_avg:629.80ms
step:1235/3242 train_loss:3.8035 train_time:771499ms step_avg:629.80ms
step:1236/3242 train_loss:3.5224 train_time:772130ms step_avg:629.80ms
step:1237/3242 train_loss:3.4609 train_time:772754ms step_avg:629.79ms
step:1238/3242 train_loss:3.3864 train_time:773380ms step_avg:629.79ms
step:1239/3242 train_loss:3.4160 train_time:774010ms step_avg:629.79ms
step:1240/3242 train_loss:3.5037 train_time:774638ms step_avg:629.79ms
step:1241/3242 train_loss:3.4090 train_time:775266ms step_avg:629.79ms
step:1242/3242 train_loss:3.6162 train_time:775894ms step_avg:629.78ms
step:1243/3242 train_loss:3.4968 train_time:776523ms step_avg:629.78ms
step:1244/3242 train_loss:3.5891 train_time:777171ms step_avg:629.80ms
step:1245/3242 train_loss:3.6646 train_time:777805ms step_avg:629.80ms
step:1246/3242 train_loss:3.4090 train_time:778409ms step_avg:629.78ms
step:1247/3242 train_loss:3.4769 train_time:779040ms step_avg:629.78ms
step:1248/3242 train_loss:3.6027 train_time:779666ms step_avg:629.78ms
step:1249/3242 train_loss:3.7176 train_time:780295ms step_avg:629.78ms
step:1250/3242 train_loss:3.6075 train_time:780922ms step_avg:629.78ms
step:1250/3242 val_loss:3.5399 train_time:781303ms step_avg:630.08ms
step:1251/3242 train_loss:3.4701 train_time:781550ms step_avg:629.77ms
step:1252/3242 train_loss:3.5533 train_time:782186ms step_avg:629.78ms
step:1253/3242 train_loss:3.5503 train_time:782812ms step_avg:629.78ms
step:1254/3242 train_loss:3.5600 train_time:783435ms step_avg:629.77ms
step:1255/3242 train_loss:3.7128 train_time:784069ms step_avg:629.77ms
step:1256/3242 train_loss:3.6306 train_time:784698ms step_avg:629.77ms
step:1257/3242 train_loss:3.6645 train_time:785325ms step_avg:629.77ms
step:1258/3242 train_loss:3.6332 train_time:785953ms step_avg:629.77ms
step:1259/3242 train_loss:3.5250 train_time:786579ms step_avg:629.77ms
step:1260/3242 train_loss:3.5222 train_time:787204ms step_avg:629.76ms
step:1261/3242 train_loss:3.3866 train_time:787835ms step_avg:629.76ms
step:1262/3242 train_loss:3.3096 train_time:788453ms step_avg:629.76ms
step:1263/3242 train_loss:3.6483 train_time:789097ms step_avg:629.77ms
step:1264/3242 train_loss:3.3616 train_time:789722ms step_avg:629.76ms
step:1265/3242 train_loss:3.6935 train_time:790352ms step_avg:629.76ms
step:1266/3242 train_loss:3.6062 train_time:790981ms step_avg:629.76ms
step:1267/3242 train_loss:3.5907 train_time:791613ms step_avg:629.76ms
step:1268/3242 train_loss:3.6779 train_time:792239ms step_avg:629.76ms
step:1269/3242 train_loss:3.5009 train_time:792870ms step_avg:629.76ms
step:1270/3242 train_loss:3.5088 train_time:793490ms step_avg:629.75ms
step:1271/3242 train_loss:3.4485 train_time:794120ms step_avg:629.75ms
step:1272/3242 train_loss:3.4463 train_time:794750ms step_avg:629.75ms
step:1273/3242 train_loss:3.4780 train_time:795383ms step_avg:629.76ms
step:1274/3242 train_loss:3.5326 train_time:796010ms step_avg:629.75ms
step:1275/3242 train_loss:3.5262 train_time:796637ms step_avg:629.75ms
step:1276/3242 train_loss:3.6452 train_time:797266ms step_avg:629.75ms
step:1277/3242 train_loss:3.6482 train_time:797892ms step_avg:629.75ms
step:1278/3242 train_loss:3.6133 train_time:798529ms step_avg:629.75ms
step:1279/3242 train_loss:3.5096 train_time:799160ms step_avg:629.76ms
step:1280/3242 train_loss:3.3522 train_time:799780ms step_avg:629.75ms
step:1281/3242 train_loss:3.4391 train_time:800418ms step_avg:629.75ms
step:1282/3242 train_loss:3.6517 train_time:801040ms step_avg:629.75ms
step:1283/3242 train_loss:3.5760 train_time:801671ms step_avg:629.75ms
step:1284/3242 train_loss:3.6325 train_time:802298ms step_avg:629.75ms
step:1285/3242 train_loss:3.5900 train_time:802921ms step_avg:629.74ms
step:1286/3242 train_loss:3.5505 train_time:803549ms step_avg:629.74ms
step:1287/3242 train_loss:3.4141 train_time:804178ms step_avg:629.74ms
step:1288/3242 train_loss:3.4844 train_time:804807ms step_avg:629.74ms
step:1289/3242 train_loss:3.4664 train_time:805434ms step_avg:629.74ms
step:1290/3242 train_loss:3.4182 train_time:806067ms step_avg:629.74ms
step:1291/3242 train_loss:3.5598 train_time:806692ms step_avg:629.74ms
step:1292/3242 train_loss:3.5885 train_time:807328ms step_avg:629.74ms
step:1293/3242 train_loss:3.6377 train_time:807940ms step_avg:629.73ms
step:1294/3242 train_loss:3.6516 train_time:808579ms step_avg:629.73ms
step:1295/3242 train_loss:3.3171 train_time:809211ms step_avg:629.74ms
step:1296/3242 train_loss:3.4343 train_time:809829ms step_avg:629.73ms
step:1297/3242 train_loss:3.6243 train_time:810456ms step_avg:629.72ms
step:1298/3242 train_loss:3.3754 train_time:811089ms step_avg:629.73ms
step:1299/3242 train_loss:3.6223 train_time:811722ms step_avg:629.73ms
step:1300/3242 train_loss:3.5554 train_time:812348ms step_avg:629.73ms
step:1301/3242 train_loss:3.6617 train_time:812970ms step_avg:629.72ms
step:1302/3242 train_loss:3.6282 train_time:813592ms step_avg:629.72ms
step:1303/3242 train_loss:3.7924 train_time:814242ms step_avg:629.73ms
step:1304/3242 train_loss:3.3933 train_time:814866ms step_avg:629.73ms
step:1305/3242 train_loss:3.8884 train_time:815495ms step_avg:629.73ms
step:1306/3242 train_loss:3.5022 train_time:816119ms step_avg:629.72ms
step:1307/3242 train_loss:3.6988 train_time:816747ms step_avg:629.72ms
step:1308/3242 train_loss:3.8593 train_time:817376ms step_avg:629.72ms
step:1309/3242 train_loss:3.4824 train_time:818004ms step_avg:629.72ms
step:1310/3242 train_loss:3.4369 train_time:818633ms step_avg:629.72ms
step:1311/3242 train_loss:3.6007 train_time:819259ms step_avg:629.71ms
step:1312/3242 train_loss:3.5358 train_time:819881ms step_avg:629.71ms
step:1313/3242 train_loss:3.5186 train_time:820509ms step_avg:629.71ms
step:1314/3242 train_loss:3.6016 train_time:821140ms step_avg:629.71ms
step:1315/3242 train_loss:3.2552 train_time:821768ms step_avg:629.71ms
step:1316/3242 train_loss:3.4371 train_time:822395ms step_avg:629.71ms
step:1317/3242 train_loss:3.5536 train_time:823022ms step_avg:629.70ms
step:1318/3242 train_loss:3.6582 train_time:823652ms step_avg:629.70ms
step:1319/3242 train_loss:3.3562 train_time:824279ms step_avg:629.70ms
step:1320/3242 train_loss:3.5406 train_time:824907ms step_avg:629.70ms
step:1321/3242 train_loss:3.6731 train_time:825529ms step_avg:629.69ms
step:1322/3242 train_loss:3.6358 train_time:826158ms step_avg:629.69ms
step:1323/3242 train_loss:3.5225 train_time:826786ms step_avg:629.69ms
step:1324/3242 train_loss:3.5517 train_time:827414ms step_avg:629.69ms
step:1325/3242 train_loss:3.8064 train_time:828042ms step_avg:629.69ms
step:1326/3242 train_loss:3.8394 train_time:828671ms step_avg:629.69ms
step:1327/3242 train_loss:3.5843 train_time:829298ms step_avg:629.69ms
step:1328/3242 train_loss:3.4034 train_time:829925ms step_avg:629.69ms
step:1329/3242 train_loss:3.8119 train_time:830563ms step_avg:629.69ms
step:1330/3242 train_loss:3.5705 train_time:831275ms step_avg:629.75ms
step:1331/3242 train_loss:3.7885 train_time:831909ms step_avg:629.76ms
step:1332/3242 train_loss:3.4929 train_time:832537ms step_avg:629.76ms
step:1333/3242 train_loss:3.7565 train_time:833164ms step_avg:629.75ms
step:1334/3242 train_loss:3.6632 train_time:833799ms step_avg:629.76ms
step:1335/3242 train_loss:3.5667 train_time:834420ms step_avg:629.75ms
step:1336/3242 train_loss:3.4663 train_time:835049ms step_avg:629.75ms
step:1337/3242 train_loss:3.5886 train_time:835677ms step_avg:629.75ms
step:1338/3242 train_loss:3.7665 train_time:836304ms step_avg:629.75ms
step:1339/3242 train_loss:3.6614 train_time:836932ms step_avg:629.75ms
step:1340/3242 train_loss:3.4903 train_time:837559ms step_avg:629.74ms
step:1341/3242 train_loss:3.4444 train_time:838187ms step_avg:629.74ms
step:1342/3242 train_loss:3.8105 train_time:838814ms step_avg:629.74ms
step:1343/3242 train_loss:3.6146 train_time:839449ms step_avg:629.74ms
step:1344/3242 train_loss:3.6334 train_time:840073ms step_avg:629.74ms
step:1345/3242 train_loss:3.6288 train_time:840700ms step_avg:629.74ms
step:1346/3242 train_loss:3.6196 train_time:841336ms step_avg:629.74ms
step:1347/3242 train_loss:3.4483 train_time:841976ms step_avg:629.75ms
step:1348/3242 train_loss:3.4430 train_time:842588ms step_avg:629.74ms
step:1349/3242 train_loss:3.5750 train_time:843219ms step_avg:629.74ms
step:1350/3242 train_loss:3.4400 train_time:843867ms step_avg:629.75ms
step:1351/3242 train_loss:3.6387 train_time:844495ms step_avg:629.75ms
step:1352/3242 train_loss:3.5356 train_time:845123ms step_avg:629.75ms
step:1353/3242 train_loss:3.4835 train_time:845748ms step_avg:629.75ms
step:1354/3242 train_loss:3.6187 train_time:846359ms step_avg:629.73ms
step:1355/3242 train_loss:3.4854 train_time:846985ms step_avg:629.73ms
step:1356/3242 train_loss:3.2849 train_time:847625ms step_avg:629.74ms
step:1357/3242 train_loss:3.6103 train_time:848247ms step_avg:629.73ms
step:1358/3242 train_loss:3.6912 train_time:848874ms step_avg:629.73ms
step:1359/3242 train_loss:3.3756 train_time:849503ms step_avg:629.73ms
step:1360/3242 train_loss:3.7256 train_time:850132ms step_avg:629.73ms
step:1361/3242 train_loss:3.6629 train_time:850758ms step_avg:629.72ms
step:1362/3242 train_loss:3.3846 train_time:851385ms step_avg:629.72ms
step:1363/3242 train_loss:3.5686 train_time:852013ms step_avg:629.72ms
step:1364/3242 train_loss:3.4206 train_time:852647ms step_avg:629.72ms
step:1365/3242 train_loss:3.4346 train_time:853277ms step_avg:629.72ms
step:1366/3242 train_loss:3.5702 train_time:853905ms step_avg:629.72ms
step:1367/3242 train_loss:3.6241 train_time:854536ms step_avg:629.72ms
step:1368/3242 train_loss:3.5887 train_time:855162ms step_avg:629.72ms
step:1369/3242 train_loss:3.6866 train_time:855786ms step_avg:629.72ms
step:1370/3242 train_loss:3.6004 train_time:856414ms step_avg:629.72ms
step:1371/3242 train_loss:3.8768 train_time:857047ms step_avg:629.72ms
step:1372/3242 train_loss:3.4907 train_time:857676ms step_avg:629.72ms
step:1373/3242 train_loss:3.4781 train_time:858303ms step_avg:629.72ms
step:1374/3242 train_loss:3.5551 train_time:858931ms step_avg:629.71ms
step:1375/3242 train_loss:3.3835 train_time:859562ms step_avg:629.72ms
step:1375/3242 val_loss:3.5184 train_time:859944ms step_avg:630.00ms
step:1376/3242 train_loss:3.8270 train_time:860192ms step_avg:629.72ms
step:1377/3242 train_loss:3.5386 train_time:860821ms step_avg:629.72ms
step:1378/3242 train_loss:3.7481 train_time:861448ms step_avg:629.71ms
step:1379/3242 train_loss:3.7567 train_time:862076ms step_avg:629.71ms
step:1380/3242 train_loss:3.5430 train_time:862717ms step_avg:629.72ms
step:1381/3242 train_loss:3.5543 train_time:863332ms step_avg:629.71ms
step:1382/3242 train_loss:3.5936 train_time:863961ms step_avg:629.71ms
step:1383/3242 train_loss:3.4331 train_time:864591ms step_avg:629.71ms
step:1384/3242 train_loss:3.6219 train_time:865217ms step_avg:629.71ms
step:1385/3242 train_loss:3.7201 train_time:865860ms step_avg:629.72ms
step:1386/3242 train_loss:3.4874 train_time:866482ms step_avg:629.71ms
step:1387/3242 train_loss:3.6128 train_time:867105ms step_avg:629.71ms
step:1388/3242 train_loss:3.4927 train_time:867728ms step_avg:629.70ms
step:1389/3242 train_loss:3.4928 train_time:868358ms step_avg:629.70ms
step:1390/3242 train_loss:3.2635 train_time:868992ms step_avg:629.70ms
step:1391/3242 train_loss:3.5388 train_time:869620ms step_avg:629.70ms
step:1392/3242 train_loss:3.4177 train_time:870243ms step_avg:629.70ms
step:1393/3242 train_loss:3.5458 train_time:870870ms step_avg:629.70ms
step:1394/3242 train_loss:3.5456 train_time:871501ms step_avg:629.70ms
step:1395/3242 train_loss:3.5863 train_time:872126ms step_avg:629.69ms
step:1396/3242 train_loss:3.5695 train_time:872754ms step_avg:629.69ms
step:1397/3242 train_loss:3.5476 train_time:873387ms step_avg:629.70ms
step:1398/3242 train_loss:3.3420 train_time:874017ms step_avg:629.70ms
step:1399/3242 train_loss:3.5320 train_time:874658ms step_avg:629.70ms
step:1400/3242 train_loss:3.5583 train_time:875284ms step_avg:629.70ms
step:1401/3242 train_loss:3.5224 train_time:875910ms step_avg:629.70ms
step:1402/3242 train_loss:3.4799 train_time:876539ms step_avg:629.70ms
step:1403/3242 train_loss:3.4652 train_time:877161ms step_avg:629.69ms
step:1404/3242 train_loss:3.5632 train_time:877789ms step_avg:629.69ms
step:1405/3242 train_loss:3.5543 train_time:878421ms step_avg:629.69ms
step:1406/3242 train_loss:3.5936 train_time:879050ms step_avg:629.69ms
step:1407/3242 train_loss:3.5207 train_time:879677ms step_avg:629.69ms
step:1408/3242 train_loss:3.4802 train_time:880304ms step_avg:629.69ms
step:1409/3242 train_loss:3.3296 train_time:880932ms step_avg:629.69ms
step:1410/3242 train_loss:3.4967 train_time:881561ms step_avg:629.69ms
step:1411/3242 train_loss:3.4685 train_time:882188ms step_avg:629.68ms
step:1412/3242 train_loss:3.5583 train_time:882822ms step_avg:629.69ms
step:1413/3242 train_loss:3.4767 train_time:883446ms step_avg:629.68ms
step:1414/3242 train_loss:3.3911 train_time:884070ms step_avg:629.68ms
step:1415/3242 train_loss:3.5796 train_time:884702ms step_avg:629.68ms
step:1416/3242 train_loss:3.7926 train_time:885329ms step_avg:629.68ms
step:1417/3242 train_loss:3.4096 train_time:885957ms step_avg:629.68ms
step:1418/3242 train_loss:3.4227 train_time:886584ms step_avg:629.68ms
step:1419/3242 train_loss:3.4205 train_time:887211ms step_avg:629.67ms
step:1420/3242 train_loss:3.4897 train_time:887840ms step_avg:629.67ms
step:1421/3242 train_loss:3.6016 train_time:888464ms step_avg:629.67ms
step:1422/3242 train_loss:3.4148 train_time:889099ms step_avg:629.67ms
step:1423/3242 train_loss:3.5610 train_time:889722ms step_avg:629.67ms
step:1424/3242 train_loss:3.6416 train_time:890350ms step_avg:629.67ms
step:1425/3242 train_loss:3.6465 train_time:890979ms step_avg:629.67ms
step:1426/3242 train_loss:3.1623 train_time:891611ms step_avg:629.67ms
step:1427/3242 train_loss:3.5446 train_time:892240ms step_avg:629.67ms
step:1428/3242 train_loss:3.5949 train_time:892866ms step_avg:629.67ms
step:1429/3242 train_loss:3.6079 train_time:893485ms step_avg:629.66ms
step:1430/3242 train_loss:3.5026 train_time:894113ms step_avg:629.66ms
step:1431/3242 train_loss:3.7441 train_time:894749ms step_avg:629.66ms
step:1432/3242 train_loss:3.6247 train_time:895376ms step_avg:629.66ms
step:1433/3242 train_loss:3.5080 train_time:896004ms step_avg:629.66ms
step:1434/3242 train_loss:3.5052 train_time:896633ms step_avg:629.66ms
step:1435/3242 train_loss:3.4697 train_time:897264ms step_avg:629.66ms
step:1436/3242 train_loss:3.1425 train_time:897890ms step_avg:629.66ms
step:1437/3242 train_loss:3.4117 train_time:898528ms step_avg:629.66ms
step:1438/3242 train_loss:3.5781 train_time:899148ms step_avg:629.66ms
step:1439/3242 train_loss:3.5832 train_time:899777ms step_avg:629.66ms
step:1440/3242 train_loss:3.5821 train_time:900405ms step_avg:629.65ms
step:1441/3242 train_loss:3.4245 train_time:901033ms step_avg:629.65ms
step:1442/3242 train_loss:3.5205 train_time:901663ms step_avg:629.65ms
step:1443/3242 train_loss:3.8087 train_time:902293ms step_avg:629.65ms
step:1444/3242 train_loss:3.5948 train_time:902922ms step_avg:629.65ms
step:1445/3242 train_loss:3.5699 train_time:903550ms step_avg:629.65ms
step:1446/3242 train_loss:3.5599 train_time:904183ms step_avg:629.65ms
step:1447/3242 train_loss:3.3951 train_time:904809ms step_avg:629.65ms
step:1448/3242 train_loss:3.4870 train_time:905434ms step_avg:629.65ms
step:1449/3242 train_loss:3.5003 train_time:906063ms step_avg:629.65ms
step:1450/3242 train_loss:3.7121 train_time:906691ms step_avg:629.65ms
step:1451/3242 train_loss:3.6314 train_time:907327ms step_avg:629.65ms
step:1452/3242 train_loss:3.3947 train_time:907952ms step_avg:629.65ms
step:1453/3242 train_loss:3.6558 train_time:908579ms step_avg:629.65ms
step:1454/3242 train_loss:3.4025 train_time:909209ms step_avg:629.65ms
step:1455/3242 train_loss:3.5134 train_time:909837ms step_avg:629.64ms
step:1456/3242 train_loss:3.5668 train_time:910465ms step_avg:629.64ms
step:1457/3242 train_loss:3.4137 train_time:911096ms step_avg:629.65ms
step:1458/3242 train_loss:3.3841 train_time:911720ms step_avg:629.64ms
step:1459/3242 train_loss:3.5652 train_time:912349ms step_avg:629.64ms
step:1460/3242 train_loss:3.5057 train_time:912980ms step_avg:629.64ms
step:1461/3242 train_loss:3.4097 train_time:913611ms step_avg:629.64ms
step:1462/3242 train_loss:3.7667 train_time:914243ms step_avg:629.64ms
step:1463/3242 train_loss:3.5845 train_time:914873ms step_avg:629.64ms
step:1464/3242 train_loss:3.7677 train_time:915502ms step_avg:629.64ms
step:1465/3242 train_loss:3.5168 train_time:916126ms step_avg:629.64ms
step:1466/3242 train_loss:3.5259 train_time:916751ms step_avg:629.64ms
step:1467/3242 train_loss:3.4311 train_time:917383ms step_avg:629.64ms
step:1468/3242 train_loss:3.6232 train_time:918012ms step_avg:629.64ms
step:1469/3242 train_loss:3.5712 train_time:918644ms step_avg:629.64ms
step:1470/3242 train_loss:3.4056 train_time:919271ms step_avg:629.64ms
step:1471/3242 train_loss:3.6266 train_time:919899ms step_avg:629.64ms
step:1472/3242 train_loss:3.4967 train_time:920524ms step_avg:629.63ms
step:1473/3242 train_loss:3.4408 train_time:921156ms step_avg:629.64ms
step:1474/3242 train_loss:3.6624 train_time:921783ms step_avg:629.63ms
step:1475/3242 train_loss:3.5030 train_time:922409ms step_avg:629.63ms
step:1476/3242 train_loss:3.2302 train_time:923037ms step_avg:629.63ms
step:1477/3242 train_loss:3.4213 train_time:923675ms step_avg:629.64ms
step:1478/3242 train_loss:3.3676 train_time:924301ms step_avg:629.63ms
step:1479/3242 train_loss:3.5249 train_time:924933ms step_avg:629.63ms
step:1480/3242 train_loss:3.5401 train_time:925560ms step_avg:629.63ms
step:1481/3242 train_loss:3.5665 train_time:926182ms step_avg:629.63ms
step:1482/3242 train_loss:3.6799 train_time:926809ms step_avg:629.63ms
step:1483/3242 train_loss:3.5814 train_time:927440ms step_avg:629.63ms
step:1484/3242 train_loss:3.4430 train_time:928071ms step_avg:629.63ms
step:1485/3242 train_loss:3.4692 train_time:928697ms step_avg:629.62ms
step:1486/3242 train_loss:3.4560 train_time:929330ms step_avg:629.63ms
step:1487/3242 train_loss:3.5034 train_time:929953ms step_avg:629.62ms
step:1488/3242 train_loss:3.5003 train_time:930580ms step_avg:629.62ms
step:1489/3242 train_loss:3.4604 train_time:931209ms step_avg:629.62ms
step:1490/3242 train_loss:3.6172 train_time:931836ms step_avg:629.62ms
step:1491/3242 train_loss:3.4242 train_time:932463ms step_avg:629.62ms
step:1492/3242 train_loss:3.2629 train_time:933091ms step_avg:629.62ms
step:1493/3242 train_loss:3.5490 train_time:933719ms step_avg:629.62ms
step:1494/3242 train_loss:3.7203 train_time:934352ms step_avg:629.62ms
step:1495/3242 train_loss:3.5250 train_time:934978ms step_avg:629.61ms
step:1496/3242 train_loss:3.3807 train_time:935605ms step_avg:629.61ms
step:1497/3242 train_loss:3.4682 train_time:936233ms step_avg:629.61ms
step:1498/3242 train_loss:3.4555 train_time:936858ms step_avg:629.61ms
step:1499/3242 train_loss:3.4949 train_time:937491ms step_avg:629.61ms
step:1500/3242 train_loss:3.4319 train_time:938120ms step_avg:629.61ms
step:1500/3242 val_loss:3.4997 train_time:938501ms step_avg:629.87ms
step:1501/3242 train_loss:3.3973 train_time:938749ms step_avg:629.61ms
step:1502/3242 train_loss:3.4084 train_time:939379ms step_avg:629.61ms
step:1503/3242 train_loss:3.5802 train_time:940009ms step_avg:629.61ms
step:1504/3242 train_loss:3.4030 train_time:940634ms step_avg:629.61ms
step:1505/3242 train_loss:3.4881 train_time:941263ms step_avg:629.61ms
step:1506/3242 train_loss:3.3839 train_time:941894ms step_avg:629.61ms
step:1507/3242 train_loss:3.5288 train_time:942521ms step_avg:629.61ms
step:1508/3242 train_loss:3.4265 train_time:943153ms step_avg:629.61ms
step:1509/3242 train_loss:4.0826 train_time:943777ms step_avg:629.60ms
step:1510/3242 train_loss:3.4159 train_time:944406ms step_avg:629.60ms
step:1511/3242 train_loss:3.5145 train_time:945037ms step_avg:629.60ms
step:1512/3242 train_loss:3.5486 train_time:945663ms step_avg:629.60ms
step:1513/3242 train_loss:3.7820 train_time:946291ms step_avg:629.60ms
step:1514/3242 train_loss:3.4061 train_time:946921ms step_avg:629.60ms
step:1515/3242 train_loss:3.3940 train_time:947547ms step_avg:629.60ms
step:1516/3242 train_loss:3.5242 train_time:948172ms step_avg:629.60ms
step:1517/3242 train_loss:3.4319 train_time:948806ms step_avg:629.60ms
step:1518/3242 train_loss:3.6081 train_time:949434ms step_avg:629.60ms
step:1519/3242 train_loss:3.3870 train_time:950064ms step_avg:629.60ms
step:1520/3242 train_loss:3.5849 train_time:951081ms step_avg:629.86ms
step:1521/3242 train_loss:3.4236 train_time:951714ms step_avg:629.86ms
step:1522/3242 train_loss:3.4478 train_time:952339ms step_avg:629.85ms
step:1523/3242 train_loss:3.5676 train_time:952966ms step_avg:629.85ms
step:1524/3242 train_loss:3.5056 train_time:953596ms step_avg:629.85ms
step:1525/3242 train_loss:3.6441 train_time:954232ms step_avg:629.86ms
step:1526/3242 train_loss:3.4772 train_time:954853ms step_avg:629.85ms
step:1527/3242 train_loss:3.5209 train_time:955479ms step_avg:629.85ms
step:1528/3242 train_loss:3.5053 train_time:956106ms step_avg:629.85ms
step:1529/3242 train_loss:3.9078 train_time:956740ms step_avg:629.85ms
step:1530/3242 train_loss:3.6865 train_time:957370ms step_avg:629.85ms
step:1531/3242 train_loss:3.3100 train_time:957997ms step_avg:629.85ms
step:1532/3242 train_loss:3.4218 train_time:958628ms step_avg:629.85ms
step:1533/3242 train_loss:3.5091 train_time:959253ms step_avg:629.84ms
step:1534/3242 train_loss:3.4478 train_time:959886ms step_avg:629.85ms
step:1535/3242 train_loss:3.5702 train_time:960514ms step_avg:629.85ms
step:1536/3242 train_loss:3.5063 train_time:961141ms step_avg:629.84ms
step:1537/3242 train_loss:3.4094 train_time:961774ms step_avg:629.85ms
step:1538/3242 train_loss:3.4338 train_time:962401ms step_avg:629.84ms
step:1539/3242 train_loss:3.8389 train_time:963026ms step_avg:629.84ms
step:1540/3242 train_loss:3.4617 train_time:963652ms step_avg:629.84ms
step:1541/3242 train_loss:3.5564 train_time:964284ms step_avg:629.84ms
step:1542/3242 train_loss:3.4644 train_time:964913ms step_avg:629.84ms
step:1543/3242 train_loss:3.4358 train_time:965541ms step_avg:629.84ms
step:1544/3242 train_loss:3.3670 train_time:966169ms step_avg:629.84ms
step:1545/3242 train_loss:3.4994 train_time:966803ms step_avg:629.84ms
step:1546/3242 train_loss:3.6066 train_time:967426ms step_avg:629.83ms
step:1547/3242 train_loss:3.3830 train_time:968056ms step_avg:629.83ms
step:1548/3242 train_loss:3.4766 train_time:968685ms step_avg:629.83ms
step:1549/3242 train_loss:3.4367 train_time:969313ms step_avg:629.83ms
step:1550/3242 train_loss:3.5623 train_time:969943ms step_avg:629.83ms
step:1551/3242 train_loss:3.4172 train_time:970573ms step_avg:629.83ms
step:1552/3242 train_loss:3.4419 train_time:971199ms step_avg:629.83ms
step:1553/3242 train_loss:3.5059 train_time:971826ms step_avg:629.83ms
step:1554/3242 train_loss:3.4109 train_time:972460ms step_avg:629.83ms
step:1555/3242 train_loss:3.4823 train_time:973086ms step_avg:629.83ms
step:1556/3242 train_loss:3.4054 train_time:973719ms step_avg:629.83ms
step:1557/3242 train_loss:3.4239 train_time:974357ms step_avg:629.84ms
step:1558/3242 train_loss:3.5034 train_time:974974ms step_avg:629.83ms
step:1559/3242 train_loss:3.3399 train_time:975602ms step_avg:629.83ms
step:1560/3242 train_loss:3.4347 train_time:976229ms step_avg:629.83ms
step:1561/3242 train_loss:3.6550 train_time:976859ms step_avg:629.83ms
step:1562/3242 train_loss:3.3645 train_time:977487ms step_avg:629.82ms
step:1563/3242 train_loss:3.4728 train_time:978115ms step_avg:629.82ms
step:1564/3242 train_loss:3.6821 train_time:978744ms step_avg:629.82ms
step:1565/3242 train_loss:3.3427 train_time:979374ms step_avg:629.82ms
step:1566/3242 train_loss:3.3383 train_time:979999ms step_avg:629.82ms
step:1567/3242 train_loss:3.4605 train_time:980627ms step_avg:629.82ms
step:1568/3242 train_loss:3.4543 train_time:981274ms step_avg:629.83ms
step:1569/3242 train_loss:3.3547 train_time:981904ms step_avg:629.83ms
step:1570/3242 train_loss:3.6505 train_time:982516ms step_avg:629.82ms
step:1571/3242 train_loss:3.5612 train_time:983142ms step_avg:629.82ms
step:1572/3242 train_loss:3.2926 train_time:983773ms step_avg:629.82ms
step:1573/3242 train_loss:3.5083 train_time:984402ms step_avg:629.82ms
step:1574/3242 train_loss:3.4466 train_time:985033ms step_avg:629.82ms
step:1575/3242 train_loss:3.4536 train_time:985654ms step_avg:629.81ms
step:1576/3242 train_loss:3.5792 train_time:986284ms step_avg:629.81ms
step:1577/3242 train_loss:3.4575 train_time:986910ms step_avg:629.81ms
step:1578/3242 train_loss:3.4814 train_time:987541ms step_avg:629.81ms
step:1579/3242 train_loss:3.4361 train_time:988166ms step_avg:629.81ms
step:1580/3242 train_loss:3.3368 train_time:988797ms step_avg:629.81ms
step:1581/3242 train_loss:3.4144 train_time:989425ms step_avg:629.81ms
step:1582/3242 train_loss:3.4898 train_time:990056ms step_avg:629.81ms
step:1583/3242 train_loss:3.4557 train_time:990682ms step_avg:629.80ms
step:1584/3242 train_loss:3.9285 train_time:991310ms step_avg:629.80ms
step:1585/3242 train_loss:3.4497 train_time:991941ms step_avg:629.80ms
step:1586/3242 train_loss:3.5382 train_time:992568ms step_avg:629.80ms
step:1587/3242 train_loss:3.2716 train_time:993196ms step_avg:629.80ms
step:1588/3242 train_loss:3.6161 train_time:993824ms step_avg:629.80ms
step:1589/3242 train_loss:3.4709 train_time:994453ms step_avg:629.80ms
step:1590/3242 train_loss:3.5888 train_time:995086ms step_avg:629.80ms
step:1591/3242 train_loss:3.4395 train_time:995713ms step_avg:629.80ms
step:1592/3242 train_loss:3.4815 train_time:996341ms step_avg:629.80ms
step:1593/3242 train_loss:3.5074 train_time:996970ms step_avg:629.80ms
step:1594/3242 train_loss:3.4774 train_time:997596ms step_avg:629.80ms
step:1595/3242 train_loss:3.5554 train_time:998225ms step_avg:629.79ms
step:1596/3242 train_loss:3.8502 train_time:998854ms step_avg:629.79ms
step:1597/3242 train_loss:3.4106 train_time:999481ms step_avg:629.79ms
step:1598/3242 train_loss:3.4778 train_time:1000110ms step_avg:629.79ms
step:1599/3242 train_loss:3.5709 train_time:1000737ms step_avg:629.79ms
step:1600/3242 train_loss:3.6036 train_time:1001365ms step_avg:629.79ms
step:1601/3242 train_loss:3.4728 train_time:1001995ms step_avg:629.79ms
step:1602/3242 train_loss:3.8782 train_time:1002621ms step_avg:629.79ms
step:1603/3242 train_loss:3.6167 train_time:1003245ms step_avg:629.78ms
step:1604/3242 train_loss:3.2874 train_time:1003875ms step_avg:629.78ms
step:1605/3242 train_loss:3.4803 train_time:1004505ms step_avg:629.78ms
step:1606/3242 train_loss:3.3269 train_time:1005131ms step_avg:629.78ms
step:1607/3242 train_loss:3.6525 train_time:1005757ms step_avg:629.78ms
step:1608/3242 train_loss:3.4443 train_time:1006391ms step_avg:629.78ms
step:1609/3242 train_loss:3.5227 train_time:1007019ms step_avg:629.78ms
step:1610/3242 train_loss:3.5139 train_time:1007645ms step_avg:629.78ms
step:1611/3242 train_loss:3.8891 train_time:1008277ms step_avg:629.78ms
step:1612/3242 train_loss:3.6976 train_time:1008903ms step_avg:629.78ms
step:1613/3242 train_loss:3.5860 train_time:1009535ms step_avg:629.78ms
step:1614/3242 train_loss:3.4245 train_time:1010161ms step_avg:629.78ms
step:1615/3242 train_loss:3.5066 train_time:1010791ms step_avg:629.78ms
step:1616/3242 train_loss:3.3952 train_time:1011417ms step_avg:629.77ms
step:1617/3242 train_loss:3.4932 train_time:1012046ms step_avg:629.77ms
step:1618/3242 train_loss:3.6646 train_time:1012674ms step_avg:629.77ms
step:1619/3242 train_loss:3.6822 train_time:1013302ms step_avg:629.77ms
step:1620/3242 train_loss:3.3801 train_time:1013937ms step_avg:629.77ms
step:1621/3242 train_loss:3.5732 train_time:1014558ms step_avg:629.77ms
step:1622/3242 train_loss:3.5448 train_time:1015187ms step_avg:629.77ms
step:1623/3242 train_loss:3.3475 train_time:1015817ms step_avg:629.77ms
step:1624/3242 train_loss:3.5175 train_time:1016445ms step_avg:629.77ms
step:1625/3242 train_loss:3.3863 train_time:1017072ms step_avg:629.77ms
step:1625/3242 val_loss:3.4829 train_time:1017454ms step_avg:630.00ms
step:1626/3242 train_loss:3.5088 train_time:1017704ms step_avg:629.77ms
step:1627/3242 train_loss:3.4785 train_time:1018329ms step_avg:629.76ms
step:1628/3242 train_loss:3.4183 train_time:1018961ms step_avg:629.77ms
step:1629/3242 train_loss:3.5104 train_time:1019586ms step_avg:629.76ms
step:1630/3242 train_loss:3.5188 train_time:1020218ms step_avg:629.76ms
step:1631/3242 train_loss:3.5080 train_time:1020845ms step_avg:629.76ms
step:1632/3242 train_loss:3.3805 train_time:1021471ms step_avg:629.76ms
step:1633/3242 train_loss:3.2703 train_time:1022100ms step_avg:629.76ms
step:1634/3242 train_loss:3.4395 train_time:1022732ms step_avg:629.76ms
step:1635/3242 train_loss:3.4923 train_time:1023351ms step_avg:629.75ms
step:1636/3242 train_loss:3.3240 train_time:1023979ms step_avg:629.75ms
step:1637/3242 train_loss:3.5348 train_time:1024613ms step_avg:629.76ms
step:1638/3242 train_loss:3.6564 train_time:1025245ms step_avg:629.76ms
step:1639/3242 train_loss:3.7079 train_time:1025869ms step_avg:629.75ms
step:1640/3242 train_loss:4.0583 train_time:1026499ms step_avg:629.75ms
step:1641/3242 train_loss:3.5401 train_time:1027126ms step_avg:629.75ms
step:1642/3242 train_loss:3.5432 train_time:1027754ms step_avg:629.75ms
step:1643/3242 train_loss:3.6715 train_time:1028381ms step_avg:629.75ms
step:1644/3242 train_loss:3.6231 train_time:1029007ms step_avg:629.75ms
step:1645/3242 train_loss:3.3659 train_time:1029636ms step_avg:629.75ms
step:1646/3242 train_loss:3.5043 train_time:1030264ms step_avg:629.75ms
step:1647/3242 train_loss:3.1332 train_time:1030888ms step_avg:629.74ms
step:1648/3242 train_loss:3.5129 train_time:1031522ms step_avg:629.75ms
step:1649/3242 train_loss:3.4920 train_time:1032152ms step_avg:629.74ms
step:1650/3242 train_loss:3.4264 train_time:1032779ms step_avg:629.74ms
step:1651/3242 train_loss:3.4115 train_time:1033409ms step_avg:629.74ms
step:1652/3242 train_loss:3.4596 train_time:1034039ms step_avg:629.74ms
step:1653/3242 train_loss:3.4823 train_time:1034668ms step_avg:629.74ms
step:1654/3242 train_loss:3.6954 train_time:1035298ms step_avg:629.74ms
step:1655/3242 train_loss:3.3788 train_time:1035924ms step_avg:629.74ms
step:1656/3242 train_loss:3.4166 train_time:1036551ms step_avg:629.74ms
step:1657/3242 train_loss:3.4810 train_time:1037179ms step_avg:629.74ms
step:1658/3242 train_loss:3.4592 train_time:1037807ms step_avg:629.74ms
step:1659/3242 train_loss:3.4022 train_time:1038436ms step_avg:629.74ms
step:1660/3242 train_loss:3.4220 train_time:1039063ms step_avg:629.74ms
step:1661/3242 train_loss:3.4316 train_time:1039699ms step_avg:629.74ms
step:1662/3242 train_loss:3.5309 train_time:1040320ms step_avg:629.73ms
step:1663/3242 train_loss:3.4397 train_time:1040946ms step_avg:629.73ms
step:1664/3242 train_loss:3.4609 train_time:1041576ms step_avg:629.73ms
step:1665/3242 train_loss:3.5458 train_time:1042203ms step_avg:629.73ms
step:1666/3242 train_loss:3.5100 train_time:1042835ms step_avg:629.73ms
step:1667/3242 train_loss:3.8663 train_time:1043462ms step_avg:629.73ms
step:1668/3242 train_loss:3.2905 train_time:1044090ms step_avg:629.73ms
step:1669/3242 train_loss:3.4876 train_time:1044721ms step_avg:629.73ms
step:1670/3242 train_loss:3.3526 train_time:1045349ms step_avg:629.73ms
step:1671/3242 train_loss:3.2701 train_time:1045977ms step_avg:629.73ms
step:1672/3242 train_loss:3.6127 train_time:1046607ms step_avg:629.73ms
step:1673/3242 train_loss:3.7961 train_time:1047229ms step_avg:629.72ms
step:1674/3242 train_loss:3.4197 train_time:1047862ms step_avg:629.72ms
step:1675/3242 train_loss:3.3693 train_time:1048485ms step_avg:629.72ms
step:1676/3242 train_loss:3.3859 train_time:1049113ms step_avg:629.72ms
step:1677/3242 train_loss:3.5867 train_time:1049741ms step_avg:629.72ms
step:1678/3242 train_loss:3.3982 train_time:1050368ms step_avg:629.72ms
step:1679/3242 train_loss:3.4685 train_time:1050998ms step_avg:629.72ms
step:1680/3242 train_loss:3.4799 train_time:1051627ms step_avg:629.72ms
step:1681/3242 train_loss:3.0567 train_time:1052254ms step_avg:629.72ms
step:1682/3242 train_loss:3.4623 train_time:1052881ms step_avg:629.71ms
step:1683/3242 train_loss:3.5665 train_time:1053508ms step_avg:629.71ms
step:1684/3242 train_loss:3.5473 train_time:1054139ms step_avg:629.71ms
step:1685/3242 train_loss:3.5404 train_time:1054764ms step_avg:629.71ms
step:1686/3242 train_loss:3.3917 train_time:1055397ms step_avg:629.71ms
step:1687/3242 train_loss:3.5394 train_time:1056023ms step_avg:629.71ms
step:1688/3242 train_loss:3.3959 train_time:1056652ms step_avg:629.71ms
step:1689/3242 train_loss:3.3887 train_time:1057284ms step_avg:629.71ms
step:1690/3242 train_loss:3.4516 train_time:1057913ms step_avg:629.71ms
step:1691/3242 train_loss:3.3154 train_time:1058540ms step_avg:629.71ms
step:1692/3242 train_loss:3.4951 train_time:1059169ms step_avg:629.71ms
step:1693/3242 train_loss:3.4502 train_time:1059808ms step_avg:629.71ms
step:1694/3242 train_loss:3.4040 train_time:1060428ms step_avg:629.71ms
step:1695/3242 train_loss:3.9616 train_time:1061055ms step_avg:629.71ms
step:1696/3242 train_loss:3.6438 train_time:1061683ms step_avg:629.71ms
step:1697/3242 train_loss:3.5084 train_time:1062309ms step_avg:629.70ms
step:1698/3242 train_loss:3.4229 train_time:1062934ms step_avg:629.70ms
step:1699/3242 train_loss:3.2162 train_time:1063560ms step_avg:629.70ms
step:1700/3242 train_loss:3.4697 train_time:1064187ms step_avg:629.70ms
step:1701/3242 train_loss:3.5010 train_time:1064816ms step_avg:629.70ms
step:1702/3242 train_loss:3.4769 train_time:1065443ms step_avg:629.69ms
step:1703/3242 train_loss:3.2814 train_time:1066074ms step_avg:629.70ms
step:1704/3242 train_loss:3.7426 train_time:1066702ms step_avg:629.69ms
step:1705/3242 train_loss:3.3923 train_time:1067331ms step_avg:629.69ms
step:1706/3242 train_loss:3.9449 train_time:1067959ms step_avg:629.69ms
step:1707/3242 train_loss:3.3644 train_time:1068589ms step_avg:629.69ms
step:1708/3242 train_loss:3.2469 train_time:1069216ms step_avg:629.69ms
step:1709/3242 train_loss:3.5925 train_time:1069846ms step_avg:629.69ms
step:1710/3242 train_loss:3.3562 train_time:1070850ms step_avg:629.91ms
step:1711/3242 train_loss:3.3791 train_time:1071495ms step_avg:629.92ms
step:1712/3242 train_loss:3.4461 train_time:1072125ms step_avg:629.92ms
step:1713/3242 train_loss:3.5688 train_time:1072748ms step_avg:629.92ms
step:1714/3242 train_loss:3.6869 train_time:1073382ms step_avg:629.92ms
step:1715/3242 train_loss:3.3740 train_time:1074006ms step_avg:629.92ms
step:1716/3242 train_loss:3.4683 train_time:1074636ms step_avg:629.92ms
step:1717/3242 train_loss:3.3205 train_time:1075269ms step_avg:629.92ms
step:1718/3242 train_loss:3.3653 train_time:1075903ms step_avg:629.92ms
step:1719/3242 train_loss:3.6301 train_time:1076530ms step_avg:629.92ms
step:1720/3242 train_loss:3.4114 train_time:1077157ms step_avg:629.92ms
step:1721/3242 train_loss:3.4130 train_time:1077786ms step_avg:629.92ms
step:1722/3242 train_loss:3.2851 train_time:1078410ms step_avg:629.91ms
step:1723/3242 train_loss:3.5901 train_time:1079043ms step_avg:629.91ms
step:1724/3242 train_loss:3.4306 train_time:1079680ms step_avg:629.92ms
step:1725/3242 train_loss:3.5960 train_time:1080310ms step_avg:629.92ms
step:1726/3242 train_loss:3.6051 train_time:1080934ms step_avg:629.91ms
step:1727/3242 train_loss:3.5459 train_time:1081552ms step_avg:629.91ms
step:1728/3242 train_loss:3.4518 train_time:1082187ms step_avg:629.91ms
step:1729/3242 train_loss:3.3987 train_time:1082812ms step_avg:629.91ms
step:1730/3242 train_loss:3.4306 train_time:1083445ms step_avg:629.91ms
step:1731/3242 train_loss:4.1091 train_time:1084066ms step_avg:629.90ms
step:1732/3242 train_loss:3.6118 train_time:1084696ms step_avg:629.90ms
step:1733/3242 train_loss:3.7170 train_time:1085330ms step_avg:629.91ms
step:1734/3242 train_loss:3.3305 train_time:1085962ms step_avg:629.91ms
step:1735/3242 train_loss:3.4953 train_time:1086590ms step_avg:629.91ms
step:1736/3242 train_loss:3.5066 train_time:1087218ms step_avg:629.91ms
step:1737/3242 train_loss:3.3976 train_time:1087844ms step_avg:629.90ms
step:1738/3242 train_loss:3.5173 train_time:1088471ms step_avg:629.90ms
step:1739/3242 train_loss:3.4042 train_time:1089101ms step_avg:629.90ms
step:1740/3242 train_loss:3.4476 train_time:1089733ms step_avg:629.90ms
step:1741/3242 train_loss:3.6787 train_time:1090362ms step_avg:629.90ms
step:1742/3242 train_loss:3.3317 train_time:1090984ms step_avg:629.90ms
step:1743/3242 train_loss:3.2319 train_time:1091607ms step_avg:629.89ms
step:1744/3242 train_loss:2.9121 train_time:1092243ms step_avg:629.90ms
step:1745/3242 train_loss:3.4695 train_time:1092873ms step_avg:629.90ms
step:1746/3242 train_loss:3.4506 train_time:1093500ms step_avg:629.90ms
step:1747/3242 train_loss:3.4329 train_time:1094129ms step_avg:629.90ms
step:1748/3242 train_loss:3.4409 train_time:1094756ms step_avg:629.89ms
step:1749/3242 train_loss:3.8991 train_time:1095392ms step_avg:629.90ms
step:1750/3242 train_loss:3.4809 train_time:1096016ms step_avg:629.89ms
step:1750/3242 val_loss:3.4642 train_time:1096392ms step_avg:630.11ms
step:1751/3242 train_loss:3.4106 train_time:1096644ms step_avg:629.89ms
step:1752/3242 train_loss:3.4393 train_time:1097272ms step_avg:629.89ms
step:1753/3242 train_loss:3.3384 train_time:1097897ms step_avg:629.89ms
step:1754/3242 train_loss:2.9863 train_time:1098522ms step_avg:629.89ms
step:1755/3242 train_loss:3.2720 train_time:1099164ms step_avg:629.89ms
step:1756/3242 train_loss:3.2438 train_time:1099784ms step_avg:629.89ms
step:1757/3242 train_loss:3.3930 train_time:1100413ms step_avg:629.89ms
step:1758/3242 train_loss:3.3774 train_time:1101042ms step_avg:629.89ms
step:1759/3242 train_loss:3.3388 train_time:1101670ms step_avg:629.89ms
step:1760/3242 train_loss:5.3577 train_time:1102299ms step_avg:629.88ms
step:1761/3242 train_loss:3.5067 train_time:1102925ms step_avg:629.88ms
step:1762/3242 train_loss:3.5275 train_time:1103559ms step_avg:629.89ms
step:1763/3242 train_loss:3.4877 train_time:1104187ms step_avg:629.88ms
step:1764/3242 train_loss:3.4737 train_time:1104815ms step_avg:629.88ms
step:1765/3242 train_loss:3.3744 train_time:1105443ms step_avg:629.88ms
step:1766/3242 train_loss:3.4983 train_time:1106071ms step_avg:629.88ms
step:1767/3242 train_loss:3.5984 train_time:1106701ms step_avg:629.88ms
step:1768/3242 train_loss:3.5349 train_time:1107325ms step_avg:629.88ms
step:1769/3242 train_loss:3.5347 train_time:1107955ms step_avg:629.88ms
step:1770/3242 train_loss:3.4772 train_time:1108582ms step_avg:629.88ms
step:1771/3242 train_loss:4.0055 train_time:1109210ms step_avg:629.88ms
step:1772/3242 train_loss:3.3668 train_time:1109838ms step_avg:629.87ms
step:1773/3242 train_loss:3.3661 train_time:1110466ms step_avg:629.87ms
step:1774/3242 train_loss:3.7039 train_time:1111094ms step_avg:629.87ms
step:1775/3242 train_loss:3.2400 train_time:1111720ms step_avg:629.87ms
step:1776/3242 train_loss:3.5350 train_time:1112355ms step_avg:629.87ms
step:1777/3242 train_loss:3.3910 train_time:1112979ms step_avg:629.87ms
step:1778/3242 train_loss:3.8370 train_time:1113612ms step_avg:629.87ms
step:1779/3242 train_loss:3.5714 train_time:1114237ms step_avg:629.87ms
step:1780/3242 train_loss:3.4433 train_time:1114864ms step_avg:629.87ms
step:1781/3242 train_loss:3.5491 train_time:1115493ms step_avg:629.87ms
step:1782/3242 train_loss:3.4683 train_time:1116119ms step_avg:629.86ms
step:1783/3242 train_loss:3.2371 train_time:1116745ms step_avg:629.86ms
step:1784/3242 train_loss:3.5170 train_time:1117373ms step_avg:629.86ms
step:1785/3242 train_loss:3.5542 train_time:1118001ms step_avg:629.86ms
step:1786/3242 train_loss:3.4738 train_time:1118635ms step_avg:629.86ms
step:1787/3242 train_loss:3.6368 train_time:1119262ms step_avg:629.86ms
step:1788/3242 train_loss:3.3977 train_time:1119894ms step_avg:629.86ms
step:1789/3242 train_loss:3.4436 train_time:1120526ms step_avg:629.86ms
step:1790/3242 train_loss:3.5590 train_time:1121152ms step_avg:629.86ms
step:1791/3242 train_loss:3.4895 train_time:1121785ms step_avg:629.86ms
step:1792/3242 train_loss:3.4747 train_time:1122419ms step_avg:629.86ms
step:1793/3242 train_loss:3.4133 train_time:1123037ms step_avg:629.86ms
step:1794/3242 train_loss:3.2989 train_time:1123666ms step_avg:629.86ms
step:1795/3242 train_loss:3.3643 train_time:1124298ms step_avg:629.86ms
step:1796/3242 train_loss:3.3426 train_time:1124927ms step_avg:629.86ms
step:1797/3242 train_loss:3.5711 train_time:1125556ms step_avg:629.86ms
step:1798/3242 train_loss:3.4764 train_time:1126183ms step_avg:629.86ms
step:1799/3242 train_loss:3.4091 train_time:1126806ms step_avg:629.85ms
step:1800/3242 train_loss:3.4819 train_time:1127434ms step_avg:629.85ms
step:1801/3242 train_loss:3.4971 train_time:1128063ms step_avg:629.85ms
step:1802/3242 train_loss:3.4803 train_time:1128691ms step_avg:629.85ms
step:1803/3242 train_loss:3.3745 train_time:1129319ms step_avg:629.85ms
step:1804/3242 train_loss:3.3657 train_time:1129944ms step_avg:629.85ms
step:1805/3242 train_loss:3.6202 train_time:1130571ms step_avg:629.84ms
step:1806/3242 train_loss:3.4783 train_time:1131201ms step_avg:629.84ms
step:1807/3242 train_loss:3.5573 train_time:1131831ms step_avg:629.84ms
step:1808/3242 train_loss:3.5778 train_time:1132459ms step_avg:629.84ms
step:1809/3242 train_loss:3.3595 train_time:1133097ms step_avg:629.85ms
step:1810/3242 train_loss:3.5431 train_time:1133727ms step_avg:629.85ms
step:1811/3242 train_loss:3.5726 train_time:1134356ms step_avg:629.85ms
step:1812/3242 train_loss:3.4598 train_time:1134978ms step_avg:629.84ms
step:1813/3242 train_loss:3.4138 train_time:1135606ms step_avg:629.84ms
step:1814/3242 train_loss:3.4332 train_time:1136238ms step_avg:629.84ms
step:1815/3242 train_loss:3.5006 train_time:1136867ms step_avg:629.84ms
step:1816/3242 train_loss:3.5678 train_time:1137501ms step_avg:629.85ms
step:1817/3242 train_loss:3.4468 train_time:1138121ms step_avg:629.84ms
step:1818/3242 train_loss:3.6184 train_time:1138747ms step_avg:629.84ms
step:1819/3242 train_loss:3.4023 train_time:1139381ms step_avg:629.84ms
step:1820/3242 train_loss:3.4772 train_time:1140008ms step_avg:629.84ms
step:1821/3242 train_loss:3.3612 train_time:1140644ms step_avg:629.84ms
step:1822/3242 train_loss:3.1795 train_time:1141267ms step_avg:629.84ms
step:1823/3242 train_loss:3.2400 train_time:1141891ms step_avg:629.84ms
step:1824/3242 train_loss:3.4011 train_time:1142524ms step_avg:629.84ms
step:1825/3242 train_loss:3.5157 train_time:1143152ms step_avg:629.84ms
step:1826/3242 train_loss:3.4604 train_time:1143780ms step_avg:629.83ms
step:1827/3242 train_loss:3.4597 train_time:1144409ms step_avg:629.83ms
step:1828/3242 train_loss:3.4326 train_time:1145036ms step_avg:629.83ms
step:1829/3242 train_loss:3.4294 train_time:1145665ms step_avg:629.83ms
step:1830/3242 train_loss:3.5373 train_time:1146293ms step_avg:629.83ms
step:1831/3242 train_loss:3.1929 train_time:1146925ms step_avg:629.83ms
step:1832/3242 train_loss:3.4326 train_time:1147553ms step_avg:629.83ms
step:1833/3242 train_loss:3.4184 train_time:1148184ms step_avg:629.83ms
step:1834/3242 train_loss:3.9886 train_time:1148806ms step_avg:629.83ms
step:1835/3242 train_loss:3.4944 train_time:1149435ms step_avg:629.83ms
step:1836/3242 train_loss:3.4860 train_time:1150062ms step_avg:629.83ms
step:1837/3242 train_loss:3.7440 train_time:1150697ms step_avg:629.83ms
step:1838/3242 train_loss:3.4644 train_time:1151320ms step_avg:629.82ms
step:1839/3242 train_loss:3.3334 train_time:1151945ms step_avg:629.82ms
step:1840/3242 train_loss:3.4168 train_time:1152573ms step_avg:629.82ms
step:1841/3242 train_loss:3.3312 train_time:1153207ms step_avg:629.82ms
step:1842/3242 train_loss:3.4536 train_time:1153832ms step_avg:629.82ms
step:1843/3242 train_loss:3.5100 train_time:1154466ms step_avg:629.82ms
step:1844/3242 train_loss:3.4339 train_time:1155092ms step_avg:629.82ms
step:1845/3242 train_loss:3.4525 train_time:1155724ms step_avg:629.82ms
step:1846/3242 train_loss:3.4212 train_time:1156355ms step_avg:629.82ms
step:1847/3242 train_loss:3.4474 train_time:1156983ms step_avg:629.82ms
step:1848/3242 train_loss:3.3322 train_time:1157612ms step_avg:629.82ms
step:1849/3242 train_loss:3.7017 train_time:1158233ms step_avg:629.82ms
step:1850/3242 train_loss:3.3511 train_time:1158861ms step_avg:629.82ms
step:1851/3242 train_loss:3.4621 train_time:1159495ms step_avg:629.82ms
step:1852/3242 train_loss:3.3013 train_time:1160123ms step_avg:629.82ms
step:1853/3242 train_loss:3.5112 train_time:1160752ms step_avg:629.82ms
step:1854/3242 train_loss:3.5533 train_time:1161380ms step_avg:629.82ms
step:1855/3242 train_loss:3.4412 train_time:1162010ms step_avg:629.82ms
step:1856/3242 train_loss:3.4181 train_time:1162638ms step_avg:629.81ms
step:1857/3242 train_loss:3.5040 train_time:1163264ms step_avg:629.81ms
step:1858/3242 train_loss:3.5483 train_time:1163885ms step_avg:629.81ms
step:1859/3242 train_loss:3.3581 train_time:1164514ms step_avg:629.81ms
step:1860/3242 train_loss:3.4573 train_time:1165141ms step_avg:629.81ms
step:1861/3242 train_loss:3.4307 train_time:1165771ms step_avg:629.81ms
step:1862/3242 train_loss:3.4007 train_time:1166398ms step_avg:629.80ms
step:1863/3242 train_loss:3.3663 train_time:1167040ms step_avg:629.81ms
step:1864/3242 train_loss:3.4812 train_time:1167662ms step_avg:629.81ms
step:1865/3242 train_loss:3.6003 train_time:1168291ms step_avg:629.81ms
step:1866/3242 train_loss:3.2221 train_time:1168917ms step_avg:629.80ms
step:1867/3242 train_loss:3.4190 train_time:1169538ms step_avg:629.80ms
step:1868/3242 train_loss:3.3651 train_time:1170172ms step_avg:629.80ms
step:1869/3242 train_loss:3.1857 train_time:1170800ms step_avg:629.80ms
step:1870/3242 train_loss:3.4894 train_time:1171429ms step_avg:629.80ms
step:1871/3242 train_loss:3.4620 train_time:1172056ms step_avg:629.80ms
step:1872/3242 train_loss:3.4094 train_time:1172684ms step_avg:629.80ms
step:1873/3242 train_loss:3.5253 train_time:1173312ms step_avg:629.80ms
step:1874/3242 train_loss:3.3364 train_time:1173941ms step_avg:629.80ms
step:1875/3242 train_loss:3.6033 train_time:1174564ms step_avg:629.79ms
step:1875/3242 val_loss:3.4505 train_time:1174948ms step_avg:630.00ms
step:1876/3242 train_loss:3.4321 train_time:1175192ms step_avg:629.79ms
step:1877/3242 train_loss:3.4053 train_time:1175819ms step_avg:629.79ms
step:1878/3242 train_loss:3.5667 train_time:1176451ms step_avg:629.79ms
step:1879/3242 train_loss:3.5501 train_time:1177081ms step_avg:629.79ms
step:1880/3242 train_loss:3.4141 train_time:1177713ms step_avg:629.79ms
step:1881/3242 train_loss:3.4425 train_time:1178340ms step_avg:629.79ms
step:1882/3242 train_loss:3.3619 train_time:1178972ms step_avg:629.79ms
step:1883/3242 train_loss:3.5881 train_time:1179597ms step_avg:629.79ms
step:1884/3242 train_loss:3.4197 train_time:1180227ms step_avg:629.79ms
step:1885/3242 train_loss:2.9343 train_time:1180856ms step_avg:629.79ms
step:1886/3242 train_loss:3.7534 train_time:1181480ms step_avg:629.79ms
step:1887/3242 train_loss:3.3804 train_time:1182107ms step_avg:629.79ms
step:1888/3242 train_loss:3.2969 train_time:1182745ms step_avg:629.79ms
step:1889/3242 train_loss:3.4696 train_time:1183380ms step_avg:629.79ms
step:1890/3242 train_loss:3.5149 train_time:1183997ms step_avg:629.79ms
step:1891/3242 train_loss:3.2822 train_time:1184625ms step_avg:629.78ms
step:1892/3242 train_loss:3.7132 train_time:1185251ms step_avg:629.78ms
step:1893/3242 train_loss:3.3454 train_time:1185887ms step_avg:629.79ms
step:1894/3242 train_loss:3.3960 train_time:1186515ms step_avg:629.78ms
step:1895/3242 train_loss:3.5358 train_time:1187141ms step_avg:629.78ms
step:1896/3242 train_loss:3.2827 train_time:1187772ms step_avg:629.78ms
step:1897/3242 train_loss:3.4640 train_time:1188400ms step_avg:629.78ms
step:1898/3242 train_loss:3.5301 train_time:1189028ms step_avg:629.78ms
step:1899/3242 train_loss:3.5508 train_time:1189657ms step_avg:629.78ms
step:1900/3242 train_loss:3.3843 train_time:1190676ms step_avg:629.99ms
step:1901/3242 train_loss:3.5574 train_time:1191301ms step_avg:629.98ms
step:1902/3242 train_loss:3.3811 train_time:1191930ms step_avg:629.98ms
step:1903/3242 train_loss:3.4926 train_time:1192558ms step_avg:629.98ms
step:1904/3242 train_loss:3.3822 train_time:1193183ms step_avg:629.98ms
step:1905/3242 train_loss:3.5985 train_time:1193819ms step_avg:629.98ms
step:1906/3242 train_loss:3.4488 train_time:1194446ms step_avg:629.98ms
step:1907/3242 train_loss:3.4743 train_time:1195079ms step_avg:629.98ms
step:1908/3242 train_loss:3.4950 train_time:1195703ms step_avg:629.98ms
step:1909/3242 train_loss:3.2760 train_time:1196335ms step_avg:629.98ms
step:1910/3242 train_loss:3.4441 train_time:1196961ms step_avg:629.98ms
step:1911/3242 train_loss:3.5109 train_time:1197598ms step_avg:629.98ms
step:1912/3242 train_loss:3.4278 train_time:1198224ms step_avg:629.98ms
step:1913/3242 train_loss:3.3960 train_time:1198861ms step_avg:629.98ms
step:1914/3242 train_loss:2.9357 train_time:1199489ms step_avg:629.98ms
step:1915/3242 train_loss:3.3421 train_time:1200105ms step_avg:629.98ms
step:1916/3242 train_loss:3.5581 train_time:1200732ms step_avg:629.97ms
step:1917/3242 train_loss:3.6225 train_time:1201358ms step_avg:629.97ms
step:1918/3242 train_loss:3.4623 train_time:1201984ms step_avg:629.97ms
step:1919/3242 train_loss:3.4252 train_time:1202618ms step_avg:629.97ms
step:1920/3242 train_loss:3.6826 train_time:1203248ms step_avg:629.97ms
step:1921/3242 train_loss:3.3818 train_time:1203879ms step_avg:629.97ms
step:1922/3242 train_loss:3.4461 train_time:1204501ms step_avg:629.97ms
step:1923/3242 train_loss:3.4627 train_time:1205139ms step_avg:629.97ms
step:1924/3242 train_loss:3.5233 train_time:1205770ms step_avg:629.97ms
step:1925/3242 train_loss:3.1658 train_time:1206392ms step_avg:629.97ms
step:1926/3242 train_loss:3.3345 train_time:1207022ms step_avg:629.97ms
step:1927/3242 train_loss:3.2891 train_time:1207649ms step_avg:629.97ms
step:1928/3242 train_loss:3.3818 train_time:1208275ms step_avg:629.97ms
step:1929/3242 train_loss:3.1539 train_time:1208894ms step_avg:629.96ms
step:1930/3242 train_loss:3.3720 train_time:1209520ms step_avg:629.96ms
step:1931/3242 train_loss:3.6268 train_time:1210147ms step_avg:629.96ms
step:1932/3242 train_loss:3.4785 train_time:1210784ms step_avg:629.96ms
step:1933/3242 train_loss:3.5773 train_time:1211407ms step_avg:629.96ms
step:1934/3242 train_loss:3.4080 train_time:1212034ms step_avg:629.96ms
step:1935/3242 train_loss:3.4056 train_time:1212666ms step_avg:629.96ms
step:1936/3242 train_loss:3.4875 train_time:1213292ms step_avg:629.95ms
step:1937/3242 train_loss:3.4149 train_time:1213919ms step_avg:629.95ms
step:1938/3242 train_loss:3.5185 train_time:1214547ms step_avg:629.95ms
step:1939/3242 train_loss:3.3758 train_time:1215174ms step_avg:629.95ms
step:1940/3242 train_loss:3.5524 train_time:1215801ms step_avg:629.95ms
step:1941/3242 train_loss:3.6930 train_time:1216429ms step_avg:629.95ms
step:1942/3242 train_loss:3.4652 train_time:1217062ms step_avg:629.95ms
step:1943/3242 train_loss:3.4090 train_time:1217699ms step_avg:629.95ms
step:1944/3242 train_loss:3.6231 train_time:1218319ms step_avg:629.95ms
step:1945/3242 train_loss:3.3048 train_time:1218952ms step_avg:629.95ms
step:1946/3242 train_loss:3.4818 train_time:1219578ms step_avg:629.95ms
step:1947/3242 train_loss:3.4549 train_time:1220202ms step_avg:629.94ms
step:1948/3242 train_loss:3.3412 train_time:1220829ms step_avg:629.94ms
step:1949/3242 train_loss:3.3812 train_time:1221458ms step_avg:629.94ms
step:1950/3242 train_loss:3.3309 train_time:1222085ms step_avg:629.94ms
step:1951/3242 train_loss:3.3643 train_time:1222711ms step_avg:629.94ms
step:1952/3242 train_loss:3.3622 train_time:1223346ms step_avg:629.94ms
step:1953/3242 train_loss:3.5840 train_time:1223972ms step_avg:629.94ms
step:1954/3242 train_loss:3.5721 train_time:1224602ms step_avg:629.94ms
step:1955/3242 train_loss:3.4224 train_time:1225226ms step_avg:629.94ms
step:1956/3242 train_loss:3.3057 train_time:1225858ms step_avg:629.94ms
step:1957/3242 train_loss:3.2581 train_time:1226489ms step_avg:629.94ms
step:1958/3242 train_loss:3.6760 train_time:1227116ms step_avg:629.94ms
step:1959/3242 train_loss:3.4557 train_time:1227745ms step_avg:629.94ms
step:1960/3242 train_loss:3.5764 train_time:1228374ms step_avg:629.94ms
step:1961/3242 train_loss:3.3474 train_time:1228998ms step_avg:629.93ms
step:1962/3242 train_loss:3.5265 train_time:1229632ms step_avg:629.93ms
step:1963/3242 train_loss:3.5247 train_time:1230257ms step_avg:629.93ms
step:1964/3242 train_loss:3.4550 train_time:1230890ms step_avg:629.93ms
step:1965/3242 train_loss:3.3819 train_time:1231513ms step_avg:629.93ms
step:1966/3242 train_loss:3.6442 train_time:1232140ms step_avg:629.93ms
step:1967/3242 train_loss:3.3650 train_time:1232768ms step_avg:629.93ms
step:1968/3242 train_loss:3.4020 train_time:1233396ms step_avg:629.93ms
step:1969/3242 train_loss:3.4745 train_time:1234022ms step_avg:629.92ms
step:1970/3242 train_loss:3.2900 train_time:1234649ms step_avg:629.92ms
step:1971/3242 train_loss:3.0727 train_time:1235279ms step_avg:629.92ms
step:1972/3242 train_loss:3.1295 train_time:1235906ms step_avg:629.92ms
step:1973/3242 train_loss:3.4397 train_time:1236535ms step_avg:629.92ms
step:1974/3242 train_loss:3.3524 train_time:1237164ms step_avg:629.92ms
step:1975/3242 train_loss:3.2551 train_time:1237794ms step_avg:629.92ms
step:1976/3242 train_loss:3.5251 train_time:1238419ms step_avg:629.92ms
step:1977/3242 train_loss:3.3791 train_time:1239049ms step_avg:629.92ms
step:1978/3242 train_loss:3.9703 train_time:1239676ms step_avg:629.92ms
step:1979/3242 train_loss:3.3987 train_time:1240305ms step_avg:629.92ms
step:1980/3242 train_loss:3.4275 train_time:1240932ms step_avg:629.91ms
step:1981/3242 train_loss:3.4459 train_time:1241560ms step_avg:629.91ms
step:1982/3242 train_loss:3.4882 train_time:1242187ms step_avg:629.91ms
step:1983/3242 train_loss:3.4416 train_time:1242824ms step_avg:629.92ms
step:1984/3242 train_loss:3.3239 train_time:1243449ms step_avg:629.91ms
step:1985/3242 train_loss:3.5240 train_time:1244085ms step_avg:629.92ms
step:1986/3242 train_loss:3.5747 train_time:1244709ms step_avg:629.91ms
step:1987/3242 train_loss:3.3295 train_time:1245347ms step_avg:629.92ms
step:1988/3242 train_loss:3.4080 train_time:1245972ms step_avg:629.92ms
step:1989/3242 train_loss:3.4713 train_time:1246596ms step_avg:629.91ms
step:1990/3242 train_loss:3.5467 train_time:1247225ms step_avg:629.91ms
step:1991/3242 train_loss:3.3427 train_time:1247858ms step_avg:629.91ms
step:1992/3242 train_loss:3.3052 train_time:1248495ms step_avg:629.92ms
step:1993/3242 train_loss:3.6440 train_time:1249121ms step_avg:629.91ms
step:1994/3242 train_loss:3.3463 train_time:1249750ms step_avg:629.91ms
step:1995/3242 train_loss:3.3818 train_time:1250377ms step_avg:629.91ms
step:1996/3242 train_loss:3.4528 train_time:1250994ms step_avg:629.91ms
step:1997/3242 train_loss:3.3837 train_time:1251617ms step_avg:629.90ms
step:1998/3242 train_loss:3.3527 train_time:1252247ms step_avg:629.90ms
step:1999/3242 train_loss:3.3488 train_time:1252877ms step_avg:629.90ms
step:2000/3242 train_loss:3.4259 train_time:1253508ms step_avg:629.90ms
step:2000/3242 val_loss:3.4372 train_time:1253888ms step_avg:630.09ms
step:2001/3242 train_loss:3.5386 train_time:1254138ms step_avg:629.90ms
step:2002/3242 train_loss:3.4502 train_time:1254767ms step_avg:629.90ms
step:2003/3242 train_loss:3.8015 train_time:1255393ms step_avg:629.90ms
step:2004/3242 train_loss:3.5110 train_time:1256019ms step_avg:629.90ms
step:2005/3242 train_loss:3.3398 train_time:1256648ms step_avg:629.90ms
step:2006/3242 train_loss:3.4053 train_time:1257283ms step_avg:629.90ms
step:2007/3242 train_loss:3.2362 train_time:1257911ms step_avg:629.90ms
step:2008/3242 train_loss:3.5436 train_time:1258546ms step_avg:629.90ms
step:2009/3242 train_loss:3.4541 train_time:1259171ms step_avg:629.90ms
step:2010/3242 train_loss:3.4237 train_time:1259801ms step_avg:629.90ms
step:2011/3242 train_loss:3.4714 train_time:1260427ms step_avg:629.90ms
step:2012/3242 train_loss:3.5125 train_time:1261050ms step_avg:629.90ms
step:2013/3242 train_loss:3.3499 train_time:1261684ms step_avg:629.90ms
step:2014/3242 train_loss:3.4436 train_time:1262316ms step_avg:629.90ms
step:2015/3242 train_loss:3.3916 train_time:1262935ms step_avg:629.89ms
step:2016/3242 train_loss:3.3808 train_time:1263566ms step_avg:629.89ms
step:2017/3242 train_loss:3.6866 train_time:1264191ms step_avg:629.89ms
step:2018/3242 train_loss:3.3619 train_time:1264821ms step_avg:629.89ms
step:2019/3242 train_loss:3.6349 train_time:1265450ms step_avg:629.89ms
step:2020/3242 train_loss:3.4022 train_time:1266079ms step_avg:629.89ms
step:2021/3242 train_loss:3.1289 train_time:1266702ms step_avg:629.89ms
step:2022/3242 train_loss:3.3902 train_time:1267330ms step_avg:629.89ms
step:2023/3242 train_loss:3.3894 train_time:1267966ms step_avg:629.89ms
step:2024/3242 train_loss:3.4660 train_time:1268590ms step_avg:629.89ms
step:2025/3242 train_loss:3.5721 train_time:1269217ms step_avg:629.88ms
step:2026/3242 train_loss:3.3850 train_time:1269844ms step_avg:629.88ms
step:2027/3242 train_loss:2.8448 train_time:1270471ms step_avg:629.88ms
step:2028/3242 train_loss:3.3418 train_time:1271103ms step_avg:629.88ms
step:2029/3242 train_loss:3.5156 train_time:1271731ms step_avg:629.88ms
step:2030/3242 train_loss:3.3826 train_time:1272355ms step_avg:629.88ms
step:2031/3242 train_loss:3.4855 train_time:1272988ms step_avg:629.88ms
step:2032/3242 train_loss:3.2695 train_time:1273610ms step_avg:629.88ms
step:2033/3242 train_loss:3.4967 train_time:1274244ms step_avg:629.88ms
step:2034/3242 train_loss:3.3065 train_time:1274879ms step_avg:629.88ms
step:2035/3242 train_loss:3.4851 train_time:1275495ms step_avg:629.87ms
step:2036/3242 train_loss:3.5086 train_time:1276128ms step_avg:629.88ms
step:2037/3242 train_loss:3.5233 train_time:1276756ms step_avg:629.87ms
step:2038/3242 train_loss:3.3182 train_time:1277378ms step_avg:629.87ms
step:2039/3242 train_loss:3.6577 train_time:1278009ms step_avg:629.87ms
step:2040/3242 train_loss:3.4830 train_time:1278637ms step_avg:629.87ms
step:2041/3242 train_loss:3.5334 train_time:1279263ms step_avg:629.87ms
step:2042/3242 train_loss:3.3491 train_time:1279892ms step_avg:629.87ms
step:2043/3242 train_loss:3.4245 train_time:1280521ms step_avg:629.87ms
step:2044/3242 train_loss:3.4936 train_time:1281155ms step_avg:629.87ms
step:2045/3242 train_loss:3.4588 train_time:1281787ms step_avg:629.87ms
step:2046/3242 train_loss:3.2069 train_time:1282429ms step_avg:629.88ms
step:2047/3242 train_loss:3.2850 train_time:1283053ms step_avg:629.87ms
step:2048/3242 train_loss:3.4479 train_time:1283680ms step_avg:629.87ms
step:2049/3242 train_loss:3.3648 train_time:1284305ms step_avg:629.87ms
step:2050/3242 train_loss:3.2885 train_time:1284933ms step_avg:629.87ms
step:2051/3242 train_loss:3.5522 train_time:1285573ms step_avg:629.87ms
step:2052/3242 train_loss:3.4811 train_time:1286194ms step_avg:629.87ms
step:2053/3242 train_loss:3.4009 train_time:1286806ms step_avg:629.86ms
step:2054/3242 train_loss:3.4144 train_time:1287441ms step_avg:629.86ms
step:2055/3242 train_loss:3.4570 train_time:1288071ms step_avg:629.86ms
step:2056/3242 train_loss:3.3805 train_time:1288693ms step_avg:629.86ms
step:2057/3242 train_loss:3.7182 train_time:1289320ms step_avg:629.86ms
step:2058/3242 train_loss:3.6399 train_time:1289947ms step_avg:629.86ms
step:2059/3242 train_loss:3.4036 train_time:1290583ms step_avg:629.86ms
step:2060/3242 train_loss:3.5393 train_time:1291219ms step_avg:629.86ms
step:2061/3242 train_loss:3.5032 train_time:1291854ms step_avg:629.87ms
step:2062/3242 train_loss:3.5069 train_time:1292484ms step_avg:629.87ms
step:2063/3242 train_loss:3.4434 train_time:1293094ms step_avg:629.86ms
step:2064/3242 train_loss:3.7396 train_time:1293725ms step_avg:629.86ms
step:2065/3242 train_loss:3.4791 train_time:1294351ms step_avg:629.85ms
step:2066/3242 train_loss:3.5599 train_time:1294976ms step_avg:629.85ms
step:2067/3242 train_loss:3.3827 train_time:1295616ms step_avg:629.86ms
step:2068/3242 train_loss:3.3276 train_time:1296231ms step_avg:629.85ms
step:2069/3242 train_loss:3.3763 train_time:1296860ms step_avg:629.85ms
step:2070/3242 train_loss:3.6381 train_time:1297492ms step_avg:629.85ms
step:2071/3242 train_loss:3.5870 train_time:1298124ms step_avg:629.85ms
step:2072/3242 train_loss:3.4812 train_time:1298755ms step_avg:629.85ms
step:2073/3242 train_loss:3.4418 train_time:1299375ms step_avg:629.85ms
step:2074/3242 train_loss:3.4638 train_time:1300007ms step_avg:629.85ms
step:2075/3242 train_loss:3.4501 train_time:1300636ms step_avg:629.85ms
step:2076/3242 train_loss:3.1870 train_time:1301264ms step_avg:629.85ms
step:2077/3242 train_loss:3.5900 train_time:1301900ms step_avg:629.85ms
step:2078/3242 train_loss:3.2660 train_time:1302530ms step_avg:629.85ms
step:2079/3242 train_loss:3.2681 train_time:1303160ms step_avg:629.85ms
step:2080/3242 train_loss:3.3497 train_time:1303777ms step_avg:629.84ms
step:2081/3242 train_loss:3.4157 train_time:1304409ms step_avg:629.85ms
step:2082/3242 train_loss:3.2903 train_time:1305036ms step_avg:629.84ms
step:2083/3242 train_loss:3.5328 train_time:1305663ms step_avg:629.84ms
step:2084/3242 train_loss:3.3367 train_time:1306291ms step_avg:629.84ms
step:2085/3242 train_loss:3.2834 train_time:1306920ms step_avg:629.84ms
step:2086/3242 train_loss:3.4556 train_time:1307547ms step_avg:629.84ms
step:2087/3242 train_loss:3.5113 train_time:1308175ms step_avg:629.84ms
step:2088/3242 train_loss:3.4430 train_time:1308805ms step_avg:629.84ms
step:2089/3242 train_loss:3.6972 train_time:1309427ms step_avg:629.83ms
step:2090/3242 train_loss:3.5446 train_time:1310420ms step_avg:630.01ms
step:2091/3242 train_loss:3.5484 train_time:1311047ms step_avg:630.01ms
step:2092/3242 train_loss:3.3223 train_time:1311679ms step_avg:630.01ms
step:2093/3242 train_loss:3.4625 train_time:1312302ms step_avg:630.01ms
step:2094/3242 train_loss:3.4086 train_time:1312925ms step_avg:630.00ms
step:2095/3242 train_loss:2.9842 train_time:1313553ms step_avg:630.00ms
step:2096/3242 train_loss:3.3758 train_time:1314184ms step_avg:630.00ms
step:2097/3242 train_loss:3.5580 train_time:1314807ms step_avg:630.00ms
step:2098/3242 train_loss:3.4053 train_time:1315441ms step_avg:630.00ms
step:2099/3242 train_loss:3.2350 train_time:1316078ms step_avg:630.00ms
step:2100/3242 train_loss:3.3664 train_time:1316701ms step_avg:630.00ms
step:2101/3242 train_loss:3.3555 train_time:1317330ms step_avg:630.00ms
step:2102/3242 train_loss:3.5990 train_time:1317959ms step_avg:630.00ms
step:2103/3242 train_loss:3.3400 train_time:1318590ms step_avg:630.00ms
step:2104/3242 train_loss:3.3740 train_time:1319218ms step_avg:630.00ms
step:2105/3242 train_loss:3.6981 train_time:1319839ms step_avg:629.99ms
step:2106/3242 train_loss:3.1986 train_time:1320464ms step_avg:629.99ms
step:2107/3242 train_loss:3.7837 train_time:1321094ms step_avg:629.99ms
step:2108/3242 train_loss:3.3245 train_time:1321721ms step_avg:629.99ms
step:2109/3242 train_loss:3.4621 train_time:1322352ms step_avg:629.99ms
step:2110/3242 train_loss:3.5699 train_time:1322991ms step_avg:630.00ms
step:2111/3242 train_loss:3.2759 train_time:1323617ms step_avg:629.99ms
step:2112/3242 train_loss:3.5855 train_time:1324244ms step_avg:629.99ms
step:2113/3242 train_loss:3.5002 train_time:1324869ms step_avg:629.99ms
step:2114/3242 train_loss:3.4742 train_time:1325500ms step_avg:629.99ms
step:2115/3242 train_loss:3.3855 train_time:1326135ms step_avg:629.99ms
step:2116/3242 train_loss:3.4854 train_time:1326757ms step_avg:629.99ms
step:2117/3242 train_loss:3.3481 train_time:1327389ms step_avg:629.99ms
step:2118/3242 train_loss:3.5086 train_time:1328011ms step_avg:629.99ms
step:2119/3242 train_loss:3.3928 train_time:1328638ms step_avg:629.98ms
step:2120/3242 train_loss:3.3855 train_time:1329275ms step_avg:629.99ms
step:2121/3242 train_loss:3.2800 train_time:1329895ms step_avg:629.98ms
step:2122/3242 train_loss:3.4367 train_time:1330523ms step_avg:629.98ms
step:2123/3242 train_loss:3.5010 train_time:1331152ms step_avg:629.98ms
step:2124/3242 train_loss:3.3956 train_time:1331788ms step_avg:629.98ms
step:2125/3242 train_loss:3.4146 train_time:1332415ms step_avg:629.98ms
step:2125/3242 val_loss:3.4258 train_time:1332789ms step_avg:630.16ms
step:2126/3242 train_loss:3.3376 train_time:1333055ms step_avg:629.99ms
step:2127/3242 train_loss:3.5293 train_time:1333674ms step_avg:629.98ms
step:2128/3242 train_loss:3.4452 train_time:1334297ms step_avg:629.98ms
step:2129/3242 train_loss:3.4953 train_time:1334927ms step_avg:629.98ms
step:2130/3242 train_loss:3.3520 train_time:1335554ms step_avg:629.98ms
step:2131/3242 train_loss:3.3182 train_time:1336184ms step_avg:629.98ms
step:2132/3242 train_loss:3.5811 train_time:1336811ms step_avg:629.98ms
step:2133/3242 train_loss:3.5019 train_time:1337439ms step_avg:629.98ms
step:2134/3242 train_loss:3.2717 train_time:1338068ms step_avg:629.98ms
step:2135/3242 train_loss:3.4498 train_time:1338693ms step_avg:629.97ms
step:2136/3242 train_loss:3.3870 train_time:1339326ms step_avg:629.97ms
step:2137/3242 train_loss:3.5782 train_time:1339954ms step_avg:629.97ms
step:2138/3242 train_loss:3.3110 train_time:1340578ms step_avg:629.97ms
step:2139/3242 train_loss:3.3898 train_time:1341205ms step_avg:629.97ms
step:2140/3242 train_loss:3.4971 train_time:1341833ms step_avg:629.97ms
step:2141/3242 train_loss:3.6968 train_time:1342465ms step_avg:629.97ms
step:2142/3242 train_loss:4.1899 train_time:1343092ms step_avg:629.97ms
step:2143/3242 train_loss:3.3968 train_time:1343721ms step_avg:629.97ms
step:2144/3242 train_loss:3.2170 train_time:1344343ms step_avg:629.96ms
step:2145/3242 train_loss:3.4567 train_time:1344971ms step_avg:629.96ms
step:2146/3242 train_loss:3.6205 train_time:1345599ms step_avg:629.96ms
step:2147/3242 train_loss:3.4505 train_time:1346231ms step_avg:629.96ms
step:2148/3242 train_loss:3.3739 train_time:1346857ms step_avg:629.96ms
step:2149/3242 train_loss:3.4199 train_time:1347501ms step_avg:629.97ms
step:2150/3242 train_loss:3.3068 train_time:1348113ms step_avg:629.96ms
step:2151/3242 train_loss:3.4180 train_time:1348743ms step_avg:629.96ms
step:2152/3242 train_loss:3.5288 train_time:1349370ms step_avg:629.96ms
step:2153/3242 train_loss:3.4117 train_time:1350005ms step_avg:629.96ms
step:2154/3242 train_loss:3.4061 train_time:1350632ms step_avg:629.96ms
step:2155/3242 train_loss:3.3541 train_time:1351260ms step_avg:629.96ms
step:2156/3242 train_loss:3.2393 train_time:1351890ms step_avg:629.96ms
step:2157/3242 train_loss:3.4045 train_time:1352517ms step_avg:629.96ms
step:2158/3242 train_loss:3.4648 train_time:1353145ms step_avg:629.96ms
step:2159/3242 train_loss:3.4571 train_time:1353775ms step_avg:629.96ms
step:2160/3242 train_loss:3.5669 train_time:1354402ms step_avg:629.95ms
step:2161/3242 train_loss:3.4581 train_time:1355036ms step_avg:629.96ms
step:2162/3242 train_loss:3.3867 train_time:1355665ms step_avg:629.96ms
step:2163/3242 train_loss:3.4246 train_time:1356289ms step_avg:629.95ms
step:2164/3242 train_loss:3.4711 train_time:1356917ms step_avg:629.95ms
step:2165/3242 train_loss:3.4277 train_time:1357543ms step_avg:629.95ms
step:2166/3242 train_loss:3.4378 train_time:1358176ms step_avg:629.95ms
step:2167/3242 train_loss:3.3823 train_time:1358804ms step_avg:629.95ms
step:2168/3242 train_loss:3.3042 train_time:1359431ms step_avg:629.95ms
step:2169/3242 train_loss:3.3335 train_time:1360060ms step_avg:629.95ms
step:2170/3242 train_loss:3.3815 train_time:1360686ms step_avg:629.95ms
step:2171/3242 train_loss:3.5534 train_time:1361323ms step_avg:629.95ms
step:2172/3242 train_loss:3.4947 train_time:1361942ms step_avg:629.95ms
step:2173/3242 train_loss:3.3301 train_time:1362570ms step_avg:629.94ms
step:2174/3242 train_loss:3.4143 train_time:1363208ms step_avg:629.95ms
step:2175/3242 train_loss:3.3305 train_time:1363836ms step_avg:629.95ms
step:2176/3242 train_loss:3.3972 train_time:1364469ms step_avg:629.95ms
step:2177/3242 train_loss:3.2815 train_time:1365098ms step_avg:629.95ms
step:2178/3242 train_loss:3.5460 train_time:1365735ms step_avg:629.95ms
step:2179/3242 train_loss:3.4263 train_time:1366356ms step_avg:629.95ms
step:2180/3242 train_loss:3.2961 train_time:1366981ms step_avg:629.95ms
step:2181/3242 train_loss:3.5647 train_time:1367610ms step_avg:629.94ms
step:2182/3242 train_loss:3.4260 train_time:1368240ms step_avg:629.94ms
step:2183/3242 train_loss:3.4118 train_time:1368868ms step_avg:629.94ms
step:2184/3242 train_loss:3.3363 train_time:1369495ms step_avg:629.94ms
step:2185/3242 train_loss:3.3012 train_time:1370120ms step_avg:629.94ms
step:2186/3242 train_loss:3.3964 train_time:1370751ms step_avg:629.94ms
step:2187/3242 train_loss:3.3352 train_time:1371380ms step_avg:629.94ms
step:2188/3242 train_loss:3.2576 train_time:1372009ms step_avg:629.94ms
step:2189/3242 train_loss:3.3484 train_time:1372637ms step_avg:629.94ms
step:2190/3242 train_loss:3.3143 train_time:1373263ms step_avg:629.94ms
step:2191/3242 train_loss:3.4531 train_time:1373891ms step_avg:629.94ms
step:2192/3242 train_loss:3.4116 train_time:1374519ms step_avg:629.94ms
step:2193/3242 train_loss:3.7555 train_time:1375149ms step_avg:629.94ms
step:2194/3242 train_loss:3.4087 train_time:1375777ms step_avg:629.93ms
step:2195/3242 train_loss:3.5129 train_time:1376405ms step_avg:629.93ms
step:2196/3242 train_loss:3.5617 train_time:1377032ms step_avg:629.93ms
step:2197/3242 train_loss:3.3390 train_time:1377666ms step_avg:629.93ms
step:2198/3242 train_loss:3.4633 train_time:1378292ms step_avg:629.93ms
step:2199/3242 train_loss:3.3190 train_time:1378915ms step_avg:629.93ms
step:2200/3242 train_loss:3.3086 train_time:1379547ms step_avg:629.93ms
step:2201/3242 train_loss:3.4091 train_time:1380170ms step_avg:629.93ms
step:2202/3242 train_loss:3.3800 train_time:1380807ms step_avg:629.93ms
step:2203/3242 train_loss:3.4174 train_time:1381436ms step_avg:629.93ms
step:2204/3242 train_loss:4.3223 train_time:1382064ms step_avg:629.93ms
step:2205/3242 train_loss:3.4816 train_time:1382688ms step_avg:629.93ms
step:2206/3242 train_loss:3.3368 train_time:1383316ms step_avg:629.93ms
step:2207/3242 train_loss:3.3930 train_time:1383944ms step_avg:629.92ms
step:2208/3242 train_loss:3.5114 train_time:1384571ms step_avg:629.92ms
step:2209/3242 train_loss:3.2464 train_time:1385196ms step_avg:629.92ms
step:2210/3242 train_loss:3.3839 train_time:1385824ms step_avg:629.92ms
step:2211/3242 train_loss:3.3552 train_time:1386454ms step_avg:629.92ms
step:2212/3242 train_loss:3.4324 train_time:1387087ms step_avg:629.92ms
step:2213/3242 train_loss:3.4588 train_time:1387714ms step_avg:629.92ms
step:2214/3242 train_loss:3.3540 train_time:1388345ms step_avg:629.92ms
step:2215/3242 train_loss:3.4402 train_time:1388972ms step_avg:629.92ms
step:2216/3242 train_loss:3.6113 train_time:1389597ms step_avg:629.92ms
step:2217/3242 train_loss:3.4387 train_time:1390230ms step_avg:629.92ms
step:2218/3242 train_loss:3.2907 train_time:1390856ms step_avg:629.92ms
step:2219/3242 train_loss:3.3769 train_time:1391487ms step_avg:629.92ms
step:2220/3242 train_loss:3.2500 train_time:1392119ms step_avg:629.92ms
step:2221/3242 train_loss:3.6674 train_time:1392744ms step_avg:629.92ms
step:2222/3242 train_loss:3.5263 train_time:1393366ms step_avg:629.91ms
step:2223/3242 train_loss:3.7146 train_time:1394008ms step_avg:629.92ms
step:2224/3242 train_loss:3.2684 train_time:1394629ms step_avg:629.91ms
step:2225/3242 train_loss:3.3803 train_time:1395259ms step_avg:629.91ms
step:2226/3242 train_loss:3.2821 train_time:1395889ms step_avg:629.91ms
step:2227/3242 train_loss:3.6280 train_time:1396522ms step_avg:629.92ms
step:2228/3242 train_loss:3.5784 train_time:1397149ms step_avg:629.91ms
step:2229/3242 train_loss:3.2051 train_time:1397778ms step_avg:629.91ms
step:2230/3242 train_loss:3.6703 train_time:1398407ms step_avg:629.91ms
step:2231/3242 train_loss:3.3483 train_time:1399034ms step_avg:629.91ms
step:2232/3242 train_loss:3.3560 train_time:1399667ms step_avg:629.91ms
step:2233/3242 train_loss:3.5038 train_time:1400292ms step_avg:629.91ms
step:2234/3242 train_loss:3.6123 train_time:1400921ms step_avg:629.91ms
step:2235/3242 train_loss:3.4356 train_time:1401550ms step_avg:629.91ms
step:2236/3242 train_loss:3.3334 train_time:1402169ms step_avg:629.91ms
step:2237/3242 train_loss:3.1382 train_time:1402801ms step_avg:629.91ms
step:2238/3242 train_loss:3.4233 train_time:1403423ms step_avg:629.90ms
step:2239/3242 train_loss:3.4488 train_time:1404050ms step_avg:629.90ms
step:2240/3242 train_loss:3.2405 train_time:1404710ms step_avg:629.91ms
step:2241/3242 train_loss:3.3172 train_time:1405324ms step_avg:629.91ms
step:2242/3242 train_loss:3.3907 train_time:1405949ms step_avg:629.91ms
step:2243/3242 train_loss:3.4441 train_time:1406578ms step_avg:629.91ms
step:2244/3242 train_loss:3.2280 train_time:1407207ms step_avg:629.90ms
step:2245/3242 train_loss:3.4914 train_time:1407854ms step_avg:629.91ms
step:2246/3242 train_loss:3.5029 train_time:1408468ms step_avg:629.91ms
step:2247/3242 train_loss:3.1701 train_time:1409092ms step_avg:629.90ms
step:2248/3242 train_loss:3.2109 train_time:1409720ms step_avg:629.90ms
step:2249/3242 train_loss:3.5623 train_time:1410343ms step_avg:629.90ms
step:2250/3242 train_loss:3.4699 train_time:1410971ms step_avg:629.90ms
step:2250/3242 val_loss:3.4155 train_time:1411350ms step_avg:630.07ms
step:2251/3242 train_loss:3.3492 train_time:1411603ms step_avg:629.90ms
step:2252/3242 train_loss:3.3589 train_time:1412231ms step_avg:629.90ms
step:2253/3242 train_loss:3.4067 train_time:1412857ms step_avg:629.90ms
step:2254/3242 train_loss:3.4456 train_time:1413495ms step_avg:629.90ms
step:2255/3242 train_loss:3.5036 train_time:1414113ms step_avg:629.89ms
step:2256/3242 train_loss:3.3496 train_time:1414754ms step_avg:629.90ms
step:2257/3242 train_loss:3.5441 train_time:1415378ms step_avg:629.90ms
step:2258/3242 train_loss:3.4111 train_time:1416009ms step_avg:629.90ms
step:2259/3242 train_loss:4.2257 train_time:1416639ms step_avg:629.90ms
step:2260/3242 train_loss:3.3850 train_time:1417266ms step_avg:629.90ms
step:2261/3242 train_loss:3.4355 train_time:1417894ms step_avg:629.90ms
step:2262/3242 train_loss:3.4255 train_time:1418529ms step_avg:629.90ms
step:2263/3242 train_loss:3.2963 train_time:1419156ms step_avg:629.90ms
step:2264/3242 train_loss:3.4471 train_time:1419781ms step_avg:629.89ms
step:2265/3242 train_loss:3.2802 train_time:1420405ms step_avg:629.89ms
step:2266/3242 train_loss:3.6092 train_time:1421041ms step_avg:629.89ms
step:2267/3242 train_loss:3.2143 train_time:1421670ms step_avg:629.89ms
step:2268/3242 train_loss:3.3054 train_time:1422295ms step_avg:629.89ms
step:2269/3242 train_loss:3.2342 train_time:1422925ms step_avg:629.89ms
step:2270/3242 train_loss:3.3672 train_time:1423557ms step_avg:629.89ms
step:2271/3242 train_loss:3.8972 train_time:1424179ms step_avg:629.89ms
step:2272/3242 train_loss:3.4916 train_time:1424801ms step_avg:629.89ms
step:2273/3242 train_loss:3.4953 train_time:1425430ms step_avg:629.89ms
step:2274/3242 train_loss:3.3888 train_time:1426064ms step_avg:629.89ms
step:2275/3242 train_loss:3.3255 train_time:1426698ms step_avg:629.89ms
step:2276/3242 train_loss:3.3573 train_time:1427325ms step_avg:629.89ms
step:2277/3242 train_loss:3.2148 train_time:1427946ms step_avg:629.88ms
step:2278/3242 train_loss:3.2972 train_time:1428579ms step_avg:629.88ms
step:2279/3242 train_loss:3.7052 train_time:1429209ms step_avg:629.88ms
step:2280/3242 train_loss:3.2828 train_time:1429842ms step_avg:629.89ms
step:2281/3242 train_loss:3.4525 train_time:1430461ms step_avg:629.88ms
step:2282/3242 train_loss:3.2746 train_time:1431091ms step_avg:629.88ms
step:2283/3242 train_loss:3.4016 train_time:1431730ms step_avg:629.89ms
step:2284/3242 train_loss:3.3175 train_time:1432352ms step_avg:629.88ms
step:2285/3242 train_loss:3.4552 train_time:1432980ms step_avg:629.88ms
step:2286/3242 train_loss:3.4357 train_time:1433608ms step_avg:629.88ms
step:2287/3242 train_loss:3.2511 train_time:1434234ms step_avg:629.88ms
step:2288/3242 train_loss:3.4399 train_time:1434865ms step_avg:629.88ms
step:2289/3242 train_loss:3.4486 train_time:1435493ms step_avg:629.88ms
step:2290/3242 train_loss:3.6435 train_time:1436124ms step_avg:629.88ms
step:2291/3242 train_loss:3.2420 train_time:1436751ms step_avg:629.88ms
step:2292/3242 train_loss:4.0621 train_time:1437383ms step_avg:629.88ms
step:2293/3242 train_loss:3.3654 train_time:1438011ms step_avg:629.88ms
step:2294/3242 train_loss:3.2809 train_time:1438637ms step_avg:629.88ms
step:2295/3242 train_loss:3.4586 train_time:1439271ms step_avg:629.88ms
step:2296/3242 train_loss:3.3817 train_time:1439894ms step_avg:629.87ms
step:2297/3242 train_loss:3.4563 train_time:1440523ms step_avg:629.87ms
step:2298/3242 train_loss:3.8532 train_time:1441151ms step_avg:629.87ms
step:2299/3242 train_loss:3.4491 train_time:1441778ms step_avg:629.87ms
step:2300/3242 train_loss:3.2130 train_time:1442404ms step_avg:629.87ms
step:2301/3242 train_loss:3.6353 train_time:1443043ms step_avg:629.87ms
step:2302/3242 train_loss:3.2630 train_time:1443670ms step_avg:629.87ms
step:2303/3242 train_loss:3.4203 train_time:1444297ms step_avg:629.87ms
step:2304/3242 train_loss:3.3730 train_time:1444927ms step_avg:629.87ms
step:2305/3242 train_loss:3.3183 train_time:1445554ms step_avg:629.87ms
step:2306/3242 train_loss:3.6259 train_time:1446176ms step_avg:629.87ms
step:2307/3242 train_loss:3.2481 train_time:1446808ms step_avg:629.87ms
step:2308/3242 train_loss:3.4673 train_time:1447434ms step_avg:629.87ms
step:2309/3242 train_loss:3.4341 train_time:1448063ms step_avg:629.87ms
step:2310/3242 train_loss:3.5541 train_time:1448690ms step_avg:629.87ms
step:2311/3242 train_loss:3.2537 train_time:1449319ms step_avg:629.86ms
step:2312/3242 train_loss:3.4495 train_time:1449945ms step_avg:629.86ms
step:2313/3242 train_loss:3.5068 train_time:1450574ms step_avg:629.86ms
step:2314/3242 train_loss:3.4478 train_time:1451203ms step_avg:629.86ms
step:2315/3242 train_loss:3.3108 train_time:1451830ms step_avg:629.86ms
step:2316/3242 train_loss:3.4051 train_time:1452460ms step_avg:629.86ms
step:2317/3242 train_loss:3.2409 train_time:1453086ms step_avg:629.86ms
step:2318/3242 train_loss:3.4384 train_time:1453709ms step_avg:629.86ms
step:2319/3242 train_loss:3.3834 train_time:1454335ms step_avg:629.85ms
step:2320/3242 train_loss:3.0769 train_time:1454965ms step_avg:629.86ms
step:2321/3242 train_loss:3.3551 train_time:1455593ms step_avg:629.85ms
step:2322/3242 train_loss:3.4921 train_time:1456227ms step_avg:629.86ms
step:2323/3242 train_loss:3.4033 train_time:1456857ms step_avg:629.86ms
step:2324/3242 train_loss:3.4300 train_time:1457492ms step_avg:629.86ms
step:2325/3242 train_loss:3.4417 train_time:1458111ms step_avg:629.85ms
step:2326/3242 train_loss:3.5295 train_time:1458742ms step_avg:629.85ms
step:2327/3242 train_loss:3.5294 train_time:1459371ms step_avg:629.85ms
step:2328/3242 train_loss:3.2434 train_time:1460005ms step_avg:629.86ms
step:2329/3242 train_loss:3.3469 train_time:1460628ms step_avg:629.85ms
step:2330/3242 train_loss:3.3342 train_time:1461250ms step_avg:629.85ms
step:2331/3242 train_loss:3.2991 train_time:1461876ms step_avg:629.85ms
step:2332/3242 train_loss:3.0998 train_time:1462505ms step_avg:629.85ms
step:2333/3242 train_loss:3.3999 train_time:1463134ms step_avg:629.85ms
step:2334/3242 train_loss:3.3908 train_time:1463762ms step_avg:629.85ms
step:2335/3242 train_loss:3.4740 train_time:1464391ms step_avg:629.85ms
step:2336/3242 train_loss:3.2735 train_time:1465026ms step_avg:629.85ms
step:2337/3242 train_loss:3.4288 train_time:1465659ms step_avg:629.85ms
step:2338/3242 train_loss:3.3897 train_time:1466296ms step_avg:629.85ms
step:2339/3242 train_loss:3.3060 train_time:1466912ms step_avg:629.85ms
step:2340/3242 train_loss:3.5158 train_time:1467542ms step_avg:629.85ms
step:2341/3242 train_loss:3.4179 train_time:1468167ms step_avg:629.84ms
step:2342/3242 train_loss:3.3709 train_time:1468796ms step_avg:629.84ms
step:2343/3242 train_loss:3.3810 train_time:1469427ms step_avg:629.84ms
step:2344/3242 train_loss:3.4723 train_time:1470055ms step_avg:629.84ms
step:2345/3242 train_loss:3.3669 train_time:1470684ms step_avg:629.84ms
step:2346/3242 train_loss:3.4460 train_time:1471314ms step_avg:629.84ms
step:2347/3242 train_loss:3.4491 train_time:1471939ms step_avg:629.84ms
step:2348/3242 train_loss:3.4116 train_time:1472568ms step_avg:629.84ms
step:2349/3242 train_loss:3.4506 train_time:1473201ms step_avg:629.84ms
step:2350/3242 train_loss:3.2449 train_time:1473826ms step_avg:629.84ms
step:2351/3242 train_loss:3.2333 train_time:1474447ms step_avg:629.84ms
step:2352/3242 train_loss:3.3678 train_time:1475086ms step_avg:629.84ms
step:2353/3242 train_loss:3.3974 train_time:1475709ms step_avg:629.84ms
step:2354/3242 train_loss:3.4876 train_time:1476337ms step_avg:629.84ms
step:2355/3242 train_loss:3.3694 train_time:1476966ms step_avg:629.84ms
step:2356/3242 train_loss:3.2222 train_time:1477596ms step_avg:629.84ms
step:2357/3242 train_loss:3.5377 train_time:1478217ms step_avg:629.83ms
step:2358/3242 train_loss:3.2091 train_time:1478843ms step_avg:629.83ms
step:2359/3242 train_loss:3.3033 train_time:1479472ms step_avg:629.83ms
step:2360/3242 train_loss:3.2514 train_time:1480100ms step_avg:629.83ms
step:2361/3242 train_loss:3.2514 train_time:1480729ms step_avg:629.83ms
step:2362/3242 train_loss:3.3592 train_time:1481370ms step_avg:629.83ms
step:2363/3242 train_loss:3.2178 train_time:1482004ms step_avg:629.84ms
step:2364/3242 train_loss:3.3924 train_time:1482629ms step_avg:629.83ms
step:2365/3242 train_loss:3.3397 train_time:1483248ms step_avg:629.83ms
step:2366/3242 train_loss:3.4026 train_time:1483873ms step_avg:629.83ms
step:2367/3242 train_loss:3.4760 train_time:1484499ms step_avg:629.83ms
step:2368/3242 train_loss:3.3832 train_time:1485133ms step_avg:629.83ms
step:2369/3242 train_loss:3.4016 train_time:1485760ms step_avg:629.83ms
step:2370/3242 train_loss:3.4994 train_time:1486389ms step_avg:629.83ms
step:2371/3242 train_loss:3.3117 train_time:1487016ms step_avg:629.82ms
step:2372/3242 train_loss:3.5552 train_time:1487636ms step_avg:629.82ms
step:2373/3242 train_loss:3.3693 train_time:1488275ms step_avg:629.82ms
step:2374/3242 train_loss:4.0748 train_time:1488901ms step_avg:629.82ms
step:2375/3242 train_loss:3.3522 train_time:1489529ms step_avg:629.82ms
step:2375/3242 val_loss:3.4029 train_time:1489907ms step_avg:629.98ms
step:2376/3242 train_loss:3.2822 train_time:1490165ms step_avg:629.82ms
step:2377/3242 train_loss:3.6039 train_time:1490792ms step_avg:629.82ms
step:2378/3242 train_loss:3.5111 train_time:1491416ms step_avg:629.82ms
step:2379/3242 train_loss:3.5228 train_time:1492043ms step_avg:629.82ms
step:2380/3242 train_loss:3.4361 train_time:1492673ms step_avg:629.82ms
step:2381/3242 train_loss:3.3043 train_time:1493306ms step_avg:629.82ms
step:2382/3242 train_loss:3.4674 train_time:1493928ms step_avg:629.82ms
step:2383/3242 train_loss:3.4909 train_time:1494553ms step_avg:629.82ms
step:2384/3242 train_loss:3.3333 train_time:1495181ms step_avg:629.81ms
step:2385/3242 train_loss:3.2769 train_time:1495809ms step_avg:629.81ms
step:2386/3242 train_loss:3.4637 train_time:1496441ms step_avg:629.82ms
step:2387/3242 train_loss:3.4652 train_time:1497063ms step_avg:629.81ms
step:2388/3242 train_loss:3.5093 train_time:1497694ms step_avg:629.81ms
step:2389/3242 train_loss:3.4314 train_time:1498317ms step_avg:629.81ms
step:2390/3242 train_loss:3.5059 train_time:1498957ms step_avg:629.81ms
step:2391/3242 train_loss:3.3359 train_time:1499577ms step_avg:629.81ms
step:2392/3242 train_loss:3.2943 train_time:1500204ms step_avg:629.81ms
step:2393/3242 train_loss:3.5472 train_time:1500841ms step_avg:629.81ms
step:2394/3242 train_loss:3.3023 train_time:1501474ms step_avg:629.81ms
step:2395/3242 train_loss:3.5284 train_time:1502098ms step_avg:629.81ms
step:2396/3242 train_loss:3.5642 train_time:1502716ms step_avg:629.81ms
step:2397/3242 train_loss:3.7273 train_time:1503344ms step_avg:629.80ms
step:2398/3242 train_loss:3.6783 train_time:1503976ms step_avg:629.81ms
step:2399/3242 train_loss:3.4611 train_time:1504612ms step_avg:629.81ms
step:2400/3242 train_loss:3.2901 train_time:1505241ms step_avg:629.81ms
step:2401/3242 train_loss:3.3301 train_time:1505864ms step_avg:629.81ms
step:2402/3242 train_loss:3.5067 train_time:1506491ms step_avg:629.80ms
step:2403/3242 train_loss:3.3023 train_time:1507113ms step_avg:629.80ms
step:2404/3242 train_loss:3.3807 train_time:1507745ms step_avg:629.80ms
step:2405/3242 train_loss:3.6822 train_time:1508375ms step_avg:629.80ms
step:2406/3242 train_loss:3.3344 train_time:1509001ms step_avg:629.80ms
step:2407/3242 train_loss:3.4937 train_time:1509634ms step_avg:629.80ms
step:2408/3242 train_loss:3.3765 train_time:1510256ms step_avg:629.80ms
step:2409/3242 train_loss:3.3979 train_time:1510893ms step_avg:629.80ms
step:2410/3242 train_loss:3.4968 train_time:1511517ms step_avg:629.80ms
step:2411/3242 train_loss:3.3317 train_time:1512144ms step_avg:629.80ms
step:2412/3242 train_loss:3.5196 train_time:1512778ms step_avg:629.80ms
step:2413/3242 train_loss:3.4923 train_time:1513405ms step_avg:629.80ms
step:2414/3242 train_loss:3.3603 train_time:1514039ms step_avg:629.80ms
step:2415/3242 train_loss:3.3284 train_time:1514666ms step_avg:629.80ms
step:2416/3242 train_loss:3.4822 train_time:1515295ms step_avg:629.80ms
step:2417/3242 train_loss:3.2949 train_time:1515920ms step_avg:629.80ms
step:2418/3242 train_loss:3.2186 train_time:1516546ms step_avg:629.80ms
step:2419/3242 train_loss:3.5649 train_time:1517166ms step_avg:629.79ms
step:2420/3242 train_loss:3.3895 train_time:1517791ms step_avg:629.79ms
step:2421/3242 train_loss:3.3835 train_time:1518430ms step_avg:629.79ms
step:2422/3242 train_loss:3.4136 train_time:1519058ms step_avg:629.79ms
step:2423/3242 train_loss:3.6065 train_time:1519688ms step_avg:629.79ms
step:2424/3242 train_loss:3.4120 train_time:1520314ms step_avg:629.79ms
step:2425/3242 train_loss:3.6425 train_time:1520945ms step_avg:629.79ms
step:2426/3242 train_loss:3.5090 train_time:1521573ms step_avg:629.79ms
step:2427/3242 train_loss:3.4023 train_time:1522201ms step_avg:629.79ms
step:2428/3242 train_loss:3.4092 train_time:1522828ms step_avg:629.79ms
step:2429/3242 train_loss:3.4023 train_time:1523462ms step_avg:629.79ms
step:2430/3242 train_loss:3.4139 train_time:1524084ms step_avg:629.79ms
step:2431/3242 train_loss:3.3945 train_time:1524710ms step_avg:629.79ms
step:2432/3242 train_loss:3.3970 train_time:1525341ms step_avg:629.79ms
step:2433/3242 train_loss:3.4314 train_time:1525973ms step_avg:629.79ms
step:2434/3242 train_loss:3.2614 train_time:1526597ms step_avg:629.78ms
step:2435/3242 train_loss:3.2281 train_time:1527224ms step_avg:629.78ms
step:2436/3242 train_loss:3.4315 train_time:1527852ms step_avg:629.78ms
step:2437/3242 train_loss:3.2065 train_time:1528485ms step_avg:629.78ms
step:2438/3242 train_loss:3.3670 train_time:1529113ms step_avg:629.78ms
step:2439/3242 train_loss:3.4742 train_time:1529752ms step_avg:629.79ms
step:2440/3242 train_loss:3.4945 train_time:1530367ms step_avg:629.78ms
step:2441/3242 train_loss:3.3696 train_time:1530994ms step_avg:629.78ms
step:2442/3242 train_loss:3.3506 train_time:1531631ms step_avg:629.78ms
step:2443/3242 train_loss:3.4946 train_time:1532258ms step_avg:629.78ms
step:2444/3242 train_loss:3.2627 train_time:1532886ms step_avg:629.78ms
step:2445/3242 train_loss:3.3761 train_time:1533520ms step_avg:629.78ms
step:2446/3242 train_loss:3.3645 train_time:1534141ms step_avg:629.78ms
step:2447/3242 train_loss:3.3692 train_time:1534774ms step_avg:629.78ms
step:2448/3242 train_loss:3.3701 train_time:1535409ms step_avg:629.78ms
step:2449/3242 train_loss:3.6931 train_time:1536029ms step_avg:629.78ms
step:2450/3242 train_loss:3.4234 train_time:1536660ms step_avg:629.78ms
step:2451/3242 train_loss:3.3405 train_time:1537290ms step_avg:629.78ms
step:2452/3242 train_loss:3.2962 train_time:1537910ms step_avg:629.77ms
step:2453/3242 train_loss:3.6667 train_time:1538544ms step_avg:629.78ms
step:2454/3242 train_loss:3.3392 train_time:1539166ms step_avg:629.77ms
step:2455/3242 train_loss:3.5099 train_time:1539794ms step_avg:629.77ms
step:2456/3242 train_loss:3.4635 train_time:1540421ms step_avg:629.77ms
step:2457/3242 train_loss:3.3906 train_time:1541049ms step_avg:629.77ms
step:2458/3242 train_loss:3.1868 train_time:1541678ms step_avg:629.77ms
step:2459/3242 train_loss:3.3806 train_time:1542307ms step_avg:629.77ms
step:2460/3242 train_loss:3.3607 train_time:1542935ms step_avg:629.77ms
step:2461/3242 train_loss:3.4597 train_time:1543570ms step_avg:629.77ms
step:2462/3242 train_loss:3.2650 train_time:1544199ms step_avg:629.77ms
step:2463/3242 train_loss:3.6144 train_time:1544825ms step_avg:629.77ms
step:2464/3242 train_loss:3.3892 train_time:1545462ms step_avg:629.77ms
step:2465/3242 train_loss:3.5008 train_time:1546084ms step_avg:629.77ms
step:2466/3242 train_loss:3.5749 train_time:1546712ms step_avg:629.77ms
step:2467/3242 train_loss:3.3949 train_time:1547342ms step_avg:629.77ms
step:2468/3242 train_loss:3.3216 train_time:1547967ms step_avg:629.77ms
step:2469/3242 train_loss:3.3907 train_time:1548589ms step_avg:629.76ms
step:2470/3242 train_loss:3.4194 train_time:1549483ms step_avg:629.87ms
step:2471/3242 train_loss:3.3845 train_time:1550118ms step_avg:629.87ms
step:2472/3242 train_loss:3.3629 train_time:1550750ms step_avg:629.87ms
step:2473/3242 train_loss:3.4077 train_time:1551374ms step_avg:629.87ms
step:2474/3242 train_loss:3.4981 train_time:1551996ms step_avg:629.87ms
step:2475/3242 train_loss:3.9343 train_time:1552624ms step_avg:629.87ms
step:2476/3242 train_loss:3.2904 train_time:1553253ms step_avg:629.87ms
step:2477/3242 train_loss:3.6059 train_time:1553881ms step_avg:629.87ms
step:2478/3242 train_loss:3.5560 train_time:1554509ms step_avg:629.87ms
step:2479/3242 train_loss:3.2418 train_time:1555137ms step_avg:629.87ms
step:2480/3242 train_loss:3.2133 train_time:1555765ms step_avg:629.86ms
step:2481/3242 train_loss:3.4298 train_time:1556397ms step_avg:629.87ms
step:2482/3242 train_loss:3.3785 train_time:1557026ms step_avg:629.86ms
step:2483/3242 train_loss:3.2886 train_time:1557654ms step_avg:629.86ms
step:2484/3242 train_loss:3.3711 train_time:1558290ms step_avg:629.87ms
step:2485/3242 train_loss:3.4281 train_time:1558919ms step_avg:629.87ms
step:2486/3242 train_loss:3.1196 train_time:1559548ms step_avg:629.87ms
step:2487/3242 train_loss:3.4884 train_time:1560176ms step_avg:629.87ms
step:2488/3242 train_loss:3.2837 train_time:1560811ms step_avg:629.87ms
step:2489/3242 train_loss:3.2538 train_time:1561440ms step_avg:629.87ms
step:2490/3242 train_loss:3.4297 train_time:1562074ms step_avg:629.87ms
step:2491/3242 train_loss:3.4675 train_time:1562692ms step_avg:629.86ms
step:2492/3242 train_loss:3.6977 train_time:1563342ms step_avg:629.87ms
step:2493/3242 train_loss:3.4047 train_time:1563952ms step_avg:629.86ms
step:2494/3242 train_loss:3.2674 train_time:1564573ms step_avg:629.86ms
step:2495/3242 train_loss:3.5132 train_time:1565202ms step_avg:629.86ms
step:2496/3242 train_loss:3.5300 train_time:1565830ms step_avg:629.86ms
step:2497/3242 train_loss:3.3379 train_time:1566456ms step_avg:629.86ms
step:2498/3242 train_loss:3.4076 train_time:1567085ms step_avg:629.86ms
step:2499/3242 train_loss:3.4227 train_time:1567712ms step_avg:629.86ms
step:2500/3242 train_loss:3.5008 train_time:1568349ms step_avg:629.86ms
step:2500/3242 val_loss:3.3805 train_time:1568728ms step_avg:630.01ms
step:2501/3242 train_loss:3.5372 train_time:1568979ms step_avg:629.86ms
step:2502/3242 train_loss:3.4674 train_time:1569601ms step_avg:629.86ms
step:2503/3242 train_loss:3.5067 train_time:1570228ms step_avg:629.85ms
step:2504/3242 train_loss:3.2477 train_time:1570864ms step_avg:629.86ms
step:2505/3242 train_loss:3.4927 train_time:1571492ms step_avg:629.86ms
step:2506/3242 train_loss:3.4391 train_time:1572120ms step_avg:629.86ms
step:2507/3242 train_loss:3.3146 train_time:1572751ms step_avg:629.86ms
step:2508/3242 train_loss:3.2572 train_time:1573377ms step_avg:629.85ms
step:2509/3242 train_loss:3.3901 train_time:1573999ms step_avg:629.85ms
step:2510/3242 train_loss:3.4493 train_time:1574636ms step_avg:629.85ms
step:2511/3242 train_loss:3.3471 train_time:1575261ms step_avg:629.85ms
step:2512/3242 train_loss:3.4996 train_time:1575897ms step_avg:629.85ms
step:2513/3242 train_loss:3.4483 train_time:1576523ms step_avg:629.85ms
step:2514/3242 train_loss:3.3992 train_time:1577149ms step_avg:629.85ms
step:2515/3242 train_loss:3.4140 train_time:1577776ms step_avg:629.85ms
step:2516/3242 train_loss:3.4258 train_time:1578404ms step_avg:629.85ms
step:2517/3242 train_loss:3.3894 train_time:1579026ms step_avg:629.85ms
step:2518/3242 train_loss:3.2473 train_time:1579658ms step_avg:629.85ms
step:2519/3242 train_loss:3.3639 train_time:1580286ms step_avg:629.85ms
step:2520/3242 train_loss:3.4318 train_time:1580923ms step_avg:629.85ms
step:2521/3242 train_loss:3.4798 train_time:1581559ms step_avg:629.85ms
step:2522/3242 train_loss:3.3339 train_time:1582188ms step_avg:629.85ms
step:2523/3242 train_loss:3.1345 train_time:1582820ms step_avg:629.85ms
step:2524/3242 train_loss:3.3722 train_time:1583440ms step_avg:629.85ms
step:2525/3242 train_loss:3.2631 train_time:1584074ms step_avg:629.85ms
step:2526/3242 train_loss:3.5143 train_time:1584701ms step_avg:629.85ms
step:2527/3242 train_loss:3.2848 train_time:1585330ms step_avg:629.85ms
step:2528/3242 train_loss:3.4003 train_time:1585956ms step_avg:629.85ms
step:2529/3242 train_loss:3.3153 train_time:1586581ms step_avg:629.85ms
step:2530/3242 train_loss:3.4434 train_time:1587215ms step_avg:629.85ms
step:2531/3242 train_loss:3.4526 train_time:1587841ms step_avg:629.85ms
step:2532/3242 train_loss:3.2972 train_time:1588469ms step_avg:629.84ms
step:2533/3242 train_loss:3.4872 train_time:1589098ms step_avg:629.84ms
step:2534/3242 train_loss:3.3388 train_time:1589727ms step_avg:629.84ms
step:2535/3242 train_loss:3.2853 train_time:1590355ms step_avg:629.84ms
step:2536/3242 train_loss:3.4461 train_time:1590982ms step_avg:629.84ms
step:2537/3242 train_loss:3.4409 train_time:1591605ms step_avg:629.84ms
step:2538/3242 train_loss:3.2652 train_time:1592241ms step_avg:629.84ms
step:2539/3242 train_loss:3.6907 train_time:1592865ms step_avg:629.84ms
step:2540/3242 train_loss:3.3620 train_time:1593500ms step_avg:629.84ms
step:2541/3242 train_loss:3.3190 train_time:1594127ms step_avg:629.84ms
step:2542/3242 train_loss:3.4033 train_time:1594755ms step_avg:629.84ms
step:2543/3242 train_loss:3.8317 train_time:1595391ms step_avg:629.84ms
step:2544/3242 train_loss:3.3919 train_time:1596007ms step_avg:629.84ms
step:2545/3242 train_loss:3.5728 train_time:1596635ms step_avg:629.84ms
step:2546/3242 train_loss:3.3218 train_time:1597257ms step_avg:629.83ms
step:2547/3242 train_loss:3.3322 train_time:1597886ms step_avg:629.83ms
step:2548/3242 train_loss:3.2851 train_time:1598513ms step_avg:629.83ms
step:2549/3242 train_loss:3.4890 train_time:1599145ms step_avg:629.83ms
step:2550/3242 train_loss:3.3369 train_time:1599779ms step_avg:629.83ms
step:2551/3242 train_loss:3.3022 train_time:1600411ms step_avg:629.84ms
step:2552/3242 train_loss:3.3970 train_time:1601041ms step_avg:629.84ms
step:2553/3242 train_loss:3.4013 train_time:1601664ms step_avg:629.83ms
step:2554/3242 train_loss:3.3651 train_time:1602294ms step_avg:629.83ms
step:2555/3242 train_loss:3.6152 train_time:1602920ms step_avg:629.83ms
step:2556/3242 train_loss:3.4449 train_time:1603549ms step_avg:629.83ms
step:2557/3242 train_loss:3.4608 train_time:1604180ms step_avg:629.83ms
step:2558/3242 train_loss:3.4206 train_time:1604810ms step_avg:629.83ms
step:2559/3242 train_loss:3.3521 train_time:1605436ms step_avg:629.83ms
step:2560/3242 train_loss:3.4985 train_time:1606074ms step_avg:629.83ms
step:2561/3242 train_loss:3.3876 train_time:1606702ms step_avg:629.83ms
step:2562/3242 train_loss:3.3814 train_time:1607324ms step_avg:629.83ms
step:2563/3242 train_loss:3.3802 train_time:1607954ms step_avg:629.83ms
step:2564/3242 train_loss:3.4148 train_time:1608566ms step_avg:629.82ms
step:2565/3242 train_loss:3.3082 train_time:1609203ms step_avg:629.82ms
step:2566/3242 train_loss:3.3822 train_time:1609827ms step_avg:629.82ms
step:2567/3242 train_loss:3.3744 train_time:1610451ms step_avg:629.82ms
step:2568/3242 train_loss:3.3191 train_time:1611082ms step_avg:629.82ms
step:2569/3242 train_loss:3.5852 train_time:1611717ms step_avg:629.82ms
step:2570/3242 train_loss:3.4878 train_time:1612352ms step_avg:629.83ms
step:2571/3242 train_loss:3.5361 train_time:1612978ms step_avg:629.82ms
step:2572/3242 train_loss:3.1935 train_time:1613601ms step_avg:629.82ms
step:2573/3242 train_loss:3.3342 train_time:1614224ms step_avg:629.82ms
step:2574/3242 train_loss:2.8783 train_time:1614855ms step_avg:629.82ms
step:2575/3242 train_loss:3.2869 train_time:1615478ms step_avg:629.82ms
step:2576/3242 train_loss:3.0333 train_time:1616105ms step_avg:629.81ms
step:2577/3242 train_loss:3.3250 train_time:1616735ms step_avg:629.82ms
step:2578/3242 train_loss:3.3897 train_time:1617377ms step_avg:629.82ms
step:2579/3242 train_loss:3.2606 train_time:1617996ms step_avg:629.82ms
step:2580/3242 train_loss:3.3844 train_time:1618625ms step_avg:629.82ms
step:2581/3242 train_loss:3.3880 train_time:1619253ms step_avg:629.81ms
step:2582/3242 train_loss:3.4888 train_time:1619882ms step_avg:629.81ms
step:2583/3242 train_loss:3.3004 train_time:1620509ms step_avg:629.81ms
step:2584/3242 train_loss:3.5523 train_time:1621138ms step_avg:629.81ms
step:2585/3242 train_loss:3.4079 train_time:1621770ms step_avg:629.81ms
step:2586/3242 train_loss:3.6379 train_time:1622398ms step_avg:629.81ms
step:2587/3242 train_loss:3.5233 train_time:1623027ms step_avg:629.81ms
step:2588/3242 train_loss:3.2169 train_time:1623656ms step_avg:629.81ms
step:2589/3242 train_loss:3.3494 train_time:1624283ms step_avg:629.81ms
step:2590/3242 train_loss:3.4609 train_time:1624904ms step_avg:629.81ms
step:2591/3242 train_loss:3.2723 train_time:1625540ms step_avg:629.81ms
step:2592/3242 train_loss:3.7550 train_time:1626166ms step_avg:629.81ms
step:2593/3242 train_loss:3.4574 train_time:1626793ms step_avg:629.81ms
step:2594/3242 train_loss:3.3391 train_time:1627419ms step_avg:629.81ms
step:2595/3242 train_loss:3.3621 train_time:1628052ms step_avg:629.81ms
step:2596/3242 train_loss:3.7252 train_time:1628682ms step_avg:629.81ms
step:2597/3242 train_loss:3.4566 train_time:1629309ms step_avg:629.81ms
step:2598/3242 train_loss:3.3410 train_time:1629935ms step_avg:629.80ms
step:2599/3242 train_loss:3.2875 train_time:1630563ms step_avg:629.80ms
step:2600/3242 train_loss:3.5007 train_time:1631195ms step_avg:629.81ms
step:2601/3242 train_loss:3.8406 train_time:1631821ms step_avg:629.80ms
step:2602/3242 train_loss:2.9380 train_time:1632444ms step_avg:629.80ms
step:2603/3242 train_loss:3.3290 train_time:1633075ms step_avg:629.80ms
step:2604/3242 train_loss:3.2753 train_time:1633701ms step_avg:629.80ms
step:2605/3242 train_loss:3.5229 train_time:1634328ms step_avg:629.80ms
step:2606/3242 train_loss:3.3740 train_time:1634964ms step_avg:629.80ms
step:2607/3242 train_loss:3.4126 train_time:1635590ms step_avg:629.80ms
step:2608/3242 train_loss:3.2923 train_time:1636221ms step_avg:629.80ms
step:2609/3242 train_loss:3.2863 train_time:1636847ms step_avg:629.80ms
step:2610/3242 train_loss:3.4879 train_time:1637473ms step_avg:629.80ms
step:2611/3242 train_loss:3.4618 train_time:1638107ms step_avg:629.80ms
step:2612/3242 train_loss:3.1095 train_time:1638735ms step_avg:629.80ms
step:2613/3242 train_loss:3.4725 train_time:1639367ms step_avg:629.80ms
step:2614/3242 train_loss:3.4426 train_time:1639996ms step_avg:629.80ms
step:2615/3242 train_loss:3.3291 train_time:1640624ms step_avg:629.80ms
step:2616/3242 train_loss:3.4874 train_time:1641249ms step_avg:629.80ms
step:2617/3242 train_loss:3.3437 train_time:1641877ms step_avg:629.80ms
step:2618/3242 train_loss:3.4250 train_time:1642505ms step_avg:629.79ms
step:2619/3242 train_loss:3.2002 train_time:1643135ms step_avg:629.79ms
step:2620/3242 train_loss:3.5248 train_time:1643766ms step_avg:629.80ms
step:2621/3242 train_loss:3.4957 train_time:1644393ms step_avg:629.79ms
step:2622/3242 train_loss:3.5850 train_time:1645018ms step_avg:629.79ms
step:2623/3242 train_loss:3.5480 train_time:1645646ms step_avg:629.79ms
step:2624/3242 train_loss:3.3747 train_time:1646273ms step_avg:629.79ms
step:2625/3242 train_loss:3.5436 train_time:1646904ms step_avg:629.79ms
step:2625/3242 val_loss:3.3573 train_time:1647286ms step_avg:629.94ms
step:2626/3242 train_loss:3.3342 train_time:1647537ms step_avg:629.79ms
step:2627/3242 train_loss:3.4152 train_time:1648170ms step_avg:629.79ms
step:2628/3242 train_loss:3.3330 train_time:1648794ms step_avg:629.79ms
step:2629/3242 train_loss:3.3349 train_time:1649422ms step_avg:629.79ms
step:2630/3242 train_loss:3.5480 train_time:1650051ms step_avg:629.79ms
step:2631/3242 train_loss:3.4658 train_time:1650680ms step_avg:629.79ms
step:2632/3242 train_loss:3.7312 train_time:1651305ms step_avg:629.79ms
step:2633/3242 train_loss:3.3962 train_time:1651940ms step_avg:629.79ms
step:2634/3242 train_loss:3.3737 train_time:1652562ms step_avg:629.79ms
step:2635/3242 train_loss:3.2498 train_time:1653191ms step_avg:629.79ms
step:2636/3242 train_loss:3.4257 train_time:1653819ms step_avg:629.79ms
step:2637/3242 train_loss:2.9845 train_time:1654448ms step_avg:629.79ms
step:2638/3242 train_loss:3.4512 train_time:1655073ms step_avg:629.78ms
step:2639/3242 train_loss:3.3809 train_time:1655703ms step_avg:629.78ms
step:2640/3242 train_loss:3.0692 train_time:1656331ms step_avg:629.78ms
step:2641/3242 train_loss:3.3460 train_time:1656961ms step_avg:629.78ms
step:2642/3242 train_loss:3.4204 train_time:1657593ms step_avg:629.78ms
step:2643/3242 train_loss:3.2062 train_time:1658222ms step_avg:629.78ms
step:2644/3242 train_loss:3.3012 train_time:1658850ms step_avg:629.78ms
step:2645/3242 train_loss:3.4604 train_time:1659473ms step_avg:629.78ms
step:2646/3242 train_loss:3.2868 train_time:1660105ms step_avg:629.78ms
step:2647/3242 train_loss:3.3286 train_time:1660724ms step_avg:629.78ms
step:2648/3242 train_loss:3.6008 train_time:1661353ms step_avg:629.78ms
step:2649/3242 train_loss:3.4507 train_time:1661982ms step_avg:629.78ms
step:2650/3242 train_loss:3.3110 train_time:1662614ms step_avg:629.78ms
step:2651/3242 train_loss:3.2887 train_time:1663240ms step_avg:629.78ms
step:2652/3242 train_loss:3.4233 train_time:1663868ms step_avg:629.78ms
step:2653/3242 train_loss:3.3134 train_time:1664496ms step_avg:629.78ms
step:2654/3242 train_loss:3.1850 train_time:1665126ms step_avg:629.78ms
step:2655/3242 train_loss:3.3568 train_time:1665756ms step_avg:629.78ms
step:2656/3242 train_loss:3.2089 train_time:1666384ms step_avg:629.77ms
step:2657/3242 train_loss:3.4029 train_time:1667012ms step_avg:629.77ms
step:2658/3242 train_loss:3.2512 train_time:1667644ms step_avg:629.77ms
step:2659/3242 train_loss:3.2985 train_time:1668271ms step_avg:629.77ms
step:2660/3242 train_loss:3.4488 train_time:1669056ms step_avg:629.83ms
step:2661/3242 train_loss:3.3855 train_time:1669685ms step_avg:629.83ms
step:2662/3242 train_loss:3.3169 train_time:1670313ms step_avg:629.83ms
step:2663/3242 train_loss:3.4758 train_time:1670938ms step_avg:629.83ms
step:2664/3242 train_loss:3.3718 train_time:1671566ms step_avg:629.83ms
step:2665/3242 train_loss:3.2738 train_time:1672198ms step_avg:629.83ms
step:2666/3242 train_loss:3.3399 train_time:1672828ms step_avg:629.83ms
step:2667/3242 train_loss:3.2912 train_time:1673460ms step_avg:629.83ms
step:2668/3242 train_loss:3.4420 train_time:1674095ms step_avg:629.83ms
step:2669/3242 train_loss:3.2611 train_time:1674712ms step_avg:629.83ms
step:2670/3242 train_loss:3.4546 train_time:1675340ms step_avg:629.83ms
step:2671/3242 train_loss:3.2195 train_time:1675967ms step_avg:629.83ms
step:2672/3242 train_loss:3.2621 train_time:1676595ms step_avg:629.83ms
step:2673/3242 train_loss:3.3028 train_time:1677226ms step_avg:629.83ms
step:2674/3242 train_loss:3.4049 train_time:1677851ms step_avg:629.82ms
step:2675/3242 train_loss:3.3234 train_time:1678482ms step_avg:629.82ms
step:2676/3242 train_loss:3.3548 train_time:1679112ms step_avg:629.82ms
step:2677/3242 train_loss:3.2941 train_time:1679735ms step_avg:629.82ms
step:2678/3242 train_loss:3.4134 train_time:1680362ms step_avg:629.82ms
step:2679/3242 train_loss:3.4480 train_time:1680989ms step_avg:629.82ms
step:2680/3242 train_loss:3.2400 train_time:1681617ms step_avg:629.82ms
step:2681/3242 train_loss:3.1762 train_time:1682254ms step_avg:629.82ms
step:2682/3242 train_loss:3.2032 train_time:1682877ms step_avg:629.82ms
step:2683/3242 train_loss:3.3281 train_time:1683500ms step_avg:629.82ms
step:2684/3242 train_loss:3.4243 train_time:1684129ms step_avg:629.82ms
step:2685/3242 train_loss:3.5045 train_time:1684757ms step_avg:629.82ms
step:2686/3242 train_loss:3.3555 train_time:1685389ms step_avg:629.82ms
step:2687/3242 train_loss:3.3287 train_time:1686020ms step_avg:629.82ms
step:2688/3242 train_loss:3.6617 train_time:1686650ms step_avg:629.82ms
step:2689/3242 train_loss:3.3783 train_time:1687279ms step_avg:629.82ms
step:2690/3242 train_loss:3.3248 train_time:1687908ms step_avg:629.82ms
step:2691/3242 train_loss:3.2661 train_time:1688536ms step_avg:629.82ms
step:2692/3242 train_loss:3.3477 train_time:1689163ms step_avg:629.81ms
step:2693/3242 train_loss:3.1780 train_time:1689809ms step_avg:629.82ms
step:2694/3242 train_loss:3.8226 train_time:1690445ms step_avg:629.82ms
step:2695/3242 train_loss:3.4113 train_time:1691070ms step_avg:629.82ms
step:2696/3242 train_loss:3.2901 train_time:1691699ms step_avg:629.82ms
step:2697/3242 train_loss:3.4093 train_time:1692331ms step_avg:629.82ms
step:2698/3242 train_loss:3.2958 train_time:1692959ms step_avg:629.82ms
step:2699/3242 train_loss:3.4488 train_time:1693586ms step_avg:629.82ms
step:2700/3242 train_loss:3.5358 train_time:1694215ms step_avg:629.82ms
step:2701/3242 train_loss:3.3370 train_time:1694845ms step_avg:629.82ms
step:2702/3242 train_loss:3.2717 train_time:1695472ms step_avg:629.82ms
step:2703/3242 train_loss:3.2426 train_time:1696100ms step_avg:629.82ms
step:2704/3242 train_loss:3.2657 train_time:1696727ms step_avg:629.82ms
step:2705/3242 train_loss:3.2730 train_time:1697361ms step_avg:629.82ms
step:2706/3242 train_loss:3.5327 train_time:1697984ms step_avg:629.82ms
step:2707/3242 train_loss:3.3874 train_time:1698611ms step_avg:629.81ms
step:2708/3242 train_loss:3.3783 train_time:1699243ms step_avg:629.82ms
step:2709/3242 train_loss:3.4358 train_time:1699873ms step_avg:629.82ms
step:2710/3242 train_loss:3.5082 train_time:1700500ms step_avg:629.81ms
step:2711/3242 train_loss:3.3732 train_time:1701127ms step_avg:629.81ms
step:2712/3242 train_loss:3.3852 train_time:1701756ms step_avg:629.81ms
step:2713/3242 train_loss:3.1766 train_time:1702361ms step_avg:629.80ms
step:2714/3242 train_loss:3.4737 train_time:1702994ms step_avg:629.81ms
step:2715/3242 train_loss:3.1834 train_time:1703621ms step_avg:629.80ms
step:2716/3242 train_loss:3.1825 train_time:1704249ms step_avg:629.80ms
step:2717/3242 train_loss:3.5821 train_time:1704882ms step_avg:629.80ms
step:2718/3242 train_loss:3.3050 train_time:1705510ms step_avg:629.80ms
step:2719/3242 train_loss:3.3435 train_time:1706138ms step_avg:629.80ms
step:2720/3242 train_loss:3.2051 train_time:1706767ms step_avg:629.80ms
step:2721/3242 train_loss:3.4254 train_time:1707397ms step_avg:629.80ms
step:2722/3242 train_loss:3.5545 train_time:1708026ms step_avg:629.80ms
step:2723/3242 train_loss:3.2495 train_time:1708652ms step_avg:629.80ms
step:2724/3242 train_loss:3.3242 train_time:1709279ms step_avg:629.80ms
step:2725/3242 train_loss:3.4535 train_time:1709908ms step_avg:629.80ms
step:2726/3242 train_loss:3.3084 train_time:1710535ms step_avg:629.80ms
step:2727/3242 train_loss:3.3485 train_time:1711163ms step_avg:629.80ms
step:2728/3242 train_loss:3.5183 train_time:1711791ms step_avg:629.80ms
step:2729/3242 train_loss:3.4459 train_time:1712421ms step_avg:629.80ms
step:2730/3242 train_loss:3.2437 train_time:1713049ms step_avg:629.80ms
step:2731/3242 train_loss:3.3144 train_time:1713676ms step_avg:629.80ms
step:2732/3242 train_loss:3.2321 train_time:1714305ms step_avg:629.80ms
step:2733/3242 train_loss:3.2510 train_time:1714935ms step_avg:629.80ms
step:2734/3242 train_loss:3.2506 train_time:1715562ms step_avg:629.80ms
step:2735/3242 train_loss:3.2770 train_time:1716190ms step_avg:629.79ms
step:2736/3242 train_loss:3.1277 train_time:1716818ms step_avg:629.79ms
step:2737/3242 train_loss:3.3794 train_time:1717450ms step_avg:629.79ms
step:2738/3242 train_loss:3.3209 train_time:1718079ms step_avg:629.79ms
step:2739/3242 train_loss:3.6721 train_time:1718707ms step_avg:629.79ms
step:2740/3242 train_loss:3.3676 train_time:1719333ms step_avg:629.79ms
step:2741/3242 train_loss:3.3428 train_time:1719962ms step_avg:629.79ms
step:2742/3242 train_loss:3.2940 train_time:1720590ms step_avg:629.79ms
step:2743/3242 train_loss:3.3141 train_time:1721218ms step_avg:629.79ms
step:2744/3242 train_loss:3.2508 train_time:1721863ms step_avg:629.80ms
step:2745/3242 train_loss:3.2853 train_time:1722489ms step_avg:629.79ms
step:2746/3242 train_loss:3.1596 train_time:1723102ms step_avg:629.79ms
step:2747/3242 train_loss:3.2488 train_time:1723734ms step_avg:629.79ms
step:2748/3242 train_loss:3.4054 train_time:1724363ms step_avg:629.79ms
step:2749/3242 train_loss:3.3508 train_time:1724987ms step_avg:629.79ms
step:2750/3242 train_loss:3.4412 train_time:1725617ms step_avg:629.79ms
step:2750/3242 val_loss:3.3363 train_time:1725997ms step_avg:629.93ms
step:2751/3242 train_loss:3.4607 train_time:1726261ms step_avg:629.79ms
step:2752/3242 train_loss:3.4192 train_time:1726891ms step_avg:629.79ms
step:2753/3242 train_loss:3.4974 train_time:1727499ms step_avg:629.78ms
step:2754/3242 train_loss:3.2569 train_time:1728125ms step_avg:629.78ms
step:2755/3242 train_loss:3.3408 train_time:1728755ms step_avg:629.78ms
step:2756/3242 train_loss:3.4340 train_time:1729383ms step_avg:629.78ms
step:2757/3242 train_loss:3.3587 train_time:1730012ms step_avg:629.78ms
step:2758/3242 train_loss:2.9842 train_time:1730639ms step_avg:629.78ms
step:2759/3242 train_loss:3.3234 train_time:1731277ms step_avg:629.78ms
step:2760/3242 train_loss:3.3624 train_time:1731896ms step_avg:629.78ms
step:2761/3242 train_loss:3.4244 train_time:1732529ms step_avg:629.78ms
step:2762/3242 train_loss:3.3645 train_time:1733155ms step_avg:629.78ms
step:2763/3242 train_loss:3.2580 train_time:1733783ms step_avg:629.78ms
step:2764/3242 train_loss:3.3132 train_time:1734412ms step_avg:629.78ms
step:2765/3242 train_loss:3.3933 train_time:1735056ms step_avg:629.78ms
step:2766/3242 train_loss:3.1494 train_time:1735678ms step_avg:629.78ms
step:2767/3242 train_loss:3.3411 train_time:1736306ms step_avg:629.78ms
step:2768/3242 train_loss:3.4511 train_time:1736933ms step_avg:629.78ms
step:2769/3242 train_loss:3.1989 train_time:1737563ms step_avg:629.78ms
step:2770/3242 train_loss:3.4264 train_time:1738192ms step_avg:629.78ms
step:2771/3242 train_loss:3.4468 train_time:1738816ms step_avg:629.78ms
step:2772/3242 train_loss:3.2898 train_time:1739443ms step_avg:629.78ms
step:2773/3242 train_loss:3.1517 train_time:1740075ms step_avg:629.78ms
step:2774/3242 train_loss:3.2884 train_time:1740706ms step_avg:629.78ms
step:2775/3242 train_loss:3.5234 train_time:1741342ms step_avg:629.78ms
step:2776/3242 train_loss:3.3346 train_time:1741965ms step_avg:629.78ms
step:2777/3242 train_loss:3.4756 train_time:1742595ms step_avg:629.78ms
step:2778/3242 train_loss:3.3707 train_time:1743222ms step_avg:629.78ms
step:2779/3242 train_loss:3.2503 train_time:1743847ms step_avg:629.77ms
step:2780/3242 train_loss:3.1897 train_time:1744476ms step_avg:629.77ms
step:2781/3242 train_loss:3.2803 train_time:1745104ms step_avg:629.77ms
step:2782/3242 train_loss:3.3274 train_time:1745732ms step_avg:629.77ms
step:2783/3242 train_loss:3.3483 train_time:1746362ms step_avg:629.77ms
step:2784/3242 train_loss:3.3448 train_time:1746993ms step_avg:629.77ms
step:2785/3242 train_loss:3.3449 train_time:1747626ms step_avg:629.78ms
step:2786/3242 train_loss:3.3238 train_time:1748241ms step_avg:629.77ms
step:2787/3242 train_loss:3.2304 train_time:1748872ms step_avg:629.77ms
step:2788/3242 train_loss:3.4467 train_time:1749505ms step_avg:629.77ms
step:2789/3242 train_loss:3.3668 train_time:1750133ms step_avg:629.77ms
step:2790/3242 train_loss:3.3054 train_time:1750761ms step_avg:629.77ms
step:2791/3242 train_loss:3.3213 train_time:1751389ms step_avg:629.77ms
step:2792/3242 train_loss:3.2522 train_time:1752017ms step_avg:629.77ms
step:2793/3242 train_loss:3.2699 train_time:1752649ms step_avg:629.77ms
step:2794/3242 train_loss:3.4186 train_time:1753274ms step_avg:629.77ms
step:2795/3242 train_loss:3.2141 train_time:1753906ms step_avg:629.77ms
step:2796/3242 train_loss:3.4376 train_time:1754532ms step_avg:629.77ms
step:2797/3242 train_loss:3.2896 train_time:1755165ms step_avg:629.77ms
step:2798/3242 train_loss:3.3094 train_time:1755794ms step_avg:629.77ms
step:2799/3242 train_loss:3.1679 train_time:1756421ms step_avg:629.77ms
step:2800/3242 train_loss:3.5670 train_time:1757043ms step_avg:629.76ms
step:2801/3242 train_loss:3.4496 train_time:1757679ms step_avg:629.77ms
step:2802/3242 train_loss:3.5594 train_time:1758309ms step_avg:629.77ms
step:2803/3242 train_loss:3.2591 train_time:1758946ms step_avg:629.77ms
step:2804/3242 train_loss:3.4049 train_time:1759569ms step_avg:629.77ms
step:2805/3242 train_loss:3.3930 train_time:1760197ms step_avg:629.77ms
step:2806/3242 train_loss:3.1325 train_time:1760821ms step_avg:629.76ms
step:2807/3242 train_loss:3.5924 train_time:1761452ms step_avg:629.76ms
step:2808/3242 train_loss:3.3018 train_time:1762072ms step_avg:629.76ms
step:2809/3242 train_loss:3.2942 train_time:1762707ms step_avg:629.76ms
step:2810/3242 train_loss:3.5905 train_time:1763336ms step_avg:629.76ms
step:2811/3242 train_loss:3.2887 train_time:1763964ms step_avg:629.76ms
step:2812/3242 train_loss:3.3795 train_time:1764594ms step_avg:629.76ms
step:2813/3242 train_loss:3.2035 train_time:1765224ms step_avg:629.76ms
step:2814/3242 train_loss:3.4187 train_time:1765850ms step_avg:629.76ms
step:2815/3242 train_loss:3.3423 train_time:1766476ms step_avg:629.76ms
step:2816/3242 train_loss:3.3402 train_time:1767105ms step_avg:629.76ms
step:2817/3242 train_loss:2.7768 train_time:1767740ms step_avg:629.76ms
step:2818/3242 train_loss:3.3043 train_time:1768357ms step_avg:629.76ms
step:2819/3242 train_loss:3.2149 train_time:1768985ms step_avg:629.76ms
step:2820/3242 train_loss:3.4946 train_time:1769620ms step_avg:629.76ms
step:2821/3242 train_loss:3.2480 train_time:1770248ms step_avg:629.76ms
step:2822/3242 train_loss:3.3674 train_time:1770882ms step_avg:629.76ms
step:2823/3242 train_loss:3.4733 train_time:1771507ms step_avg:629.76ms
step:2824/3242 train_loss:3.4129 train_time:1772131ms step_avg:629.76ms
step:2825/3242 train_loss:3.0775 train_time:1772761ms step_avg:629.76ms
step:2826/3242 train_loss:3.4036 train_time:1773388ms step_avg:629.75ms
step:2827/3242 train_loss:3.4686 train_time:1774022ms step_avg:629.76ms
step:2828/3242 train_loss:3.0580 train_time:1774650ms step_avg:629.76ms
step:2829/3242 train_loss:3.3267 train_time:1775272ms step_avg:629.75ms
step:2830/3242 train_loss:3.3567 train_time:1775904ms step_avg:629.75ms
step:2831/3242 train_loss:3.2750 train_time:1776533ms step_avg:629.75ms
step:2832/3242 train_loss:3.4026 train_time:1777176ms step_avg:629.76ms
step:2833/3242 train_loss:3.2877 train_time:1777799ms step_avg:629.76ms
step:2834/3242 train_loss:3.2790 train_time:1778421ms step_avg:629.75ms
step:2835/3242 train_loss:3.0289 train_time:1779053ms step_avg:629.75ms
step:2836/3242 train_loss:3.5004 train_time:1779683ms step_avg:629.75ms
step:2837/3242 train_loss:3.3737 train_time:1780310ms step_avg:629.75ms
step:2838/3242 train_loss:3.3030 train_time:1780934ms step_avg:629.75ms
step:2839/3242 train_loss:3.2429 train_time:1781564ms step_avg:629.75ms
step:2840/3242 train_loss:3.2594 train_time:1782190ms step_avg:629.75ms
step:2841/3242 train_loss:3.3782 train_time:1782822ms step_avg:629.75ms
step:2842/3242 train_loss:3.2613 train_time:1783449ms step_avg:629.75ms
step:2843/3242 train_loss:3.3524 train_time:1784077ms step_avg:629.75ms
step:2844/3242 train_loss:3.4346 train_time:1784700ms step_avg:629.75ms
step:2845/3242 train_loss:3.3026 train_time:1785325ms step_avg:629.74ms
step:2846/3242 train_loss:3.2620 train_time:1785960ms step_avg:629.75ms
step:2847/3242 train_loss:3.2852 train_time:1786591ms step_avg:629.75ms
step:2848/3242 train_loss:3.7409 train_time:1787218ms step_avg:629.75ms
step:2849/3242 train_loss:3.2767 train_time:1787852ms step_avg:629.75ms
step:2850/3242 train_loss:3.2751 train_time:1788663ms step_avg:629.81ms
step:2851/3242 train_loss:3.4134 train_time:1789288ms step_avg:629.81ms
step:2852/3242 train_loss:3.3751 train_time:1789916ms step_avg:629.81ms
step:2853/3242 train_loss:3.3085 train_time:1790538ms step_avg:629.81ms
step:2854/3242 train_loss:3.3393 train_time:1791166ms step_avg:629.81ms
step:2855/3242 train_loss:3.3311 train_time:1791797ms step_avg:629.81ms
step:2856/3242 train_loss:3.2308 train_time:1792427ms step_avg:629.81ms
step:2857/3242 train_loss:3.3033 train_time:1793066ms step_avg:629.81ms
step:2858/3242 train_loss:3.3431 train_time:1793697ms step_avg:629.81ms
step:2859/3242 train_loss:3.0995 train_time:1794315ms step_avg:629.81ms
step:2860/3242 train_loss:3.3417 train_time:1794941ms step_avg:629.80ms
step:2861/3242 train_loss:3.2732 train_time:1795580ms step_avg:629.81ms
step:2862/3242 train_loss:3.2730 train_time:1796209ms step_avg:629.81ms
step:2863/3242 train_loss:3.3563 train_time:1796829ms step_avg:629.80ms
step:2864/3242 train_loss:3.6001 train_time:1797457ms step_avg:629.80ms
step:2865/3242 train_loss:3.3836 train_time:1798087ms step_avg:629.80ms
step:2866/3242 train_loss:3.3540 train_time:1798715ms step_avg:629.80ms
step:2867/3242 train_loss:3.3402 train_time:1799342ms step_avg:629.80ms
step:2868/3242 train_loss:3.5140 train_time:1799966ms step_avg:629.80ms
step:2869/3242 train_loss:3.3271 train_time:1800598ms step_avg:629.80ms
step:2870/3242 train_loss:3.2003 train_time:1801223ms step_avg:629.80ms
step:2871/3242 train_loss:3.4567 train_time:1801858ms step_avg:629.80ms
step:2872/3242 train_loss:3.2985 train_time:1802485ms step_avg:629.80ms
step:2873/3242 train_loss:3.3266 train_time:1803114ms step_avg:629.80ms
step:2874/3242 train_loss:3.1563 train_time:1803741ms step_avg:629.80ms
step:2875/3242 train_loss:3.2884 train_time:1804370ms step_avg:629.80ms
step:2875/3242 val_loss:3.3163 train_time:1804747ms step_avg:629.93ms
step:2876/3242 train_loss:3.2533 train_time:1804999ms step_avg:629.80ms
step:2877/3242 train_loss:3.2357 train_time:1805627ms step_avg:629.80ms
step:2878/3242 train_loss:3.3146 train_time:1806258ms step_avg:629.80ms
step:2879/3242 train_loss:3.4742 train_time:1806897ms step_avg:629.80ms
step:2880/3242 train_loss:3.2969 train_time:1807523ms step_avg:629.80ms
step:2881/3242 train_loss:3.3472 train_time:1808144ms step_avg:629.80ms
step:2882/3242 train_loss:3.3593 train_time:1808770ms step_avg:629.79ms
step:2883/3242 train_loss:3.4593 train_time:1809402ms step_avg:629.80ms
step:2884/3242 train_loss:3.2944 train_time:1810032ms step_avg:629.80ms
step:2885/3242 train_loss:3.1474 train_time:1810658ms step_avg:629.79ms
step:2886/3242 train_loss:3.1498 train_time:1811282ms step_avg:629.79ms
step:2887/3242 train_loss:3.2506 train_time:1811915ms step_avg:629.79ms
step:2888/3242 train_loss:3.2804 train_time:1812543ms step_avg:629.79ms
step:2889/3242 train_loss:3.3122 train_time:1813172ms step_avg:629.79ms
step:2890/3242 train_loss:3.6292 train_time:1813797ms step_avg:629.79ms
step:2891/3242 train_loss:3.2585 train_time:1814426ms step_avg:629.79ms
step:2892/3242 train_loss:3.3180 train_time:1815056ms step_avg:629.79ms
step:2893/3242 train_loss:3.2518 train_time:1815683ms step_avg:629.79ms
step:2894/3242 train_loss:3.2798 train_time:1816317ms step_avg:629.79ms
step:2895/3242 train_loss:3.2456 train_time:1816946ms step_avg:629.79ms
step:2896/3242 train_loss:3.3292 train_time:1817574ms step_avg:629.79ms
step:2897/3242 train_loss:3.4937 train_time:1818204ms step_avg:629.79ms
step:2898/3242 train_loss:3.2306 train_time:1818831ms step_avg:629.79ms
step:2899/3242 train_loss:3.3263 train_time:1819462ms step_avg:629.79ms
step:2900/3242 train_loss:3.0568 train_time:1820089ms step_avg:629.79ms
step:2901/3242 train_loss:3.4922 train_time:1820718ms step_avg:629.79ms
step:2902/3242 train_loss:3.3620 train_time:1821340ms step_avg:629.79ms
step:2903/3242 train_loss:3.2581 train_time:1821967ms step_avg:629.78ms
step:2904/3242 train_loss:3.3061 train_time:1822600ms step_avg:629.79ms
step:2905/3242 train_loss:3.2948 train_time:1823226ms step_avg:629.78ms
step:2906/3242 train_loss:3.2852 train_time:1823851ms step_avg:629.78ms
step:2907/3242 train_loss:3.0773 train_time:1824481ms step_avg:629.78ms
step:2908/3242 train_loss:3.4063 train_time:1825113ms step_avg:629.78ms
step:2909/3242 train_loss:3.3327 train_time:1825744ms step_avg:629.78ms
step:2910/3242 train_loss:3.6090 train_time:1826375ms step_avg:629.78ms
step:2911/3242 train_loss:3.0961 train_time:1827009ms step_avg:629.79ms
step:2912/3242 train_loss:3.2379 train_time:1827632ms step_avg:629.78ms
step:2913/3242 train_loss:3.2709 train_time:1828261ms step_avg:629.78ms
step:2914/3242 train_loss:3.7435 train_time:1828888ms step_avg:629.78ms
step:2915/3242 train_loss:3.3368 train_time:1829518ms step_avg:629.78ms
step:2916/3242 train_loss:3.1864 train_time:1830142ms step_avg:629.78ms
step:2917/3242 train_loss:3.2838 train_time:1830763ms step_avg:629.78ms
step:2918/3242 train_loss:3.2562 train_time:1831390ms step_avg:629.78ms
step:2919/3242 train_loss:3.2902 train_time:1832023ms step_avg:629.78ms
step:2920/3242 train_loss:3.1678 train_time:1832666ms step_avg:629.78ms
step:2921/3242 train_loss:3.3149 train_time:1833297ms step_avg:629.78ms
step:2922/3242 train_loss:3.2996 train_time:1833924ms step_avg:629.78ms
step:2923/3242 train_loss:3.3414 train_time:1834546ms step_avg:629.78ms
step:2924/3242 train_loss:3.2493 train_time:1835175ms step_avg:629.78ms
step:2925/3242 train_loss:3.3976 train_time:1835797ms step_avg:629.78ms
step:2926/3242 train_loss:3.3274 train_time:1836424ms step_avg:629.77ms
step:2927/3242 train_loss:3.2905 train_time:1837058ms step_avg:629.78ms
step:2928/3242 train_loss:3.4743 train_time:1837686ms step_avg:629.78ms
step:2929/3242 train_loss:3.2915 train_time:1838321ms step_avg:629.78ms
step:2930/3242 train_loss:3.2362 train_time:1838942ms step_avg:629.77ms
step:2931/3242 train_loss:3.4444 train_time:1839567ms step_avg:629.77ms
step:2932/3242 train_loss:3.5220 train_time:1840194ms step_avg:629.77ms
step:2933/3242 train_loss:3.5528 train_time:1840821ms step_avg:629.77ms
step:2934/3242 train_loss:3.4614 train_time:1841457ms step_avg:629.77ms
step:2935/3242 train_loss:3.2442 train_time:1842085ms step_avg:629.77ms
step:2936/3242 train_loss:3.3311 train_time:1842713ms step_avg:629.77ms
step:2937/3242 train_loss:3.2792 train_time:1843343ms step_avg:629.77ms
step:2938/3242 train_loss:3.2734 train_time:1843968ms step_avg:629.77ms
step:2939/3242 train_loss:3.3795 train_time:1844603ms step_avg:629.77ms
step:2940/3242 train_loss:3.2387 train_time:1845226ms step_avg:629.77ms
step:2941/3242 train_loss:3.4064 train_time:1845853ms step_avg:629.77ms
step:2942/3242 train_loss:3.5211 train_time:1846481ms step_avg:629.77ms
step:2943/3242 train_loss:3.2464 train_time:1847108ms step_avg:629.77ms
step:2944/3242 train_loss:3.0936 train_time:1847737ms step_avg:629.77ms
step:2945/3242 train_loss:3.1652 train_time:1848368ms step_avg:629.77ms
step:2946/3242 train_loss:3.3368 train_time:1848998ms step_avg:629.77ms
step:2947/3242 train_loss:3.3770 train_time:1849626ms step_avg:629.77ms
step:2948/3242 train_loss:3.2534 train_time:1850254ms step_avg:629.77ms
step:2949/3242 train_loss:3.2433 train_time:1850882ms step_avg:629.77ms
step:2950/3242 train_loss:3.3440 train_time:1851512ms step_avg:629.77ms
step:2951/3242 train_loss:3.3184 train_time:1852137ms step_avg:629.76ms
step:2952/3242 train_loss:3.4939 train_time:1852775ms step_avg:629.77ms
step:2953/3242 train_loss:3.3677 train_time:1853388ms step_avg:629.76ms
step:2954/3242 train_loss:3.4030 train_time:1854016ms step_avg:629.76ms
step:2955/3242 train_loss:3.3682 train_time:1854649ms step_avg:629.76ms
step:2956/3242 train_loss:3.2000 train_time:1855273ms step_avg:629.76ms
step:2957/3242 train_loss:3.2995 train_time:1855902ms step_avg:629.76ms
step:2958/3242 train_loss:3.3124 train_time:1856532ms step_avg:629.76ms
step:2959/3242 train_loss:3.2752 train_time:1857160ms step_avg:629.76ms
step:2960/3242 train_loss:3.4175 train_time:1857788ms step_avg:629.76ms
step:2961/3242 train_loss:3.2627 train_time:1858409ms step_avg:629.76ms
step:2962/3242 train_loss:3.3786 train_time:1859035ms step_avg:629.75ms
step:2963/3242 train_loss:3.2681 train_time:1859677ms step_avg:629.76ms
step:2964/3242 train_loss:3.3053 train_time:1860300ms step_avg:629.76ms
step:2965/3242 train_loss:3.2255 train_time:1860928ms step_avg:629.76ms
step:2966/3242 train_loss:3.4264 train_time:1861554ms step_avg:629.75ms
step:2967/3242 train_loss:3.1135 train_time:1862180ms step_avg:629.75ms
step:2968/3242 train_loss:3.7849 train_time:1862818ms step_avg:629.76ms
step:2969/3242 train_loss:3.3259 train_time:1863445ms step_avg:629.75ms
step:2970/3242 train_loss:3.2404 train_time:1864075ms step_avg:629.75ms
step:2971/3242 train_loss:3.4686 train_time:1864702ms step_avg:629.75ms
step:2972/3242 train_loss:3.4241 train_time:1865330ms step_avg:629.75ms
step:2973/3242 train_loss:3.1917 train_time:1865960ms step_avg:629.75ms
step:2974/3242 train_loss:3.2848 train_time:1866593ms step_avg:629.75ms
step:2975/3242 train_loss:3.1581 train_time:1867226ms step_avg:629.76ms
step:2976/3242 train_loss:3.2349 train_time:1867853ms step_avg:629.75ms
step:2977/3242 train_loss:3.0053 train_time:1868483ms step_avg:629.76ms
step:2978/3242 train_loss:3.5341 train_time:1869108ms step_avg:629.75ms
step:2979/3242 train_loss:3.3272 train_time:1869731ms step_avg:629.75ms
step:2980/3242 train_loss:3.4828 train_time:1870371ms step_avg:629.75ms
step:2981/3242 train_loss:3.3237 train_time:1870998ms step_avg:629.75ms
step:2982/3242 train_loss:3.4344 train_time:1871618ms step_avg:629.75ms
step:2983/3242 train_loss:3.3832 train_time:1872246ms step_avg:629.75ms
step:2984/3242 train_loss:3.2464 train_time:1872879ms step_avg:629.75ms
step:2985/3242 train_loss:3.3009 train_time:1873509ms step_avg:629.75ms
step:2986/3242 train_loss:3.3847 train_time:1874141ms step_avg:629.75ms
step:2987/3242 train_loss:3.3139 train_time:1874767ms step_avg:629.75ms
step:2988/3242 train_loss:3.5654 train_time:1875397ms step_avg:629.75ms
step:2989/3242 train_loss:3.1554 train_time:1876028ms step_avg:629.75ms
step:2990/3242 train_loss:3.3869 train_time:1876649ms step_avg:629.75ms
step:2991/3242 train_loss:3.3308 train_time:1877282ms step_avg:629.75ms
step:2992/3242 train_loss:3.3687 train_time:1877908ms step_avg:629.75ms
step:2993/3242 train_loss:3.2785 train_time:1878539ms step_avg:629.75ms
step:2994/3242 train_loss:3.4758 train_time:1879172ms step_avg:629.75ms
step:2995/3242 train_loss:3.1974 train_time:1879792ms step_avg:629.75ms
step:2996/3242 train_loss:3.1863 train_time:1880417ms step_avg:629.74ms
step:2997/3242 train_loss:3.2154 train_time:1881049ms step_avg:629.75ms
step:2998/3242 train_loss:3.2601 train_time:1881674ms step_avg:629.74ms
step:2999/3242 train_loss:3.3856 train_time:1882315ms step_avg:629.75ms
step:3000/3242 train_loss:3.1730 train_time:1882948ms step_avg:629.75ms
step:3000/3242 val_loss:3.2983 train_time:1883311ms step_avg:629.87ms
step:3001/3242 train_loss:3.2995 train_time:1883576ms step_avg:629.75ms
step:3002/3242 train_loss:3.1409 train_time:1884197ms step_avg:629.75ms
step:3003/3242 train_loss:3.2520 train_time:1884816ms step_avg:629.74ms
step:3004/3242 train_loss:3.3166 train_time:1885447ms step_avg:629.74ms
step:3005/3242 train_loss:4.0555 train_time:1886077ms step_avg:629.74ms
step:3006/3242 train_loss:3.1838 train_time:1886706ms step_avg:629.74ms
step:3007/3242 train_loss:3.3432 train_time:1887331ms step_avg:629.74ms
step:3008/3242 train_loss:3.1106 train_time:1887960ms step_avg:629.74ms
step:3009/3242 train_loss:3.4416 train_time:1888600ms step_avg:629.74ms
step:3010/3242 train_loss:3.4095 train_time:1889231ms step_avg:629.74ms
step:3011/3242 train_loss:3.4195 train_time:1889864ms step_avg:629.74ms
step:3012/3242 train_loss:3.3643 train_time:1890485ms step_avg:629.74ms
step:3013/3242 train_loss:3.1633 train_time:1891116ms step_avg:629.74ms
step:3014/3242 train_loss:3.2980 train_time:1891739ms step_avg:629.74ms
step:3015/3242 train_loss:3.3886 train_time:1892362ms step_avg:629.74ms
step:3016/3242 train_loss:3.1374 train_time:1892995ms step_avg:629.74ms
step:3017/3242 train_loss:3.2298 train_time:1893622ms step_avg:629.74ms
step:3018/3242 train_loss:3.3642 train_time:1894245ms step_avg:629.74ms
step:3019/3242 train_loss:3.4709 train_time:1894893ms step_avg:629.74ms
step:3020/3242 train_loss:3.2302 train_time:1895505ms step_avg:629.74ms
step:3021/3242 train_loss:3.5501 train_time:1896132ms step_avg:629.74ms
step:3022/3242 train_loss:3.2699 train_time:1896768ms step_avg:629.74ms
step:3023/3242 train_loss:3.1470 train_time:1897391ms step_avg:629.73ms
step:3024/3242 train_loss:3.3378 train_time:1898019ms step_avg:629.73ms
step:3025/3242 train_loss:3.4511 train_time:1898676ms step_avg:629.74ms
step:3026/3242 train_loss:3.2822 train_time:1899294ms step_avg:629.74ms
step:3027/3242 train_loss:3.3677 train_time:1899925ms step_avg:629.74ms
step:3028/3242 train_loss:3.1928 train_time:1900551ms step_avg:629.74ms
step:3029/3242 train_loss:3.0453 train_time:1901179ms step_avg:629.74ms
step:3030/3242 train_loss:3.3770 train_time:1901804ms step_avg:629.74ms
step:3031/3242 train_loss:3.2050 train_time:1902438ms step_avg:629.74ms
step:3032/3242 train_loss:3.0240 train_time:1903059ms step_avg:629.74ms
step:3033/3242 train_loss:3.4308 train_time:1903686ms step_avg:629.73ms
step:3034/3242 train_loss:3.5395 train_time:1904316ms step_avg:629.73ms
step:3035/3242 train_loss:3.2235 train_time:1904948ms step_avg:629.73ms
step:3036/3242 train_loss:3.2713 train_time:1905582ms step_avg:629.74ms
step:3037/3242 train_loss:3.2680 train_time:1906205ms step_avg:629.73ms
step:3038/3242 train_loss:3.1606 train_time:1906828ms step_avg:629.73ms
step:3039/3242 train_loss:3.3328 train_time:1907455ms step_avg:629.73ms
step:3040/3242 train_loss:3.3808 train_time:1908223ms step_avg:629.78ms
step:3041/3242 train_loss:3.3800 train_time:1908842ms step_avg:629.77ms
step:3042/3242 train_loss:2.9237 train_time:1909467ms step_avg:629.77ms
step:3043/3242 train_loss:3.3035 train_time:1910101ms step_avg:629.77ms
step:3044/3242 train_loss:3.2832 train_time:1910730ms step_avg:629.77ms
step:3045/3242 train_loss:3.3269 train_time:1911352ms step_avg:629.77ms
step:3046/3242 train_loss:3.4698 train_time:1911977ms step_avg:629.77ms
step:3047/3242 train_loss:3.2390 train_time:1912604ms step_avg:629.77ms
step:3048/3242 train_loss:3.3168 train_time:1913239ms step_avg:629.77ms
step:3049/3242 train_loss:3.3501 train_time:1913862ms step_avg:629.77ms
step:3050/3242 train_loss:3.2859 train_time:1914497ms step_avg:629.77ms
step:3051/3242 train_loss:3.3362 train_time:1915127ms step_avg:629.77ms
step:3052/3242 train_loss:3.2042 train_time:1915759ms step_avg:629.77ms
step:3053/3242 train_loss:3.2331 train_time:1916385ms step_avg:629.77ms
step:3054/3242 train_loss:3.4809 train_time:1917019ms step_avg:629.77ms
step:3055/3242 train_loss:3.4090 train_time:1917641ms step_avg:629.77ms
step:3056/3242 train_loss:3.3895 train_time:1918269ms step_avg:629.77ms
step:3057/3242 train_loss:3.2191 train_time:1918899ms step_avg:629.77ms
step:3058/3242 train_loss:3.2141 train_time:1919531ms step_avg:629.77ms
step:3059/3242 train_loss:3.4276 train_time:1920156ms step_avg:629.77ms
step:3060/3242 train_loss:3.2193 train_time:1920784ms step_avg:629.77ms
step:3061/3242 train_loss:3.3512 train_time:1921416ms step_avg:629.77ms
step:3062/3242 train_loss:3.3714 train_time:1922040ms step_avg:629.76ms
step:3063/3242 train_loss:3.2642 train_time:1922663ms step_avg:629.76ms
step:3064/3242 train_loss:3.2986 train_time:1923296ms step_avg:629.76ms
step:3065/3242 train_loss:3.3351 train_time:1923925ms step_avg:629.76ms
step:3066/3242 train_loss:3.2412 train_time:1924554ms step_avg:629.76ms
step:3067/3242 train_loss:3.1372 train_time:1925187ms step_avg:629.76ms
step:3068/3242 train_loss:3.2668 train_time:1925811ms step_avg:629.76ms
step:3069/3242 train_loss:3.2119 train_time:1926438ms step_avg:629.76ms
step:3070/3242 train_loss:3.1678 train_time:1927067ms step_avg:629.76ms
step:3071/3242 train_loss:3.3218 train_time:1927693ms step_avg:629.76ms
step:3072/3242 train_loss:3.3389 train_time:1928323ms step_avg:629.76ms
step:3073/3242 train_loss:3.2166 train_time:1928944ms step_avg:629.76ms
step:3074/3242 train_loss:3.2607 train_time:1929584ms step_avg:629.76ms
step:3075/3242 train_loss:3.2309 train_time:1930212ms step_avg:629.76ms
step:3076/3242 train_loss:3.2338 train_time:1930841ms step_avg:629.76ms
step:3077/3242 train_loss:3.4451 train_time:1931467ms step_avg:629.76ms
step:3078/3242 train_loss:3.1278 train_time:1932100ms step_avg:629.76ms
step:3079/3242 train_loss:4.1038 train_time:1932723ms step_avg:629.76ms
step:3080/3242 train_loss:3.2122 train_time:1933351ms step_avg:629.76ms
step:3081/3242 train_loss:3.3292 train_time:1933976ms step_avg:629.75ms
step:3082/3242 train_loss:3.4571 train_time:1934603ms step_avg:629.75ms
step:3083/3242 train_loss:3.1701 train_time:1935231ms step_avg:629.75ms
step:3084/3242 train_loss:3.2384 train_time:1935859ms step_avg:629.75ms
step:3085/3242 train_loss:3.2439 train_time:1936495ms step_avg:629.75ms
step:3086/3242 train_loss:3.3004 train_time:1937125ms step_avg:629.75ms
step:3087/3242 train_loss:3.2928 train_time:1937753ms step_avg:629.75ms
step:3088/3242 train_loss:3.1278 train_time:1938382ms step_avg:629.75ms
step:3089/3242 train_loss:3.3507 train_time:1939023ms step_avg:629.76ms
step:3090/3242 train_loss:3.2328 train_time:1939649ms step_avg:629.76ms
step:3091/3242 train_loss:3.5169 train_time:1940281ms step_avg:629.76ms
step:3092/3242 train_loss:3.3042 train_time:1940894ms step_avg:629.75ms
step:3093/3242 train_loss:3.2372 train_time:1941518ms step_avg:629.75ms
step:3094/3242 train_loss:3.2925 train_time:1942153ms step_avg:629.75ms
step:3095/3242 train_loss:3.2189 train_time:1942777ms step_avg:629.75ms
step:3096/3242 train_loss:3.2365 train_time:1943401ms step_avg:629.75ms
step:3097/3242 train_loss:3.7124 train_time:1944034ms step_avg:629.75ms
step:3098/3242 train_loss:3.2450 train_time:1944656ms step_avg:629.75ms
step:3099/3242 train_loss:3.3139 train_time:1945285ms step_avg:629.75ms
step:3100/3242 train_loss:3.3695 train_time:1945919ms step_avg:629.75ms
step:3101/3242 train_loss:3.3043 train_time:1946547ms step_avg:629.75ms
step:3102/3242 train_loss:3.3824 train_time:1947175ms step_avg:629.75ms
step:3103/3242 train_loss:3.2452 train_time:1947804ms step_avg:629.75ms
step:3104/3242 train_loss:3.7753 train_time:1948431ms step_avg:629.75ms
step:3105/3242 train_loss:3.4365 train_time:1949056ms step_avg:629.74ms
step:3106/3242 train_loss:2.9315 train_time:1949697ms step_avg:629.75ms
step:3107/3242 train_loss:3.1954 train_time:1950317ms step_avg:629.74ms
step:3108/3242 train_loss:3.0444 train_time:1950950ms step_avg:629.74ms
step:3109/3242 train_loss:3.4833 train_time:1951573ms step_avg:629.74ms
step:3110/3242 train_loss:3.3000 train_time:1952194ms step_avg:629.74ms
step:3111/3242 train_loss:3.4547 train_time:1952832ms step_avg:629.74ms
step:3112/3242 train_loss:3.2926 train_time:1953450ms step_avg:629.74ms
step:3113/3242 train_loss:3.4001 train_time:1954095ms step_avg:629.74ms
step:3114/3242 train_loss:3.3857 train_time:1954709ms step_avg:629.74ms
step:3115/3242 train_loss:3.2970 train_time:1955337ms step_avg:629.74ms
step:3116/3242 train_loss:3.2061 train_time:1955970ms step_avg:629.74ms
step:3117/3242 train_loss:3.1881 train_time:1956599ms step_avg:629.74ms
step:3118/3242 train_loss:3.2955 train_time:1957233ms step_avg:629.74ms
step:3119/3242 train_loss:3.7026 train_time:1957862ms step_avg:629.74ms
step:3120/3242 train_loss:3.3056 train_time:1958482ms step_avg:629.74ms
step:3121/3242 train_loss:3.2136 train_time:1959114ms step_avg:629.74ms
step:3122/3242 train_loss:3.3883 train_time:1959756ms step_avg:629.74ms
step:3123/3242 train_loss:3.4169 train_time:1960375ms step_avg:629.74ms
step:3124/3242 train_loss:3.4142 train_time:1961003ms step_avg:629.74ms
step:3125/3242 train_loss:3.1336 train_time:1961633ms step_avg:629.74ms
step:3125/3242 val_loss:3.2825 train_time:1962002ms step_avg:629.86ms
step:3126/3242 train_loss:3.2928 train_time:1962262ms step_avg:629.74ms
step:3127/3242 train_loss:3.2743 train_time:1962885ms step_avg:629.74ms
step:3128/3242 train_loss:3.3868 train_time:1963517ms step_avg:629.74ms
step:3129/3242 train_loss:3.3180 train_time:1964147ms step_avg:629.74ms
step:3130/3242 train_loss:3.0783 train_time:1964772ms step_avg:629.73ms
step:3131/3242 train_loss:3.1487 train_time:1965400ms step_avg:629.73ms
step:3132/3242 train_loss:3.3138 train_time:1966017ms step_avg:629.73ms
step:3133/3242 train_loss:3.3439 train_time:1966646ms step_avg:629.73ms
step:3134/3242 train_loss:3.1321 train_time:1967287ms step_avg:629.73ms
step:3135/3242 train_loss:3.3345 train_time:1967909ms step_avg:629.73ms
step:3136/3242 train_loss:3.1311 train_time:1968541ms step_avg:629.73ms
step:3137/3242 train_loss:3.4989 train_time:1969159ms step_avg:629.73ms
step:3138/3242 train_loss:3.7206 train_time:1969797ms step_avg:629.73ms
step:3139/3242 train_loss:3.5640 train_time:1970422ms step_avg:629.73ms
step:3140/3242 train_loss:3.2451 train_time:1971045ms step_avg:629.73ms
step:3141/3242 train_loss:3.2905 train_time:1971674ms step_avg:629.73ms
step:3142/3242 train_loss:3.2126 train_time:1972301ms step_avg:629.73ms
step:3143/3242 train_loss:3.4025 train_time:1972937ms step_avg:629.73ms
step:3144/3242 train_loss:3.1119 train_time:1973567ms step_avg:629.73ms
step:3145/3242 train_loss:3.3369 train_time:1974195ms step_avg:629.73ms
step:3146/3242 train_loss:3.4522 train_time:1974835ms step_avg:629.73ms
step:3147/3242 train_loss:3.2564 train_time:1975446ms step_avg:629.72ms
step:3148/3242 train_loss:3.4672 train_time:1976072ms step_avg:629.72ms
step:3149/3242 train_loss:3.8770 train_time:1976709ms step_avg:629.73ms
step:3150/3242 train_loss:3.1937 train_time:1977336ms step_avg:629.72ms
step:3151/3242 train_loss:3.2705 train_time:1977971ms step_avg:629.73ms
step:3152/3242 train_loss:3.4224 train_time:1978602ms step_avg:629.73ms
step:3153/3242 train_loss:3.1969 train_time:1979220ms step_avg:629.72ms
step:3154/3242 train_loss:3.3494 train_time:1979853ms step_avg:629.72ms
step:3155/3242 train_loss:3.1219 train_time:1980475ms step_avg:629.72ms
step:3156/3242 train_loss:3.2116 train_time:1981109ms step_avg:629.72ms
step:3157/3242 train_loss:3.3294 train_time:1981744ms step_avg:629.72ms
step:3158/3242 train_loss:3.3799 train_time:1982374ms step_avg:629.72ms
step:3159/3242 train_loss:3.2734 train_time:1983001ms step_avg:629.72ms
step:3160/3242 train_loss:3.2254 train_time:1983624ms step_avg:629.72ms
step:3161/3242 train_loss:3.3454 train_time:1984248ms step_avg:629.72ms
step:3162/3242 train_loss:3.5837 train_time:1984883ms step_avg:629.72ms
step:3163/3242 train_loss:3.4991 train_time:1985511ms step_avg:629.72ms
step:3164/3242 train_loss:3.3649 train_time:1986138ms step_avg:629.72ms
step:3165/3242 train_loss:3.3413 train_time:1986766ms step_avg:629.72ms
step:3166/3242 train_loss:3.2990 train_time:1987390ms step_avg:629.72ms
step:3167/3242 train_loss:3.1632 train_time:1988020ms step_avg:629.72ms
step:3168/3242 train_loss:3.0835 train_time:1988652ms step_avg:629.72ms
step:3169/3242 train_loss:3.1090 train_time:1989280ms step_avg:629.72ms
step:3170/3242 train_loss:3.3003 train_time:1989906ms step_avg:629.72ms
step:3171/3242 train_loss:3.0433 train_time:1990534ms step_avg:629.72ms
step:3172/3242 train_loss:3.2580 train_time:1991161ms step_avg:629.72ms
step:3173/3242 train_loss:3.4075 train_time:1991786ms step_avg:629.71ms
step:3174/3242 train_loss:3.3048 train_time:1992414ms step_avg:629.71ms
step:3175/3242 train_loss:3.3264 train_time:1993048ms step_avg:629.72ms
step:3176/3242 train_loss:3.3270 train_time:1993685ms step_avg:629.72ms
step:3177/3242 train_loss:3.1664 train_time:1994303ms step_avg:629.71ms
step:3178/3242 train_loss:3.2795 train_time:1994927ms step_avg:629.71ms
step:3179/3242 train_loss:3.5159 train_time:1995555ms step_avg:629.71ms
step:3180/3242 train_loss:3.2722 train_time:1996183ms step_avg:629.71ms
step:3181/3242 train_loss:3.2545 train_time:1996811ms step_avg:629.71ms
step:3182/3242 train_loss:3.2277 train_time:1997439ms step_avg:629.71ms
step:3183/3242 train_loss:3.4023 train_time:1998066ms step_avg:629.71ms
step:3184/3242 train_loss:3.3420 train_time:1998695ms step_avg:629.71ms
step:3185/3242 train_loss:3.2389 train_time:1999323ms step_avg:629.71ms
step:3186/3242 train_loss:3.4516 train_time:1999966ms step_avg:629.71ms
step:3187/3242 train_loss:3.3851 train_time:2000594ms step_avg:629.71ms
step:3188/3242 train_loss:3.1945 train_time:2001232ms step_avg:629.71ms
step:3189/3242 train_loss:3.3162 train_time:2001853ms step_avg:629.71ms
step:3190/3242 train_loss:3.2608 train_time:2002470ms step_avg:629.71ms
step:3191/3242 train_loss:3.2024 train_time:2003100ms step_avg:629.71ms
step:3192/3242 train_loss:3.2355 train_time:2003735ms step_avg:629.71ms
step:3193/3242 train_loss:3.1756 train_time:2004358ms step_avg:629.71ms
step:3194/3242 train_loss:3.9012 train_time:2004986ms step_avg:629.71ms
step:3195/3242 train_loss:3.3033 train_time:2005613ms step_avg:629.71ms
step:3196/3242 train_loss:3.0913 train_time:2006237ms step_avg:629.70ms
step:3197/3242 train_loss:3.2635 train_time:2006864ms step_avg:629.70ms
step:3198/3242 train_loss:3.0608 train_time:2007492ms step_avg:629.70ms
step:3199/3242 train_loss:3.1146 train_time:2008122ms step_avg:629.70ms
step:3200/3242 train_loss:3.0781 train_time:2008750ms step_avg:629.70ms
step:3201/3242 train_loss:3.2423 train_time:2009385ms step_avg:629.70ms
step:3202/3242 train_loss:3.3076 train_time:2010012ms step_avg:629.70ms
step:3203/3242 train_loss:3.1878 train_time:2010653ms step_avg:629.71ms
step:3204/3242 train_loss:3.2195 train_time:2011272ms step_avg:629.70ms
step:3205/3242 train_loss:3.2896 train_time:2011891ms step_avg:629.70ms
step:3206/3242 train_loss:3.4994 train_time:2012520ms step_avg:629.70ms
step:3207/3242 train_loss:3.0442 train_time:2013157ms step_avg:629.70ms
step:3208/3242 train_loss:3.4501 train_time:2013787ms step_avg:629.70ms
step:3209/3242 train_loss:3.3803 train_time:2014415ms step_avg:629.70ms
step:3210/3242 train_loss:3.4453 train_time:2015054ms step_avg:629.70ms
step:3211/3242 train_loss:3.1402 train_time:2015675ms step_avg:629.70ms
step:3212/3242 train_loss:3.1177 train_time:2016306ms step_avg:629.70ms
step:3213/3242 train_loss:3.1681 train_time:2016941ms step_avg:629.70ms
step:3214/3242 train_loss:3.5905 train_time:2017562ms step_avg:629.70ms
step:3215/3242 train_loss:3.0529 train_time:2018190ms step_avg:629.70ms
step:3216/3242 train_loss:3.2595 train_time:2018816ms step_avg:629.70ms
step:3217/3242 train_loss:3.1761 train_time:2019447ms step_avg:629.70ms
step:3218/3242 train_loss:3.2407 train_time:2020072ms step_avg:629.70ms
step:3219/3242 train_loss:3.2635 train_time:2020704ms step_avg:629.70ms
step:3220/3242 train_loss:3.4219 train_time:2021333ms step_avg:629.70ms
step:3221/3242 train_loss:3.3451 train_time:2021961ms step_avg:629.70ms
step:3222/3242 train_loss:3.2532 train_time:2022591ms step_avg:629.70ms
step:3223/3242 train_loss:3.1979 train_time:2023219ms step_avg:629.70ms
step:3224/3242 train_loss:3.1618 train_time:2023850ms step_avg:629.70ms
step:3225/3242 train_loss:3.1287 train_time:2024478ms step_avg:629.70ms
step:3226/3242 train_loss:3.2638 train_time:2025110ms step_avg:629.70ms
step:3227/3242 train_loss:3.1155 train_time:2025734ms step_avg:629.70ms
step:3228/3242 train_loss:3.1893 train_time:2026357ms step_avg:629.69ms
step:3229/3242 train_loss:3.2974 train_time:2026982ms step_avg:629.69ms
step:3230/3242 train_loss:3.1105 train_time:2027947ms step_avg:629.80ms
step:3231/3242 train_loss:3.0260 train_time:2028577ms step_avg:629.80ms
step:3232/3242 train_loss:3.2071 train_time:2029199ms step_avg:629.79ms
step:3233/3242 train_loss:3.4911 train_time:2029835ms step_avg:629.80ms
step:3234/3242 train_loss:3.5676 train_time:2030466ms step_avg:629.80ms
step:3235/3242 train_loss:3.4231 train_time:2031088ms step_avg:629.79ms
step:3236/3242 train_loss:3.1999 train_time:2031724ms step_avg:629.80ms
step:3237/3242 train_loss:3.5257 train_time:2032351ms step_avg:629.80ms
step:3238/3242 train_loss:3.3151 train_time:2032979ms step_avg:629.80ms
step:3239/3242 train_loss:3.3974 train_time:2033615ms step_avg:629.80ms
step:3240/3242 train_loss:3.0969 train_time:2034244ms step_avg:629.80ms
step:3241/3242 train_loss:3.2793 train_time:2034869ms step_avg:629.80ms
step:3242/3242 train_loss:3.3262 train_time:2035500ms step_avg:629.80ms
step:3242/3242 val_loss:3.2747 train_time:2035873ms step_avg:629.91ms
peak memory consumption: 42502 MiB
