run_seed.sh starting: SEED=0 NPROC=16
Python: /root/miniconda3/envs/llm_test/bin/python
Python 3.10.19
torch version: 2.7.1+cpu
torch_npu version: 2.7.1.post2
W0525 18:29:09.883000 668 site-packages/torch/distributed/run.py:766] 
W0525 18:29:09.883000 668 site-packages/torch/distributed/run.py:766] *****************************************
W0525 18:29:09.883000 668 site-packages/torch/distributed/run.py:766] Setting OMP_NUM_THREADS environment variable for each process to be 1 in default, to avoid your system being overloaded, please further tune the variable for optimal performance in your application as needed. 
W0525 18:29:09.883000 668 site-packages/torch/distributed/run.py:766] *****************************************
/root/miniconda3/envs/llm_test/lib/python3.10/site-packages/torch/autograd/__init__.py:221: UserWarning: Cannot create tensor with interal format while allow_internel_format=False, tensor will be created with base format. (Triggered internally at build/CMakeFiles/torch_npu.dir/compiler_depend.ts:338.)
  torch.ones_like(out, memory_format=torch.preserve_format)
/root/miniconda3/envs/llm_test/lib/python3.10/site-packages/torch/autograd/__init__.py:221: UserWarning: Cannot create tensor with interal format while allow_internel_format=False, tensor will be created with base format. (Triggered internally at build/CMakeFiles/torch_npu.dir/compiler_depend.ts:338.)
  torch.ones_like(out, memory_format=torch.preserve_format)
/root/miniconda3/envs/llm_test/lib/python3.10/site-packages/torch/autograd/__init__.py:221: UserWarning: Cannot create tensor with interal format while allow_internel_format=False, tensor will be created with base format. (Triggered internally at build/CMakeFiles/torch_npu.dir/compiler_depend.ts:338.)
  torch.ones_like(out, memory_format=torch.preserve_format)
/root/miniconda3/envs/llm_test/lib/python3.10/site-packages/torch/autograd/__init__.py:221: UserWarning: Cannot create tensor with interal format while allow_internel_format=False, tensor will be created with base format. (Triggered internally at build/CMakeFiles/torch_npu.dir/compiler_depend.ts:338.)
  torch.ones_like(out, memory_format=torch.preserve_format)
/root/miniconda3/envs/llm_test/lib/python3.10/site-packages/torch/autograd/__init__.py:221: UserWarning: Cannot create tensor with interal format while allow_internel_format=False, tensor will be created with base format. (Triggered internally at build/CMakeFiles/torch_npu.dir/compiler_depend.ts:338.)
  torch.ones_like(out, memory_format=torch.preserve_format)
/root/miniconda3/envs/llm_test/lib/python3.10/site-packages/torch/autograd/__init__.py:221: UserWarning: Cannot create tensor with interal format while allow_internel_format=False, tensor will be created with base format. (Triggered internally at build/CMakeFiles/torch_npu.dir/compiler_depend.ts:338.)
  torch.ones_like(out, memory_format=torch.preserve_format)
/root/miniconda3/envs/llm_test/lib/python3.10/site-packages/torch/autograd/__init__.py:221: UserWarning: Cannot create tensor with interal format while allow_internel_format=False, tensor will be created with base format. (Triggered internally at build/CMakeFiles/torch_npu.dir/compiler_depend.ts:338.)
  torch.ones_like(out, memory_format=torch.preserve_format)
/root/miniconda3/envs/llm_test/lib/python3.10/site-packages/torch/autograd/__init__.py:221: UserWarning: Cannot create tensor with interal format while allow_internel_format=False, tensor will be created with base format. (Triggered internally at build/CMakeFiles/torch_npu.dir/compiler_depend.ts:338.)
  torch.ones_like(out, memory_format=torch.preserve_format)
/root/miniconda3/envs/llm_test/lib/python3.10/site-packages/torch/autograd/__init__.py:221: UserWarning: Cannot create tensor with interal format while allow_internel_format=False, tensor will be created with base format. (Triggered internally at build/CMakeFiles/torch_npu.dir/compiler_depend.ts:338.)
  torch.ones_like(out, memory_format=torch.preserve_format)
/root/miniconda3/envs/llm_test/lib/python3.10/site-packages/torch/autograd/__init__.py:221: UserWarning: Cannot create tensor with interal format while allow_internel_format=False, tensor will be created with base format. (Triggered internally at build/CMakeFiles/torch_npu.dir/compiler_depend.ts:338.)
  torch.ones_like(out, memory_format=torch.preserve_format)
/root/miniconda3/envs/llm_test/lib/python3.10/site-packages/torch/autograd/__init__.py:221: UserWarning: Cannot create tensor with interal format while allow_internel_format=False, tensor will be created with base format. (Triggered internally at build/CMakeFiles/torch_npu.dir/compiler_depend.ts:338.)
  torch.ones_like(out, memory_format=torch.preserve_format)
/root/miniconda3/envs/llm_test/lib/python3.10/site-packages/torch/autograd/__init__.py:221: UserWarning: Cannot create tensor with interal format while allow_internel_format=False, tensor will be created with base format. (Triggered internally at build/CMakeFiles/torch_npu.dir/compiler_depend.ts:338.)
  torch.ones_like(out, memory_format=torch.preserve_format)
using device: npu:0
/root/miniconda3/envs/llm_test/lib/python3.10/site-packages/torch/autograd/__init__.py:221: UserWarning: Cannot create tensor with interal format while allow_internel_format=False, tensor will be created with base format. (Triggered internally at build/CMakeFiles/torch_npu.dir/compiler_depend.ts:338.)
  torch.ones_like(out, memory_format=torch.preserve_format)
/root/miniconda3/envs/llm_test/lib/python3.10/site-packages/torch/autograd/__init__.py:221: UserWarning: Cannot create tensor with interal format while allow_internel_format=False, tensor will be created with base format. (Triggered internally at build/CMakeFiles/torch_npu.dir/compiler_depend.ts:338.)
  torch.ones_like(out, memory_format=torch.preserve_format)
/root/miniconda3/envs/llm_test/lib/python3.10/site-packages/torch/autograd/__init__.py:221: UserWarning: Cannot create tensor with interal format while allow_internel_format=False, tensor will be created with base format. (Triggered internally at build/CMakeFiles/torch_npu.dir/compiler_depend.ts:338.)
  torch.ones_like(out, memory_format=torch.preserve_format)
/root/miniconda3/envs/llm_test/lib/python3.10/site-packages/torch/autograd/__init__.py:221: UserWarning: Cannot create tensor with interal format while allow_internel_format=False, tensor will be created with base format. (Triggered internally at build/CMakeFiles/torch_npu.dir/compiler_depend.ts:338.)
  torch.ones_like(out, memory_format=torch.preserve_format)
Training DataLoader: total number of tokens: 10255324043 across 103 files
Validation DataLoader: total number of tokens: 100000000 across 1 files
using device: npu:1
using device: npu:10
using device: npu:13
using device: npu:12
using device: npu:4
using device: npu:5
using device: npu:2
using device: npu:15
using device: npu:3
using device: npu:7
using device: npu:6
using device: npu:14
using device: npu:9
using device: npu:8
using device: npu:11
step:0/3242 val_loss:10.8258 train_time:299ms step_avg:nanms
step:1/3242 train_loss:10.8258 train_time:5100ms step_avg:nanms
step:2/3242 train_loss:10.4310 train_time:5364ms step_avg:nanms
step:3/3242 train_loss:9.8572 train_time:6000ms step_avg:nanms
step:4/3242 train_loss:8.8321 train_time:6635ms step_avg:nanms
step:5/3242 train_loss:7.9865 train_time:7271ms step_avg:nanms
step:6/3242 train_loss:7.5468 train_time:7902ms step_avg:nanms
step:7/3242 train_loss:7.1723 train_time:8533ms step_avg:nanms
step:8/3242 train_loss:6.9961 train_time:9168ms step_avg:nanms
step:9/3242 train_loss:6.9896 train_time:9807ms step_avg:nanms
step:10/3242 train_loss:6.7317 train_time:10441ms step_avg:nanms
step:11/3242 train_loss:6.8271 train_time:243ms step_avg:nanms
step:12/3242 train_loss:6.5093 train_time:878ms step_avg:nanms
step:13/3242 train_loss:6.5877 train_time:1508ms step_avg:502.57ms
step:14/3242 train_loss:6.4363 train_time:2141ms step_avg:535.13ms
step:15/3242 train_loss:6.3763 train_time:2779ms step_avg:555.88ms
step:16/3242 train_loss:6.3085 train_time:3411ms step_avg:568.42ms
step:17/3242 train_loss:6.4936 train_time:4039ms step_avg:577.03ms
step:18/3242 train_loss:6.4950 train_time:4671ms step_avg:583.93ms
step:19/3242 train_loss:6.3792 train_time:5299ms step_avg:588.76ms
step:20/3242 train_loss:6.4398 train_time:5949ms step_avg:594.91ms
step:21/3242 train_loss:6.1776 train_time:6573ms step_avg:597.54ms
step:22/3242 train_loss:6.2504 train_time:7205ms step_avg:600.38ms
step:23/3242 train_loss:6.7968 train_time:7834ms step_avg:602.62ms
step:24/3242 train_loss:6.2061 train_time:8462ms step_avg:604.44ms
step:25/3242 train_loss:6.6448 train_time:9092ms step_avg:606.15ms
step:26/3242 train_loss:6.0844 train_ti/root/miniconda3/envs/llm_test/lib/python3.10/site-packages/torch/autograd/__init__.py:221: UserWarning: Cannot create tensor with interal format while allow_internel_format=False, tensor will be created with base format. (Triggered internally at build/CMakeFiles/torch_npu.dir/compiler_depend.ts:338.)
  torch.ones_like(out, memory_format=torch.preserve_format)
/root/miniconda3/envs/llm_test/lib/python3.10/site-packages/torch/autograd/__init__.py:221: UserWarning: Cannot create tensor with interal format while allow_internel_format=False, tensor will be created with base format. (Triggered internally at build/CMakeFiles/torch_npu.dir/compiler_depend.ts:338.)
  torch.ones_like(out, memory_format=torch.preserve_format)
/root/miniconda3/envs/llm_test/lib/python3.10/site-packages/torch/autograd/__init__.py:221: UserWarning: Cannot create tensor with interal format while allow_internel_format=False, tensor will be created with base format. (Triggered internally at build/CMakeFiles/torch_npu.dir/compiler_depend.ts:338.)
  torch.ones_like(out, memory_format=torch.preserve_format)
/root/miniconda3/envs/llm_test/lib/python3.10/site-packages/torch/autograd/__init__.py:221: UserWarning: Cannot create tensor with interal format while allow_internel_format=False, tensor will be created with base format. (Triggered internally at build/CMakeFiles/torch_npu.dir/compiler_depend.ts:338.)
  torch.ones_like(out, memory_format=torch.preserve_format)
/root/miniconda3/envs/llm_test/lib/python3.10/site-packages/torch/autograd/__init__.py:221: UserWarning: Cannot create tensor with interal format while allow_internel_format=False, tensor will be created with base format. (Triggered internally at build/CMakeFiles/torch_npu.dir/compiler_depend.ts:338.)
  torch.ones_like(out, memory_format=torch.preserve_format)
/root/miniconda3/envs/llm_test/lib/python3.10/site-packages/torch/autograd/__init__.py:221: UserWarning: Cannot create tensor with interal format while allow_internel_format=False, tensor will be created with base format. (Triggered internally at build/CMakeFiles/torch_npu.dir/compiler_depend.ts:338.)
  torch.ones_like(out, memory_format=torch.preserve_format)
/root/miniconda3/envs/llm_test/lib/python3.10/site-packages/torch/autograd/__init__.py:221: UserWarning: Cannot create tensor with interal format while allow_internel_format=False, tensor will be created with base format. (Triggered internally at build/CMakeFiles/torch_npu.dir/compiler_depend.ts:338.)
  torch.ones_like(out, memory_format=torch.preserve_format)
/root/miniconda3/envs/llm_test/lib/python3.10/site-packages/torch/autograd/__init__.py:221: UserWarning: Cannot create tensor with interal format while allow_internel_format=False, tensor will be created witstep:67/3242 train_loss:5.4179 train_time:35570ms step_avg:624.03ms
step:68/3242 train_loss:5.2241 train_time:36195ms step_avg:624.06ms
step:69/3242 train_loss:5.5536 train_time:36825ms step_avg:624.16ms
step:70/3242 train_loss:5.0653 train_time:37457ms step_avg:624.28ms
step:71/3242 train_loss:5.1852 train_time:38085ms step_avg:624.35ms
step:72/3242 train_loss:5.1490 train_time:38712ms step_avg:624.38ms
step:73/3242 train_loss:5.3155 train_time:39339ms step_avg:624.43ms
step:74/3242 train_loss:5.0475 train_time:39969ms step_avg:624.52ms
step:75/3242 train_loss:5.5025 train_time:40598ms step_avg:624.58ms
step:76/3242 train_loss:5.2357 train_time:41227ms step_avg:624.65ms
step:77/3242 train_loss:5.2130 train_time:41857ms step_avg:624.74ms
step:78/3242 train_loss:5.3572 train_time:42491ms step_avg:624.87ms
step:79/3242 train_loss:4.9525 train_time:43125ms step_avg:625.00ms
step:80/3242 train_loss:5.2315 train_time:43751ms step_avg:625.02ms
step:81/3242 train_loss:5.2115 train_time:44379ms step_avg:625.06ms
step:82/3242 train_loss:5.0285 train_time:45002ms step_avg:625.03ms
step:83/3242 train_loss:5.1271 train_time:45634ms step_avg:625.12ms
step:84/3242 train_loss:5.1063 train_time:46264ms step_avg:625.18ms
step:85/3242 train_loss:4.9662 train_time:46891ms step_avg:625.22ms
step:86/3242 train_loss:5.0035 train_time:47520ms step_avg:625.26ms
step:87/3242 train_loss:5.2473 train_time:48155ms step_avg:625.39ms
step:88/3242 train_loss:5.0784 train_time:48777ms step_avg:625.35ms
step:89/3242 train_loss:5.1578 train_time:49405ms step_avg:625.38ms
step:90/3242 train_loss:5.2313 train_time:50032ms step_avg:625.40ms
step:91/3242 train_loss:4.9845 train_time:50660ms step_avg:625.43ms
step:92/3242 train_loss:5.1468 train_time:51288ms step_avg:625.46ms
step:93/3242 train_loss:5.2224 train_time:51922ms step_avg:625.56ms
step:94/3242 train_loss:4.9602 train_time:52549ms step_avg:625.59ms
step:95/3242 train_loss:4.9767 train_time:53181ms step_avg:625.66ms
step:96/3242 train_loss:4.9940 train_time:53810ms step_avg:625.70ms
step:97/3242 train_loss:4.9788 train_time:54438ms step_avg:625.73ms
step:98/3242 train_loss:5.0157 train_time:55067ms step_avg:625.76ms
step:99/3242 train_loss:4.8980 train_time:55694ms step_avg:625.78ms
step:100/3242 train_loss:4.9456 train_time:56322ms step_avg:625.80ms
step:101/3242 train_loss:4.9647 train_time:56950ms step_avg:625.82ms
step:102/3242 train_loss:4.9604 train_time:57577ms step_avg:625.83ms
step:103/3242 train_loss:4.9562 train_time:58205ms step_avg:625.86ms
step:104/3242 train_loss:4.8312 train_time:58838ms step_avg:625.94ms
step:105/3242 train_loss:4.7527 train_time:59462ms step_avg:625.91ms
step:106/3242 train_loss:4.9026 train_time:60096ms step_avg:626.00ms
step:107/3242 train_loss:4.7157 train_time:60723ms step_avg:626.01ms
step:108/3242 train_loss:4.8437 train_time:61351ms step_avg:626.03ms
step:109/3242 train_loss:4.7494 train_time:61980ms step_avg:626.06ms
step:110/3242 train_loss:4.8767 train_time:62607ms step_avg:626.07ms
step:111/3242 train_loss:4.7802 train_time:63236ms step_avg:626.10ms
step:112/3242 train_loss:4.8117 train_time:63864ms step_avg:626.12ms
step:113/3242 train_loss:4.9500 train_time:64495ms step_avg:626.16ms
step:114/3242 train_loss:4.8284 train_time:65126ms step_avg:626.21ms
 npu:9
using device: npu:14
using device: npu:1
using device: npu:15
using device: npu:3
using device: npu:2
using device: npu:13
using device: npu:4
using device: npu:7
using device: npu:11
using device: npu:5
using device: npu:10
using device: npu:12
step:0/3242 val_loss:10.8258 train_time:70ms step_avg:nanms
step:1/3242 train_loss:10.8258 train_time:5143ms step_avg:nanms
step:2/3242 train_loss:10.4276 train_time:5611ms step_avg:nanms
step:3/3242 train_loss:9.8517 train_time:6250ms step_avg:nanms
step:4/3242 train_loss:8.8244 train_time:6891ms step_avg:nanms
step:5/3242 train_loss:7.9769 train_time:7527ms step_avg:nanms
step:6/3242 train_loss:7.5655 train_time:8156ms step_avg:nanms
step:7/3242 train_loss:7.1912 train_time:8787ms step_avg:nanms
step:8/3242 train_loss:6.9988 train_time:9416ms step_avg:nanms
step:9/3242 train_loss:6.9772 train_time:10052ms step_avg:nanms
step:10/3242 train_loss:6.7139 train_time:10684ms step_avg:nanms
step:11/3242 train_loss:6.7747 train_time:251ms step_avg:nanms
step:12/3242 train_loss:6.5380 train_time:882ms step_avg:nanms
step:13/3242 train_loss:6.5860 train_time:1511ms step_avg:503.83ms
step:14/3242 train_loss:6.4288 train_time:2134ms step_avg:533.44ms
step:15/3242 train_loss:6.3742 train_time:2764ms step_avg:552.73ms
step:16/3242 train_loss:6.3010 train_time:3396ms step_avg:566.07ms
step:17/3242 train_loss:6.4939 train_time:4024ms step_avg:574.83ms
step:18/3242 train_loss:6.4912 train_time:4656ms step_avg:581.95ms
step:115/3242 train_loss:4.7445 train_time:65757ms step_avg:626.26ms
step:116/3242 train_loss:4.8801 train_time:66383ms step_avg:626.26ms
step:117/3242 train_loss:4.8193 train_time:67013ms step_avg:626.29ms
step:118/3242 train_loss:4.6275 train_time:67641ms step_avg:626.30ms
step:119/3242 train_loss:4.9353 train_time:68268ms step_avg:626.31ms
step:120/3242 train_loss:4.7540 train_time:68897ms step_avg:626.34ms
step:121/3242 train_loss:4.7192 train_time:69526ms step_avg:626.36ms
step:122/3242 train_loss:4.5162 train_time:70155ms step_avg:626.38ms
step:123/3242 train_loss:4.7840 train_time:70795ms step_avg:626.51ms
step:124/3242 train_loss:4.6436 train_time:71426ms step_avg:626.54ms
step:125/3242 train_loss:4.9873 train_time:72053ms step_avg:626.55ms
step:125/3242 val_loss:4.6935 train_time:72449ms step_avg:629.99ms
step:126/3242 train_loss:4.7895 train_time:72692ms step_avg:626.65ms
step:127/3242 train_loss:4.7669 train_time:73319ms step_avg:626.66ms
step:128/3242 train_loss:4.6938 train_time:73947ms step_avg:626.67ms
step:129/3242 train_loss:4.6989 train_time:74574ms step_avg:626.67ms
step:130/3242 train_loss:5.1901 train_time:75203ms step_avg:626.69ms
step:131/3242 train_loss:4.7082 train_time:75832ms step_avg:626.71ms
step:132/3242 train_loss:4.4320 train_time:76463ms step_avg:626.75ms
step:133/3242 train_loss:4.5062 train_time:77091ms step_avg:626.76ms
step:134/3242 train_loss:4.6357 train_time:77722ms step_avg:626.79ms
step:135/3242 train_loss:4.5395 train_time:78355ms step_avg:626.84ms
step:136/3242 train_loss:4.5706 train_time:78988ms step_avg:626.89ms
step:137/3242 train_loss:4.4223 train_time:79615ms step_avg:626.89ms
step:138/3242 train_loss:4.6095 train_time:80245ms step_avg:626.91ms
step:139/3242 train_loss:4.5025 train_time:80873ms step_avg:626.92ms
step:140/3242 train_loss:4.6245 train_time:81502ms step_avg:626.94ms
step:141/3242 train_loss:4.9360 train_time:82134ms step_avg:626.98ms
step:142/3242 train_loss:4.6205 train_time:82759ms step_avg:626.96ms
step:143/3242 train_loss:4.5299 train_time:83390ms step_avg:626.99ms
step:144/3242 train_loss:4.5927 train_time:84016ms step_avg:626.98ms
step:145/3242 train_loss:4.5023 train_time:84645ms step_avg:627.00ms
step:146/3242 train_loss:4.4411 train_time:85276ms step_avg:627.03ms
step:147/3242 train_loss:4.3387 train_time:85903ms step_avg:627.03ms
step:148/3242 train_loss:4.5044 train_time:86530ms step_avg:627.03ms
step:149/3242 train_loss:4.5238 train_time:87159ms step_avg:627.04ms
step:150/3242 train_loss:4.6291 train_time:87788ms step_avg:627.06ms
step:151/3242 train_loss:4.5852 train_time:88416ms step_avg:627.07ms
step:152/3242 train_loss:4.4297 train_time:89045ms step_avg:627.08ms
step:153/3242 train_loss:4.4661 train_time:89672ms step_avg:627.08ms
step:154/3242 train_loss:4.5202 train_time:90302ms step_avg:627.10ms
step:155/3242 train_loss:4.7042 train_time:90927ms step_avg:627.09ms
s step_avg:621.30ms
step:62/3242 train_loss:5.2225 train_time:32311ms step_avg:621.36ms
step:63/3242 train_loss:5.4353 train_time:32942ms step_avg:621.55ms
step:64/3242 train_loss:5.3920 train_time:33568ms step_avg:621.62ms
step:65/3242 train_loss:5.0047 train_time:34198ms step_avg:621.79ms
step:66/3242 train_loss:5.2905 train_time:34825ms step_avg:621.87ms
step:156/3242 train_loss:4.4047 train_time:91555ms step_avg:627.09ms
step:157/3242 train_loss:4.5818 train_time:92186ms step_avg:627.11ms
step:158/3242 train_loss:4.6061 train_time:92815ms step_avg:627.13ms
step:159/3242 train_loss:4.4175 train_time:93446ms step_avg:627.15ms
step:160/3242 train_loss:4.5208 train_time:94074ms step_avg:627.16ms
step:161/3242 train_loss:4.3498 train_time:94701ms step_avg:627.16ms
step:162/3242 train_loss:4.5242 train_time:95332ms step_avg:627.19ms
step:163/3242 train_loss:4.5372 train_time:95960ms step_avg:627.19ms
step:164/3242 train_loss:4.4183 train_time:96592ms step_avg:627.22ms
step:165/3242 train_loss:4.3418 train_time:97222ms step_avg:627.24ms
step:166/3242 train_loss:4.3650 train_time:97851ms step_avg:627.25ms
step:167/3242 train_loss:4.5591 train_time:98482ms step_avg:627.27ms
step:168/3242 train_loss:4.1882 train_time:99113ms step_avg:627.30ms
step:169/3242 train_loss:4.6125 train_time:99744ms step_avg:627.32ms
step:170/3242 train_loss:4.2482 train_time:100372ms step_avg:627.32ms
step:171/3242 train_loss:4.2006 train_time:100994ms step_avg:627.29ms
step:172/3242 train_loss:4.3057 train_time:101627ms step_avg:627.33ms
step:173/3242 train_loss:4.3133 train_time:102252ms step_avg:627.31ms
step:174/3242 train_loss:4.3507 train_time:102884ms step_avg:627.34ms
step:175/3242 train_loss:4.4883 train_time:103509ms step_avg:627.33ms
step:176/3242 train_loss:4.4624 train_time:104141ms step_avg:627.35ms
step:177/3242 train_loss:4.2415 train_time:104769ms step_avg:627.36ms
step:178/3242 train_loss:4.2080 train_time:105401ms step_avg:627.39ms
step:179/3242 train_loss:4.2428 train_time:106035ms step_avg:627.42ms
step:180/3242 train_loss:4.2252 train_time:106661ms step_avg:627.42ms
step:181/3242 train_loss:4.2721 train_time:107288ms step_avg:627.42ms
step:182/3242 train_loss:4.2189 train_time:107922ms step_avg:627.46ms
step:183/3242 train_loss:4.2790 train_time:108546ms step_avg:627.43ms
step:184/3242 train_loss:4.2491 train_time:109207ms step_avg:627.62ms
step:185/3242 train_loss:4.2185 train_time:109833ms step_avg:627.62ms
step:186/3242 train_loss:4.5128 train_time:110462ms step_avg:627.63ms
step:187/3242 train_loss:4.3523 train_time:111094ms step_avg:627.65ms
step:188/3242 train_loss:4.4389 train_time:111723ms step_avg:627.66ms
step:189/3242 train_loss:4.2656 train_time:112353ms step_avg:627.67ms
step:190/3242 train_loss:4.2058 train_time:113559ms step_avg:630.88ms
step:191/3242 train_loss:4.3752 train_time:114208ms step_avg:630.98ms
step:192/3242 train_loss:4.1870 train_time:114834ms step_avg:630.96ms
step:193/3242 train_loss:4.1725 train_time:115463ms step_avg:630.95ms
step:194/3242 train_loss:4.3942 train_time:116094ms step_avg:630.95ms
step:195/3242 train_loss:4.2603 train_time:116722ms step_avg:630.93ms
step:196/3242 train_loss:4.6204 train_time:117351ms step_avg:630.92ms
step:197/3242 train_loss:4.3057 train_time:117982ms step_avg:630.92ms
step:198/3242 train_loss:4.0746 train_time:118609ms step_avg:630.90ms
step:199/3242 train_loss:4.1933 train_time:119243ms step_avg:630.92ms
step:200/3242 train_loss:4.1475 train_time:119867ms step_avg:630.88ms
step:201/3242 train_loss:4.2506 train_time:120504ms step_avg:630.91ms
step:202/3242 train_loss:4.1434 train_time:121134ms step_avg:630.91ms
step:203/3242 train_loss:4.3363 train_time:121761ms step_avg:630.88ms
s
step:116/3242 train_loss:4.8776 train_time:66274ms step_avg:625.22ms
step:117/3242 train_loss:4.8138 train_time:66910ms step_avg:625.33ms
step:118/3242 train_loss:4.6071 train_time:67524ms step_avg:625.23ms
step:119/3242 train_loss:4.9175 train_time:68150ms step_avg:625.23ms
step:204/3242 train_loss:4.2192 train_time:122395ms step_avg:630.90ms
step:205/3242 train_loss:4.4236 train_time:123031ms step_avg:630.93ms
step:206/3242 train_loss:4.2193 train_time:123665ms step_avg:630.94ms
step:207/3242 train_loss:4.0842 train_time:124292ms step_avg:630.92ms
step:208/3242 train_loss:4.2143 train_time:124921ms step_avg:630.91ms
step:209/3242 train_loss:4.2696 train_time:125550ms step_avg:630.91ms
step:210/3242 train_loss:4.3507 train_time:126177ms step_avg:630.88ms
step:211/3242 train_loss:4.2808 train_time:126806ms step_avg:630.88ms
step:212/3242 train_loss:4.2494 train_time:127416ms step_avg:630.77ms
step:213/3242 train_loss:4.2381 train_time:128041ms step_avg:630.74ms
step:214/3242 train_loss:4.0572 train_time:128671ms step_avg:630.74ms
step:215/3242 train_loss:4.2072 train_time:129298ms step_avg:630.72ms
step:216/3242 train_loss:4.0705 train_time:129929ms step_avg:630.72ms
step:217/3242 train_loss:4.0457 train_time:130557ms step_avg:630.71ms
step:218/3242 train_loss:4.1702 train_time:131188ms step_avg:630.71ms
step:219/3242 train_loss:4.1319 train_time:131818ms step_avg:630.71ms
step:220/3242 train_loss:4.1789 train_time:132445ms step_avg:630.69ms
step:221/3242 train_loss:4.1741 train_time:133079ms step_avg:630.71ms
step:222/3242 train_loss:4.1631 train_time:133706ms step_avg:630.69ms
step:223/3242 train_loss:4.0494 train_time:134335ms step_avg:630.68ms
step:224/3242 train_loss:4.0998 train_time:134967ms step_avg:630.69ms
step:225/3242 train_loss:4.3462 train_time:135602ms step_avg:630.70ms
step:226/3242 train_loss:3.9556 train_time:136231ms step_avg:630.70ms
step:227/3242 train_loss:3.9743 train_time:136868ms step_avg:630.73ms
step:228/3242 train_loss:4.0827 train_time:137494ms step_avg:630.71ms
step:229/3242 train_loss:4.2580 train_time:138123ms step_avg:630.70ms
step:230/3242 train_loss:4.0362 train_time:138750ms step_avg:630.68ms
step:231/3242 train_loss:4.1671 train_time:139377ms step_avg:630.67ms
step:232/3242 train_loss:4.1923 train_time:140004ms step_avg:630.65ms
step:233/3242 train_loss:3.9680 train_time:140632ms step_avg:630.64ms
step:234/3242 train_loss:4.2001 train_time:141261ms step_avg:630.63ms
step:235/3242 train_loss:4.0622 train_time:141890ms step_avg:630.62ms
step:236/3242 train_loss:3.7716 train_time:142522ms step_avg:630.63ms
step:237/3242 train_loss:4.1195 train_time:143150ms step_avg:630.62ms
step:238/3242 train_loss:4.1550 train_time:143778ms step_avg:630.60ms
step:239/3242 train_loss:4.0213 train_time:144405ms step_avg:630.59ms
step:240/3242 train_loss:4.2228 train_time:145033ms step_avg:630.58ms
step:241/3242 train_loss:4.1728 train_time:145662ms step_avg:630.57ms
step:242/3242 train_loss:4.0131 train_time:146293ms step_avg:630.57ms
step:243/3242 train_loss:3.9173 train_time:146923ms step_avg:630.57ms
step:244/3242 train_loss:4.step:160/3242 train_loss:4.5205 train_time:93915ms step_avg:626.10ms
step:161/3242 train_loss:4.3450 train_time:94547ms step_avg:626.14ms
step:162/3242 train_loss:4.5086 train_time:95176ms step_avg:626.16ms
step:163/3242 train_loss:4.5291 train_time:95803ms step_avg:626.16ms
step:164/3242 train_loss:4.4115 train_time:96430ms step_avg:626.17ms
step:165/3242 train_loss:4.3302 train_time:97057ms step_avg:626.18ms
step:166/3242 train_loss:4.3614 train_time:97692mstep:250/3242 val_loss:4.0883 train_time:151720ms step_avg:632.17ms
step:251/3242 train_loss:4.0184 train_time:151966ms step_avg:630.56ms
step:252/3242 train_loss:4.1742 train_time:152591ms step_avg:630.54ms
step:253/3242 train_loss:4.0879 train_time:153215ms step_avg:630.51ms
step:254/3242 train_loss:3.8591 train_time:153847ms step_avg:630.52ms
step:255/3242 train_loss:4.0364 train_time:154477ms step_avg:630.52ms
step:256/3242 train_loss:4.0585 train_time:155107ms step_avg:630.52ms
step:257/3242 train_loss:4.1616 train_time:155733ms step_avg:630.50ms
step:258/3242 train_loss:4.0045 train_time:156369ms step_avg:630.52ms
step:259/3242 train_loss:3.9668 train_time:157004ms step_avg:630.54ms
step:260/3242 train_loss:4.1103 train_time:157626ms step_avg:630.50ms
step:261/3242 train_loss:4.1322 train_time:158258ms step_avg:630.51ms
step:262/3242 train_loss:4.1656 train_time:158885ms step_avg:630.50ms
step:263/3242 train_loss:4.0521 train_time:159511ms step_avg:630.48ms
step:264/3242 train_loss:4.0568 train_time:160139ms step_avg:630.47ms
step:265/3242 train_loss:4.0763 train_time:160770ms step_avg:630.47ms
step:266/3242 train_loss:3.8415 train_time:161425ms step_avg:630.57ms
step:267/3242 train_loss:4.0114 train_time:162052ms step_avg:630.55ms
step:268/3242 train_loss:3.8515 train_time:162664ms step_avg:630.48ms
step:269/3242 train_loss:4.0076 train_time:163294ms step_avg:630.48ms
step:270/3242 train_loss:3.9355 train_time:163925ms step_avg:630.48ms
step:271/3242 train_loss:4.1591 train_time:164553ms step_avg:630.47ms
step:272/3242 train_loss:4.0801 train_time:165189ms step_avg:630.49ms
step:273/3242 train_loss:3.9788 train_time:165818ms step_avg:630.49ms
step:274/3242 train_loss:4.0608 train_time:166444ms step_avg:630.47ms
step:275/3242 train_loss:4.1159 train_time:167079ms step_avg:630.49ms
step:276/3242 train_loss:4.1076 train_time:167705ms step_avg:630.47ms
step:277/3242 train_loss:4.0157 train_time:168335ms step_avg:630.47ms
step:278/3242 train_loss:3.8930 train_time:168967ms step_avg:630.47ms
step:279/3242 train_loss:4.1698 train_time:169599ms step_avg:630.48ms
step:280/3242 train_loss:4.0155 train_time:170228ms step_avg:630.47ms
step:281/3242 train_loss:4.4408 train_time:170860ms step_avg:630.48ms
step:282/3242 train_loss:4.0380 train_time:171488ms step_avg:630.47ms
step:283/3242 train_loss:3.8797 train_time:172126ms step_avg:630.50ms
step:284/3242 train_loss:4.0246 train_time:172752ms step_avg:630.48ms
step:285/3242 train_loss:4.0512 train_time:173382ms step_avg:630.48ms
step:286/3242 train_loss:4.1066 train_time:174012ms step_avg:630.48ms
step:287/3242 trainstep:204/3242 train_loss:4.2136 train_time:122134ms step_avg:629.56ms
step:205/3242 train_loss:4.4363 train_time:122765ms step_avg:629.56ms
step:206/3242 train_loss:4.2238 train_time:123387ms step_avg:629.53ms
step:207/3242 train_loss:4.0883 train_time:124021ms step_avg:629.55ms
step:208/3242 train_loss:4.2182 train_time:124648msstep:292/3242 train_loss:4.0398 train_time:177796ms step_avg:630.48ms
step:293/3242 train_loss:4.0373 train_time:178423ms step_avg:630.47ms
step:294/3242 train_loss:3.9916 train_time:179051ms step_avg:630.46ms
step:295/3242 train_loss:4.0609 train_time:179681ms step_avg:630.46ms
step:296/3242 train_loss:3.9031 train_time:180309ms step_avg:630.45ms
step:297/3242 train_loss:3.9631 train_time:180940ms step_avg:630.45ms
step:298/3242 train_loss:3.9097 train_time:181579ms step_avg:630.48ms
step:299/3242 train_loss:4.0547 train_time:182208ms step_avg:630.48ms
step:300/3242 train_loss:3.9832 train_time:182837ms step_avg:630.47ms
step:301/3242 train_loss:4.1288 train_time:183464ms step_avg:630.46ms
step:302/3242 train_loss:4.0080 train_time:184094ms step_avg:630.46ms
step:303/3242 train_loss:3.9957 train_time:184724ms step_avg:630.46ms
step:304/3242 train_loss:3.9299 train_time:185352ms step_avg:630.45ms
step:305/3242 train_loss:4.0382 train_time:185980ms step_avg:630.44ms
step:306/3242 train_loss:5.0145 train_time:186612ms step_avg:630.44ms
step:307/3242 train_loss:3.9341 train_time:187260ms step_avg:630.51ms
step:308/3242 train_loss:3.9456 train_time:187888ms step_avg:630.50ms
step:309/3242 train_loss:4.0810 train_time:188518ms step_avg:630.49ms
step:310/3242 train_loss:3.9163 train_time:189156ms step_avg:630.52ms
step:311/3242 train_loss:4.1081 train_time:189782ms step_avg:630.50ms
step:312/3242 train_loss:3.8481 train_time:190410ms step_avg:630.50ms
step:313/3242 train_loss:3.8863 train_time:191039ms step_avg:630.49ms
step:314/3242 train_loss:4.0897 train_time:191666ms step_avg:630.48ms
step:315/3242 train_loss:4.2229 train_time:192297ms step_avg:630.48ms
step:316/3242 train_loss:4.0053 train_time:192905ms step_avg:630.41ms
step:317/3242 train_loss:3.9372 train_time:193539ms step_avg:630.42ms
step:318/3242 train_loss:3.9534 train_time:194162ms step_avg:630.40ms
step:319/3242 train_loss:4.0057 train_time:194791ms step_avg:630.39ms
step:320/3242 train_loss:4.0138 train_time:195419ms step_avg:630.38ms
step:321/3242 train_loss:4.2533 train_time:196052ms step_avg:630.39ms
step:322/3242 train_loss:4.0367 train_time:196675ms step_avg:630.37ms
step:323/3242 train_loss:4.0627 train_time:197308ms step_avg:630.38ms
step:324/3242 train_loss:4.2087 train_time:197937ms step_avg:630.37ms
step:325/3242 train_loss:4.0557 train_time:198566ms step_avg:630.37ms
step:326/3242 train_loss:4.0593 train_time:199191ms step_avg:630.35ms
step:327/3242 train_loss:3.9475 train_time:199820ms step_avg:630.35ms
step:328/3242 train_loss:4.9532 train_time:200450ms step_avg:630.34ms
step:329/3242 train_loss:4.1671 train_time:201079ms step_avg:630.34ms
step:330/3242 train_loss:3.9237 train_time:201707ms step_avg:630.33ms
step:331/3242 train_loss:3.8877 train_time:202334ms step_avg:630.32ms
step:332/3242 train_loss:3.8399 train_time:202967ms step_avg:630.33ms
step:333/3242 train_loss:4.0091 train_time:203597ms step_avg:630.33ms
step:334/3242 trainstep:250/3242 val_loss:4.0961 train_time:151445ms step_avg:631.02ms
step:251/3242 train_loss:4.0256 train_time:151687ms step_avg:629.41ms
step:252/3242 train_loss:4.1715 train_time:152315ms step_avg:629.40ms
step:253/3242 train_loss:4.0854 train_time:152949ms step_avg:629.42ms
step:254/3242 train_loss:3.8527 train_time:153569ms step_avg:629.38ms
step:255/3242 train_loss:4.0377 train_time:154196ms step_avg:629.37ms
step:256/3242 train_loss:4.0512 train_time:154823ms sstep:341/3242 train_loss:4.0195 train_time:208625ms step_avg:630.29ms
step:342/3242 train_loss:4.0357 train_time:209253ms step_avg:630.28ms
step:343/3242 train_loss:3.9207 train_time:209881ms step_avg:630.27ms
step:344/3242 train_loss:3.7824 train_time:210512ms step_avg:630.27ms
step:345/3242 train_loss:3.9376 train_time:211137ms step_avg:630.26ms
step:346/3242 train_loss:3.8150 train_time:211766ms step_avg:630.26ms
step:347/3242 train_loss:3.8021 train_time:212400ms step_avg:630.27ms
step:348/3242 train_loss:3.9412 train_time:213025ms step_avg:630.25ms
step:349/3242 train_loss:3.9282 train_time:213657ms step_avg:630.26ms
step:350/3242 train_loss:3.8672 train_time:214285ms step_avg:630.25ms
step:351/3242 train_loss:3.4604 train_time:214916ms step_avg:630.25ms
step:352/3242 train_loss:3.8323 train_time:215545ms step_avg:630.25ms
step:353/3242 train_loss:4.2696 train_time:216176ms step_avg:630.25ms
step:354/3242 train_loss:3.8563 train_time:216804ms step_avg:630.24ms
step:355/3242 train_loss:3.8947 train_time:217444ms step_avg:630.27ms
step:356/3242 train_loss:3.9544 train_time:218065ms step_avg:630.24ms
step:357/3242 train_loss:3.9936 train_time:218693ms step_avg:630.24ms
step:358/3242 train_loss:3.8792 train_time:219324ms step_avg:630.24ms
step:359/3242 train_loss:3.6810 train_time:219951ms step_avg:630.23ms
step:360/3242 train_loss:4.2034 train_time:220576ms step_avg:630.22ms
step:361/3242 train_loss:3.4186 train_time:221206ms step_avg:630.22ms
step:362/3242 train_loss:3.9318 train_time:221840ms step_avg:630.23ms
step:363/3242 train_loss:4.0067 train_time:222467ms step_avg:630.22ms
step:364/3242 train_loss:3.8296 train_time:223098ms step_avg:630.22ms
step:365/3242 train_loss:3.8194 train_time:223730ms step_avg:630.23ms
step:366/3242 train_loss:3.9539 train_time:224355ms step_avg:630.21ms
step:367/3242 train_loss:3.9683 train_time:224982ms step_avg:630.20ms
step:368/3242 train_loss:4.0170 train_time:225609ms step_avg:630.19ms
step:369/3242 train_loss:3.8872 train_time:226237ms step_avg:630.19ms
step:370/3242 train_loss:3.7597 train_time:226868ms step_avg:630.19ms
step:371/3242 train_loss:4.0130 train_time:227499ms step_avg:630.19ms
step:372/3242 train_loss:3.8131 train_time:228128ms step_avg:630.19ms
step:373/3242 train_loss:3.7873 train_time:228754ms step_avg:630.18ms
step:374/3242 train_loss:4.0230 train_time:229389ms step_avg:630.19ms
step:375/3242 train_loss:3.9315 train_time:230014ms step_avg:630.18ms
step:375/3242 val_loss:3.9112 train_time:230409ms step_avg:631.26ms
step:376/3242 train_loss:3.8955 train_time:230652ms step_avg:630.20ms
step:377/3242 trainstep:294/3242 train_loss:4.0016 train_time:178724ms step_avg:629.31ms
step:295/3242 train_loss:4.0743 train_time:179349ms step_avg:629.30ms
step:296/3242 train_loss:3.8932 train_time:179979ms step_avg:629.30ms
step:297/3242 train_loss:3.9633 train_time:180611ms step_avg:629.31ms
step:298/3242 train_loss:3.8995 train_time:181238msstep:382/3242 train_loss:3.9648 train_time:234597ms step_avg:630.64ms
step:383/3242 train_loss:3.8541 train_time:235232ms step_avg:630.65ms
step:384/3242 train_loss:3.8375 train_time:235862ms step_avg:630.65ms
step:385/3242 train_loss:3.8512 train_time:236499ms step_avg:630.66ms
step:386/3242 train_loss:3.8309 train_time:237131ms step_avg:630.67ms
step:387/3242 train_loss:4.0223 train_time:237758ms step_avg:630.66ms
step:388/3242 train_loss:4.2507 train_time:238395ms step_avg:630.67ms
step:389/3242 train_loss:3.9768 train_time:239026ms step_avg:630.68ms
step:390/3242 train_loss:3.8206 train_time:239650ms step_avg:630.66ms
step:391/3242 train_loss:3.9123 train_time:240280ms step_avg:630.66ms
step:392/3242 train_loss:3.9120 train_time:240911ms step_avg:630.66ms
step:393/3242 train_loss:4.0719 train_time:241537ms step_avg:630.64ms
step:394/3242 train_loss:3.8663 train_time:242169ms step_avg:630.65ms
step:395/3242 train_loss:3.8389 train_time:242795ms step_avg:630.64ms
step:396/3242 train_loss:3.6608 train_time:243425ms step_avg:630.63ms
step:397/3242 train_loss:4.0068 train_time:244058ms step_avg:630.64ms
step:398/3242 train_loss:3.9976 train_time:244688ms step_avg:630.64ms
step:399/3242 train_loss:4.0215 train_time:245321ms step_avg:630.65ms
step:400/3242 train_loss:3.8876 train_time:245947ms step_avg:630.63ms
step:401/3242 train_loss:4.0163 train_time:246579ms step_avg:630.64ms
step:402/3242 train_loss:3.9149 train_time:247207ms step_avg:630.63ms
step:403/3242 train_loss:4.0397 train_time:247835ms step_avg:630.62ms
step:404/3242 train_loss:4.0849 train_time:248462ms step_avg:630.61ms
step:405/3242 train_loss:3.9183 train_time:249090ms step_avg:630.61ms
step:406/3242 train_loss:3.9055 train_time:249718ms step_avg:630.60ms
step:407/3242 train_loss:4.1249 train_time:250352ms step_avg:630.61ms
step:408/3242 train_loss:3.9176 train_time:250978ms step_avg:630.60ms
step:409/3242 train_loss:3.8646 train_time:251605ms step_avg:630.59ms
step:410/3242 train_loss:4.0045 train_time:252233ms step_avg:630.58ms
step:411/3242 train_loss:3.8671 train_time:252869ms step_avg:630.60ms
step:412/3242 train_loss:3.8357 train_time:253493ms step_avg:630.58ms
step:413/3242 train_loss:4.4043 train_time:254122ms step_avg:630.57ms
step:414/3242 train_loss:3.8463 train_time:254749ms step_avg:630.57ms
step:415/3242 train_loss:4.0133 train_time:255386ms step_avg:630.58ms
step:416/3242 train_loss:3.8220 train_time:256011ms step_avg:630.57ms
step:417/3242 train_loss:3.8736 train_time:256640ms step_avg:630.56ms
step:418/3242 train_loss:4.0622 train_time:257269ms step_avg:630.56ms
step:419/3242 train_loss:3.7688 train_time:257900ms step_avg:630.56ms
step:420/3242 train_loss:3.8342 train_time:258527ms step_avg:630.55ms
step:421/3242 train_loss:3.6739 train_time:259156ms step_avg:630.55ms
step:422/3242 train_loss:3.6660 train_time:259784ms step_avg:630.54ms
step:423/3242 train_loss:3.8903 train_time:260414ms step_avg:630.54ms
step:424/3242 train_loss:3.8312 train_time:261043ms step_avg:630.54ms
step:425/3242 train_loss:3.7931 train_time:261672ms step_avg:630.53ms
step:426/3242 train_loss:3.7741 train_time:262302ms step_avg:630.53ms
step:427/3242 trainstep:344/3242 train_loss:3.7815 train_time:210134ms step_avg:629.14ms
step:345/3242 train_loss:3.9327 train_time:210764ms step_avg:629.15ms
step:346/3242 train_loss:3.8222 train_time:211390ms step_avg:629.14ms
step:347/3242 train_loss:3.7944 train_time:212018msstep:431/3242 train_loss:3.8807 train_time:265444ms step_avg:630.51ms
step:432/3242 train_loss:3.7319 train_time:266069ms step_avg:630.50ms
step:433/3242 train_loss:3.8741 train_time:266702ms step_avg:630.50ms
step:434/3242 train_loss:3.9683 train_time:267333ms step_avg:630.50ms
step:435/3242 train_loss:3.8750 train_time:267963ms step_avg:630.50ms
step:436/3242 train_loss:3.8949 train_time:268593ms step_avg:630.50ms
step:437/3242 train_loss:3.6334 train_time:269215ms step_avg:630.48ms
step:438/3242 train_loss:3.7295 train_time:269846ms step_avg:630.48ms
step:439/3242 train_loss:3.8185 train_time:270473ms step_avg:630.47ms
step:440/3242 train_loss:3.7631 train_time:271102ms step_avg:630.47ms
step:441/3242 train_loss:4.1408 train_time:271730ms step_avg:630.46ms
step:442/3242 train_loss:3.7354 train_time:272360ms step_avg:630.46ms
step:443/3242 train_loss:3.8370 train_time:272989ms step_avg:630.46ms
step:444/3242 train_loss:3.7373 train_time:273618ms step_avg:630.46ms
step:445/3242 train_loss:3.8085 train_time:274246ms step_avg:630.45ms
step:446/3242 train_loss:3.8542 train_time:274876ms step_avg:630.45ms
step:447/3242 train_loss:3.8596 train_time:275508ms step_avg:630.45ms
step:448/3242 train_loss:3.9284 train_time:276133ms step_avg:630.44ms
step:449/3242 train_loss:3.9585 train_time:276763ms step_avg:630.44ms
step:450/3242 train_loss:3.8472 train_time:277395ms step_avg:630.44ms
step:451/3242 train_loss:3.8445 train_time:278020ms step_avg:630.43ms
step:452/3242 train_loss:3.7738 train_time:278650ms step_avg:630.43ms
step:453/3242 train_loss:3.6918 train_time:279280ms step_avg:630.43ms
step:454/3242 train_loss:3.7147 train_time:279915ms step_avg:630.44ms
step:455/3242 train_loss:3.7058 train_time:280539ms step_avg:630.43ms
step:456/3242 train_loss:3.9823 train_time:281169ms step_avg:630.42ms
step:457/3242 train_loss:3.8275 train_time:281800ms step_avg:630.43ms
step:458/3242 train_loss:3.8346 train_time:282426ms step_avg:630.42ms
step:459/3242 train_loss:4.0121 train_time:283055ms step_avg:630.41ms
step:460/3242 train_loss:3.6498 train_time:283684ms step_avg:630.41ms
step:461/3242 train_loss:3.9246 train_time:284310ms step_avg:630.40ms
step:462/3242 train_loss:3.8360 train_time:284937ms step_avg:630.39ms
step:463/3242 train_loss:3.8918 train_time:285566ms step_avg:630.39ms
step:464/3242 train_loss:3.9053 train_time:286194ms step_avg:630.38ms
step:465/3242 train_loss:3.7738 train_time:286823ms step_avg:630.38ms
step:466/3242 train_loss:3.8133 train_time:287456ms step_avg:630.39ms
step:467/3242 train_loss:3.9691 train_time:288080ms step_avg:630.37ms
step:468/3242 train_loss:4.1332 train_time:288713ms step_avg:630.38ms
step:469/3242 train_loss:3.7596 train_time:289340ms step_avg:630.37ms
step:470/3242 train_loss:3.7510 train_time:289971ms step_avg:630.37ms
step:471/3242 trastep:387/3242 train_loss:4.0177 train_time:237264ms step_avg:629.35ms
step:388/3242 train_loss:4.2374 train_time:237897ms step_avg:629.36ms
step:389/3242 train_loss:3.9758 train_time:238523ms step_avg:629.35ms
step:390/3242 train_loss:3.8236 train_time:239149ms step_avg:629.34ms
step:391/3242 train_loss:3.8992 train_time:239776ms step_avg:629.33ms
step:392/3242 train_loss:3.9106 train_time:240405ms step_avg:629.33ms
step:393/3242 train_loss:4.0799 train_time:241034ms step_avg:629.33ms
step:394/3242 train_loss:3.8593 train_time:241662ms step_avg:629.33ms
step:395/3242 train_loss:3.8386 train_time:242291ms step_avg:629.33ms
in_loss:3.8509 train_time:296272ms step_avg:630.37ms
step:481/3242 train_loss:3.7928 train_time:296904ms step_avg:630.37ms
step:482/3242 train_loss:3.8789 train_time:297540ms step_avg:630.38ms
step:483/3242 train_loss:3.6391 train_time:298168ms step_avg:630.38ms
step:484/3242 train_loss:3.8527 train_time:298804ms step_avg:630.39ms
step:485/3242 train_loss:3.8104 train_time:299437ms step_avg:630.39ms
step:486/3242 train_loss:3.7956 train_time:300062ms step_avg:630.38ms
step:487/3242 train_loss:3.7177 train_time:300694ms step_avg:630.39ms
step:488/3242 train_loss:3.7811 train_time:301324ms step_avg:630.38ms
step:489/3242 train_loss:3.9000 train_time:301952ms step_avg:630.38ms
step:490/3242 train_loss:3.8990 train_time:302582ms step_avg:630.38ms
step:491/3242 train_loss:3.7943 train_time:303218ms step_avg:630.39ms
step:492/3242 train_loss:3.6887 train_time:303846ms step_avg:630.39ms
step:493/3242 train_loss:4.0877 train_time:304473ms step_avg:630.38ms
step:494/3242 train_loss:3.6387 train_time:305100ms step_avg:630.37ms
step:495/3242 train_loss:3.8593 train_time:305753ms step_avg:630.42ms
step:496/3242 train_loss:3.9092 train_time:306382ms step_avg:630.42ms
step:497/3242 train_loss:3.6704 train_time:307010ms step_avg:630.41ms
step:498/3242 train_loss:3.7964 train_time:307639ms step_avg:630.41ms
step:499/3242 train_loss:3.8888 train_time:308266ms step_avg:630.40ms
step:500/3242 train_loss:3.9173 train_time:308893ms step_avg:630.39ms
step:500/3242 val_loss:3.8125 train_time:309260ms step_avg:631.14ms
step:501/3242 train_loss:4.0090 train_time:309526ms step_avg:630.40ms
step:502/3242 train_loss:3.7544 train_time:310152ms step_avg:630.39ms
step:503/3242 train_loss:3.9286 train_time:310786ms step_avg:630.40ms
step:504/3242 train_loss:3.7756 train_time:311419ms step_avg:630.40ms
step:505/3242 train_loss:3.8481 train_time:312051ms step_avg:630.41ms
step:506/3242 train_loss:3.8162 train_time:312676ms step_avg:630.40ms
step:507/3242 train_loss:3.6987 train_time:313306ms step_avg:630.39ms
step:508/3242 train_loss:3.9808 train_time:313935ms step_avg:630.39ms
step:509/3242 train_loss:4.1735 train_time:314569ms step_avg:630.40ms
step:510/3242 train_loss:3.8014 train_time:315197ms step_avg:630.39ms
step:511/3242 train_loss:3.8159 train_time:315806ms step_avg:630.35ms
step:512/3242 train_loss:3.7626 train_time:316429ms step_avg:630.34ms
step:513/3242 train_loss:3.8885 train_time:317056ms step_avg:630.33ms
step:514/3242 train_loss:3.8649 train_time:317694ms step_avg:630.34ms
ststep:431/3242 train_loss:3.8843 train_time:264926ms step_avg:629.28ms
step:432/3242 train_loss:3.7368 train_time:265555ms step_avg:629.28ms
step:433/3242 train_loss:3.8792 train_time:266183ms step_avg:629.27ms
step:434/3242 train_loss:3.9636 train_time:266809ms step_avg:629.27ms
step:435/3242 train_loss:3.8655 train_time:267441ms step_avg:629.27ms
step:436/3242 train_loss:3.8924 train_time:268072ms step_avg:629.28ms
step:437/3242 train_loss:3.6339 train_time:268701ms step_avg:629.28mstep:522/3242 train_loss:3.7122 train_time:322714ms step_avg:630.30ms
step:523/3242 train_loss:3.7244 train_time:323347ms step_avg:630.31ms
step:524/3242 train_loss:5.1661 train_time:323976ms step_avg:630.30ms
step:525/3242 train_loss:3.7491 train_time:324610ms step_avg:630.31ms
step:526/3242 train_loss:3.8561 train_time:325237ms step_avg:630.31ms
step:527/3242 train_loss:3.7354 train_time:325866ms step_avg:630.30ms
step:528/3242 train_loss:3.6167 train_time:326494ms step_avg:630.30ms
step:529/3242 train_loss:3.7321 train_time:327122ms step_avg:630.29ms
step:530/3242 train_loss:3.9768 train_time:327753ms step_avg:630.29ms
step:531/3242 train_loss:3.7331 train_time:328381ms step_avg:630.29ms
step:532/3242 train_loss:3.9463 train_time:329010ms step_avg:630.29ms
step:533/3242 train_loss:3.8743 train_time:329648ms step_avg:630.30ms
step:534/3242 train_loss:3.7647 train_time:330269ms step_avg:630.29ms
step:535/3242 train_loss:3.7163 train_time:330901ms step_avg:630.29ms
step:536/3242 train_loss:3.6768 train_time:331523ms step_avg:630.27ms
step:537/3242 train_loss:3.8332 train_time:332155ms step_avg:630.27ms
step:538/3242 train_loss:3.8228 train_time:332783ms step_avg:630.27ms
step:539/3242 train_loss:3.7500 train_time:333416ms step_avg:630.28ms
step:540/3242 train_loss:4.3842 train_time:334045ms step_avg:630.27ms
step:541/3242 train_loss:3.8062 train_time:334676ms step_avg:630.28ms
step:542/3242 train_loss:3.9381 train_time:335303ms step_avg:630.27ms
step:543/3242 train_loss:3.7046 train_time:335930ms step_avg:630.26ms
step:544/3242 train_loss:3.7555 train_time:336558ms step_avg:630.26ms
step:545/3242 train_loss:3.7629 train_time:337184ms step_avg:630.25ms
step:546/3242 train_loss:3.6777 train_time:337814ms step_avg:630.25ms
step:547/3242 train_loss:3.7458 train_time:338445ms step_avg:630.25ms
step:548/3242 train_loss:3.7180 train_time:339074ms step_avg:630.25ms
step:549/3242 train_loss:3.8308 train_time:339702ms step_avg:630.24ms
step:550/3242 train_loss:3.7684 train_time:340335ms step_avg:630.25ms
step:551/3242 train_loss:3.7981 train_time:340963ms step_avg:630.25ms
step:552/3242 train_loss:3.7675 train_time:341602ms step_avg:630.26ms
step:553/3242 train_loss:3.6734 train_time:342220ms step_avg:630.24ms
step:554/3242 train_loss:4.0474 train_time:342849ms step_avg:630.24ms
step:555/3242 train_loss:3.8069 train_time:343479ms step_avg:630.24ms
step:556/3242 train_loss:3.7672 train_time:344110ms step_avg:630.24ms
step:557/3242 train_loss:3.8183 train_time:344736ms step_avg:630.23ms
step:558/3242 train_loss:3.3275 train_time:345367ms step_avg:630.23ms
step:559/3242 train_loss:3.7505 train_time:345999ms step_avg:630.23ms
step:560/3242 train_loss:3.7375 train_time:346631ms step_avg:630.24ms
step:561/3242 train_loss:3.9218 train_time:347261ms step_avg:630.24ms
step:562/3242 train_loss:3.7244 train_time:347898ms step_avg:630.25ms
step:563/3242 train_loss:3.5986 train_time:348525ms step_avg:630.24ms
ststep:480/3242 train_loss:3.8484 train_time:295725ms step_avg:629.20ms
step:481/3242 train_loss:3.7947 train_time:296352ms step_avg:629.20ms
step:482/3242 train_loss:3.8754 train_time:296980ms step_avg:629.19ms
step:483/3242 train_loss:3.6403 train_time:297607ms step_avg:629.19ms
step:484/3242 train_loss:3.8484 train_time:298236ms step_avg:629.19ms
step:485/3242 train_loss:3.8083 train_time:298867ms step_avg:629.19ms
step:486/3242 train_loss:3.7953 train_time:299495ms step_avg:629.19mstep:571/3242 train_loss:3.7626 train_time:353745ms step_avg:630.56ms
step:572/3242 train_loss:3.8616 train_time:354374ms step_avg:630.56ms
step:573/3242 train_loss:3.7197 train_time:355009ms step_avg:630.57ms
step:574/3242 train_loss:3.7650 train_time:355635ms step_avg:630.56ms
step:575/3242 train_loss:3.9707 train_time:356264ms step_avg:630.56ms
step:576/3242 train_loss:3.7846 train_time:356894ms step_avg:630.55ms
step:577/3242 train_loss:3.8869 train_time:357524ms step_avg:630.55ms
step:578/3242 train_loss:3.7726 train_time:358154ms step_avg:630.55ms
step:579/3242 train_loss:3.6911 train_time:358785ms step_avg:630.55ms
step:580/3242 train_loss:3.9023 train_time:359414ms step_avg:630.55ms
step:581/3242 train_loss:3.7569 train_time:360042ms step_avg:630.55ms
step:582/3242 train_loss:3.8160 train_time:360670ms step_avg:630.54ms
step:583/3242 train_loss:3.8458 train_time:361301ms step_avg:630.54ms
step:584/3242 train_loss:3.7567 train_time:361928ms step_avg:630.54ms
step:585/3242 train_loss:3.7198 train_time:362567ms step_avg:630.55ms
step:586/3242 train_loss:3.9582 train_time:363193ms step_avg:630.54ms
step:587/3242 train_loss:3.6743 train_time:363820ms step_avg:630.54ms
step:588/3242 train_loss:3.8081 train_time:364452ms step_avg:630.54ms
step:589/3242 train_loss:3.7740 train_time:365080ms step_avg:630.54ms
step:590/3242 train_loss:4.0722 train_time:365706ms step_avg:630.53ms
step:591/3242 train_loss:3.8529 train_time:366338ms step_avg:630.53ms
step:592/3242 train_loss:3.5141 train_time:366969ms step_avg:630.53ms
step:593/3242 train_loss:3.7128 train_time:367601ms step_avg:630.53ms
step:594/3242 train_loss:3.8007 train_time:368231ms step_avg:630.53ms
step:595/3242 train_loss:3.5627 train_time:368863ms step_avg:630.53ms
step:596/3242 train_loss:4.0795 train_time:369494ms step_avg:630.54ms
step:597/3242 train_loss:3.9058 train_time:370117ms step_avg:630.52ms
step:598/3242 train_loss:3.6454 train_time:370750ms step_avg:630.53ms
step:599/3242 train_loss:3.8130 train_time:371387ms step_avg:630.54ms
step:600/3242 train_loss:3.6466 train_time:372012ms step_avg:630.53ms
step:601/3242 train_loss:3.6427 train_time:372641ms step_avg:630.53ms
step:602/3242 train_loss:3.8351 train_time:373274ms step_avg:630.53ms
step:603/3242 train_loss:3.7599 train_time:373903ms step_avg:630.53ms
step:604/3242 train_loss:3.9382 train_time:374537ms step_avg:630.53ms
step:605/3242 train_loss:3.7105 train_time:375169ms step_avg:630.54ms
step:606/3242 train_loss:3.7815 train_time:375789ms step_avg:630.52ms
step:607/3242 train_loss:3.8019 train_time:376419ms step_avg:630.52ms
step:608/3242 train_loss:4.1072 train_time:377049ms step_avg:630.52ms
step:609/3242 train_loss:3.8328 train_time:377676ms step_avg:630.51ms
step:610/3242 train_loss:3.6716 train_time:378310ms step_avg:630.52ms
step:611/3242 train_loss:3.9560 train_time:378935ms step_avg:630.51ms
step:527/3242 train_loss:3.7389 train_time:325251ms step_avg:629.11ms
step:528/3242 train_loss:3.6183 train_time:325885ms step_avg:629.12ms
step:529/3242 train_loss:3.7315 train_time:326509ms step_avg:629.11ms
step:530/3242 train_loss:3.9802 train_time:327135ms step_avg:629.11ms
step:531/3242 train_loss:3.7292 train_time:327764ms step_avg:629.11ms
step:532/3242 train_loss:3.9541 train_time:328392ms step_avg:629.10ms
step:533/3242 train_loss:3.8625 train_time:329020ms step_avg:629.10ms
step:534/3242 train_loss:3.7644 train_time:329648ms step_avg:629.10ms
step:620/3242 train_loss:3.7639 train_time:384591ms step_avg:630.48ms
step:621/3242 train_loss:3.5931 train_time:385218ms step_avg:630.47ms
step:622/3242 train_loss:4.1846 train_time:385854ms step_avg:630.48ms
step:623/3242 train_loss:3.5965 train_time:386485ms step_avg:630.48ms
step:624/3242 train_loss:3.7661 train_time:387115ms step_avg:630.48ms
step:625/3242 train_loss:3.8559 train_time:387742ms step_avg:630.47ms
step:625/3242 val_loss:3.7380 train_time:388132ms step_avg:631.11ms
step:626/3242 train_loss:3.8433 train_time:388373ms step_avg:630.48ms
step:627/3242 train_loss:3.9173 train_time:389006ms step_avg:630.48ms
step:628/3242 train_loss:3.7142 train_time:389636ms step_avg:630.48ms
step:629/3242 train_loss:3.8078 train_time:390263ms step_avg:630.47ms
step:630/3242 train_loss:3.6436 train_time:390890ms step_avg:630.47ms
step:631/3242 train_loss:3.7951 train_time:391519ms step_avg:630.47ms
step:632/3242 train_loss:3.8177 train_time:392148ms step_avg:630.46ms
step:633/3242 train_loss:3.8462 train_time:392782ms step_avg:630.47ms
step:634/3242 train_loss:3.6856 train_time:393412ms step_avg:630.47ms
step:635/3242 train_loss:3.8147 train_time:394037ms step_avg:630.46ms
step:636/3242 train_loss:4.0048 train_time:394664ms step_avg:630.45ms
step:637/3242 train_loss:3.6481 train_time:395293ms step_avg:630.45ms
step:638/3242 train_loss:3.5493 train_time:395919ms step_avg:630.44ms
step:639/3242 train_loss:3.8663 train_time:396552ms step_avg:630.45ms
step:640/3242 train_loss:3.8944 train_time:397183ms step_avg:630.45ms
step:641/3242 train_loss:3.7157 train_time:397815ms step_avg:630.45ms
step:642/3242 train_loss:3.6170 train_time:398444ms step_avg:630.45ms
step:643/3242 train_loss:3.8436 train_time:399084ms step_avg:630.46ms
step:644/3242 train_loss:3.7513 train_time:399707ms step_avg:630.45ms
step:645/3242 train_loss:3.5879 train_time:400340ms step_avg:630.46ms
step:646/3242 train_loss:3.8365 train_time:400967ms step_avg:630.45ms
step:647/3242 train_loss:3.8531 train_time:401602ms step_avg:630.46ms
step:648/3242 train_loss:3.7227 train_time:402227ms step_avg:630.45ms
step:649/3242 train_loss:3.8376 train_time:402857ms step_avg:630.45ms
step:650/3242 train_loss:3.8740 train_time:403487ms step_avg:630.45ms
step:651/3242 train_loss:3.7129 train_time:404119ms step_avg:630.45ms
step:652/3242 train_loss:3.9680 train_time:404752ms step_avg:630.45ms
step:653/3242 train_loss:3.7264 train_time:405387ms step_avg:630.46ms
ststep:570/3242 train_loss:3.7049 train_time:352898ms step_avg:630.18ms
step:571/3242 train_loss:3.7573 train_time:353538ms step_avg:630.19ms
step:572/3242 train_loss:3.8711 train_time:354170ms step_avg:630.20ms
step:573/3242 train_loss:3.7234 train_time:354795ms step_avg:630.19ms
step:574/3242 train_loss:3.7699 train_time:355428ms step_avg:630.19ms
step:575/3242 train_loss:3.9745 train_time:356058ms step_avg:630.19ms
step:576/3242 train_loss:3.7846 train_time:356692ms step_avg:630.20ms
step:577/3242 train_loss:3.8859 train_time:357322ms step_avg:630.20mstep:662/3242 train_loss:3.7305 train_time:411049ms step_avg:630.44ms
step:663/3242 train_loss:3.7003 train_time:411680ms step_avg:630.44ms
step:664/3242 train_loss:3.6529 train_time:412308ms step_avg:630.44ms
step:665/3242 train_loss:3.8104 train_time:412942ms step_avg:630.45ms
step:666/3242 train_loss:3.3999 train_time:413566ms step_avg:630.44ms
step:667/3242 train_loss:3.9688 train_time:414221ms step_avg:630.47ms
step:668/3242 train_loss:3.7490 train_time:414836ms step_avg:630.45ms
step:669/3242 train_loss:3.8409 train_time:415464ms step_avg:630.45ms
step:670/3242 train_loss:3.6397 train_time:416093ms step_avg:630.44ms
step:671/3242 train_loss:3.5310 train_time:416723ms step_avg:630.44ms
step:672/3242 train_loss:3.6769 train_time:417348ms step_avg:630.44ms
step:673/3242 train_loss:3.7122 train_time:417978ms step_avg:630.43ms
step:674/3242 train_loss:4.3639 train_time:418614ms step_avg:630.44ms
step:675/3242 train_loss:3.7750 train_time:419243ms step_avg:630.44ms
step:676/3242 train_loss:3.8178 train_time:419876ms step_avg:630.44ms
step:677/3242 train_loss:3.5793 train_time:420496ms step_avg:630.43ms
step:678/3242 train_loss:3.6122 train_time:421126ms step_avg:630.43ms
step:679/3242 train_loss:3.6727 train_time:421754ms step_avg:630.42ms
step:680/3242 train_loss:3.7663 train_time:422382ms step_avg:630.42ms
step:681/3242 train_loss:3.6905 train_time:423013ms step_avg:630.42ms
step:682/3242 train_loss:3.7234 train_time:423641ms step_avg:630.42ms
step:683/3242 train_loss:3.9635 train_time:424271ms step_avg:630.42ms
step:684/3242 train_loss:3.8803 train_time:424897ms step_avg:630.41ms
step:685/3242 train_loss:3.7547 train_time:425526ms step_avg:630.41ms
step:686/3242 train_loss:3.8330 train_time:426162ms step_avg:630.42ms
step:687/3242 train_loss:3.7886 train_time:426787ms step_avg:630.41ms
step:688/3242 train_loss:3.7746 train_time:427415ms step_avg:630.41ms
step:689/3242 train_loss:3.2521 train_time:428043ms step_avg:630.40ms
step:690/3242 train_loss:3.4702 train_time:428674ms step_avg:630.40ms
step:691/3242 train_loss:3.7128 train_time:429301ms step_avg:630.40ms
step:692/3242 train_loss:3.4594 train_time:429933ms step_avg:630.40ms
step:693/3242 train_loss:3.8562 train_time:430563ms step_avg:630.40ms
step:694/3242 train_loss:3.7082 train_time:431190ms step_avg:630.39ms
step:695/3242 train_loss:3.5884 train_time:431819ms step_avg:630.39ms
step:696/3242 train_loss:3.4875 train_time:432448ms step_avg:630.39ms
step:697/3242 train_loss:4.0990 train_time:433077ms step_avg:630.39ms
step:698/3242 train_loss:3.6495 train_time:433708ms step_avg:630.39ms
step:699/3242 train_loss:3.7206 train_time:434335ms step_avg:630.38ms
step:700/3242 train_loss:3.6515 train_time:435003ms step_avg:630.44ms
step:701/3242 train_loss:3.7020 train_time:435631ms step_avg:630.44ms
step:702/3242 train_loss:3.6514 train_time:436263ms step_avg:630.44ms
step:703/3242 train_loss:3.6306 train_time:436880ms step_avg:630.42ms
step:704/3242 train_loss:3.6062 train_time:437507ms step_avg:630.41ms
step:705/3242 train_loss:3.8455 train_time:438139ms step_avg:630.42ms
step:706/3242 train_loss:3.7196 train_time:438770ms step_avg:630.42ms
ststep:623/3242 train_loss:3.5980 train_time:386245ms step_avg:630.09ms
step:624/3242 train_loss:3.7644 train_time:386870ms step_avg:630.08ms
step:625/3242 train_loss:3.8570 train_time:387497ms step_avg:630.08ms
ep:710/3242 train_loss:3.7387 train_time:441284ms step_avg:630.41ms
step:711/3242 train_loss:3.6097 train_time:441910ms step_avg:630.40ms
step:712/3242 train_loss:3.7315 train_time:442552ms step_avg:630.42ms
step:713/3242 train_loss:3.8707 train_time:443180ms step_avg:630.41ms
step:714/3242 train_loss:3.6278 train_time:443809ms step_avg:630.41ms
step:715/3242 train_loss:3.7651 train_time:444444ms step_avg:630.42ms
step:716/3242 train_loss:3.7691 train_time:445071ms step_avg:630.41ms
step:717/3242 train_loss:3.6954 train_time:445700ms step_avg:630.41ms
step:718/3242 train_loss:3.9466 train_time:446329ms step_avg:630.41ms
step:719/3242 train_loss:3.5977 train_time:446957ms step_avg:630.40ms
step:720/3242 train_loss:3.6378 train_time:447589ms step_avg:630.41ms
step:721/3242 train_loss:4.0718 train_time:448215ms step_avg:630.40ms
step:722/3242 train_loss:3.4721 train_time:448847ms step_avg:630.40ms
step:723/3242 train_loss:3.9320 train_time:449473ms step_avg:630.40ms
step:724/3242 train_loss:3.9051 train_time:450104ms step_avg:630.40ms
step:725/3242 train_loss:3.6868 train_time:450733ms step_avg:630.40ms
step:726/3242 train_loss:3.7329 train_time:451364ms step_avg:630.40ms
step:727/3242 train_loss:3.5618 train_time:451996ms step_avg:630.40ms
step:728/3242 train_loss:3.4241 train_time:452628ms step_avg:630.40ms
step:729/3242 train_loss:3.7521 train_time:453255ms step_avg:630.40ms
step:730/3242 train_loss:3.7192 train_time:453881ms step_avg:630.39ms
step:731/3242 train_loss:3.8170 train_time:454512ms step_avg:630.39ms
step:732/3242 train_loss:3.7312 train_time:455139ms step_avg:630.39ms
step:733/3242 train_loss:3.7198 train_time:455765ms step_avg:630.38ms
step:734/3242 train_loss:4.1054 train_time:456399ms step_avg:630.39ms
step:735/3242 train_loss:3.5026 train_time:457036ms step_avg:630.39ms
step:736/3242 train_loss:3.7430 train_time:457660ms step_avg:630.39ms
step:737/3242 train_loss:3.9889 train_time:458289ms step_avg:630.38mstep:652/3242 train_loss:3.9665 train_time:404477ms step_avg:630.03ms
step:653/3242 train_loss:3.7291 train_time:405102ms step_avg:630.02ms
s
step:740/3242 train_loss:3.7840 train_time:460173ms step_avg:630.37ms
step:741/3242 train_loss:4.1638 train_time:460804ms step_avg:630.37ms
step:742/3242 train_loss:3.6754 train_time:461433ms step_avg:630.37ms
step:743/3242 train_loss:3.6028 train_time:462062ms step_avg:630.37ms
step:744/3242 train_loss:3.5992 train_time:462691ms step_avg:630.37ms
step:745/3242 train_loss:3.8252 train_time:463325ms step_avg:630.37ms
step:746/3242 train_loss:3.7237 train_time:463960ms step_avg:630.38ms
step:747/3242 train_loss:3.7490 train_time:464589ms step_avg:630.38ms
step:748/3242 train_loss:3.6883 train_time:465223ms step_avg:630.38ms
step:749/3242 train_loss:3.7025 train_time:465854ms step_avg:630.38ms
step:750/3242 train_loss:3.6197 train_time:466482ms step_avg:630.38ms
step:750/3242 val_loss:3.6841 train_time:466871ms step_avg:630.91ms
step:751/3242 train_loss:3.6970 train_time:467114ms step_avg:630.38ms
step:752/3242 train_loss:3.6081 train_time:467740ms step_avg:630.38ms
step:753/3242 train_loss:3.6855 train_time:468376ms step_avg:630.39ms
step:754/3242 train_loss:3.6309 train_time:469004ms step_avg:630.38ms
step:755/3242 train_loss:3.6528 train_time:469631ms step_avg:630.38ms
step:756/3242 train_loss:3.8721 train_time:470265ms step_avg:630.38ms
step:757/3242 train_loss:3.6252 train_time:470891ms step_avg:630.38ms
step:758/3242 train_loss:3.7804 train_time:471520ms step_avg:630.37ms
step:759/3242 train_loss:3.7327 train_time:472149ms step_avg:630.37ms
step:760/3242 train_loss:3.6940 train_time:473396ms step_avg:631.19ms
step:761/3242 train_loss:3.6759 train_time:474020ms step_avg:631.19ms
step:762/3242 train_loss:3.5683 train_time:474654ms step_avg:631.19ms
step:763/3242 train_loss:3.7324 train_time:475280ms step_avg:631.18ms
step:764/3242 train_loss:3.6289 train_time:475908ms step_avg:631.18ms
step:765/3242 train_loss:3.4759 train_time:476538ms step_avg:631.18ms
step:766/3242 train_loss:3.9358 train_time:477170ms step_avg:631.18ms
step:767/3242 train_loss:3.7563 train_time:477799ms step_avg:631.17ms
step:768/3242 train_loss:3.7618 train_time:478424ms step_avg:631.17ms
step:769/3242 train_loss:3.6504 train_time:479052ms step_avg:631.16ms
step:770/3242 train_loss:3.8760 train_time:479680ms step_avg:631.16ms
step:771/3242 train_loss:3.7782 train_time:480309ms step_avg:631.16ms
step:772/3242 train_loss:4.0611 train_time:480942ms step_avg:631.16ms
step:773/3242 train_loss:3.5698 train_time:481570ms step_avg:631.15ms
step:774/3242 train_loss:3.6769 train_time:482205ms step_avg:631.16ms
step:775/3242 train_loss:3.8302 train_time:482835ms step_avg:631.16ms
step:776/3242 train_loss:3.7910 train_time:483467ms step_avg:631.16ms
step:777/3242 train_loss:3.6533 train_time:484097ms step_avg:631.16ms
step:778/3242 train_loss:3.5109 train_time:484724ms step_avg:631.15ms
step:779/3242 train_loss:3.6993 train_time:485353ms step_avg:631.15ms
step:780/3242 train_loss:3.5958 train_time:485982ms step_avg:631.15ms
step:781/3242 train_loss:3.7553 train_time:486617ms step_avg:631.15ms
step:782/3242 train_loss:3.8068 train_time:487248ms step_avg:631.15ms
step:783/3242 train_loss:3.6592 train_time:487875ms step_avg:631.14ms
step:784/3242 train_loss:3.7118 train_time:488504ms step_avg:631.14ms
s
step:695/3242 train_loss:3.5814 train_time:431508ms step_avg:629.94ms
step:696/3242 train_loss:3.4834 train_time:432140ms step_avg:629.94ms
step:697/3242 train_loss:4.0972 train_time:432767ms step_avg:629.94ms
step:698/3242 train_loss:3.6465 train_time:433400ms step_avg:629.94ms
step:699/3242 train_loss:3.7156 train_time:434021ms step_avg:629.93ms
step:700/3242 train_loss:3.6471 train_time:434649ms step_avg:629.93ms
step:701/3242 train_loss:3.7091 train_time:435278ms step_avg:629.93ms
step:785/3242 train_loss:3.6887 train_time:489132ms step_avg:631.14ms
step:786/3242 train_loss:3.6397 train_time:489766ms step_avg:631.14ms
step:787/3242 train_loss:3.5255 train_time:490396ms step_avg:631.14ms
step:788/3242 train_loss:4.0137 train_time:491026ms step_avg:631.14ms
step:789/3242 train_loss:3.5398 train_time:491651ms step_avg:631.13ms
step:790/3242 train_loss:3.5936 train_time:492282ms step_avg:631.13ms
step:791/3242 train_loss:3.7391 train_time:492910ms step_avg:631.13ms
step:792/3242 train_loss:3.6718 train_time:493544ms step_avg:631.13ms
step:793/3242 train_loss:3.5975 train_time:494182ms step_avg:631.14ms
step:794/3242 train_loss:3.4944 train_time:494810ms step_avg:631.13ms
step:795/3242 train_loss:3.6143 train_time:495434ms step_avg:631.13ms
step:796/3242 train_loss:3.6960 train_time:496071ms step_avg:631.13ms
step:797/3242 train_loss:3.7051 train_time:496723ms step_avg:631.16ms
step:798/3242 train_loss:3.6067 train_time:497353ms step_avg:631.16ms
step:799/3242 train_loss:3.8403 train_time:497981ms step_avg:631.15ms
step:800/3242 train_loss:3.6602 train_time:498607ms step_avg:631.15ms
step:801/3242 train_loss:3.6736 train_time:499237ms step_avg:631.15ms
step:802/3242 train_loss:3.7701 train_time:499866ms step_avg:631.14ms
step:803/3242 train_loss:3.7680 train_time:500502ms step_avg:631.15ms
step:804/3242 train_loss:3.8093 train_time:501143ms step_avg:631.16ms
step:805/3242 train_loss:3.7657 train_time:501750ms step_avg:631.13ms
step:806/3242 train_loss:3.5884 train_time:502383ms step_avg:631.14ms
step:807/3242 train_loss:3.4473 train_time:503012ms step_avg:631.13ms
step:808/3242 train_loss:3.7541 train_time:503645ms step_avg:631.13ms
step:809/3242 train_loss:3.7521 train_time:504278ms step_avg:631.14ms
step:810/3242 train_loss:3.5984 train_time:504906ms step_avg:631.13ms
step:811/3242 train_loss:3.6457 train_time:505535ms step_avg:631.13ms
step:812/3242 train_loss:3.7688 train_time:506164ms step_avg:631.13ms
step:813/3242 train_loss:3.7327 train_time:506792ms step_avg:631.12ms
step:814/3242 train_loss:3.7013 train_time:507422ms step_avg:631.12ms
step:815/3242 train_loss:3.7440 train_time:508057ms step_avg:631.13ms
step:816/3242 train_loss:3.6668 train_time:508688ms step_avg:631.13ms
step:817/3242 train_loss:3.7175 train_time:509321ms step_avg:631.13ms
step:818/3242 train_loss:4.0671 train_time:509964ms step_avg:631.14ms
step:819/3242 train_loss:3.6451 train_time:510591ms step_avg:631.14ms
step:820/3242 train_loss:3.9079 train_time:511219ms step_avg:631.13ms
step:821/3242 train_loss:3.5238 train_time:511851ms step_avg:631.14ms
step:822/3242 train_loss:3.6267 train_time:512480ms step_avg:631.13ms
step:823/3242 train_loss:3.9066 train_time:513108ms step_avg:631.13ms
step:824/3242 train_loss:3.6661 train_time:513719ms step_avg:631.10ms
step:825/3242 train_loss:3.6450 train_time:514360ms step_avg:631.12ms
step:826/3242 train_loss:3.7944 train_time:514989ms step_avg:631.11ms
step:827/3242 train_loss:3.6025 train_time:515617ms step_avg:631.11ms
step:828/3242 train_loss:4.0792 train_time:516246ms step_avg:631.11ms
step:746/3242 train_loss:3.7164 train_time:463581ms step_avg:629.87ms
step:747/3242 train_loss:3.7480 train_time:464215ms step_avg:629.87ms
step:748/3242 train_loss:3.6894 train_time:464844ms step_avg:629.87ms
step:749/3242 train_loss:3.7079 train_time:465470ms step_avg:629.86ms
step:750/3242 train_loss:3.6114 train_time:466105ms step_avg:629.87ms
step:834/3242 train_loss:3.6686 train_time:520041ms step_avg:631.12ms
step:835/3242 train_loss:3.5495 train_time:520667ms step_avg:631.11ms
step:836/3242 train_loss:3.5202 train_time:521295ms step_avg:631.11ms
step:837/3242 train_loss:3.8690 train_time:521938ms step_avg:631.12ms
step:838/3242 train_loss:3.5279 train_time:522573ms step_avg:631.13ms
step:839/3242 train_loss:3.6524 train_time:523199ms step_avg:631.12ms
step:840/3242 train_loss:3.5447 train_time:523832ms step_avg:631.12ms
step:841/3242 train_loss:3.6581 train_time:524457ms step_avg:631.12ms
step:842/3242 train_loss:3.6682 train_time:525092ms step_avg:631.12ms
step:843/3242 train_loss:3.7392 train_time:525734ms step_avg:631.13ms
step:844/3242 train_loss:3.6455 train_time:526363ms step_avg:631.13ms
step:845/3242 train_loss:3.5579 train_time:526998ms step_avg:631.14ms
step:846/3242 train_loss:3.8432 train_time:527624ms step_avg:631.13ms
step:847/3242 train_loss:3.5631 train_time:528252ms step_avg:631.12ms
step:848/3242 train_loss:3.5432 train_time:528882ms step_avg:631.12ms
step:849/3242 train_loss:3.6867 train_time:529514ms step_avg:631.12ms
step:850/3242 train_loss:3.6061 train_time:530143ms step_avg:631.12ms
step:851/3242 train_loss:3.6804 train_time:530773ms step_avg:631.12ms
step:852/3242 train_loss:3.7847 train_time:531380ms step_avg:631.09ms
step:853/3242 train_loss:3.5830 train_time:532008ms step_avg:631.09ms
step:854/3242 train_loss:3.6672 train_time:532639ms step_avg:631.09ms
step:855/3242 train_loss:3.8715 train_time:533267ms step_avg:631.09ms
step:856/3242 train_loss:3.5853 train_time:533892ms step_avg:631.08ms
step:857/3242 train_loss:3.5596 train_time:534521ms step_avg:631.08ms
step:858/3242 train_loss:3.7043 train_time:535149ms step_avg:631.07ms
step:859/3242 train_loss:3.4517 train_time:535779ms step_avg:631.07ms
step:860/3242 train_loss:3.6663 train_time:536409ms step_avg:631.07ms
step:861/3242 train_loss:3.6005 train_time:537038ms step_avg:631.07ms
step:862/3242 train_loss:3.7712 train_time:537673ms step_avg:631.07ms
step:863/3242 train_loss:3.6449 train_time:538298ms step_avg:631.06ms
step:864/3242 train_loss:3.6916 train_time:538925ms step_avg:631.06ms
step:865/3242 train_loss:3.5674 train_time:539552ms step_avg:631.06ms
step:866/3242 train_loss:3.6651 train_time:540183ms step_avg:631.05ms
step:867/3242 train_loss:4.1109 train_time:540811ms step_avg:631.05ms
step:868/3242 train_loss:3.5225 train_time:541440ms step_avg:631.05ms
step:869/3242 train_loss:3.8111 train_time:542068ms step_avg:631.05ms
step:870/3242 train_loss:3.6408 train_time:542698ms step_avg:631.04ms
step:871/3242 train_loss:3.5978 train_time:543324ms step_avg:631.04ms
step:872/3242 train_loss:3.4547 train_time:543952ms step_avg:631.04ms
step:873/3242 train_loss:3.8330 train_time:544581ms step_avg:631.03ms
step:874/3242 train_loss:3.5237 train_time:545207ms step_avg:631.03ms
step:875/3242 train_loss:3.1902 train_time:545837ms step_avg:631.03ms
step:875/3242 val_loss:3.6383 train_time:546226ms step_avg:631.48ms
step:876/3242 train_loss:3.7203 train_time:546471ms step_avg:631.03ms
step:877/3242 train_loss:3.7062 train_time:547096ms step_avg:631.02ms
step:878/3242 train_loss:3.6923 train_time:547727ms step_avg:631.02ms
step:879/3242 train_loss:3.5802 train_time:548354ms step_avg:631.02ms
step:880/3242 train_loss:3.6788 train_time:548984ms step_avg:631.02ms
step:881/3242 train_loss:3.3354 train_time:549613ms step_avg:631.01ms
step:882/3242 train_loss:3.6839 train_time:550243ms step_avg:631.01ms
step:883/3242 train_loss:4.1353 train_time:550870ms step_avg:631.01ms
step:884/3242 train_loss:3.9876 train_time:551498ms step_avg:631.00ms
step:885/3242 train_loss:3.7841 train_time:552131ms step_avg:631.01ms
step:886/3242 train_loss:3.6641 train_time:552762ms step_avg:631.01ms
step:887/3242 train_loss:3.6884 train_time:553390ms step_avg:631.00ms
step:888/3242 train_loss:4.5838 train_time:554017ms step_avg:631.00ms
step:889/3242 train_loss:3.9315 train_time:554643ms step_avg:630.99ms
step:890/3242 train_loss:3.5606 train_time:555274ms step_avg:630.99ms
step:891/3242 train_loss:3.6065 train_time:555897ms step_avg:630.98ms
step:892/3242 train_loss:3.5643 train_time:556528ms step_avg:630.98ms
step:893/3242 train_loss:3.7655 train_time:557166ms step_avg:630.99ms
step:894/3242 train_loss:3.4961 train_time:557795ms step_avg:630.99ms
step:895/3242 train_loss:3.5841 train_time:558425ms step_avg:630.99ms
step:896/3242 train_loss:3.6241 train_time:559053ms step_avg:630.99ms
step:897/3242 train_loss:3.6424 train_time:559679ms step_avg:630.98ms
step:898/3242 train_loss:3.6698 train_time:560307ms step_avg:630.98ms
step:899/3242 train_loss:3.7815 train_time:560934ms step_avg:630.97ms
step:900/3242 train_loss:3.5903 train_time:561570ms step_avg:630.98ms
step:901/3242 train_loss:3.4898 train_time:562200ms step_avg:630.98ms
step:902/3242 train_loss:3.7022 train_time:562830ms step_avg:630.98ms
step:903/3242 train_loss:3.5879 train_time:563461ms step_avg:630.98ms
step:904/3242 train_loss:3.6088 train_time:564089ms step_avg:630.97ms
step:905/3242 train_loss:3.6414 train_time:564717ms step_avg:630.97ms
step:906/3242 train_loss:3.6444 train_time:565344ms step_avg:630.96ms
step:907/3242 train_loss:3.6712 train_time:565972ms step_avg:630.96ms
step:908/3242 train_loss:3.6270 train_time:566605ms step_avg:630.96ms
step:909/3242 train_loss:3.5824 train_time:567229ms step_avg:630.96ms
step:910/3242 train_loss:3.5998 train_time:567859ms step_avg:630.95ms
step:911/3242 train_loss:3.6156 train_time:568488ms step_avg:630.95ms
step:912/3242 train_loss:3.6675 train_time:569117ms step_avg:630.95ms
step:913/3242 train_loss:3.8702 train_time:569754ms step_avg:630.96ms
step:914/3242 train_loss:3.4860 train_time:570383ms step_avg:630.95ms
step:915/3242 train_loss:3.7350 train_time:571004ms step_avg:630.94ms
step:916/3242 train_loss:3.7723 train_time:571633ms step_avg:630.94ms
step:917/3242 train_loss:3.6868 train_time:572265ms step_avg:630.94ms
step:918/3242 train_loss:3.6919 train_time:572891ms step_avg:630.94ms
step:919/3242 train_loss:4.0335 train_time:573524ms step_avg:630.94ms
step:920/3242 train_loss:3.4657 train_time:574153ms step_avg:630.94ms
step:921/3242 train_loss:3.6255 train_time:574781ms step_avg:630.93ms
step:922/3242 train_loss:3.6401 train_time:575416ms step_avg:630.94ms
step:923/3242 train_loss:3.6400 train_time:576037ms step_avg:630.93ms
step:841/3242 train_loss:3.6620 train_time:523720ms step_avg:630.23ms
step:842/3242 train_loss:3.6754 train_time:524347ms step_avg:630.22ms
step:925/3242 train_loss:3.7552 train_time:577297ms step_avg:630.93ms
step:926/3242 train_loss:3.7485 train_time:577929ms step_avg:630.93ms
step:927/3242 train_loss:3.7028 train_time:578560ms step_avg:630.93ms
step:928/3242 train_loss:3.7889 train_time:579185ms step_avg:630.92ms
step:929/3242 train_loss:3.8661 train_time:579821ms step_avg:630.93ms
step:930/3242 train_loss:3.5508 train_time:580446ms step_avg:630.92ms
step:931/3242 train_loss:3.4885 train_time:581077ms step_avg:630.92ms
step:932/3242 train_loss:3.6040 train_time:581706ms step_avg:630.92ms
step:933/3242 train_loss:3.8273 train_time:582336ms step_avg:630.92ms
step:934/3242 train_loss:3.4460 train_time:582961ms step_avg:630.91ms
step:935/3242 train_loss:3.6893 train_time:583597ms step_avg:630.92ms
step:936/3242 train_loss:3.5020 train_time:584223ms step_avg:630.91ms
step:937/3242 train_loss:3.6162 train_time:584865ms step_avg:630.92ms
step:938/3242 train_loss:3.6749 train_time:585488ms step_avg:630.91ms
step:939/3242 train_loss:3.5705 train_time:586115ms step_avg:630.91ms
step:940/3242 train_loss:3.8287 train_time:586744ms step_avg:630.91ms
step:941/3242 train_loss:3.5766 train_time:587375ms step_avg:630.91ms
step:942/3242 train_loss:3.6482 train_time:588004ms step_avg:630.91ms
step:943/3242 train_loss:3.3950 train_time:588634ms step_avg:630.90ms
step:944/3242 train_loss:3.7345 train_time:589269ms step_avg:630.91ms
step:945/3242 train_loss:3.3553 train_time:589902ms step_avg:630.91ms
step:946/3242 train_loss:3.4811 train_time:590528ms step_avg:630.91ms
step:947/3242 train_loss:4.0144 train_time:591156ms step_avg:630.90ms
step:948/3242 train_loss:3.9154 train_time:591779ms step_avg:630.89ms
step:949/3242 train_loss:3.6501 train_time:592408ms step_avg:630.89ms
step:950/3242 train_loss:3.6523 train_time:593505ms step_avg:631.39ms
step:951/3242 train_loss:3.5760 train_time:594127ms step_avg:631.38ms
step:952/3242 train_loss:3.5434 train_time:594756ms step_avg:631.38ms
step:953/3242 train_loss:3.5890 train_time:595393ms step_avg:631.38ms
step:954/3242 train_loss:3.7457 train_time:596020ms step_avg:631.38ms
step:955/3242 train_loss:3.6058 train_time:596649ms step_avg:631.37ms
step:956/3242 train_loss:3.6196 train_time:597283ms step_avg:631.38ms
step:957/3242 train_loss:3.5505 train_time:597917ms step_avg:631.38ms
step:958/3242 train_loss:3.6315 train_time:598543ms step_avg:631.37ms
step:959/3242 train_loss:3.6399 train_time:599171ms step_avg:631.37ms
step:960/3242 train_loss:3.7483 train_time:599799ms step_avg:631.37ms
step:961/3242 train_loss:3.4076 train_time:600428ms step_avg:631.37ms
step:962/3242 train_loss:3.8465 train_time:601055ms step_avg:631.36ms
step:963/3242 train_loss:3.8527 train_time:601683ms step_avg:631.36ms
step:964/3242 train_loss:3.7661 train_time:602318ms step_avg:631.36ms
step:965/3242 train_loss:3.5094 train_time:602947ms step_avg:631.36ms
step:966/3242 train_loss:3.5555 train_time:603571ms step_avg:631.35mstep:884/3242 train_loss:3.9839 train_time:550762ms step_avg:630.16ms
step:885/3242 train_loss:3.7843 train_time:551390ms step_avg:630.16ms
step:886/3242 train_loss:3.6681 train_time:552018ms step_avg:630.16ms
step:887/3242 train_loss:3.6868 train_time:552646ms step_avg:630.16ms
step:888/3242 train_loss:4.5807 train_time:553275ms step_avg:630.15ms
step:889/3242 train_loss:3.9390 train_time:553903ms step_avg:630.15ms
ststep:973/3242 train_loss:3.5929 train_time:607979ms step_avg:631.34ms
step:974/3242 train_loss:3.6374 train_time:608604ms step_avg:631.33ms
step:975/3242 train_loss:3.7658 train_time:609240ms step_avg:631.34ms
step:976/3242 train_loss:3.6206 train_time:609869ms step_avg:631.33ms
step:977/3242 train_loss:3.9853 train_time:610494ms step_avg:631.33ms
step:978/3242 train_loss:3.7696 train_time:611121ms step_avg:631.32ms
step:979/3242 train_loss:3.4582 train_time:611748ms step_avg:631.32ms
step:980/3242 train_loss:4.1324 train_time:612380ms step_avg:631.32ms
step:981/3242 train_loss:3.5835 train_time:613012ms step_avg:631.32ms
step:982/3242 train_loss:3.6457 train_time:613642ms step_avg:631.32ms
step:983/3242 train_loss:3.5901 train_time:614270ms step_avg:631.32ms
step:984/3242 train_loss:3.6253 train_time:614898ms step_avg:631.31ms
step:985/3242 train_loss:3.7062 train_time:615523ms step_avg:631.31ms
step:986/3242 train_loss:3.7674 train_time:616155ms step_avg:631.31ms
step:987/3242 train_loss:3.5462 train_time:616783ms step_avg:631.30ms
step:988/3242 train_loss:3.6066 train_time:617404ms step_avg:631.29ms
step:989/3242 train_loss:3.5917 train_time:618039ms step_avg:631.30ms
step:990/3242 train_loss:3.5315 train_time:618662ms step_avg:631.29ms
step:991/3242 train_loss:3.8112 train_time:619292ms step_avg:631.29ms
step:992/3242 train_loss:3.4634 train_time:619921ms step_avg:631.28ms
step:993/3242 train_loss:3.5957 train_time:620549ms step_avg:631.28ms
step:994/3242 train_loss:3.5937 train_time:621178ms step_avg:631.28ms
step:995/3242 train_loss:3.7397 train_time:621824ms step_avg:631.29ms
step:996/3242 train_loss:3.6038 train_time:622451ms step_avg:631.29ms
step:997/3242 train_loss:3.5101 train_time:623087ms step_avg:631.29ms
step:998/3242 train_loss:3.9041 train_time:623697ms step_avg:631.27ms
step:999/3242 train_loss:3.5643 train_time:624326ms step_avg:631.27ms
step:1000/3242 train_loss:3.7952 train_time:624957ms step_avg:631.27ms
step:1000/3242 val_loss:3.5987 train_time:625344ms step_avg:631.66ms
step:1001/3242 train_loss:3.5036 train_time:625589ms step_avg:631.27ms
step:1002/3242 train_loss:3.5209 train_time:626217ms step_avg:631.27ms
step:1003/3242 train_loss:3.5343 train_time:626845ms step_avg:631.26ms
step:1004/3242 train_loss:3.8980 train_time:627476ms step_avg:631.26ms
step:1005/3242 train_loss:3.7276 train_time:628109ms step_avg:631.26ms
step:1006/3242 train_loss:3.5085 train_time:628734ms step_avg:6step:925/3242 train_loss:3.7579 train_time:576563ms step_avg:630.12ms
step:926/3242 train_loss:3.7386 train_time:577195ms step_avg:630.13ms
step:927/3242 train_loss:3.7036 train_time:577821ms step_avg:630.12ms
step:928/3242 train_loss:3.7855 train_time:578453ms step_avg:630.12ms
step:929/3242 train_loss:3.8654 train_time:579077ms step_avg:630.12ms
step:930/3242 train_loss:3.5525 train_time:579707ms step_avg:630.12ms
step:931/3242 train_loss:3.4849 train_time:580339ms step_avg:630.12ms
step:932/3242 tstep:1014/3242 train_loss:3.7386 train_time:633786ms step_avg:631.26ms
step:1015/3242 train_loss:3.7031 train_time:634414ms step_avg:631.26ms
step:1016/3242 train_loss:3.3828 train_time:635046ms step_avg:631.26ms
step:1017/3242 train_loss:3.5733 train_time:635677ms step_avg:631.26ms
step:1018/3242 train_loss:3.4933 train_time:636305ms step_avg:631.26ms
step:1019/3242 train_loss:3.5376 train_time:636934ms step_avg:631.25ms
step:1020/3242 train_loss:3.5011 train_time:637567ms step_avg:631.25ms
step:1021/3242 train_loss:3.4933 train_time:638198ms step_avg:631.25ms
step:1022/3242 train_loss:3.4552 train_time:638823ms step_avg:631.25ms
step:1023/3242 train_loss:3.6666 train_time:639451ms step_avg:631.24ms
step:1024/3242 train_loss:3.6320 train_time:640084ms step_avg:631.25ms
step:1025/3242 train_loss:3.6087 train_time:640710ms step_avg:631.24ms
step:1026/3242 train_loss:3.5387 train_time:641338ms step_avg:631.24ms
step:1027/3242 train_loss:3.6333 train_time:641973ms step_avg:631.24ms
step:1028/3242 train_loss:3.5699 train_time:642601ms step_avg:631.24ms
step:1029/3242 train_loss:3.5238 train_time:643233ms step_avg:631.24ms
step:1030/3242 train_loss:3.5456 train_time:643861ms step_avg:631.24ms
step:1031/3242 train_loss:3.6138 train_time:644489ms step_avg:631.23ms
step:1032/3242 train_loss:3.4917 train_time:645117ms step_avg:631.23ms
step:1033/3242 train_loss:3.7314 train_time:645745ms step_avg:631.23ms
step:1034/3242 train_loss:3.5956 train_time:646374ms step_avg:631.22ms
step:1035/3242 train_loss:3.4359 train_time:647001ms step_avg:631.22ms
step:1036/3242 train_loss:3.4952 train_time:647629ms step_avg:631.22ms
step:1037/3242 train_loss:3.6589 train_time:648260ms step_avg:631.22ms
step:1038/3242 train_loss:4.0521 train_time:648888ms step_avg:631.21ms
step:1039/3242 train_loss:3.7652 train_time:649516ms step_avg:631.21ms
step:1040/3242 train_loss:3.7188 train_time:650146ms step_avg:631.21ms
step:1041/3242 train_loss:3.6364 train_time:650771ms step_avg:631.20ms
step:1042/3242 train_loss:3.4795 train_time:651402ms step_avg:631.20ms
step:1043/3242 train_loss:3.5245 train_time:652032ms step_avg:631.20ms
step:1044/3242 train_loss:3.5507 train_time:652658ms step_avg:631.20ms
step:1045/3242 train_loss:3.6800 train_time:653288ms step_avg:631.20ms
step:1046/3242 train_loss:3.7391 train_time:653923ms step_avg:631.20ms
step:1047/3242 train_loss:3.5989 train_time:654549ms step_avg:631.19ms
step:1048/3242 train_loss:3.8129 train_time:655173ms step_avg:631.19ms
step:1049/3242 train_loss:3.6509 train_time:655802ms step_avg:631.19ms
step:1050/3242 train_loss:3.6183 train_time:656430ms step_avg:631.18ms
step:1051/3242 train_loss:3.4545 train_time:657058ms step_avg:631.18ms
step:1052/3242 train_loss:3.6887 train_time:657688ms step_avg:631.18ms
step:1053/3242 train_loss:3.4661 train_time:658319ms step_avg:631.18ms
step:1054/3242 train_loss:3.9178 train_time:658947ms step_avg:631.17ms
step:1055/3242 train_loss:3.4574 train_time:659576ms step_avg:631.17ms
step:1056/3242 train_loss:3.5801 train_time:660204ms step_avg:631.17ms
step:1057/3242 train_loss:3.7178 train_time:660832ms step_avg:631.17ms
step:1058/3step:977/3242 train_loss:3.9785 train_time:609433ms step_avg:630.23ms
step:978/3242 train_loss:3.7786 train_time:610065ms step_avg:630.23ms
step:979/3242 train_loss:3.4587 train_time:610701ms step_avg:630.24ms
step:980/3242 train_loss:4.1388 train_time:611328ms step_avg:630.23ms
step:981/3242 train_loss:3.5832 train_time:611958ms step_avg:630step:1063/3242 train_loss:3.5030 train_time:664616ms step_avg:631.16ms
step:1064/3242 train_loss:3.6539 train_time:665251ms step_avg:631.17ms
step:1065/3242 train_loss:3.4346 train_time:665881ms step_avg:631.17ms
step:1066/3242 train_loss:3.4471 train_time:666510ms step_avg:631.16ms
step:1067/3242 train_loss:3.5990 train_time:667145ms step_avg:631.17ms
step:1068/3242 train_loss:3.3900 train_time:667771ms step_avg:631.16ms
step:1069/3242 train_loss:3.5380 train_time:668408ms step_avg:631.17ms
step:1070/3242 train_loss:3.2753 train_time:669039ms step_avg:631.17ms
step:1071/3242 train_loss:3.7873 train_time:669664ms step_avg:631.16ms
step:1072/3242 train_loss:3.6505 train_time:670292ms step_avg:631.16ms
step:1073/3242 train_loss:3.5413 train_time:670921ms step_avg:631.16ms
step:1074/3242 train_loss:3.7183 train_time:671552ms step_avg:631.16ms
step:1075/3242 train_loss:3.5841 train_time:672188ms step_avg:631.16ms
step:1076/3242 train_loss:3.4905 train_time:672819ms step_avg:631.16ms
step:1077/3242 train_loss:3.8932 train_time:673444ms step_avg:631.16ms
step:1078/3242 train_loss:3.5286 train_time:674075ms step_avg:631.16ms
step:1079/3242 train_loss:3.2643 train_time:674703ms step_avg:631.15ms
step:1080/3242 train_loss:3.4567 train_time:675330ms step_avg:631.15ms
step:1081/3242 train_loss:3.5726 train_time:675958ms step_avg:631.15ms
step:1082/3242 train_loss:3.6874 train_time:676586ms step_avg:631.14ms
step:1083/3242 train_loss:3.7406 train_time:677208ms step_avg:631.14ms
step:1084/3242 train_loss:3.7430 train_time:677842ms step_avg:631.14ms
step:1085/3242 train_loss:3.5397 train_time:678466ms step_avg:631.13ms
step:1086/3242 train_loss:3.6484 train_time:679094ms step_avg:631.13ms
step:1087/3242 train_loss:3.4863 train_time:679725ms step_avg:631.13ms
step:1088/3242 train_loss:3.6665 train_time:680354ms step_avg:631.13ms
step:1089/3242 train_loss:3.5318 train_time:680982ms step_avg:631.12ms
step:1090/3242 train_loss:3.4872 train_time:681615ms step_avg:631.13ms
step:1091/3242 train_loss:3.7341 train_time:682240ms step_avg:631.12ms
step:1092/3242 train_loss:3.5445 train_time:682867ms step_avg:631.12ms
step:1093/3242 train_loss:3.6820 train_time:683496ms step_avg:631.11ms
step:1094/3242 train_loss:3.5680 train_time:684127ms step_avg:631.11ms
step:1095/3242 train_loss:3.6505 train_time:684757ms step_avg:631.11ms
step:1096/3242 train_loss:3.5242 train_time:685386ms step_avg:631.11ms
step:1097/3242 train_loss:3.5647 train_time:686019ms step_avg:631.11ms
step:1098/3242 train_loss:3.6404 train_time:686645ms step_avg:631.11ms
step:1099/3242 train_loss:3.7389 train_time:687278ms stepstep:1018/3242 train_loss:3.4879 train_time:635205ms step_avg:630.16ms
step:1019/3242 train_loss:3.5367 train_time:635834ms step_avg:630.16ms
step:1020/3242 train_loss:3.5091 train_time:636460ms step_avg:630.16ms
step:1021/3242 train_loss:3.4895 train_time:637090ms step_avg:630.16ms
step:1022/3242 train_loss:3.4556 train_time:637721ms step_avg:630.16ms
step:1023/3242 train_loss:3.6641 train_time:638350ms step_avg:630.16ms
step:1024/3242 train_loss:3.6337 train_time:638976ms step_avg:630.15ms
step:1025/3242 train_loss:3.6057 train_time:639613ms step_avg:630.16ms
step:1026/3242 train_loss:3.5405 train_time:640235ms step_avg:630.15ms
_avg:631.11ms
step:1109/3242 train_loss:3.6092 train_time:693582ms step_avg:631.10ms
step:1110/3242 train_loss:3.5624 train_time:694209ms step_avg:631.10ms
step:1111/3242 train_loss:3.6014 train_time:694852ms step_avg:631.11ms
step:1112/3242 train_loss:3.6638 train_time:695488ms step_avg:631.11ms
step:1113/3242 train_loss:3.7355 train_time:696117ms step_avg:631.11ms
step:1114/3242 train_loss:3.5919 train_time:696759ms step_avg:631.12ms
step:1115/3242 train_loss:3.6063 train_time:697390ms step_avg:631.12ms
step:1116/3242 train_loss:3.3981 train_time:698022ms step_avg:631.12ms
step:1117/3242 train_loss:3.5656 train_time:698655ms step_avg:631.12ms
step:1118/3242 train_loss:3.6032 train_time:699288ms step_avg:631.13ms
step:1119/3242 train_loss:4.0310 train_time:699921ms step_avg:631.13ms
step:1120/3242 train_loss:3.7014 train_time:700550ms step_avg:631.13ms
step:1121/3242 train_loss:3.6151 train_time:701180ms step_avg:631.13ms
step:1122/3242 train_loss:3.5709 train_time:701808ms step_avg:631.12ms
step:1123/3242 train_loss:3.5985 train_time:702442ms step_avg:631.12ms
step:1124/3242 train_loss:3.8161 train_time:703068ms step_avg:631.12ms
step:1125/3242 train_loss:3.4495 train_time:703704ms step_avg:631.12ms
step:1125/3242 val_loss:3.5723 train_time:704085ms step_avg:631.47ms
step:1126/3242 train_loss:3.2671 train_time:704330ms step_avg:631.12ms
step:1127/3242 train_loss:3.6978 train_time:704956ms step_avg:631.12ms
step:1128/3242 train_loss:4.0903 train_time:705586ms step_avg:631.11ms
step:1129/3242 train_loss:3.4424 train_time:706217ms step_avg:631.11ms
step:1130/3242 train_loss:3.7401 train_time:706846ms step_avg:631.11ms
step:1131/3242 train_loss:3.6565 train_time:707473ms step_avg:631.11ms
step:1132/3242 train_loss:3.5845 train_time:708102ms step_avg:631.11ms
step:1133/3242 train_loss:3.6140 train_time:708731ms step_avg:631.10ms
step:1134/3242 train_loss:3.8130 train_time:709364ms step_avg:631.11ms
step:1135/3242 train_loss:3.5967 train_time:709992ms step_avg:631.10ms
step:1136/3242 train_loss:3.5605 train_time:710624ms step_avg:631.10ms
step:1137/3242 train_loss:3.7472 train_time:711253ms step_avg:631.10ms
step:1138/3242 train_loss:3.6350 train_time:711885ms step_avg:631.10ms
step:1139/3242 train_loss:3.4313 train_time:712513ms step_avg:631.10ms
step:1140/3242 train_loss:3.9126 train_time:713273ms step_avg:631.22ms
step:1141/3242 train_loss:3.5992 train_time:713888ms step_avg:631.20ms
step:1142/3242 train_loss:3.8147 train_time:714518ms step_avg:631.20ms
step:1143/3242 train_loss:3.6739 train_time:715137ms step_avg:631.19ms
step:1144/3242 train_loss:3.5990 train_time:715765ms step_avg:631.19ms
step:1145/3242 train_loss:3.5450 train_time:716395ms step_avg:631.19ms
step:1146/3242 train_loss:3.6079 train_time:717023ms step_avg:631.18ms
step:1147/3242 train_loss:3.8859 train_time:717651ms step_avg:631.18ms
step:1148/3242 train_loss:3.7342 train_time:718280ms step_avg:631.18ms
step:1149/3242 train_loss:3.5641 train_time:718909ms step_avg:631.18ms
step:1150/3242 train_loss:3.4227 train_time:719539ms step_avg:631.17ms
step:1151/3242 train_loss:3.4760 train_time:720170ms step_avg:631.17ms
step:1152/3242 train_loss:3.5229 train_time:720806ms step_avg:631.18ms
s
step:1069/3242 train_loss:3.5264 train_time:667261ms step_avg:630.09ms
step:1070/3242 train_loss:3.2759 train_time:667891ms step_avg:630.09ms
step:1153/3242 train_loss:3.9306 train_time:721435ms step_avg:631.18ms
step:1154/3242 train_loss:3.7209 train_time:722067ms step_avg:631.18ms
step:1155/3242 train_loss:3.7325 train_time:722698ms step_avg:631.18ms
step:1156/3242 train_loss:3.3907 train_time:723329ms step_avg:631.18ms
step:1157/3242 train_loss:3.7821 train_time:723952ms step_avg:631.17ms
step:1158/3242 train_loss:3.6360 train_time:724582ms step_avg:631.17ms
step:1159/3242 train_loss:3.4054 train_time:725212ms step_avg:631.17ms
step:1160/3242 train_loss:3.5052 train_time:725839ms step_avg:631.16ms
step:1161/3242 train_loss:3.4378 train_time:726468ms step_avg:631.16ms
step:1162/3242 train_loss:3.4065 train_time:727096ms step_avg:631.16ms
step:1163/3242 train_loss:3.4612 train_time:727730ms step_avg:631.16ms
step:1164/3242 train_loss:3.6669 train_time:728359ms step_avg:631.16ms
step:1165/3242 train_loss:3.5596 train_time:728986ms step_avg:631.16ms
step:1166/3242 train_loss:3.4232 train_time:729617ms step_avg:631.16ms
step:1167/3242 train_loss:3.5390 train_time:730253ms step_avg:631.16ms
step:1168/3242 train_loss:3.5455 train_time:730872ms step_avg:631.15ms
step:1169/3242 train_loss:3.7459 train_time:731494ms step_avg:631.14ms
step:1170/3242 train_loss:3.4796 train_time:732127ms step_avg:631.14ms
step:1171/3242 train_loss:3.5619 train_time:732755ms step_avg:631.14ms
step:1172/3242 train_loss:3.5365 train_time:733381ms step_avg:631.14ms
step:1173/3242 train_loss:3.5651 train_time:734009ms step_avg:631.13ms
step:1174/3242 train_loss:3.7460 train_time:734635ms step_avg:631.13ms
step:1175/3242 train_loss:3.4588 train_time:735264ms step_avg:631.13ms
step:1176/3242 train_loss:3.5715 train_time:735890ms step_avg:631.12ms
step:1177/3242 train_loss:3.7013 train_time:736517ms step_avg:631.12ms
step:1178/3242 train_loss:3.4965 train_time:737147ms step_avg:631.12ms
step:1179/3242 train_loss:3.6552 train_time:737787ms step_avg:631.13ms
step:1180/3242 train_loss:3.4990 train_time:738413ms step_avg:631.12ms
step:1181/3242 train_loss:3.4681 train_time:739039ms step_avg:631.12ms
step:1182/3242 train_loss:3.3171 train_time:739671ms step_avg:631.12ms
step:1183/3242 train_loss:3.6103 train_time:740300ms step_avg:631.12ms
step:1184/3242 train_loss:3.4050 train_time:740929ms step_avg:631.11ms
step:1185/3242 train_loss:3.7983 train_time:741557ms step_avg:631.11ms
step:1186/3242 train_loss:3.7763 train_time:742186ms step_avg:631.11ms
step:1105/3242 train_loss:3.5547 train_time:689911ms step_avg:630.06ms
step:1187/3242 train_loss:3.5319 train_time:742816ms step_avg:631.11ms
step:1188/3242 train_loss:3.5416 train_time:743445ms step_avg:631.11ms
step:1189/3242 train_loss:3.5741 train_time:744078ms step_avg:631.11ms
step:1190/3242 train_loss:3.3722 train_time:744705ms step_avg:631.11ms
step:1191/3242 train_loss:3.6315 train_time:745333ms step_avg:631.10ms
step:1192/3242 train_loss:4.0185 train_time:745962ms step_avg:631.10ms
step:1193/3242 train_loss:3.5359 train_time:746591ms step_avg:631.10ms
step:1194/3242 train_loss:3.4743 train_time:747226ms step_avg:631.10ms
step:1195/3242 train_loss:3.7190 train_time:747854ms step_avg:631.10ms
step:1196/3242 train_loss:3.5325 train_time:748479ms step_avg:631.10ms
step:1197/3242 train_loss:3.4539 train_time:749121ms step_avg:631.10ms
step:1198/3242 train_loss:3.4302 train_time:749749ms step_avg:631.10ms
step:1199/3242 train_loss:3.4192 train_time:750376ms step_avg:631.10ms
step:1200/3242 train_loss:3.5589 train_time:751001ms step_avg:631.09ms
step:1201/3242 train_loss:3.6191 train_time:751630ms step_avg:631.09ms
step:1202/3242 train_loss:3.7562 train_time:752264ms step_avg:631.09ms
step:1203/3242 train_loss:3.7653 train_time:752889ms step_avg:631.09ms
step:1204/3242 train_loss:3.5938 train_time:753518ms step_avg:631.09ms
step:1205/3242 train_loss:3.4932 train_time:754146ms step_avg:631.08ms
step:1206/3242 train_loss:3.5535 train_time:754779ms step_avg:631.09ms
step:1207/3242 train_loss:3.6656 train_time:755404ms step_avg:631.08ms
step:1208/3242 train_loss:3.7253 train_time:756030ms step_avg:631.08ms
step:1209/3242 train_loss:3.4890 train_time:756660ms step_avg:631.08ms
step:1210/3242 train_loss:3.3875 train_time:757294ms step_avg:631.08ms
step:1211/3242 train_loss:3.3300 train_time:757925ms step_avg:631.08ms
step:1212/3242 train_loss:3.6249 train_time:758555ms step_avg:631.08ms
step:1213/3242 train_loss:3.6921 train_time:759180ms step_avg:631.07ms
step:1214/3242 train_loss:3.5399 train_time:759806ms step_avg:631.07ms
step:1215/3242 train_loss:3.4482 train_time:760436ms step_avg:631.07ms
step:1216/3242 train_loss:3.7409 train_time:761061ms step_avg:631.06ms
step:1217/3242 train_loss:3.4847 train_time:761688ms step_avg:631.06ms
step:1218/3242 train_loss:3.5532 train_time:762316ms step_avg:631.06ms
step:1219/3242 train_loss:3.5905 train_time:762948ms step_avg:631.06ms
step:1220/3242 train_loss:3.6021 train_time:763574ms step_avg:631.05ms
step:1221/3242 train_loss:3.5666 train_time:764220ms step_avg:631.07ms
step:1222/3242 train_loss:3.7663 train_time:764848ms step_avg:631.06ms
step:1223/3242 train_loss:3.5293 train_time:765472ms step_avg:631.06ms
step:1224/3242 train_loss:3.4568 train_time:766107ms step_avg:631.06mstep:1143/3242 train_loss:3.6792 train_time:713919ms step_avg:630.11ms
step:1144/3242 train_loss:3.6048 train_time:714552ms step_avg:630.12ms
step:1145/3242 train_loss:3.5450 train_time:715178ms step_avg:630.11ms
step:1146/3242 train_loss:3.6074 train_time:715812ms step_avg:630.12ms
step:1147/3242 train_loss:3.8879 train_time:716438ms step_avg:630.11ms
step:1148/3242 train_loss:3.7205 train_time:717071ms step_avg:630.11ms
step:1149/3242 train_loss:3.5630 train_time:717703ms step_avg:630.12ms
step:1150/3242 train_loss:3.4210 train_time:718321ms step_avg:630.11ms
step:1151/3242 train_loss:3.4716 train_time:718948ms step_avg:630.10ms
s
step:1234/3242 train_loss:3.6387 train_time:772373ms step_avg:631.02ms
step:1235/3242 train_loss:3.8091 train_time:773010ms step_avg:631.03ms
step:1236/3242 train_loss:3.5229 train_time:773630ms step_avg:631.02ms
step:1237/3242 train_loss:3.4629 train_time:774268ms step_avg:631.02ms
step:1238/3242 train_loss:3.4005 train_time:774899ms step_avg:631.03ms
step:1239/3242 train_loss:3.4232 train_time:775525ms step_avg:631.02ms
step:1240/3242 train_loss:3.5053 train_time:776150ms step_avg:631.02ms
step:1241/3242 train_loss:3.4189 train_time:776778ms step_avg:631.01ms
step:1242/3242 train_loss:3.6212 train_time:777410ms step_avg:631.01ms
step:1243/3242 train_loss:3.5018 train_time:778043ms step_avg:631.02ms
step:1244/3242 train_loss:3.5928 train_time:778672ms step_avg:631.01ms
step:1245/3242 train_loss:3.6517 train_time:779308ms step_avg:631.02ms
step:1246/3242 train_loss:3.4077 train_time:779940ms step_avg:631.02ms
step:1247/3242 train_loss:3.4901 train_time:780565ms step_avg:631.01ms
step:1248/3242 train_loss:3.6105 train_time:781192ms step_avg:631.01ms
step:1249/3242 train_loss:3.7210 train_time:781820ms step_avg:631.01ms
step:1250/3242 train_loss:3.6110 train_time:782453ms step_avg:631.01ms
step:1250/3242 val_loss:3.5444 train_time:782838ms step_avg:631.32ms
step:1251/3242 train_loss:3.4729 train_time:783079ms step_avg:631.01ms
step:1252/3242 train_loss:3.5693 train_time:783707ms step_avg:631.00ms
step:1253/3242 train_loss:3.5601 train_time:784335ms step_avg:631.00ms
step:1254/3242 train_loss:3.5567 train_time:784962ms step_avg:631.00ms
step:1255/3242 train_loss:3.7227 train_time:785589ms step_avg:631.00ms
step:1256/3242 train_loss:3.6319 train_time:786216ms step_avg:630.99ms
step:1257/3242 train_loss:3.6668 train_time:786848ms step_avg:630.99ms
step:1258/3242 train_loss:3.6372 train_time:787476ms step_avg:630.99ms
step:1259/3242 train_loss:3.5290 train_time:788103ms step_avg:630.99ms
step:1260/3242 train_loss:3.5260 train_time:788732ms step_avg:630.99ms
step:1261/3242 train_loss:3.3902 train_time:789360ms step_avg:630.98ms
step:1262/3242 train_loss:3.3068 train_time:789984ms step_avg:630.98ms
step:1263/3242 train_loss:3.6542 train_time:790613ms step_avg:630.98ms
step:1264/3242 train_loss:3.3677 train_time:791239ms step_avg:630.97ms
step:1265/3242 train_loss:3.7025 train_time:791871ms step_avg:630.97ms
step:1266/3242 train_loss:3.6062 train_time:792501ms step_avg:630.97ms
step:1267/3242 train_loss:3.6005 train_time:793129ms step_avg:630.97ms
step:1268/3242 train_loss:3.6826 train_time:793764ms step_avg:630.97ms
step:1269/3242 train_loss:3.4943 train_time:794391ms step_avg:630.97ms
step:1270/3242 train_loss:3.5132 train_time:795024ms step_avg:630.97ms
step:1271/3242 train_loss:3.4477 train_time:795652ms step_avg:630.97ms
step:1272/3242 train_loss:3.4431 train_time:796280ms step_avg:630.97ms
step:1273/3242 train_loss:3.4780 train_time:796907ms step_avg:630.96ms
step:1274/3242 train_loss:3.5329 train_time:797540ms step_avg:630.97ms
step:1275/3242 train_loss:3.5240 train_time:798169ms step_avg:630.96ms
step:1276/3242 train_loss:3.6475 train_time:798800ms step_avg:630.96ms
step:1277/3242 train_loss:3.6555 train_time:799429ms step_avg:630.96ms
s
step:1194/3242 train_loss:3.4669 train_time:746005ms step_avg:630.07ms
step:1278/3242 train_loss:3.6097 train_time:800058ms step_avg:630.96ms
step:1279/3242 train_loss:3.5128 train_time:800685ms step_avg:630.96ms
step:1280/3242 train_loss:3.3513 train_time:801316ms step_avg:630.96ms
step:1281/3242 train_loss:3.4446 train_time:801947ms step_avg:630.96ms
step:1282/3242 train_loss:3.6529 train_time:802578ms step_avg:630.96ms
step:1283/3242 train_loss:3.5786 train_time:803207ms step_avg:630.96ms
step:1284/3242 train_loss:3.6405 train_time:803838ms step_avg:630.96ms
step:1285/3242 train_loss:3.5915 train_time:804463ms step_avg:630.95ms
step:1286/3242 train_loss:3.5587 train_time:805096ms step_avg:630.95ms
step:1287/3242 train_loss:3.4174 train_time:805728ms step_avg:630.95ms
step:1288/3242 train_loss:3.4852 train_time:806355ms step_avg:630.95ms
step:1289/3242 train_loss:3.4654 train_time:806985ms step_avg:630.95ms
step:1290/3242 train_loss:3.4231 train_time:807614ms step_avg:630.95ms
step:1291/3242 train_loss:3.5647 train_time:808242ms step_avg:630.95ms
step:1292/3242 train_loss:3.5925 train_time:808874ms step_avg:630.95ms
step:1293/3242 train_loss:3.6330 train_time:809500ms step_avg:630.94ms
step:1294/3242 train_loss:3.6654 train_time:810130ms step_avg:630.94ms
step:1295/3242 train_loss:3.3113 train_time:810759ms step_avg:630.94ms
step:1296/3242 train_loss:3.4279 train_time:811386ms step_avg:630.94ms
step:1297/3242 train_loss:3.6235 train_time:812016ms step_avg:630.94ms
step:1298/3242 train_loss:3.3829 train_time:812647ms step_avg:630.94ms
step:1299/3242 train_loss:3.6276 train_time:813269ms step_avg:630.93ms
step:1300/3242 train_loss:3.5626 train_time:813900ms step_avg:630.93ms
step:1301/3242 train_loss:3.6741 train_time:814532ms step_avg:630.93ms
step:1302/3242 train_loss:3.6329 train_time:815163ms step_avg:630.93ms
step:1303/3242 train_loss:3.7871 train_time:815791ms step_avg:630.93ms
step:1304/3242 train_loss:3.3937 train_time:816419ms step_avg:630.93ms
step:1305/3242 train_loss:3.9013 train_time:817047ms step_avg:630.92ms
step:1306/3242 train_loss:3.5077 train_time:817678ms step_avg:630.92ms
step:1307/3242 train_loss:3.7028 train_time:818306ms step_avg:630.92ms
step:1308/3242 train_loss:3.8645 train_time:818936ms step_avg:630.92ms
step:1309/3242 train_loss:3.4761 train_time:819564ms step_avg:630.92ms
step:1310/3242 train_loss:3.4393 train_time:820193ms step_avg:630.92ms
step:1311/3242 train_loss:3.6071 train_time:820819ms step_avg:630.91ms
step:1312/3242 train_loss:3.5412 train_time:821448ms step_avg:630.91ms
step:1313/3242 train_loss:3.5216 train_time:822078ms step_avg:630.91ms
step:1314/3242 train_loss:3.6061 train_time:822706ms step_avg:630.91ms
step:1315/3242 train_loss:3.2522 train_time:823336ms step_avg:630.91ms
step:1316/3242 train_loss:3.4443 train_time:823963ms step_avg:630.91ms
step:1317/3242 train_loss:3.5559 train_time:824594ms step_avg:630.91ms
step:1318/3242 train_loss:3.6638 train_time:825225ms step_avg:630.91ms
step:1319/3242 train_loss:3.3608 train_time:825855ms step_avg:630.91ms
step:1320/3242 train_loss:3.5398 train_time:826483ms step_avg:630.90ms
step:1321/3242 train_loss:3.6823 train_time:827106ms step_avg:630.90ms
step:1239/3242 train_loss:3.4213 train_time:774309ms step_avg:630.03ms
step:1240/3242 train_loss:3.5001 train_time:774946ms step_avg:630.04ms
step:1241/3242 train_loss:3.4147 train_time:775569ms step_avg:630.03ms
step:1242/3242 train_loss:3.6157 train_time:776197ms step_avg:630.03ms
step:1243/3242 train_loss:3.5079 train_time:776828ms step_avg:630.03ms
step:1244/3242 train_loss:3.5924 train_time:777457ms step_avg:630.03ms
step:1328/3242 train_loss:3.4099 train_time:831508ms step_avg:630.89ms
step:1329/3242 train_loss:3.8102 train_time:832139ms step_avg:630.89ms
step:1330/3242 train_loss:3.5807 train_time:833320ms step_avg:631.30ms
step:1331/3242 train_loss:3.7933 train_time:833945ms step_avg:631.30ms
step:1332/3242 train_loss:3.4995 train_time:834582ms step_avg:631.30ms
step:1333/3242 train_loss:3.7593 train_time:835208ms step_avg:631.30ms
step:1334/3242 train_loss:3.6673 train_time:835842ms step_avg:631.30ms
step:1335/3242 train_loss:3.5771 train_time:836470ms step_avg:631.30ms
step:1336/3242 train_loss:3.4730 train_time:837099ms step_avg:631.30ms
step:1337/3242 train_loss:3.5926 train_time:837734ms step_avg:631.30ms
step:1338/3242 train_loss:3.7707 train_time:838356ms step_avg:631.29ms
step:1339/3242 train_loss:3.6527 train_time:838985ms step_avg:631.29ms
step:1340/3242 train_loss:3.4960 train_time:839615ms step_avg:631.29ms
step:1341/3242 train_loss:3.4413 train_time:840240ms step_avg:631.28ms
step:1342/3242 train_loss:3.8087 train_time:840867ms step_avg:631.28ms
step:1343/3242 train_loss:3.6110 train_time:841495ms step_avg:631.28ms
step:1344/3242 train_loss:3.6338 train_time:842123ms step_avg:631.28ms
step:1345/3242 train_loss:3.6352 train_time:842750ms step_avg:631.27ms
step:1346/3242 train_loss:3.6240 train_time:843383ms step_avg:631.27ms
step:1347/3242 train_loss:3.4519 train_time:844007ms step_avg:631.27ms
step:1348/3242 train_loss:3.4437 train_time:844643ms step_avg:631.27ms
step:1349/3242 train_loss:3.5788 train_time:845270ms step_avg:631.27ms
step:1350/3242 train_loss:3.4443 train_time:845897ms step_avg:631.27ms
step:1351/3242 train_loss:3.6382 train_time:846526ms step_avg:631.26ms
step:1352/3242 train_loss:3.5394 train_time:847153ms step_avg:631.26ms
step:1353/3242 train_loss:3.4824 train_time:847783ms step_avg:631.26ms
step:1354/3242 train_loss:3.6149 train_time:848412ms step_avg:631.26ms
step:1355/3242 train_loss:3.4860 train_time:849040ms step_avg:631.26ms
step:1356/3242 train_loss:3.2920 train_time:849666ms step_avg:631.25ms
step:1357/3242 train_loss:3.6158 train_time:850294ms step_avg:631.25ms
step:1358/3242 train_loss:3.6914 train_time:850922ms step_avg:631.25ms
step:1359/3242 train_loss:3.3769 train_time:851554ms step_avg:631.25ms
step:1360/3242 train_loss:3.7292 train_time:852188ms step_avg:631.25ms
step:1361/3242 train_loss:3.6670 train_time:852809ms step_avg:631.24ms
step:1362/3242 train_loss:3.3899 train_time:853449ms step_avg:631.25ms
step:1363/3242 train_loss:3.5760 train_time:854077ms step_avg:631.25ms
step:1364/3242 train_loss:3.4232 train_time:854718ms step_avg:631.25ms
step:1365/3242 train_loss:3.4367 train_time:855346ms step_avg:631.25ms
step:1366/3242 train_loss:3.5784 train_time:855977ms step_avg:631.25ms
step:1367/3242 train_loss:3.6339 train_time:856606ms step_avg:631.25mstep:1284/3242 train_loss:3.6393 train_time:802615ms step_avg:630.00ms
step:1285/3242 train_loss:3.5950 train_time:803244ms step_avg:630.00ms
step:1286/3242 train_loss:3.5497 train_time:803873ms step_avg:629.99ms
step:1287/3242 train_loss:3.4126 train_time:804501ms step_avg:629.99ms
step:1288/3242 train_loss:3.4801 train_time:805130ms step_avg:629.99ms
step:1289/3242 train_loss:3.4583 train_time:805761ms step_avg:629.99ms
step:1290/3242 train_loss:3.4145 train_time:806393ms step_avg:629.99ms
step:1291/3242 train_loss:3.5633 train_time:807018ms step_avg:629.99ms
ststep:1375/3242 val_loss:3.5226 train_time:862027ms step_avg:631.52ms
step:1376/3242 train_loss:3.8326 train_time:862270ms step_avg:631.24ms
step:1377/3242 train_loss:3.5396 train_time:862906ms step_avg:631.24ms
step:1378/3242 train_loss:3.7478 train_time:863536ms step_avg:631.24ms
step:1379/3242 train_loss:3.7754 train_time:864164ms step_avg:631.24ms
step:1380/3242 train_loss:3.5457 train_time:864791ms step_avg:631.23ms
step:1381/3242 train_loss:3.5529 train_time:865422ms step_avg:631.23ms
step:1382/3242 train_loss:3.6000 train_time:866052ms step_avg:631.23ms
step:1383/3242 train_loss:3.4363 train_time:866679ms step_avg:631.23ms
step:1384/3242 train_loss:3.6215 train_time:867317ms step_avg:631.24ms
step:1385/3242 train_loss:3.7218 train_time:867942ms step_avg:631.23ms
step:1386/3242 train_loss:3.4888 train_time:868568ms step_avg:631.23ms
step:1387/3242 train_loss:3.6104 train_time:869196ms step_avg:631.22ms
step:1388/3242 train_loss:3.4906 train_time:869826ms step_avg:631.22ms
step:1389/3242 train_loss:3.4976 train_time:870459ms step_avg:631.22ms
step:1390/3242 train_loss:3.2662 train_time:871088ms step_avg:631.22ms
step:1391/3242 train_loss:3.5551 train_time:871716ms step_avg:631.22ms
step:1392/3242 train_loss:3.4247 train_time:872351ms step_avg:631.22ms
step:1393/3242 train_loss:3.5472 train_time:872979ms step_avg:631.22ms
step:1394/3242 train_loss:3.5525 train_time:873611ms step_avg:631.22ms
step:1395/3242 train_loss:3.5955 train_time:874243ms step_avg:631.22ms
step:1396/3242 train_loss:3.5609 train_time:874873ms step_avg:631.22ms
step:1397/3242 train_loss:3.5494 train_time:875501ms step_avg:631.22ms
step:1398/3242 train_loss:3.3493 train_time:876129ms step_avg:631.22ms
step:1399/3242 train_loss:3.5353 train_time:876757ms step_avg:631.21ms
step:1400/3242 train_loss:3.5607 train_time:877391ms step_avg:631.22ms
step:1401/3242 train_loss:3.5207 train_time:878012ms step_avg:631.21ms
step:1402/3242 train_loss:3.4931 train_time:878643ms step_avg:631.21ms
step:1403/3242 train_loss:3.4644 train_time:879272ms step_avg:631.21ms
step:1404/3242 train_loss:3.5667 train_time:879914ms step_avg:631.22ms
step:1405/3242 train_loss:3.5519 train_time:880543ms step_avg:631.21ms
step:1406/3242 train_loss:3.5983 train_time:881171ms step_avg:631.21ms
step:1407/3242 train_loss:3.5231 train_time:881801ms step_avg:631.21ms
step:1408/3242 train_loss:3.4768 train_time:882434ms step_avg:631.21ms
step:1409/3242 train_loss:3.3389 train_time:883069ms step_avg:631.21ms
step:1410/3242 train_loss:3.4961 train_time:883693ms step_avg:631.21ms
step:1411/3242 train_loss:3.4800 train_time:884326ms step_avg:631.21ms
step:1412/3242 train_loss:3.5611 train_time:884953ms step_avg:631.21ms
step:1413/3242 train_loss:3.4812 train_time:885599ms step_avg:631.22ms
step:1414/3242 train_loss:3.3881 train_time:886210ms step_avg:631.20ms
step:1415/3242 train_loss:3.5821 train_time:886840ms step_avg:631.20ms
step:1416/3242 train_loss:3.7959 train_time:887468ms step_avg:631.20ms
step:1417/3242 train_loss:3.4197 train_time:888094ms step_avg:631.20ms
step:1418/3242 train_loss:3.4203 train_time:888725ms step_avg:631.20ms
step:1419/3242 train_loss:3.4285 train_time:889353ms step_avg:631.19ms
step:1337/3242 train_loss:3.5890 train_time:836246ms step_avg:630.18ms
step:1338/3242 train_loss:3.7649 train_time:836873ms step_avg:630.18ms
step:1339/3242 train_loss:3.6516 train_time:837501ms step_avg:630.17ms
step:1340/3242 train_loss:3.4947 train_time:838125ms step_avg:630.17ms
step:1424/3242 train_loss:3.6500 train_time:892498ms step_avg:631.19ms
step:1425/3242 train_loss:3.6500 train_time:893125ms step_avg:631.18ms
step:1426/3242 train_loss:3.1598 train_time:893754ms step_avg:631.18ms
step:1427/3242 train_loss:3.5484 train_time:894387ms step_avg:631.18ms
step:1428/3242 train_loss:3.6024 train_time:895013ms step_avg:631.18ms
step:1429/3242 train_loss:3.6100 train_time:895640ms step_avg:631.18ms
step:1430/3242 train_loss:3.5102 train_time:896269ms step_avg:631.18ms
step:1431/3242 train_loss:3.7463 train_time:896898ms step_avg:631.17ms
step:1432/3242 train_loss:3.6327 train_time:897531ms step_avg:631.17ms
step:1433/3242 train_loss:3.5138 train_time:898158ms step_avg:631.17ms
step:1434/3242 train_loss:3.5214 train_time:898788ms step_avg:631.17ms
step:1435/3242 train_loss:3.4683 train_time:899415ms step_avg:631.17ms
step:1436/3242 train_loss:3.1505 train_time:900044ms step_avg:631.17ms
step:1437/3242 train_loss:3.4026 train_time:900670ms step_avg:631.16ms
step:1438/3242 train_loss:3.5709 train_time:901301ms step_avg:631.16ms
step:1439/3242 train_loss:3.5826 train_time:901929ms step_avg:631.16ms
step:1440/3242 train_loss:3.5898 train_time:902558ms step_avg:631.16ms
step:1441/3242 train_loss:3.4320 train_time:903190ms step_avg:631.16ms
step:1442/3242 train_loss:3.5275 train_time:903816ms step_avg:631.16ms
step:1443/3242 train_loss:3.8152 train_time:904445ms step_avg:631.15ms
step:1444/3242 train_loss:3.5924 train_time:905071ms step_avg:631.15ms
step:1445/3242 train_loss:3.5661 train_time:905701ms step_avg:631.15ms
step:1446/3242 train_loss:3.5642 train_time:906329ms step_avg:631.15ms
step:1447/3242 train_loss:3.3919 train_time:906958ms step_avg:631.15ms
step:1448/3242 train_loss:3.4879 train_time:907588ms step_avg:631.15ms
step:1449/3242 train_loss:3.5066 train_time:908231ms step_avg:631.15ms
step:1450/3242 train_loss:3.7164 train_time:908861ms step_avg:631.15ms
step:1451/3242 train_loss:3.6283 train_time:909482ms step_avg:631.15ms
step:1452/3242 train_loss:3.3994 train_time:910116ms step_avg:631.15ms
step:1453/3242 train_loss:3.6594 train_time:910738ms step_avg:631.14ms
step:1454/3242 train_loss:3.4065 train_time:911367ms step_avg:631.14ms
step:1455/3242 train_loss:3.5160 train_time:911999ms step_avg:631.14ms
step:1456/3242 train_loss:3.5666 train_time:912633ms step_avg:631.14ms
step:1457/3242 train_loss:3.4085 train_time:913264ms step_avg:631.14ms
step:1458/3242 train_loss:3.3872 train_time:913901ms step_avg:631.15ms
step:1459/3242 train_loss:3.5685 train_time:914531ms step_avg:631.15ms
step:1460/3242 train_loss:3.5040 train_time:915164ms step_avg:631.15ms
step:1461/3242 train_loss:3.4189 train_time:915790ms step_avg:631.14ms
step:1462/3242 train_loss:3.7671 train_time:916421ms step_avg:631.14ms
step:1463/3242 train_loss:3.5894 train_time:917051ms step_avg:631.14ms
step:1464/3242 train_loss:3.7714 train_time:917693ms step_avg:631.15ms
step:1465/3242 train_loss:3.5150 train_time:918320ms step_avg:631.15ms
step:1466/3242 train_loss:3.5297 train_time:918950ms step_avg:631.15ms
step:1467/3242 train_loss:3.4379 train_time:919574ms step_avg:631.14mstep:1384/3242 train_loss:3.6211 train_time:865791ms step_avg:630.12ms
step:1385/3242 train_loss:3.7181 train_time:866426ms step_avg:630.13ms
step:1386/3242 train_loss:3.4844 train_time:867056ms step_avg:630.13ms
s
step:1471/3242 train_loss:3.6358 train_time:922084ms step_avg:631.13ms
step:1472/3242 train_loss:3.5019 train_time:922720ms step_avg:631.14ms
step:1473/3242 train_loss:3.4472 train_time:923348ms step_avg:631.13ms
step:1474/3242 train_loss:3.6653 train_time:923977ms step_avg:631.13ms
step:1475/3242 train_loss:3.5100 train_time:924605ms step_avg:631.13ms
step:1476/3242 train_loss:3.2322 train_time:925232ms step_avg:631.13ms
step:1477/3242 train_loss:3.4221 train_time:925860ms step_avg:631.12ms
step:1478/3242 train_loss:3.3724 train_time:926488ms step_avg:631.12ms
step:1479/3242 train_loss:3.5345 train_time:927129ms step_avg:631.13ms
step:1480/3242 train_loss:3.5443 train_time:927758ms step_avg:631.13ms
step:1481/3242 train_loss:3.5702 train_time:928395ms step_avg:631.13ms
step:1482/3242 train_loss:3.6786 train_time:929033ms step_avg:631.14ms
step:1483/3242 train_loss:3.5831 train_time:929664ms step_avg:631.14ms
step:1484/3242 train_loss:3.4418 train_time:930292ms step_avg:631.13ms
step:1485/3242 train_loss:3.4823 train_time:930916ms step_avg:631.13ms
step:1486/3242 train_loss:3.4573 train_time:931544ms step_avg:631.13ms
step:1487/3242 train_loss:3.5092 train_time:932183ms step_avg:631.13ms
step:1488/3242 train_loss:3.4898 train_time:932813ms step_avg:631.13ms
step:1489/3242 train_loss:3.4655 train_time:933438ms step_avg:631.13ms
step:1490/3242 train_loss:3.6201 train_time:934067ms step_avg:631.13ms
step:1491/3242 train_loss:3.4272 train_time:934706ms step_avg:631.13ms
step:1492/3242 train_loss:3.2639 train_time:935328ms step_avg:631.13ms
step:1493/3242 train_loss:3.5495 train_time:935957ms step_avg:631.12ms
step:1494/3242 train_loss:3.7268 train_time:936588ms step_avg:631.12ms
step:1495/3242 train_loss:3.5267 train_time:937212ms step_avg:631.12ms
step:1496/3242 train_loss:3.3845 train_time:937840ms step_avg:631.12ms
step:1497/3242 train_loss:3.4649 train_time:938469ms step_avg:631.12ms
step:1498/3242 train_loss:3.4635 train_time:939100ms step_avg:631.12ms
step:1499/3242 train_loss:3.4969 train_time:939731ms step_avg:631.12ms
step:1500/3242 train_loss:3.4258 train_time:940356ms step_avg:631.11ms
step:1500/3242 val_loss:3.5058 train_time:940746ms step_avg:631.37ms
step:1501/3242 train_loss:3.3967 train_time:940988ms step_avg:631.11ms
step:1502/3242 train_loss:3.4040 train_time:941616ms step_avg:631.11ms
step:1503/3242 train_loss:3.5850 train_time:942245ms step_avg:631.11ms
step:1504/3242 train_loss:3.4073 train_time:942873ms step_avg:631.11ms
step:1505/3242 train_loss:3.4792 train_time:943502ms step_avg:631.10ms
step:1506/3242 train_loss:3.3918 train_time:944131ms step_avg:631.10ms
step:1507/3242 train_loss:3.5335 train_time:944759ms step_avg:631.10ms
step:1508/3242 train_loss:3.4189 train_time:945388ms step_avg:631.10ms
step:1509/3242 train_loss:4.1016 train_time:946017ms step_avg:631.10ms
step:1510/3242 train_loss:3.4188 train_time:946645ms step_avg:631.10ms
step:1511/3242 train_loss:3.5138 train_time:947278ms step_avg:631.10ms
step:1512/3242 train_loss:3.5492 train_time:947907ms step_avg:631.10ms
step:1513/3242 train_loss:3.7913 train_time:948545ms step_avg:631.10ms
s
step:1514/3242 train_loss:3.4074 train_time:949177ms step_avg:631.10ms
step:1515/3242 train_loss:3.3949 train_time:949807ms step_avg:631.10ms
step:1516/3242 train_loss:3.5232 train_time:950434ms step_avg:631.10ms
step:1517/3242 train_loss:3.4363 train_time:951060ms step_avg:631.09ms
step:1518/3242 train_loss:3.6081 train_time:951686ms step_avg:631.09ms
step:1519/3242 train_loss:3.3938 train_time:952318ms step_avg:631.09ms
step:1520/3242 train_loss:3.5890 train_time:953077ms step_avg:631.18ms
step:1521/3242 train_loss:3.4239 train_time:953707ms step_avg:631.18ms
step:1522/3242 train_loss:3.4522 train_time:954337ms step_avg:631.18ms
step:1523/3242 train_loss:3.5811 train_time:954965ms step_avg:631.17ms
step:1524/3242 train_loss:3.5076 train_time:955591ms step_avg:631.17ms
step:1525/3242 train_loss:3.6515 train_time:956219ms step_avg:631.17ms
step:1526/3242 train_loss:3.4733 train_time:956849ms step_avg:631.17ms
step:1527/3242 train_loss:3.5252 train_time:957472ms step_avg:631.16ms
step:1528/3242 train_loss:3.5023 train_time:958107ms step_avg:631.16ms
step:1529/3242 train_loss:3.9131 train_time:958739ms step_avg:631.16ms
step:1530/3242 train_loss:3.6946 train_time:959360ms step_avg:631.16ms
step:1531/3242 train_loss:3.3228 train_time:959993ms step_avg:631.16ms
step:1532/3242 train_loss:3.4290 train_time:960618ms step_avg:631.16ms
step:1533/3242 train_loss:3.5088 train_time:961247ms step_avg:631.15ms
step:1534/3242 train_loss:3.4482 train_time:961896ms step_avg:631.17ms
step:1535/3242 train_loss:3.5678 train_time:962527ms step_avg:631.17ms
step:1536/3242 train_loss:3.5151 train_time:963158ms step_avg:631.17ms
step:1537/3242 train_loss:3.4057 train_time:963799ms step_avg:631.17ms
step:1538/3242 train_loss:3.4365 train_time:964424ms step_avg:631.17ms
step:1539/3242 train_loss:3.8458 train_time:965056ms step_avg:631.17ms
step:1540/3242 train_loss:3.4684 train_time:965685ms step_avg:631.17ms
step:1541/3242 train_loss:3.5568 train_time:966310ms step_avg:631.16ms
step:1542/3242 train_loss:3.4623 train_time:966940ms step_avg:631.16ms
step:1543/3242 train_loss:3.4391 train_time:967568ms step_avg:631.16ms
step:1544/3242 train_loss:3.3761 train_time:968200ms step_avg:631.16ms
step:1545/3242 train_loss:3.4978 train_time:968828ms step_avg:631.16ms
step:1546/3242 train_loss:3.5999 train_time:969456ms step_avg:631.16ms
step:1547/3242 train_loss:3.3946 train_time:970090ms step_avg:631.16ms
step:1548/3242 train_loss:3.4761 train_time:970722ms step_avg:631.16ms
step:1549/3242 train_loss:3.4367 train_time:971358ms step_avg:631.16ms
step:1465/3242 train_loss:3.5143 train_time:916726ms step_avg:630.05ms
step:1466/3242 train_loss:3.5348 train_time:917357ms step_avg:630.05ms
step:1467/3242 train_loss:3.4408 train_time:917982ms step_avg:630.05ms
step:1550/3242 train_loss:3.5689 train_time:971987ms step_avg:631.16ms
step:1551/3242 train_loss:3.4207 train_time:972616ms step_avg:631.16ms
step:1552/3242 train_loss:3.4478 train_time:973245ms step_avg:631.16ms
step:1553/3242 train_loss:3.5154 train_time:973875ms step_avg:631.16ms
step:1554/3242 train_loss:3.4136 train_time:974504ms step_avg:631.16ms
step:1555/3242 train_loss:3.4902 train_time:975133ms step_avg:631.15ms
step:1556/3242 train_loss:3.4093 train_time:975762ms step_avg:631.15ms
step:1557/3242 train_loss:3.4298 train_time:976391ms step_avg:631.15ms
step:1558/3242 train_loss:3.5199 train_time:977026ms step_avg:631.15ms
step:1477/3242 train_loss:3.4213 train_time:924269ms step_avg:630.04ms
step:1478/3242 train_loss:3.3720 train_time:924899ms step_avg:630.04ms
step:1479/3242 train_loss:3.5355 train_time:925546ms step_avg:630.05ms
step:1480/3242 train_loss:3.5416 train_time:926171ms step_avg:630.05ms
step:1563/3242 train_loss:3.4784 train_time:980177ms step_avg:631.15ms
step:1564/3242 train_loss:3.6901 train_time:980811ms step_avg:631.15ms
step:1565/3242 train_loss:3.3476 train_time:981437ms step_avg:631.15ms
step:1566/3242 train_loss:3.3421 train_time:982074ms step_avg:631.15ms
step:1567/3242 train_loss:3.4533 train_time:982702ms step_avg:631.15ms
step:1568/3242 train_loss:3.4595 train_time:983327ms step_avg:631.15ms
step:1569/3242 train_loss:3.3591 train_time:983959ms step_avg:631.15ms
step:1570/3242 train_loss:3.6500 train_time:984587ms step_avg:631.15ms
step:1571/3242 train_loss:3.5693 train_time:985218ms step_avg:631.15ms
step:1572/3242 train_loss:3.2956 train_time:985845ms step_avg:631.14ms
step:1573/3242 train_loss:3.5053 train_time:986473ms step_avg:631.14ms
step:1574/3242 train_loss:3.4519 train_time:987098ms step_avg:631.14ms
step:1575/3242 train_loss:3.4615 train_time:987724ms step_avg:631.13ms
step:1576/3242 train_loss:3.5754 train_time:988358ms step_avg:631.14ms
step:1577/3242 train_loss:3.4632 train_time:988984ms step_avg:631.13ms
step:1578/3242 train_loss:3.4842 train_time:989612ms step_avg:631.13ms
step:1579/3242 train_loss:3.4367 train_time:990245ms step_avg:631.13ms
step:1580/3242 train_loss:3.3399 train_time:990871ms step_avg:631.13ms
step:1581/3242 train_loss:3.4187 train_time:991499ms step_avg:631.13ms
step:1582/3242 train_loss:3.4879 train_time:992130ms step_avg:631.13ms
step:1583/3242 train_loss:3.4571 train_time:992757ms step_avg:631.12ms
step:1584/3242 train_loss:3.9310 train_time:993385ms step_avg:631.12ms
step:1585/3242 train_loss:3.4457 train_time:994015ms step_avg:631.12ms
step:1586/3242 train_loss:3.5510 train_time:994649ms step_avg:631.12ms
step:1587/3242 train_loss:3.2710 train_time:995280ms step_avg:631.12ms
step:1588/3242 train_loss:3.6170 train_time:995903ms step_avg:631.12ms
step:1589/3242 train_loss:3.4688 train_time:996532ms step_avg:631.12ms
step:1590/3242 train_loss:3.5921 train_time:997161ms step_avg:631.11ms
step:1591/3242 train_loss:3.4501 train_time:997796ms step_avg:631.12ms
step:1592/3242 train_loss:3.4863 train_time:998425ms step_avg:631.12ms
step:1593/3242 train_loss:3.5149 train_time:999053ms step_avg:631.11ms
step:1594/3242 train_loss:3.4899 train_time:999681ms step_avg:631.11ms
step:1595/3242 train_loss:3.5615 train_time:1000311ms step_avg:631.11ms
step:1596/3242 train_loss:3.8526 train_time:1000938ms step_avg:631.11ms
step:1597/3242 train_loss:3.4145 train_time:1001565ms step_avg:631.11ms
step:1598/3242 train_loss:3.4779 train_time:1002198ms step_avg:631.11ms
step:1599/3242 train_loss:3.5797 train_time:1002826ms step_avg:631.11ms
step:1600/3242 train_loss:3.6114 train_time:1003455ms step_avg:6step:1518/3242 train_loss:3.6030 train_time:950060ms step_avg:630.01ms
step:1519/3242 train_loss:3.3949 train_time:950696ms step_avg:630.02ms
step:1520/3242 train_loss:3.5837 train_time:951400ms step_avg:630.07ms
step:1521/3242 train_loss:3.4235 train_time:952025ms step_avg:630.06ms
step:1522/3242 train_loss:3.4610 train_time:952661ms step_avg:630.07ms
step:1523/3242 train_loss:3.5740 train_time:953286ms step_avg:630.06ms
step:1524/3242 train_loss:3.5030 train_time:953915ms step_avg:630.06ms
step:1525/3242 train_loss:3.6449 train_time:954546ms step_avg:630.06ms
step:1526/3242 train_loss:3.4738 train_time:955174ms step_avg:630.06ms
tep_avg:631.09ms
step:1610/3242 train_loss:3.5116 train_time:1009748ms step_avg:631.09ms
step:1611/3242 train_loss:3.8952 train_time:1010376ms step_avg:631.09ms
step:1612/3242 train_loss:3.6976 train_time:1011006ms step_avg:631.09ms
step:1613/3242 train_loss:3.5894 train_time:1011634ms step_avg:631.09ms
step:1614/3242 train_loss:3.4338 train_time:1012263ms step_avg:631.09ms
step:1615/3242 train_loss:3.5080 train_time:1012891ms step_avg:631.08ms
step:1616/3242 train_loss:3.3958 train_time:1013520ms step_avg:631.08ms
step:1617/3242 train_loss:3.4985 train_time:1014150ms step_avg:631.08ms
step:1618/3242 train_loss:3.6717 train_time:1014774ms step_avg:631.08ms
step:1619/3242 train_loss:3.6848 train_time:1015402ms step_avg:631.08ms
step:1620/3242 train_loss:3.3819 train_time:1016030ms step_avg:631.07ms
step:1621/3242 train_loss:3.5736 train_time:1016659ms step_avg:631.07ms
step:1622/3242 train_loss:3.5500 train_time:1017285ms step_avg:631.07ms
step:1623/3242 train_loss:3.3552 train_time:1017915ms step_avg:631.07ms
step:1624/3242 train_loss:3.5139 train_time:1018547ms step_avg:631.07ms
step:1625/3242 train_loss:3.3920 train_time:1019173ms step_avg:631.07ms
step:1625/3242 val_loss:3.4868 train_time:1019562ms step_avg:631.31ms
step:1626/3242 train_loss:3.5132 train_time:1019803ms step_avg:631.07ms
step:1627/3242 train_loss:3.4781 train_time:1020447ms stestep:1544/3242 train_loss:3.3719 train_time:966504ms step_avg:630.06ms
step:1545/3242 train_loss:3.5010 train_time:967128ms step_avg:630.05ms
step:1546/3242 train_loss:3.5990 train_time:967760ms step_avg:630.05ms
step:1547/3242 train_loss:3.3970 train_time:968388ms step_avg:630.05ms
step:1548/3242 traistep:1632/3242 train_loss:3.3758 train_time:1023585ms step_avg:631.06ms
step:1633/3242 train_loss:3.2759 train_time:1024215ms step_avg:631.06ms
step:1634/3242 train_loss:3.4548 train_time:1024842ms step_avg:631.06ms
step:1635/3242 train_loss:3.4924 train_time:1025477ms step_avg:631.06ms
step:1636/3242 train_loss:3.3276 train_time:1026105ms step_avg:631.06ms
step:1637/3242 train_loss:3.5388 train_time:1026734ms step_avg:631.06ms
step:1638/3242 train_loss:3.6618 train_time:1027365ms step_avg:631.06ms
step:1639/3242 train_loss:3.7003 train_time:1027995ms step_avg:631.06ms
step:1640/3242 train_loss:4.0569 train_time:1028623ms step_avg:631.06ms
step:1641/3242 train_loss:3.5522 train_time:1029256ms step_avg:631.06ms
step:1642/3242 train_loss:3.5423 train_time:1029880ms step_avg:631.05ms
step:1643/3242 train_loss:3.6760 train_time:1030520ms step_avg:631.06ms
step:1644/3242 train_loss:3.6158 train_time:1031162ms step_avg:631.07ms
step:1645/3242 train_loss:3.3694 train_time:1031801ms step_avg:631.07ms
step:1646/3242 train_loss:3.5144 train_time:1032414ms step_avg:631.06ms
step:1647/3242 train_loss:3.1386 train_time:1033044ms step_avg:631.06ms
step:1648/3242 train_loss:3.5174 train_time:1033677ms step_avg:631.06ms
step:1649/3242 train_loss:3.4931 train_time:1034303ms step_avg:631.06ms
step:1650/3242 train_loss:3.4259 train_time:1034933ms step_avg:631.06ms
step:1651/3242 train_loss:3.4053 train_time:1035556ms step_avg:631.05ms
step:1652/3242 train_loss:3.4565 train_time:1036186ms step_avg:631.05ms
step:1653/3242 train_loss:3.4807 train_time:1036815ms step_avg:631.05ms
step:1654/3242 train_loss:3.7023 train_time:1037446ms step_avg:631.05ms
step:1655/3242 train_loss:3.3777 train_time:1038074ms step_avg:631.05ms
step:1656/3242 train_loss:3.4188 train_time:1038704ms step_avg:631.05ms
step:1657/3242 train_loss:3.4833 train_time:1039334ms step_avg:631.05ms
step:1658/3242 train_loss:3.4592 train_time:1039965ms step_avg:631.05ms
step:1659/3242 train_loss:3.4124 train_time:1040592ms step_avg:631.04ms
step:1660/3242 train_loss:3.4294 train_time:1041221ms step_avg:631.04ms
step:1661/3242 train_loss:3.4299 train_time:1041849ms step_avg:631.04ms
step:1662/3242 train_loss:3.5318 train_time:1042475ms step_avg:631.04ms
step:1663/3242 train_loss:3.4453 train_time:1043105ms step_avg:631.04ms
step:1664/3242 train_loss:3.4674 train_time:1043734ms step_avg:631.04ms
step:1665/3242 train_loss:3.5444 train_time:1044366ms step_avg:631.04ms
step:1666/3242 train_loss:3.5136 train_time:1044997ms step_avg:631.04ms
step:1667/3242 train_loss:3.8761 train_time:1045622ms step_avg:631.03ms
step:1668/3242 train_loss:3.2968 train_time:1046249ms step_avg:631.03ms
step:1669/3242 train_loss:3.4891 train_time:1046876ms step_avg:631.03ms
step:1670/3242 train_loss:3.3520 train_time:1047506ms step_avg:631.03ms
step:1671/3242 train_loss:3.2721 train_time:1048134ms step_avg:631.03ms
step:1672/3242 train_loss:3.6249 train_time:1048767ms step_avg:631.03ms
step:1673/3242 train_loss:3.7807 train_time:1049396ms step_avg:631.03ms
step:1674/3242 train_loss:3.4263 train_time:1050024ms step_avg:631.02ms
step:1675/3242 train_loss:3.3685 train_time:1050651ms step_avg:631.02ms
step:1676/3242 train_loss:3.3879 train_time:1051280ms step_avg:631.02ms
step:1677/3242 train_loss:3.5846 train_time:1051910ms step_avg:631.02ms
step:1678/3242 train_loss:3.4119 train_time:1052540ms step_avg:631.02ms
step:1679/3242 train_loss:3.4739 train_time:1053167ms step_avg:631.02ms
step:1680/3242 train_loss:3.4850 train_time:1053797ms step_avg:631.02ms
ms
step:1598/3242 train_loss:3.4690 train_time:1000491ms step_avg:630.03ms
step:1681/3242 train_loss:3.0400 train_time:1054424ms step_avg:631.01ms
step:1682/3242 train_loss:3.4669 train_time:1055053ms step_avg:631.01ms
step:1683/3242 train_loss:3.5653 train_time:1055683ms step_avg:631.01ms
step:1684/3242 train_loss:3.5507 train_time:1056325ms step_avg:631.02ms
step:1685/3242 train_loss:3.5506 train_time:1056957ms step_avg:631.02ms
step:1686/3242 train_loss:3.3949 train_time:1057584ms step_avg:631.02ms
step:1687/3242 train_loss:3.5399 train_time:1058197ms step_avg:631.01ms
step:1688/3242 train_loss:3.4053 train_time:1058826ms step_avg:631.00ms
step:1689/3242 train_loss:3.3978 train_time:1059457ms step_avg:631.00ms
step:1690/3242 train_loss:3.4573 train_time:1060084ms step_avg:631.00ms
step:1691/3242 train_loss:3.3169 train_time:1060715ms step_avg:631.00ms
step:1692/3242 train_loss:3.4989 train_time:1061350ms step_avg:631.01ms
step:1693/3242 train_loss:3.4519 train_time:1061978ms step_avg:631.00ms
step:1694/3242 train_loss:3.4057 train_time:1062609ms step_avg:631.00ms
step:1695/3242 train_loss:3.9674 train_time:1063237ms step_avg:631.00ms
step:1696/3242 train_loss:3.6496 train_time:1063866ms step_avg:631.00ms
step:1697/3242 train_loss:3.5049 train_time:1064494ms step_avg:631.00ms
step:1698/3242 train_loss:3.4268 train_time:1065122ms step_avg:631.00ms
step:1699/3242 train_loss:3.2219 train_time:1065753ms step_avg:631.00ms
step:1700/3242 train_loss:3.4717 train_time:1066382ms step_avg:631.00ms
step:1701/3242 train_loss:3.5022 train_time:1067012ms step_avg:630.99ms
step:1702/3242 train_loss:3.4876 train_time:1067642ms step_avg:630.99ms
step:1703/3242 train_loss:3.2864 train_time:1068266ms step_avg:630.99ms
step:1704/3242 train_loss:3.7439 train_time:1068893ms step_avg:630.99ms
step:1705/3242 train_loss:3.3991 train_time:1069525ms step_avg:630.99ms
step:1706/3242 train_loss:3.9425 train_time:1070156ms step_avg:630.99ms
step:1707/3242 train_loss:3.3719 train_time:1070779ms step_avg:630.98ms
step:1708/3242 train_loss:3.2536 train_time:1071416ms step_avg:630.99ms
step:1709/3242 train_loss:3.5940 train_time:1072045ms step_avg:630.99ms
step:1710/3242 train_loss:3.3541 train_time:1073098ms step_avg:631.23ms
step:1711/3242 train_loss:3.3730 train_time:1073730ms step_avg:631.23ms
step:1712/3242 train_loss:3.4496 train_time:1074357ms step_avg:631.23ms
step:1713/3242 train_loss:3.5671 train_time:1074988ms step_avg:631.23ms
step:1714/3242 train_loss:3.6858 train_time:1075613ms step_avg:631.23ms
step:1715/3242 train_loss:3.3788 train_time:1076244ms step_avg:631.23ms
step:1716/3242 train_loss:3.4665 train_time:1076873ms step_avg:631.23ms
step:1717/3242 train_loss:3.3254 train_time:1077502ms step_avg:631.23ms
step:1718/3242 train_loss:3.3826 train_time:1078114ms step_avg:631.21ms
step:1719/3242 train_loss:3.6415 train_time:1078744ms step_avg:631.21ms
step:1720/3242 train_loss:3.4109 train_time:1079378ms step_avg:631.22ms
step:1721/3242 train_loss:3.4137 train_time:1080005ms step_avg:631.21ms
step:1722/3242 train_loss:3.2916 train_time:1080638ms step_avg:631.21ms
step:1723/3242 train_loss:3.5986 train_time:1081273ms step_avg:631.22ms
step:1724/3242 train_loss:3.4384 train_time:1081901ms step_avg:631.21ms
step:1725/3242 train_loss:3.5982 train_time:1082530ms step_avg:631.21mstep:1643/3242 train_loss:3.6775 train_time:1028785ms step_avg:630.00ms
step:1644/3242 train_loss:3.6168 train_time:1029413ms step_avg:630.00ms
step:1645/3242 train_loss:3.3649 train_time:1030047ms step_avg:630.00ms
step:1646/3242 train_loss:3.5128 train_time:1030670ms step_avg:629.99ms
ststep:1730/3242 train_loss:3.4365 train_time:1085676ms step_avg:631.21ms
step:1731/3242 train_loss:4.1172 train_time:1086308ms step_avg:631.21ms
step:1732/3242 train_loss:3.6200 train_time:1086938ms step_avg:631.21ms
step:1733/3242 train_loss:3.7218 train_time:1087565ms step_avg:631.20ms
step:1734/3242 train_loss:3.3377 train_time:1088193ms step_avg:631.20ms
step:1735/3242 train_loss:3.4995 train_time:1088824ms step_avg:631.20ms
step:1736/3242 train_loss:3.5092 train_time:1089453ms step_avg:631.20ms
step:1737/3242 train_loss:3.4048 train_time:1090086ms step_avg:631.20ms
step:1738/3242 train_loss:3.5189 train_time:1090727ms step_avg:631.21ms
step:1739/3242 train_loss:3.4034 train_time:1091357ms step_avg:631.21ms
step:1740/3242 train_loss:3.4502 train_time:1091985ms step_avg:631.21ms
step:1741/3242 train_loss:3.6868 train_time:1092614ms step_avg:631.20ms
step:1742/3242 train_loss:3.3394 train_time:1093242ms step_avg:631.20ms
step:1743/3242 train_loss:3.2314 train_time:1093872ms step_avg:631.20ms
step:1744/3242 train_loss:2.9514 train_time:1094504ms step_avg:631.20ms
step:1745/3242 train_loss:3.4810 train_time:1095130ms step_avg:631.20ms
step:1746/3242 train_loss:3.4574 train_time:1095757ms step_avg:631.20ms
step:1747/3242 train_loss:3.4387 train_time:1096385ms step_avg:631.19ms
step:1748/3242 train_loss:3.4392 train_time:1097014ms step_avg:631.19ms
step:1749/3242 train_loss:3.8992 train_time:1097643ms step_avg:631.19ms
step:1750/3242 train_loss:3.4894 train_time:1098272ms step_avg:631.19ms
step:1750/3242 val_loss:3.4676 train_time:1098660ms step_avg:631.41ms
step:1751/3242 train_loss:3.4118 train_time:1098901ms step_avg:631.19ms
step:1752/3242 train_loss:3.4480 train_time:1099529ms step_avg:631.19ms
step:1753/3242 train_loss:3.3420 train_time:1100156ms step_avg:631.19ms
step:1754/3242 train_loss:3.0079 train_time:1100785ms step_avg:631.18ms
step:1755/3242 train_loss:3.2747 train_time:1101413ms step_avg:631.18ms
step:1756/3242 train_loss:3.2436 train_time:1102040ms step_avg:631.18ms
step:1757/3242 train_loss:3.3989 train_time:1102670ms step_avg:631.18ms
step:1758/3242 train_loss:3.3815 train_time:1103298ms step_avg:631.18ms
step:1759/3242 train_loss:3.3533 train_time:1103926ms step_avg:631.18ms
step:1760/3242 train_loss:5.3526 train_time:1104555ms step_avg:631.17ms
step:1761/3242 train_loss:3.5152 train_time:1105184ms step_avg:631.17ms
step:1762/3242 train_loss:3.5291 train_time:1105809ms step_avg:631.17ms
step:1763/3242 train_loss:3.4926 train_time:1106437ms step_avg:631.17ms
step:1764/3242 train_loss:3.4819 train_time:1107068ms step_avg:631.17ms
step:1765/3242 train_loss:3.3783 train_time:1107695ms step_avg:631.17ms
step:1766/3242 train_loss:3.5051 train_time:1108325ms step_avg:631.16ms
step:1767/3242 train_loss:3.5996 train_time:1108956ms step_avg:631.16ms
step:1768/3242 train_loss:3.5383 train_time:1109590ms step_avg:631.17ms
step:1769/3242 train_loss:3.5392 train_time:1110217ms step_avg:631.16ms
step:1688/3242 train_loss:3.3960 train_time:1057088ms step_avg:629.97ms
step:1771/3242 train_loss:3.9896 train_time:1111474ms step_avg:631.16ms
step:1772/3242 train_loss:3.3678 train_time:1112102ms step_avg:631.16ms
step:1773/3242 train_loss:3.3697 train_time:1112729ms step_avg:631.16ms
step:1774/3242 train_loss:3.7078 train_time:1113360ms step_avg:631.16ms
step:1775/3242 train_loss:3.2414 train_time:1114008ms step_avg:631.17ms
step:1776/3242 train_loss:3.5393 train_time:1114617ms step_avg:631.15ms
step:1777/3242 train_loss:3.3971 train_time:1115270ms step_avg:631.17ms
step:1778/3242 train_loss:3.8463 train_time:1115899ms step_avg:631.16ms
step:1779/3242 train_loss:3.5899 train_time:1116527ms step_avg:631.16ms
step:1780/3242 train_loss:3.4399 train_time:1117155ms step_avg:631.16ms
step:1781/3242 train_loss:3.5541 train_time:1117784ms step_avg:631.16ms
step:1782/3242 train_loss:3.4701 train_time:1118425ms step_avg:631.17ms
step:1783/3242 train_loss:3.2311 train_time:1119029ms step_avg:631.15ms
step:1784/3242 train_loss:3.5134 train_time:1119654ms step_avg:631.15ms
step:1785/3242 train_loss:3.5605 train_time:1120287ms step_avg:631.15ms
step:1786/3242 train_loss:3.4756 train_time:1120913ms step_avg:631.14ms
step:1787/3242 train_loss:3.6388 train_time:1121540ms step_avg:631.14ms
step:1788/3242 train_loss:3.3976 train_time:1122170ms step_avg:631.14ms
step:1789/3242 train_loss:3.4445 train_time:1122798ms step_avg:631.14ms
step:1790/3242 train_loss:3.5538 train_time:1123433ms step_avg:631.14ms
step:1791/3242 train_loss:3.5006 train_time:1124057ms step_avg:631.14ms
step:1792/3242 train_loss:3.4748 train_time:1124687ms step_avg:631.14ms
step:1793/3242 train_loss:3.4187 train_time:1125316ms step_avg:631.14ms
step:1794/3242 train_loss:3.3024 train_time:1125944ms step_avg:631.13ms
step:1795/3242 train_loss:3.3654 train_time:1126572ms step_avg:631.13ms
step:1796/3242 train_loss:3.3487 train_time:1127200ms step_avg:631.13ms
step:1797/3242 train_loss:3.5709 train_time:1127829ms step_avg:631.13ms
step:1798/3242 train_loss:3.4808 train_time:1128461ms step_avg:631.13ms
step:1799/3242 train_loss:3.4215 train_time:1129090ms step_avg:631.13ms
step:1800/3242 train_loss:3.4940 train_time:1129720ms step_avg:631.13ms
step:1801/3242 train_loss:3.4995 train_time:1130354ms step_avg:631.13ms
step:1802/3242 train_loss:3.4771 train_time:1130979ms step_avg:631.13ms
step:1803/3242 train_loss:3.3933 train_time:1131603ms step_avg:631.12ms
step:1804/3242 train_loss:3.3750 train_time:1132233ms step_avg:631.12ms
step:1805/3242 train_loss:3.6288 train_time:1132860ms step_avg:631.12ms
step:1806/3242 train_loss:3.4857 train_time:1133490ms step_avg:631.12ms
step:1807/3242 train_loss:3.5636 train_time:1134118ms step_avg:631.12ms
step:1808/3242 train_loss:3.5856 train_time:1134747ms step_avg:631.12ms
step:1809/3242 train_loss:3.3647 train_time:1135375ms step_avg:631.11ms
step:1810/3242 train_loss:3.5497 train_time:1136008ms step_avg:631.12ms
step:1811/3242 train_loss:3.5765 train_time:1136633ms step_avg:631.11ms
step:1812/3242 train_loss:3.4764 train_time:1137267ms step_avg:631.11ms
step:1813/3242 train_loss:3.4191 train_time:1137894ms step_avg:631.11ms
step:1814/3242 train_loss:3.4385 train_time:1138523ms step_avg:631.11ms
step:1815/3242 train_loss:3.5023 train_time:1139156ms step_avg:631.11ms
step:1816/3242 train_loss:3.5738 train_time:1139781ms step_avg:631.11ms
step:1817/3242 train_loss:3.4427 train_time:1140411ms step_avg:631.11ms
step:1818/3242 train_loss:3.6186 train_time:1141039ms step_avg:631.11ms
step:1819/3242 train_loss:3.4100 train_time:1141668ms step_avg:631.10ms
step:1738/3242 train_loss:3.5162 train_time:1088684ms step_avg:630.03ms
step:1739/3242 train_loss:3.4052 train_time:1089311ms step_avg:630.02ms
step:1820/3242 train_loss:3.4825 train_time:1142300ms step_avg:631.11ms
step:1821/3242 train_loss:3.3707 train_time:1142931ms step_avg:631.10ms
step:1822/3242 train_loss:3.1831 train_time:1143562ms step_avg:631.10ms
step:1823/3242 train_loss:3.2380 train_time:1144191ms step_avg:631.10ms
step:1824/3242 train_loss:3.4098 train_time:1144818ms step_avg:631.10ms
step:1825/3242 train_loss:3.5118 train_time:1145448ms step_avg:631.10ms
step:1826/3242 train_loss:3.4684 train_time:1146080ms step_avg:631.10ms
step:1827/3242 train_loss:3.4592 train_time:1146706ms step_avg:631.10ms
step:1828/3242 train_loss:3.4334 train_time:1147334ms step_avg:631.10ms
step:1829/3242 train_loss:3.4401 train_time:1147968ms step_avg:631.10ms
step:1830/3242 train_loss:3.5350 train_time:1148594ms step_avg:631.10ms
step:1831/3242 train_loss:3.1965 train_time:1149224ms step_avg:631.10ms
step:1832/3242 train_loss:3.4351 train_time:1149853ms step_avg:631.09ms
step:1833/3242 train_loss:3.4260 train_time:1150483ms step_avg:631.09ms
step:1834/3242 train_loss:3.9926 train_time:1151112ms step_avg:631.09ms
step:1835/3242 train_loss:3.4978 train_time:1151740ms step_avg:631.09ms
step:1836/3242 train_loss:3.4754 train_time:1152369ms step_avg:631.09ms
step:1837/3242 train_loss:3.7482 train_time:1152995ms step_avg:631.09ms
step:1838/3242 train_loss:3.4624 train_time:1153623ms step_avg:631.08ms
step:1839/3242 train_loss:3.3361 train_time:1154253ms step_avg:631.08ms
step:1840/3242 train_loss:3.4284 train_time:1154881ms step_avg:631.08ms
step:1841/3242 train_loss:3.3377 train_time:1155507ms step_avg:631.08ms
step:1842/3242 train_loss:3.4581 train_time:1156134ms step_avg:631.08ms
step:1843/3242 train_loss:3.5126 train_time:1156764ms step_avg:631.08ms
step:1844/3242 train_loss:3.4329 train_time:1157395ms step_avg:631.08ms
step:1845/3242 train_loss:3.4522 train_time:1158027ms step_avg:631.08ms
step:1846/3242 train_loss:3.4287 train_time:1158650ms step_avg:631.07ms
step:1847/3242 train_loss:3.4575 train_time:1159278ms step_avg:631.07ms
step:1848/3242 train_loss:3.3335 train_time:1159906ms step_avg:631.07ms
step:1849/3242 train_loss:3.7115 train_time:1160536ms step_avg:631.07ms
step:1850/3242 train_loss:3.3673 train_time:1161178ms step_avg:631.08ms
step:1851/3242 train_loss:3.4659 train_time:1161806ms step_avg:631.07ms
step:1852/3242 train_loss:3.2960 train_time:1162434ms step_avg:631.07ms
step:1853/3242 train_loss:3.5100 train_time:1163065ms step_avg:631.07ms
step:1854/3242 train_loss:3.5567 train_time:1163700ms step_avg:631.07ms
step:1855/3242 train_loss:3.4447 train_time:1164329ms step_avg:631.07ms
step:1856/3242 train_loss:3.4208 train_time:1164959ms step_avg:631.07ms
step:1857/3242 train_loss:3.5046 train_time:1165587ms step_avg:631.07mstep:1777/3242 train_loss:3.3931 train_time:1113203ms step_avg:630.00ms
step:1778/3242 train_loss:3.8447 train_time:1113834ms step_avg:630.00ms
step:1779/3242 train_loss:3.5912 train_time:1114466ms step_avg:630.00ms
step:1780/3242 train_loss:3.4428 train_time:1115090ms step_avg:629.99ms
step:1781/3242 train_loss:3.5507 train_time:1115720ms step_avg:629.99ms
step:1782/3242 train_loss:3.4721 train_time:1116347ms step_avg:629.99ms
step:1783/3242 train_loss:3.2365 train_time:1116974ms step_avg:629.99ms
step:1784/3242 train_loss:3.5179 train_time:1117605ms step_avg:629.99ms
s
step:1866/3242 train_loss:3.2261 train_time:1171249ms step_avg:631.06ms
step:1867/3242 train_loss:3.4200 train_time:1171878ms step_avg:631.06ms
step:1868/3242 train_loss:3.3750 train_time:1172513ms step_avg:631.06ms
step:1869/3242 train_loss:3.1897 train_time:1173141ms step_avg:631.06ms
step:1870/3242 train_loss:3.4962 train_time:1173773ms step_avg:631.06ms
step:1871/3242 train_loss:3.4597 train_time:1174400ms step_avg:631.06ms
step:1872/3242 train_loss:3.4136 train_time:1175032ms step_avg:631.06ms
step:1873/3242 train_loss:3.5242 train_time:1175660ms step_avg:631.06ms
step:1874/3242 train_loss:3.3452 train_time:1176288ms step_avg:631.06ms
step:1875/3242 train_loss:3.6085 train_time:1176915ms step_avg:631.05ms
step:1875/3242 val_loss:3.4539 train_time:1177305ms step_avg:631.26ms
step:1876/3242 train_loss:3.4319 train_time:1177546ms step_avg:631.05ms
step:1877/3242 train_loss:3.4125 train_time:1178177ms step_avg:631.05ms
step:1878/3242 train_loss:3.5786 train_time:1178806ms step_avg:631.05ms
step:1879/3242 train_loss:3.5470 train_time:1179431ms step_avg:631.05ms
step:1880/3242 train_loss:3.4162 train_time:1180061ms step_avg:631.05ms
step:1881/3242 train_loss:3.4484 train_time:1180690ms step_avg:631.05ms
step:1882/3242 train_loss:3.3613 train_time:1181318ms step_avg:631.05ms
step:1883/3242 train_loss:3.5866 train_time:1181948ms step_avg:631.05ms
step:1884/3242 train_loss:3.4271 train_time:1182574ms step_avg:631.04ms
step:1885/3242 train_loss:2.9392 train_time:1183202ms step_avg:631.04ms
step:1886/3242 train_loss:3.7557 train_time:1183830ms step_avg:631.04ms
step:1887/3242 train_loss:3.3832 train_time:1184457ms step_avg:631.04ms
step:1888/3242 train_loss:3.3031 train_time:1185093ms step_avg:631.04ms
step:1889/3242 train_loss:3.4768 train_time:1185719ms step_avg:631.04ms
step:1890/3242 train_loss:3.5190 train_time:1186347ms step_avg:631.04ms
step:1891/3242 train_loss:3.2864 train_time:1186992ms step_avg:631.04ms
step:1892/3242 train_loss:3.7076 train_time:1187620ms step_avg:631.04ms
step:1893/3242 train_loss:3.3341 train_time:1188251ms step_avg:631.04ms
step:1894/3242 train_loss:3.3989 train_time:1188887ms step_avg:631.04ms
step:1895/3242 train_loss:3.5429 train_time:1189507ms step_avg:631.04ms
step:1896/3242 train_loss:3.2858 train_time:1190140ms step_avg:631.04ms
step:1897/3242 train_loss:3.4681 train_time:1190773ms step_avg:631.04ms
step:1898/3242 train_loss:3.5292 train_time:1191402ms step_avg:631.04ms
step:1899/3242 train_loss:3.5408 train_time:1192031ms step_avg:631.04ms
step:1900/3242 train_loss:3.3869 train_time:1193358ms step_avg:631.41ms
step:1901/3242 train_loss:3.5619 train_time:1193984ms step_avg:631.40ms
step:1902/3242 train_loss:3.3917 train_time:1194612ms step_avg:631.40ms
step:1903/3242 train_loss:3.4989 train_time:1195259ms step_avg:631.41ms
step:1904/3242 train_loss:3.3833 train_time:1195887ms step_avg:631.41ms
step:1905/3242 train_loss:3.6060 train_time:1196515ms step_avg:631.41ms
s
step:1823/3242 train_loss:3.2370 train_time:1142183ms step_avg:630.00ms
step:1824/3242 train_loss:3.4051 train_time:1142803ms step_avg:629.99ms
step:1825/3242 train_loss:3.5134 train_time:1143422ms step_avg:629.98ms
step:1826/3242 train_loss:3.4648 train_time:1144053ms step_avg:629.99ms
step:1827/3242 train_loss:3.4516 train_time:1144682ms step_avg:629.98ms
step:1909/3242 train_loss:3.2821 train_time:1199028ms step_avg:631.40ms
step:1910/3242 train_loss:3.4558 train_time:1199656ms step_avg:631.40ms
step:1911/3242 train_loss:3.5123 train_time:1200280ms step_avg:631.39ms
step:1912/3242 train_loss:3.4280 train_time:1200913ms step_avg:631.39ms
step:1913/3242 train_loss:3.3961 train_time:1201543ms step_avg:631.39ms
step:1914/3242 train_loss:2.9449 train_time:1202167ms step_avg:631.39ms
step:1915/3242 train_loss:3.3411 train_time:1202799ms step_avg:631.39ms
step:1916/3242 train_loss:3.5561 train_time:1203430ms step_avg:631.39ms
step:1917/3242 train_loss:3.6297 train_time:1204068ms step_avg:631.39ms
step:1918/3242 train_loss:3.4665 train_time:1204696ms step_avg:631.39ms
step:1919/3242 train_loss:3.4268 train_time:1205318ms step_avg:631.39ms
step:1920/3242 train_loss:3.6889 train_time:1205949ms step_avg:631.39ms
step:1921/3242 train_loss:3.3867 train_time:1206576ms step_avg:631.38ms
step:1922/3242 train_loss:3.4521 train_time:1207206ms step_avg:631.38ms
step:1923/3242 train_loss:3.4660 train_time:1207837ms step_avg:631.38ms
step:1924/3242 train_loss:3.5229 train_time:1208468ms step_avg:631.38ms
step:1925/3242 train_loss:3.1700 train_time:1209095ms step_avg:631.38ms
step:1926/3242 train_loss:3.3427 train_time:1209724ms step_avg:631.38ms
step:1927/3242 train_loss:3.3007 train_time:1210357ms step_avg:631.38ms
step:1928/3242 train_loss:3.3858 train_time:1210986ms step_avg:631.38ms
step:1929/3242 train_loss:3.1597 train_time:1211616ms step_avg:631.38ms
step:1930/3242 train_loss:3.3776 train_time:1212244ms step_avg:631.38ms
step:1931/3242 train_loss:3.6206 train_time:1212874ms step_avg:631.38ms
step:1932/3242 train_loss:3.4842 train_time:1213506ms step_avg:631.38ms
step:1933/3242 train_loss:3.5892 train_time:1214136ms step_avg:631.38ms
step:1934/3242 train_loss:3.4083 train_time:1214765ms step_avg:631.37ms
step:1935/3242 train_loss:3.4086 train_time:1215392ms step_avg:631.37ms
step:1936/3242 train_loss:3.4931 train_time:1216020ms step_avg:631.37ms
step:1937/3242 train_loss:3.4175 train_time:1216647ms step_avg:631.37ms
step:1938/3242 train_loss:3.5194 train_time:1217274ms step_avg:631.37ms
step:1939/3242 train_loss:3.3771 train_time:1217902ms step_avg:631.36ms
step:1940/3242 train_loss:3.5587 train_time:1218535ms step_avg:631.37ms
step:1941/3242 train_loss:3.6977 train_time:1219169ms step_avg:631.37ms
step:1942/3242 train_loss:3.4719 train_time:1219793ms step_avg:631.36ms
step:1943/3242 train_loss:3.4067 train_time:1220421ms step_avg:631.36ms
step:1944/3242 train_loss:3.6285 train_time:1221047ms step_avg:631.36ms
step:1945/3242 train_loss:3.3086 train_time:1221678ms step_avg:631.36ms
step:1946/3242 train_loss:3.4878 train_time:1222306ms step_avg:631.36ms
step:1947/3242 train_loss:3.4598 train_time:1222941ms step_avg:631.36ms
step:1948/3242 train_loss:3.3461 train_time:1223574ms step_avg:631.36ms
step:1949/3242 train_loss:3.3842 train_time:1224200ms step_avg:631.36ms
step:1950/3242 train_loss:3.3372 train_time:1224828ms step_avg:631.35ms
step:1951/3242 train_loss:3.3660 train_time:1225461ms step_avg:631.36ms
step:1952/3242 train_loss:3.3661 train_time:1226088ms step_avg:631.35ms
step:1953/3242 train_loss:3.5845 train_time:1226720ms step_avg:631.35ms
step:1954/3242 train_loss:3.5735 train_time:1227349ms step_avg:631.35ms
step:1955/3242 train_loss:3.4259 train_time:1227975ms step_avg:631.35ms
step:1956/3242 train_loss:3.3113 train_time:1228604ms step_avg:631.35ms
step:1875/3242 val_loss:3.4523 train_time:1175238ms step_avg:630.15ms
ststep:1958/3242 train_loss:3.6817 train_time:1229862ms step_avg:631.35ms
step:1959/3242 train_loss:3.4582 train_time:1230490ms step_avg:631.34ms
step:1960/3242 train_loss:3.5699 train_time:1231120ms step_avg:631.34ms
step:1961/3242 train_loss:3.3452 train_time:1231750ms step_avg:631.34ms
step:1962/3242 train_loss:3.5392 train_time:1232383ms step_avg:631.34ms
step:1963/3242 train_loss:3.5335 train_time:1233010ms step_avg:631.34ms
step:1964/3242 train_loss:3.4498 train_time:1233645ms step_avg:631.34ms
step:1965/3242 train_loss:3.3826 train_time:1234273ms step_avg:631.34ms
step:1966/3242 train_loss:3.6469 train_time:1234901ms step_avg:631.34ms
step:1967/3242 train_loss:3.3598 train_time:1235529ms step_avg:631.34ms
step:1968/3242 train_loss:3.4172 train_time:1236156ms step_avg:631.34ms
step:1969/3242 train_loss:3.4828 train_time:1236783ms step_avg:631.33ms
step:1970/3242 train_loss:3.3098 train_time:1237411ms step_avg:631.33ms
step:1971/3242 train_loss:3.0682 train_time:1238044ms step_avg:631.33ms
step:1972/3242 train_loss:3.1392 train_time:1238671ms step_avg:631.33ms
step:1973/3242 train_loss:3.4368 train_time:1239298ms step_avg:631.33ms
step:1974/3242 train_loss:3.3480 train_time:1239932ms step_avg:631.33ms
step:1975/3242 train_loss:3.2618 train_time:1240562ms step_avg:631.33ms
step:1976/3242 train_loss:3.5264 train_time:1241193ms step_avg:631.33ms
step:1977/3242 train_loss:3.3829 train_time:1241821ms step_avg:631.33ms
step:1978/3242 train_loss:3.9773 train_time:1242450ms step_avg:631.33ms
step:1979/3242 train_loss:3.4062 train_time:1243078ms step_avg:631.32ms
step:1980/3242 train_loss:3.4291 train_time:1243705ms step_avg:631.32ms
step:1981/3242 train_loss:3.4441 train_time:1244336ms step_avg:631.32ms
step:1982/3242 train_loss:3.4934 train_time:1244963ms step_avg:631.32ms
step:1983/3242 train_loss:3.4514 train_time:1245593ms step_avg:631.32ms
step:1984/3242 train_loss:3.3263 train_time:1246219ms step_avg:631.32ms
step:1985/3242 train_loss:3.5245 train_time:1246855ms step_avg:631.32ms
step:1986/3242 train_loss:3.5795 train_time:1247480ms step_avg:631.32ms
step:1987/3242 train_loss:3.3302 train_time:1248108ms step_avg:631.31ms
step:1988/3242 train_loss:3.4039 train_time:1248738ms step_avg:631.31ms
step:1989/3242 train_loss:3.4800 train_time:1249367ms step_avg:631.31ms
step:1990/3242 train_loss:3.5510 train_time:1249996ms step_avg:631.31ms
step:1991/3242 train_loss:3.3431 train_time:1250624ms step_avg:631.31ms
step:1992/3242 train_loss:3.3103 train_time:1251253ms step_avg:631.31ms
step:1993/3242 train_loss:3.6484 train_time:1251883ms step_avg:631.31ms
step:1994/3242 train_loss:3.3467 train_time:1252521ms step_avg:631.31ms
step:1995/3242 train_loss:3.3829 train_time:1253154ms step_avg:631.31ms
step:1996/3242 train_loss:3.4587 train_time:1253781ms step_avg:631.31ms
step:1997/3242 train_loss:3.3921 train_time:1254411ms step_avg:631.31ms
step:1998/3242 train_loss:3.3592 train_time:1255041ms step_avg:631.31ms
step:1999/3242 train_loss:3.3505 train_time:1255670ms step_avg:631.31ms
step:2000/3242 train_loss:3.4348 train_time:1256298ms step_avg:631.31ms
ep:1919/3242 train_loss:3.4325 train_time:1202671ms step_avg:630.00ms
step:1920/3242 train_loss:3.6854 train_time:1203300ms step_avg:630.00ms
step:1921/3242 train_loss:3.3817 train_time:1203928ms step_avg:630.00ms
step:1922/3242 train_loss:3.4450 train_time:1204560ms step_avg:630.00ms
step:2000/3242 val_loss:3.4401 train_time:1256690ms step_avg:631.50ms
step:2001/3242 train_loss:3.5457 train_time:1256934ms step_avg:631.31ms
step:2002/3242 train_loss:3.4557 train_time:1257561ms step_avg:631.31ms
step:2003/3242 train_loss:3.8050 train_time:1258189ms step_avg:631.30ms
step:2004/3242 train_loss:3.5087 train_time:1258818ms step_avg:631.30ms
step:2005/3242 train_loss:3.3457 train_time:1259447ms step_avg:631.30ms
step:2006/3242 train_loss:3.4032 train_time:1260077ms step_avg:631.30ms
step:2007/3242 train_loss:3.2357 train_time:1260708ms step_avg:631.30ms
step:2008/3242 train_loss:3.5436 train_time:1261335ms step_avg:631.30ms
step:2009/3242 train_loss:3.4492 train_time:1261964ms step_avg:631.30ms
step:2010/3242 train_loss:3.4228 train_time:1262597ms step_avg:631.30ms
step:2011/3242 train_loss:3.4742 train_time:1263223ms step_avg:631.30ms
step:2012/3242 train_loss:3.5146 train_time:1263853ms step_avg:631.30ms
step:2013/3242 train_loss:3.3505 train_time:1264481ms step_avg:631.29ms
step:2014/3242 train_loss:3.4493 train_time:1265111ms step_avg:631.29ms
step:2015/3242 train_loss:3.3877 train_time:1265754ms step_avg:631.30ms
step:2016/3242 train_loss:3.3835 train_time:1266382ms step_avg:631.30ms
step:2017/3242 train_loss:3.6902 train_time:1267010ms step_avg:631.30ms
step:2018/3242 train_loss:3.3718 train_time:1267639ms step_avg:631.29ms
step:2019/3242 train_loss:3.6421 train_time:1268270ms step_avg:631.29ms
step:2020/3242 train_loss:3.4056 train_time:1268903ms step_avg:631.29ms
step:2021/3242 train_loss:3.1297 train_time:1269534ms step_avg:631.29ms
step:2022/3242 train_loss:3.3953 train_time:1270157ms step_avg:631.29ms
step:2023/3242 train_loss:3.3878 train_time:1270798ms step_avg:631.30ms
step:2024/3242 train_loss:3.4677 train_time:1271417ms step_avg:631.29ms
step:2025/3242 train_loss:3.5765 train_time:1272044ms step_avg:631.29ms
step:2026/3242 train_loss:3.3896 train_time:1272682ms step_avg:631.29ms
step:2027/3242 train_loss:2.8655 train_time:1273310ms step_avg:631.29ms
step:2028/3242 train_loss:3.3419 train_time:1273937ms step_avg:631.29ms
step:2029/3242 train_loss:3.5148 train_time:1274569ms step_avg:631.29ms
step:2030/3242 train_loss:3.3813 train_time:1275203ms step_avg:631.29ms
step:2031/3242 train_loss:3.4885 train_time:1275834ms step_avg:631.29ms
step:2032/3242 train_loss:3.2705 train_time:1276463ms step_avg:631.29ms
step:2033/3242 train_loss:3.5080 train_time:1277090ms step_avg:631.29ms
step:2034/3242 train_loss:3.3077 train_time:1277721ms step_avg:631.29ms
step:2035/3242 train_loss:3.4892 train_time:1278349ms step_avg:631.28ms
step:2036/3242 train_loss:3.5021 train_time:1278983ms step_avg:631.28ms
step:2037/3242 train_loss:3.5282 train_time:1279607ms step_avg:631.28ms
step:2038/3242 train_loss:3.3235 train_time:1280240ms step_avg:631.28ms
step:2039/3242 train_loss:3.6599 train_time:1280872ms step_avg:631.28ms
step:2040/3242 train_loss:3.4850 train_time:1281499ms step_avg:631.28ms
step:2041/3242 train_loss:3.5332 train_time:1282126ms step_avg:631.28ms
step:2042/3242 train_loss:3.3656 train_time:1282758ms step_avg:631.28ms
step:2043/3242 train_loss:3.4271 train_time:1283384ms step_avg:631.28ms
step:2044/3242 train_loss:3.5052 train_time:1284014ms step_avg:631.28ms
ststep:1968/3242 train_loss:3.4072 train_time:1233476ms step_avg:629.97ms
step:1969/3242 train_loss:3.4826 train_time:1234104ms step_avg:629.97ms
step:1970/3242 train_loss:3.2908 train_time:1234732ms step_avg:629.97ms
step:1971/3242 train_loss:3.0715 train_time:1235368ms step_avg:629.97mstep:2049/3242 train_loss:3.3651 train_time:1287158ms step_avg:631.27ms
step:2050/3242 train_loss:3.2944 train_time:1287786ms step_avg:631.27ms
step:2051/3242 train_loss:3.5581 train_time:1288418ms step_avg:631.27ms
step:2052/3242 train_loss:3.4817 train_time:1289047ms step_avg:631.27ms
step:2053/3242 train_loss:3.3965 train_time:1289676ms step_avg:631.27ms
step:2054/3242 train_loss:3.4179 train_time:1290305ms step_avg:631.26ms
step:2055/3242 train_loss:3.4634 train_time:1290933ms step_avg:631.26ms
step:2056/3242 train_loss:3.3777 train_time:1291561ms step_avg:631.26ms
step:2057/3242 train_loss:3.7111 train_time:1292190ms step_avg:631.26ms
step:2058/3242 train_loss:3.6463 train_time:1292822ms step_avg:631.26ms
step:2059/3242 train_loss:3.4108 train_time:1293450ms step_avg:631.26ms
step:2060/3242 train_loss:3.5533 train_time:1294081ms step_avg:631.26ms
step:2061/3242 train_loss:3.5010 train_time:1294710ms step_avg:631.26ms
step:2062/3242 train_loss:3.5128 train_time:1295334ms step_avg:631.25ms
step:2063/3242 train_loss:3.4433 train_time:1295964ms step_avg:631.25ms
step:2064/3242 train_loss:3.7460 train_time:1296592ms step_avg:631.25ms
step:2065/3242 train_loss:3.4866 train_time:1297221ms step_avg:631.25ms
step:2066/3242 train_loss:3.5570 train_time:1297853ms step_avg:631.25ms
step:2067/3242 train_loss:3.3899 train_time:1298479ms step_avg:631.25ms
step:2068/3242 train_loss:3.3329 train_time:1299106ms step_avg:631.25ms
step:2069/3242 train_loss:3.3853 train_time:1299737ms step_avg:631.25ms
step:2070/3242 train_loss:3.6390 train_time:1300365ms step_avg:631.25ms
step:2071/3242 train_loss:3.5968 train_time:1300993ms step_avg:631.24ms
step:2072/3242 train_loss:3.4863 train_time:1301620ms step_avg:631.24ms
step:2073/3242 train_loss:3.4380 train_time:1302249ms step_avg:631.24ms
step:2074/3242 train_loss:3.4627 train_time:1302883ms step_avg:631.24ms
step:2075/3242 train_loss:3.4541 train_time:1303507ms step_avg:631.24ms
step:2076/3242 train_loss:3.1989 train_time:1304137ms step_avg:631.24ms
step:2077/3242 train_loss:3.5911 train_time:1304766ms step_avg:631.24ms
step:2078/3242 train_loss:3.2738 train_time:1305394ms step_avg:631.24ms
step:2079/3242 train_loss:3.2803 train_time:1306024ms step_avg:631.23ms
step:2080/3242 train_loss:3.3545 train_time:1306655ms step_avg:631.23ms
step:2081/3242 train_loss:3.4223 train_time:1307288ms step_avg:631.24ms
step:2082/3242 train_loss:3.2937 train_time:1307913ms step_avg:631.23ms
step:2083/3242 train_loss:3.5386 train_time:1308544ms step_avg:631.23ms
step:2084/3242 train_loss:3.3346 train_time:1309171ms step_avg:631.23ms
step:2085/3242 train_loss:3.2865 train_time:1309799ms step_avg:631.23ms
step:2008/3242 train_loss:3.5399 train_time:1258636ms step_avg:629.95ms
step:2009/3242 train_loss:3.4423 train_time:1259279ms step_avg:629.95ms
step:2010/3242 train_loss:3.4249 train_time:1259907ms step_avg:629.95ms
step:2011/3242 train_loss:3.4714 train_time:1260533ms step_avg:629.95ms
step:2012/3242 train_loss:3.5149 train_time:1261164ms step_avg:629.95ms
step:2013/3242 train_loss:3.3495 train_time:1261789ms step_avg:629.95ms
step:2014/3242 train_loss:3.4546 train_time:1262416ms step_avg:629.95ms
step:2015/3242 train_loss:3.3882 train_time:1263044ms step_avg:629.95ms
step:2016/3242 train_loss:3.3808 train_time:1263672ms step_avg:629.95ms
step:2095/3242 train_loss:2.9819 train_time:1316386ms step_avg:631.36ms
step:2096/3242 train_loss:3.3784 train_time:1317019ms step_avg:631.36ms
step:2097/3242 train_loss:3.5568 train_time:1317645ms step_avg:631.36ms
step:2098/3242 train_loss:3.4175 train_time:1318278ms step_avg:631.36ms
step:2099/3242 train_loss:3.2462 train_time:1318905ms step_avg:631.36ms
step:2100/3242 train_loss:3.3774 train_time:1319538ms step_avg:631.36ms
step:2101/3242 train_loss:3.3653 train_time:1320169ms step_avg:631.36ms
step:2102/3242 train_loss:3.6007 train_time:1320799ms step_avg:631.36ms
step:2103/3242 train_loss:3.3410 train_time:1321428ms step_avg:631.36ms
step:2104/3242 train_loss:3.3757 train_time:1322056ms step_avg:631.35ms
step:2105/3242 train_loss:3.7017 train_time:1322680ms step_avg:631.35ms
step:2106/3242 train_loss:3.2065 train_time:1323311ms step_avg:631.35ms
step:2107/3242 train_loss:3.7847 train_time:1323939ms step_avg:631.35ms
step:2108/3242 train_loss:3.3297 train_time:1324578ms step_avg:631.35ms
step:2109/3242 train_loss:3.4719 train_time:1325208ms step_avg:631.35ms
step:2110/3242 train_loss:3.5729 train_time:1325835ms step_avg:631.35ms
step:2111/3242 train_loss:3.2741 train_time:1326470ms step_avg:631.35ms
step:2112/3242 train_loss:3.5861 train_time:1327099ms step_avg:631.35ms
step:2113/3242 train_loss:3.5008 train_time:1327726ms step_avg:631.35ms
step:2114/3242 train_loss:3.4743 train_time:1328355ms step_avg:631.35ms
step:2115/3242 train_loss:3.3884 train_time:1328991ms step_avg:631.35ms
step:2116/3242 train_loss:3.4830 train_time:1329623ms step_avg:631.35ms
step:2117/3242 train_loss:3.3455 train_time:1330253ms step_avg:631.35ms
step:2118/3242 train_loss:3.5162 train_time:1330882ms step_avg:631.35ms
step:2119/3242 train_loss:3.4024 train_time:1331515ms step_avg:631.35ms
step:2120/3242 train_loss:3.3906 train_time:1332141ms step_avg:631.35ms
step:2121/3242 train_loss:3.2886 train_time:1332774ms step_avg:631.35ms
step:2122/3242 train_loss:3.4294 train_time:1333400ms step_avg:631.34ms
step:2123/3242 train_loss:3.5024 train_time:1334030ms step_avg:631.34ms
step:2124/3242 train_loss:3.4042 train_time:1334657ms step_avg:631.34ms
step:2125/3242 train_loss:3.4136 train_time:1335285ms step_avg:631.34ms
step:2125/3242 val_loss:3.4290 train_time:1335676ms step_avg:631.53ms
step:2126/3242 train_loss:3.3387 train_time:1335934ms step_avg:631.35ms
step:2127/3242 train_loss:3.5378 train_time:1336546ms step_avg:631.34ms
step:2128/3242 train_loss:3.4526 train_time:1337174ms step_avg:631.34ms
step:2129/3242 train_loss:3.4840 train_time:1337802ms step_avg:631.34ms
step:2130/3242 train_loss:3.3558 train_time:1338429ms step_avg:631.33ms
step:2131/3242 train_loss:3.3252 train_time:1339058ms step_avg:631.33ms
step:2132/3242 train_loss:3.5838 train_time:1339684ms step_avg:631.33ms
step:2133/3242 train_loss:3.4959 train_time:1340312ms step_avg:631.33ms
step:2134/3242 train_loss:3.2762 train_time:1340940ms step_avg:631.33ms
step:2135/3242 train_loss:3.4401 train_time:1341571ms step_avg:631.33ms
step:2136/3242 train_loss:3.3976 train_time:1342198ms step_avg:631.33ms
step:2137/3242 train_loss:3.5804 train_time:1342836ms step_avg:631.33ms
step:2138/3242 train_loss:3.3148 train_time:1343464ms step_avg:631.33ms
s
step:2059/3242 train_loss:3.4070 train_time:1290720ms step_avg:629.93ms
step:2060/3242 train_loss:3.5501 train_time:1291349ms step_avg:629.93ms
step:2139/3242 train_loss:3.3911 train_time:1344092ms step_avg:631.33ms
step:2140/3242 train_loss:3.4967 train_time:1344722ms step_avg:631.33ms
step:2141/3242 train_loss:3.7035 train_time:1345352ms step_avg:631.32ms
step:2142/3242 train_loss:4.1819 train_time:1345980ms step_avg:631.32ms
step:2143/3242 train_loss:3.3935 train_time:1346610ms step_avg:631.32ms
step:2144/3242 train_loss:3.2181 train_time:1347238ms step_avg:631.32ms
step:2145/3242 train_loss:3.4600 train_time:1347866ms step_avg:631.32ms
step:2146/3242 train_loss:3.6227 train_time:1348494ms step_avg:631.32ms
step:2147/3242 train_loss:3.4569 train_time:1349124ms step_avg:631.32ms
step:2148/3242 train_loss:3.3782 train_time:1349752ms step_avg:631.32ms
step:2149/3242 train_loss:3.4261 train_time:1350382ms step_avg:631.31ms
step:2150/3242 train_loss:3.3162 train_time:1351012ms step_avg:631.31ms
step:2151/3242 train_loss:3.4157 train_time:1351638ms step_avg:631.31ms
step:2152/3242 train_loss:3.5207 train_time:1352266ms step_avg:631.31ms
step:2153/3242 train_loss:3.4095 train_time:1352894ms step_avg:631.31ms
step:2154/3242 train_loss:3.4076 train_time:1353522ms step_avg:631.31ms
step:2155/3242 train_loss:3.3621 train_time:1354153ms step_avg:631.31ms
step:2156/3242 train_loss:3.2386 train_time:1354778ms step_avg:631.30ms
step:2157/3242 train_loss:3.4074 train_time:1355407ms step_avg:631.30ms
step:2158/3242 train_loss:3.4626 train_time:1356035ms step_avg:631.30ms
step:2159/3242 train_loss:3.4571 train_time:1356663ms step_avg:631.30ms
step:2160/3242 train_loss:3.5648 train_time:1357296ms step_avg:631.30ms
step:2161/3242 train_loss:3.4593 train_time:1357921ms step_avg:631.30ms
step:2162/3242 train_loss:3.3872 train_time:1358549ms step_avg:631.30ms
step:2163/3242 train_loss:3.4291 train_time:1359176ms step_avg:631.29ms
step:2164/3242 train_loss:3.4765 train_time:1359809ms step_avg:631.29ms
step:2165/3242 train_loss:3.4301 train_time:1360438ms step_avg:631.29ms
step:2166/3242 train_loss:3.4414 train_time:1361066ms step_avg:631.29ms
step:2167/3242 train_loss:3.3857 train_time:1361695ms step_avg:631.29ms
step:2168/3242 train_loss:3.2971 train_time:1362331ms step_avg:631.29ms
step:2169/3242 train_loss:3.3326 train_time:1362977ms step_avg:631.30ms
step:2170/3242 train_loss:3.3904 train_time:1363584ms step_avg:631.29ms
step:2171/3242 train_loss:3.5647 train_time:1364215ms step_avg:631.29ms
step:2172/3242 train_loss:3.4955 train_time:1364844ms step_avg:631.29ms
step:2173/3242 train_loss:3.3368 train_time:1365473ms step_avg:631.29ms
step:2174/3242 train_loss:3.4085 train_time:1366104ms step_avg:631.29ms
step:2175/3242 train_loss:3.3404 train_time:1366738ms step_avg:631.29ms
step:2176/3242 train_loss:3.4048 train_time:1367363ms step_avg:631.28ms
step:2177/3242 train_loss:3.2841 train_time:1367996ms step_avg:631.29ms
step:2178/3242 train_loss:3.5435 train_time:1368630ms step_avg:631.29ms
step:2179/3242 train_loss:3.4263 train_time:1369259ms step_avg:631.29ms
step:2180/3242 train_loss:3.3006 train_time:1369888ms step_avg:631.28ms
step:2181/3242 train_loss:3.5637 train_time:1370517ms step_avg:631.28ms
step:2104/3242 train_loss:3.3816 train_time:1319299ms step_avg:630.04ms
step:2105/3242 train_loss:3.7015 train_time:1319927ms step_avg:630.04ms
step:2106/3242 train_loss:3.2067 train_time:1320565ms step_avg:630.04ms
step:2107/3242 train_loss:3.7873 train_time:1321187ms step_avg:630.04ms
step:2108/3242 train_loss:3.3304 train_time:1321816ms step_avg:630.04ms
step:2109/3242 train_loss:3.4638 train_time:1322440ms step_avg:630.03ms
step:2188/3242 train_loss:3.2541 train_time:1374935ms step_avg:631.28ms
step:2189/3242 train_loss:3.3492 train_time:1375559ms step_avg:631.28ms
step:2190/3242 train_loss:3.3165 train_time:1376189ms step_avg:631.28ms
step:2191/3242 train_loss:3.4600 train_time:1376818ms step_avg:631.28ms
step:2192/3242 train_loss:3.4125 train_time:1377448ms step_avg:631.28ms
step:2193/3242 train_loss:3.7588 train_time:1378081ms step_avg:631.28ms
step:2194/3242 train_loss:3.4163 train_time:1378706ms step_avg:631.28ms
step:2195/3242 train_loss:3.5187 train_time:1379337ms step_avg:631.28ms
step:2196/3242 train_loss:3.5667 train_time:1379960ms step_avg:631.27ms
step:2197/3242 train_loss:3.3374 train_time:1380588ms step_avg:631.27ms
step:2198/3242 train_loss:3.4628 train_time:1381215ms step_avg:631.27ms
step:2199/3242 train_loss:3.3224 train_time:1381843ms step_avg:631.27ms
step:2200/3242 train_loss:3.3115 train_time:1382470ms step_avg:631.26ms
step:2201/3242 train_loss:3.4170 train_time:1383099ms step_avg:631.26ms
step:2202/3242 train_loss:3.3734 train_time:1383727ms step_avg:631.26ms
step:2203/3242 train_loss:3.4225 train_time:1384357ms step_avg:631.26ms
step:2204/3242 train_loss:4.3178 train_time:1384986ms step_avg:631.26ms
step:2205/3242 train_loss:3.4843 train_time:1385616ms step_avg:631.26ms
step:2206/3242 train_loss:3.3380 train_time:1386245ms step_avg:631.26ms
step:2207/3242 train_loss:3.3875 train_time:1386876ms step_avg:631.26ms
step:2208/3242 train_loss:3.5158 train_time:1387506ms step_avg:631.26ms
step:2209/3242 train_loss:3.2499 train_time:1388136ms step_avg:631.26ms
step:2210/3242 train_loss:3.3853 train_time:1388763ms step_avg:631.26ms
step:2211/3242 train_loss:3.3619 train_time:1389392ms step_avg:631.26ms
step:2212/3242 train_loss:3.4375 train_time:1390017ms step_avg:631.25ms
step:2213/3242 train_loss:3.4568 train_time:1390644ms step_avg:631.25ms
step:2214/3242 train_loss:3.3566 train_time:1391271ms step_avg:631.25ms
step:2215/3242 train_loss:3.4448 train_time:1391905ms step_avg:631.25ms
step:2216/3242 train_loss:3.6102 train_time:1392531ms step_avg:631.25ms
step:2217/3242 train_loss:3.4427 train_time:1393166ms step_avg:631.25ms
step:2218/3242 train_loss:3.2834 train_time:1393796ms step_avg:631.25ms
step:2219/3242 train_loss:3.3779 train_time:1394419ms step_avg:631.24ms
step:2220/3242 train_loss:3.2427 train_time:1395050ms step_avg:631.24ms
step:2221/3242 train_loss:3.6621 train_time:1395677ms step_avg:631.24ms
step:2222/3242 train_loss:3.5285 train_time:1396310ms step_avg:631.24ms
step:2223/3242 train_loss:3.7093 train_time:1396932ms step_avg:631.24ms
step:2224/3242 train_loss:3.2790 train_time:1397562ms step_avg:631.24ms
step:2225/3242 train_loss:3.3845 train_time:1398186ms step_avg:631.24ms
step:2226/3242 train_loss:3.2871 train_time:1398821ms step_avg:631.24ms
step:2227/3242 train_loss:3.6376 train_time:1399452ms step_avg:631.24ms
step:2228/3242 train_loss:3.5748 train_time:1400085ms step_avg:631.24ms
step:2229/3242 train_loss:3.2097 train_time:1400707ms step_avg:631.23ms
step:2230/3242 train_loss:3.6682 train_time:1401335ms step_avg:631.23mstep:2152/3242 train_loss:3.5223 train_time:1349491ms step_avg:630.01ms
step:2153/3242 train_loss:3.4045 train_time:1350123ms step_avg:630.02ms
step:2154/3242 train_loss:3.4082 train_time:1350748ms step_avg:630.01ms
step:2155/3242 train_loss:3.3587 train_time:1351376ms step_avg:630.01ms
step:2156/3242 train_loss:3.2462 train_time:1352000ms step_avg:630.01ms
step:2157/3242 train_loss:3.4066 train_time:1352635ms step_avg:630.01ms
ststep:2237/3242 train_loss:3.1387 train_time:1405735ms step_avg:631.22ms
step:2238/3242 train_loss:3.4205 train_time:1406364ms step_avg:631.22ms
step:2239/3242 train_loss:3.4468 train_time:1406990ms step_avg:631.22ms
step:2240/3242 train_loss:3.2310 train_time:1407622ms step_avg:631.22ms
step:2241/3242 train_loss:3.3280 train_time:1408250ms step_avg:631.22ms
step:2242/3242 train_loss:3.3909 train_time:1408879ms step_avg:631.22ms
step:2243/3242 train_loss:3.4501 train_time:1409509ms step_avg:631.22ms
step:2244/3242 train_loss:3.2338 train_time:1410139ms step_avg:631.22ms
step:2245/3242 train_loss:3.4944 train_time:1410766ms step_avg:631.22ms
step:2246/3242 train_loss:3.5057 train_time:1411397ms step_avg:631.22ms
step:2247/3242 train_loss:3.1796 train_time:1412026ms step_avg:631.21ms
step:2248/3242 train_loss:3.2102 train_time:1412653ms step_avg:631.21ms
step:2249/3242 train_loss:3.5687 train_time:1413282ms step_avg:631.21ms
step:2250/3242 train_loss:3.4758 train_time:1413908ms step_avg:631.21ms
step:2250/3242 val_loss:3.4178 train_time:1414300ms step_avg:631.38ms
step:2251/3242 train_loss:3.3537 train_time:1414542ms step_avg:631.21ms
step:2252/3242 train_loss:3.3537 train_time:1415168ms step_avg:631.21ms
step:2253/3242 train_loss:3.4081 train_time:1415798ms step_avg:631.21ms
step:2254/3242 train_loss:3.4451 train_time:1416429ms step_avg:631.21ms
step:2255/3242 train_loss:3.5080 train_time:1417056ms step_avg:631.21ms
step:2256/3242 train_loss:3.3552 train_time:1417692ms step_avg:631.21ms
step:2257/3242 train_loss:3.5520 train_time:1418319ms step_avg:631.21ms
step:2258/3242 train_loss:3.4204 train_time:1418951ms step_avg:631.21ms
step:2259/3242 train_loss:4.2246 train_time:1419577ms step_avg:631.20ms
step:2260/3242 train_loss:3.3877 train_time:1420207ms step_avg:631.20ms
step:2261/3242 train_loss:3.4334 train_time:1420836ms step_avg:631.20ms
step:2262/3242 train_loss:3.4331 train_time:1421487ms step_avg:631.21ms
step:2263/3242 train_loss:3.2983 train_time:1422113ms step_avg:631.21ms
step:2264/3242 train_loss:3.4425 train_time:1422743ms step_avg:631.21ms
step:2265/3242 train_loss:3.2780 train_time:1423372ms step_avg:631.21ms
step:2266/3242 train_loss:3.6177 train_time:1424001ms step_avg:631.21ms
step:2267/3242 train_loss:3.2124 train_time:1424629ms step_avg:631.20ms
step:2268/3242 train_loss:3.3097 train_time:1425255ms step_avg:631.20ms
step:2269/3242 train_loss:3.2342 train_time:1425883ms step_avg:631.20ms
step:2270/3242 train_loss:3.3673 train_time:1426511ms step_avg:631.20ms
step:2271/3242 train_loss:3.8924 train_time:1427146ms step_avg:631.20ms
step:2272/3242 train_loss:3.4931 train_time:1427778ms step_avg:631.20ms
step:2273/3242 train_loss:3.4949 train_time:1428403ms step_avg:631.20ms
step:2274/3242 train_loss:3.3938 train_time:1429035ms step_avg:631.20ms
step:2275/3242 train_loss:3.3345 train_time:1429661ms step_avg:631.20ms
step:2276/3242 train_loss:3.3564 train_time:1430295ms step_avg:631.20ms
step:2277/3242 train_loss:3.2170 train_time:1430923ms step_avg:631.20ms
step:2200/3242 train_loss:3.3162 train_time:1379664ms step_avg:629.98ms
step:2278/3242 train_loss:3.2963 train_time:1431553ms step_avg:631.20ms
step:2279/3242 train_loss:3.7094 train_time:1432183ms step_avg:631.20ms
step:2280/3242 train_loss:3.2790 train_time:1433388ms step_avg:631.45ms
step:2281/3242 train_loss:3.4511 train_time:1434034ms step_avg:631.46ms
step:2282/3242 train_loss:3.2760 train_time:1434664ms step_avg:631.45ms
step:2283/3242 train_loss:3.3973 train_time:1435274ms step_avg:631.44ms
step:2284/3242 train_loss:3.3234 train_time:1435903ms step_avg:631.44ms
step:2285/3242 train_loss:3.4612 train_time:1436535ms step_avg:631.44ms
step:2286/3242 train_loss:3.4432 train_time:1437162ms step_avg:631.44ms
step:2287/3242 train_loss:3.2659 train_time:1437794ms step_avg:631.44ms
step:2288/3242 train_loss:3.4491 train_time:1438428ms step_avg:631.44ms
step:2289/3242 train_loss:3.4467 train_time:1439069ms step_avg:631.45ms
step:2290/3242 train_loss:3.6426 train_time:1439697ms step_avg:631.45ms
step:2291/3242 train_loss:3.2512 train_time:1440326ms step_avg:631.44ms
step:2292/3242 train_loss:4.0657 train_time:1440955ms step_avg:631.44ms
step:2293/3242 train_loss:3.3735 train_time:1441584ms step_avg:631.44ms
step:2294/3242 train_loss:3.2901 train_time:1442214ms step_avg:631.44ms
step:2295/3242 train_loss:3.4633 train_time:1442840ms step_avg:631.44ms
step:2296/3242 train_loss:3.3803 train_time:1443469ms step_avg:631.44ms
step:2297/3242 train_loss:3.4437 train_time:1444097ms step_avg:631.44ms
step:2298/3242 train_loss:3.8589 train_time:1444725ms step_avg:631.44ms
step:2299/3242 train_loss:3.4515 train_time:1445357ms step_avg:631.44ms
step:2300/3242 train_loss:3.2299 train_time:1445986ms step_avg:631.44ms
step:2301/3242 train_loss:3.6423 train_time:1446614ms step_avg:631.43ms
step:2302/3242 train_loss:3.2719 train_time:1447246ms step_avg:631.43ms
step:2303/3242 train_loss:3.4225 train_time:1447875ms step_avg:631.43ms
step:2304/3242 train_loss:3.3694 train_time:1448520ms step_avg:631.44ms
step:2305/3242 train_loss:3.3229 train_time:1449130ms step_avg:631.43ms
step:2306/3242 train_loss:3.6352 train_time:1449764ms step_avg:631.43ms
step:2307/3242 train_loss:3.2461 train_time:1450395ms step_avg:631.43ms
step:2308/3242 train_loss:3.4657 train_time:1451018ms step_avg:631.43ms
step:2309/3242 train_loss:3.4382 train_time:1451643ms step_avg:631.42ms
step:2310/3242 train_loss:3.5554 train_time:1452278ms step_avg:631.43ms
step:2311/3242 train_loss:3.2590 train_time:1452901ms step_avg:631.42ms
step:2312/3242 train_loss:3.4539 train_time:1453535ms step_avg:631.42ms
step:2313/3242 train_loss:3.5066 train_time:1454162ms step_avg:631.42ms
step:2314/3242 train_loss:3.4502 train_time:1454789ms step_avg:631.42ms
step:2315/3242 train_loss:3.3183 train_time:1455424ms step_avg:631.42ms
step:2316/3242 train_loss:3.4100 train_time:1456052ms step_avg:631.42ms
step:2317/3242 train_loss:3.2523 train_time:1456677ms step_avg:631.42ms
step:2318/3242 train_loss:3.4367 train_time:1457313ms step_avg:631.42ms
step:2319/3242 train_loss:3.3870 train_time:1457941ms step_avg:631.42ms
step:2320/3242 train_loss:3.0757 train_time:1458569ms step_avg:631.42ms
step:2321/3242 train_loss:3.3548 train_time:1459195ms step_avg:631.41ms
step:2245/3242 train_loss:3.5016 train_time:1407950ms step_avg:629.96ms
step:2246/3242 train_loss:3.4997 train_time:1408578ms step_avg:629.95ms
step:2247/3242 train_loss:3.1702 train_time:1409204ms step_avg:629.95ms
step:2248/3242 train_loss:3.2185 train_time:1409833ms step_avg:629.95ms
step:2249/3242 train_loss:3.5635 train_time:1410460ms step_avg:629.95ms
step:2327/3242 train_loss:3.5322 train_time:1462965ms step_avg:631.40ms
step:2328/3242 train_loss:3.2494 train_time:1463608ms step_avg:631.41ms
step:2329/3242 train_loss:3.3495 train_time:1464234ms step_avg:631.41ms
step:2330/3242 train_loss:3.3421 train_time:1464857ms step_avg:631.40ms
step:2331/3242 train_loss:3.2974 train_time:1465486ms step_avg:631.40ms
step:2332/3242 train_loss:3.0996 train_time:1466113ms step_avg:631.40ms
step:2333/3242 train_loss:3.3997 train_time:1466737ms step_avg:631.40ms
step:2334/3242 train_loss:3.3879 train_time:1467364ms step_avg:631.40ms
step:2335/3242 train_loss:3.4814 train_time:1467992ms step_avg:631.39ms
step:2336/3242 train_loss:3.2727 train_time:1468624ms step_avg:631.39ms
step:2337/3242 train_loss:3.4368 train_time:1469252ms step_avg:631.39ms
step:2338/3242 train_loss:3.3880 train_time:1469880ms step_avg:631.39ms
step:2339/3242 train_loss:3.3047 train_time:1470508ms step_avg:631.39ms
step:2340/3242 train_loss:3.5198 train_time:1471136ms step_avg:631.39ms
step:2341/3242 train_loss:3.4182 train_time:1471769ms step_avg:631.39ms
step:2342/3242 train_loss:3.3717 train_time:1472397ms step_avg:631.39ms
step:2343/3242 train_loss:3.3834 train_time:1473026ms step_avg:631.39ms
step:2344/3242 train_loss:3.4770 train_time:1473657ms step_avg:631.39ms
step:2345/3242 train_loss:3.3684 train_time:1474284ms step_avg:631.39ms
step:2346/3242 train_loss:3.4500 train_time:1474913ms step_avg:631.38ms
step:2347/3242 train_loss:3.4479 train_time:1475541ms step_avg:631.38ms
step:2348/3242 train_loss:3.4115 train_time:1476170ms step_avg:631.38ms
step:2349/3242 train_loss:3.4546 train_time:1476797ms step_avg:631.38ms
step:2350/3242 train_loss:3.2470 train_time:1477429ms step_avg:631.38ms
step:2351/3242 train_loss:3.2300 train_time:1478066ms step_avg:631.38ms
step:2352/3242 train_loss:3.3783 train_time:1478694ms step_avg:631.38ms
step:2353/3242 train_loss:3.4020 train_time:1479326ms step_avg:631.38ms
step:2354/3242 train_loss:3.4816 train_time:1479954ms step_avg:631.38ms
step:2355/3242 train_loss:3.3719 train_time:1480582ms step_avg:631.38ms
step:2356/3242 train_loss:3.2217 train_time:1481209ms step_avg:631.38ms
step:2357/3242 train_loss:3.5349 train_time:1481842ms step_avg:631.38ms
step:2358/3242 train_loss:3.2173 train_time:1482469ms step_avg:631.38ms
step:2359/3242 train_loss:3.3109 train_time:1483105ms step_avg:631.38ms
step:2360/3242 train_loss:3.2469 train_time:1483736ms step_avg:631.38ms
step:2361/3242 train_loss:3.2555 train_time:1484364ms step_avg:631.38ms
step:2362/3242 train_loss:3.3620 train_time:1484996ms step_avg:631.38ms
step:2363/3242 train_loss:3.2160 train_time:1485625ms step_avg:631.37ms
step:2364/3242 train_loss:3.3974 train_time:1486251ms step_avg:631.37ms
step:2365/3242 train_loss:3.3429 train_time:1486880ms step_avg:631.37ms
step:2366/3242 train_loss:3.4027 train_time:1487511ms step_avg:631.37ms
step:2367/3242 train_loss:3.4796 train_time:1488144ms step_avg:631.37ms
step:2368/3242 train_loss:3.3778 train_time:1488770ms step_avg:631.37mstep:2291/3242 train_loss:3.2488 train_time:1437016ms step_avg:629.99ms
step:2292/3242 train_loss:4.0664 train_time:1437646ms step_avg:629.99ms
step:2293/3242 train_loss:3.3724 train_time:1438277ms step_avg:629.99ms
step:2294/3242 train_loss:3.2842 train_time:1438909ms step_avg:630.00ms
step:2295/3242 train_loss:3.4603 train_time:1439532ms step_avg:629.99ms
step:2296/3242 train_loss:3.3810 train_time:1440165ms step_avg:629.99ms
step:2297/3242 train_loss:3.4331 train_time:1440787ms step_avg:629.99ms
ststep:2375/3242 val_loss:3.4058 train_time:1493565ms step_avg:631.53ms
step:2376/3242 train_loss:3.2833 train_time:1493810ms step_avg:631.37ms
step:2377/3242 train_loss:3.6017 train_time:1494436ms step_avg:631.36ms
step:2378/3242 train_loss:3.5097 train_time:1495064ms step_avg:631.36ms
step:2379/3242 train_loss:3.5339 train_time:1495693ms step_avg:631.36ms
step:2380/3242 train_loss:3.4326 train_time:1496319ms step_avg:631.36ms
step:2381/3242 train_loss:3.3113 train_time:1496951ms step_avg:631.36ms
step:2382/3242 train_loss:3.4685 train_time:1497575ms step_avg:631.36ms
step:2383/3242 train_loss:3.4978 train_time:1498207ms step_avg:631.36ms
step:2384/3242 train_loss:3.3351 train_time:1498835ms step_avg:631.35ms
step:2385/3242 train_loss:3.2795 train_time:1499461ms step_avg:631.35ms
step:2386/3242 train_loss:3.4700 train_time:1500090ms step_avg:631.35ms
step:2387/3242 train_loss:3.4661 train_time:1500718ms step_avg:631.35ms
step:2388/3242 train_loss:3.5141 train_time:1501351ms step_avg:631.35ms
step:2389/3242 train_loss:3.4379 train_time:1501978ms step_avg:631.35ms
step:2390/3242 train_loss:3.5085 train_time:1502609ms step_avg:631.35ms
step:2391/3242 train_loss:3.3307 train_time:1503237ms step_avg:631.35ms
step:2392/3242 train_loss:3.2959 train_time:1503868ms step_avg:631.35ms
step:2393/3242 train_loss:3.5489 train_time:1504524ms step_avg:631.36ms
step:2394/3242 train_loss:3.3049 train_time:1505147ms step_avg:631.35ms
step:2395/3242 train_loss:3.5308 train_time:1505765ms step_avg:631.35ms
step:2396/3242 train_loss:3.5742 train_time:1506394ms step_avg:631.35ms
step:2397/3242 train_loss:3.7226 train_time:1507022ms step_avg:631.35ms
step:2398/3242 train_loss:3.6763 train_time:1507649ms step_avg:631.34ms
step:2399/3242 train_loss:3.4625 train_time:1508279ms step_avg:631.34ms
step:2400/3242 train_loss:3.2973 train_time:1508905ms step_avg:631.34ms
step:2401/3242 train_loss:3.3370 train_time:1509536ms step_avg:631.34ms
step:2402/3242 train_loss:3.5062 train_time:1510168ms step_avg:631.34ms
step:2403/3242 train_loss:3.3021 train_time:1510797ms step_avg:631.34ms
step:2404/3242 train_loss:3.3725 train_time:1511425ms step_avg:631.34ms
step:2405/3242 train_loss:3.6911 train_time:1512053ms step_avg:631.34ms
step:2406/3242 train_loss:3.3476 train_time:1512685ms step_avg:631.34ms
step:2407/3242 train_loss:3.4926 train_time:1513310ms step_avg:631.33ms
step:2408/3242 train_loss:3.3812 train_time:1513951ms step_avg:631.34ms
step:2409/3242 train_loss:3.4100 train_time:1514569ms step_avg:631.33ms
step:2410/3242 train_loss:3.4902 train_time:1515199ms step_avg:631.33ms
step:2411/3242 train_loss:3.3362 train_time:1515826ms step_avg:631.33ms
step:2412/3242 train_loss:3.5177 train_time:1516454ms step_avg:631.33ms
step:2413/3242 train_loss:3.4900 train_time:1517083ms step_avg:631.33ms
step:2414/3242 train_loss:3.3614 train_time:1517715ms step_avg:631.33ms
step:2415/3242 train_loss:3.3294 train_time:1518338ms step_avg:631.33ms
step:2416/3242 train_loss:3.4879 train_time:1518968ms step_avg:631.33ms
step:2417/3242 train_loss:3.3005 train_time:1519595ms step_avg:631.32ms
step:2418/3242 train_loss:3.2183 train_time:1520239ms step_avg:631.33ms
step:2419/3242 train_loss:3.5696 train_time:1520864ms step_avg:631.33ms
step:2420/3242 train_loss:3.3941 train_time:1521496ms step_avg:631.33ms
step:2344/3242 train_loss:3.4715 train_time:1470287ms step_avg:629.94ms
step:2345/3242 train_loss:3.3770 train_time:1470916ms step_avg:629.94ms
step:2346/3242 train_loss:3.4440 train_time:1471544ms step_avg:629.94ms
step:2424/3242 train_loss:3.4125 train_time:1524009ms step_avg:631.32ms
step:2425/3242 train_loss:3.6506 train_time:1524637ms step_avg:631.32ms
step:2426/3242 train_loss:3.5139 train_time:1525266ms step_avg:631.32ms
step:2427/3242 train_loss:3.3990 train_time:1525895ms step_avg:631.32ms
step:2428/3242 train_loss:3.4059 train_time:1526525ms step_avg:631.32ms
step:2429/3242 train_loss:3.4109 train_time:1527153ms step_avg:631.32ms
step:2430/3242 train_loss:3.4117 train_time:1527784ms step_avg:631.32ms
step:2431/3242 train_loss:3.3920 train_time:1528413ms step_avg:631.31ms
step:2432/3242 train_loss:3.3940 train_time:1529046ms step_avg:631.32ms
step:2433/3242 train_loss:3.4466 train_time:1529674ms step_avg:631.31ms
step:2434/3242 train_loss:3.2624 train_time:1530302ms step_avg:631.31ms
step:2435/3242 train_loss:3.2282 train_time:1530933ms step_avg:631.31ms
step:2436/3242 train_loss:3.4372 train_time:1531564ms step_avg:631.31ms
step:2437/3242 train_loss:3.2157 train_time:1532193ms step_avg:631.31ms
step:2438/3242 train_loss:3.3705 train_time:1532816ms step_avg:631.31ms
step:2439/3242 train_loss:3.4853 train_time:1533451ms step_avg:631.31ms
step:2440/3242 train_loss:3.4928 train_time:1534073ms step_avg:631.31ms
step:2441/3242 train_loss:3.3726 train_time:1534701ms step_avg:631.30ms
step:2442/3242 train_loss:3.3476 train_time:1535330ms step_avg:631.30ms
step:2443/3242 train_loss:3.4916 train_time:1535959ms step_avg:631.30ms
step:2444/3242 train_loss:3.2669 train_time:1536593ms step_avg:631.30ms
step:2445/3242 train_loss:3.3808 train_time:1537225ms step_avg:631.30ms
step:2446/3242 train_loss:3.3676 train_time:1537850ms step_avg:631.30ms
step:2447/3242 train_loss:3.3726 train_time:1538479ms step_avg:631.30ms
step:2448/3242 train_loss:3.3733 train_time:1539110ms step_avg:631.30ms
step:2449/3242 train_loss:3.6833 train_time:1539741ms step_avg:631.30ms
step:2450/3242 train_loss:3.4312 train_time:1540371ms step_avg:631.30ms
step:2374/3242 train_loss:4.0796 train_time:1489155ms step_avg:629.93ms
step:2451/3242 train_loss:3.3424 train_time:1541003ms step_avg:631.30ms
step:2452/3242 train_loss:3.2920 train_time:1541648ms step_avg:631.31ms
step:2453/3242 train_loss:3.6700 train_time:1542275ms step_avg:631.30ms
step:2454/3242 train_loss:3.3432 train_time:1542907ms step_avg:631.30ms
step:2455/3242 train_loss:3.5195 train_time:1543541ms step_avg:631.31ms
step:2456/3242 train_loss:3.4653 train_time:1544173ms step_avg:631.31ms
step:2457/3242 train_loss:3.4017 train_time:1544809ms step_avg:631.31ms
step:2458/3242 train_loss:3.1862 train_time:1545444ms step_avg:631.31ms
step:2459/3242 train_loss:3.3808 train_time:1546072ms step_avg:631.31ms
step:2460/3242 train_loss:3.3635 train_time:1546703ms step_avg:631.31ms
step:2461/3242 train_loss:3.4566 train_time:1547333ms step_avg:631.31mstep:2385/3242 train_loss:3.2888 train_time:1496070ms step_avg:629.92ms
step:2386/3242 train_loss:3.4613 train_time:1496698ms step_avg:629.92ms
step:2387/3242 train_loss:3.4645 train_time:1497335ms step_avg:629.93ms
step:2388/3242 train_loss:3.5174 train_time:1497956ms step_avg:629.92ms
step:2389/3242 train_loss:3.4293 train_time:1498582ms step_avg:629.92ms
step:2390/3242 train_loss:3.5080 train_time:1499211ms step_avg:629.92ms
step:2391/3242 train_loss:3.3266 train_time:1499841ms step_avg:629.92ms
step:2392/3242 train_loss:3.2951 train_time:1500470ms step_avg:629.92ms
step:2393/3242 train_loss:3.5512 train_time:1501100ms step_avg:629.92ms
s
step:2471/3242 train_loss:3.3880 train_time:1553987ms step_avg:631.45ms
step:2472/3242 train_loss:3.3648 train_time:1554615ms step_avg:631.44ms
step:2473/3242 train_loss:3.4200 train_time:1555243ms step_avg:631.44ms
step:2474/3242 train_loss:3.4998 train_time:1555869ms step_avg:631.44ms
step:2475/3242 train_loss:3.9368 train_time:1556497ms step_avg:631.44ms
step:2476/3242 train_loss:3.2956 train_time:1557126ms step_avg:631.44ms
step:2477/3242 train_loss:3.6050 train_time:1557736ms step_avg:631.43ms
step:2478/3242 train_loss:3.5512 train_time:1558362ms step_avg:631.43ms
step:2479/3242 train_loss:3.2415 train_time:1558992ms step_avg:631.43ms
step:2480/3242 train_loss:3.2196 train_time:1559621ms step_avg:631.43ms
step:2481/3242 train_loss:3.4270 train_time:1560249ms step_avg:631.42ms
step:2482/3242 train_loss:3.3787 train_time:1560879ms step_avg:631.42ms
step:2483/3242 train_loss:3.2926 train_time:1561507ms step_avg:631.42ms
step:2484/3242 train_loss:3.3704 train_time:1562134ms step_avg:631.42ms
step:2485/3242 train_loss:3.4261 train_time:1562770ms step_avg:631.42ms
step:2486/3242 train_loss:3.1225 train_time:1563393ms step_avg:631.42ms
step:2487/3242 train_loss:3.4890 train_time:1564021ms step_avg:631.42ms
step:2488/3242 train_loss:3.2891 train_time:1564649ms step_avg:631.42ms
step:2489/3242 train_loss:3.2608 train_time:1565288ms step_avg:631.42ms
step:2490/3242 train_loss:3.4288 train_time:1565905ms step_avg:631.41ms
step:2491/3242 train_loss:3.4702 train_time:1566533ms step_avg:631.41ms
step:2492/3242 train_loss:3.6971 train_time:1567161ms step_avg:631.41ms
step:2493/3242 train_loss:3.4085 train_time:1567798ms step_avg:631.41ms
step:2494/3242 train_loss:3.2767 train_time:1568425ms step_avg:631.41ms
step:2495/3242 train_loss:3.5254 train_time:1569055ms step_avg:631.41ms
step:2496/3242 train_loss:3.5274 train_time:1569685ms step_avg:631.41ms
step:2497/3242 train_loss:3.3485 train_time:1570315ms step_avg:631.41ms
step:2498/3242 train_loss:3.4058 train_time:1570943ms step_avg:631.41ms
step:2499/3242 train_loss:3.4271 train_time:1571571ms step_avg:631.41ms
step:2500/3242 train_loss:3.5034 train_time:1572200ms step_avg:631.41ms
step:2500/3242 val_loss:3.3833 train_time:1572588ms step_avg:631.56ms
step:2501/3242 train_loss:3.5379 train_time:1572838ms step_avg:631.41ms
step:2502/3242 train_loss:3.4703 train_time:1573464ms step_avg:631.41ms
step:2503/3242 train_loss:3.5073 train_time:1574092ms step_avg:631.40ms
step:2504/3242 train_loss:3.2475 train_time:1574734ms step_avg:631.41ms
step:2505/3242 train_loss:3.4972 train_time:1575353ms step_avg:631.40ms
step:2506/3242 train_loss:3.4464 train_time:1575979ms step_avg:631.40ms
step:2507/3242 train_loss:3.3188 train_time:1576611ms step_avg:631.40ms
step:2508/3242 train_loss:3.2513 train_time:1577235ms step_avg:631.40ms
step:2509/3242 train_loss:3.3889 train_time:1577865ms step_avg:631.40ms
step:2510/3242 train_loss:3.4398 train_time:1578516ms step_avg:631.41ms
step:2511/3242 train_loss:3.3562 train_time:1579132ms step_avg:631.40ms
step:2512/3242 train_loss:3.5031 train_time:1579757ms step_avg:631.40ms
step:2513/3242 train_loss:3.4486 train_time:1580384ms step_avg:631.40ms
s
step:2436/3242 train_loss:3.4341 train_time:1528114ms step_avg:629.89ms
step:2437/3242 train_loss:3.2053 train_time:1528742ms step_avg:629.89ms
step:2514/3242 train_loss:3.4048 train_time:1581011ms step_avg:631.39ms
step:2515/3242 train_loss:3.4140 train_time:1581638ms step_avg:631.39ms
step:2516/3242 train_loss:3.4302 train_time:1582271ms step_avg:631.39ms
step:2517/3242 train_loss:3.3928 train_time:1582902ms step_avg:631.39ms
step:2518/3242 train_loss:3.2472 train_time:1583529ms step_avg:631.39ms
step:2519/3242 train_loss:3.3655 train_time:1584160ms step_avg:631.39ms
step:2520/3242 train_loss:3.4305 train_time:1584786ms step_avg:631.39ms
step:2521/3242 train_loss:3.4801 train_time:1585416ms step_avg:631.39ms
step:2522/3242 train_loss:3.3358 train_time:1586048ms step_avg:631.39ms
step:2447/3242 train_loss:3.3680 train_time:1535026ms step_avg:629.88ms
step:2448/3242 train_loss:3.3733 train_time:1535655ms step_avg:629.88ms
step:2449/3242 train_loss:3.6815 train_time:1536283ms step_avg:629.88ms
step:2450/3242 train_loss:3.4230 train_time:1536918ms step_avg:629.88ms
step:2527/3242 train_loss:3.2938 train_time:1589201ms step_avg:631.39ms
step:2528/3242 train_loss:3.4087 train_time:1589829ms step_avg:631.39ms
step:2529/3242 train_loss:3.3215 train_time:1590457ms step_avg:631.38ms
step:2530/3242 train_loss:3.4435 train_time:1591082ms step_avg:631.38ms
step:2531/3242 train_loss:3.4551 train_time:1591711ms step_avg:631.38ms
step:2532/3242 train_loss:3.2956 train_time:1592339ms step_avg:631.38ms
step:2533/3242 train_loss:3.4901 train_time:1592985ms step_avg:631.39ms
step:2534/3242 train_loss:3.3490 train_time:1593608ms step_avg:631.38ms
step:2535/3242 train_loss:3.2885 train_time:1594235ms step_avg:631.38ms
step:2536/3242 train_loss:3.4471 train_time:1594869ms step_avg:631.38ms
step:2537/3242 train_loss:3.4355 train_time:1595496ms step_avg:631.38ms
step:2538/3242 train_loss:3.2743 train_time:1596124ms step_avg:631.38ms
step:2463/3242 train_loss:3.6115 train_time:1545096ms step_avg:629.88ms
step:2464/3242 train_loss:3.3933 train_time:1545723ms step_avg:629.88ms
step:2465/3242 train_loss:3.5073 train_time:1546350ms step_avg:629.88ms
step:2466/3242 train_loss:3.5802 train_time:1546976ms step_avg:629.88ms
step:2539/3242 train_loss:3.6944 train_time:1596754ms step_avg:631.38ms
step:2540/3242 train_loss:3.3670 train_time:1597384ms step_avg:631.38ms
step:2541/3242 train_loss:3.3207 train_time:1598013ms step_avg:631.38ms
step:2542/3242 train_loss:3.3925 train_time:1598641ms step_avg:631.37ms
step:2543/3242 train_loss:3.8209 train_time:1599267ms step_avg:631.37ms
step:2544/3242 train_loss:3.3874 train_time:1599895ms step_avg:631.37ms
step:2545/3242 train_loss:3.5662 train_time:1600525ms step_avg:631.37ms
step:2546/3242 train_loss:3.3239 train_time:1601151ms step_avg:631.37ms
step:2547/3242 train_loss:3.3399 train_time:1601779ms step_avg:631.37ms
step:2548/3242 train_loss:3.2918 train_time:1602408ms step_avg:631.37ms
step:2549/3242 train_loss:3.4898 train_time:1603036ms step_avg:631.37ms
step:2550/3242 train_loss:3.3459 train_time:1603667ms step_avg:631.36ms
step:2551/3242 train_loss:3.3097 train_time:1604296ms step_avg:631.36ms
step:2552/3242 train_loss:3.4009 train_time:1604948ms step_avg:631.37ms
step:2553/3242 train_loss:3.4045 train_time:1605571ms step_avg:631.37ms
step:2554/3242 train_loss:3.3685 train_time:1606202ms step_avg:631.37ms
step:2555/3242 train_loss:3.6154 train_time:1606830ms step_avg:631.37ms
step:2556/3242 train_loss:3.4512 train_time:1607456ms step_avg:631.37ms
step:2557/3242 train_loss:3.4626 train_time:1608085ms step_avg:631.36ms
step:2558/3242 train_loss:3.4210 train_time:1608712ms step_avg:631.36ms
step:2559/3242 train_loss:3.3515 train_time:1609340ms step_avg:631.36ms
step:2560/3242 train_loss:3.5032 train_time:1609968ms step_avg:631.36ms
step:2561/3242 train_loss:3.3947 train_time:1610597ms step_avg:631.36ms
step:2562/3242 train_loss:3.3861 train_time:1611226ms step_avg:631.36ms
step:2563/3242 train_loss:3.3856 train_time:1611859ms step_avg:631.36ms
step:2564/3242 train_loss:3.4165 train_time:1612486ms step_avg:631.36ms
step:2565/3242 train_loss:3.3127 train_time:1613117ms step_avg:631.36ms
step:2566/3242 train_loss:3.3813 train_time:1613747ms step_avg:631.36ms
step:2567/3242 train_loss:3.3794 train_time:1614377ms step_avg:631.36ms
step:2568/3242 train_loss:3.3200 train_time:1615009ms step_avg:631.36ms
step:2569/3242 train_loss:3.5863 train_time:1615636ms step_avg:631.35ms
step:2570/3242 train_loss:3.4873 train_time:1616262ms step_avg:631.35ms
step:2571/3242 train_loss:3.5348 train_time:1616891ms step_avg:631.35ms
step:2572/3242 train_loss:3.1972 train_time:1617523ms step_avg:631.35ms
step:2500/3242 val_loss:3.3820 train_time:1568855ms step_avg:630.06ms
step:2501/3242 train_loss:3.5342 train_time:1569101ms step_avg:629.91ms
step:2502/3242 train_loss:3.4744 train_time:1569727ms step_avg:629.91ms
ststep:2576/3242 train_loss:3.0381 train_time:1620034ms step_avg:631.35ms
step:2577/3242 train_loss:3.3294 train_time:1620659ms step_avg:631.34ms
step:2578/3242 train_loss:3.3981 train_time:1621288ms step_avg:631.34ms
step:2579/3242 train_loss:3.2656 train_time:1621915ms step_avg:631.34ms
step:2580/3242 train_loss:3.3816 train_time:1622545ms step_avg:631.34ms
step:2581/3242 train_loss:3.3878 train_time:1623168ms step_avg:631.34ms
step:2582/3242 train_loss:3.4876 train_time:1623802ms step_avg:631.34ms
step:2583/3242 train_loss:3.2993 train_time:1624430ms step_avg:631.34ms
step:2584/3242 train_loss:3.5596 train_time:1625057ms step_avg:631.34ms
step:2585/3242 train_loss:3.4058 train_time:1625686ms step_avg:631.33ms
step:2586/3242 train_loss:3.6335 train_time:1626314ms step_avg:631.33ms
step:2587/3242 train_loss:3.5310 train_time:1626941ms step_avg:631.33ms
step:2588/3242 train_loss:3.2128 train_time:1627569ms step_avg:631.33ms
step:2589/3242 train_loss:3.3445 train_time:1628197ms step_avg:631.33ms
step:2590/3242 train_loss:3.4613 train_time:1628830ms step_avg:631.33ms
step:2591/3242 train_loss:3.2817 train_time:1629456ms step_avg:631.33ms
step:2592/3242 train_loss:3.7581 train_time:1630087ms step_avg:631.33ms
step:2593/3242 train_loss:3.4573 train_time:1630710ms step_avg:631.32ms
step:2594/3242 train_loss:3.3475 train_time:1631338ms step_avg:631.32ms
step:2595/3242 train_loss:3.3632 train_time:1631970ms step_avg:631.32ms
step:2596/3242 train_loss:3.7223 train_time:1632593ms step_avg:631.32ms
step:2597/3242 train_loss:3.4565 train_time:1633225ms step_avg:631.32ms
step:2598/3242 train_loss:3.3429 train_time:1633848ms step_avg:631.32ms
step:2599/3242 train_loss:3.2891 train_time:1634480ms step_avg:631.32ms
step:2600/3242 train_loss:3.5033 train_time:1635107ms step_avg:631.32ms
step:2601/3242 train_loss:3.8398 train_time:1635735ms step_avg:631.31ms
step:2602/3242 train_loss:2.9451 train_time:1636363ms step_avg:631.31ms
step:2603/3242 train_loss:3.3309 train_time:1636991ms step_avg:631.31ms
step:2604/3242 train_loss:3.2791 train_time:1637617ms step_avg:631.31ms
step:2605/3242 train_loss:3.5233 train_time:1638249ms step_avg:631.31ms
step:2606/3242 train_loss:3.3776 train_time:1638882ms step_avg:631.31ms
step:2607/3242 train_loss:3.4170 train_time:1639512ms step_avg:631.31ms
step:2608/3242 train_loss:3.2950 train_time:1640136ms step_avg:631.31ms
step:2609/3242 train_loss:3.2814 train_time:1640764ms step_avg:631.31ms
step:2610/3242 train_loss:3.4962 train_time:1641391ms step_avg:631.30ms
step:2611/3242 train_loss:3.4633 train_time:1642034ms step_avg:631.31ms
step:2612/3242 train_loss:3.1163 train_time:1642654ms step_avg:631.30ms
step:2613/3242 train_loss:3.4764 train_time:1643286ms step_avg:631.30ms
step:2614/3242 train_loss:3.4453 train_time:1643925ms step_avg:631.31ms
step:2615/3242 train_loss:3.3311 train_time:1644556ms step_avg:631.31ms
step:2616/3242 train_loss:3.4877 train_time:1645185ms step_avg:631.31mstep:2544/3242 train_loss:3.3905 train_time:1596116ms step_avg:629.88ms
step:2545/3242 train_loss:3.5716 train_time:1596743ms step_avg:629.88ms
step:2546/3242 train_loss:3.3249 train_time:1597372ms step_avg:629.88ms
s
step:2620/3242 train_loss:3.5285 train_time:1647704ms step_avg:631.30ms
step:2621/3242 train_loss:3.5103 train_time:1648334ms step_avg:631.30ms
step:2622/3242 train_loss:3.5925 train_time:1648967ms step_avg:631.30ms
step:2623/3242 train_loss:3.5519 train_time:1649594ms step_avg:631.30ms
step:2624/3242 train_loss:3.3739 train_time:1650225ms step_avg:631.30ms
step:2625/3242 train_loss:3.5461 train_time:1650854ms step_avg:631.30ms
step:2625/3242 val_loss:3.3603 train_time:1651241ms step_avg:631.45ms
step:2626/3242 train_loss:3.3413 train_time:1651484ms step_avg:631.30ms
step:2627/3242 train_loss:3.4184 train_time:1652111ms step_avg:631.30ms
step:2628/3242 train_loss:3.3420 train_time:1652739ms step_avg:631.30ms
step:2629/3242 train_loss:3.3367 train_time:1653377ms step_avg:631.30ms
step:2630/3242 train_loss:3.5482 train_time:1654000ms step_avg:631.30ms
step:2631/3242 train_loss:3.4703 train_time:1654624ms step_avg:631.29ms
step:2632/3242 train_loss:3.7330 train_time:1655264ms step_avg:631.30ms
step:2633/3242 train_loss:3.3914 train_time:1655894ms step_avg:631.30ms
step:2634/3242 train_loss:3.3849 train_time:1656517ms step_avg:631.29ms
step:2635/3242 train_loss:3.2486 train_time:1657143ms step_avg:631.29ms
step:2636/3242 train_loss:3.4279 train_time:1657773ms step_avg:631.29ms
step:2637/3242 train_loss:2.9908 train_time:1658405ms step_avg:631.29ms
step:2638/3242 train_loss:3.4506 train_time:1659034ms step_avg:631.29ms
step:2639/3242 train_loss:3.3760 train_time:1659658ms step_avg:631.29ms
step:2640/3242 train_loss:3.0660 train_time:1660288ms step_avg:631.29ms
step:2641/3242 train_loss:3.3390 train_time:1660930ms step_avg:631.29ms
step:2642/3242 train_loss:3.4169 train_time:1661557ms step_avg:631.29ms
step:2643/3242 train_loss:3.2084 train_time:1662183ms step_avg:631.29ms
step:2644/3242 train_loss:3.2966 train_time:1662811ms step_avg:631.29ms
step:2645/3242 train_loss:3.4626 train_time:1663445ms step_avg:631.29ms
step:2646/3242 train_loss:3.2884 train_time:1664073ms step_avg:631.29ms
step:2647/3242 train_loss:3.3343 train_time:1664702ms step_avg:631.29ms
step:2648/3242 train_loss:3.6024 train_time:1665329ms step_avg:631.28ms
step:2649/3242 train_loss:3.4522 train_time:1665959ms step_avg:631.28ms
step:2650/3242 train_loss:3.3175 train_time:1666590ms step_avg:631.28ms
step:2651/3242 train_loss:3.2932 train_time:1667216ms step_avg:631.28ms
step:2652/3242 train_loss:3.4261 train_time:1667848ms step_avg:631.28ms
step:2653/3242 train_loss:3.3098 train_time:1668483ms step_avg:631.28ms
step:2654/3242 train_loss:3.1851 train_time:1669116ms step_avg:631.28ms
step:2655/3242 train_loss:3.3608 train_time:1669741ms step_avg:631.28ms
step:2656/3242 train_loss:3.2103 train_time:1670370ms step_avg:631.28ms
step:2657/3242 train_loss:3.3984 train_time:1670995ms step_avg:631.28ms
step:2658/3242 train_loss:3.2448 train_time:1671621ms step_avg:631.28ms
step:2659/3242 train_loss:3.3004 train_time:1672249ms step_avg:631.28ms
step:2660/3242 train_loss:3.4518 train_time:1673251ms step_avg:631.42ms
step:2661/3242 train_loss:3.3855 train_time:1673879ms step_avg:631.41ms
step:2662/3242 train_loss:3.3353 train_time:1674508ms step_avg:631.41ms
step:2663/3242 train_loss:3.4693 train_time:1675134ms step_avg:631.41ms
step:2664/3242 train_loss:3.3716 train_time:1675765ms step_avg:631.41ms
step:2665/3242 train_loss:3.2758 train_time:1676391ms step_avg:631.41ms
s
step:2589/3242 train_loss:3.3460 train_time:1624402ms step_avg:629.86ms
step:2590/3242 train_loss:3.4540 train_time:1625032ms step_avg:629.86ms
step:2666/3242 train_loss:3.3421 train_time:1677019ms step_avg:631.41ms
step:2667/3242 train_loss:3.2930 train_time:1677644ms step_avg:631.41ms
step:2668/3242 train_loss:3.4419 train_time:1678273ms step_avg:631.40ms
step:2669/3242 train_loss:3.2651 train_time:1678900ms step_avg:631.40ms
step:2670/3242 train_loss:3.4530 train_time:1679526ms step_avg:631.40ms
step:2671/3242 train_loss:3.2164 train_time:1680155ms step_avg:631.40ms
step:2672/3242 train_loss:3.2608 train_time:1680785ms step_avg:631.40ms
step:2673/3242 train_loss:3.3051 train_time:1681412ms step_avg:631.40ms
step:2674/3242 train_loss:3.4022 train_time:1682039ms step_avg:631.40ms
step:2675/3242 train_loss:3.3282 train_time:1682667ms step_avg:631.39ms
step:2676/3242 train_loss:3.3560 train_time:1683299ms step_avg:631.40ms
step:2677/3242 train_loss:3.2950 train_time:1683925ms step_avg:631.39ms
step:2678/3242 train_loss:3.4184 train_time:1684555ms step_avg:631.39ms
step:2679/3242 train_loss:3.4502 train_time:1685181ms step_avg:631.39ms
step:2680/3242 train_loss:3.2467 train_time:1685808ms step_avg:631.39ms
step:2681/3242 train_loss:3.1767 train_time:1686436ms step_avg:631.39ms
step:2682/3242 train_loss:3.2043 train_time:1687067ms step_avg:631.39ms
step:2683/3242 train_loss:3.3267 train_time:1687693ms step_avg:631.39ms
step:2684/3242 train_loss:3.4364 train_time:1688325ms step_avg:631.39ms
step:2685/3242 train_loss:3.5017 train_time:1688958ms step_avg:631.39ms
step:2686/3242 train_loss:3.3655 train_time:1689585ms step_avg:631.38ms
step:2687/3242 train_loss:3.3297 train_time:1690214ms step_avg:631.38ms
step:2688/3242 train_loss:3.6668 train_time:1690842ms step_avg:631.38ms
step:2689/3242 train_loss:3.3794 train_time:1691469ms step_avg:631.38ms
step:2690/3242 train_loss:3.3246 train_time:1692096ms step_avg:631.38ms
step:2691/3242 train_loss:3.2738 train_time:1692724ms step_avg:631.38ms
step:2692/3242 train_loss:3.3533 train_time:1693354ms step_avg:631.38ms
step:2693/3242 train_loss:3.1816 train_time:1693984ms step_avg:631.38ms
step:2694/3242 train_loss:3.8251 train_time:1694615ms step_avg:631.38ms
step:2695/3242 train_loss:3.4127 train_time:1695242ms step_avg:631.37ms
step:2696/3242 train_loss:3.2913 train_time:1695874ms step_avg:631.38ms
step:2697/3242 train_loss:3.4052 train_time:1696501ms step_avg:631.37ms
step:2698/3242 train_loss:3.2973 train_time:1697128ms step_avg:631.37ms
step:2699/3242 train_loss:3.4533 train_time:1697756ms step_avg:631.37ms
step:2700/3242 train_loss:3.5393 train_time:1698387ms step_avg:631.37ms
step:2701/3242 train_loss:3.3392 train_time:1699013ms step_avg:631.37ms
step:2702/3242 train_loss:3.2769 train_time:1699643ms step_avg:631.37ms
step:2703/3242 train_loss:3.2399 train_time:1700278ms step_avg:631.37ms
step:2704/3242 train_loss:3.2652 train_time:1700909ms step_avg:631.37ms
step:2705/3242 train_loss:3.2781 train_time:1701537ms step_avg:631.37mstep:2630/3242 train_loss:3.5408 train_time:1650185ms step_avg:629.84ms
step:2631/3242 train_loss:3.4743 train_time:1650815ms step_avg:629.84ms
step:2632/3242 train_loss:3.7269 train_time:1651449ms step_avg:629.84ms
step:2633/3242 train_loss:3.3891 train_time:1652078ms step_avg:629.84ms
step:2634/3242 train_loss:3.3845 train_time:1652704ms step_avg:629.84ms
step:2635/3242 train_loss:3.2475 train_time:1653332ms step_avg:629.84ms
step:2636/3242 train_loss:3.4255 train_time:1653959ms step_avg:629.84ms
step:2637/3242 train_loss:2.9931 train_time:1654587ms step_avg:629.84ms
step:2638/3242 train_loss:3.4516 train_time:1655216ms step_avg:629.84ms
s
step:2715/3242 train_loss:3.1863 train_time:1707825ms step_avg:631.36ms
step:2716/3242 train_loss:3.1836 train_time:1708458ms step_avg:631.36ms
step:2717/3242 train_loss:3.5797 train_time:1709084ms step_avg:631.36ms
step:2718/3242 train_loss:3.3120 train_time:1709716ms step_avg:631.36ms
step:2719/3242 train_loss:3.3506 train_time:1710347ms step_avg:631.36ms
step:2720/3242 train_loss:3.2287 train_time:1710976ms step_avg:631.36ms
step:2721/3242 train_loss:3.4273 train_time:1711603ms step_avg:631.35ms
step:2722/3242 train_loss:3.5524 train_time:1712239ms step_avg:631.36ms
step:2723/3242 train_loss:3.2504 train_time:1712869ms step_avg:631.36ms
step:2724/3242 train_loss:3.3262 train_time:1713495ms step_avg:631.35ms
step:2725/3242 train_loss:3.4564 train_time:1714128ms step_avg:631.35ms
step:2726/3242 train_loss:3.3070 train_time:1714758ms step_avg:631.35ms
step:2727/3242 train_loss:3.3451 train_time:1715385ms step_avg:631.35ms
step:2728/3242 train_loss:3.5261 train_time:1716013ms step_avg:631.35ms
step:2729/3242 train_loss:3.4477 train_time:1716646ms step_avg:631.35ms
step:2730/3242 train_loss:3.2469 train_time:1717273ms step_avg:631.35ms
step:2731/3242 train_loss:3.3221 train_time:1717902ms step_avg:631.35ms
step:2732/3242 train_loss:3.2300 train_time:1718540ms step_avg:631.35ms
step:2733/3242 train_loss:3.2530 train_time:1719173ms step_avg:631.35ms
step:2734/3242 train_loss:3.2572 train_time:1719799ms step_avg:631.35ms
step:2735/3242 train_loss:3.2794 train_time:1720432ms step_avg:631.35ms
step:2736/3242 train_loss:3.1309 train_time:1721061ms step_avg:631.35ms
step:2737/3242 train_loss:3.3868 train_time:1721688ms step_avg:631.35ms
step:2738/3242 train_loss:3.3232 train_time:1722323ms step_avg:631.35ms
step:2739/3242 train_loss:3.6762 train_time:1722955ms step_avg:631.35ms
step:2740/3242 train_loss:3.3707 train_time:1723584ms step_avg:631.35ms
step:2741/3242 train_loss:3.3438 train_time:1724213ms step_avg:631.35ms
step:2742/3242 train_loss:3.2950 train_time:1724845ms step_avg:631.35ms
step:2743/3242 train_loss:3.3085 train_time:1725475ms step_avg:631.35ms
step:2744/3242 train_loss:3.2519 train_time:1726113ms step_avg:631.35ms
step:2745/3242 train_loss:3.2660 train_time:1726741ms step_avg:631.35ms
step:2746/3242 train_loss:3.1607 train_time:1727368ms step_avg:631.35ms
step:2747/3242 train_loss:3.2413 train_time:1727994ms step_avg:631.35ms
step:2748/3242 train_loss:3.4042 train_time:1728621ms step_avg:631.34ms
step:2749/3242 train_loss:3.3565 train_time:1729252ms step_avg:631.34ms
step:2750/3242 train_loss:3.4426 train_time:1729879ms step_avg:631.34ms
step:2750/3242 val_loss:3.3394 train_time:1730267ms step_avg:631.48ms
step:2751/3242 train_loss:3.4667 train_time:1730510ms step_avg:631.34ms
step:2752/3242 train_loss:3.4264 train_time:1731137ms step_avg:631.34ms
step:2753/3242 train_loss:3.4959 train_time:1731769ms step_avg:631.34ms
step:2754/3242 train_loss:3.2663 train_time:1732397ms step_avg:631.34ms
step:2755/3242 train_loss:3.3325 train_time:1733025ms step_avg:631.34ms
step:2756/3242 train_loss:3.4378 train_time:1733654ms step_avg:631.34ms
s
step:2757/3242 train_loss:3.3527 train_time:1734291ms step_avg:631.34ms
step:2758/3242 train_loss:2.9891 train_time:1734916ms step_avg:631.34ms
step:2759/3242 train_loss:3.3267 train_time:1735546ms step_avg:631.34ms
step:2760/3242 train_loss:3.3618 train_time:1736174ms step_avg:631.34ms
step:2761/3242 train_loss:3.4331 train_time:1736806ms step_avg:631.34ms
step:2762/3242 train_loss:3.3690 train_time:1737431ms step_avg:631.33ms
step:2763/3242 train_loss:3.2591 train_time:1738061ms step_avg:631.33ms
step:2764/3242 train_loss:3.3168 train_time:1738690ms step_avg:631.33ms
step:2765/3242 train_loss:3.3954 train_time:1739319ms step_avg:631.33ms
step:2766/3242 train_loss:3.1491 train_time:1739949ms step_avg:631.33ms
step:2767/3242 train_loss:3.3390 train_time:1740576ms step_avg:631.33ms
step:2768/3242 train_loss:3.4554 train_time:1741203ms step_avg:631.33ms
step:2769/3242 train_loss:3.1938 train_time:1741833ms step_avg:631.33ms
step:2770/3242 train_loss:3.4288 train_time:1742461ms step_avg:631.33ms
step:2771/3242 train_loss:3.4536 train_time:1743088ms step_avg:631.32ms
step:2772/3242 train_loss:3.2853 train_time:1743720ms step_avg:631.33ms
step:2773/3242 train_loss:3.1509 train_time:1744348ms step_avg:631.32ms
step:2774/3242 train_loss:3.2878 train_time:1744977ms step_avg:631.32ms
step:2775/3242 train_loss:3.5298 train_time:1745604ms step_avg:631.32ms
step:2776/3242 train_loss:3.3380 train_time:1746232ms step_avg:631.32ms
step:2777/3242 train_loss:3.4761 train_time:1746861ms step_avg:631.32ms
step:2778/3242 train_loss:3.3729 train_time:1747491ms step_avg:631.32ms
step:2779/3242 train_loss:3.2585 train_time:1748120ms step_avg:631.32ms
step:2780/3242 train_loss:3.1960 train_time:1748746ms step_avg:631.32ms
step:2781/3242 train_loss:3.2848 train_time:1749376ms step_avg:631.32ms
step:2782/3242 train_loss:3.3317 train_time:1750005ms step_avg:631.32ms
step:2783/3242 train_loss:3.3573 train_time:1750634ms step_avg:631.31ms
step:2784/3242 train_loss:3.3523 train_time:1751264ms step_avg:631.31ms
step:2785/3242 train_loss:3.3529 train_time:1751890ms step_avg:631.31ms
step:2786/3242 train_loss:3.3283 train_time:1752518ms step_avg:631.31ms
step:2787/3242 train_loss:3.2417 train_time:1753149ms step_avg:631.31ms
step:2788/3242 train_loss:3.4562 train_time:1753775ms step_avg:631.31ms
step:2789/3242 train_loss:3.3648 train_time:1754402ms step_avg:631.31ms
step:2790/3242 train_loss:3.3158 train_time:1755032ms step_avg:631.31ms
step:2791/3242 train_loss:3.3201 train_time:1755659ms step_avg:631.30ms
step:2792/3242 train_loss:3.2666 train_time:1756292ms step_avg:631.31ms
step:2793/3242 train_loss:3.2751 train_time:1756919ms step_avg:631.30ms
step:2794/3242 train_loss:3.4173 train_time:1757546ms step_avg:631.30ms
step:2795/3242 train_loss:3.2184 train_time:1758175ms step_avg:631.30ms
step:2796/3242 train_loss:3.4393 train_time:1758804ms step_avg:631.30ms
step:2797/3242 train_loss:3.2921 train_time:1759437ms step_avg:631.30ms
step:2798/3242 train_loss:3.3075 train_time:1760064ms step_avg:631.30ms
step:2799/3242 train_loss:3.1720 train_time:1760693ms step_avg:631.30ms
step:2800/3242 train_loss:3.5697 train_time:1761322ms step_avg:631.30ms
step:2726/3242 train_loss:3.3116 train_time:1711090ms step_avg:630.00ms
step:2727/3242 train_loss:3.3520 train_time:1711714ms step_avg:630.00ms
step:2728/3242 train_loss:3.5239 train_time:1712343ms step_avg:630.00ms
step:2729/3242 train_loss:3.4425 train_time:1712969ms step_avg:630.00ms
step:2730/3242 train_loss:3.2483 train_time:1713598ms step_avg:630.00ms
step:2806/3242 train_loss:3.1327 train_time:1765112ms step_avg:631.30ms
step:2807/3242 train_loss:3.6025 train_time:1765739ms step_avg:631.30ms
step:2808/3242 train_loss:3.3063 train_time:1766371ms step_avg:631.30ms
step:2734/3242 train_loss:3.2561 train_time:1716111ms step_avg:630.00ms
step:2809/3242 train_loss:3.2932 train_time:1766997ms step_avg:631.30ms
step:2810/3242 train_loss:3.5937 train_time:1767636ms step_avg:631.30ms
step:2811/3242 train_loss:3.2908 train_time:1768262ms step_avg:631.30ms
step:2812/3242 train_loss:3.3787 train_time:1768895ms step_avg:631.30ms
step:2813/3242 train_loss:3.2046 train_time:1769518ms step_avg:631.29ms
step:2814/3242 train_loss:3.4247 train_time:1770147ms step_avg:631.29ms
step:2815/3242 train_loss:3.3415 train_time:1770775ms step_avg:631.29ms
step:2816/3242 train_loss:3.3457 train_time:1771408ms step_avg:631.29ms
step:2817/3242 train_loss:2.7551 train_time:1772037ms step_avg:631.29ms
step:2818/3242 train_loss:3.3104 train_time:1772665ms step_avg:631.29ms
step:2819/3242 train_loss:3.2198 train_time:1773294ms step_avg:631.29ms
step:2820/3242 train_loss:3.5003 train_time:1773926ms step_avg:631.29ms
step:2821/3242 train_loss:3.2474 train_time:1774556ms step_avg:631.29ms
step:2822/3242 train_loss:3.3679 train_time:1775184ms step_avg:631.29ms
step:2823/3242 train_loss:3.4744 train_time:1775812ms step_avg:631.29ms
step:2824/3242 train_loss:3.4170 train_time:1776438ms step_avg:631.29ms
step:2825/3242 train_loss:3.0878 train_time:1777080ms step_avg:631.29ms
step:2826/3242 train_loss:3.4025 train_time:1777707ms step_avg:631.29ms
step:2827/3242 train_loss:3.4727 train_time:1778335ms step_avg:631.29ms
step:2828/3242 train_loss:3.0645 train_time:1778966ms step_avg:631.29ms
step:2829/3242 train_loss:3.3244 train_time:1779597ms step_avg:631.29ms
step:2830/3242 train_loss:3.3627 train_time:1780220ms step_avg:631.28ms
step:2831/3242 train_loss:3.2835 train_time:1780836ms step_avg:631.28ms
step:2832/3242 train_loss:3.4065 train_time:1781465ms step_avg:631.28ms
step:2833/3242 train_loss:3.2883 train_time:1782093ms step_avg:631.28ms
step:2834/3242 train_loss:3.2838 train_time:1782721ms step_avg:631.27ms
step:2835/3242 train_loss:3.0331 train_time:1783350ms step_avg:631.27ms
step:2836/3242 train_loss:3.5054 train_time:1783980ms step_avg:631.27ms
step:2837/3242 train_loss:3.3743 train_time:1784605ms step_avg:631.27ms
step:2838/3242 train_loss:3.3005 train_time:1785233ms step_avg:631.27ms
step:2839/3242 train_loss:3.2469 train_time:1785863ms step_avg:631.27ms
step:2840/3242 train_loss:3.2606 train_time:1786492ms step_avg:631.27ms
step:2841/3242 train_loss:3.3857 train_time:1787118ms step_avg:631.27ms
step:2842/3242 train_loss:3.2547 train_time:1787746ms step_avg:631.27mstep:2768/3242 train_loss:3.4511 train_time:1737463ms step_avg:629.97ms
step:2769/3242 train_loss:3.2004 train_time:1738093ms step_avg:629.97ms
step:2770/3242 train_loss:3.4360 train_time:1738720ms step_avg:629.97ms
step:2771/3242 train_loss:3.4486 train_time:1739346ms step_avg:629.97ms
step:2772/3242 train_loss:3.2878 train_time:1739976ms step_avg:629.97ms
step:2773/3242 train_loss:3.1478 train_time:1740605ms step_avg:629.97ms
step:2774/3242 train_loss:3.2910 train_time:1741235ms step_avg:629.97ms
step:2775/3242 train_loss:3.5272 train_time:1741859ms step_avg:629.97ms
step:2776/3242 train_loss:3.3406 train_time:1742486ms step_avg:629.97ms
s
step:2852/3242 train_loss:3.3791 train_time:1794472ms step_avg:631.41ms
step:2853/3242 train_loss:3.3143 train_time:1795090ms step_avg:631.41ms
step:2854/3242 train_loss:3.3429 train_time:1795717ms step_avg:631.41ms
step:2855/3242 train_loss:3.3315 train_time:1796347ms step_avg:631.40ms
step:2856/3242 train_loss:3.2298 train_time:1796975ms step_avg:631.40ms
step:2857/3242 train_loss:3.3065 train_time:1797605ms step_avg:631.40ms
step:2858/3242 train_loss:3.3494 train_time:1798239ms step_avg:631.40ms
step:2859/3242 train_loss:3.1074 train_time:1798871ms step_avg:631.40ms
step:2860/3242 train_loss:3.3430 train_time:1799498ms step_avg:631.40ms
step:2861/3242 train_loss:3.2767 train_time:1800129ms step_avg:631.40ms
step:2862/3242 train_loss:3.2709 train_time:1800753ms step_avg:631.40ms
step:2863/3242 train_loss:3.3563 train_time:1801383ms step_avg:631.40ms
step:2864/3242 train_loss:3.5979 train_time:1802011ms step_avg:631.40ms
step:2865/3242 train_loss:3.3839 train_time:1802639ms step_avg:631.40ms
step:2866/3242 train_loss:3.3497 train_time:1803267ms step_avg:631.40ms
step:2867/3242 train_loss:3.3486 train_time:1803897ms step_avg:631.40ms
step:2868/3242 train_loss:3.5045 train_time:1804525ms step_avg:631.39ms
step:2869/3242 train_loss:3.3291 train_time:1805161ms step_avg:631.40ms
step:2870/3242 train_loss:3.2003 train_time:1805789ms step_avg:631.39ms
step:2871/3242 train_loss:3.4658 train_time:1806417ms step_avg:631.39ms
step:2872/3242 train_loss:3.3027 train_time:1807050ms step_avg:631.39ms
step:2873/3242 train_loss:3.3305 train_time:1807678ms step_avg:631.39ms
step:2874/3242 train_loss:3.1557 train_time:1808313ms step_avg:631.39ms
step:2875/3242 train_loss:3.2937 train_time:1808943ms step_avg:631.39ms
step:2875/3242 val_loss:3.3197 train_time:1809333ms step_avg:631.53ms
step:2876/3242 train_loss:3.2534 train_time:1809576ms step_avg:631.39ms
step:2877/3242 train_loss:3.2371 train_time:1810205ms step_avg:631.39ms
step:2878/3242 train_loss:3.3143 train_time:1810834ms step_avg:631.39ms
step:2879/3242 train_loss:3.4748 train_time:1811461ms step_avg:631.39ms
step:2880/3242 train_loss:3.3009 train_time:1812093ms step_avg:631.39ms
step:2881/3242 train_loss:3.3458 train_time:1812722ms step_avg:631.39ms
step:2882/3242 train_loss:3.3615 train_time:1813351ms step_avg:631.39ms
step:2883/3242 train_loss:3.4636 train_time:1813992ms step_avg:631.39ms
step:2884/3242 train_loss:3.2946 train_time:1814623ms step_avg:631.39ms
step:2885/3242 train_loss:3.1585 train_time:1815246ms step_avg:631.39ms
step:2886/3242 train_loss:3.1529 train_time:1815876ms step_avg:631.39ms
step:2887/3242 train_loss:3.2525 train_time:1816509ms step_avg:631.39ms
step:2888/3242 train_loss:3.2838 train_time:1817135ms step_avg:631.39ms
step:2889/3242 train_loss:3.3090 train_time:1817762ms step_avg:631.39ms
step:2890/3242 train_loss:3.6306 train_time:1818394ms step_avg:631.39ms
step:2891/3242 train_loss:3.2612 train_time:1819022ms step_avg:631.39ms
step:2892/3242 train_loss:3.3195 train_time:1819654ms step_avg:631.39ms
step:2893/3242 train_loss:3.2597 train_time:1820282ms step_avg:631.38ms
step:2894/3242 train_loss:3.2807 train_time:1820911ms step_avg:631.38ms
step:2895/3242 train_loss:3.2500 train_time:1821538ms step_avg:631.38ms
s
step:2819/3242 train_loss:3.2164 train_time:1769526ms step_avg:629.95ms
step:2820/3242 train_loss:3.5044 train_time:1770166ms step_avg:629.95ms
step:2821/3242 train_loss:3.2450 train_time:1770795ms step_avg:629.95ms
step:2822/3242 train_loss:3.3649 train_time:1771437ms step_avg:629.96ms
step:2897/3242 train_loss:3.5075 train_time:1822802ms step_avg:631.38ms
step:2898/3242 train_loss:3.2253 train_time:1823431ms step_avg:631.38ms
step:2899/3242 train_loss:3.3296 train_time:1824060ms step_avg:631.38ms
step:2900/3242 train_loss:3.0570 train_time:1824690ms step_avg:631.38ms
step:2901/3242 train_loss:3.4990 train_time:1825317ms step_avg:631.38ms
step:2902/3242 train_loss:3.3664 train_time:1825952ms step_avg:631.38ms
step:2903/3242 train_loss:3.2508 train_time:1826577ms step_avg:631.38ms
step:2904/3242 train_loss:3.3145 train_time:1827206ms step_avg:631.38ms
step:2905/3242 train_loss:3.2974 train_time:1827835ms step_avg:631.38ms
step:2906/3242 train_loss:3.2812 train_time:1828468ms step_avg:631.38ms
step:2907/3242 train_loss:3.0834 train_time:1829093ms step_avg:631.37ms
step:2908/3242 train_loss:3.4034 train_time:1829723ms step_avg:631.37ms
step:2909/3242 train_loss:3.3376 train_time:1830350ms step_avg:631.37ms
step:2910/3242 train_loss:3.6163 train_time:1830980ms step_avg:631.37ms
step:2911/3242 train_loss:3.0971 train_time:1831609ms step_avg:631.37ms
step:2912/3242 train_loss:3.2386 train_time:1832237ms step_avg:631.37ms
step:2913/3242 train_loss:3.2763 train_time:1832866ms step_avg:631.37ms
step:2914/3242 train_loss:3.7396 train_time:1833493ms step_avg:631.37ms
step:2915/3242 train_loss:3.3509 train_time:1834123ms step_avg:631.37ms
step:2916/3242 train_loss:3.1912 train_time:1834754ms step_avg:631.37ms
step:2917/3242 train_loss:3.2923 train_time:1835382ms step_avg:631.37ms
step:2918/3242 train_loss:3.2676 train_time:1836012ms step_avg:631.37ms
step:2919/3242 train_loss:3.2908 train_time:1836641ms step_avg:631.37ms
step:2920/3242 train_loss:3.1711 train_time:1837269ms step_avg:631.36ms
step:2921/3242 train_loss:3.3114 train_time:1837897ms step_avg:631.36ms
step:2922/3242 train_loss:3.3026 train_time:1838525ms step_avg:631.36ms
step:2923/3242 train_loss:3.3339 train_time:1839157ms step_avg:631.36ms
step:2924/3242 train_loss:3.2548 train_time:1839782ms step_avg:631.36ms
step:2925/3242 train_loss:3.4055 train_time:1840421ms step_avg:631.36ms
step:2926/3242 train_loss:3.3290 train_time:1841053ms step_avg:631.36ms
step:2927/3242 train_loss:3.3011 train_time:1841678ms step_avg:631.36ms
step:2928/3242 train_loss:3.4852 train_time:1842311ms step_avg:631.36ms
step:2929/3242 train_loss:3.2996 train_time:1842939ms step_avg:631.36ms
step:2930/3242 train_loss:3.2331 train_time:1843570ms step_avg:631.36ms
step:2931/3242 train_loss:3.4497 train_time:1844199ms step_avg:631.36ms
step:2932/3242 train_loss:3.5185 train_time:1844830ms step_avg:631.36ms
step:2933/3242 train_loss:3.5646 train_time:1845458ms step_avg:631.36ms
step:2934/3242 train_loss:3.4673 train_time:1846087ms step_avg:631.36ms
step:2935/3242 train_loss:3.2488 train_time:1846718ms step_avg:631.36ms
step:2936/3242 train_loss:3.3464 train_time:1847354ms step_avg:631.36ms
step:2937/3242 train_loss:3.2822 train_time:1847984ms step_avg:631.36ms
step:2938/3242 train_loss:3.2787 train_time:1848612ms step_avg:631.36ms
step:2939/3242 train_loss:3.3781 train_time:1849243ms step_avg:631.36ms
step:2866/3242 train_loss:3.3560 train_time:1799174ms step_avg:629.96ms
step:2867/3242 train_loss:3.3403 train_time:1799802ms step_avg:629.96ms
step:2868/3242 train_loss:3.5162 train_time:1800429ms step_avg:629.96ms
step:2869/3242 train_loss:3.3240 train_time:1801038ms step_avg:629.95ms
step:2870/3242 train_loss:3.2038 train_time:1801672ms step_avg:629.96ms
step:2871/3242 train_loss:3.4634 train_time:1802299ms step_avg:629.95ms
step:2946/3242 train_loss:3.3380 train_time:1853643ms step_avg:631.35ms
step:2947/3242 train_loss:3.3874 train_time:1854272ms step_avg:631.35ms
step:2948/3242 train_loss:3.2525 train_time:1854900ms step_avg:631.35ms
step:2949/3242 train_loss:3.2465 train_time:1855534ms step_avg:631.35ms
step:2950/3242 train_loss:3.3417 train_time:1856168ms step_avg:631.35ms
step:2951/3242 train_loss:3.3230 train_time:1856797ms step_avg:631.35ms
step:2952/3242 train_loss:3.5007 train_time:1857426ms step_avg:631.35ms
step:2953/3242 train_loss:3.3723 train_time:1858055ms step_avg:631.35ms
step:2954/3242 train_loss:3.4046 train_time:1858683ms step_avg:631.35ms
step:2955/3242 train_loss:3.3725 train_time:1859326ms step_avg:631.35ms
step:2956/3242 train_loss:3.2072 train_time:1859948ms step_avg:631.35ms
step:2957/3242 train_loss:3.3029 train_time:1860580ms step_avg:631.35ms
step:2958/3242 train_loss:3.3094 train_time:1861209ms step_avg:631.35ms
step:2959/3242 train_loss:3.2796 train_time:1861834ms step_avg:631.34ms
step:2960/3242 train_loss:3.4175 train_time:1862466ms step_avg:631.34ms
step:2961/3242 train_loss:3.2654 train_time:1863093ms step_avg:631.34ms
step:2962/3242 train_loss:3.3880 train_time:1863720ms step_avg:631.34ms
step:2963/3242 train_loss:3.2684 train_time:1864347ms step_avg:631.34ms
step:2964/3242 train_loss:3.3108 train_time:1864978ms step_avg:631.34ms
step:2965/3242 train_loss:3.2305 train_time:1865606ms step_avg:631.34ms
step:2966/3242 train_loss:3.4321 train_time:1866235ms step_avg:631.34ms
step:2967/3242 train_loss:3.1303 train_time:1866862ms step_avg:631.34ms
step:2968/3242 train_loss:3.7810 train_time:1867491ms step_avg:631.34ms
step:2969/3242 train_loss:3.3238 train_time:1868118ms step_avg:631.33ms
step:2970/3242 train_loss:3.2386 train_time:1868745ms step_avg:631.33ms
step:2971/3242 train_loss:3.4782 train_time:1869375ms step_avg:631.33ms
step:2972/3242 train_loss:3.4267 train_time:1870008ms step_avg:631.33ms
step:2973/3242 train_loss:3.1945 train_time:1870633ms step_avg:631.33ms
step:2974/3242 train_loss:3.2946 train_time:1871263ms step_avg:631.33ms
step:2975/3242 train_loss:3.1634 train_time:1871890ms step_avg:631.33ms
step:2976/3242 train_loss:3.2336 train_time:1872520ms step_avg:631.33ms
step:2977/3242 train_loss:3.0113 train_time:1873148ms step_avg:631.33ms
step:2978/3242 train_loss:3.5392 train_time:1873779ms step_avg:631.33ms
step:2979/3242 train_loss:3.3227 train_time:1874413ms step_avg:631.33ms
step:2980/3242 train_loss:3.4847 train_time:1875038ms step_avg:631.33ms
step:2981/3242 train_loss:3.3272 train_time:1875672ms step_avg:631.33ms
step:2982/3242 train_loss:3.4331 train_time:1876302ms step_avg:631.33ms
step:2983/3242 train_loss:3.3870 train_time:1876927ms step_avg:631.32ms
step:2984/3242 train_loss:3.2525 train_time:1877559ms step_avg:631.32mstep:2910/3242 train_loss:3.6151 train_time:1826828ms step_avg:629.94ms
step:2911/3242 train_loss:3.1005 train_time:1827454ms step_avg:629.94ms
step:2912/3242 train_loss:3.2388 train_time:1828088ms step_avg:629.94ms
step:2913/3242 train_loss:3.2757 train_time:1828717ms step_avg:629.94ms
step:2914/3242 train_loss:3.7452 train_time:1829345ms step_avg:629.94ms
step:2915/3242 train_loss:3.3434 train_time:1829972ms step_avg:629.94ms
step:2916/3242 train_loss:3.1933 train_time:1830599ms step_avg:629.94ms
step:2917/3242 train_loss:3.2868 train_time:1831228ms step_avg:629.94ms
step:2918/3242 train_loss:3.2611 train_time:1831854ms step_avg:629.94ms
s
step:2994/3242 train_loss:3.4781 train_time:1883858ms step_avg:631.32ms
step:2995/3242 train_loss:3.1981 train_time:1884483ms step_avg:631.32ms
step:2996/3242 train_loss:3.1953 train_time:1885120ms step_avg:631.32ms
step:2997/3242 train_loss:3.2150 train_time:1885746ms step_avg:631.32ms
step:2998/3242 train_loss:3.2628 train_time:1886375ms step_avg:631.32ms
step:2999/3242 train_loss:3.3899 train_time:1887004ms step_avg:631.32ms
step:3000/3242 train_loss:3.1761 train_time:1887634ms step_avg:631.32ms
step:3000/3242 val_loss:3.3015 train_time:1888027ms step_avg:631.45ms
step:3001/3242 train_loss:3.3001 train_time:1888273ms step_avg:631.32ms
step:3002/3242 train_loss:3.1415 train_time:1888907ms step_avg:631.32ms
step:3003/3242 train_loss:3.2582 train_time:1889547ms step_avg:631.32ms
step:3004/3242 train_loss:3.3235 train_time:1890166ms step_avg:631.32ms
step:3005/3242 train_loss:4.0616 train_time:1890797ms step_avg:631.32ms
step:3006/3242 train_loss:3.1863 train_time:1891427ms step_avg:631.32ms
step:3007/3242 train_loss:3.3475 train_time:1892063ms step_avg:631.32ms
step:3008/3242 train_loss:3.1100 train_time:1892693ms step_avg:631.32ms
step:3009/3242 train_loss:3.4399 train_time:1893324ms step_avg:631.32ms
step:3010/3242 train_loss:3.4129 train_time:1893958ms step_avg:631.32ms
step:3011/3242 train_loss:3.4222 train_time:1894588ms step_avg:631.32ms
step:3012/3242 train_loss:3.3571 train_time:1895216ms step_avg:631.32ms
step:3013/3242 train_loss:3.1642 train_time:1895844ms step_avg:631.32ms
step:3014/3242 train_loss:3.2986 train_time:1896476ms step_avg:631.32ms
step:3015/3242 train_loss:3.3830 train_time:1897101ms step_avg:631.31ms
step:3016/3242 train_loss:3.1404 train_time:1897735ms step_avg:631.32ms
step:3017/3242 train_loss:3.2331 train_time:1898366ms step_avg:631.32ms
step:3018/3242 train_loss:3.3647 train_time:1898995ms step_avg:631.31ms
step:3019/3242 train_loss:3.4763 train_time:1899644ms step_avg:631.32ms
step:3020/3242 train_loss:3.2412 train_time:1900276ms step_avg:631.32ms
step:3021/3242 train_loss:3.5535 train_time:1900901ms step_avg:631.32ms
step:3022/3242 train_loss:3.2753 train_time:1901533ms step_avg:631.32ms
step:3023/3242 train_loss:3.1551 train_time:1902161ms step_avg:631.32ms
step:3024/3242 train_loss:3.3371 train_time:1902791ms step_avg:631.32ms
step:3025/3242 train_loss:3.4540 train_time:1903412ms step_avg:631.31ms
step:3026/3242 train_loss:3.2861 train_time:1904025ms step_avg:631.31ms
step:3027/3242 train_loss:3.3638 train_time:1904653ms step_avg:631.31ms
step:3028/3242 train_loss:3.1912 train_time:1905289ms step_avg:631.31ms
step:3029/3242 train_loss:3.0389 train_time:1905920ms step_avg:631.31ms
step:3030/3242 train_loss:3.3823 train_time:1906548ms step_avg:631.31ms
step:3031/3242 train_loss:3.2072 train_time:1907185ms step_avg:631.31ms
step:3032/3242 train_loss:3.0308 train_time:1907806ms step_avg:631.31ms
step:3033/3242 train_loss:3.4286 train_time:1908444ms step_avg:631.31ms
step:3034/3242 train_loss:3.5477 train_time:1909065ms step_avg:631.30ms
step:3035/3242 train_loss:3.2202 train_time:1909707ms step_avg:631.31ms
s
step:2961/3242 train_loss:3.2625 train_time:1858883ms step_avg:629.92ms
step:2962/3242 train_loss:3.3890 train_time:1859505ms step_avg:629.91ms
step:2963/3242 train_loss:3.2745 train_time:1860157ms step_avg:629.92ms
step:3036/3242 train_loss:3.2769 train_time:1910333ms step_avg:631.31ms
step:3037/3242 train_loss:3.2777 train_time:1910960ms step_avg:631.30ms
step:3038/3242 train_loss:3.1646 train_time:1911588ms step_avg:631.30ms
step:3039/3242 train_loss:3.3318 train_time:1912211ms step_avg:631.30ms
step:3040/3242 train_loss:3.3904 train_time:1912928ms step_avg:631.33ms
step:3041/3242 train_loss:3.3873 train_time:1913557ms step_avg:631.33ms
step:3042/3242 train_loss:2.9240 train_time:1914180ms step_avg:631.33ms
step:3043/3242 train_loss:3.3082 train_time:1914810ms step_avg:631.33ms
step:3044/3242 train_loss:3.2799 train_time:1915439ms step_avg:631.32ms
step:3045/3242 train_loss:3.3284 train_time:1916065ms step_avg:631.32ms
step:3046/3242 train_loss:3.4649 train_time:1916698ms step_avg:631.32ms
step:3047/3242 train_loss:3.2411 train_time:1917323ms step_avg:631.32ms
step:3048/3242 train_loss:3.3215 train_time:1917952ms step_avg:631.32ms
step:3049/3242 train_loss:3.3506 train_time:1918580ms step_avg:631.32ms
step:3050/3242 train_loss:3.2908 train_time:1919216ms step_avg:631.32ms
step:3051/3242 train_loss:3.3308 train_time:1919843ms step_avg:631.32ms
step:3052/3242 train_loss:3.2010 train_time:1920473ms step_avg:631.32ms
step:3053/3242 train_loss:3.2366 train_time:1921097ms step_avg:631.32ms
step:3054/3242 train_loss:3.4825 train_time:1921721ms step_avg:631.31ms
step:3055/3242 train_loss:3.4151 train_time:1922350ms step_avg:631.31ms
step:3056/3242 train_loss:3.3868 train_time:1922981ms step_avg:631.31ms
step:3057/3242 train_loss:3.2259 train_time:1923609ms step_avg:631.31ms
step:3058/3242 train_loss:3.2171 train_time:1924243ms step_avg:631.31ms
step:3059/3242 train_loss:3.4234 train_time:1924869ms step_avg:631.31ms
step:3060/3242 train_loss:3.2285 train_time:1925498ms step_avg:631.31ms
step:3061/3242 train_loss:3.3540 train_time:1926126ms step_avg:631.31ms
step:3062/3242 train_loss:3.3730 train_time:1926753ms step_avg:631.31ms
step:3063/3242 train_loss:3.2752 train_time:1927381ms step_avg:631.31ms
step:3064/3242 train_loss:3.3024 train_time:1928013ms step_avg:631.31ms
step:3065/3242 train_loss:3.3331 train_time:1928641ms step_avg:631.31ms
step:3066/3242 train_loss:3.2453 train_time:1929268ms step_avg:631.30ms
step:3067/3242 train_loss:3.1411 train_time:1929897ms step_avg:631.30ms
step:3068/3242 train_loss:3.2653 train_time:1930529ms step_avg:631.30ms
step:3069/3242 train_loss:3.2160 train_time:1931154ms step_avg:631.30ms
step:3070/3242 train_loss:3.1681 train_time:1931782ms step_avg:631.30ms
step:3071/3242 train_loss:3.3291 train_time:1932412ms step_avg:631.30ms
step:3072/3242 train_loss:3.3465 train_time:1933053ms step_avg:631.30ms
step:3000/3242 val_loss:3.3003 train_time:1883770ms step_avg:630.02ms
step:3001/3242 train_loss:3.2995 train_time:1884013ms step_avg:629.89ms
step:3002/3242 train_loss:3.1440 train_time:1884639ms step_avg:629.89ms
step:3003/3242 train_loss:3.2569 train_time:1885268ms step_avg:629.89ms
step:3004/3242 train_loss:3.3225 train_time:1885899ms step_avg:629.89ms
step:3005/3242 train_loss:4.0583 train_time:1886540ms step_avg:629.90ms
step:3006/3242 train_loss:3.1870 train_time:1887155ms step_avg:629.89ms
step:3007/3242 train_loss:3.3423 train_time:1887782ms step_avg:629.89ms
step:3008/3242 train_loss:3.1053 train_time:1888409ms step_avg:629.89ms
s
step:3082/3242 train_loss:3.4626 train_time:1939356ms step_avg:631.30ms
step:3083/3242 train_loss:3.1698 train_time:1939984ms step_avg:631.30ms
step:3084/3242 train_loss:3.2446 train_time:1940612ms step_avg:631.30ms
step:3085/3242 train_loss:3.2426 train_time:1941241ms step_avg:631.30ms
step:3086/3242 train_loss:3.3002 train_time:1941869ms step_avg:631.30ms
step:3087/3242 train_loss:3.2973 train_time:1942497ms step_avg:631.30ms
step:3088/3242 train_loss:3.1245 train_time:1943125ms step_avg:631.29ms
step:3089/3242 train_loss:3.3433 train_time:1943754ms step_avg:631.29ms
step:3090/3242 train_loss:3.2387 train_time:1944394ms step_avg:631.30ms
step:3091/3242 train_loss:3.5206 train_time:1945022ms step_avg:631.30ms
step:3092/3242 train_loss:3.3025 train_time:1945648ms step_avg:631.29ms
step:3093/3242 train_loss:3.2351 train_time:1946277ms step_avg:631.29ms
step:3094/3242 train_loss:3.2919 train_time:1946904ms step_avg:631.29ms
step:3095/3242 train_loss:3.2228 train_time:1947531ms step_avg:631.29ms
step:3096/3242 train_loss:3.2390 train_time:1948160ms step_avg:631.29ms
step:3097/3242 train_loss:3.7142 train_time:1948791ms step_avg:631.29ms
step:3098/3242 train_loss:3.2567 train_time:1949418ms step_avg:631.29ms
step:3099/3242 train_loss:3.3217 train_time:1950049ms step_avg:631.29ms
step:3100/3242 train_loss:3.3697 train_time:1950676ms step_avg:631.29ms
step:3101/3242 train_loss:3.3117 train_time:1951302ms step_avg:631.28ms
step:3102/3242 train_loss:3.3812 train_time:1951932ms step_avg:631.28ms
step:3103/3242 train_loss:3.2445 train_time:1952562ms step_avg:631.28ms
step:3104/3242 train_loss:3.7730 train_time:1953191ms step_avg:631.28ms
step:3105/3242 train_loss:3.4359 train_time:1953823ms step_avg:631.28ms
step:3106/3242 train_loss:2.9275 train_time:1954451ms step_avg:631.28ms
step:3107/3242 train_loss:3.2013 train_time:1955085ms step_avg:631.28ms
step:3108/3242 train_loss:3.0480 train_time:1955721ms step_avg:631.28ms
step:3109/3242 train_loss:3.4794 train_time:1956343ms step_avg:631.28ms
step:3110/3242 train_loss:3.3064 train_time:1956970ms step_avg:631.28ms
step:3111/3242 train_loss:3.4608 train_time:1957597ms step_avg:631.28ms
step:3112/3242 train_loss:3.2972 train_time:1958224ms step_avg:631.28ms
step:3113/3242 train_loss:3.4043 train_time:1958852ms step_avg:631.28ms
step:3114/3242 train_loss:3.3991 train_time:1959482ms step_avg:631.28ms
step:3115/3242 train_loss:3.2978 train_time:1960110ms step_avg:631.28ms
step:3116/3242 train_loss:3.2081 train_time:1960742ms step_avg:631.28ms
step:3117/3242 train_loss:3.1875 train_time:1961371ms step_avg:631.27ms
step:3118/3242 train_loss:3.2999 train_time:1961995ms step_avg:631.27ms
step:3119/3242 train_loss:3.6997 train_time:1962632ms step_avg:631.27ms
step:3120/3242 train_loss:3.3127 train_time:1963260ms step_avg:631.27ms
step:3121/3242 train_loss:3.2108 train_time:1963888ms step_avg:631.27ms
step:3122/3242 train_loss:3.3883 train_time:1964521ms step_avg:631.27ms
step:3123/3242 train_loss:3.4172 train_time:1965147ms step_avg:631.27ms
step:3124/3242 train_loss:3.4146 train_time:1965775ms step_avg:631.27ms
step:3125/3242 train_loss:3.1400 train_time:1966404ms step_avg:631.27ms
step:3125/3242 val_loss:3.2860 train_time:1966793ms step_avg:631.39ms
s
step:3051/3242 train_loss:3.3340 train_time:1916099ms step_avg:630.09ms
step:3126/3242 train_loss:3.2922 train_time:1967039ms step_avg:631.27ms
step:3127/3242 train_loss:3.2779 train_time:1967666ms step_avg:631.27ms
step:3128/3242 train_loss:3.3811 train_time:1968293ms step_avg:631.27ms
step:3129/3242 train_loss:3.3206 train_time:1968926ms step_avg:631.27ms
step:3130/3242 train_loss:3.0864 train_time:1969551ms step_avg:631.27ms
step:3131/3242 train_loss:3.1540 train_time:1970191ms step_avg:631.27ms
step:3132/3242 train_loss:3.3130 train_time:1970819ms step_avg:631.27ms
step:3133/3242 train_loss:3.3459 train_time:1971447ms step_avg:631.27ms
step:3134/3242 train_loss:3.1316 train_time:1972076ms step_avg:631.27ms
step:3135/3242 train_loss:3.3421 train_time:1972705ms step_avg:631.27ms
step:3136/3242 train_loss:3.1358 train_time:1973333ms step_avg:631.26ms
step:3137/3242 train_loss:3.4981 train_time:1973964ms step_avg:631.26ms
step:3138/3242 train_loss:3.7159 train_time:1974589ms step_avg:631.26ms
step:3139/3242 train_loss:3.5654 train_time:1975222ms step_avg:631.26ms
step:3140/3242 train_loss:3.2514 train_time:1975848ms step_avg:631.26ms
step:3141/3242 train_loss:3.2977 train_time:1976475ms step_avg:631.26ms
step:3142/3242 train_loss:3.2161 train_time:1977102ms step_avg:631.26ms
step:3143/3242 train_loss:3.4101 train_time:1977729ms step_avg:631.26ms
step:3144/3242 train_loss:3.1234 train_time:1978362ms step_avg:631.26ms
step:3145/3242 train_loss:3.3389 train_time:1978991ms step_avg:631.26ms
step:3146/3242 train_loss:3.4695 train_time:1979620ms step_avg:631.26ms
step:3147/3242 train_loss:3.2630 train_time:1980249ms step_avg:631.26ms
step:3148/3242 train_loss:3.4721 train_time:1980879ms step_avg:631.26ms
step:3149/3242 train_loss:3.8834 train_time:1981508ms step_avg:631.25ms
step:3150/3242 train_loss:3.1930 train_time:1982138ms step_avg:631.25ms
step:3151/3242 train_loss:3.2782 train_time:1982766ms step_avg:631.25ms
step:3152/3242 train_loss:3.4229 train_time:1983395ms step_avg:631.25ms
step:3153/3242 train_loss:3.2006 train_time:1984029ms step_avg:631.25ms
step:3154/3242 train_loss:3.3493 train_time:1984659ms step_avg:631.25ms
step:3155/3242 train_loss:3.1205 train_time:1985290ms step_avg:631.25ms
step:3156/3242 train_loss:3.2223 train_time:1985926ms step_avg:631.25ms
step:3157/3242 train_loss:3.3341 train_time:1986553ms step_avg:631.25ms
step:3158/3242 train_loss:3.3778 train_time:1987182ms step_avg:631.25ms
step:3159/3242 train_loss:3.2781 train_time:1987812ms step_avg:631.25ms
step:3160/3242 train_loss:3.2301 train_time:1988440ms step_avg:631.25ms
step:3161/3242 train_loss:3.3462 train_time:1989081ms step_avg:631.25ms
step:3162/3242 train_loss:3.5829 train_time:1989707ms step_avg:631.25ms
step:3163/3242 train_loss:3.5043 train_time:1990331ms step_avg:631.25ms
step:3164/3242 train_loss:3.3721 train_time:1990961ms step_avg:631.25ms
step:3165/3242 train_loss:3.3444 train_time:1991597ms step_avg:631.25ms
step:3166/3242 train_loss:3.2981 train_time:1992228ms step_avg:631.25ms
step:3167/3242 train_loss:3.1741 train_time:1992857ms step_avg:631.25ms
step:3168/3242 train_loss:3.0875 train_time:1993486ms step_avg:631.25ms
step:3095/3242 train_loss:3.2219 train_time:1943758ms step_avg:630.07ms
step:3096/3242 train_loss:3.2344 train_time:1944388ms step_avg:630.07ms
step:3097/3242 train_loss:3.7091 train_time:1945017ms step_avg:630.07ms
step:3098/3242 train_loss:3.2572 train_time:1945645ms step_avg:630.07ms
step:3099/3242 train_loss:3.3175 train_time:1946275ms step_avg:630.07ms
step:3100/3242 train_loss:3.3677 train_time:1946904ms step_avg:630.07ms
step:3175/3242 train_loss:3.3256 train_time:1997890ms step_avg:631.24ms
step:3176/3242 train_loss:3.3316 train_time:1998518ms step_avg:631.24ms
step:3177/3242 train_loss:3.1701 train_time:1999148ms step_avg:631.24ms
step:3178/3242 train_loss:3.2849 train_time:1999777ms step_avg:631.24ms
step:3179/3242 train_loss:3.5203 train_time:2000405ms step_avg:631.24ms
step:3180/3242 train_loss:3.2841 train_time:2001035ms step_avg:631.24ms
step:3181/3242 train_loss:3.2601 train_time:2001663ms step_avg:631.24ms
step:3182/3242 train_loss:3.2273 train_time:2002291ms step_avg:631.24ms
step:3183/3242 train_loss:3.4055 train_time:2002923ms step_avg:631.24ms
step:3184/3242 train_loss:3.3510 train_time:2003549ms step_avg:631.24ms
step:3185/3242 train_loss:3.2445 train_time:2004179ms step_avg:631.24ms
step:3186/3242 train_loss:3.4580 train_time:2004808ms step_avg:631.24ms
step:3187/3242 train_loss:3.3845 train_time:2005436ms step_avg:631.24ms
step:3188/3242 train_loss:3.1939 train_time:2006064ms step_avg:631.23ms
step:3189/3242 train_loss:3.3250 train_time:2006692ms step_avg:631.23ms
step:3190/3242 train_loss:3.2569 train_time:2007320ms step_avg:631.23ms
step:3191/3242 train_loss:3.2062 train_time:2007947ms step_avg:631.23ms
step:3192/3242 train_loss:3.2384 train_time:2008573ms step_avg:631.23ms
step:3193/3242 train_loss:3.1833 train_time:2009201ms step_avg:631.23ms
step:3194/3242 train_loss:3.9015 train_time:2009834ms step_avg:631.23ms
step:3195/3242 train_loss:3.3057 train_time:2010458ms step_avg:631.23ms
step:3196/3242 train_loss:3.0950 train_time:2011086ms step_avg:631.23ms
step:3197/3242 train_loss:3.2599 train_time:2011716ms step_avg:631.23ms
step:3198/3242 train_loss:3.0543 train_time:2012345ms step_avg:631.22ms
step:3199/3242 train_loss:3.1170 train_time:2012973ms step_avg:631.22ms
step:3200/3242 train_loss:3.0905 train_time:2013605ms step_avg:631.22ms
step:3201/3242 train_loss:3.2463 train_time:2014236ms step_avg:631.22ms
step:3202/3242 train_loss:3.3078 train_time:2014869ms step_avg:631.22ms
step:3203/3242 train_loss:3.1945 train_time:2015496ms step_avg:631.22ms
step:3204/3242 train_loss:3.2245 train_time:2016126ms step_avg:631.22ms
step:3205/3242 train_loss:3.2898 train_time:2016749ms step_avg:631.22ms
step:3206/3242 train_loss:3.5023 train_time:2017379ms step_avg:631.22ms
step:3207/3242 train_loss:3.0454 train_time:2018003ms step_avg:631.22ms
step:3208/3242 train_loss:3.4624 train_time:2018630ms step_avg:631.22ms
step:3209/3242 train_loss:3.3821 train_time:2019258ms step_avg:631.22ms
step:3210/3242 train_loss:3.4411 train_time:2019885ms step_avg:631.21ms
step:3211/3242 train_loss:3.1454 train_time:2020515ms step_avg:631.21ms
step:3212/3242 train_loss:3.1209 train_time:2021144ms step_avg:631.21ms
step:3213/3242 train_loss:3.1666 train_time:2021773ms step_avg:631.21ms
step:3214/3242 train_loss:3.5934 train_time:2022402ms step_avg:631.21ms
step:3215/3242 train_loss:3.0601 train_time:2023030ms step_avg:631.21ms
step:3216/3242 train_loss:3.2616 train_time:2023659ms step_avg:631.21ms
step:3217/3242 train_loss:3.1785 train_time:2024291ms step_avg:631.21mstep:3143/3242 train_loss:3.4048 train_time:1973913ms step_avg:630.04ms
step:3144/3242 train_loss:3.1193 train_time:1974543ms step_avg:630.04ms
step:3145/3242 train_loss:3.3367 train_time:1975167ms step_avg:630.04ms
step:3146/3242 train_loss:3.4625 train_time:1975795ms step_avg:630.04ms
step:3147/3242 train_loss:3.2596 train_time:1976425ms step_avg:630.04ms
step:3148/3242 train_loss:3.4733 train_time:1977056ms step_avg:630.04ms
step:3149/3242 train_loss:3.8795 train_time:1977683ms step_avg:630.04ms
ststep:3225/3242 train_loss:3.1315 train_time:2029315ms step_avg:631.20ms
step:3226/3242 train_loss:3.2624 train_time:2029944ms step_avg:631.20ms
step:3227/3242 train_loss:3.1207 train_time:2030573ms step_avg:631.20ms
step:3228/3242 train_loss:3.1963 train_time:2031199ms step_avg:631.20ms
step:3229/3242 train_loss:3.3079 train_time:2031827ms step_avg:631.20ms
step:3230/3242 train_loss:3.1168 train_time:2033063ms step_avg:631.39ms
step:3231/3242 train_loss:3.0324 train_time:2033691ms step_avg:631.39ms
step:3232/3242 train_loss:3.2140 train_time:2034319ms step_avg:631.38ms
step:3233/3242 train_loss:3.4904 train_time:2034949ms step_avg:631.38ms
step:3234/3242 train_loss:3.5662 train_time:2035584ms step_avg:631.38ms
step:3235/3242 train_loss:3.4266 train_time:2036208ms step_avg:631.38ms
step:3236/3242 train_loss:3.2127 train_time:2036835ms step_avg:631.38ms
step:3237/3242 train_loss:3.5245 train_time:2037463ms step_avg:631.38ms
step:3238/3242 train_loss:3.3148 train_time:2038093ms step_avg:631.38ms
step:3239/3242 train_loss:3.3958 train_time:2038719ms step_avg:631.38ms
step:3240/3242 train_loss:3.1046 train_time:2039352ms step_avg:631.38ms
step:3241/3242 train_loss:3.2835 train_time:2039978ms step_avg:631.38ms
step:3242/3242 train_loss:3.3285 train_time:2040604ms step_avg:631.38ms
step:3242/3242 val_loss:3.2780 train_time:2040993ms step_avg:631.50ms
peak memory consumption: 42502 MiB
ain_time:1990261ms step_avg:630.03ms
step:3170/3242 train_loss:3.2918 train_time:1990893ms step_avg:630.03ms
step:3171/3242 train_loss:3.0495 train_time:1991526ms step_avg:630.03ms
step:3172/3242 train_loss:3.2553 train_time:1992154ms step_avg:630.03ms
step:3173/3242 train_loss:3.4147 train_time:1992785ms step_avg:630.03ms
step:3174/3242 train_loss:3.2977 train_time:1993413ms step_avg:630.03ms
step:3175/3242 train_loss:3.3225 train_time:1994038ms step_avg:630.03ms
step:3176/3242 train_loss:3.3276 train_time:1994671ms step_avg:630.03ms
step:3177/3242 train_loss:3.1688 train_time:1995297ms step_avg:630.03ms
step:3178/3242 train_loss:3.2791 train_time:1995932ms step_avg:630.03ms
step:3179/3242 train_loss:3.5178 train_time:1996561ms step_avg:630.03ms
step:3180/3242 train_loss:3.2774 train_time:1997193ms step_avg:630.03ms
step:3181/3242 train_loss:3.2558 train_time:1997821ms step_avg:630.03ms
step:3182/3242 train_loss:3.2304 train_time:1998450ms step_avg:630.03ms
step:3183/3242 train_loss:3.4114 train_time:1999084ms step_avg:630.03ms
step:3184/3242 train_loss:3.3473 train_time:1999713ms step_avg:630.03ms
step:3185/3242 train_loss:3.2448 train_time:2000342ms step_avg:630.03ms
step:3186/3242 train_loss:3.4519 train_time:2000968ms step_avg:630.03ms
step:3187/3242 train_loss:3.3826 train_time:2001597ms step_avg:630.03ms
step:3188/3242 train_loss:3.1914 train_time:2002230ms step_avg:630.03ms
step:3189/3242 train_loss:3.3159 train_time:2002856ms step_avg:630.03ms
step:3190/3242 train_loss:3.2652 train_time:2003485ms step_avg:630.03ms
step:3191/3242 train_loss:3.2096 train_time:2004108ms step_avg:630.02ms
step:3192/3242 train_loss:3.2354 train_time:2004737ms step_avg:630.02ms
step:3193/3242 train_loss:3.1834 train_time:2005363ms step_avg:630.02ms
step:3194/3242 train_loss:3.9068 train_time:2005993ms step_avg:630.02ms
step:3195/3242 train_loss:3.3021 train_time:2006623ms step_avg:630.02ms
step:3196/3242 train_loss:3.0906 train_time:2007253ms step_avg:630.02ms
step:3197/3242 train_loss:3.2655 train_time:2007883ms step_avg:630.02ms
step:3198/3242 train_loss:3.0572 train_time:2008509ms step_avg:630.02ms
step:3199/3242 train_loss:3.1174 train_time:2009137ms step_avg:630.02ms
step:3200/3242 train_loss:3.0855 train_time:2009760ms step_avg:630.02ms
step:3201/3242 train_loss:3.2432 train_time:2010388ms step_avg:630.02ms
step:3202/3242 train_loss:3.3023 train_time:2011016ms step_avg:630.02ms
step:3203/3242 train_loss:3.1920 train_time:2011644ms step_avg:630.02ms
step:3204/3242 train_loss:3.2211 train_time:2012273ms step_avg:630.02ms
step:3205/3242 train_loss:3.2882 train_time:2012900ms step_avg:630.02ms
step:3206/3242 train_loss:3.5022 train_time:2013525ms step_avg:630.01ms
step:3207/3242 train_loss:3.0397 train_time:2014159ms step_avg:630.02ms
step:3208/3242 train_loss:3.4514 train_time:2014786ms step_avg:630.01ms
step:3209/3242 train_loss:3.3810 train_time:2015416ms step_avg:630.01ms
step:3210/3242 train_loss:3.4462 train_time:2016043ms step_avg:630.01ms
step:3211/3242 train_loss:3.1406 train_time:2016671ms step_avg:630.01ms
step:3212/3242 train_loss:3.1198 train_time:2017298ms step_avg:630.01ms
step:3213/3242 train_loss:3.1564 train_time:2017927ms step_avg:630.01ms
step:3214/3242 train_loss:3.5914 train_time:2018554ms step_avg:630.01ms
step:3215/3242 train_loss:3.0624 train_time:2019186ms step_avg:630.01ms
step:3216/3242 train_loss:3.2518 train_time:2019816ms step_avg:630.01ms
step:3217/3242 train_loss:3.1771 train_time:2020444ms step_avg:630.01ms
step:3218/3242 train_loss:3.2340 train_time:2021071ms step_avg:630.01ms
step:3219/3242 train_loss:3.2642 train_time:2021699ms step_avg:630.01ms
step:3220/3242 train_loss:3.4345 train_time:2022326ms step_avg:630.01ms
step:3221/3242 train_loss:3.3511 train_time:2022960ms step_avg:630.01ms
step:3222/3242 train_loss:3.2533 train_time:2023595ms step_avg:630.01ms
step:3223/3242 train_loss:3.2013 train_time:2024219ms step_avg:630.01ms
step:3224/3242 train_loss:3.1603 train_time:2024850ms step_avg:630.01ms
step:3225/3242 train_loss:3.1315 train_time:2025473ms step_avg:630.01ms
step:3226/3242 train_loss:3.2630 train_time:2026099ms step_avg:630.01ms
step:3227/3242 train_loss:3.1167 train_time:2026726ms step_avg:630.01ms
step:3228/3242 train_loss:3.1948 train_time:2027356ms step_avg:630.00ms
step:3229/3242 train_loss:3.2998 train_time:2027984ms step_avg:630.00ms
step:3230/3242 train_loss:3.1096 train_time:2028676ms step_avg:630.02ms
step:3231/3242 train_loss:3.0257 train_time:2029306ms step_avg:630.02ms
step:3232/3242 train_loss:3.2159 train_time:2029929ms step_avg:630.02ms
step:3233/3242 train_loss:3.4924 train_time:2030562ms step_avg:630.02ms
step:3234/3242 train_loss:3.5649 train_time:2031192ms step_avg:630.02ms
step:3235/3242 train_loss:3.4213 train_time:2031819ms step_avg:630.02ms
step:3236/3242 train_loss:3.2058 train_time:2032446ms step_avg:630.02ms
step:3237/3242 train_loss:3.5222 train_time:2033076ms step_avg:630.02ms
step:3238/3242 train_loss:3.3066 train_time:2033704ms step_avg:630.02ms
step:3239/3242 train_loss:3.3969 train_time:2034328ms step_avg:630.02ms
step:3240/3242 train_loss:3.1035 train_time:2034957ms step_avg:630.02ms
step:3241/3242 train_loss:3.2764 train_time:2035587ms step_avg:630.02ms
step:3242/3242 train_loss:3.3224 train_time:2036228ms step_avg:630.02ms
step:3242/3242 val_loss:3.2767 train_time:2036613ms step_avg:630.14ms
peak memory consumption: 42502 MiB
