run_seed.sh starting: SEED=1 NPROC=16
Python: /root/miniconda3/envs/llm_test/bin/python
Python 3.10.19
torch version: 2.7.1+cpu
torch_npu version: 2.7.1.post2
W0525 19:40:00.820000 668 site-packages/torch/distributed/run.py:766] 
W0525 19:40:00.820000 668 site-packages/torch/distributed/run.py:766] *****************************************
W0525 19:40:00.820000 668 site-packages/torch/distributed/run.py:766] Setting OMP_NUM_THREADS environment variable for each process to be 1 in default, to avoid your system being overloaded, please further tune the variable for optimal performance in your application as needed. 
W0525 19:40:00.820000 668 site-packages/torch/distributed/run.py:766] *****************************************
/root/miniconda3/envs/llm_test/lib/python3.10/site-packages/torch/autograd/__init__.py:221: UserWarning: Cannot create tensor with interal format while allow_internel_format=False, tensor will be created with base format. (Triggered internally at build/CMakeFiles/torch_npu.dir/compiler_depend.ts:338.)
  torch.ones_like(out, memory_format=torch.preserve_format)
using device: npu:3
/root/miniconda3/envs/llm_test/lib/python3.10/site-packages/torch/autograd/__init__.py:221: UserWarning: Cannot create tensor with interal format while allow_internel_format=False, tensor will be created with base format. (Triggered internally at build/CMakeFiles/torch_npu.dir/compiler_depend.ts:338.)
  torch.ones_like(out, memory_format=torch.preserve_format)
/root/miniconda3/envs/llm_test/lib/python3.10/site-packages/torch/autograd/__init__.py:221: UserWarning: Cannot create tensor with interal format while allow_internel_format=False, tensor will be created with base format. (Triggered internally at build/CMakeFiles/torch_npu.dir/compiler_depend.ts:338.)
  torch.ones_like(out, memory_format=torch.preserve_format)
using device: npu:1
using device: npu:15
/root/miniconda3/envs/llm_test/lib/python3.10/site-packages/torch/autograd/__init__.py:221: UserWarning: Cannot create tensor with interal format while allow_internel_format=False, tensor will be created with base format. (Triggered internally at build/CMakeFiles/torch_npu.dir/compiler_depend.ts:338.)
  torch.ones_like(out, memory_format=torch.preserve_format)
/root/miniconda3/envs/llm_test/lib/python3.10/site-packages/torch/autograd/__init__.py:221: UserWarning: Cannot create tensor with interal format while allow_internel_format=False, tensor will be created with base format. (Triggered internally at build/CMakeFiles/torch_npu.dir/compiler_depend.ts:338.)
  torch.ones_like(out, memory_format=torch.preserve_format)
/root/miniconda3/envs/llm_test/lib/python3.10/site-packages/torch/autograd/__init__.py:221: UserWarning: Cannot create tensor with interal format while allow_internel_format=False, tensor will be created with base format. (Triggered internally at build/CMakeFiles/torch_npu.dir/compiler_depend.ts:338.)
  torch.ones_like(out, memory_format=torch.preserve_format)
/root/miniconda3/envs/llm_test/lib/python3.10/site-packages/torch/autograd/__init__.py:221: UserWarning: Cannot create tensor with interal format while allow_internel_format=False, tensor will be created with base format. (Triggered internally at build/CMakeFiles/torch_npu.dir/compiler_depend.ts:338.)
  torch.ones_like(out, memory_format=torch.preserve_format)
/root/miniconda3/envs/llm_test/lib/python3.10/site-packages/torch/autograd/__init__.py:221: UserWarning: Cannot create tensor with interal format while allow_internel_format=False, tensor will be created with base format. (Triggered internally at build/CMakeFiles/torch_npu.dir/compiler_depend.ts:338.)
  torch.ones_like(out, memory_format=torch.preserve_format)
/root/miniconda3/envs/llm_test/lib/python3.10/site-packages/torch/autograd/__init__.py:221: UserWarning: Cannot create tensor with interal format while allow_internel_format=False, tensor will be created with base format. (Triggered internally at build/CMakeFiles/torch_npu.dir/compiler_depend.ts:338.)
  torch.ones_like(out, memory_format=torch.preserve_format)
/root/miniconda3/envs/llm_test/lib/python3.10/site-packages/torch/autograd/__init__.py:221: UserWarning: Cannot create tensor with interal format while allow_internel_format=False, tensor will be created with base format. (Triggered internally at build/CMakeFiles/torch_npu.dir/compiler_depend.ts:338.)
  torch.ones_like(out, memory_format=torch.preserve_format)
/root/miniconda3/envs/llm_test/lib/python3.10/site-packages/torch/autograd/__init__.py:221: UserWarning: Cannot create tensor with interal format while allow_internel_format=False, tensor will be created with base format. (Triggered internally at build/CMakeFiles/torch_npu.dir/compiler_depend.ts:338.)
  torch.ones_like(out, memory_format=torch.preserve_format)
/root/miniconda3/envs/llm_test/lib/python3.10/site-packages/torch/autograd/__init__.py:221: UserWarning: Cannot create tensor with interal format while allow_internel_format=False, tensor will be created with base format. (Triggered internally at build/CMakeFiles/torch_npu.dir/compiler_depend.ts:338.)
  torch.ones_like(out, memory_format=torch.preserve_format)
/root/miniconda3/envs/llm_test/lib/python3.10/site-packages/torch/autograd/__init__.py:221: UserWarning: Cannot create tensor with interal format while allow_internel_format=False, tensor will be created with base format. (Triggered internally at build/CMakeFiles/torch_npu.dir/compiler_depend.ts:338.)
  torch.ones_like(out, memory_format=torch.preserve_format)
/root/miniconda3/envs/llm_test/lib/python3.10/site-packages/torch/autograd/__init__.py:221: UserWarning: Cannot create tensor with interal format while allow_internel_format=False, tensor will be created with base format. (Triggered internally at build/CMakeFiles/torch_npu.dir/compiler_depend.ts:338.)
  torch.ones_like(out, memory_format=torch.preserve_format)
/root/miniconda3/envs/llm_test/lib/python3.10/site-packages/torch/autograd/__init__.py:221: UserWarning: Cannot create tensor with interal format while allow_internel_format=False, tensor will be created with base format. (Triggered internally at build/CMakeFiles/torch_npu.dir/compiler_depend.ts:338.)
  torch.ones_like(out, memory_format=torch.preserve_format)
/root/miniconda3/envs/llm_test/lib/python3.10/site-packages/torch/autograd/__init__.py:221: UserWarning: Cannot create tensor with interal format while allow_internel_format=False, tensor will be created with base format. (Triggered internally at build/CMakeFiles/torch_npu.dir/compiler_depend.ts:338.)
  torch.ones_like(out, memory_format=torch.preserve_format)
using device: npu:0
using device: npu:2
using device: npu:10
using device: npu:14
using device: npu:9
using device: npu:8
using device: npu:6
using device: npu:5
using device: npu:12
using device: npu:4
using device: npu:7
Training DataLoader: total number of tokens: 10255324043 across 103 files
Validation DataLoader: total number of tokens: 100000000 across 1 files
using device: npu:13
using device: npu:11
step:0/3242 val_loss:10.8258 train_time:68ms step_avg:nanms
step:1/3242 train_loss:10.8258 train_time:4391ms step_avg:nanms
step:2/3242 train_loss:10.4267 train_time:5619ms step_avg:nanms
step:3/3242 train_loss:9.8524 train_time:6242ms step_avg:nanms
step:4/3242 train_loss:8.8357 train_time:6872ms step_avg:nanms
step:5/3242 train_loss:7.9915 train_time:7499ms step_avg:nanms
step:6/3242 train_loss:7.5485 train_time:8127ms step_avg:nanms
step:7/3242 train_loss:7.2036 train_time:8754ms step_avg:nanms
step:8/3242 train_loss:6.9958 train_time:9383ms step_avg:nanms
step:9/3242 train_loss:6.9745 train_time:10008ms step_avg:nanms
step:10/3242 train_loss:6.7065 train_time:10638ms step_avg:nanms
step:11/3242 train_loss:6.7596 train_time:244ms step_avg:nanms
step:12/3242 train_loss:6.5309 train_time:874ms step_avg:nanms
step:13/3242 train_loss:6.5907 train_time:1504ms step_avg:501.38ms
step:14/3242 train_loss:6.4464 train_time:2130ms step_avg:532.62ms
step:15/3242 train_loss:6.3783 train_time:2755ms step_avg:551.07ms
step:16/3242 train_loss:6.3028 train_time:3382ms step_avg:563.61ms
step:17/3242 train_loss:6.4902 train_time:4010ms step_avg:572.88ms
step:18/3242 train_loss:6.4932 train_time:4639ms step_avg:579.86ms
step:19/3242 train_loss:6.3721 train_time:5274ms step_avg:585.94ms
step:20/3242 train_loss:6.4324 train_time:5902ms step_avg:590.17ms
step:21/3242 train_loss:6.1695 train_time:6531ms step_avg:593.73ms
step:22/3242 train_loss:6.2478 train_time:7159ms step_avg:596.59ms
step:23/3242 train_loss:6.7901 train_time:7786ms step_avg:598.92ms
step:24/3242 train_loss:6.1987 train_time:8410ms step_avg:600.71ms
step:25/3242 train_loss:6.6370 train_time:9037ms step_avg:602.44ms
step:26/3242 train_loss:6.0704 train_time:9663ms step_avg:603.95ms
step:27/3242 train_loss:5.9655 train_time:10296ms step_avg:605.67ms
step:28/3242 train_loss:6.3281 train_time:10927ms step_avg:607.04ms
step:29/3242 train_loss:5.7013 train_time:11556ms step_avg:608.19ms
step:30/3242 train_loss:6.0562 train_time:12177ms step_avg:608.87ms
step:31/3242 train_loss:6.0650 train_time:12810ms step_avg:610.01ms
step:32/3242 train_loss:5.7543 train_time:13439ms step_avg:610.88ms
step:33/3242 train_loss:5.9006 train_time:14066ms step_avg:611.57ms
step:34/3242 train_loss:6.0365 train_time:14695ms step_avg:612.27ms
step:35/3242 train_loss:6.0777 train_time:15321ms step_avg:612.82ms
step:36/3242 train_loss:6.0844 train_time:15950ms step_avg:613.47ms
step:37/3242 train_loss:5.9374 train_time:16578ms step_avg:614.00ms
step:38/3242 train_loss:6.0090 train_time:17200ms step_avg:614.28ms
step:39/3242 train_loss:5.7248 train_time:17828ms step_avg:614.75ms
step:40/3242 train_loss:5.7853 train_time:18456ms step_avg:615.20ms
step:41/3242 train_loss:5.6884 train_time:19083ms step_avg:615.56ms
step:42/3242 train_loss:5.7767 train_time:19716ms step_avg:616.12ms
step:43/3242 train_loss:5.3778 train_time:20343ms step_avg:616.44ms
step:44/3242 train_loss:5.8061 train_time:20974ms step_avg:616.87ms
step:45/3242 train_loss:5.7163 train_time:21601ms step_avg:617.18ms
step:46/3242 train_loss:5.6990 train_time:22230ms step_avg:617.50ms
step:47/3242 train_loss:5.6432 train_time:22854ms step_avg:617.67ms
step:48/3242 train_loss:5.4852 train_time:23480ms step_avg:617.89ms
step:49/3242 train_loss:5.6340 train_time:24115ms step_avg:618.34ms
step:50/3242 train_loss:5.4064 train_time:24744ms step_avg:618.59ms
step:51/3242 train_loss:5.6336 train_time:25372ms step_avg:618.83ms
step:52/3242 train_loss:5.5842 train_time:26001ms step_avg:619.07ms
step:53/3242 train_loss:5.4895 train_time:26621ms step_avg:619.10ms
step:54/3242 train_loss:5.4933 train_time:27246ms step_avg:619.22ms
step:55/3242 train_loss:5.4317 train_time:27880ms step_avg:619.55ms
step:56/3242 train_loss:5.7532 train_time:28508ms step_avg:619.74ms
step:57/3242 train_loss:5.4988 train_time:29135ms step_avg:619.88ms
step:58/3242 train_loss:5.2793 train_time:29766ms step_avg:620.12ms
step:59/3242 train_loss:5.5222 train_time:30394ms step_avg:620.28ms
step:60/3242 train_loss:5.3799 train_time:31020ms step_avg:620.40ms
step:61/3242 train_loss:5.5666 train_time:31645ms step_avg:620.49ms
step:62/3242 train_loss:5.2209 train_time:32271ms step_avg:620.60ms
step:63/3242 train_loss:5.4376 train_time:32901ms step_avg:620.77ms
step:64/3242 train_loss:5.3877 train_time:33528ms step_avg:620.90ms
step:65/3242 train_loss:4.9886 train_time:34155ms step_avg:621.00ms
step:66/3242 train_loss:5.2850 train_time:34782ms step_avg:621.11ms
step:67/3242 train_loss:5.4078 train_time:35410ms step_avg:621.23ms
step:68/3242 train_loss:5.2046 train_time:36041ms step_avg:621.39ms
step:69/3242 train_loss:5.5304 train_time:36667ms step_avg:621.48ms
step:70/3242 train_loss:5.0383 train_time:37295ms step_avg:621.58ms
step:71/3242 train_loss:5.1585 train_time:37925ms step_avg:621.72ms
step:72/3242 train_loss:5.1279 train_time:38551ms step_avg:621.80ms
step:73/3242 train_loss:5.2879 train_time:39179ms step_avg:621.89ms
step:74/3242 train_loss:5.0323 train_time:39808ms step_avg:622.00ms
step:75/3242 train_loss:5.4918 train_time:40437ms step_avg:622.11ms
step:76/3242 train_loss:5.2170 train_time:41064ms step_avg:622.18ms
step:77/3242 train_loss:5.1906 train_time:41692ms step_avg:622.26ms
step:78/3242 train_loss:5.3438 train_time:42318ms step_avg:622.33ms
step:79/3242 train_loss:4.9323 train_time:42948ms step_avg:622.43ms
step:80/3242 train_loss:5.2083 train_time:43575ms step_avg:622.50ms
step:81/3242 train_loss:5.1755 train_time:44202ms step_avg:622.56ms
step:82/3242 train_loss:5.0098 train_time:44829ms step_avg:622.63ms
step:83/3242 train_loss:5.1049 train_time:45455ms step_avg:622.67ms
step:84/3242 train_loss:5.0931 train_time:46089ms step_avg:622.83ms
step:85/3242 train_loss:4.9436 train_time:46719ms step_avg:622.92ms
step:86/3242 train_loss:4.9807 train_time:47343ms step_avg:622.93ms
step:87/3242 train_loss:5.2293 train_time:47970ms step_avg:622.99ms
step:88/3242 train_loss:5.0471 train_time:48598ms step_avg:623.06ms
step:89/3242 train_loss:5.1262 train_time:49229ms step_avg:623.15ms
step:90/3242 train_loss:5.2154 train_time:49853ms step_avg:623.16ms
step:91/3242 train_loss:4.9752 train_time:50482ms step_avg:623.23ms
step:92/3242 train_loss:5.1358 train_time:51110ms step_avg:623.29ms
step:93/3242 train_loss:5.2160 train_time:51739ms step_avg:623.37ms
step:94/3242 train_loss:4.9302 train_time:52372ms step_avg:623.48ms
step:95/3242 train_loss:4.9589 train_time:53004ms step_avg:623.57ms
step:96/3242 train_loss:4.9805 train_time:53632ms step_avg:623.62ms
step:97/3242 train_loss:4.9535 train_time:54260ms step_avg:623.68ms
step:98/3242 train_loss:4.9892 train_time:54888ms step_avg:623.73ms
step:99/3242 train_loss:4.8821 train_time:55517ms step_avg:623.79ms
step:100/3242 train_loss:4.9275 train_time:56145ms step_avg:623.83ms
step:101/3242 train_loss:4.9442 train_time:56773ms step_avg:623.88ms
step:102/3242 train_loss:4.9492 train_time:57399ms step_avg:623.90ms
step:103/3242 train_loss:4.9430 train_time:58025ms step_avg:623.92ms
step:104/3242 train_loss:4.8211 train_time:58651ms step_avg:623.95ms
step:105/3242 train_loss:4.7357 train_time:59279ms step_avg:623.99ms
step:106/3242 train_loss:4.8751 train_time:59907ms step_avg:624.03ms
step:107/3242 train_loss:4.6964 train_time:60553ms step_avg:624.26ms
step:108/3242 train_loss:4.8237 train_time:61175ms step_avg:624.23ms
step:109/3242 train_loss:4.7369 train_time:61801ms step_avg:624.25ms
step:110/3242 train_loss:4.8618 train_time:62427ms step_avg:624.27ms
step:111/3242 train_loss:4.7594 train_time:63051ms step_avg:624.27ms
step:112/3242 train_loss:4.7856 train_time:63680ms step_avg:624.31ms
step:113/3242 train_loss:4.9164 train_time:64306ms step_avg:624.33ms
step:114/3242 train_loss:4.7942 train_time:64935ms step_avg:624.38ms
step:115/3242 train_loss:4.7249 train_time:65566ms step_avg:624.44ms
step:116/3242 train_loss:4.8645 train_time:66197ms step_avg:624.50ms
step:117/3242 train_loss:4.7991 train_time:66823ms step_avg:624.51ms
step:118/3242 train_loss:4.5881 train_time:67450ms step_avg:624.53ms
step:119/3242 train_loss:4.8969 train_time:68077ms step_avg:624.56ms
step:120/3242 train_loss:4.7167 train_time:68709ms step_avg:624.63ms
step:121/3242 train_loss:4.6907 train_time:69337ms step_avg:624.66ms
step:122/3242 train_loss:4.4882 train_time:69965ms step_avg:624.68ms
step:123/3242 train_loss:4.7683 train_time:70593ms step_avg:624.72ms
step:124/3242 train_loss:4.6255 train_time:71235ms step_avg:624.87ms
step:125/3242 train_loss:4.9601 train_time:71849ms step_avg:624.77ms
step:125/3242 val_loss:4.6705 train_time:72234ms step_avg:628.12ms
step:126/3242 train_loss:4.7653 train_time:72482ms step_avg:624.84ms
step:127/3242 train_loss:4.7468 train_time:73109ms step_avg:624.86ms
step:128/3242 train_loss:4.6709 train_time:73738ms step_avg:624.90ms
step:129/3242 train_loss:4.6740 train_time:74370ms step_avg:624.96ms
step:130/3242 train_loss:5.1583 train_time:74996ms step_avg:624.97ms
step:131/3242 train_loss:4.6785 train_time:75621ms step_avg:624.96ms
step:132/3242 train_loss:4.4114 train_time:76252ms step_avg:625.01ms
step:133/3242 train_loss:4.4883 train_time:76878ms step_avg:625.03ms
step:134/3242 train_loss:4.6263 train_time:77505ms step_avg:625.04ms
step:135/3242 train_loss:4.5129 train_time:78131ms step_avg:625.05ms
step:136/3242 train_loss:4.5499 train_time:78758ms step_avg:625.06ms
step:137/3242 train_loss:4.4020 train_time:79384ms step_avg:625.07ms
step:138/3242 train_loss:4.5859 train_time:80012ms step_avg:625.09ms
step:139/3242 train_loss:4.4666 train_time:80648ms step_avg:625.18ms
step:140/3242 train_loss:4.5950 train_time:81273ms step_avg:625.18ms
step:141/3242 train_loss:4.8940 train_time:81905ms step_avg:625.23ms
step:142/3242 train_loss:4.5976 train_time:82532ms step_avg:625.24ms
step:143/3242 train_loss:4.5050 train_time:83153ms step_avg:625.21ms
step:144/3242 train_loss:4.5702 train_time:83781ms step_avg:625.23ms
step:145/3242 train_loss:4.4752 train_time:84408ms step_avg:625.25ms
step:146/3242 train_loss:4.4272 train_time:85035ms step_avg:625.26ms
step:147/3242 train_loss:4.3312 train_time:85666ms step_avg:625.30ms
step:148/3242 train_loss:4.4905 train_time:86297ms step_avg:625.34ms
step:149/3242 train_loss:4.5103 train_time:86927ms step_avg:625.38ms
step:150/3242 train_loss:4.6041 train_time:87556ms step_avg:625.40ms
step:151/3242 train_loss:4.5798 train_time:88180ms step_avg:625.39ms
step:152/3242 train_loss:4.4270 train_time:88810ms step_avg:625.42ms
step:153/3242 train_loss:4.4610 train_time:89431ms step_avg:625.39ms
step:154/3242 train_loss:4.5027 train_time:90066ms step_avg:625.46ms
step:155/3242 train_loss:4.6783 train_time:90689ms step_avg:625.44ms
step:156/3242 train_loss:4.3921 train_time:91314ms step_avg:625.44ms
step:157/3242 train_loss:4.5680 train_time:91954ms step_avg:625.54ms
step:158/3242 train_loss:4.5963 train_time:92582ms step_avg:625.55ms
step:159/3242 train_loss:4.4067 train_time:93201ms step_avg:625.51ms
step:160/3242 train_loss:4.5140 train_time:93836ms step_avg:625.57ms
step:161/3242 train_loss:4.3363 train_time:94463ms step_avg:625.58ms
step:162/3242 train_loss:4.5006 train_time:95089ms step_avg:625.59ms
step:163/3242 train_loss:4.5203 train_time:95717ms step_avg:625.60ms
step:164/3242 train_loss:4.4068 train_time:96347ms step_avg:625.63ms
step:165/3242 train_loss:4.3187 train_time:96977ms step_avg:625.66ms
step:166/3242 train_loss:4.3527 train_time:97596ms step_avg:625.62ms
step:167/3242 train_loss:4.5516 train_time:98226ms step_avg:625.64ms
step:168/3242 train_loss:4.1803 train_time:98852ms step_avg:625.65ms
step:169/3242 train_loss:4.5871 train_time:99480ms step_avg:625.66ms
step:170/3242 train_loss:4.2440 train_time:100109ms step_avg:625.68ms
step:171/3242 train_loss:4.1756 train_time:100752ms step_avg:625.79ms
step:172/3242 train_loss:4.2970 train_time:101372ms step_avg:625.75ms
step:173/3242 train_loss:4.2960 train_time:102004ms step_avg:625.79ms
step:174/3242 train_loss:4.3355 train_time:102630ms step_avg:625.80ms
step:175/3242 train_loss:4.4802 train_time:103262ms step_avg:625.83ms
step:176/3242 train_loss:4.4399 train_time:103889ms step_avg:625.84ms
step:177/3242 train_loss:4.2280 train_time:104522ms step_avg:625.88ms
step:178/3242 train_loss:4.1972 train_time:105139ms step_avg:625.83ms
step:179/3242 train_loss:4.2301 train_time:105773ms step_avg:625.88ms
step:180/3242 train_loss:4.2207 train_time:106398ms step_avg:625.87ms
step:181/3242 train_loss:4.2464 train_time:107021ms step_avg:625.85ms
step:182/3242 train_loss:4.2148 train_time:107650ms step_avg:625.87ms
step:183/3242 train_loss:4.2747 train_time:108278ms step_avg:625.88ms
step:184/3242 train_loss:4.2511 train_time:108913ms step_avg:625.94ms
step:185/3242 train_loss:4.2229 train_time:109540ms step_avg:625.94ms
step:186/3242 train_loss:4.5158 train_time:110166ms step_avg:625.94ms
step:187/3242 train_loss:4.3564 train_time:110794ms step_avg:625.96ms
step:188/3242 train_loss:4.4234 train_time:111424ms step_avg:625.98ms
step:189/3242 train_loss:4.2579 train_time:112055ms step_avg:626.01ms
step:190/3242 train_loss:4.1964 train_time:112730ms step_avg:626.28ms
step:191/3242 train_loss:4.3626 train_time:113358ms step_avg:626.29ms
step:192/3242 train_loss:4.1714 train_time:113987ms step_avg:626.30ms
step:193/3242 train_loss:4.1526 train_time:114612ms step_avg:626.29ms
step:194/3242 train_loss:4.3795 train_time:115239ms step_avg:626.30ms
step:195/3242 train_loss:4.2483 train_time:115874ms step_avg:626.35ms
step:196/3242 train_loss:4.6208 train_time:116505ms step_avg:626.37ms
step:197/3242 train_loss:4.3033 train_time:117134ms step_avg:626.39ms
step:198/3242 train_loss:4.0753 train_time:117775ms step_avg:626.46ms
step:199/3242 train_loss:4.1951 train_time:118388ms step_avg:626.39ms
step:200/3242 train_loss:4.1454 train_time:119018ms step_avg:626.41ms
step:201/3242 train_loss:4.2538 train_time:119645ms step_avg:626.41ms
step:202/3242 train_loss:4.1366 train_time:120277ms step_avg:626.44ms
step:203/3242 train_loss:4.3201 train_time:120902ms step_avg:626.43ms
step:204/3242 train_loss:4.2115 train_time:121533ms step_avg:626.46ms
step:205/3242 train_loss:4.4232 train_time:122163ms step_avg:626.47ms
step:206/3242 train_loss:4.2171 train_time:122789ms step_avg:626.47ms
step:207/3242 train_loss:4.0790 train_time:123417ms step_avg:626.48ms
step:208/3242 train_loss:4.2148 train_time:124041ms step_avg:626.47ms
step:209/3242 train_loss:4.2712 train_time:124670ms step_avg:626.48ms
step:210/3242 train_loss:4.3473 train_time:125297ms step_avg:626.49ms
step:211/3242 train_loss:4.2528 train_time:125931ms step_avg:626.52ms
step:212/3242 train_loss:4.2405 train_time:126560ms step_avg:626.53ms
step:213/3242 train_loss:4.2294 train_time:127188ms step_avg:626.54ms
step:214/3242 train_loss:4.0466 train_time:127815ms step_avg:626.55ms
step:215/3242 train_loss:4.2028 train_time:128446ms step_avg:626.56ms
step:216/3242 train_loss:4.0561 train_time:129080ms step_avg:626.60ms
step:217/3242 train_loss:4.0496 train_time:129702ms step_avg:626.58ms
step:218/3242 train_loss:4.1689 train_time:130328ms step_avg:626.58ms
step:219/3242 train_loss:4.1289 train_time:130955ms step_avg:626.58ms
step:220/3242 train_loss:4.1681 train_time:131584ms step_avg:626.59ms
step:221/3242 train_loss:4.1678 train_time:132215ms step_avg:626.61ms
step:222/3242 train_loss:4.1515 train_time:132842ms step_avg:626.61ms
step:223/3242 train_loss:4.0402 train_time:133472ms step_avg:626.63ms
step:224/3242 train_loss:4.0894 train_time:134099ms step_avg:626.63ms
step:225/3242 train_loss:4.3352 train_time:134730ms step_avg:626.65ms
step:226/3242 train_loss:3.9594 train_time:135355ms step_avg:626.65ms
step:227/3242 train_loss:3.9794 train_time:135983ms step_avg:626.65ms
step:228/3242 train_loss:4.0757 train_time:136613ms step_avg:626.66ms
step:229/3242 train_loss:4.2547 train_time:137241ms step_avg:626.67ms
step:230/3242 train_loss:4.0289 train_time:137869ms step_avg:626.68ms
step:231/3242 train_loss:4.1698 train_time:138498ms step_avg:626.69ms
step:232/3242 train_loss:4.1865 train_time:139120ms step_avg:626.67ms
step:233/3242 train_loss:3.9661 train_time:139755ms step_avg:626.70ms
step:234/3242 train_loss:4.2048 train_time:140383ms step_avg:626.71ms
step:235/3242 train_loss:4.0653 train_time:141010ms step_avg:626.71ms
step:236/3242 train_loss:3.7727 train_time:141635ms step_avg:626.70ms
step:237/3242 train_loss:4.1248 train_time:142262ms step_avg:626.70ms
step:238/3242 train_loss:4.1476 train_time:142895ms step_avg:626.73ms
step:239/3242 train_loss:4.0228 train_time:143522ms step_avg:626.74ms
step:240/3242 train_loss:4.2201 train_time:144152ms step_avg:626.75ms
step:241/3242 train_loss:4.1783 train_time:144781ms step_avg:626.76ms
step:242/3242 train_loss:4.0259 train_time:145408ms step_avg:626.76ms
step:243/3242 train_loss:3.9192 train_time:146037ms step_avg:626.77ms
step:244/3242 train_loss:4.1210 train_time:146665ms step_avg:626.77ms
step:245/3242 train_loss:4.1249 train_time:147288ms step_avg:626.76ms
step:246/3242 train_loss:4.3111 train_time:147916ms step_avg:626.76ms
step:247/3242 train_loss:4.3014 train_time:148541ms step_avg:626.75ms
step:248/3242 train_loss:4.1388 train_time:149168ms step_avg:626.76ms
step:249/3242 train_loss:4.1395 train_time:149806ms step_avg:626.80ms
step:250/3242 train_loss:3.9415 train_time:150429ms step_avg:626.79ms
step:250/3242 val_loss:4.0896 train_time:150810ms step_avg:628.38ms
step:251/3242 train_loss:4.0177 train_time:151057ms step_avg:626.79ms
step:252/3242 train_loss:4.1694 train_time:151688ms step_avg:626.81ms
step:253/3242 train_loss:4.0873 train_time:152317ms step_avg:626.82ms
step:254/3242 train_loss:3.8638 train_time:152954ms step_avg:626.86ms
step:255/3242 train_loss:4.0444 train_time:153580ms step_avg:626.86ms
step:256/3242 train_loss:4.0533 train_time:154207ms step_avg:626.86ms
step:257/3242 train_loss:4.1610 train_time:154822ms step_avg:626.81ms
step:258/3242 train_loss:4.0119 train_time:155466ms step_avg:626.88ms
step:259/3242 train_loss:3.9686 train_time:156099ms step_avg:626.90ms
step:260/3242 train_loss:4.1111 train_time:156701ms step_avg:626.81ms
step:261/3242 train_loss:4.1283 train_time:157337ms step_avg:626.84ms
step:262/3242 train_loss:4.1472 train_time:157965ms step_avg:626.84ms
step:263/3242 train_loss:4.0507 train_time:158585ms step_avg:626.82ms
step:264/3242 train_loss:4.0595 train_time:159214ms step_avg:626.83ms
step:265/3242 train_loss:4.0735 train_time:159847ms step_avg:626.85ms
step:266/3242 train_loss:3.8477 train_time:160474ms step_avg:626.85ms
step:267/3242 train_loss:4.0204 train_time:161098ms step_avg:626.84ms
step:268/3242 train_loss:3.8406 train_time:161725ms step_avg:626.84ms
step:269/3242 train_loss:4.0083 train_time:162362ms step_avg:626.88ms
step:270/3242 train_loss:3.9267 train_time:162983ms step_avg:626.86ms
step:271/3242 train_loss:4.1482 train_time:163611ms step_avg:626.86ms
step:272/3242 train_loss:4.0739 train_time:164246ms step_avg:626.89ms
step:273/3242 train_loss:3.9791 train_time:164890ms step_avg:626.96ms
step:274/3242 train_loss:4.0610 train_time:165519ms step_avg:626.97ms
step:275/3242 train_loss:4.1144 train_time:166131ms step_avg:626.91ms
step:276/3242 train_loss:4.1069 train_time:166753ms step_avg:626.89ms
step:277/3242 train_loss:4.0117 train_time:167387ms step_avg:626.92ms
step:278/3242 train_loss:3.8907 train_time:168015ms step_avg:626.92ms
step:279/3242 train_loss:4.1763 train_time:168643ms step_avg:626.93ms
step:280/3242 train_loss:4.0160 train_time:169276ms step_avg:626.95ms
step:281/3242 train_loss:4.4468 train_time:169901ms step_avg:626.94ms
step:282/3242 train_loss:4.0475 train_time:170533ms step_avg:626.96ms
step:283/3242 train_loss:3.8716 train_time:171160ms step_avg:626.96ms
step:284/3242 train_loss:4.0256 train_time:171784ms step_avg:626.95ms
step:285/3242 train_loss:4.0394 train_time:172418ms step_avg:626.98ms
step:286/3242 train_loss:4.1027 train_time:173037ms step_avg:626.95ms
step:287/3242 train_loss:4.2433 train_time:173666ms step_avg:626.95ms
step:288/3242 train_loss:3.9812 train_time:174300ms step_avg:626.98ms
step:289/3242 train_loss:4.1259 train_time:174929ms step_avg:626.98ms
step:290/3242 train_loss:3.9771 train_time:175557ms step_avg:626.99ms
step:291/3242 train_loss:4.0232 train_time:176183ms step_avg:626.98ms
step:292/3242 train_loss:4.0223 train_time:176811ms step_avg:626.99ms
step:293/3242 train_loss:4.0398 train_time:177439ms step_avg:626.99ms
step:294/3242 train_loss:3.9999 train_time:178072ms step_avg:627.01ms
step:295/3242 train_loss:4.0686 train_time:178699ms step_avg:627.01ms
step:296/3242 train_loss:3.9040 train_time:179330ms step_avg:627.03ms
step:297/3242 train_loss:3.9563 train_time:179957ms step_avg:627.03ms
step:298/3242 train_loss:3.9079 train_time:180585ms step_avg:627.03ms
step:299/3242 train_loss:4.0528 train_time:181212ms step_avg:627.03ms
step:300/3242 train_loss:3.9918 train_time:181843ms step_avg:627.04ms
step:301/3242 train_loss:4.1123 train_time:182473ms step_avg:627.05ms
step:302/3242 train_loss:3.9981 train_time:183099ms step_avg:627.05ms
step:303/3242 train_loss:3.9933 train_time:183724ms step_avg:627.05ms
step:304/3242 train_loss:3.9296 train_time:184356ms step_avg:627.06ms
step:305/3242 train_loss:4.0540 train_time:184982ms step_avg:627.06ms
step:306/3242 train_loss:5.0026 train_time:185610ms step_avg:627.06ms
step:307/3242 train_loss:3.9373 train_time:186238ms step_avg:627.06ms
step:308/3242 train_loss:3.9454 train_time:186868ms step_avg:627.07ms
step:309/3242 train_loss:4.0829 train_time:187490ms step_avg:627.06ms
step:310/3242 train_loss:3.9135 train_time:188114ms step_avg:627.05ms
step:311/3242 train_loss:4.1099 train_time:188750ms step_avg:627.08ms
step:312/3242 train_loss:3.8536 train_time:189376ms step_avg:627.07ms
step:313/3242 train_loss:3.8866 train_time:190004ms step_avg:627.07ms
step:314/3242 train_loss:4.0915 train_time:190632ms step_avg:627.08ms
step:315/3242 train_loss:4.2329 train_time:191256ms step_avg:627.07ms
step:316/3242 train_loss:4.0125 train_time:191883ms step_avg:627.07ms
step:317/3242 train_loss:3.9392 train_time:192508ms step_avg:627.06ms
step:318/3242 train_loss:3.9544 train_time:193137ms step_avg:627.07ms
step:319/3242 train_loss:3.9969 train_time:193766ms step_avg:627.07ms
step:320/3242 train_loss:4.0194 train_time:194395ms step_avg:627.08ms
step:321/3242 train_loss:4.2550 train_time:195030ms step_avg:627.11ms
step:322/3242 train_loss:4.0475 train_time:195657ms step_avg:627.11ms
step:323/3242 train_loss:4.0690 train_time:196288ms step_avg:627.12ms
step:324/3242 train_loss:4.2134 train_time:196916ms step_avg:627.12ms
step:325/3242 train_loss:4.0585 train_time:197543ms step_avg:627.12ms
step:326/3242 train_loss:4.0509 train_time:198171ms step_avg:627.12ms
step:327/3242 train_loss:3.9525 train_time:198800ms step_avg:627.13ms
step:328/3242 train_loss:4.9547 train_time:199428ms step_avg:627.13ms
step:329/3242 train_loss:4.1665 train_time:200056ms step_avg:627.13ms
step:330/3242 train_loss:3.9300 train_time:200688ms step_avg:627.15ms
step:331/3242 train_loss:3.8878 train_time:201316ms step_avg:627.15ms
step:332/3242 train_loss:3.8438 train_time:201936ms step_avg:627.13ms
step:333/3242 train_loss:4.0139 train_time:202563ms step_avg:627.13ms
step:334/3242 train_loss:3.9378 train_time:203188ms step_avg:627.12ms
step:335/3242 train_loss:3.9362 train_time:203815ms step_avg:627.12ms
step:336/3242 train_loss:4.0978 train_time:204443ms step_avg:627.12ms
step:337/3242 train_loss:4.2406 train_time:205067ms step_avg:627.12ms
step:338/3242 train_loss:4.8156 train_time:205711ms step_avg:627.17ms
step:339/3242 train_loss:4.0141 train_time:206336ms step_avg:627.16ms
step:340/3242 train_loss:3.8774 train_time:206967ms step_avg:627.17ms
step:341/3242 train_loss:4.0303 train_time:207592ms step_avg:627.17ms
step:342/3242 train_loss:4.0402 train_time:208219ms step_avg:627.17ms
step:343/3242 train_loss:3.9263 train_time:208843ms step_avg:627.16ms
step:344/3242 train_loss:3.7882 train_time:209482ms step_avg:627.19ms
step:345/3242 train_loss:3.9421 train_time:210103ms step_avg:627.17ms
step:346/3242 train_loss:3.8384 train_time:210732ms step_avg:627.18ms
step:347/3242 train_loss:3.8032 train_time:211361ms step_avg:627.18ms
step:348/3242 train_loss:3.9535 train_time:211989ms step_avg:627.19ms
step:349/3242 train_loss:3.9351 train_time:212617ms step_avg:627.19ms
step:350/3242 train_loss:3.8783 train_time:213245ms step_avg:627.19ms
step:351/3242 train_loss:3.4518 train_time:213871ms step_avg:627.19ms
step:352/3242 train_loss:3.8340 train_time:214498ms step_avg:627.19ms
step:353/3242 train_loss:4.2710 train_time:215122ms step_avg:627.18ms
step:354/3242 train_loss:3.8649 train_time:215753ms step_avg:627.19ms
step:355/3242 train_loss:3.8981 train_time:216383ms step_avg:627.20ms
step:356/3242 train_loss:3.9583 train_time:217016ms step_avg:627.21ms
step:357/3242 train_loss:4.0027 train_time:217638ms step_avg:627.20ms
step:358/3242 train_loss:3.8879 train_time:218262ms step_avg:627.19ms
step:359/3242 train_loss:3.6903 train_time:218891ms step_avg:627.19ms
step:360/3242 train_loss:4.2030 train_time:219519ms step_avg:627.20ms
step:361/3242 train_loss:3.4231 train_time:220156ms step_avg:627.22ms
step:362/3242 train_loss:3.9348 train_time:220779ms step_avg:627.21ms
step:363/3242 train_loss:4.0180 train_time:221410ms step_avg:627.22ms
step:364/3242 train_loss:3.8350 train_time:222041ms step_avg:627.23ms
step:365/3242 train_loss:3.8216 train_time:222670ms step_avg:627.24ms
step:366/3242 train_loss:3.9566 train_time:223302ms step_avg:627.25ms
step:367/3242 train_loss:3.9750 train_time:223929ms step_avg:627.25ms
step:368/3242 train_loss:4.0134 train_time:224556ms step_avg:627.25ms
step:369/3242 train_loss:3.8977 train_time:225182ms step_avg:627.25ms
step:370/3242 train_loss:3.7665 train_time:225810ms step_avg:627.25ms
step:371/3242 train_loss:4.0186 train_time:226440ms step_avg:627.26ms
step:372/3242 train_loss:3.8167 train_time:227070ms step_avg:627.27ms
step:373/3242 train_loss:3.7842 train_time:227703ms step_avg:627.28ms
step:374/3242 train_loss:4.0188 train_time:228326ms step_avg:627.27ms
step:375/3242 train_loss:3.9387 train_time:228956ms step_avg:627.28ms
step:375/3242 val_loss:3.9134 train_time:229332ms step_avg:628.31ms
step:376/3242 train_loss:3.8918 train_time:229591ms step_avg:627.30ms
step:377/3242 train_loss:3.8714 train_time:230215ms step_avg:627.29ms
step:378/3242 train_loss:3.8673 train_time:230849ms step_avg:627.31ms
step:379/3242 train_loss:4.0033 train_time:231473ms step_avg:627.30ms
step:380/3242 train_loss:4.0097 train_time:232421ms step_avg:628.16ms
step:381/3242 train_loss:4.0378 train_time:233048ms step_avg:628.16ms
step:382/3242 train_loss:3.9645 train_time:233676ms step_avg:628.16ms
step:383/3242 train_loss:3.8453 train_time:234300ms step_avg:628.15ms
step:384/3242 train_loss:3.8516 train_time:234934ms step_avg:628.16ms
step:385/3242 train_loss:3.8646 train_time:235562ms step_avg:628.17ms
step:386/3242 train_loss:3.8301 train_time:236191ms step_avg:628.17ms
step:387/3242 train_loss:4.0168 train_time:236818ms step_avg:628.16ms
step:388/3242 train_loss:4.2471 train_time:237447ms step_avg:628.17ms
step:389/3242 train_loss:3.9843 train_time:238075ms step_avg:628.17ms
step:390/3242 train_loss:3.8298 train_time:238716ms step_avg:628.20ms
step:391/3242 train_loss:3.9134 train_time:239333ms step_avg:628.17ms
step:392/3242 train_loss:3.9116 train_time:239964ms step_avg:628.18ms
step:393/3242 train_loss:4.0763 train_time:240599ms step_avg:628.20ms
step:394/3242 train_loss:3.8732 train_time:241226ms step_avg:628.19ms
step:395/3242 train_loss:3.8378 train_time:241846ms step_avg:628.17ms
step:396/3242 train_loss:3.6656 train_time:242473ms step_avg:628.17ms
step:397/3242 train_loss:4.0032 train_time:243100ms step_avg:628.16ms
step:398/3242 train_loss:3.9931 train_time:243723ms step_avg:628.15ms
step:399/3242 train_loss:4.0172 train_time:244349ms step_avg:628.15ms
step:400/3242 train_loss:3.8913 train_time:244981ms step_avg:628.16ms
step:401/3242 train_loss:4.0133 train_time:245609ms step_avg:628.16ms
step:402/3242 train_loss:3.9114 train_time:246237ms step_avg:628.15ms
step:403/3242 train_loss:4.0396 train_time:246866ms step_avg:628.16ms
step:404/3242 train_loss:4.0877 train_time:247492ms step_avg:628.15ms
step:405/3242 train_loss:3.9198 train_time:248119ms step_avg:628.15ms
step:406/3242 train_loss:3.8965 train_time:248747ms step_avg:628.15ms
step:407/3242 train_loss:4.1138 train_time:249383ms step_avg:628.17ms
step:408/3242 train_loss:3.9085 train_time:250013ms step_avg:628.17ms
step:409/3242 train_loss:3.8712 train_time:250639ms step_avg:628.17ms
step:410/3242 train_loss:4.0053 train_time:251261ms step_avg:628.15ms
step:411/3242 train_loss:3.8655 train_time:251906ms step_avg:628.19ms
step:412/3242 train_loss:3.8331 train_time:252514ms step_avg:628.14ms
step:413/3242 train_loss:4.3992 train_time:253141ms step_avg:628.14ms
step:414/3242 train_loss:3.8581 train_time:253776ms step_avg:628.16ms
step:415/3242 train_loss:4.0161 train_time:254400ms step_avg:628.15ms
step:416/3242 train_loss:3.8236 train_time:255027ms step_avg:628.15ms
step:417/3242 train_loss:3.8762 train_time:255654ms step_avg:628.14ms
step:418/3242 train_loss:4.0611 train_time:256282ms step_avg:628.14ms
step:419/3242 train_loss:3.7760 train_time:256914ms step_avg:628.15ms
step:420/3242 train_loss:3.8415 train_time:257540ms step_avg:628.15ms
step:421/3242 train_loss:3.6768 train_time:258167ms step_avg:628.14ms
step:422/3242 train_loss:3.6709 train_time:258796ms step_avg:628.15ms
step:423/3242 train_loss:3.8973 train_time:259432ms step_avg:628.17ms
step:424/3242 train_loss:3.8373 train_time:260054ms step_avg:628.15ms
step:425/3242 train_loss:3.7986 train_time:260680ms step_avg:628.14ms
step:426/3242 train_loss:3.7779 train_time:261309ms step_avg:628.15ms
step:427/3242 train_loss:3.7781 train_time:261945ms step_avg:628.16ms
step:428/3242 train_loss:3.7933 train_time:262575ms step_avg:628.17ms
step:429/3242 train_loss:3.8455 train_time:263202ms step_avg:628.17ms
step:430/3242 train_loss:3.8652 train_time:263831ms step_avg:628.17ms
step:431/3242 train_loss:3.8893 train_time:264458ms step_avg:628.17ms
step:432/3242 train_loss:3.7326 train_time:265091ms step_avg:628.18ms
step:433/3242 train_loss:3.8824 train_time:265714ms step_avg:628.17ms
step:434/3242 train_loss:3.9700 train_time:266346ms step_avg:628.18ms
step:435/3242 train_loss:3.8609 train_time:266969ms step_avg:628.16ms
step:436/3242 train_loss:3.9019 train_time:267595ms step_avg:628.16ms
step:437/3242 train_loss:3.6329 train_time:268228ms step_avg:628.17ms
step:438/3242 train_loss:3.7468 train_time:268855ms step_avg:628.17ms
step:439/3242 train_loss:3.8222 train_time:269486ms step_avg:628.17ms
step:440/3242 train_loss:3.7685 train_time:270113ms step_avg:628.17ms
step:441/3242 train_loss:4.1335 train_time:270740ms step_avg:628.17ms
step:442/3242 train_loss:3.7348 train_time:271361ms step_avg:628.15ms
step:443/3242 train_loss:3.8359 train_time:271991ms step_avg:628.16ms
step:444/3242 train_loss:3.7483 train_time:272621ms step_avg:628.16ms
step:445/3242 train_loss:3.8048 train_time:273248ms step_avg:628.16ms
step:446/3242 train_loss:3.8544 train_time:273877ms step_avg:628.16ms
step:447/3242 train_loss:3.8650 train_time:274501ms step_avg:628.15ms
step:448/3242 train_loss:3.9261 train_time:275128ms step_avg:628.15ms
step:449/3242 train_loss:3.9550 train_time:275756ms step_avg:628.15ms
step:450/3242 train_loss:3.8520 train_time:276386ms step_avg:628.15ms
step:451/3242 train_loss:3.8450 train_time:277019ms step_avg:628.16ms
step:452/3242 train_loss:3.7832 train_time:277645ms step_avg:628.16ms
step:453/3242 train_loss:3.7080 train_time:278274ms step_avg:628.16ms
step:454/3242 train_loss:3.7127 train_time:278907ms step_avg:628.17ms
step:455/3242 train_loss:3.7075 train_time:279534ms step_avg:628.17ms
step:456/3242 train_loss:3.9772 train_time:280160ms step_avg:628.16ms
step:457/3242 train_loss:3.8266 train_time:280790ms step_avg:628.17ms
step:458/3242 train_loss:3.8466 train_time:281423ms step_avg:628.18ms
step:459/3242 train_loss:4.0138 train_time:282048ms step_avg:628.17ms
step:460/3242 train_loss:3.6552 train_time:282686ms step_avg:628.19ms
step:461/3242 train_loss:3.9332 train_time:283312ms step_avg:628.19ms
step:462/3242 train_loss:3.8376 train_time:283935ms step_avg:628.17ms
step:463/3242 train_loss:3.8913 train_time:284564ms step_avg:628.18ms
step:464/3242 train_loss:3.9066 train_time:285193ms step_avg:628.18ms
step:465/3242 train_loss:3.7784 train_time:285819ms step_avg:628.17ms
step:466/3242 train_loss:3.8122 train_time:286448ms step_avg:628.18ms
step:467/3242 train_loss:3.9736 train_time:287073ms step_avg:628.17ms
step:468/3242 train_loss:4.1335 train_time:287704ms step_avg:628.17ms
step:469/3242 train_loss:3.7642 train_time:288333ms step_avg:628.18ms
step:470/3242 train_loss:3.7594 train_time:288962ms step_avg:628.18ms
step:471/3242 train_loss:3.8614 train_time:289601ms step_avg:628.20ms
step:472/3242 train_loss:3.8105 train_time:290221ms step_avg:628.18ms
step:473/3242 train_loss:3.9236 train_time:290850ms step_avg:628.19ms
step:474/3242 train_loss:3.7807 train_time:291484ms step_avg:628.20ms
step:475/3242 train_loss:3.6620 train_time:292105ms step_avg:628.18ms
step:476/3242 train_loss:3.9457 train_time:292728ms step_avg:628.17ms
step:477/3242 train_loss:3.7790 train_time:293357ms step_avg:628.17ms
step:478/3242 train_loss:3.8757 train_time:293985ms step_avg:628.17ms
step:479/3242 train_loss:4.0051 train_time:294615ms step_avg:628.18ms
step:480/3242 train_loss:3.8572 train_time:295261ms step_avg:628.22ms
step:481/3242 train_loss:3.8063 train_time:295881ms step_avg:628.20ms
step:482/3242 train_loss:3.8809 train_time:296514ms step_avg:628.21ms
step:483/3242 train_loss:3.6484 train_time:297134ms step_avg:628.19ms
step:484/3242 train_loss:3.8499 train_time:297762ms step_avg:628.19ms
step:485/3242 train_loss:3.8043 train_time:298388ms step_avg:628.19ms
step:486/3242 train_loss:3.7969 train_time:299018ms step_avg:628.19ms
step:487/3242 train_loss:3.7228 train_time:299649ms step_avg:628.20ms
step:488/3242 train_loss:3.7827 train_time:300276ms step_avg:628.19ms
step:489/3242 train_loss:3.9016 train_time:300905ms step_avg:628.19ms
step:490/3242 train_loss:3.9110 train_time:301532ms step_avg:628.19ms
step:491/3242 train_loss:3.8045 train_time:302155ms step_avg:628.18ms
step:492/3242 train_loss:3.6924 train_time:302784ms step_avg:628.18ms
step:493/3242 train_loss:4.0835 train_time:303412ms step_avg:628.18ms
step:494/3242 train_loss:3.6445 train_time:304046ms step_avg:628.19ms
step:495/3242 train_loss:3.8576 train_time:304674ms step_avg:628.19ms
step:496/3242 train_loss:3.9037 train_time:305302ms step_avg:628.19ms
step:497/3242 train_loss:3.6714 train_time:305934ms step_avg:628.20ms
step:498/3242 train_loss:3.8006 train_time:306570ms step_avg:628.22ms
step:499/3242 train_loss:3.8847 train_time:307191ms step_avg:628.20ms
step:500/3242 train_loss:3.9254 train_time:307816ms step_avg:628.20ms
step:500/3242 val_loss:3.8141 train_time:308196ms step_avg:628.97ms
step:501/3242 train_loss:4.0131 train_time:308445ms step_avg:628.20ms
step:502/3242 train_loss:3.7533 train_time:309070ms step_avg:628.19ms
step:503/3242 train_loss:3.9311 train_time:309694ms step_avg:628.18ms
step:504/3242 train_loss:3.7768 train_time:310322ms step_avg:628.18ms
step:505/3242 train_loss:3.8551 train_time:310950ms step_avg:628.18ms
step:506/3242 train_loss:3.8150 train_time:311584ms step_avg:628.19ms
step:507/3242 train_loss:3.6804 train_time:312213ms step_avg:628.20ms
step:508/3242 train_loss:3.9794 train_time:312844ms step_avg:628.20ms
step:509/3242 train_loss:4.1849 train_time:313471ms step_avg:628.20ms
step:510/3242 train_loss:3.8001 train_time:314094ms step_avg:628.19ms
step:511/3242 train_loss:3.8185 train_time:314729ms step_avg:628.20ms
step:512/3242 train_loss:3.7612 train_time:315354ms step_avg:628.20ms
step:513/3242 train_loss:3.8939 train_time:315982ms step_avg:628.19ms
step:514/3242 train_loss:3.8620 train_time:316611ms step_avg:628.20ms
step:515/3242 train_loss:3.8807 train_time:317240ms step_avg:628.20ms
step:516/3242 train_loss:3.8116 train_time:317868ms step_avg:628.20ms
step:517/3242 train_loss:3.9732 train_time:318496ms step_avg:628.20ms
step:518/3242 train_loss:3.6854 train_time:319132ms step_avg:628.21ms
step:519/3242 train_loss:3.9528 train_time:319753ms step_avg:628.20ms
step:520/3242 train_loss:3.8962 train_time:320377ms step_avg:628.19ms
step:521/3242 train_loss:3.8212 train_time:321004ms step_avg:628.19ms
step:522/3242 train_loss:3.7079 train_time:321632ms step_avg:628.19ms
step:523/3242 train_loss:3.7287 train_time:322270ms step_avg:628.21ms
step:524/3242 train_loss:5.1638 train_time:322896ms step_avg:628.20ms
step:525/3242 train_loss:3.7464 train_time:323527ms step_avg:628.21ms
step:526/3242 train_loss:3.8542 train_time:324154ms step_avg:628.21ms
step:527/3242 train_loss:3.7365 train_time:324781ms step_avg:628.20ms
step:528/3242 train_loss:3.6261 train_time:325407ms step_avg:628.20ms
step:529/3242 train_loss:3.7377 train_time:326033ms step_avg:628.19ms
step:530/3242 train_loss:3.9835 train_time:326660ms step_avg:628.19ms
step:531/3242 train_loss:3.7347 train_time:327298ms step_avg:628.21ms
step:532/3242 train_loss:3.9504 train_time:327925ms step_avg:628.21ms
step:533/3242 train_loss:3.8684 train_time:328557ms step_avg:628.22ms
step:534/3242 train_loss:3.7669 train_time:329182ms step_avg:628.21ms
step:535/3242 train_loss:3.7154 train_time:329808ms step_avg:628.21ms
step:536/3242 train_loss:3.6792 train_time:330442ms step_avg:628.22ms
step:537/3242 train_loss:3.8312 train_time:331071ms step_avg:628.22ms
step:538/3242 train_loss:3.8285 train_time:331699ms step_avg:628.22ms
step:539/3242 train_loss:3.7459 train_time:332322ms step_avg:628.21ms
step:540/3242 train_loss:4.3960 train_time:332950ms step_avg:628.21ms
step:541/3242 train_loss:3.8009 train_time:333581ms step_avg:628.21ms
step:542/3242 train_loss:3.9378 train_time:334209ms step_avg:628.21ms
step:543/3242 train_loss:3.7042 train_time:334836ms step_avg:628.21ms
step:544/3242 train_loss:3.7600 train_time:335463ms step_avg:628.21ms
step:545/3242 train_loss:3.7726 train_time:336085ms step_avg:628.20ms
step:546/3242 train_loss:3.6800 train_time:336721ms step_avg:628.21ms
step:547/3242 train_loss:3.7510 train_time:337357ms step_avg:628.23ms
step:548/3242 train_loss:3.7207 train_time:337977ms step_avg:628.21ms
step:549/3242 train_loss:3.8314 train_time:338608ms step_avg:628.21ms
step:550/3242 train_loss:3.7721 train_time:339235ms step_avg:628.21ms
step:551/3242 train_loss:3.8037 train_time:339878ms step_avg:628.24ms
step:552/3242 train_loss:3.7692 train_time:340497ms step_avg:628.22ms
step:553/3242 train_loss:3.6849 train_time:341117ms step_avg:628.21ms
step:554/3242 train_loss:4.0531 train_time:341747ms step_avg:628.21ms
step:555/3242 train_loss:3.8086 train_time:342376ms step_avg:628.21ms
step:556/3242 train_loss:3.7814 train_time:343004ms step_avg:628.21ms
step:557/3242 train_loss:3.8148 train_time:343633ms step_avg:628.21ms
step:558/3242 train_loss:3.3351 train_time:344263ms step_avg:628.22ms
step:559/3242 train_loss:3.7490 train_time:344893ms step_avg:628.22ms
step:560/3242 train_loss:3.7326 train_time:345515ms step_avg:628.21ms
step:561/3242 train_loss:3.9266 train_time:346153ms step_avg:628.23ms
step:562/3242 train_loss:3.7300 train_time:346788ms step_avg:628.24ms
step:563/3242 train_loss:3.5960 train_time:347408ms step_avg:628.22ms
step:564/3242 train_loss:3.8950 train_time:348038ms step_avg:628.23ms
step:565/3242 train_loss:3.5924 train_time:348661ms step_avg:628.22ms
step:566/3242 train_loss:3.7917 train_time:349289ms step_avg:628.22ms
step:567/3242 train_loss:3.6824 train_time:349917ms step_avg:628.22ms
step:568/3242 train_loss:3.7268 train_time:350543ms step_avg:628.21ms
step:569/3242 train_loss:3.6712 train_time:351184ms step_avg:628.24ms
step:570/3242 train_loss:3.7077 train_time:351971ms step_avg:628.52ms
step:571/3242 train_loss:3.7680 train_time:352592ms step_avg:628.51ms
step:572/3242 train_loss:3.8631 train_time:353219ms step_avg:628.50ms
step:573/3242 train_loss:3.7277 train_time:353851ms step_avg:628.51ms
step:574/3242 train_loss:3.7677 train_time:354482ms step_avg:628.51ms
step:575/3242 train_loss:3.9762 train_time:355122ms step_avg:628.53ms
step:576/3242 train_loss:3.7912 train_time:355741ms step_avg:628.52ms
step:577/3242 train_loss:3.8895 train_time:356375ms step_avg:628.53ms
step:578/3242 train_loss:3.7821 train_time:356993ms step_avg:628.51ms
step:579/3242 train_loss:3.6957 train_time:357616ms step_avg:628.50ms
step:580/3242 train_loss:3.9056 train_time:358246ms step_avg:628.50ms
step:581/3242 train_loss:3.7641 train_time:358873ms step_avg:628.50ms
step:582/3242 train_loss:3.8168 train_time:359500ms step_avg:628.50ms
step:583/3242 train_loss:3.8484 train_time:360123ms step_avg:628.49ms
step:584/3242 train_loss:3.7573 train_time:360760ms step_avg:628.50ms
step:585/3242 train_loss:3.7221 train_time:361386ms step_avg:628.50ms
step:586/3242 train_loss:3.9655 train_time:362021ms step_avg:628.51ms
step:587/3242 train_loss:3.6803 train_time:362644ms step_avg:628.50ms
step:588/3242 train_loss:3.8167 train_time:363272ms step_avg:628.50ms
step:589/3242 train_loss:3.7827 train_time:363901ms step_avg:628.50ms
step:590/3242 train_loss:4.0777 train_time:364529ms step_avg:628.50ms
step:591/3242 train_loss:3.8530 train_time:365156ms step_avg:628.50ms
step:592/3242 train_loss:3.5115 train_time:365785ms step_avg:628.50ms
step:593/3242 train_loss:3.7221 train_time:366427ms step_avg:628.52ms
step:594/3242 train_loss:3.8002 train_time:367046ms step_avg:628.50ms
step:595/3242 train_loss:3.5727 train_time:367668ms step_avg:628.49ms
step:596/3242 train_loss:4.0951 train_time:368295ms step_avg:628.49ms
step:597/3242 train_loss:3.9131 train_time:368931ms step_avg:628.50ms
step:598/3242 train_loss:3.6522 train_time:369559ms step_avg:628.50ms
step:599/3242 train_loss:3.8109 train_time:370186ms step_avg:628.50ms
step:600/3242 train_loss:3.6537 train_time:370817ms step_avg:628.50ms
step:601/3242 train_loss:3.6470 train_time:371441ms step_avg:628.50ms
step:602/3242 train_loss:3.8421 train_time:372074ms step_avg:628.50ms
step:603/3242 train_loss:3.7653 train_time:372704ms step_avg:628.51ms
step:604/3242 train_loss:3.9382 train_time:373330ms step_avg:628.50ms
step:605/3242 train_loss:3.7103 train_time:373961ms step_avg:628.51ms
step:606/3242 train_loss:3.7783 train_time:374581ms step_avg:628.49ms
step:607/3242 train_loss:3.8008 train_time:375215ms step_avg:628.50ms
step:608/3242 train_loss:4.1042 train_time:375842ms step_avg:628.50ms
step:609/3242 train_loss:3.8409 train_time:376470ms step_avg:628.50ms
step:610/3242 train_loss:3.6714 train_time:377098ms step_avg:628.50ms
step:611/3242 train_loss:3.9572 train_time:377722ms step_avg:628.49ms
step:612/3242 train_loss:3.6473 train_time:378349ms step_avg:628.49ms
step:613/3242 train_loss:3.7879 train_time:378978ms step_avg:628.49ms
step:614/3242 train_loss:3.8437 train_time:379604ms step_avg:628.48ms
step:615/3242 train_loss:3.7772 train_time:380235ms step_avg:628.49ms
step:616/3242 train_loss:3.8710 train_time:380865ms step_avg:628.49ms
step:617/3242 train_loss:3.7703 train_time:381492ms step_avg:628.49ms
step:618/3242 train_loss:3.6046 train_time:382117ms step_avg:628.48ms
step:619/3242 train_loss:3.8015 train_time:382745ms step_avg:628.48ms
step:620/3242 train_loss:3.7645 train_time:383374ms step_avg:628.48ms
step:621/3242 train_loss:3.5932 train_time:384004ms step_avg:628.48ms
step:622/3242 train_loss:4.1864 train_time:384631ms step_avg:628.48ms
step:623/3242 train_loss:3.5997 train_time:385253ms step_avg:628.47ms
step:624/3242 train_loss:3.7716 train_time:385876ms step_avg:628.46ms
step:625/3242 train_loss:3.8592 train_time:386513ms step_avg:628.48ms
step:625/3242 val_loss:3.7408 train_time:386891ms step_avg:629.09ms
step:626/3242 train_loss:3.8420 train_time:387145ms step_avg:628.48ms
step:627/3242 train_loss:3.9176 train_time:387776ms step_avg:628.49ms
step:628/3242 train_loss:3.7182 train_time:388397ms step_avg:628.47ms
step:629/3242 train_loss:3.8098 train_time:389033ms step_avg:628.49ms
step:630/3242 train_loss:3.6498 train_time:389656ms step_avg:628.48ms
step:631/3242 train_loss:3.7962 train_time:390285ms step_avg:628.48ms
step:632/3242 train_loss:3.8212 train_time:390913ms step_avg:628.48ms
step:633/3242 train_loss:3.8538 train_time:391543ms step_avg:628.48ms
step:634/3242 train_loss:3.6952 train_time:392170ms step_avg:628.48ms
step:635/3242 train_loss:3.8149 train_time:392794ms step_avg:628.47ms
step:636/3242 train_loss:4.0059 train_time:393426ms step_avg:628.48ms
step:637/3242 train_loss:3.6520 train_time:394058ms step_avg:628.48ms
step:638/3242 train_loss:3.5584 train_time:394686ms step_avg:628.48ms
step:639/3242 train_loss:3.8664 train_time:395316ms step_avg:628.48ms
step:640/3242 train_loss:3.8920 train_time:395940ms step_avg:628.48ms
step:641/3242 train_loss:3.7171 train_time:396577ms step_avg:628.49ms
step:642/3242 train_loss:3.6210 train_time:397210ms step_avg:628.50ms
step:643/3242 train_loss:3.8421 train_time:397832ms step_avg:628.49ms
step:644/3242 train_loss:3.7540 train_time:398462ms step_avg:628.49ms
step:645/3242 train_loss:3.5806 train_time:399092ms step_avg:628.49ms
step:646/3242 train_loss:3.8348 train_time:399715ms step_avg:628.48ms
step:647/3242 train_loss:3.8482 train_time:400347ms step_avg:628.49ms
step:648/3242 train_loss:3.7208 train_time:400978ms step_avg:628.49ms
step:649/3242 train_loss:3.8409 train_time:401595ms step_avg:628.47ms
step:650/3242 train_loss:3.8797 train_time:402226ms step_avg:628.48ms
step:651/3242 train_loss:3.7178 train_time:402851ms step_avg:628.47ms
step:652/3242 train_loss:3.9671 train_time:403476ms step_avg:628.47ms
step:653/3242 train_loss:3.7308 train_time:404112ms step_avg:628.48ms
step:654/3242 train_loss:3.7403 train_time:404736ms step_avg:628.47ms
step:655/3242 train_loss:3.4072 train_time:405363ms step_avg:628.47ms
step:656/3242 train_loss:3.8103 train_time:405992ms step_avg:628.47ms
step:657/3242 train_loss:3.6751 train_time:406620ms step_avg:628.47ms
step:658/3242 train_loss:3.6211 train_time:407261ms step_avg:628.49ms
step:659/3242 train_loss:3.7676 train_time:407890ms step_avg:628.49ms
step:660/3242 train_loss:3.6963 train_time:408518ms step_avg:628.49ms
step:661/3242 train_loss:3.7889 train_time:409148ms step_avg:628.49ms
step:662/3242 train_loss:3.7429 train_time:409781ms step_avg:628.50ms
step:663/3242 train_loss:3.6969 train_time:410397ms step_avg:628.48ms
step:664/3242 train_loss:3.6583 train_time:411025ms step_avg:628.48ms
step:665/3242 train_loss:3.8112 train_time:411651ms step_avg:628.47ms
step:666/3242 train_loss:3.4100 train_time:412276ms step_avg:628.47ms
step:667/3242 train_loss:3.9641 train_time:412903ms step_avg:628.47ms
step:668/3242 train_loss:3.7532 train_time:413531ms step_avg:628.47ms
step:669/3242 train_loss:3.8391 train_time:414160ms step_avg:628.47ms
step:670/3242 train_loss:3.6417 train_time:414795ms step_avg:628.48ms
step:671/3242 train_loss:3.5367 train_time:415423ms step_avg:628.48ms
step:672/3242 train_loss:3.6798 train_time:416056ms step_avg:628.48ms
step:673/3242 train_loss:3.7167 train_time:416697ms step_avg:628.50ms
step:674/3242 train_loss:4.3708 train_time:417314ms step_avg:628.49ms
step:675/3242 train_loss:3.7804 train_time:417942ms step_avg:628.48ms
step:676/3242 train_loss:3.8106 train_time:418570ms step_avg:628.48ms
step:677/3242 train_loss:3.5753 train_time:419204ms step_avg:628.49ms
step:678/3242 train_loss:3.6125 train_time:419829ms step_avg:628.49ms
step:679/3242 train_loss:3.6732 train_time:420472ms step_avg:628.51ms
step:680/3242 train_loss:3.7717 train_time:421080ms step_avg:628.48ms
step:681/3242 train_loss:3.7010 train_time:421707ms step_avg:628.48ms
step:682/3242 train_loss:3.7266 train_time:422337ms step_avg:628.48ms
step:683/3242 train_loss:3.9709 train_time:422970ms step_avg:628.48ms
step:684/3242 train_loss:3.8759 train_time:423594ms step_avg:628.48ms
step:685/3242 train_loss:3.7566 train_time:424220ms step_avg:628.47ms
step:686/3242 train_loss:3.8340 train_time:424847ms step_avg:628.47ms
step:687/3242 train_loss:3.7991 train_time:425474ms step_avg:628.47ms
step:688/3242 train_loss:3.7713 train_time:426102ms step_avg:628.47ms
step:689/3242 train_loss:3.2482 train_time:426745ms step_avg:628.49ms
step:690/3242 train_loss:3.4716 train_time:427363ms step_avg:628.47ms
step:691/3242 train_loss:3.7111 train_time:427986ms step_avg:628.47ms
step:692/3242 train_loss:3.4618 train_time:428607ms step_avg:628.46ms
step:693/3242 train_loss:3.8497 train_time:429235ms step_avg:628.46ms
step:694/3242 train_loss:3.7195 train_time:429871ms step_avg:628.47ms
step:695/3242 train_loss:3.5924 train_time:430498ms step_avg:628.46ms
step:696/3242 train_loss:3.4834 train_time:431122ms step_avg:628.46ms
step:697/3242 train_loss:4.0955 train_time:431753ms step_avg:628.46ms
step:698/3242 train_loss:3.6536 train_time:432383ms step_avg:628.46ms
step:699/3242 train_loss:3.7241 train_time:433010ms step_avg:628.46ms
step:700/3242 train_loss:3.6478 train_time:433637ms step_avg:628.46ms
step:701/3242 train_loss:3.7125 train_time:434265ms step_avg:628.46ms
step:702/3242 train_loss:3.6508 train_time:434893ms step_avg:628.46ms
step:703/3242 train_loss:3.6368 train_time:435519ms step_avg:628.46ms
step:704/3242 train_loss:3.6044 train_time:436147ms step_avg:628.45ms
step:705/3242 train_loss:3.8452 train_time:436784ms step_avg:628.47ms
step:706/3242 train_loss:3.7212 train_time:437400ms step_avg:628.45ms
step:707/3242 train_loss:3.7038 train_time:438027ms step_avg:628.45ms
step:708/3242 train_loss:3.8170 train_time:438654ms step_avg:628.44ms
step:709/3242 train_loss:3.7390 train_time:439289ms step_avg:628.45ms
step:710/3242 train_loss:3.7365 train_time:439915ms step_avg:628.45ms
step:711/3242 train_loss:3.6109 train_time:440541ms step_avg:628.45ms
step:712/3242 train_loss:3.7332 train_time:441164ms step_avg:628.44ms
step:713/3242 train_loss:3.8686 train_time:441795ms step_avg:628.44ms
step:714/3242 train_loss:3.6346 train_time:442425ms step_avg:628.44ms
step:715/3242 train_loss:3.7591 train_time:443045ms step_avg:628.43ms
step:716/3242 train_loss:3.7772 train_time:443672ms step_avg:628.43ms
step:717/3242 train_loss:3.7044 train_time:444300ms step_avg:628.43ms
step:718/3242 train_loss:3.9567 train_time:444925ms step_avg:628.43ms
step:719/3242 train_loss:3.5971 train_time:445560ms step_avg:628.43ms
step:720/3242 train_loss:3.6317 train_time:446189ms step_avg:628.43ms
step:721/3242 train_loss:4.0803 train_time:446817ms step_avg:628.43ms
step:722/3242 train_loss:3.4700 train_time:447438ms step_avg:628.42ms
step:723/3242 train_loss:3.9314 train_time:448069ms step_avg:628.43ms
step:724/3242 train_loss:3.9028 train_time:448697ms step_avg:628.43ms
step:725/3242 train_loss:3.6950 train_time:449338ms step_avg:628.45ms
step:726/3242 train_loss:3.7343 train_time:449952ms step_avg:628.42ms
step:727/3242 train_loss:3.5637 train_time:450584ms step_avg:628.43ms
step:728/3242 train_loss:3.4226 train_time:451219ms step_avg:628.44ms
step:729/3242 train_loss:3.7528 train_time:451849ms step_avg:628.44ms
step:730/3242 train_loss:3.7157 train_time:452468ms step_avg:628.43ms
step:731/3242 train_loss:3.8143 train_time:453099ms step_avg:628.43ms
step:732/3242 train_loss:3.7296 train_time:453725ms step_avg:628.43ms
step:733/3242 train_loss:3.7273 train_time:454350ms step_avg:628.42ms
step:734/3242 train_loss:4.1042 train_time:454997ms step_avg:628.45ms
step:735/3242 train_loss:3.5081 train_time:455626ms step_avg:628.45ms
step:736/3242 train_loss:3.7396 train_time:456254ms step_avg:628.45ms
step:737/3242 train_loss:3.9856 train_time:456884ms step_avg:628.45ms
step:738/3242 train_loss:3.7525 train_time:457497ms step_avg:628.43ms
step:739/3242 train_loss:3.6699 train_time:458126ms step_avg:628.43ms
step:740/3242 train_loss:3.7826 train_time:458753ms step_avg:628.43ms
step:741/3242 train_loss:4.1712 train_time:459383ms step_avg:628.43ms
step:742/3242 train_loss:3.6828 train_time:460017ms step_avg:628.44ms
step:743/3242 train_loss:3.5935 train_time:460643ms step_avg:628.44ms
step:744/3242 train_loss:3.6011 train_time:461272ms step_avg:628.44ms
step:745/3242 train_loss:3.8321 train_time:461908ms step_avg:628.45ms
step:746/3242 train_loss:3.7210 train_time:462534ms step_avg:628.44ms
step:747/3242 train_loss:3.7464 train_time:463165ms step_avg:628.45ms
step:748/3242 train_loss:3.6913 train_time:463787ms step_avg:628.44ms
step:749/3242 train_loss:3.7145 train_time:464416ms step_avg:628.44ms
step:750/3242 train_loss:3.6241 train_time:465051ms step_avg:628.45ms
step:750/3242 val_loss:3.6855 train_time:465423ms step_avg:628.95ms
step:751/3242 train_loss:3.6969 train_time:465667ms step_avg:628.43ms
step:752/3242 train_loss:3.6128 train_time:466293ms step_avg:628.43ms
step:753/3242 train_loss:3.6925 train_time:466929ms step_avg:628.44ms
step:754/3242 train_loss:3.6373 train_time:467549ms step_avg:628.43ms
step:755/3242 train_loss:3.6547 train_time:468177ms step_avg:628.43ms
step:756/3242 train_loss:3.8773 train_time:468811ms step_avg:628.43ms
step:757/3242 train_loss:3.6242 train_time:469460ms step_avg:628.46ms
step:758/3242 train_loss:3.7846 train_time:470084ms step_avg:628.45ms
step:759/3242 train_loss:3.7266 train_time:470713ms step_avg:628.46ms
step:760/3242 train_loss:3.7005 train_time:471499ms step_avg:628.67ms
step:761/3242 train_loss:3.6875 train_time:472130ms step_avg:628.67ms
step:762/3242 train_loss:3.5676 train_time:472750ms step_avg:628.66ms
step:763/3242 train_loss:3.7394 train_time:473384ms step_avg:628.66ms
step:764/3242 train_loss:3.6350 train_time:474002ms step_avg:628.65ms
step:765/3242 train_loss:3.4778 train_time:474636ms step_avg:628.66ms
step:766/3242 train_loss:3.9333 train_time:475256ms step_avg:628.65ms
step:767/3242 train_loss:3.7662 train_time:475883ms step_avg:628.64ms
step:768/3242 train_loss:3.7603 train_time:476511ms step_avg:628.64ms
step:769/3242 train_loss:3.6505 train_time:477145ms step_avg:628.65ms
step:770/3242 train_loss:3.8725 train_time:477782ms step_avg:628.66ms
step:771/3242 train_loss:3.7823 train_time:478399ms step_avg:628.64ms
step:772/3242 train_loss:4.0606 train_time:479026ms step_avg:628.64ms
step:773/3242 train_loss:3.5712 train_time:479662ms step_avg:628.65ms
step:774/3242 train_loss:3.6814 train_time:480288ms step_avg:628.65ms
step:775/3242 train_loss:3.8306 train_time:480917ms step_avg:628.65ms
step:776/3242 train_loss:3.7841 train_time:481537ms step_avg:628.64ms
step:777/3242 train_loss:3.6532 train_time:482172ms step_avg:628.65ms
step:778/3242 train_loss:3.5008 train_time:482798ms step_avg:628.64ms
step:779/3242 train_loss:3.7036 train_time:483425ms step_avg:628.64ms
step:780/3242 train_loss:3.6029 train_time:484050ms step_avg:628.64ms
step:781/3242 train_loss:3.7511 train_time:484679ms step_avg:628.64ms
step:782/3242 train_loss:3.8028 train_time:485317ms step_avg:628.65ms
step:783/3242 train_loss:3.6658 train_time:485940ms step_avg:628.64ms
step:784/3242 train_loss:3.7085 train_time:486566ms step_avg:628.64ms
step:785/3242 train_loss:3.6853 train_time:487196ms step_avg:628.64ms
step:786/3242 train_loss:3.6382 train_time:487826ms step_avg:628.64ms
step:787/3242 train_loss:3.5301 train_time:488455ms step_avg:628.64ms
step:788/3242 train_loss:4.0194 train_time:489081ms step_avg:628.64ms
step:789/3242 train_loss:3.5450 train_time:489708ms step_avg:628.64ms
step:790/3242 train_loss:3.5985 train_time:490339ms step_avg:628.64ms
step:791/3242 train_loss:3.7361 train_time:490963ms step_avg:628.63ms
step:792/3242 train_loss:3.6725 train_time:491591ms step_avg:628.63ms
step:793/3242 train_loss:3.5948 train_time:492219ms step_avg:628.63ms
step:794/3242 train_loss:3.4905 train_time:492846ms step_avg:628.63ms
step:795/3242 train_loss:3.6234 train_time:493475ms step_avg:628.63ms
step:796/3242 train_loss:3.6935 train_time:494106ms step_avg:628.63ms
step:797/3242 train_loss:3.7155 train_time:494732ms step_avg:628.63ms
step:798/3242 train_loss:3.6075 train_time:495359ms step_avg:628.63ms
step:799/3242 train_loss:3.8401 train_time:495986ms step_avg:628.63ms
step:800/3242 train_loss:3.6628 train_time:496619ms step_avg:628.63ms
step:801/3242 train_loss:3.6690 train_time:497247ms step_avg:628.63ms
step:802/3242 train_loss:3.7694 train_time:497879ms step_avg:628.63ms
step:803/3242 train_loss:3.7721 train_time:498505ms step_avg:628.63ms
step:804/3242 train_loss:3.8170 train_time:499129ms step_avg:628.63ms
step:805/3242 train_loss:3.7593 train_time:499760ms step_avg:628.63ms
step:806/3242 train_loss:3.5953 train_time:500391ms step_avg:628.63ms
step:807/3242 train_loss:3.4443 train_time:501024ms step_avg:628.64ms
step:808/3242 train_loss:3.7524 train_time:501652ms step_avg:628.64ms
step:809/3242 train_loss:3.7502 train_time:502273ms step_avg:628.63ms
step:810/3242 train_loss:3.6000 train_time:502898ms step_avg:628.62ms
step:811/3242 train_loss:3.6485 train_time:503528ms step_avg:628.62ms
step:812/3242 train_loss:3.7699 train_time:504155ms step_avg:628.62ms
step:813/3242 train_loss:3.7227 train_time:504785ms step_avg:628.62ms
step:814/3242 train_loss:3.6984 train_time:505417ms step_avg:628.63ms
step:815/3242 train_loss:3.7433 train_time:506042ms step_avg:628.62ms
step:816/3242 train_loss:3.6702 train_time:506673ms step_avg:628.63ms
step:817/3242 train_loss:3.7141 train_time:507300ms step_avg:628.62ms
step:818/3242 train_loss:4.0713 train_time:507928ms step_avg:628.62ms
step:819/3242 train_loss:3.6475 train_time:508556ms step_avg:628.62ms
step:820/3242 train_loss:3.9033 train_time:509180ms step_avg:628.62ms
step:821/3242 train_loss:3.5177 train_time:509812ms step_avg:628.62ms
step:822/3242 train_loss:3.6269 train_time:510434ms step_avg:628.61ms
step:823/3242 train_loss:3.9132 train_time:511059ms step_avg:628.61ms
step:824/3242 train_loss:3.6655 train_time:511691ms step_avg:628.61ms
step:825/3242 train_loss:3.6456 train_time:512317ms step_avg:628.61ms
step:826/3242 train_loss:3.7892 train_time:512944ms step_avg:628.61ms
step:827/3242 train_loss:3.5993 train_time:513574ms step_avg:628.61ms
step:828/3242 train_loss:4.0745 train_time:514210ms step_avg:628.62ms
step:829/3242 train_loss:3.6834 train_time:514843ms step_avg:628.62ms
step:830/3242 train_loss:3.7514 train_time:515465ms step_avg:628.62ms
step:831/3242 train_loss:3.6508 train_time:516093ms step_avg:628.61ms
step:832/3242 train_loss:3.6333 train_time:516722ms step_avg:628.62ms
step:833/3242 train_loss:3.5712 train_time:517351ms step_avg:628.62ms
step:834/3242 train_loss:3.6732 train_time:517977ms step_avg:628.61ms
step:835/3242 train_loss:3.5485 train_time:518606ms step_avg:628.61ms
step:836/3242 train_loss:3.5169 train_time:519234ms step_avg:628.61ms
step:837/3242 train_loss:3.8693 train_time:519865ms step_avg:628.62ms
step:838/3242 train_loss:3.5338 train_time:520491ms step_avg:628.61ms
step:839/3242 train_loss:3.6485 train_time:521118ms step_avg:628.61ms
step:840/3242 train_loss:3.5427 train_time:521749ms step_avg:628.61ms
step:841/3242 train_loss:3.6573 train_time:522384ms step_avg:628.62ms
step:842/3242 train_loss:3.6790 train_time:523009ms step_avg:628.62ms
step:843/3242 train_loss:3.7377 train_time:523638ms step_avg:628.62ms
step:844/3242 train_loss:3.6432 train_time:524268ms step_avg:628.62ms
step:845/3242 train_loss:3.5655 train_time:524892ms step_avg:628.61ms
step:846/3242 train_loss:3.8421 train_time:525520ms step_avg:628.61ms
step:847/3242 train_loss:3.5680 train_time:526151ms step_avg:628.62ms
step:848/3242 train_loss:3.5489 train_time:526785ms step_avg:628.62ms
step:849/3242 train_loss:3.6884 train_time:527416ms step_avg:628.62ms
step:850/3242 train_loss:3.6124 train_time:528039ms step_avg:628.62ms
step:851/3242 train_loss:3.6792 train_time:528669ms step_avg:628.62ms
step:852/3242 train_loss:3.7919 train_time:529294ms step_avg:628.62ms
step:853/3242 train_loss:3.5882 train_time:529920ms step_avg:628.61ms
step:854/3242 train_loss:3.6688 train_time:530547ms step_avg:628.61ms
step:855/3242 train_loss:3.8730 train_time:531176ms step_avg:628.61ms
step:856/3242 train_loss:3.5841 train_time:531803ms step_avg:628.61ms
step:857/3242 train_loss:3.5572 train_time:532433ms step_avg:628.61ms
step:858/3242 train_loss:3.7071 train_time:533067ms step_avg:628.62ms
step:859/3242 train_loss:3.4656 train_time:533688ms step_avg:628.61ms
step:860/3242 train_loss:3.6683 train_time:534314ms step_avg:628.61ms
step:861/3242 train_loss:3.6006 train_time:534946ms step_avg:628.61ms
step:862/3242 train_loss:3.7686 train_time:535576ms step_avg:628.61ms
step:863/3242 train_loss:3.6494 train_time:536204ms step_avg:628.61ms
step:864/3242 train_loss:3.6938 train_time:536841ms step_avg:628.62ms
step:865/3242 train_loss:3.5662 train_time:537473ms step_avg:628.62ms
step:866/3242 train_loss:3.6689 train_time:538093ms step_avg:628.61ms
step:867/3242 train_loss:4.1192 train_time:538726ms step_avg:628.62ms
step:868/3242 train_loss:3.5293 train_time:539352ms step_avg:628.62ms
step:869/3242 train_loss:3.8190 train_time:539977ms step_avg:628.61ms
step:870/3242 train_loss:3.6409 train_time:540617ms step_avg:628.62ms
step:871/3242 train_loss:3.6001 train_time:541252ms step_avg:628.63ms
step:872/3242 train_loss:3.4331 train_time:541872ms step_avg:628.62ms
step:873/3242 train_loss:3.8343 train_time:542496ms step_avg:628.62ms
step:874/3242 train_loss:3.5204 train_time:543120ms step_avg:628.61ms
step:875/3242 train_loss:3.1939 train_time:543748ms step_avg:628.61ms
step:875/3242 val_loss:3.6391 train_time:544130ms step_avg:629.05ms
step:876/3242 train_loss:3.7162 train_time:544380ms step_avg:628.61ms
step:877/3242 train_loss:3.7095 train_time:545006ms step_avg:628.61ms
step:878/3242 train_loss:3.6906 train_time:545639ms step_avg:628.62ms
step:879/3242 train_loss:3.5766 train_time:546266ms step_avg:628.61ms
step:880/3242 train_loss:3.6864 train_time:546901ms step_avg:628.62ms
step:881/3242 train_loss:3.3393 train_time:547523ms step_avg:628.61ms
step:882/3242 train_loss:3.6843 train_time:548152ms step_avg:628.61ms
step:883/3242 train_loss:4.1411 train_time:548781ms step_avg:628.62ms
step:884/3242 train_loss:3.9890 train_time:549409ms step_avg:628.61ms
step:885/3242 train_loss:3.7862 train_time:550037ms step_avg:628.61ms
step:886/3242 train_loss:3.6594 train_time:550666ms step_avg:628.61ms
step:887/3242 train_loss:3.6844 train_time:551294ms step_avg:628.61ms
step:888/3242 train_loss:4.5764 train_time:551924ms step_avg:628.61ms
step:889/3242 train_loss:3.9381 train_time:552552ms step_avg:628.61ms
step:890/3242 train_loss:3.5653 train_time:553180ms step_avg:628.61ms
step:891/3242 train_loss:3.6077 train_time:553807ms step_avg:628.61ms
step:892/3242 train_loss:3.5703 train_time:554436ms step_avg:628.61ms
step:893/3242 train_loss:3.7541 train_time:555068ms step_avg:628.62ms
step:894/3242 train_loss:3.4966 train_time:555692ms step_avg:628.61ms
step:895/3242 train_loss:3.5888 train_time:556320ms step_avg:628.61ms
step:896/3242 train_loss:3.6325 train_time:556947ms step_avg:628.61ms
step:897/3242 train_loss:3.6488 train_time:557573ms step_avg:628.61ms
step:898/3242 train_loss:3.6636 train_time:558199ms step_avg:628.60ms
step:899/3242 train_loss:3.7845 train_time:558835ms step_avg:628.61ms
step:900/3242 train_loss:3.5899 train_time:559457ms step_avg:628.60ms
step:901/3242 train_loss:3.4879 train_time:560087ms step_avg:628.60ms
step:902/3242 train_loss:3.7110 train_time:560715ms step_avg:628.60ms
step:903/3242 train_loss:3.5912 train_time:561344ms step_avg:628.60ms
step:904/3242 train_loss:3.6058 train_time:561973ms step_avg:628.61ms
step:905/3242 train_loss:3.6373 train_time:562602ms step_avg:628.61ms
step:906/3242 train_loss:3.6437 train_time:563230ms step_avg:628.60ms
step:907/3242 train_loss:3.6687 train_time:563854ms step_avg:628.60ms
step:908/3242 train_loss:3.6292 train_time:564489ms step_avg:628.61ms
step:909/3242 train_loss:3.5815 train_time:565116ms step_avg:628.61ms
step:910/3242 train_loss:3.6034 train_time:565752ms step_avg:628.61ms
step:911/3242 train_loss:3.6173 train_time:566380ms step_avg:628.61ms
step:912/3242 train_loss:3.6681 train_time:566998ms step_avg:628.60ms
step:913/3242 train_loss:3.8648 train_time:567627ms step_avg:628.60ms
step:914/3242 train_loss:3.4913 train_time:568256ms step_avg:628.60ms
step:915/3242 train_loss:3.7358 train_time:568878ms step_avg:628.59ms
step:916/3242 train_loss:3.7729 train_time:569516ms step_avg:628.61ms
step:917/3242 train_loss:3.6881 train_time:570146ms step_avg:628.61ms
step:918/3242 train_loss:3.6881 train_time:570770ms step_avg:628.60ms
step:919/3242 train_loss:4.0270 train_time:571404ms step_avg:628.61ms
step:920/3242 train_loss:3.4671 train_time:572036ms step_avg:628.61ms
step:921/3242 train_loss:3.6222 train_time:572667ms step_avg:628.61ms
step:922/3242 train_loss:3.6376 train_time:573284ms step_avg:628.60ms
step:923/3242 train_loss:3.6337 train_time:573910ms step_avg:628.60ms
step:924/3242 train_loss:3.7309 train_time:574536ms step_avg:628.59ms
step:925/3242 train_loss:3.7551 train_time:575162ms step_avg:628.59ms
step:926/3242 train_loss:3.7423 train_time:575790ms step_avg:628.59ms
step:927/3242 train_loss:3.7051 train_time:576425ms step_avg:628.60ms
step:928/3242 train_loss:3.7934 train_time:577066ms step_avg:628.61ms
step:929/3242 train_loss:3.8673 train_time:577688ms step_avg:628.60ms
step:930/3242 train_loss:3.5489 train_time:578311ms step_avg:628.60ms
step:931/3242 train_loss:3.4925 train_time:578940ms step_avg:628.60ms
step:932/3242 train_loss:3.6084 train_time:579567ms step_avg:628.60ms
step:933/3242 train_loss:3.8320 train_time:580201ms step_avg:628.60ms
step:934/3242 train_loss:3.4608 train_time:580816ms step_avg:628.59ms
step:935/3242 train_loss:3.6893 train_time:581443ms step_avg:628.59ms
step:936/3242 train_loss:3.5122 train_time:582069ms step_avg:628.58ms
step:937/3242 train_loss:3.6147 train_time:582713ms step_avg:628.60ms
step:938/3242 train_loss:3.6843 train_time:583341ms step_avg:628.60ms
step:939/3242 train_loss:3.5634 train_time:583968ms step_avg:628.60ms
step:940/3242 train_loss:3.8351 train_time:584597ms step_avg:628.60ms
step:941/3242 train_loss:3.5750 train_time:585229ms step_avg:628.60ms
step:942/3242 train_loss:3.6454 train_time:585854ms step_avg:628.60ms
step:943/3242 train_loss:3.3915 train_time:586483ms step_avg:628.60ms
step:944/3242 train_loss:3.7356 train_time:587108ms step_avg:628.60ms
step:945/3242 train_loss:3.3590 train_time:587735ms step_avg:628.59ms
step:946/3242 train_loss:3.4859 train_time:588366ms step_avg:628.60ms
step:947/3242 train_loss:4.0082 train_time:588990ms step_avg:628.59ms
step:948/3242 train_loss:3.9199 train_time:589618ms step_avg:628.59ms
step:949/3242 train_loss:3.6597 train_time:590248ms step_avg:628.59ms
step:950/3242 train_loss:3.6521 train_time:590877ms step_avg:628.59ms
step:951/3242 train_loss:3.5766 train_time:591505ms step_avg:628.59ms
step:952/3242 train_loss:3.5412 train_time:592135ms step_avg:628.59ms
step:953/3242 train_loss:3.5990 train_time:592763ms step_avg:628.59ms
step:954/3242 train_loss:3.7452 train_time:593398ms step_avg:628.60ms
step:955/3242 train_loss:3.6163 train_time:594017ms step_avg:628.59ms
step:956/3242 train_loss:3.6158 train_time:594645ms step_avg:628.59ms
step:957/3242 train_loss:3.5521 train_time:595273ms step_avg:628.59ms
step:958/3242 train_loss:3.6354 train_time:595899ms step_avg:628.59ms
step:959/3242 train_loss:3.6329 train_time:596532ms step_avg:628.59ms
step:960/3242 train_loss:3.7421 train_time:597155ms step_avg:628.58ms
step:961/3242 train_loss:3.4035 train_time:597784ms step_avg:628.58ms
step:962/3242 train_loss:3.8428 train_time:598413ms step_avg:628.58ms
step:963/3242 train_loss:3.8488 train_time:599041ms step_avg:628.58ms
step:964/3242 train_loss:3.6441 train_time:599670ms step_avg:628.58ms
step:965/3242 train_loss:3.5099 train_time:600299ms step_avg:628.58ms
step:966/3242 train_loss:3.5591 train_time:600925ms step_avg:628.58ms
step:967/3242 train_loss:3.8412 train_time:601553ms step_avg:628.58ms
step:968/3242 train_loss:3.5986 train_time:602182ms step_avg:628.58ms
step:969/3242 train_loss:3.6160 train_time:602811ms step_avg:628.58ms
step:970/3242 train_loss:3.6436 train_time:603437ms step_avg:628.58ms
step:971/3242 train_loss:3.5326 train_time:604067ms step_avg:628.58ms
step:972/3242 train_loss:3.6252 train_time:604694ms step_avg:628.58ms
step:973/3242 train_loss:3.5970 train_time:605317ms step_avg:628.57ms
step:974/3242 train_loss:3.6357 train_time:605943ms step_avg:628.57ms
step:975/3242 train_loss:3.7642 train_time:606586ms step_avg:628.59ms
step:976/3242 train_loss:3.6177 train_time:607214ms step_avg:628.59ms
step:977/3242 train_loss:3.9840 train_time:607836ms step_avg:628.58ms
step:978/3242 train_loss:3.7801 train_time:608462ms step_avg:628.58ms
step:979/3242 train_loss:3.4633 train_time:609101ms step_avg:628.59ms
step:980/3242 train_loss:4.1268 train_time:609728ms step_avg:628.59ms
step:981/3242 train_loss:3.5811 train_time:610350ms step_avg:628.58ms
step:982/3242 train_loss:3.6443 train_time:610976ms step_avg:628.58ms
step:983/3242 train_loss:3.5833 train_time:611610ms step_avg:628.58ms
step:984/3242 train_loss:3.6306 train_time:612238ms step_avg:628.58ms
step:985/3242 train_loss:3.7027 train_time:612868ms step_avg:628.58ms
step:986/3242 train_loss:3.7573 train_time:613491ms step_avg:628.58ms
step:987/3242 train_loss:3.5474 train_time:614117ms step_avg:628.57ms
step:988/3242 train_loss:3.6036 train_time:614743ms step_avg:628.57ms
step:989/3242 train_loss:3.5984 train_time:615372ms step_avg:628.57ms
step:990/3242 train_loss:3.5244 train_time:616002ms step_avg:628.57ms
step:991/3242 train_loss:3.8102 train_time:616629ms step_avg:628.57ms
step:992/3242 train_loss:3.4662 train_time:617256ms step_avg:628.57ms
step:993/3242 train_loss:3.5876 train_time:617886ms step_avg:628.57ms
step:994/3242 train_loss:3.6046 train_time:618515ms step_avg:628.57ms
step:995/3242 train_loss:3.7275 train_time:619153ms step_avg:628.58ms
step:996/3242 train_loss:3.5999 train_time:619773ms step_avg:628.57ms
step:997/3242 train_loss:3.5101 train_time:620408ms step_avg:628.58ms
step:998/3242 train_loss:3.9087 train_time:621032ms step_avg:628.57ms
step:999/3242 train_loss:3.5669 train_time:621660ms step_avg:628.57ms
step:1000/3242 train_loss:3.7994 train_time:622288ms step_avg:628.57ms
step:1000/3242 val_loss:3.5999 train_time:622668ms step_avg:628.96ms
step:1001/3242 train_loss:3.5011 train_time:622925ms step_avg:628.58ms
step:1002/3242 train_loss:3.5164 train_time:623553ms step_avg:628.58ms
step:1003/3242 train_loss:3.5402 train_time:624190ms step_avg:628.59ms
step:1004/3242 train_loss:3.8971 train_time:624816ms step_avg:628.59ms
step:1005/3242 train_loss:3.7251 train_time:625445ms step_avg:628.59ms
step:1006/3242 train_loss:3.5114 train_time:626072ms step_avg:628.59ms
step:1007/3242 train_loss:3.5480 train_time:626698ms step_avg:628.58ms
step:1008/3242 train_loss:3.5067 train_time:627317ms step_avg:628.57ms
step:1009/3242 train_loss:3.7244 train_time:627942ms step_avg:628.57ms
step:1010/3242 train_loss:3.8133 train_time:628577ms step_avg:628.58ms
step:1011/3242 train_loss:3.7322 train_time:629208ms step_avg:628.58ms
step:1012/3242 train_loss:3.6682 train_time:629828ms step_avg:628.57ms
step:1013/3242 train_loss:3.5113 train_time:630461ms step_avg:628.58ms
step:1014/3242 train_loss:3.7339 train_time:631081ms step_avg:628.57ms
step:1015/3242 train_loss:3.6970 train_time:631719ms step_avg:628.58ms
step:1016/3242 train_loss:3.3884 train_time:632349ms step_avg:628.58ms
step:1017/3242 train_loss:3.5761 train_time:632977ms step_avg:628.58ms
step:1018/3242 train_loss:3.4870 train_time:633603ms step_avg:628.57ms
step:1019/3242 train_loss:3.5346 train_time:634232ms step_avg:628.57ms
step:1020/3242 train_loss:3.5050 train_time:634865ms step_avg:628.58ms
step:1021/3242 train_loss:3.4920 train_time:635489ms step_avg:628.57ms
step:1022/3242 train_loss:3.4533 train_time:636117ms step_avg:628.57ms
step:1023/3242 train_loss:3.6666 train_time:636745ms step_avg:628.57ms
step:1024/3242 train_loss:3.6345 train_time:637371ms step_avg:628.57ms
step:1025/3242 train_loss:3.6138 train_time:637999ms step_avg:628.57ms
step:1026/3242 train_loss:3.5495 train_time:638628ms step_avg:628.57ms
step:1027/3242 train_loss:3.6330 train_time:639250ms step_avg:628.56ms
step:1028/3242 train_loss:3.5744 train_time:639885ms step_avg:628.57ms
step:1029/3242 train_loss:3.5127 train_time:640513ms step_avg:628.57ms
step:1030/3242 train_loss:3.5363 train_time:641141ms step_avg:628.57ms
step:1031/3242 train_loss:3.6185 train_time:641774ms step_avg:628.57ms
step:1032/3242 train_loss:3.4867 train_time:642390ms step_avg:628.56ms
step:1033/3242 train_loss:3.7397 train_time:643016ms step_avg:628.56ms
step:1034/3242 train_loss:3.6035 train_time:643645ms step_avg:628.56ms
step:1035/3242 train_loss:3.4288 train_time:644274ms step_avg:628.56ms
step:1036/3242 train_loss:3.4913 train_time:644903ms step_avg:628.56ms
step:1037/3242 train_loss:3.6567 train_time:645537ms step_avg:628.57ms
step:1038/3242 train_loss:4.0353 train_time:646158ms step_avg:628.56ms
step:1039/3242 train_loss:3.7675 train_time:646786ms step_avg:628.56ms
step:1040/3242 train_loss:3.7187 train_time:647420ms step_avg:628.56ms
step:1041/3242 train_loss:3.6331 train_time:648049ms step_avg:628.56ms
step:1042/3242 train_loss:3.4693 train_time:648678ms step_avg:628.56ms
step:1043/3242 train_loss:3.5224 train_time:649306ms step_avg:628.56ms
step:1044/3242 train_loss:3.5457 train_time:649935ms step_avg:628.56ms
step:1045/3242 train_loss:3.6801 train_time:650566ms step_avg:628.57ms
step:1046/3242 train_loss:3.7368 train_time:651195ms step_avg:628.57ms
step:1047/3242 train_loss:3.6020 train_time:651824ms step_avg:628.57ms
step:1048/3242 train_loss:3.8180 train_time:652448ms step_avg:628.56ms
step:1049/3242 train_loss:3.6558 train_time:653076ms step_avg:628.56ms
step:1050/3242 train_loss:3.6217 train_time:653698ms step_avg:628.56ms
step:1051/3242 train_loss:3.4529 train_time:654326ms step_avg:628.56ms
step:1052/3242 train_loss:3.6857 train_time:654954ms step_avg:628.55ms
step:1053/3242 train_loss:3.4668 train_time:655587ms step_avg:628.56ms
step:1054/3242 train_loss:3.9243 train_time:656212ms step_avg:628.56ms
step:1055/3242 train_loss:3.4549 train_time:656834ms step_avg:628.55ms
step:1056/3242 train_loss:3.5749 train_time:657468ms step_avg:628.55ms
step:1057/3242 train_loss:3.7150 train_time:658097ms step_avg:628.55ms
step:1058/3242 train_loss:3.6101 train_time:658725ms step_avg:628.55ms
step:1059/3242 train_loss:3.4751 train_time:659354ms step_avg:628.55ms
step:1060/3242 train_loss:3.7110 train_time:659986ms step_avg:628.56ms
step:1061/3242 train_loss:3.6542 train_time:660618ms step_avg:628.56ms
step:1062/3242 train_loss:3.5389 train_time:661233ms step_avg:628.55ms
step:1063/3242 train_loss:3.5022 train_time:661861ms step_avg:628.55ms
step:1064/3242 train_loss:3.6510 train_time:662490ms step_avg:628.55ms
step:1065/3242 train_loss:3.4446 train_time:663115ms step_avg:628.54ms
step:1066/3242 train_loss:3.4583 train_time:663742ms step_avg:628.54ms
step:1067/3242 train_loss:3.5990 train_time:664373ms step_avg:628.55ms
step:1068/3242 train_loss:3.3831 train_time:665005ms step_avg:628.55ms
step:1069/3242 train_loss:3.5324 train_time:665628ms step_avg:628.54ms
step:1070/3242 train_loss:3.2771 train_time:666255ms step_avg:628.54ms
step:1071/3242 train_loss:3.7939 train_time:666884ms step_avg:628.54ms
step:1072/3242 train_loss:3.6520 train_time:667511ms step_avg:628.54ms
step:1073/3242 train_loss:3.5446 train_time:668142ms step_avg:628.54ms
step:1074/3242 train_loss:3.7210 train_time:668773ms step_avg:628.55ms
step:1075/3242 train_loss:3.5863 train_time:669400ms step_avg:628.54ms
step:1076/3242 train_loss:3.4919 train_time:670026ms step_avg:628.54ms
step:1077/3242 train_loss:3.8924 train_time:670649ms step_avg:628.54ms
step:1078/3242 train_loss:3.5285 train_time:671278ms step_avg:628.54ms
step:1079/3242 train_loss:3.2674 train_time:671908ms step_avg:628.54ms
step:1080/3242 train_loss:3.4589 train_time:672543ms step_avg:628.54ms
step:1081/3242 train_loss:3.5693 train_time:673165ms step_avg:628.54ms
step:1082/3242 train_loss:3.6888 train_time:673792ms step_avg:628.54ms
step:1083/3242 train_loss:3.7449 train_time:674424ms step_avg:628.54ms
step:1084/3242 train_loss:3.7422 train_time:675052ms step_avg:628.54ms
step:1085/3242 train_loss:3.5387 train_time:675683ms step_avg:628.54ms
step:1086/3242 train_loss:3.6536 train_time:676311ms step_avg:628.54ms
step:1087/3242 train_loss:3.4875 train_time:676941ms step_avg:628.54ms
step:1088/3242 train_loss:3.6679 train_time:677571ms step_avg:628.54ms
step:1089/3242 train_loss:3.5308 train_time:678203ms step_avg:628.55ms
step:1090/3242 train_loss:3.4925 train_time:678827ms step_avg:628.54ms
step:1091/3242 train_loss:3.7359 train_time:679452ms step_avg:628.54ms
step:1092/3242 train_loss:3.5408 train_time:680084ms step_avg:628.54ms
step:1093/3242 train_loss:3.6826 train_time:680712ms step_avg:628.54ms
step:1094/3242 train_loss:3.5675 train_time:681341ms step_avg:628.54ms
step:1095/3242 train_loss:3.6517 train_time:681969ms step_avg:628.54ms
step:1096/3242 train_loss:3.5287 train_time:682597ms step_avg:628.54ms
step:1097/3242 train_loss:3.5635 train_time:683225ms step_avg:628.54ms
step:1098/3242 train_loss:3.6390 train_time:683853ms step_avg:628.54ms
step:1099/3242 train_loss:3.7447 train_time:684481ms step_avg:628.54ms
step:1100/3242 train_loss:3.5910 train_time:685111ms step_avg:628.54ms
step:1101/3242 train_loss:3.6805 train_time:685738ms step_avg:628.54ms
step:1102/3242 train_loss:3.5896 train_time:686368ms step_avg:628.54ms
step:1103/3242 train_loss:3.4252 train_time:687002ms step_avg:628.55ms
step:1104/3242 train_loss:3.5720 train_time:687634ms step_avg:628.55ms
step:1105/3242 train_loss:3.5520 train_time:688256ms step_avg:628.54ms
step:1106/3242 train_loss:3.7611 train_time:688883ms step_avg:628.54ms
step:1107/3242 train_loss:3.3247 train_time:689516ms step_avg:628.55ms
step:1108/3242 train_loss:3.7845 train_time:690145ms step_avg:628.55ms
step:1109/3242 train_loss:3.6071 train_time:690766ms step_avg:628.54ms
step:1110/3242 train_loss:3.5629 train_time:691418ms step_avg:628.56ms
step:1111/3242 train_loss:3.5975 train_time:692027ms step_avg:628.54ms
step:1112/3242 train_loss:3.6659 train_time:692657ms step_avg:628.55ms
step:1113/3242 train_loss:3.7287 train_time:693283ms step_avg:628.54ms
step:1114/3242 train_loss:3.5883 train_time:693912ms step_avg:628.54ms
step:1115/3242 train_loss:3.6091 train_time:694536ms step_avg:628.54ms
step:1116/3242 train_loss:3.3900 train_time:695169ms step_avg:628.54ms
step:1117/3242 train_loss:3.5673 train_time:695802ms step_avg:628.55ms
step:1118/3242 train_loss:3.5989 train_time:696429ms step_avg:628.55ms
step:1119/3242 train_loss:4.0381 train_time:697052ms step_avg:628.54ms
step:1120/3242 train_loss:3.7020 train_time:697679ms step_avg:628.54ms
step:1121/3242 train_loss:3.6132 train_time:698308ms step_avg:628.54ms
step:1122/3242 train_loss:3.5665 train_time:698936ms step_avg:628.54ms
step:1123/3242 train_loss:3.6017 train_time:699565ms step_avg:628.54ms
step:1124/3242 train_loss:3.8185 train_time:700194ms step_avg:628.54ms
step:1125/3242 train_loss:3.4406 train_time:700821ms step_avg:628.54ms
step:1125/3242 val_loss:3.5715 train_time:701201ms step_avg:628.88ms
step:1126/3242 train_loss:3.2697 train_time:701453ms step_avg:628.54ms
step:1127/3242 train_loss:3.6985 train_time:702084ms step_avg:628.54ms
step:1128/3242 train_loss:4.0870 train_time:702709ms step_avg:628.54ms
step:1129/3242 train_loss:3.4430 train_time:703338ms step_avg:628.54ms
step:1130/3242 train_loss:3.7359 train_time:703967ms step_avg:628.54ms
step:1131/3242 train_loss:3.6565 train_time:704595ms step_avg:628.54ms
step:1132/3242 train_loss:3.5909 train_time:705223ms step_avg:628.54ms
step:1133/3242 train_loss:3.6142 train_time:705850ms step_avg:628.54ms
step:1134/3242 train_loss:3.8206 train_time:706479ms step_avg:628.54ms
step:1135/3242 train_loss:3.5996 train_time:707138ms step_avg:628.57ms
step:1136/3242 train_loss:3.5578 train_time:707766ms step_avg:628.57ms
step:1137/3242 train_loss:3.7530 train_time:708394ms step_avg:628.57ms
step:1138/3242 train_loss:3.6331 train_time:709026ms step_avg:628.57ms
step:1139/3242 train_loss:3.4319 train_time:709658ms step_avg:628.57ms
step:1140/3242 train_loss:3.9142 train_time:710943ms step_avg:629.15ms
step:1141/3242 train_loss:3.6008 train_time:711557ms step_avg:629.14ms
step:1142/3242 train_loss:3.8174 train_time:712189ms step_avg:629.14ms
step:1143/3242 train_loss:3.6810 train_time:712823ms step_avg:629.15ms
step:1144/3242 train_loss:3.5929 train_time:713448ms step_avg:629.14ms
step:1145/3242 train_loss:3.5394 train_time:714072ms step_avg:629.14ms
step:1146/3242 train_loss:3.6053 train_time:714702ms step_avg:629.14ms
step:1147/3242 train_loss:3.8891 train_time:715331ms step_avg:629.14ms
step:1148/3242 train_loss:3.7411 train_time:715962ms step_avg:629.14ms
step:1149/3242 train_loss:3.5645 train_time:716585ms step_avg:629.14ms
step:1150/3242 train_loss:3.4239 train_time:717209ms step_avg:629.13ms
step:1151/3242 train_loss:3.4721 train_time:717837ms step_avg:629.13ms
step:1152/3242 train_loss:3.5226 train_time:718463ms step_avg:629.13ms
step:1153/3242 train_loss:3.9333 train_time:719094ms step_avg:629.13ms
step:1154/3242 train_loss:3.7269 train_time:719721ms step_avg:629.13ms
step:1155/3242 train_loss:3.7285 train_time:720352ms step_avg:629.13ms
step:1156/3242 train_loss:3.3900 train_time:720980ms step_avg:629.13ms
step:1157/3242 train_loss:3.7878 train_time:721630ms step_avg:629.15ms
step:1158/3242 train_loss:3.6440 train_time:722256ms step_avg:629.14ms
step:1159/3242 train_loss:3.4142 train_time:722887ms step_avg:629.14ms
step:1160/3242 train_loss:3.5176 train_time:723513ms step_avg:629.14ms
step:1161/3242 train_loss:3.4310 train_time:724140ms step_avg:629.14ms
step:1162/3242 train_loss:3.4008 train_time:724766ms step_avg:629.14ms
step:1163/3242 train_loss:3.4662 train_time:725403ms step_avg:629.14ms
step:1164/3242 train_loss:3.6660 train_time:726027ms step_avg:629.14ms
step:1165/3242 train_loss:3.5608 train_time:726653ms step_avg:629.14ms
step:1166/3242 train_loss:3.4234 train_time:727281ms step_avg:629.14ms
step:1167/3242 train_loss:3.5358 train_time:727917ms step_avg:629.14ms
step:1168/3242 train_loss:3.5478 train_time:728544ms step_avg:629.14ms
step:1169/3242 train_loss:3.7455 train_time:729172ms step_avg:629.14ms
step:1170/3242 train_loss:3.4820 train_time:729805ms step_avg:629.14ms
step:1171/3242 train_loss:3.5601 train_time:730428ms step_avg:629.14ms
step:1172/3242 train_loss:3.5317 train_time:731049ms step_avg:629.13ms
step:1173/3242 train_loss:3.5651 train_time:731679ms step_avg:629.13ms
step:1174/3242 train_loss:3.7340 train_time:732307ms step_avg:629.13ms
step:1175/3242 train_loss:3.4583 train_time:732937ms step_avg:629.13ms
step:1176/3242 train_loss:3.5821 train_time:733562ms step_avg:629.13ms
step:1177/3242 train_loss:3.7005 train_time:734186ms step_avg:629.12ms
step:1178/3242 train_loss:3.4942 train_time:734819ms step_avg:629.13ms
step:1179/3242 train_loss:3.6598 train_time:735450ms step_avg:629.13ms
step:1180/3242 train_loss:3.5024 train_time:736062ms step_avg:629.11ms
step:1181/3242 train_loss:3.4721 train_time:736686ms step_avg:629.11ms
step:1182/3242 train_loss:3.3181 train_time:737308ms step_avg:629.10ms
step:1183/3242 train_loss:3.6069 train_time:737945ms step_avg:629.11ms
step:1184/3242 train_loss:3.4101 train_time:738571ms step_avg:629.11ms
step:1185/3242 train_loss:3.7984 train_time:739202ms step_avg:629.11ms
step:1186/3242 train_loss:3.7771 train_time:739835ms step_avg:629.11ms
step:1187/3242 train_loss:3.5318 train_time:740457ms step_avg:629.11ms
step:1188/3242 train_loss:3.5419 train_time:741084ms step_avg:629.10ms
step:1189/3242 train_loss:3.5748 train_time:741712ms step_avg:629.10ms
step:1190/3242 train_loss:3.3735 train_time:742346ms step_avg:629.11ms
step:1191/3242 train_loss:3.6329 train_time:742985ms step_avg:629.12ms
step:1192/3242 train_loss:4.0163 train_time:743601ms step_avg:629.10ms
step:1193/3242 train_loss:3.5393 train_time:744229ms step_avg:629.10ms
step:1194/3242 train_loss:3.4716 train_time:744860ms step_avg:629.10ms
step:1195/3242 train_loss:3.7236 train_time:745486ms step_avg:629.10ms
step:1196/3242 train_loss:3.5286 train_time:746120ms step_avg:629.11ms
step:1197/3242 train_loss:3.4558 train_time:746747ms step_avg:629.10ms
step:1198/3242 train_loss:3.4307 train_time:747378ms step_avg:629.11ms
step:1199/3242 train_loss:3.4251 train_time:748002ms step_avg:629.10ms
step:1200/3242 train_loss:3.5567 train_time:748632ms step_avg:629.10ms
step:1201/3242 train_loss:3.6174 train_time:749253ms step_avg:629.10ms
step:1202/3242 train_loss:3.7647 train_time:749880ms step_avg:629.09ms
step:1203/3242 train_loss:3.6965 train_time:750510ms step_avg:629.09ms
step:1204/3242 train_loss:3.5917 train_time:751144ms step_avg:629.10ms
step:1205/3242 train_loss:3.4981 train_time:751773ms step_avg:629.10ms
step:1206/3242 train_loss:3.5546 train_time:752402ms step_avg:629.10ms
step:1207/3242 train_loss:3.6757 train_time:753023ms step_avg:629.09ms
step:1208/3242 train_loss:3.7308 train_time:753654ms step_avg:629.09ms
step:1209/3242 train_loss:3.4894 train_time:754303ms step_avg:629.11ms
step:1210/3242 train_loss:3.3911 train_time:754935ms step_avg:629.11ms
step:1211/3242 train_loss:3.3264 train_time:755564ms step_avg:629.11ms
step:1212/3242 train_loss:3.6248 train_time:756192ms step_avg:629.11ms
step:1213/3242 train_loss:3.6861 train_time:756821ms step_avg:629.11ms
step:1214/3242 train_loss:3.5468 train_time:757453ms step_avg:629.11ms
step:1215/3242 train_loss:3.4317 train_time:758077ms step_avg:629.11ms
step:1216/3242 train_loss:3.7462 train_time:758684ms step_avg:629.09ms
step:1217/3242 train_loss:3.4869 train_time:759312ms step_avg:629.09ms
step:1218/3242 train_loss:3.5489 train_time:759941ms step_avg:629.09ms
step:1219/3242 train_loss:3.5942 train_time:760577ms step_avg:629.10ms
step:1220/3242 train_loss:3.6051 train_time:761202ms step_avg:629.09ms
step:1221/3242 train_loss:3.5633 train_time:761824ms step_avg:629.09ms
step:1222/3242 train_loss:3.7645 train_time:762454ms step_avg:629.09ms
step:1223/3242 train_loss:3.5243 train_time:763085ms step_avg:629.09ms
step:1224/3242 train_loss:3.4469 train_time:763713ms step_avg:629.09ms
step:1225/3242 train_loss:3.3596 train_time:764342ms step_avg:629.09ms
step:1226/3242 train_loss:3.4750 train_time:764968ms step_avg:629.09ms
step:1227/3242 train_loss:3.4711 train_time:765594ms step_avg:629.08ms
step:1228/3242 train_loss:3.5085 train_time:766225ms step_avg:629.08ms
step:1229/3242 train_loss:3.5903 train_time:766851ms step_avg:629.08ms
step:1230/3242 train_loss:3.5128 train_time:767479ms step_avg:629.08ms
step:1231/3242 train_loss:3.7797 train_time:768113ms step_avg:629.09ms
step:1232/3242 train_loss:3.8218 train_time:768748ms step_avg:629.09ms
step:1233/3242 train_loss:3.7308 train_time:769378ms step_avg:629.09ms
step:1234/3242 train_loss:3.6405 train_time:769999ms step_avg:629.08ms
step:1235/3242 train_loss:3.8130 train_time:770621ms step_avg:629.08ms
step:1236/3242 train_loss:3.5346 train_time:771249ms step_avg:629.08ms
step:1237/3242 train_loss:3.4621 train_time:771879ms step_avg:629.08ms
step:1238/3242 train_loss:3.4031 train_time:772505ms step_avg:629.08ms
step:1239/3242 train_loss:3.4274 train_time:773134ms step_avg:629.08ms
step:1240/3242 train_loss:3.4974 train_time:773761ms step_avg:629.07ms
step:1241/3242 train_loss:3.4150 train_time:774391ms step_avg:629.07ms
step:1242/3242 train_loss:3.6147 train_time:775020ms step_avg:629.07ms
step:1243/3242 train_loss:3.5056 train_time:775648ms step_avg:629.07ms
step:1244/3242 train_loss:3.5888 train_time:776278ms step_avg:629.07ms
step:1245/3242 train_loss:3.6523 train_time:776906ms step_avg:629.07ms
step:1246/3242 train_loss:3.4091 train_time:777533ms step_avg:629.07ms
step:1247/3242 train_loss:3.4883 train_time:778164ms step_avg:629.07ms
step:1248/3242 train_loss:3.6118 train_time:778790ms step_avg:629.07ms
step:1249/3242 train_loss:3.7201 train_time:779417ms step_avg:629.07ms
step:1250/3242 train_loss:3.5960 train_time:780044ms step_avg:629.07ms
step:1250/3242 val_loss:3.5443 train_time:780427ms step_avg:629.38ms
step:1251/3242 train_loss:3.4716 train_time:780671ms step_avg:629.07ms
step:1252/3242 train_loss:3.5640 train_time:781300ms step_avg:629.07ms
step:1253/3242 train_loss:3.5591 train_time:781927ms step_avg:629.06ms
step:1254/3242 train_loss:3.5615 train_time:782556ms step_avg:629.06ms
step:1255/3242 train_loss:3.7182 train_time:783180ms step_avg:629.06ms
step:1256/3242 train_loss:3.6355 train_time:783807ms step_avg:629.06ms
step:1257/3242 train_loss:3.6645 train_time:784439ms step_avg:629.06ms
step:1258/3242 train_loss:3.6379 train_time:785066ms step_avg:629.06ms
step:1259/3242 train_loss:3.5306 train_time:785713ms step_avg:629.07ms
step:1260/3242 train_loss:3.5341 train_time:786340ms step_avg:629.07ms
step:1261/3242 train_loss:3.3908 train_time:786973ms step_avg:629.08ms
step:1262/3242 train_loss:3.3134 train_time:787592ms step_avg:629.07ms
step:1263/3242 train_loss:3.6533 train_time:788210ms step_avg:629.06ms
step:1264/3242 train_loss:3.3679 train_time:788834ms step_avg:629.05ms
step:1265/3242 train_loss:3.7024 train_time:789468ms step_avg:629.06ms
step:1266/3242 train_loss:3.6090 train_time:790096ms step_avg:629.06ms
step:1267/3242 train_loss:3.5943 train_time:790726ms step_avg:629.06ms
step:1268/3242 train_loss:3.6779 train_time:791351ms step_avg:629.05ms
step:1269/3242 train_loss:3.4963 train_time:791986ms step_avg:629.06ms
step:1270/3242 train_loss:3.5083 train_time:792607ms step_avg:629.05ms
step:1271/3242 train_loss:3.4542 train_time:793238ms step_avg:629.05ms
step:1272/3242 train_loss:3.4542 train_time:793871ms step_avg:629.06ms
step:1273/3242 train_loss:3.4813 train_time:794497ms step_avg:629.06ms
step:1274/3242 train_loss:3.5304 train_time:795127ms step_avg:629.06ms
step:1275/3242 train_loss:3.5312 train_time:795750ms step_avg:629.05ms
step:1276/3242 train_loss:3.6552 train_time:796379ms step_avg:629.05ms
step:1277/3242 train_loss:3.6538 train_time:797007ms step_avg:629.05ms
step:1278/3242 train_loss:3.6162 train_time:797643ms step_avg:629.06ms
step:1279/3242 train_loss:3.5147 train_time:798273ms step_avg:629.06ms
step:1280/3242 train_loss:3.3583 train_time:798893ms step_avg:629.05ms
step:1281/3242 train_loss:3.4456 train_time:799519ms step_avg:629.05ms
step:1282/3242 train_loss:3.6589 train_time:800154ms step_avg:629.05ms
step:1283/3242 train_loss:3.5785 train_time:800780ms step_avg:629.05ms
step:1284/3242 train_loss:3.6357 train_time:801406ms step_avg:629.05ms
step:1285/3242 train_loss:3.5920 train_time:802039ms step_avg:629.05ms
step:1286/3242 train_loss:3.5617 train_time:802667ms step_avg:629.05ms
step:1287/3242 train_loss:3.4160 train_time:803303ms step_avg:629.05ms
step:1288/3242 train_loss:3.4802 train_time:803922ms step_avg:629.05ms
step:1289/3242 train_loss:3.4583 train_time:804552ms step_avg:629.05ms
step:1290/3242 train_loss:3.4177 train_time:805175ms step_avg:629.04ms
step:1291/3242 train_loss:3.5701 train_time:805801ms step_avg:629.04ms
step:1292/3242 train_loss:3.5932 train_time:806433ms step_avg:629.04ms
step:1293/3242 train_loss:3.6433 train_time:807076ms step_avg:629.05ms
step:1294/3242 train_loss:3.6611 train_time:807690ms step_avg:629.04ms
step:1295/3242 train_loss:3.3118 train_time:808320ms step_avg:629.04ms
step:1296/3242 train_loss:3.4342 train_time:808944ms step_avg:629.04ms
step:1297/3242 train_loss:3.6296 train_time:809573ms step_avg:629.04ms
step:1298/3242 train_loss:3.3811 train_time:810206ms step_avg:629.04ms
step:1299/3242 train_loss:3.6271 train_time:810833ms step_avg:629.04ms
step:1300/3242 train_loss:3.5540 train_time:811466ms step_avg:629.04ms
step:1301/3242 train_loss:3.6706 train_time:812096ms step_avg:629.04ms
step:1302/3242 train_loss:3.6344 train_time:812725ms step_avg:629.04ms
step:1303/3242 train_loss:3.7949 train_time:813355ms step_avg:629.04ms
step:1304/3242 train_loss:3.3996 train_time:813981ms step_avg:629.04ms
step:1305/3242 train_loss:3.8873 train_time:814607ms step_avg:629.04ms
step:1306/3242 train_loss:3.5081 train_time:815239ms step_avg:629.04ms
step:1307/3242 train_loss:3.7002 train_time:815867ms step_avg:629.04ms
step:1308/3242 train_loss:3.8670 train_time:816490ms step_avg:629.04ms
step:1309/3242 train_loss:3.4791 train_time:817116ms step_avg:629.03ms
step:1310/3242 train_loss:3.4417 train_time:817744ms step_avg:629.03ms
step:1311/3242 train_loss:3.6144 train_time:818378ms step_avg:629.04ms
step:1312/3242 train_loss:3.5421 train_time:819002ms step_avg:629.03ms
step:1313/3242 train_loss:3.5207 train_time:819630ms step_avg:629.03ms
step:1314/3242 train_loss:3.6033 train_time:820258ms step_avg:629.03ms
step:1315/3242 train_loss:3.2508 train_time:820884ms step_avg:629.03ms
step:1316/3242 train_loss:3.4426 train_time:821510ms step_avg:629.03ms
step:1317/3242 train_loss:3.5529 train_time:822140ms step_avg:629.03ms
step:1318/3242 train_loss:3.6656 train_time:822769ms step_avg:629.03ms
step:1319/3242 train_loss:3.3662 train_time:823403ms step_avg:629.03ms
step:1320/3242 train_loss:3.5452 train_time:824032ms step_avg:629.03ms
step:1321/3242 train_loss:3.6842 train_time:824654ms step_avg:629.03ms
step:1322/3242 train_loss:3.6449 train_time:825284ms step_avg:629.03ms
step:1323/3242 train_loss:3.5242 train_time:825915ms step_avg:629.03ms
step:1324/3242 train_loss:3.5526 train_time:826802ms step_avg:629.23ms
step:1325/3242 train_loss:3.8083 train_time:827428ms step_avg:629.22ms
step:1326/3242 train_loss:3.8521 train_time:828058ms step_avg:629.22ms
step:1327/3242 train_loss:3.5888 train_time:828685ms step_avg:629.22ms
step:1328/3242 train_loss:3.4106 train_time:829316ms step_avg:629.22ms
step:1329/3242 train_loss:3.8174 train_time:829944ms step_avg:629.22ms
step:1330/3242 train_loss:3.5801 train_time:831162ms step_avg:629.67ms
step:1331/3242 train_loss:3.7965 train_time:831790ms step_avg:629.67ms
step:1332/3242 train_loss:3.5004 train_time:832427ms step_avg:629.67ms
step:1333/3242 train_loss:3.7574 train_time:833053ms step_avg:629.67ms
step:1334/3242 train_loss:3.6704 train_time:833682ms step_avg:629.67ms
step:1335/3242 train_loss:3.5690 train_time:834315ms step_avg:629.67ms
step:1336/3242 train_loss:3.4698 train_time:834952ms step_avg:629.68ms
step:1337/3242 train_loss:3.5901 train_time:835573ms step_avg:629.67ms
step:1338/3242 train_loss:3.7758 train_time:836201ms step_avg:629.67ms
step:1339/3242 train_loss:3.6599 train_time:836831ms step_avg:629.67ms
step:1340/3242 train_loss:3.5068 train_time:837462ms step_avg:629.67ms
step:1341/3242 train_loss:3.4528 train_time:838085ms step_avg:629.67ms
step:1342/3242 train_loss:3.8128 train_time:838710ms step_avg:629.66ms
step:1343/3242 train_loss:3.6183 train_time:839339ms step_avg:629.66ms
step:1344/3242 train_loss:3.6302 train_time:839967ms step_avg:629.66ms
step:1345/3242 train_loss:3.6374 train_time:840592ms step_avg:629.66ms
step:1346/3242 train_loss:3.6245 train_time:841222ms step_avg:629.66ms
step:1347/3242 train_loss:3.4512 train_time:841848ms step_avg:629.65ms
step:1348/3242 train_loss:3.4462 train_time:842476ms step_avg:629.65ms
step:1349/3242 train_loss:3.5727 train_time:843105ms step_avg:629.65ms
step:1350/3242 train_loss:3.4529 train_time:843736ms step_avg:629.65ms
step:1351/3242 train_loss:3.6438 train_time:844361ms step_avg:629.65ms
step:1352/3242 train_loss:3.5334 train_time:844986ms step_avg:629.65ms
step:1353/3242 train_loss:3.4886 train_time:845615ms step_avg:629.65ms
step:1354/3242 train_loss:3.6190 train_time:846242ms step_avg:629.64ms
step:1355/3242 train_loss:3.4853 train_time:846873ms step_avg:629.65ms
step:1356/3242 train_loss:3.2890 train_time:847499ms step_avg:629.64ms
step:1357/3242 train_loss:3.6121 train_time:848131ms step_avg:629.64ms
step:1358/3242 train_loss:3.6922 train_time:848761ms step_avg:629.64ms
step:1359/3242 train_loss:3.3875 train_time:849389ms step_avg:629.64ms
step:1360/3242 train_loss:3.7284 train_time:850015ms step_avg:629.64ms
step:1361/3242 train_loss:3.6704 train_time:850645ms step_avg:629.64ms
step:1362/3242 train_loss:3.3927 train_time:851273ms step_avg:629.64ms
step:1363/3242 train_loss:3.5701 train_time:851903ms step_avg:629.64ms
step:1364/3242 train_loss:3.4260 train_time:852534ms step_avg:629.64ms
step:1365/3242 train_loss:3.4415 train_time:853158ms step_avg:629.64ms
step:1366/3242 train_loss:3.5759 train_time:853796ms step_avg:629.64ms
step:1367/3242 train_loss:3.6281 train_time:854420ms step_avg:629.64ms
step:1368/3242 train_loss:3.5852 train_time:855050ms step_avg:629.64ms
step:1369/3242 train_loss:3.6895 train_time:855676ms step_avg:629.64ms
step:1370/3242 train_loss:3.6046 train_time:856302ms step_avg:629.63ms
step:1371/3242 train_loss:3.8802 train_time:856930ms step_avg:629.63ms
step:1372/3242 train_loss:3.4959 train_time:857558ms step_avg:629.63ms
step:1373/3242 train_loss:3.4892 train_time:858190ms step_avg:629.63ms
step:1374/3242 train_loss:3.5558 train_time:858814ms step_avg:629.63ms
step:1375/3242 train_loss:3.3896 train_time:859448ms step_avg:629.63ms
step:1375/3242 val_loss:3.5239 train_time:859827ms step_avg:629.91ms
step:1376/3242 train_loss:3.8290 train_time:860080ms step_avg:629.63ms
step:1377/3242 train_loss:3.5438 train_time:860704ms step_avg:629.63ms
step:1378/3242 train_loss:3.7517 train_time:861329ms step_avg:629.63ms
step:1379/3242 train_loss:3.7827 train_time:861956ms step_avg:629.62ms
step:1380/3242 train_loss:3.5485 train_time:862589ms step_avg:629.63ms
step:1381/3242 train_loss:3.5521 train_time:863218ms step_avg:629.63ms
step:1382/3242 train_loss:3.5985 train_time:863844ms step_avg:629.62ms
step:1383/3242 train_loss:3.4381 train_time:864469ms step_avg:629.62ms
step:1384/3242 train_loss:3.6205 train_time:865097ms step_avg:629.62ms
step:1385/3242 train_loss:3.7230 train_time:865729ms step_avg:629.62ms
step:1386/3242 train_loss:3.4851 train_time:866359ms step_avg:629.62ms
step:1387/3242 train_loss:3.6062 train_time:866983ms step_avg:629.62ms
step:1388/3242 train_loss:3.4923 train_time:867611ms step_avg:629.62ms
step:1389/3242 train_loss:3.4883 train_time:868255ms step_avg:629.63ms
step:1390/3242 train_loss:3.2677 train_time:868877ms step_avg:629.62ms
step:1391/3242 train_loss:3.5553 train_time:869502ms step_avg:629.62ms
step:1392/3242 train_loss:3.4281 train_time:870129ms step_avg:629.62ms
step:1393/3242 train_loss:3.5455 train_time:870757ms step_avg:629.61ms
step:1394/3242 train_loss:3.5510 train_time:871382ms step_avg:629.61ms
step:1395/3242 train_loss:3.5830 train_time:872006ms step_avg:629.61ms
step:1396/3242 train_loss:3.5674 train_time:872633ms step_avg:629.61ms
step:1397/3242 train_loss:3.5514 train_time:873271ms step_avg:629.61ms
step:1398/3242 train_loss:3.3504 train_time:873895ms step_avg:629.61ms
step:1399/3242 train_loss:3.5361 train_time:874519ms step_avg:629.60ms
step:1400/3242 train_loss:3.5595 train_time:875145ms step_avg:629.60ms
step:1401/3242 train_loss:3.5269 train_time:875781ms step_avg:629.61ms
step:1402/3242 train_loss:3.4866 train_time:876409ms step_avg:629.60ms
step:1403/3242 train_loss:3.4687 train_time:877036ms step_avg:629.60ms
step:1404/3242 train_loss:3.5693 train_time:877657ms step_avg:629.60ms
step:1405/3242 train_loss:3.5539 train_time:878299ms step_avg:629.60ms
step:1406/3242 train_loss:3.6013 train_time:878920ms step_avg:629.60ms
step:1407/3242 train_loss:3.5205 train_time:879547ms step_avg:629.60ms
step:1408/3242 train_loss:3.4843 train_time:880172ms step_avg:629.59ms
step:1409/3242 train_loss:3.3360 train_time:880800ms step_avg:629.59ms
step:1410/3242 train_loss:3.4956 train_time:881433ms step_avg:629.60ms
step:1411/3242 train_loss:3.4739 train_time:882063ms step_avg:629.60ms
step:1412/3242 train_loss:3.5645 train_time:882688ms step_avg:629.59ms
step:1413/3242 train_loss:3.4721 train_time:883317ms step_avg:629.59ms
step:1414/3242 train_loss:3.3978 train_time:883946ms step_avg:629.59ms
step:1415/3242 train_loss:3.5920 train_time:884572ms step_avg:629.59ms
step:1416/3242 train_loss:3.7837 train_time:885200ms step_avg:629.59ms
step:1417/3242 train_loss:3.4333 train_time:885834ms step_avg:629.59ms
step:1418/3242 train_loss:3.4264 train_time:886465ms step_avg:629.59ms
step:1419/3242 train_loss:3.4265 train_time:887090ms step_avg:629.59ms
step:1420/3242 train_loss:3.5033 train_time:887712ms step_avg:629.58ms
step:1421/3242 train_loss:3.5962 train_time:888347ms step_avg:629.59ms
step:1422/3242 train_loss:3.4186 train_time:888967ms step_avg:629.58ms
step:1423/3242 train_loss:3.5548 train_time:889600ms step_avg:629.58ms
step:1424/3242 train_loss:3.6574 train_time:890224ms step_avg:629.58ms
step:1425/3242 train_loss:3.6527 train_time:890853ms step_avg:629.58ms
step:1426/3242 train_loss:3.1693 train_time:891477ms step_avg:629.57ms
step:1427/3242 train_loss:3.5557 train_time:892106ms step_avg:629.57ms
step:1428/3242 train_loss:3.6000 train_time:892737ms step_avg:629.57ms
step:1429/3242 train_loss:3.6124 train_time:893368ms step_avg:629.58ms
step:1430/3242 train_loss:3.5009 train_time:893995ms step_avg:629.57ms
step:1431/3242 train_loss:3.7511 train_time:894622ms step_avg:629.57ms
step:1432/3242 train_loss:3.6302 train_time:895249ms step_avg:629.57ms
step:1433/3242 train_loss:3.5141 train_time:895873ms step_avg:629.57ms
step:1434/3242 train_loss:3.5235 train_time:896502ms step_avg:629.57ms
step:1435/3242 train_loss:3.4722 train_time:897129ms step_avg:629.56ms
step:1436/3242 train_loss:3.1366 train_time:897759ms step_avg:629.56ms
step:1437/3242 train_loss:3.4064 train_time:898385ms step_avg:629.56ms
step:1438/3242 train_loss:3.5788 train_time:899009ms step_avg:629.56ms
step:1439/3242 train_loss:3.5891 train_time:899643ms step_avg:629.56ms
step:1440/3242 train_loss:3.5959 train_time:900275ms step_avg:629.56ms
step:1441/3242 train_loss:3.4344 train_time:900901ms step_avg:629.56ms
step:1442/3242 train_loss:3.5291 train_time:901527ms step_avg:629.56ms
step:1443/3242 train_loss:3.8115 train_time:902153ms step_avg:629.56ms
step:1444/3242 train_loss:3.5958 train_time:902782ms step_avg:629.55ms
step:1445/3242 train_loss:3.5699 train_time:903416ms step_avg:629.56ms
step:1446/3242 train_loss:3.5629 train_time:904039ms step_avg:629.55ms
step:1447/3242 train_loss:3.3965 train_time:904667ms step_avg:629.55ms
step:1448/3242 train_loss:3.4858 train_time:905295ms step_avg:629.55ms
step:1449/3242 train_loss:3.5018 train_time:905929ms step_avg:629.55ms
step:1450/3242 train_loss:3.7220 train_time:906555ms step_avg:629.55ms
step:1451/3242 train_loss:3.6274 train_time:907182ms step_avg:629.55ms
step:1452/3242 train_loss:3.3934 train_time:907818ms step_avg:629.55ms
step:1453/3242 train_loss:3.6577 train_time:908448ms step_avg:629.56ms
step:1454/3242 train_loss:3.4087 train_time:909079ms step_avg:629.56ms
step:1455/3242 train_loss:3.5217 train_time:909692ms step_avg:629.54ms
step:1456/3242 train_loss:3.5659 train_time:910321ms step_avg:629.54ms
step:1457/3242 train_loss:3.4156 train_time:910948ms step_avg:629.54ms
step:1458/3242 train_loss:3.3814 train_time:911581ms step_avg:629.55ms
step:1459/3242 train_loss:3.5572 train_time:912208ms step_avg:629.54ms
step:1460/3242 train_loss:3.5036 train_time:912837ms step_avg:629.54ms
step:1461/3242 train_loss:3.4126 train_time:913470ms step_avg:629.55ms
step:1462/3242 train_loss:3.7740 train_time:914091ms step_avg:629.54ms
step:1463/3242 train_loss:3.5882 train_time:914722ms step_avg:629.54ms
step:1464/3242 train_loss:3.7696 train_time:915350ms step_avg:629.54ms
step:1465/3242 train_loss:3.5249 train_time:915977ms step_avg:629.54ms
step:1466/3242 train_loss:3.5321 train_time:916610ms step_avg:629.54ms
step:1467/3242 train_loss:3.4362 train_time:917234ms step_avg:629.54ms
step:1468/3242 train_loss:3.6324 train_time:917866ms step_avg:629.54ms
step:1469/3242 train_loss:3.5691 train_time:918491ms step_avg:629.53ms
step:1470/3242 train_loss:3.4056 train_time:919124ms step_avg:629.54ms
step:1471/3242 train_loss:3.6349 train_time:919750ms step_avg:629.53ms
step:1472/3242 train_loss:3.4970 train_time:920386ms step_avg:629.54ms
step:1473/3242 train_loss:3.4394 train_time:921018ms step_avg:629.54ms
step:1474/3242 train_loss:3.6645 train_time:921636ms step_avg:629.53ms
step:1475/3242 train_loss:3.5074 train_time:922262ms step_avg:629.53ms
step:1476/3242 train_loss:3.2402 train_time:922890ms step_avg:629.53ms
step:1477/3242 train_loss:3.4279 train_time:923520ms step_avg:629.53ms
step:1478/3242 train_loss:3.3694 train_time:924149ms step_avg:629.53ms
step:1479/3242 train_loss:3.5302 train_time:924778ms step_avg:629.53ms
step:1480/3242 train_loss:3.5461 train_time:925403ms step_avg:629.53ms
step:1481/3242 train_loss:3.5675 train_time:926033ms step_avg:629.53ms
step:1482/3242 train_loss:3.6799 train_time:926672ms step_avg:629.53ms
step:1483/3242 train_loss:3.5954 train_time:927292ms step_avg:629.53ms
step:1484/3242 train_loss:3.4435 train_time:927928ms step_avg:629.53ms
step:1485/3242 train_loss:3.4788 train_time:928558ms step_avg:629.53ms
step:1486/3242 train_loss:3.4598 train_time:929178ms step_avg:629.52ms
step:1487/3242 train_loss:3.5037 train_time:929803ms step_avg:629.52ms
step:1488/3242 train_loss:3.4957 train_time:930432ms step_avg:629.52ms
step:1489/3242 train_loss:3.4610 train_time:931056ms step_avg:629.52ms
step:1490/3242 train_loss:3.6256 train_time:931685ms step_avg:629.52ms
step:1491/3242 train_loss:3.4303 train_time:932316ms step_avg:629.52ms
step:1492/3242 train_loss:3.2655 train_time:932944ms step_avg:629.52ms
step:1493/3242 train_loss:3.5552 train_time:933577ms step_avg:629.52ms
step:1494/3242 train_loss:3.7268 train_time:934208ms step_avg:629.52ms
step:1495/3242 train_loss:3.5276 train_time:934838ms step_avg:629.52ms
step:1496/3242 train_loss:3.3984 train_time:935457ms step_avg:629.51ms
step:1497/3242 train_loss:3.4725 train_time:936084ms step_avg:629.51ms
step:1498/3242 train_loss:3.4608 train_time:936712ms step_avg:629.51ms
step:1499/3242 train_loss:3.4978 train_time:937340ms step_avg:629.51ms
step:1500/3242 train_loss:3.4251 train_time:937970ms step_avg:629.51ms
step:1500/3242 val_loss:3.5025 train_time:938352ms step_avg:629.77ms
step:1501/3242 train_loss:3.3941 train_time:938598ms step_avg:629.51ms
step:1502/3242 train_loss:3.4088 train_time:939231ms step_avg:629.51ms
step:1503/3242 train_loss:3.5883 train_time:939853ms step_avg:629.51ms
step:1504/3242 train_loss:3.4077 train_time:940482ms step_avg:629.51ms
step:1505/3242 train_loss:3.4843 train_time:941111ms step_avg:629.51ms
step:1506/3242 train_loss:3.3899 train_time:941737ms step_avg:629.50ms
step:1507/3242 train_loss:3.5302 train_time:942374ms step_avg:629.51ms
step:1508/3242 train_loss:3.4279 train_time:942996ms step_avg:629.50ms
step:1509/3242 train_loss:4.0905 train_time:943620ms step_avg:629.50ms
step:1510/3242 train_loss:3.4162 train_time:944246ms step_avg:629.50ms
step:1511/3242 train_loss:3.5137 train_time:944882ms step_avg:629.50ms
step:1512/3242 train_loss:3.5444 train_time:945509ms step_avg:629.50ms
step:1513/3242 train_loss:3.7912 train_time:946146ms step_avg:629.50ms
step:1514/3242 train_loss:3.4052 train_time:946763ms step_avg:629.50ms
step:1515/3242 train_loss:3.4112 train_time:947393ms step_avg:629.50ms
step:1516/3242 train_loss:3.5266 train_time:948026ms step_avg:629.50ms
step:1517/3242 train_loss:3.4378 train_time:948653ms step_avg:629.50ms
step:1518/3242 train_loss:3.6036 train_time:949276ms step_avg:629.49ms
step:1519/3242 train_loss:3.3867 train_time:949904ms step_avg:629.49ms
step:1520/3242 train_loss:3.5850 train_time:950920ms step_avg:629.75ms
step:1521/3242 train_loss:3.4200 train_time:951549ms step_avg:629.75ms
step:1522/3242 train_loss:3.4521 train_time:952177ms step_avg:629.75ms
step:1523/3242 train_loss:3.5754 train_time:952805ms step_avg:629.75ms
step:1524/3242 train_loss:3.5071 train_time:953434ms step_avg:629.75ms
step:1525/3242 train_loss:3.6519 train_time:954062ms step_avg:629.74ms
step:1526/3242 train_loss:3.4757 train_time:954696ms step_avg:629.75ms
step:1527/3242 train_loss:3.5242 train_time:955317ms step_avg:629.74ms
step:1528/3242 train_loss:3.5070 train_time:955950ms step_avg:629.74ms
step:1529/3242 train_loss:3.9170 train_time:956576ms step_avg:629.74ms
step:1530/3242 train_loss:3.6925 train_time:957201ms step_avg:629.74ms
step:1531/3242 train_loss:3.3274 train_time:957833ms step_avg:629.74ms
step:1532/3242 train_loss:3.4280 train_time:958460ms step_avg:629.74ms
step:1533/3242 train_loss:3.5203 train_time:959093ms step_avg:629.74ms
step:1534/3242 train_loss:3.4559 train_time:959722ms step_avg:629.74ms
step:1535/3242 train_loss:3.5708 train_time:960343ms step_avg:629.73ms
step:1536/3242 train_loss:3.5143 train_time:960974ms step_avg:629.73ms
step:1537/3242 train_loss:3.4145 train_time:961595ms step_avg:629.73ms
step:1538/3242 train_loss:3.4359 train_time:962237ms step_avg:629.74ms
step:1539/3242 train_loss:3.8463 train_time:962857ms step_avg:629.73ms
step:1540/3242 train_loss:3.4709 train_time:963485ms step_avg:629.73ms
step:1541/3242 train_loss:3.5621 train_time:964118ms step_avg:629.73ms
step:1542/3242 train_loss:3.4674 train_time:964741ms step_avg:629.73ms
step:1543/3242 train_loss:3.4422 train_time:965369ms step_avg:629.73ms
step:1544/3242 train_loss:3.3650 train_time:965998ms step_avg:629.72ms
step:1545/3242 train_loss:3.4980 train_time:966627ms step_avg:629.72ms
step:1546/3242 train_loss:3.6023 train_time:967255ms step_avg:629.72ms
step:1547/3242 train_loss:3.3953 train_time:967882ms step_avg:629.72ms
step:1548/3242 train_loss:3.4747 train_time:968511ms step_avg:629.72ms
step:1549/3242 train_loss:3.4359 train_time:969138ms step_avg:629.72ms
step:1550/3242 train_loss:3.5603 train_time:969765ms step_avg:629.72ms
step:1551/3242 train_loss:3.4281 train_time:970394ms step_avg:629.72ms
step:1552/3242 train_loss:3.4437 train_time:971023ms step_avg:629.72ms
step:1553/3242 train_loss:3.5170 train_time:971650ms step_avg:629.71ms
step:1554/3242 train_loss:3.4162 train_time:972276ms step_avg:629.71ms
step:1555/3242 train_loss:3.4878 train_time:972902ms step_avg:629.71ms
step:1556/3242 train_loss:3.4103 train_time:973535ms step_avg:629.71ms
step:1557/3242 train_loss:3.4316 train_time:974163ms step_avg:629.71ms
step:1558/3242 train_loss:3.5183 train_time:974791ms step_avg:629.71ms
step:1559/3242 train_loss:3.3524 train_time:975419ms step_avg:629.71ms
step:1560/3242 train_loss:3.4409 train_time:976046ms step_avg:629.71ms
step:1561/3242 train_loss:3.6615 train_time:976672ms step_avg:629.70ms
step:1562/3242 train_loss:3.3636 train_time:977300ms step_avg:629.70ms
step:1563/3242 train_loss:3.4741 train_time:977935ms step_avg:629.71ms
step:1564/3242 train_loss:3.6887 train_time:978563ms step_avg:629.71ms
step:1565/3242 train_loss:3.3485 train_time:979188ms step_avg:629.70ms
step:1566/3242 train_loss:3.3461 train_time:979816ms step_avg:629.70ms
step:1567/3242 train_loss:3.4597 train_time:980448ms step_avg:629.70ms
step:1568/3242 train_loss:3.4583 train_time:981073ms step_avg:629.70ms
step:1569/3242 train_loss:3.3617 train_time:981704ms step_avg:629.70ms
step:1570/3242 train_loss:3.6437 train_time:982333ms step_avg:629.70ms
step:1571/3242 train_loss:3.5656 train_time:982960ms step_avg:629.70ms
step:1572/3242 train_loss:3.2985 train_time:983590ms step_avg:629.70ms
step:1573/3242 train_loss:3.5082 train_time:984217ms step_avg:629.70ms
step:1574/3242 train_loss:3.4463 train_time:984844ms step_avg:629.70ms
step:1575/3242 train_loss:3.4539 train_time:985471ms step_avg:629.69ms
step:1576/3242 train_loss:3.5817 train_time:986102ms step_avg:629.69ms
step:1577/3242 train_loss:3.4636 train_time:986729ms step_avg:629.69ms
step:1578/3242 train_loss:3.4902 train_time:987356ms step_avg:629.69ms
step:1579/3242 train_loss:3.4393 train_time:987984ms step_avg:629.69ms
step:1580/3242 train_loss:3.3421 train_time:988616ms step_avg:629.69ms
step:1581/3242 train_loss:3.4186 train_time:989242ms step_avg:629.69ms
step:1582/3242 train_loss:3.4943 train_time:989869ms step_avg:629.69ms
step:1583/3242 train_loss:3.4592 train_time:990505ms step_avg:629.69ms
step:1584/3242 train_loss:3.9301 train_time:991136ms step_avg:629.69ms
step:1585/3242 train_loss:3.4517 train_time:991767ms step_avg:629.69ms
step:1586/3242 train_loss:3.5515 train_time:992389ms step_avg:629.69ms
step:1587/3242 train_loss:3.2690 train_time:993016ms step_avg:629.69ms
step:1588/3242 train_loss:3.6184 train_time:993648ms step_avg:629.69ms
step:1589/3242 train_loss:3.4610 train_time:994270ms step_avg:629.68ms
step:1590/3242 train_loss:3.5876 train_time:994903ms step_avg:629.69ms
step:1591/3242 train_loss:3.4452 train_time:995532ms step_avg:629.69ms
step:1592/3242 train_loss:3.4939 train_time:996161ms step_avg:629.68ms
step:1593/3242 train_loss:3.5158 train_time:996778ms step_avg:629.68ms
step:1594/3242 train_loss:3.4866 train_time:997404ms step_avg:629.67ms
step:1595/3242 train_loss:3.5619 train_time:998031ms step_avg:629.67ms
step:1596/3242 train_loss:3.8525 train_time:998666ms step_avg:629.68ms
step:1597/3242 train_loss:3.4141 train_time:999300ms step_avg:629.68ms
step:1598/3242 train_loss:3.4734 train_time:999923ms step_avg:629.67ms
step:1599/3242 train_loss:3.5779 train_time:1000545ms step_avg:629.67ms
step:1600/3242 train_loss:3.6111 train_time:1001173ms step_avg:629.67ms
step:1601/3242 train_loss:3.4739 train_time:1001809ms step_avg:629.67ms
step:1602/3242 train_loss:3.8842 train_time:1002441ms step_avg:629.67ms
step:1603/3242 train_loss:3.6189 train_time:1003062ms step_avg:629.67ms
step:1604/3242 train_loss:3.2979 train_time:1003690ms step_avg:629.67ms
step:1605/3242 train_loss:3.4802 train_time:1004319ms step_avg:629.67ms
step:1606/3242 train_loss:3.3265 train_time:1004945ms step_avg:629.66ms
step:1607/3242 train_loss:3.6539 train_time:1005577ms step_avg:629.67ms
step:1608/3242 train_loss:3.4433 train_time:1006199ms step_avg:629.66ms
step:1609/3242 train_loss:3.5260 train_time:1006828ms step_avg:629.66ms
step:1610/3242 train_loss:3.5121 train_time:1007455ms step_avg:629.66ms
step:1611/3242 train_loss:3.8912 train_time:1008083ms step_avg:629.66ms
step:1612/3242 train_loss:3.6929 train_time:1008713ms step_avg:629.66ms
step:1613/3242 train_loss:3.5899 train_time:1009341ms step_avg:629.66ms
step:1614/3242 train_loss:3.4335 train_time:1009966ms step_avg:629.65ms
step:1615/3242 train_loss:3.5126 train_time:1010606ms step_avg:629.66ms
step:1616/3242 train_loss:3.3958 train_time:1011222ms step_avg:629.65ms
step:1617/3242 train_loss:3.4969 train_time:1011853ms step_avg:629.65ms
step:1618/3242 train_loss:3.6648 train_time:1012480ms step_avg:629.65ms
step:1619/3242 train_loss:3.6813 train_time:1013108ms step_avg:629.65ms
step:1620/3242 train_loss:3.3856 train_time:1013734ms step_avg:629.65ms
step:1621/3242 train_loss:3.5714 train_time:1014366ms step_avg:629.65ms
step:1622/3242 train_loss:3.5495 train_time:1014993ms step_avg:629.65ms
step:1623/3242 train_loss:3.3596 train_time:1015622ms step_avg:629.65ms
step:1624/3242 train_loss:3.5157 train_time:1016253ms step_avg:629.65ms
step:1625/3242 train_loss:3.3915 train_time:1016881ms step_avg:629.65ms
step:1625/3242 val_loss:3.4869 train_time:1017263ms step_avg:629.88ms
step:1626/3242 train_loss:3.5133 train_time:1017516ms step_avg:629.65ms
step:1627/3242 train_loss:3.4812 train_time:1018141ms step_avg:629.65ms
step:1628/3242 train_loss:3.4165 train_time:1018770ms step_avg:629.65ms
step:1629/3242 train_loss:3.5081 train_time:1019396ms step_avg:629.65ms
step:1630/3242 train_loss:3.5177 train_time:1020022ms step_avg:629.64ms
step:1631/3242 train_loss:3.5096 train_time:1020652ms step_avg:629.64ms
step:1632/3242 train_loss:3.3844 train_time:1021279ms step_avg:629.64ms
step:1633/3242 train_loss:3.2738 train_time:1021906ms step_avg:629.64ms
step:1634/3242 train_loss:3.4438 train_time:1022531ms step_avg:629.64ms
step:1635/3242 train_loss:3.4947 train_time:1023161ms step_avg:629.64ms
step:1636/3242 train_loss:3.3296 train_time:1023803ms step_avg:629.65ms
step:1637/3242 train_loss:3.5416 train_time:1024424ms step_avg:629.64ms
step:1638/3242 train_loss:3.6598 train_time:1025051ms step_avg:629.64ms
step:1639/3242 train_loss:3.7027 train_time:1025676ms step_avg:629.64ms
step:1640/3242 train_loss:4.0563 train_time:1026314ms step_avg:629.64ms
step:1641/3242 train_loss:3.5587 train_time:1026936ms step_avg:629.64ms
step:1642/3242 train_loss:3.5534 train_time:1027565ms step_avg:629.64ms
step:1643/3242 train_loss:3.6681 train_time:1028193ms step_avg:629.63ms
step:1644/3242 train_loss:3.6212 train_time:1028821ms step_avg:629.63ms
step:1645/3242 train_loss:3.3663 train_time:1029450ms step_avg:629.63ms
step:1646/3242 train_loss:3.5133 train_time:1030081ms step_avg:629.63ms
step:1647/3242 train_loss:3.1389 train_time:1030704ms step_avg:629.63ms
step:1648/3242 train_loss:3.5114 train_time:1031333ms step_avg:629.63ms
step:1649/3242 train_loss:3.4897 train_time:1031961ms step_avg:629.63ms
step:1650/3242 train_loss:3.4260 train_time:1032585ms step_avg:629.63ms
step:1651/3242 train_loss:3.4071 train_time:1033213ms step_avg:629.62ms
step:1652/3242 train_loss:3.4556 train_time:1033842ms step_avg:629.62ms
step:1653/3242 train_loss:3.4806 train_time:1034470ms step_avg:629.62ms
step:1654/3242 train_loss:3.7041 train_time:1035098ms step_avg:629.62ms
step:1655/3242 train_loss:3.3813 train_time:1035726ms step_avg:629.62ms
step:1656/3242 train_loss:3.4203 train_time:1036358ms step_avg:629.62ms
step:1657/3242 train_loss:3.4904 train_time:1036987ms step_avg:629.62ms
step:1658/3242 train_loss:3.4665 train_time:1037619ms step_avg:629.62ms
step:1659/3242 train_loss:3.4080 train_time:1038243ms step_avg:629.62ms
step:1660/3242 train_loss:3.4303 train_time:1038869ms step_avg:629.62ms
step:1661/3242 train_loss:3.4383 train_time:1039494ms step_avg:629.61ms
step:1662/3242 train_loss:3.5352 train_time:1040122ms step_avg:629.61ms
step:1663/3242 train_loss:3.4471 train_time:1040752ms step_avg:629.61ms
step:1664/3242 train_loss:3.4638 train_time:1041383ms step_avg:629.61ms
step:1665/3242 train_loss:3.5448 train_time:1042020ms step_avg:629.62ms
step:1666/3242 train_loss:3.5127 train_time:1042637ms step_avg:629.61ms
step:1667/3242 train_loss:3.8773 train_time:1043263ms step_avg:629.61ms
step:1668/3242 train_loss:3.2918 train_time:1043898ms step_avg:629.61ms
step:1669/3242 train_loss:3.4927 train_time:1044525ms step_avg:629.61ms
step:1670/3242 train_loss:3.3571 train_time:1045155ms step_avg:629.61ms
step:1671/3242 train_loss:3.2729 train_time:1045784ms step_avg:629.61ms
step:1672/3242 train_loss:3.6195 train_time:1046415ms step_avg:629.61ms
step:1673/3242 train_loss:3.7773 train_time:1047044ms step_avg:629.61ms
step:1674/3242 train_loss:3.4250 train_time:1047671ms step_avg:629.61ms
step:1675/3242 train_loss:3.3694 train_time:1048301ms step_avg:629.61ms
step:1676/3242 train_loss:3.3903 train_time:1048923ms step_avg:629.61ms
step:1677/3242 train_loss:3.5943 train_time:1049552ms step_avg:629.61ms
step:1678/3242 train_loss:3.4077 train_time:1050173ms step_avg:629.60ms
step:1679/3242 train_loss:3.4726 train_time:1050804ms step_avg:629.60ms
step:1680/3242 train_loss:3.4853 train_time:1051433ms step_avg:629.60ms
step:1681/3242 train_loss:3.0864 train_time:1052067ms step_avg:629.60ms
step:1682/3242 train_loss:3.4710 train_time:1052694ms step_avg:629.60ms
step:1683/3242 train_loss:3.5769 train_time:1053318ms step_avg:629.60ms
step:1684/3242 train_loss:3.5488 train_time:1053951ms step_avg:629.60ms
step:1685/3242 train_loss:3.5449 train_time:1054573ms step_avg:629.60ms
step:1686/3242 train_loss:3.3997 train_time:1055204ms step_avg:629.60ms
step:1687/3242 train_loss:3.5458 train_time:1055830ms step_avg:629.59ms
step:1688/3242 train_loss:3.3995 train_time:1056463ms step_avg:629.60ms
step:1689/3242 train_loss:3.3933 train_time:1057090ms step_avg:629.59ms
step:1690/3242 train_loss:3.4520 train_time:1057720ms step_avg:629.59ms
step:1691/3242 train_loss:3.3215 train_time:1058348ms step_avg:629.59ms
step:1692/3242 train_loss:3.4995 train_time:1058972ms step_avg:629.59ms
step:1693/3242 train_loss:3.4497 train_time:1059602ms step_avg:629.59ms
step:1694/3242 train_loss:3.4099 train_time:1060228ms step_avg:629.59ms
step:1695/3242 train_loss:3.9568 train_time:1060854ms step_avg:629.59ms
step:1696/3242 train_loss:3.6516 train_time:1061480ms step_avg:629.59ms
step:1697/3242 train_loss:3.5046 train_time:1062113ms step_avg:629.59ms
step:1698/3242 train_loss:3.4285 train_time:1062742ms step_avg:629.59ms
step:1699/3242 train_loss:3.2220 train_time:1063369ms step_avg:629.58ms
step:1700/3242 train_loss:3.4736 train_time:1064005ms step_avg:629.59ms
step:1701/3242 train_loss:3.5055 train_time:1064620ms step_avg:629.58ms
step:1702/3242 train_loss:3.4947 train_time:1065267ms step_avg:629.59ms
step:1703/3242 train_loss:3.2878 train_time:1065903ms step_avg:629.59ms
step:1704/3242 train_loss:3.7442 train_time:1066528ms step_avg:629.59ms
step:1705/3242 train_loss:3.4030 train_time:1067157ms step_avg:629.59ms
step:1706/3242 train_loss:3.9431 train_time:1067786ms step_avg:629.59ms
step:1707/3242 train_loss:3.3698 train_time:1068418ms step_avg:629.59ms
step:1708/3242 train_loss:3.2507 train_time:1069046ms step_avg:629.59ms
step:1709/3242 train_loss:3.5986 train_time:1069658ms step_avg:629.58ms
step:1710/3242 train_loss:3.3581 train_time:1070532ms step_avg:629.72ms
step:1711/3242 train_loss:3.3758 train_time:1071154ms step_avg:629.72ms
step:1712/3242 train_loss:3.4514 train_time:1071785ms step_avg:629.72ms
step:1713/3242 train_loss:3.5767 train_time:1072411ms step_avg:629.72ms
step:1714/3242 train_loss:3.6929 train_time:1073037ms step_avg:629.72ms
step:1715/3242 train_loss:3.3692 train_time:1073675ms step_avg:629.72ms
step:1716/3242 train_loss:3.4660 train_time:1074317ms step_avg:629.73ms
step:1717/3242 train_loss:3.3289 train_time:1074935ms step_avg:629.72ms
step:1718/3242 train_loss:3.3690 train_time:1075559ms step_avg:629.72ms
step:1719/3242 train_loss:3.6366 train_time:1076189ms step_avg:629.72ms
step:1720/3242 train_loss:3.4157 train_time:1076822ms step_avg:629.72ms
step:1721/3242 train_loss:3.4131 train_time:1077449ms step_avg:629.72ms
step:1722/3242 train_loss:3.2897 train_time:1078077ms step_avg:629.72ms
step:1723/3242 train_loss:3.5922 train_time:1078707ms step_avg:629.72ms
step:1724/3242 train_loss:3.4379 train_time:1079333ms step_avg:629.72ms
step:1725/3242 train_loss:3.6001 train_time:1079955ms step_avg:629.71ms
step:1726/3242 train_loss:3.6100 train_time:1080586ms step_avg:629.71ms
step:1727/3242 train_loss:3.5462 train_time:1081217ms step_avg:629.71ms
step:1728/3242 train_loss:3.4501 train_time:1081856ms step_avg:629.72ms
step:1729/3242 train_loss:3.3994 train_time:1082469ms step_avg:629.71ms
step:1730/3242 train_loss:3.4419 train_time:1083098ms step_avg:629.71ms
step:1731/3242 train_loss:4.1112 train_time:1083725ms step_avg:629.71ms
step:1732/3242 train_loss:3.6115 train_time:1084359ms step_avg:629.71ms
step:1733/3242 train_loss:3.7143 train_time:1084982ms step_avg:629.71ms
step:1734/3242 train_loss:3.3368 train_time:1085617ms step_avg:629.71ms
step:1735/3242 train_loss:3.4922 train_time:1086254ms step_avg:629.71ms
step:1736/3242 train_loss:3.5017 train_time:1086863ms step_avg:629.70ms
step:1737/3242 train_loss:3.4082 train_time:1087498ms step_avg:629.70ms
step:1738/3242 train_loss:3.5213 train_time:1088124ms step_avg:629.70ms
step:1739/3242 train_loss:3.4048 train_time:1088774ms step_avg:629.71ms
step:1740/3242 train_loss:3.4544 train_time:1089389ms step_avg:629.70ms
step:1741/3242 train_loss:3.6858 train_time:1090018ms step_avg:629.70ms
step:1742/3242 train_loss:3.3396 train_time:1090644ms step_avg:629.70ms
step:1743/3242 train_loss:3.2300 train_time:1091272ms step_avg:629.70ms
step:1744/3242 train_loss:2.9174 train_time:1091901ms step_avg:629.70ms
step:1745/3242 train_loss:3.4801 train_time:1092527ms step_avg:629.70ms
step:1746/3242 train_loss:3.4435 train_time:1093156ms step_avg:629.70ms
step:1747/3242 train_loss:3.4389 train_time:1093782ms step_avg:629.70ms
step:1748/3242 train_loss:3.4468 train_time:1094406ms step_avg:629.69ms
step:1749/3242 train_loss:3.9045 train_time:1095035ms step_avg:629.69ms
step:1750/3242 train_loss:3.4880 train_time:1095662ms step_avg:629.69ms
step:1750/3242 val_loss:3.4678 train_time:1096040ms step_avg:629.91ms
step:1751/3242 train_loss:3.4084 train_time:1096291ms step_avg:629.69ms
step:1752/3242 train_loss:3.4380 train_time:1096919ms step_avg:629.69ms
step:1753/3242 train_loss:3.3320 train_time:1097555ms step_avg:629.69ms
step:1754/3242 train_loss:3.0120 train_time:1098176ms step_avg:629.69ms
step:1755/3242 train_loss:3.2804 train_time:1098809ms step_avg:629.69ms
step:1756/3242 train_loss:3.2428 train_time:1099434ms step_avg:629.69ms
step:1757/3242 train_loss:3.3983 train_time:1100063ms step_avg:629.69ms
step:1758/3242 train_loss:3.3845 train_time:1100692ms step_avg:629.69ms
step:1759/3242 train_loss:3.3467 train_time:1101322ms step_avg:629.69ms
step:1760/3242 train_loss:5.3616 train_time:1101954ms step_avg:629.69ms
step:1761/3242 train_loss:3.5129 train_time:1102579ms step_avg:629.69ms
step:1762/3242 train_loss:3.5314 train_time:1103200ms step_avg:629.68ms
step:1763/3242 train_loss:3.4944 train_time:1103827ms step_avg:629.68ms
step:1764/3242 train_loss:3.4782 train_time:1104455ms step_avg:629.68ms
step:1765/3242 train_loss:3.3742 train_time:1105091ms step_avg:629.68ms
step:1766/3242 train_loss:3.5015 train_time:1105719ms step_avg:629.68ms
step:1767/3242 train_loss:3.6033 train_time:1106349ms step_avg:629.68ms
step:1768/3242 train_loss:3.5383 train_time:1106976ms step_avg:629.68ms
step:1769/3242 train_loss:3.5375 train_time:1107602ms step_avg:629.68ms
step:1770/3242 train_loss:3.4759 train_time:1108222ms step_avg:629.67ms
step:1771/3242 train_loss:4.0773 train_time:1108849ms step_avg:629.67ms
step:1772/3242 train_loss:3.3731 train_time:1109477ms step_avg:629.67ms
step:1773/3242 train_loss:3.3694 train_time:1110101ms step_avg:629.67ms
step:1774/3242 train_loss:3.7073 train_time:1110743ms step_avg:629.67ms
step:1775/3242 train_loss:3.2447 train_time:1111362ms step_avg:629.67ms
step:1776/3242 train_loss:3.5410 train_time:1111984ms step_avg:629.66ms
step:1777/3242 train_loss:3.3969 train_time:1112609ms step_avg:629.66ms
step:1778/3242 train_loss:3.8455 train_time:1113233ms step_avg:629.66ms
step:1779/3242 train_loss:3.5830 train_time:1113865ms step_avg:629.66ms
step:1780/3242 train_loss:3.4456 train_time:1114494ms step_avg:629.66ms
step:1781/3242 train_loss:3.5527 train_time:1115128ms step_avg:629.66ms
step:1782/3242 train_loss:3.4715 train_time:1115759ms step_avg:629.66ms
step:1783/3242 train_loss:3.2359 train_time:1116387ms step_avg:629.66ms
step:1784/3242 train_loss:3.5152 train_time:1117019ms step_avg:629.66ms
step:1785/3242 train_loss:3.5557 train_time:1117637ms step_avg:629.65ms
step:1786/3242 train_loss:3.4801 train_time:1118264ms step_avg:629.65ms
step:1787/3242 train_loss:3.6426 train_time:1118900ms step_avg:629.66ms
step:1788/3242 train_loss:3.3956 train_time:1119532ms step_avg:629.66ms
step:1789/3242 train_loss:3.4451 train_time:1120154ms step_avg:629.65ms
step:1790/3242 train_loss:3.5574 train_time:1120790ms step_avg:629.66ms
step:1791/3242 train_loss:3.4978 train_time:1121413ms step_avg:629.65ms
step:1792/3242 train_loss:3.4775 train_time:1122038ms step_avg:629.65ms
step:1793/3242 train_loss:3.4188 train_time:1122667ms step_avg:629.65ms
step:1794/3242 train_loss:3.3024 train_time:1123295ms step_avg:629.65ms
step:1795/3242 train_loss:3.3654 train_time:1123929ms step_avg:629.65ms
step:1796/3242 train_loss:3.3527 train_time:1124555ms step_avg:629.65ms
step:1797/3242 train_loss:3.5657 train_time:1125179ms step_avg:629.65ms
step:1798/3242 train_loss:3.4771 train_time:1125808ms step_avg:629.65ms
step:1799/3242 train_loss:3.4193 train_time:1126450ms step_avg:629.65ms
step:1800/3242 train_loss:3.4917 train_time:1127063ms step_avg:629.64ms
step:1801/3242 train_loss:3.4973 train_time:1127692ms step_avg:629.64ms
step:1802/3242 train_loss:3.4807 train_time:1128321ms step_avg:629.64ms
step:1803/3242 train_loss:3.4007 train_time:1128946ms step_avg:629.64ms
step:1804/3242 train_loss:3.3739 train_time:1129581ms step_avg:629.64ms
step:1805/3242 train_loss:3.6260 train_time:1130213ms step_avg:629.64ms
step:1806/3242 train_loss:3.4759 train_time:1130842ms step_avg:629.65ms
step:1807/3242 train_loss:3.5607 train_time:1131477ms step_avg:629.65ms
step:1808/3242 train_loss:3.5831 train_time:1132101ms step_avg:629.64ms
step:1809/3242 train_loss:3.3642 train_time:1132733ms step_avg:629.65ms
step:1810/3242 train_loss:3.5562 train_time:1133358ms step_avg:629.64ms
step:1811/3242 train_loss:3.5783 train_time:1133983ms step_avg:629.64ms
step:1812/3242 train_loss:3.4718 train_time:1134606ms step_avg:629.64ms
step:1813/3242 train_loss:3.4194 train_time:1135233ms step_avg:629.64ms
step:1814/3242 train_loss:3.4367 train_time:1135861ms step_avg:629.63ms
step:1815/3242 train_loss:3.5049 train_time:1136490ms step_avg:629.63ms
step:1816/3242 train_loss:3.5673 train_time:1137119ms step_avg:629.63ms
step:1817/3242 train_loss:3.4465 train_time:1137746ms step_avg:629.63ms
step:1818/3242 train_loss:3.6149 train_time:1138381ms step_avg:629.64ms
step:1819/3242 train_loss:3.4050 train_time:1139010ms step_avg:629.64ms
step:1820/3242 train_loss:3.4834 train_time:1139640ms step_avg:629.64ms
step:1821/3242 train_loss:3.3734 train_time:1140264ms step_avg:629.63ms
step:1822/3242 train_loss:3.1850 train_time:1140892ms step_avg:629.63ms
step:1823/3242 train_loss:3.2369 train_time:1141522ms step_avg:629.63ms
step:1824/3242 train_loss:3.4044 train_time:1142146ms step_avg:629.63ms
step:1825/3242 train_loss:3.5163 train_time:1142775ms step_avg:629.63ms
step:1826/3242 train_loss:3.4595 train_time:1143409ms step_avg:629.63ms
step:1827/3242 train_loss:3.4538 train_time:1144034ms step_avg:629.63ms
step:1828/3242 train_loss:3.4323 train_time:1144663ms step_avg:629.63ms
step:1829/3242 train_loss:3.4383 train_time:1145295ms step_avg:629.63ms
step:1830/3242 train_loss:3.5448 train_time:1145925ms step_avg:629.63ms
step:1831/3242 train_loss:3.1994 train_time:1146558ms step_avg:629.63ms
step:1832/3242 train_loss:3.4357 train_time:1147177ms step_avg:629.63ms
step:1833/3242 train_loss:3.4200 train_time:1147806ms step_avg:629.62ms
step:1834/3242 train_loss:3.9863 train_time:1148437ms step_avg:629.63ms
step:1835/3242 train_loss:3.5005 train_time:1149063ms step_avg:629.62ms
step:1836/3242 train_loss:3.4825 train_time:1149695ms step_avg:629.62ms
step:1837/3242 train_loss:3.7471 train_time:1150329ms step_avg:629.63ms
step:1838/3242 train_loss:3.4641 train_time:1150953ms step_avg:629.62ms
step:1839/3242 train_loss:3.3438 train_time:1151578ms step_avg:629.62ms
step:1840/3242 train_loss:3.4249 train_time:1152203ms step_avg:629.62ms
step:1841/3242 train_loss:3.3397 train_time:1152837ms step_avg:629.62ms
step:1842/3242 train_loss:3.4530 train_time:1153471ms step_avg:629.62ms
step:1843/3242 train_loss:3.5154 train_time:1154103ms step_avg:629.63ms
step:1844/3242 train_loss:3.4324 train_time:1154726ms step_avg:629.62ms
step:1845/3242 train_loss:3.4572 train_time:1155356ms step_avg:629.62ms
step:1846/3242 train_loss:3.4252 train_time:1155986ms step_avg:629.62ms
step:1847/3242 train_loss:3.4486 train_time:1156616ms step_avg:629.62ms
step:1848/3242 train_loss:3.3341 train_time:1157242ms step_avg:629.62ms
step:1849/3242 train_loss:3.6983 train_time:1157869ms step_avg:629.62ms
step:1850/3242 train_loss:3.3578 train_time:1158493ms step_avg:629.62ms
step:1851/3242 train_loss:3.4591 train_time:1159114ms step_avg:629.61ms
step:1852/3242 train_loss:3.3024 train_time:1159745ms step_avg:629.61ms
step:1853/3242 train_loss:3.5129 train_time:1160373ms step_avg:629.61ms
step:1854/3242 train_loss:3.5530 train_time:1161003ms step_avg:629.61ms
step:1855/3242 train_loss:3.4443 train_time:1161630ms step_avg:629.61ms
step:1856/3242 train_loss:3.4217 train_time:1162260ms step_avg:629.61ms
step:1857/3242 train_loss:3.5057 train_time:1162887ms step_avg:629.61ms
step:1858/3242 train_loss:3.5531 train_time:1163514ms step_avg:629.61ms
step:1859/3242 train_loss:3.3684 train_time:1164147ms step_avg:629.61ms
step:1860/3242 train_loss:3.4588 train_time:1164772ms step_avg:629.61ms
step:1861/3242 train_loss:3.4336 train_time:1165399ms step_avg:629.60ms
step:1862/3242 train_loss:3.4059 train_time:1166023ms step_avg:629.60ms
step:1863/3242 train_loss:3.3674 train_time:1166651ms step_avg:629.60ms
step:1864/3242 train_loss:3.4776 train_time:1167285ms step_avg:629.60ms
step:1865/3242 train_loss:3.5985 train_time:1167911ms step_avg:629.60ms
step:1866/3242 train_loss:3.2286 train_time:1168533ms step_avg:629.60ms
step:1867/3242 train_loss:3.4175 train_time:1169162ms step_avg:629.60ms
step:1868/3242 train_loss:3.3689 train_time:1169788ms step_avg:629.60ms
step:1869/3242 train_loss:3.1937 train_time:1170420ms step_avg:629.60ms
step:1870/3242 train_loss:3.4919 train_time:1171046ms step_avg:629.59ms
step:1871/3242 train_loss:3.4591 train_time:1171678ms step_avg:629.60ms
step:1872/3242 train_loss:3.4154 train_time:1172312ms step_avg:629.60ms
step:1873/3242 train_loss:3.5325 train_time:1172938ms step_avg:629.60ms
step:1874/3242 train_loss:3.3454 train_time:1173567ms step_avg:629.60ms
step:1875/3242 train_loss:3.6076 train_time:1174195ms step_avg:629.60ms
step:1875/3242 val_loss:3.4547 train_time:1174573ms step_avg:629.80ms
step:1876/3242 train_loss:3.4400 train_time:1174827ms step_avg:629.60ms
step:1877/3242 train_loss:3.4115 train_time:1175454ms step_avg:629.59ms
step:1878/3242 train_loss:3.5765 train_time:1176078ms step_avg:629.59ms
step:1879/3242 train_loss:3.5557 train_time:1176706ms step_avg:629.59ms
step:1880/3242 train_loss:3.4192 train_time:1177340ms step_avg:629.59ms
step:1881/3242 train_loss:3.4409 train_time:1177966ms step_avg:629.59ms
step:1882/3242 train_loss:3.3611 train_time:1178590ms step_avg:629.59ms
step:1883/3242 train_loss:3.5915 train_time:1179218ms step_avg:629.59ms
step:1884/3242 train_loss:3.4249 train_time:1179850ms step_avg:629.59ms
step:1885/3242 train_loss:2.9319 train_time:1180474ms step_avg:629.59ms
step:1886/3242 train_loss:3.7633 train_time:1181104ms step_avg:629.59ms
step:1887/3242 train_loss:3.3836 train_time:1181732ms step_avg:629.59ms
step:1888/3242 train_loss:3.3073 train_time:1182361ms step_avg:629.58ms
step:1889/3242 train_loss:3.4702 train_time:1182990ms step_avg:629.58ms
step:1890/3242 train_loss:3.5173 train_time:1183618ms step_avg:629.58ms
step:1891/3242 train_loss:3.2813 train_time:1184496ms step_avg:629.72ms
step:1892/3242 train_loss:3.7149 train_time:1185124ms step_avg:629.72ms
step:1893/3242 train_loss:3.3434 train_time:1185757ms step_avg:629.72ms
step:1894/3242 train_loss:3.3999 train_time:1186384ms step_avg:629.72ms
step:1895/3242 train_loss:3.5364 train_time:1187013ms step_avg:629.72ms
step:1896/3242 train_loss:3.2856 train_time:1187645ms step_avg:629.72ms
step:1897/3242 train_loss:3.4655 train_time:1188268ms step_avg:629.71ms
step:1898/3242 train_loss:3.5307 train_time:1188896ms step_avg:629.71ms
step:1899/3242 train_loss:3.5489 train_time:1189527ms step_avg:629.71ms
step:1900/3242 train_loss:3.3785 train_time:1190294ms step_avg:629.79ms
step:1901/3242 train_loss:3.5617 train_time:1190917ms step_avg:629.78ms
step:1902/3242 train_loss:3.3927 train_time:1191545ms step_avg:629.78ms
step:1903/3242 train_loss:3.4971 train_time:1192175ms step_avg:629.78ms
step:1904/3242 train_loss:3.3862 train_time:1192803ms step_avg:629.78ms
step:1905/3242 train_loss:3.6086 train_time:1193430ms step_avg:629.78ms
step:1906/3242 train_loss:3.4510 train_time:1194058ms step_avg:629.78ms
step:1907/3242 train_loss:3.4715 train_time:1194691ms step_avg:629.78ms
step:1908/3242 train_loss:3.4944 train_time:1195321ms step_avg:629.78ms
step:1909/3242 train_loss:3.2815 train_time:1195949ms step_avg:629.78ms
step:1910/3242 train_loss:3.4494 train_time:1196567ms step_avg:629.77ms
step:1911/3242 train_loss:3.5127 train_time:1197192ms step_avg:629.77ms
step:1912/3242 train_loss:3.4298 train_time:1197826ms step_avg:629.77ms
step:1913/3242 train_loss:3.3968 train_time:1198456ms step_avg:629.77ms
step:1914/3242 train_loss:2.9396 train_time:1199085ms step_avg:629.77ms
step:1915/3242 train_loss:3.3427 train_time:1199713ms step_avg:629.77ms
step:1916/3242 train_loss:3.5637 train_time:1200334ms step_avg:629.77ms
step:1917/3242 train_loss:3.6261 train_time:1200962ms step_avg:629.77ms
step:1918/3242 train_loss:3.4691 train_time:1201594ms step_avg:629.77ms
step:1919/3242 train_loss:3.4372 train_time:1202221ms step_avg:629.76ms
step:1920/3242 train_loss:3.6825 train_time:1202846ms step_avg:629.76ms
step:1921/3242 train_loss:3.3843 train_time:1203475ms step_avg:629.76ms
step:1922/3242 train_loss:3.4483 train_time:1204109ms step_avg:629.76ms
step:1923/3242 train_loss:3.4631 train_time:1204737ms step_avg:629.76ms
step:1924/3242 train_loss:3.5247 train_time:1205370ms step_avg:629.76ms
step:1925/3242 train_loss:3.1686 train_time:1205995ms step_avg:629.76ms
step:1926/3242 train_loss:3.3461 train_time:1206616ms step_avg:629.76ms
step:1927/3242 train_loss:3.3000 train_time:1207242ms step_avg:629.76ms
step:1928/3242 train_loss:3.3792 train_time:1207874ms step_avg:629.76ms
step:1929/3242 train_loss:3.1480 train_time:1208500ms step_avg:629.76ms
step:1930/3242 train_loss:3.3772 train_time:1209142ms step_avg:629.76ms
step:1931/3242 train_loss:3.6214 train_time:1209760ms step_avg:629.76ms
step:1932/3242 train_loss:3.4819 train_time:1210385ms step_avg:629.75ms
step:1933/3242 train_loss:3.5841 train_time:1211013ms step_avg:629.75ms
step:1934/3242 train_loss:3.4142 train_time:1211639ms step_avg:629.75ms
step:1935/3242 train_loss:3.4062 train_time:1212276ms step_avg:629.75ms
step:1936/3242 train_loss:3.4978 train_time:1212894ms step_avg:629.75ms
step:1937/3242 train_loss:3.4209 train_time:1213522ms step_avg:629.75ms
step:1938/3242 train_loss:3.5235 train_time:1214148ms step_avg:629.74ms
step:1939/3242 train_loss:3.3776 train_time:1214798ms step_avg:629.76ms
step:1940/3242 train_loss:3.5541 train_time:1215428ms step_avg:629.76ms
step:1941/3242 train_loss:3.7100 train_time:1216048ms step_avg:629.75ms
step:1942/3242 train_loss:3.4643 train_time:1216684ms step_avg:629.75ms
step:1943/3242 train_loss:3.4166 train_time:1217305ms step_avg:629.75ms
step:1944/3242 train_loss:3.6200 train_time:1217932ms step_avg:629.75ms
step:1945/3242 train_loss:3.3013 train_time:1218550ms step_avg:629.74ms
step:1946/3242 train_loss:3.4872 train_time:1219182ms step_avg:629.74ms
step:1947/3242 train_loss:3.4547 train_time:1219807ms step_avg:629.74ms
step:1948/3242 train_loss:3.3467 train_time:1220431ms step_avg:629.74ms
step:1949/3242 train_loss:3.3848 train_time:1221059ms step_avg:629.74ms
step:1950/3242 train_loss:3.3392 train_time:1221689ms step_avg:629.74ms
step:1951/3242 train_loss:3.3696 train_time:1222317ms step_avg:629.74ms
step:1952/3242 train_loss:3.3490 train_time:1222946ms step_avg:629.74ms
step:1953/3242 train_loss:3.5837 train_time:1223573ms step_avg:629.73ms
step:1954/3242 train_loss:3.5763 train_time:1224210ms step_avg:629.74ms
step:1955/3242 train_loss:3.4251 train_time:1224827ms step_avg:629.73ms
step:1956/3242 train_loss:3.3080 train_time:1225454ms step_avg:629.73ms
step:1957/3242 train_loss:3.2581 train_time:1226084ms step_avg:629.73ms
step:1958/3242 train_loss:3.6825 train_time:1226710ms step_avg:629.73ms
step:1959/3242 train_loss:3.4598 train_time:1227338ms step_avg:629.73ms
step:1960/3242 train_loss:3.5714 train_time:1227966ms step_avg:629.73ms
step:1961/3242 train_loss:3.3391 train_time:1228592ms step_avg:629.72ms
step:1962/3242 train_loss:3.5347 train_time:1229226ms step_avg:629.73ms
step:1963/3242 train_loss:3.5275 train_time:1229855ms step_avg:629.73ms
step:1964/3242 train_loss:3.4539 train_time:1230484ms step_avg:629.73ms
step:1965/3242 train_loss:3.3821 train_time:1231117ms step_avg:629.73ms
step:1966/3242 train_loss:3.6424 train_time:1231742ms step_avg:629.72ms
step:1967/3242 train_loss:3.3661 train_time:1232367ms step_avg:629.72ms
step:1968/3242 train_loss:3.4139 train_time:1232994ms step_avg:629.72ms
step:1969/3242 train_loss:3.4817 train_time:1233620ms step_avg:629.72ms
step:1970/3242 train_loss:3.2797 train_time:1234262ms step_avg:629.73ms
step:1971/3242 train_loss:3.0741 train_time:1234896ms step_avg:629.73ms
step:1972/3242 train_loss:3.1341 train_time:1235521ms step_avg:629.73ms
step:1973/3242 train_loss:3.4441 train_time:1236155ms step_avg:629.73ms
step:1974/3242 train_loss:3.3517 train_time:1236792ms step_avg:629.73ms
step:1975/3242 train_loss:3.2602 train_time:1237407ms step_avg:629.72ms
step:1976/3242 train_loss:3.5178 train_time:1238032ms step_avg:629.72ms
step:1977/3242 train_loss:3.3833 train_time:1238658ms step_avg:629.72ms
step:1978/3242 train_loss:3.9724 train_time:1239290ms step_avg:629.72ms
step:1979/3242 train_loss:3.4070 train_time:1239915ms step_avg:629.72ms
step:1980/3242 train_loss:3.4285 train_time:1240543ms step_avg:629.72ms
step:1981/3242 train_loss:3.4488 train_time:1241177ms step_avg:629.72ms
step:1982/3242 train_loss:3.4890 train_time:1241803ms step_avg:629.72ms
step:1983/3242 train_loss:3.4478 train_time:1242439ms step_avg:629.72ms
step:1984/3242 train_loss:3.3306 train_time:1243066ms step_avg:629.72ms
step:1985/3242 train_loss:3.5312 train_time:1243688ms step_avg:629.72ms
step:1986/3242 train_loss:3.5791 train_time:1244327ms step_avg:629.72ms
step:1987/3242 train_loss:3.3329 train_time:1244945ms step_avg:629.71ms
step:1988/3242 train_loss:3.4003 train_time:1245571ms step_avg:629.71ms
step:1989/3242 train_loss:3.4751 train_time:1246199ms step_avg:629.71ms
step:1990/3242 train_loss:3.5510 train_time:1246834ms step_avg:629.71ms
step:1991/3242 train_loss:3.3431 train_time:1247461ms step_avg:629.71ms
step:1992/3242 train_loss:3.3181 train_time:1248095ms step_avg:629.71ms
step:1993/3242 train_loss:3.6451 train_time:1248716ms step_avg:629.71ms
step:1994/3242 train_loss:3.3478 train_time:1249352ms step_avg:629.71ms
step:1995/3242 train_loss:3.3856 train_time:1249976ms step_avg:629.71ms
step:1996/3242 train_loss:3.4698 train_time:1250605ms step_avg:629.71ms
step:1997/3242 train_loss:3.3885 train_time:1251228ms step_avg:629.71ms
step:1998/3242 train_loss:3.3545 train_time:1251859ms step_avg:629.71ms
step:1999/3242 train_loss:3.3479 train_time:1252485ms step_avg:629.71ms
step:2000/3242 train_loss:3.4317 train_time:1253113ms step_avg:629.70ms
step:2000/3242 val_loss:3.4401 train_time:1253492ms step_avg:629.90ms
step:2001/3242 train_loss:3.5518 train_time:1253748ms step_avg:629.71ms
step:2002/3242 train_loss:3.4573 train_time:1254372ms step_avg:629.70ms
step:2003/3242 train_loss:3.8063 train_time:1255000ms step_avg:629.70ms
step:2004/3242 train_loss:3.5049 train_time:1255629ms step_avg:629.70ms
step:2005/3242 train_loss:3.3487 train_time:1256256ms step_avg:629.70ms
step:2006/3242 train_loss:3.4075 train_time:1256888ms step_avg:629.70ms
step:2007/3242 train_loss:3.2382 train_time:1257516ms step_avg:629.70ms
step:2008/3242 train_loss:3.5423 train_time:1258138ms step_avg:629.70ms
step:2009/3242 train_loss:3.4455 train_time:1258776ms step_avg:629.70ms
step:2010/3242 train_loss:3.4247 train_time:1259402ms step_avg:629.70ms
step:2011/3242 train_loss:3.4761 train_time:1260039ms step_avg:629.70ms
step:2012/3242 train_loss:3.5203 train_time:1260669ms step_avg:629.71ms
step:2013/3242 train_loss:3.3510 train_time:1261288ms step_avg:629.70ms
step:2014/3242 train_loss:3.4527 train_time:1261924ms step_avg:629.70ms
step:2015/3242 train_loss:3.3932 train_time:1262547ms step_avg:629.70ms
step:2016/3242 train_loss:3.3846 train_time:1263175ms step_avg:629.70ms
step:2017/3242 train_loss:3.6866 train_time:1263801ms step_avg:629.70ms
step:2018/3242 train_loss:3.3661 train_time:1264424ms step_avg:629.69ms
step:2019/3242 train_loss:3.6418 train_time:1265053ms step_avg:629.69ms
step:2020/3242 train_loss:3.4049 train_time:1265681ms step_avg:629.69ms
step:2021/3242 train_loss:3.1238 train_time:1266309ms step_avg:629.69ms
step:2022/3242 train_loss:3.3916 train_time:1266936ms step_avg:629.69ms
step:2023/3242 train_loss:3.3888 train_time:1267568ms step_avg:629.69ms
step:2024/3242 train_loss:3.4661 train_time:1268194ms step_avg:629.69ms
step:2025/3242 train_loss:3.5787 train_time:1268821ms step_avg:629.69ms
step:2026/3242 train_loss:3.3923 train_time:1269452ms step_avg:629.69ms
step:2027/3242 train_loss:2.8581 train_time:1270081ms step_avg:629.69ms
step:2028/3242 train_loss:3.3477 train_time:1270706ms step_avg:629.69ms
step:2029/3242 train_loss:3.5099 train_time:1271343ms step_avg:629.69ms
step:2030/3242 train_loss:3.3874 train_time:1271963ms step_avg:629.68ms
step:2031/3242 train_loss:3.4891 train_time:1272593ms step_avg:629.68ms
step:2032/3242 train_loss:3.2728 train_time:1273223ms step_avg:629.69ms
step:2033/3242 train_loss:3.5060 train_time:1273851ms step_avg:629.68ms
step:2034/3242 train_loss:3.3133 train_time:1274473ms step_avg:629.68ms
step:2035/3242 train_loss:3.4941 train_time:1275100ms step_avg:629.68ms
step:2036/3242 train_loss:3.5158 train_time:1275728ms step_avg:629.68ms
step:2037/3242 train_loss:3.5316 train_time:1276357ms step_avg:629.68ms
step:2038/3242 train_loss:3.3208 train_time:1276983ms step_avg:629.68ms
step:2039/3242 train_loss:3.6662 train_time:1277612ms step_avg:629.68ms
step:2040/3242 train_loss:3.4832 train_time:1278239ms step_avg:629.67ms
step:2041/3242 train_loss:3.5402 train_time:1278874ms step_avg:629.68ms
step:2042/3242 train_loss:3.3553 train_time:1279509ms step_avg:629.68ms
step:2043/3242 train_loss:3.4214 train_time:1280136ms step_avg:629.68ms
step:2044/3242 train_loss:3.4965 train_time:1280760ms step_avg:629.68ms
step:2045/3242 train_loss:3.4700 train_time:1281384ms step_avg:629.67ms
step:2046/3242 train_loss:3.2152 train_time:1282010ms step_avg:629.67ms
step:2047/3242 train_loss:3.2763 train_time:1282638ms step_avg:629.67ms
step:2048/3242 train_loss:3.4471 train_time:1283265ms step_avg:629.67ms
step:2049/3242 train_loss:3.3633 train_time:1283893ms step_avg:629.67ms
step:2050/3242 train_loss:3.3014 train_time:1284526ms step_avg:629.67ms
step:2051/3242 train_loss:3.5491 train_time:1285158ms step_avg:629.67ms
step:2052/3242 train_loss:3.4818 train_time:1285775ms step_avg:629.66ms
step:2053/3242 train_loss:3.4047 train_time:1286403ms step_avg:629.66ms
step:2054/3242 train_loss:3.4187 train_time:1287049ms step_avg:629.67ms
step:2055/3242 train_loss:3.4572 train_time:1287672ms step_avg:629.67ms
step:2056/3242 train_loss:3.3765 train_time:1288292ms step_avg:629.66ms
step:2057/3242 train_loss:3.7212 train_time:1288918ms step_avg:629.66ms
step:2058/3242 train_loss:3.6477 train_time:1289550ms step_avg:629.66ms
step:2059/3242 train_loss:3.4087 train_time:1290186ms step_avg:629.67ms
step:2060/3242 train_loss:3.5476 train_time:1290818ms step_avg:629.67ms
step:2061/3242 train_loss:3.4970 train_time:1291446ms step_avg:629.67ms
step:2062/3242 train_loss:3.5069 train_time:1292073ms step_avg:629.67ms
step:2063/3242 train_loss:3.4459 train_time:1292697ms step_avg:629.66ms
step:2064/3242 train_loss:3.7400 train_time:1293323ms step_avg:629.66ms
step:2065/3242 train_loss:3.4836 train_time:1293951ms step_avg:629.66ms
step:2066/3242 train_loss:3.5582 train_time:1294576ms step_avg:629.66ms
step:2067/3242 train_loss:3.3884 train_time:1295200ms step_avg:629.65ms
step:2068/3242 train_loss:3.3310 train_time:1295831ms step_avg:629.66ms
step:2069/3242 train_loss:3.3884 train_time:1296459ms step_avg:629.65ms
step:2070/3242 train_loss:3.6436 train_time:1297081ms step_avg:629.65ms
step:2071/3242 train_loss:3.5885 train_time:1297710ms step_avg:629.65ms
step:2072/3242 train_loss:3.4891 train_time:1298338ms step_avg:629.65ms
step:2073/3242 train_loss:3.4371 train_time:1298966ms step_avg:629.65ms
step:2074/3242 train_loss:3.4700 train_time:1299601ms step_avg:629.65ms
step:2075/3242 train_loss:3.4469 train_time:1300225ms step_avg:629.65ms
step:2076/3242 train_loss:3.1968 train_time:1300859ms step_avg:629.65ms
step:2077/3242 train_loss:3.5883 train_time:1301482ms step_avg:629.65ms
step:2078/3242 train_loss:3.2770 train_time:1302115ms step_avg:629.65ms
step:2079/3242 train_loss:3.2749 train_time:1302744ms step_avg:629.65ms
step:2080/3242 train_loss:3.3485 train_time:1303371ms step_avg:629.65ms
step:2081/3242 train_loss:3.4224 train_time:1303994ms step_avg:629.64ms
step:2082/3242 train_loss:3.2958 train_time:1304630ms step_avg:629.65ms
step:2083/3242 train_loss:3.5398 train_time:1305263ms step_avg:629.65ms
step:2084/3242 train_loss:3.3463 train_time:1305891ms step_avg:629.65ms
step:2085/3242 train_loss:3.2854 train_time:1306517ms step_avg:629.65ms
step:2086/3242 train_loss:3.4643 train_time:1307154ms step_avg:629.65ms
step:2087/3242 train_loss:3.5175 train_time:1307776ms step_avg:629.65ms
step:2088/3242 train_loss:3.4444 train_time:1308394ms step_avg:629.64ms
step:2089/3242 train_loss:3.7052 train_time:1309022ms step_avg:629.64ms
step:2090/3242 train_loss:3.5398 train_time:1310081ms step_avg:629.85ms
step:2091/3242 train_loss:3.5540 train_time:1310709ms step_avg:629.85ms
step:2092/3242 train_loss:3.3250 train_time:1311335ms step_avg:629.84ms
step:2093/3242 train_loss:3.4611 train_time:1311975ms step_avg:629.85ms
step:2094/3242 train_loss:3.4154 train_time:1312607ms step_avg:629.85ms
step:2095/3242 train_loss:2.9815 train_time:1313232ms step_avg:629.85ms
step:2096/3242 train_loss:3.3825 train_time:1313858ms step_avg:629.85ms
step:2097/3242 train_loss:3.5587 train_time:1314483ms step_avg:629.84ms
step:2098/3242 train_loss:3.4115 train_time:1315111ms step_avg:629.84ms
step:2099/3242 train_loss:3.2475 train_time:1315737ms step_avg:629.84ms
step:2100/3242 train_loss:3.3803 train_time:1316369ms step_avg:629.84ms
step:2101/3242 train_loss:3.3636 train_time:1316997ms step_avg:629.84ms
step:2102/3242 train_loss:3.6095 train_time:1317625ms step_avg:629.84ms
step:2103/3242 train_loss:3.3448 train_time:1318252ms step_avg:629.84ms
step:2104/3242 train_loss:3.3782 train_time:1318883ms step_avg:629.84ms
step:2105/3242 train_loss:3.6991 train_time:1319512ms step_avg:629.84ms
step:2106/3242 train_loss:3.2092 train_time:1320136ms step_avg:629.84ms
step:2107/3242 train_loss:3.7846 train_time:1320769ms step_avg:629.84ms
step:2108/3242 train_loss:3.3323 train_time:1321399ms step_avg:629.84ms
step:2109/3242 train_loss:3.4686 train_time:1322021ms step_avg:629.83ms
step:2110/3242 train_loss:3.5709 train_time:1322648ms step_avg:629.83ms
step:2111/3242 train_loss:3.2785 train_time:1323279ms step_avg:629.83ms
step:2112/3242 train_loss:3.5980 train_time:1323912ms step_avg:629.83ms
step:2113/3242 train_loss:3.5041 train_time:1324540ms step_avg:629.83ms
step:2114/3242 train_loss:3.4755 train_time:1325172ms step_avg:629.83ms
step:2115/3242 train_loss:3.3918 train_time:1325803ms step_avg:629.83ms
step:2116/3242 train_loss:3.4865 train_time:1326431ms step_avg:629.83ms
step:2117/3242 train_loss:3.3506 train_time:1327051ms step_avg:629.83ms
step:2118/3242 train_loss:3.5088 train_time:1327676ms step_avg:629.83ms
step:2119/3242 train_loss:3.3995 train_time:1328302ms step_avg:629.83ms
step:2120/3242 train_loss:3.3877 train_time:1328936ms step_avg:629.83ms
step:2121/3242 train_loss:3.2889 train_time:1329566ms step_avg:629.83ms
step:2122/3242 train_loss:3.4347 train_time:1330187ms step_avg:629.82ms
step:2123/3242 train_loss:3.5005 train_time:1330806ms step_avg:629.82ms
step:2124/3242 train_loss:3.4079 train_time:1331438ms step_avg:629.82ms
step:2125/3242 train_loss:3.4116 train_time:1332067ms step_avg:629.82ms
step:2125/3242 val_loss:3.4288 train_time:1332449ms step_avg:630.00ms
step:2126/3242 train_loss:3.3420 train_time:1332700ms step_avg:629.82ms
step:2127/3242 train_loss:3.5364 train_time:1333326ms step_avg:629.82ms
step:2128/3242 train_loss:3.4556 train_time:1333954ms step_avg:629.82ms
step:2129/3242 train_loss:3.4691 train_time:1334583ms step_avg:629.82ms
step:2130/3242 train_loss:3.3622 train_time:1335216ms step_avg:629.82ms
step:2131/3242 train_loss:3.3279 train_time:1335845ms step_avg:629.82ms
step:2132/3242 train_loss:3.5820 train_time:1336467ms step_avg:629.81ms
step:2133/3242 train_loss:3.5009 train_time:1337096ms step_avg:629.81ms
step:2134/3242 train_loss:3.2736 train_time:1337724ms step_avg:629.81ms
step:2135/3242 train_loss:3.4468 train_time:1338353ms step_avg:629.81ms
step:2136/3242 train_loss:3.3905 train_time:1338980ms step_avg:629.81ms
step:2137/3242 train_loss:3.5872 train_time:1339609ms step_avg:629.81ms
step:2138/3242 train_loss:3.3152 train_time:1340240ms step_avg:629.81ms
step:2139/3242 train_loss:3.3962 train_time:1340868ms step_avg:629.81ms
step:2140/3242 train_loss:3.4964 train_time:1341491ms step_avg:629.81ms
step:2141/3242 train_loss:3.6946 train_time:1342118ms step_avg:629.81ms
step:2142/3242 train_loss:4.1946 train_time:1342746ms step_avg:629.81ms
step:2143/3242 train_loss:3.4146 train_time:1343373ms step_avg:629.80ms
step:2144/3242 train_loss:3.2217 train_time:1344001ms step_avg:629.80ms
step:2145/3242 train_loss:3.4588 train_time:1344629ms step_avg:629.80ms
step:2146/3242 train_loss:3.6217 train_time:1345250ms step_avg:629.80ms
step:2147/3242 train_loss:3.4474 train_time:1345879ms step_avg:629.80ms
step:2148/3242 train_loss:3.3754 train_time:1346511ms step_avg:629.80ms
step:2149/3242 train_loss:3.4244 train_time:1347137ms step_avg:629.80ms
step:2150/3242 train_loss:3.3129 train_time:1347763ms step_avg:629.80ms
step:2151/3242 train_loss:3.4163 train_time:1348398ms step_avg:629.80ms
step:2152/3242 train_loss:3.5301 train_time:1349044ms step_avg:629.81ms
step:2153/3242 train_loss:3.4122 train_time:1349671ms step_avg:629.80ms
step:2154/3242 train_loss:3.4101 train_time:1350299ms step_avg:629.80ms
step:2155/3242 train_loss:3.3599 train_time:1350910ms step_avg:629.80ms
step:2156/3242 train_loss:3.2370 train_time:1351541ms step_avg:629.80ms
step:2157/3242 train_loss:3.4107 train_time:1352165ms step_avg:629.79ms
step:2158/3242 train_loss:3.4629 train_time:1352796ms step_avg:629.79ms
step:2159/3242 train_loss:3.4596 train_time:1353421ms step_avg:629.79ms
step:2160/3242 train_loss:3.5655 train_time:1354053ms step_avg:629.79ms
step:2161/3242 train_loss:3.4582 train_time:1354680ms step_avg:629.79ms
step:2162/3242 train_loss:3.3979 train_time:1355302ms step_avg:629.79ms
step:2163/3242 train_loss:3.4221 train_time:1355939ms step_avg:629.79ms
step:2164/3242 train_loss:3.4767 train_time:1356562ms step_avg:629.79ms
step:2165/3242 train_loss:3.4324 train_time:1357186ms step_avg:629.78ms
step:2166/3242 train_loss:3.4437 train_time:1357817ms step_avg:629.79ms
step:2167/3242 train_loss:3.3886 train_time:1358443ms step_avg:629.78ms
step:2168/3242 train_loss:3.2957 train_time:1359073ms step_avg:629.78ms
step:2169/3242 train_loss:3.3401 train_time:1359708ms step_avg:629.79ms
step:2170/3242 train_loss:3.3912 train_time:1360328ms step_avg:629.78ms
step:2171/3242 train_loss:3.5550 train_time:1360956ms step_avg:629.78ms
step:2172/3242 train_loss:3.4978 train_time:1361586ms step_avg:629.78ms
step:2173/3242 train_loss:3.3360 train_time:1362214ms step_avg:629.78ms
step:2174/3242 train_loss:3.4163 train_time:1362843ms step_avg:629.78ms
step:2175/3242 train_loss:3.3369 train_time:1363470ms step_avg:629.78ms
step:2176/3242 train_loss:3.4086 train_time:1364101ms step_avg:629.78ms
step:2177/3242 train_loss:3.2819 train_time:1364731ms step_avg:629.78ms
step:2178/3242 train_loss:3.5461 train_time:1365369ms step_avg:629.78ms
step:2179/3242 train_loss:3.4213 train_time:1365997ms step_avg:629.78ms
step:2180/3242 train_loss:3.3014 train_time:1366625ms step_avg:629.78ms
step:2181/3242 train_loss:3.5665 train_time:1367255ms step_avg:629.78ms
step:2182/3242 train_loss:3.4280 train_time:1367873ms step_avg:629.78ms
step:2183/3242 train_loss:3.4153 train_time:1368498ms step_avg:629.77ms
step:2184/3242 train_loss:3.3336 train_time:1369124ms step_avg:629.77ms
step:2185/3242 train_loss:3.3066 train_time:1369761ms step_avg:629.77ms
step:2186/3242 train_loss:3.3983 train_time:1370384ms step_avg:629.77ms
step:2187/3242 train_loss:3.3408 train_time:1371022ms step_avg:629.78ms
step:2188/3242 train_loss:3.2577 train_time:1371646ms step_avg:629.77ms
step:2189/3242 train_loss:3.3495 train_time:1372275ms step_avg:629.77ms
step:2190/3242 train_loss:3.3163 train_time:1372901ms step_avg:629.77ms
step:2191/3242 train_loss:3.4630 train_time:1373530ms step_avg:629.77ms
step:2192/3242 train_loss:3.4105 train_time:1374157ms step_avg:629.77ms
step:2193/3242 train_loss:3.7578 train_time:1374786ms step_avg:629.77ms
step:2194/3242 train_loss:3.4181 train_time:1375414ms step_avg:629.77ms
step:2195/3242 train_loss:3.5196 train_time:1376042ms step_avg:629.77ms
step:2196/3242 train_loss:3.5586 train_time:1376669ms step_avg:629.77ms
step:2197/3242 train_loss:3.3466 train_time:1377298ms step_avg:629.77ms
step:2198/3242 train_loss:3.4654 train_time:1377928ms step_avg:629.77ms
step:2199/3242 train_loss:3.3337 train_time:1378556ms step_avg:629.77ms
step:2200/3242 train_loss:3.3087 train_time:1379184ms step_avg:629.76ms
step:2201/3242 train_loss:3.4127 train_time:1379815ms step_avg:629.77ms
step:2202/3242 train_loss:3.3823 train_time:1380439ms step_avg:629.76ms
step:2203/3242 train_loss:3.4156 train_time:1381072ms step_avg:629.76ms
step:2204/3242 train_loss:4.3176 train_time:1381694ms step_avg:629.76ms
step:2205/3242 train_loss:3.4796 train_time:1382325ms step_avg:629.76ms
step:2206/3242 train_loss:3.3441 train_time:1382951ms step_avg:629.76ms
step:2207/3242 train_loss:3.3908 train_time:1383578ms step_avg:629.76ms
step:2208/3242 train_loss:3.5140 train_time:1384207ms step_avg:629.76ms
step:2209/3242 train_loss:3.2522 train_time:1384842ms step_avg:629.76ms
step:2210/3242 train_loss:3.3895 train_time:1385467ms step_avg:629.76ms
step:2211/3242 train_loss:3.3599 train_time:1386098ms step_avg:629.76ms
step:2212/3242 train_loss:3.4457 train_time:1386725ms step_avg:629.76ms
step:2213/3242 train_loss:3.4544 train_time:1387352ms step_avg:629.76ms
step:2214/3242 train_loss:3.3607 train_time:1387982ms step_avg:629.76ms
step:2215/3242 train_loss:3.4423 train_time:1388607ms step_avg:629.75ms
step:2216/3242 train_loss:3.6111 train_time:1389237ms step_avg:629.75ms
step:2217/3242 train_loss:3.4450 train_time:1389868ms step_avg:629.75ms
step:2218/3242 train_loss:3.2833 train_time:1390494ms step_avg:629.75ms
step:2219/3242 train_loss:3.3850 train_time:1391123ms step_avg:629.75ms
step:2220/3242 train_loss:3.2474 train_time:1391753ms step_avg:629.75ms
step:2221/3242 train_loss:3.6646 train_time:1392380ms step_avg:629.75ms
step:2222/3242 train_loss:3.5275 train_time:1393008ms step_avg:629.75ms
step:2223/3242 train_loss:3.7164 train_time:1393637ms step_avg:629.75ms
step:2224/3242 train_loss:3.2710 train_time:1394263ms step_avg:629.75ms
step:2225/3242 train_loss:3.3856 train_time:1394887ms step_avg:629.75ms
step:2226/3242 train_loss:3.2820 train_time:1395517ms step_avg:629.75ms
step:2227/3242 train_loss:3.6380 train_time:1396144ms step_avg:629.74ms
step:2228/3242 train_loss:3.5817 train_time:1396772ms step_avg:629.74ms
step:2229/3242 train_loss:3.2086 train_time:1397400ms step_avg:629.74ms
step:2230/3242 train_loss:3.6800 train_time:1398029ms step_avg:629.74ms
step:2231/3242 train_loss:3.3575 train_time:1398661ms step_avg:629.74ms
step:2232/3242 train_loss:3.3565 train_time:1399288ms step_avg:629.74ms
step:2233/3242 train_loss:3.5066 train_time:1399922ms step_avg:629.74ms
step:2234/3242 train_loss:3.6169 train_time:1400544ms step_avg:629.74ms
step:2235/3242 train_loss:3.4379 train_time:1401179ms step_avg:629.74ms
step:2236/3242 train_loss:3.3392 train_time:1401820ms step_avg:629.75ms
step:2237/3242 train_loss:3.1370 train_time:1402439ms step_avg:629.74ms
step:2238/3242 train_loss:3.4201 train_time:1403062ms step_avg:629.74ms
step:2239/3242 train_loss:3.4474 train_time:1403686ms step_avg:629.74ms
step:2240/3242 train_loss:3.2346 train_time:1404315ms step_avg:629.74ms
step:2241/3242 train_loss:3.3090 train_time:1404944ms step_avg:629.74ms
step:2242/3242 train_loss:3.3930 train_time:1405572ms step_avg:629.74ms
step:2243/3242 train_loss:3.4501 train_time:1406208ms step_avg:629.74ms
step:2244/3242 train_loss:3.2298 train_time:1406827ms step_avg:629.73ms
step:2245/3242 train_loss:3.4996 train_time:1407455ms step_avg:629.73ms
step:2246/3242 train_loss:3.5089 train_time:1408080ms step_avg:629.73ms
step:2247/3242 train_loss:3.1669 train_time:1408708ms step_avg:629.73ms
step:2248/3242 train_loss:3.2129 train_time:1409336ms step_avg:629.73ms
step:2249/3242 train_loss:3.5681 train_time:1409967ms step_avg:629.73ms
step:2250/3242 train_loss:3.4846 train_time:1410602ms step_avg:629.73ms
step:2250/3242 val_loss:3.4194 train_time:1410975ms step_avg:629.90ms
step:2251/3242 train_loss:3.3574 train_time:1411225ms step_avg:629.73ms
step:2252/3242 train_loss:3.3588 train_time:1411847ms step_avg:629.73ms
step:2253/3242 train_loss:3.4078 train_time:1412479ms step_avg:629.73ms
step:2254/3242 train_loss:3.4459 train_time:1413104ms step_avg:629.73ms
step:2255/3242 train_loss:3.5026 train_time:1413739ms step_avg:629.73ms
step:2256/3242 train_loss:3.3528 train_time:1414365ms step_avg:629.73ms
step:2257/3242 train_loss:3.5459 train_time:1414998ms step_avg:629.73ms
step:2258/3242 train_loss:3.4213 train_time:1415620ms step_avg:629.72ms
step:2259/3242 train_loss:4.2235 train_time:1416245ms step_avg:629.72ms
step:2260/3242 train_loss:3.3841 train_time:1416881ms step_avg:629.72ms
step:2261/3242 train_loss:3.4385 train_time:1417506ms step_avg:629.72ms
step:2262/3242 train_loss:3.4357 train_time:1418137ms step_avg:629.72ms
step:2263/3242 train_loss:3.2982 train_time:1418763ms step_avg:629.72ms
step:2264/3242 train_loss:3.4511 train_time:1419392ms step_avg:629.72ms
step:2265/3242 train_loss:3.2823 train_time:1420022ms step_avg:629.72ms
step:2266/3242 train_loss:3.6158 train_time:1420650ms step_avg:629.72ms
step:2267/3242 train_loss:3.2136 train_time:1421277ms step_avg:629.72ms
step:2268/3242 train_loss:3.3198 train_time:1421905ms step_avg:629.72ms
step:2269/3242 train_loss:3.2340 train_time:1422566ms step_avg:629.73ms
step:2270/3242 train_loss:3.3668 train_time:1423193ms step_avg:629.73ms
step:2271/3242 train_loss:3.8903 train_time:1423817ms step_avg:629.73ms
step:2272/3242 train_loss:3.4899 train_time:1424448ms step_avg:629.73ms
step:2273/3242 train_loss:3.4917 train_time:1425084ms step_avg:629.73ms
step:2274/3242 train_loss:3.3980 train_time:1425715ms step_avg:629.73ms
step:2275/3242 train_loss:3.3310 train_time:1426339ms step_avg:629.73ms
step:2276/3242 train_loss:3.3617 train_time:1426965ms step_avg:629.73ms
step:2277/3242 train_loss:3.2214 train_time:1427590ms step_avg:629.73ms
step:2278/3242 train_loss:3.3002 train_time:1428228ms step_avg:629.73ms
step:2279/3242 train_loss:3.7137 train_time:1428856ms step_avg:629.73ms
step:2280/3242 train_loss:3.2746 train_time:1429850ms step_avg:629.89ms
step:2281/3242 train_loss:3.4641 train_time:1430483ms step_avg:629.89ms
step:2282/3242 train_loss:3.2730 train_time:1431106ms step_avg:629.89ms
step:2283/3242 train_loss:3.3950 train_time:1431736ms step_avg:629.89ms
step:2284/3242 train_loss:3.3241 train_time:1432366ms step_avg:629.89ms
step:2285/3242 train_loss:3.4554 train_time:1432992ms step_avg:629.89ms
step:2286/3242 train_loss:3.4426 train_time:1433619ms step_avg:629.89ms
step:2287/3242 train_loss:3.2580 train_time:1434246ms step_avg:629.88ms
step:2288/3242 train_loss:3.4456 train_time:1434874ms step_avg:629.88ms
step:2289/3242 train_loss:3.4538 train_time:1435503ms step_avg:629.88ms
step:2290/3242 train_loss:3.6438 train_time:1436129ms step_avg:629.88ms
step:2291/3242 train_loss:3.2479 train_time:1436757ms step_avg:629.88ms
step:2292/3242 train_loss:4.0634 train_time:1437384ms step_avg:629.88ms
step:2293/3242 train_loss:3.3749 train_time:1438007ms step_avg:629.88ms
step:2294/3242 train_loss:3.2848 train_time:1438632ms step_avg:629.87ms
step:2295/3242 train_loss:3.4587 train_time:1439260ms step_avg:629.87ms
step:2296/3242 train_loss:3.3816 train_time:1439896ms step_avg:629.88ms
step:2297/3242 train_loss:3.4278 train_time:1440523ms step_avg:629.87ms
step:2298/3242 train_loss:3.8525 train_time:1441151ms step_avg:629.87ms
step:2299/3242 train_loss:3.4538 train_time:1441776ms step_avg:629.87ms
step:2300/3242 train_loss:3.2274 train_time:1442404ms step_avg:629.87ms
step:2301/3242 train_loss:3.6408 train_time:1443029ms step_avg:629.87ms
step:2302/3242 train_loss:3.2636 train_time:1443657ms step_avg:629.87ms
step:2303/3242 train_loss:3.4246 train_time:1444286ms step_avg:629.87ms
step:2304/3242 train_loss:3.3789 train_time:1444912ms step_avg:629.87ms
step:2305/3242 train_loss:3.3214 train_time:1445541ms step_avg:629.87ms
step:2306/3242 train_loss:3.6349 train_time:1446177ms step_avg:629.87ms
step:2307/3242 train_loss:3.2473 train_time:1446807ms step_avg:629.87ms
step:2308/3242 train_loss:3.4734 train_time:1447437ms step_avg:629.87ms
step:2309/3242 train_loss:3.4410 train_time:1448059ms step_avg:629.86ms
step:2310/3242 train_loss:3.5548 train_time:1448687ms step_avg:629.86ms
step:2311/3242 train_loss:3.2567 train_time:1449315ms step_avg:629.86ms
step:2312/3242 train_loss:3.4497 train_time:1449947ms step_avg:629.86ms
step:2313/3242 train_loss:3.5086 train_time:1450574ms step_avg:629.86ms
step:2314/3242 train_loss:3.4562 train_time:1451203ms step_avg:629.86ms
step:2315/3242 train_loss:3.3223 train_time:1451829ms step_avg:629.86ms
step:2316/3242 train_loss:3.4068 train_time:1452459ms step_avg:629.86ms
step:2317/3242 train_loss:3.2503 train_time:1453082ms step_avg:629.86ms
step:2318/3242 train_loss:3.4464 train_time:1453717ms step_avg:629.86ms
step:2319/3242 train_loss:3.3840 train_time:1454349ms step_avg:629.86ms
step:2320/3242 train_loss:3.0766 train_time:1454969ms step_avg:629.86ms
step:2321/3242 train_loss:3.3537 train_time:1455599ms step_avg:629.86ms
step:2322/3242 train_loss:3.4928 train_time:1456226ms step_avg:629.86ms
step:2323/3242 train_loss:3.4050 train_time:1456852ms step_avg:629.85ms
step:2324/3242 train_loss:3.4322 train_time:1457480ms step_avg:629.85ms
step:2325/3242 train_loss:3.4474 train_time:1458111ms step_avg:629.85ms
step:2326/3242 train_loss:3.5324 train_time:1458738ms step_avg:629.85ms
step:2327/3242 train_loss:3.5310 train_time:1459366ms step_avg:629.85ms
step:2328/3242 train_loss:3.2415 train_time:1460001ms step_avg:629.85ms
step:2329/3242 train_loss:3.3491 train_time:1460629ms step_avg:629.85ms
step:2330/3242 train_loss:3.3347 train_time:1461256ms step_avg:629.85ms
step:2331/3242 train_loss:3.2975 train_time:1461879ms step_avg:629.85ms
step:2332/3242 train_loss:3.0964 train_time:1462507ms step_avg:629.85ms
step:2333/3242 train_loss:3.3998 train_time:1463143ms step_avg:629.85ms
step:2334/3242 train_loss:3.3893 train_time:1463773ms step_avg:629.85ms
step:2335/3242 train_loss:3.4796 train_time:1464397ms step_avg:629.85ms
step:2336/3242 train_loss:3.2643 train_time:1465024ms step_avg:629.85ms
step:2337/3242 train_loss:3.4354 train_time:1465653ms step_avg:629.85ms
step:2338/3242 train_loss:3.3872 train_time:1466280ms step_avg:629.85ms
step:2339/3242 train_loss:3.3098 train_time:1466909ms step_avg:629.84ms
step:2340/3242 train_loss:3.5162 train_time:1467536ms step_avg:629.84ms
step:2341/3242 train_loss:3.4219 train_time:1468165ms step_avg:629.84ms
step:2342/3242 train_loss:3.3717 train_time:1468789ms step_avg:629.84ms
step:2343/3242 train_loss:3.3880 train_time:1469415ms step_avg:629.84ms
step:2344/3242 train_loss:3.4770 train_time:1470048ms step_avg:629.84ms
step:2345/3242 train_loss:3.3731 train_time:1470676ms step_avg:629.84ms
step:2346/3242 train_loss:3.4533 train_time:1471309ms step_avg:629.84ms
step:2347/3242 train_loss:3.4487 train_time:1471935ms step_avg:629.84ms
step:2348/3242 train_loss:3.4173 train_time:1472563ms step_avg:629.84ms
step:2349/3242 train_loss:3.4518 train_time:1473190ms step_avg:629.84ms
step:2350/3242 train_loss:3.2503 train_time:1473830ms step_avg:629.84ms
step:2351/3242 train_loss:3.2250 train_time:1474449ms step_avg:629.84ms
step:2352/3242 train_loss:3.3683 train_time:1475075ms step_avg:629.84ms
step:2353/3242 train_loss:3.3935 train_time:1475704ms step_avg:629.84ms
step:2354/3242 train_loss:3.4878 train_time:1476333ms step_avg:629.83ms
step:2355/3242 train_loss:3.3698 train_time:1476967ms step_avg:629.84ms
step:2356/3242 train_loss:3.2228 train_time:1477592ms step_avg:629.83ms
step:2357/3242 train_loss:3.5399 train_time:1478220ms step_avg:629.83ms
step:2358/3242 train_loss:3.2168 train_time:1478848ms step_avg:629.83ms
step:2359/3242 train_loss:3.3097 train_time:1479473ms step_avg:629.83ms
step:2360/3242 train_loss:3.2544 train_time:1480104ms step_avg:629.83ms
step:2361/3242 train_loss:3.2545 train_time:1480735ms step_avg:629.83ms
step:2362/3242 train_loss:3.3675 train_time:1481366ms step_avg:629.83ms
step:2363/3242 train_loss:3.2246 train_time:1481992ms step_avg:629.83ms
step:2364/3242 train_loss:3.3983 train_time:1482622ms step_avg:629.83ms
step:2365/3242 train_loss:3.3389 train_time:1483248ms step_avg:629.83ms
step:2366/3242 train_loss:3.4090 train_time:1483877ms step_avg:629.83ms
step:2367/3242 train_loss:3.4787 train_time:1484506ms step_avg:629.83ms
step:2368/3242 train_loss:3.3833 train_time:1485132ms step_avg:629.83ms
step:2369/3242 train_loss:3.4027 train_time:1485761ms step_avg:629.83ms
step:2370/3242 train_loss:3.5047 train_time:1486388ms step_avg:629.83ms
step:2371/3242 train_loss:3.3223 train_time:1487011ms step_avg:629.82ms
step:2372/3242 train_loss:3.5522 train_time:1487644ms step_avg:629.82ms
step:2373/3242 train_loss:3.3717 train_time:1488272ms step_avg:629.82ms
step:2374/3242 train_loss:4.0800 train_time:1488903ms step_avg:629.82ms
step:2375/3242 train_loss:3.3462 train_time:1489532ms step_avg:629.82ms
step:2375/3242 val_loss:3.4070 train_time:1489906ms step_avg:629.98ms
step:2376/3242 train_loss:3.2841 train_time:1490157ms step_avg:629.82ms
step:2377/3242 train_loss:3.6005 train_time:1490817ms step_avg:629.83ms
step:2378/3242 train_loss:3.5083 train_time:1491414ms step_avg:629.82ms
step:2379/3242 train_loss:3.5281 train_time:1492045ms step_avg:629.82ms
step:2380/3242 train_loss:3.4396 train_time:1492673ms step_avg:629.82ms
step:2381/3242 train_loss:3.3116 train_time:1493300ms step_avg:629.82ms
step:2382/3242 train_loss:3.4652 train_time:1493927ms step_avg:629.82ms
step:2383/3242 train_loss:3.4958 train_time:1494551ms step_avg:629.81ms
step:2384/3242 train_loss:3.3401 train_time:1495184ms step_avg:629.82ms
step:2385/3242 train_loss:3.2830 train_time:1495815ms step_avg:629.82ms
step:2386/3242 train_loss:3.4735 train_time:1496439ms step_avg:629.81ms
step:2387/3242 train_loss:3.4650 train_time:1497070ms step_avg:629.82ms
step:2388/3242 train_loss:3.5205 train_time:1497697ms step_avg:629.81ms
step:2389/3242 train_loss:3.4310 train_time:1498326ms step_avg:629.81ms
step:2390/3242 train_loss:3.5151 train_time:1498948ms step_avg:629.81ms
step:2391/3242 train_loss:3.3317 train_time:1499577ms step_avg:629.81ms
step:2392/3242 train_loss:3.2926 train_time:1500206ms step_avg:629.81ms
step:2393/3242 train_loss:3.5479 train_time:1500830ms step_avg:629.81ms
step:2394/3242 train_loss:3.3027 train_time:1501461ms step_avg:629.81ms
step:2395/3242 train_loss:3.5218 train_time:1502088ms step_avg:629.81ms
step:2396/3242 train_loss:3.5709 train_time:1502720ms step_avg:629.81ms
step:2397/3242 train_loss:3.7281 train_time:1503348ms step_avg:629.81ms
step:2398/3242 train_loss:3.6790 train_time:1503975ms step_avg:629.81ms
step:2399/3242 train_loss:3.4552 train_time:1504604ms step_avg:629.80ms
step:2400/3242 train_loss:3.2962 train_time:1505225ms step_avg:629.80ms
step:2401/3242 train_loss:3.3362 train_time:1505853ms step_avg:629.80ms
step:2402/3242 train_loss:3.5119 train_time:1506482ms step_avg:629.80ms
step:2403/3242 train_loss:3.3066 train_time:1507110ms step_avg:629.80ms
step:2404/3242 train_loss:3.3776 train_time:1507740ms step_avg:629.80ms
step:2405/3242 train_loss:3.6923 train_time:1508376ms step_avg:629.80ms
step:2406/3242 train_loss:3.3410 train_time:1509002ms step_avg:629.80ms
step:2407/3242 train_loss:3.4905 train_time:1509627ms step_avg:629.80ms
step:2408/3242 train_loss:3.3712 train_time:1510254ms step_avg:629.80ms
step:2409/3242 train_loss:3.4150 train_time:1510880ms step_avg:629.80ms
step:2410/3242 train_loss:3.5021 train_time:1511514ms step_avg:629.80ms
step:2411/3242 train_loss:3.3398 train_time:1512142ms step_avg:629.80ms
step:2412/3242 train_loss:3.5180 train_time:1512768ms step_avg:629.80ms
step:2413/3242 train_loss:3.4917 train_time:1513398ms step_avg:629.80ms
step:2414/3242 train_loss:3.3651 train_time:1514018ms step_avg:629.79ms
step:2415/3242 train_loss:3.3375 train_time:1514653ms step_avg:629.79ms
step:2416/3242 train_loss:3.4886 train_time:1515282ms step_avg:629.79ms
step:2417/3242 train_loss:3.2965 train_time:1515909ms step_avg:629.79ms
step:2418/3242 train_loss:3.2114 train_time:1516536ms step_avg:629.79ms
step:2419/3242 train_loss:3.5647 train_time:1517165ms step_avg:629.79ms
step:2420/3242 train_loss:3.3905 train_time:1517798ms step_avg:629.79ms
step:2421/3242 train_loss:3.3849 train_time:1518424ms step_avg:629.79ms
step:2422/3242 train_loss:3.4119 train_time:1519050ms step_avg:629.79ms
step:2423/3242 train_loss:3.6092 train_time:1519678ms step_avg:629.79ms
step:2424/3242 train_loss:3.4113 train_time:1520306ms step_avg:629.79ms
step:2425/3242 train_loss:3.6458 train_time:1520926ms step_avg:629.78ms
step:2426/3242 train_loss:3.5155 train_time:1521556ms step_avg:629.78ms
step:2427/3242 train_loss:3.4048 train_time:1522187ms step_avg:629.78ms
step:2428/3242 train_loss:3.4097 train_time:1522821ms step_avg:629.79ms
step:2429/3242 train_loss:3.4105 train_time:1523446ms step_avg:629.78ms
step:2430/3242 train_loss:3.4189 train_time:1524078ms step_avg:629.78ms
step:2431/3242 train_loss:3.3913 train_time:1524702ms step_avg:629.78ms
step:2432/3242 train_loss:3.3913 train_time:1525330ms step_avg:629.78ms
step:2433/3242 train_loss:3.4371 train_time:1525962ms step_avg:629.78ms
step:2434/3242 train_loss:3.2617 train_time:1526586ms step_avg:629.78ms
step:2435/3242 train_loss:3.2275 train_time:1527215ms step_avg:629.78ms
step:2436/3242 train_loss:3.4361 train_time:1527844ms step_avg:629.78ms
step:2437/3242 train_loss:3.2052 train_time:1528480ms step_avg:629.78ms
step:2438/3242 train_loss:3.3767 train_time:1529103ms step_avg:629.78ms
step:2439/3242 train_loss:3.4888 train_time:1529731ms step_avg:629.78ms
step:2440/3242 train_loss:3.4976 train_time:1530355ms step_avg:629.78ms
step:2441/3242 train_loss:3.3745 train_time:1530984ms step_avg:629.78ms
step:2442/3242 train_loss:3.3521 train_time:1531611ms step_avg:629.77ms
step:2443/3242 train_loss:3.4893 train_time:1532243ms step_avg:629.77ms
step:2444/3242 train_loss:3.2695 train_time:1532871ms step_avg:629.77ms
step:2445/3242 train_loss:3.3780 train_time:1533498ms step_avg:629.77ms
step:2446/3242 train_loss:3.3690 train_time:1534130ms step_avg:629.77ms
step:2447/3242 train_loss:3.3713 train_time:1534761ms step_avg:629.77ms
step:2448/3242 train_loss:3.3790 train_time:1535385ms step_avg:629.77ms
step:2449/3242 train_loss:3.6793 train_time:1536013ms step_avg:629.77ms
step:2450/3242 train_loss:3.4335 train_time:1536644ms step_avg:629.77ms
step:2451/3242 train_loss:3.3474 train_time:1537270ms step_avg:629.77ms
step:2452/3242 train_loss:3.2927 train_time:1537894ms step_avg:629.77ms
step:2453/3242 train_loss:3.6736 train_time:1538530ms step_avg:629.77ms
step:2454/3242 train_loss:3.3381 train_time:1539152ms step_avg:629.77ms
step:2455/3242 train_loss:3.5159 train_time:1539792ms step_avg:629.77ms
step:2456/3242 train_loss:3.4640 train_time:1540421ms step_avg:629.77ms
step:2457/3242 train_loss:3.3905 train_time:1541050ms step_avg:629.77ms
step:2458/3242 train_loss:3.1924 train_time:1541671ms step_avg:629.77ms
step:2459/3242 train_loss:3.3819 train_time:1542297ms step_avg:629.77ms
step:2460/3242 train_loss:3.3722 train_time:1542926ms step_avg:629.77ms
step:2461/3242 train_loss:3.4588 train_time:1543553ms step_avg:629.76ms
step:2462/3242 train_loss:3.2730 train_time:1544179ms step_avg:629.76ms
step:2463/3242 train_loss:3.6085 train_time:1544808ms step_avg:629.76ms
step:2464/3242 train_loss:3.3969 train_time:1545452ms step_avg:629.77ms
step:2465/3242 train_loss:3.5117 train_time:1546064ms step_avg:629.76ms
step:2466/3242 train_loss:3.5847 train_time:1546697ms step_avg:629.76ms
step:2467/3242 train_loss:3.3960 train_time:1547328ms step_avg:629.76ms
step:2468/3242 train_loss:3.3181 train_time:1547956ms step_avg:629.76ms
step:2469/3242 train_loss:3.3985 train_time:1548583ms step_avg:629.76ms
step:2470/3242 train_loss:3.4205 train_time:1549347ms step_avg:629.82ms
step:2471/3242 train_loss:3.3940 train_time:1549973ms step_avg:629.81ms
step:2472/3242 train_loss:3.3627 train_time:1550594ms step_avg:629.81ms
step:2473/3242 train_loss:3.4115 train_time:1551223ms step_avg:629.81ms
step:2474/3242 train_loss:3.5010 train_time:1551852ms step_avg:629.81ms
step:2475/3242 train_loss:3.9400 train_time:1552487ms step_avg:629.81ms
step:2476/3242 train_loss:3.2980 train_time:1553111ms step_avg:629.81ms
step:2477/3242 train_loss:3.6075 train_time:1553734ms step_avg:629.81ms
step:2478/3242 train_loss:3.5517 train_time:1554370ms step_avg:629.81ms
step:2479/3242 train_loss:3.2459 train_time:1555007ms step_avg:629.81ms
step:2480/3242 train_loss:3.2202 train_time:1555630ms step_avg:629.81ms
step:2481/3242 train_loss:3.4352 train_time:1556260ms step_avg:629.81ms
step:2482/3242 train_loss:3.3778 train_time:1556877ms step_avg:629.80ms
step:2483/3242 train_loss:3.2928 train_time:1557509ms step_avg:629.81ms
step:2484/3242 train_loss:3.3742 train_time:1558137ms step_avg:629.80ms
step:2485/3242 train_loss:3.4313 train_time:1558760ms step_avg:629.80ms
step:2486/3242 train_loss:3.1262 train_time:1559398ms step_avg:629.81ms
step:2487/3242 train_loss:3.4809 train_time:1560022ms step_avg:629.80ms
step:2488/3242 train_loss:3.2871 train_time:1560643ms step_avg:629.80ms
step:2489/3242 train_loss:3.2572 train_time:1561271ms step_avg:629.80ms
step:2490/3242 train_loss:3.4383 train_time:1561907ms step_avg:629.80ms
step:2491/3242 train_loss:3.4694 train_time:1562534ms step_avg:629.80ms
step:2492/3242 train_loss:3.6971 train_time:1563162ms step_avg:629.80ms
step:2493/3242 train_loss:3.4108 train_time:1563791ms step_avg:629.80ms
step:2494/3242 train_loss:3.2665 train_time:1564420ms step_avg:629.80ms
step:2495/3242 train_loss:3.5229 train_time:1565044ms step_avg:629.80ms
step:2496/3242 train_loss:3.5361 train_time:1565680ms step_avg:629.80ms
step:2497/3242 train_loss:3.3448 train_time:1566304ms step_avg:629.80ms
step:2498/3242 train_loss:3.4136 train_time:1566928ms step_avg:629.79ms
step:2499/3242 train_loss:3.4281 train_time:1567557ms step_avg:629.79ms
step:2500/3242 train_loss:3.5022 train_time:1568185ms step_avg:629.79ms
step:2500/3242 val_loss:3.3837 train_time:1568569ms step_avg:629.95ms
step:2501/3242 train_loss:3.5334 train_time:1568816ms step_avg:629.79ms
step:2502/3242 train_loss:3.4724 train_time:1569440ms step_avg:629.79ms
step:2503/3242 train_loss:3.5008 train_time:1570080ms step_avg:629.80ms
step:2504/3242 train_loss:3.2527 train_time:1570705ms step_avg:629.79ms
step:2505/3242 train_loss:3.5001 train_time:1571342ms step_avg:629.80ms
step:2506/3242 train_loss:3.4456 train_time:1571966ms step_avg:629.79ms
step:2507/3242 train_loss:3.3149 train_time:1572594ms step_avg:629.79ms
step:2508/3242 train_loss:3.2555 train_time:1573225ms step_avg:629.79ms
step:2509/3242 train_loss:3.3889 train_time:1573850ms step_avg:629.79ms
step:2510/3242 train_loss:3.4735 train_time:1574476ms step_avg:629.79ms
step:2511/3242 train_loss:3.3554 train_time:1575104ms step_avg:629.79ms
step:2512/3242 train_loss:3.5007 train_time:1575733ms step_avg:629.79ms
step:2513/3242 train_loss:3.4551 train_time:1576370ms step_avg:629.79ms
step:2514/3242 train_loss:3.4045 train_time:1576996ms step_avg:629.79ms
step:2515/3242 train_loss:3.4236 train_time:1577625ms step_avg:629.79ms
step:2516/3242 train_loss:3.4338 train_time:1578246ms step_avg:629.79ms
step:2517/3242 train_loss:3.4018 train_time:1578875ms step_avg:629.79ms
step:2518/3242 train_loss:3.2519 train_time:1579503ms step_avg:629.79ms
step:2519/3242 train_loss:3.3636 train_time:1580133ms step_avg:629.79ms
step:2520/3242 train_loss:3.4312 train_time:1580760ms step_avg:629.78ms
step:2521/3242 train_loss:3.4760 train_time:1581390ms step_avg:629.79ms
step:2522/3242 train_loss:3.3345 train_time:1582017ms step_avg:629.78ms
step:2523/3242 train_loss:3.1389 train_time:1582644ms step_avg:629.78ms
step:2524/3242 train_loss:3.3739 train_time:1583273ms step_avg:629.78ms
step:2525/3242 train_loss:3.2677 train_time:1583899ms step_avg:629.78ms
step:2526/3242 train_loss:3.5163 train_time:1584529ms step_avg:629.78ms
step:2527/3242 train_loss:3.2885 train_time:1585154ms step_avg:629.78ms
step:2528/3242 train_loss:3.4093 train_time:1585782ms step_avg:629.78ms
step:2529/3242 train_loss:3.3209 train_time:1586409ms step_avg:629.78ms
step:2530/3242 train_loss:3.4426 train_time:1587042ms step_avg:629.78ms
step:2531/3242 train_loss:3.4566 train_time:1587669ms step_avg:629.78ms
step:2532/3242 train_loss:3.3085 train_time:1588299ms step_avg:629.78ms
step:2533/3242 train_loss:3.4907 train_time:1588930ms step_avg:629.78ms
step:2534/3242 train_loss:3.3479 train_time:1589567ms step_avg:629.78ms
step:2535/3242 train_loss:3.2888 train_time:1590191ms step_avg:629.78ms
step:2536/3242 train_loss:3.4455 train_time:1590820ms step_avg:629.78ms
step:2537/3242 train_loss:3.4338 train_time:1591439ms step_avg:629.77ms
step:2538/3242 train_loss:3.2729 train_time:1592068ms step_avg:629.77ms
step:2539/3242 train_loss:3.6989 train_time:1592697ms step_avg:629.77ms
step:2540/3242 train_loss:3.3628 train_time:1593323ms step_avg:629.77ms
step:2541/3242 train_loss:3.3237 train_time:1593950ms step_avg:629.77ms
step:2542/3242 train_loss:3.4010 train_time:1594581ms step_avg:629.77ms
step:2543/3242 train_loss:3.8297 train_time:1595213ms step_avg:629.77ms
step:2544/3242 train_loss:3.3894 train_time:1595839ms step_avg:629.77ms
step:2545/3242 train_loss:3.5679 train_time:1596467ms step_avg:629.77ms
step:2546/3242 train_loss:3.3237 train_time:1597093ms step_avg:629.77ms
step:2547/3242 train_loss:3.3328 train_time:1597721ms step_avg:629.77ms
step:2548/3242 train_loss:3.2932 train_time:1598350ms step_avg:629.77ms
step:2549/3242 train_loss:3.4913 train_time:1598970ms step_avg:629.76ms
step:2550/3242 train_loss:3.3476 train_time:1599605ms step_avg:629.77ms
step:2551/3242 train_loss:3.3119 train_time:1600232ms step_avg:629.76ms
step:2552/3242 train_loss:3.3989 train_time:1600865ms step_avg:629.77ms
step:2553/3242 train_loss:3.4035 train_time:1601491ms step_avg:629.76ms
step:2554/3242 train_loss:3.3657 train_time:1602116ms step_avg:629.76ms
step:2555/3242 train_loss:3.6207 train_time:1602750ms step_avg:629.76ms
step:2556/3242 train_loss:3.4503 train_time:1603386ms step_avg:629.77ms
step:2557/3242 train_loss:3.4643 train_time:1604003ms step_avg:629.76ms
step:2558/3242 train_loss:3.4299 train_time:1604634ms step_avg:629.76ms
step:2559/3242 train_loss:3.3509 train_time:1605259ms step_avg:629.76ms
step:2560/3242 train_loss:3.5024 train_time:1605887ms step_avg:629.76ms
step:2561/3242 train_loss:3.3915 train_time:1606516ms step_avg:629.76ms
step:2562/3242 train_loss:3.3828 train_time:1607145ms step_avg:629.76ms
step:2563/3242 train_loss:3.3771 train_time:1607773ms step_avg:629.76ms
step:2564/3242 train_loss:3.4204 train_time:1608401ms step_avg:629.76ms
step:2565/3242 train_loss:3.3108 train_time:1609027ms step_avg:629.76ms
step:2566/3242 train_loss:3.3894 train_time:1609656ms step_avg:629.76ms
step:2567/3242 train_loss:3.3732 train_time:1610285ms step_avg:629.76ms
step:2568/3242 train_loss:3.3267 train_time:1610920ms step_avg:629.76ms
step:2569/3242 train_loss:3.5932 train_time:1611544ms step_avg:629.76ms
step:2570/3242 train_loss:3.4924 train_time:1612171ms step_avg:629.75ms
step:2571/3242 train_loss:3.5316 train_time:1612800ms step_avg:629.75ms
step:2572/3242 train_loss:3.1999 train_time:1613428ms step_avg:629.75ms
step:2573/3242 train_loss:3.3372 train_time:1614061ms step_avg:629.75ms
step:2574/3242 train_loss:2.8798 train_time:1614690ms step_avg:629.75ms
step:2575/3242 train_loss:3.2987 train_time:1615319ms step_avg:629.75ms
step:2576/3242 train_loss:3.0367 train_time:1615944ms step_avg:629.75ms
step:2577/3242 train_loss:3.3275 train_time:1616571ms step_avg:629.75ms
step:2578/3242 train_loss:3.4007 train_time:1617199ms step_avg:629.75ms
step:2579/3242 train_loss:3.2609 train_time:1617826ms step_avg:629.75ms
step:2580/3242 train_loss:3.3851 train_time:1618453ms step_avg:629.75ms
step:2581/3242 train_loss:3.3935 train_time:1619074ms step_avg:629.74ms
step:2582/3242 train_loss:3.4884 train_time:1619703ms step_avg:629.74ms
step:2583/3242 train_loss:3.3009 train_time:1620333ms step_avg:629.74ms
step:2584/3242 train_loss:3.5602 train_time:1620969ms step_avg:629.75ms
step:2585/3242 train_loss:3.4104 train_time:1621595ms step_avg:629.75ms
step:2586/3242 train_loss:3.6378 train_time:1622217ms step_avg:629.74ms
step:2587/3242 train_loss:3.5262 train_time:1622846ms step_avg:629.74ms
step:2588/3242 train_loss:3.2196 train_time:1623477ms step_avg:629.74ms
step:2589/3242 train_loss:3.3513 train_time:1624106ms step_avg:629.74ms
step:2590/3242 train_loss:3.4610 train_time:1624735ms step_avg:629.74ms
step:2591/3242 train_loss:3.2842 train_time:1625365ms step_avg:629.74ms
step:2592/3242 train_loss:3.7606 train_time:1625992ms step_avg:629.74ms
step:2593/3242 train_loss:3.4594 train_time:1626621ms step_avg:629.74ms
step:2594/3242 train_loss:3.3453 train_time:1627248ms step_avg:629.74ms
step:2595/3242 train_loss:3.3657 train_time:1627879ms step_avg:629.74ms
step:2596/3242 train_loss:3.7426 train_time:1628504ms step_avg:629.74ms
step:2597/3242 train_loss:3.4546 train_time:1629127ms step_avg:629.74ms
step:2598/3242 train_loss:3.3387 train_time:1629768ms step_avg:629.74ms
step:2599/3242 train_loss:3.2850 train_time:1630385ms step_avg:629.74ms
step:2600/3242 train_loss:3.5049 train_time:1631021ms step_avg:629.74ms
step:2601/3242 train_loss:3.8471 train_time:1631644ms step_avg:629.74ms
step:2602/3242 train_loss:2.9502 train_time:1632268ms step_avg:629.73ms
step:2603/3242 train_loss:3.3346 train_time:1632895ms step_avg:629.73ms
step:2604/3242 train_loss:3.2840 train_time:1633522ms step_avg:629.73ms
step:2605/3242 train_loss:3.5292 train_time:1634154ms step_avg:629.73ms
step:2606/3242 train_loss:3.3805 train_time:1634779ms step_avg:629.73ms
step:2607/3242 train_loss:3.4150 train_time:1635406ms step_avg:629.73ms
step:2608/3242 train_loss:3.2961 train_time:1636039ms step_avg:629.73ms
step:2609/3242 train_loss:3.2836 train_time:1636667ms step_avg:629.73ms
step:2610/3242 train_loss:3.4895 train_time:1637303ms step_avg:629.73ms
step:2611/3242 train_loss:3.4531 train_time:1637931ms step_avg:629.73ms
step:2612/3242 train_loss:3.1151 train_time:1638550ms step_avg:629.73ms
step:2613/3242 train_loss:3.4784 train_time:1639177ms step_avg:629.73ms
step:2614/3242 train_loss:3.4457 train_time:1639805ms step_avg:629.73ms
step:2615/3242 train_loss:3.3322 train_time:1640435ms step_avg:629.73ms
step:2616/3242 train_loss:3.4920 train_time:1641062ms step_avg:629.72ms
step:2617/3242 train_loss:3.3478 train_time:1641691ms step_avg:629.72ms
step:2618/3242 train_loss:3.4302 train_time:1642317ms step_avg:629.72ms
step:2619/3242 train_loss:3.2073 train_time:1642942ms step_avg:629.72ms
step:2620/3242 train_loss:3.5262 train_time:1643576ms step_avg:629.72ms
step:2621/3242 train_loss:3.5025 train_time:1644203ms step_avg:629.72ms
step:2622/3242 train_loss:3.5975 train_time:1644829ms step_avg:629.72ms
step:2623/3242 train_loss:3.5555 train_time:1645455ms step_avg:629.72ms
step:2624/3242 train_loss:3.3771 train_time:1646085ms step_avg:629.72ms
step:2625/3242 train_loss:3.5493 train_time:1646714ms step_avg:629.72ms
step:2625/3242 val_loss:3.3606 train_time:1647095ms step_avg:629.86ms
step:2626/3242 train_loss:3.3440 train_time:1647349ms step_avg:629.72ms
step:2627/3242 train_loss:3.4136 train_time:1647979ms step_avg:629.72ms
step:2628/3242 train_loss:3.3407 train_time:1648603ms step_avg:629.72ms
step:2629/3242 train_loss:3.3408 train_time:1649232ms step_avg:629.72ms
step:2630/3242 train_loss:3.5519 train_time:1649860ms step_avg:629.72ms
step:2631/3242 train_loss:3.4627 train_time:1650489ms step_avg:629.72ms
step:2632/3242 train_loss:3.7376 train_time:1651117ms step_avg:629.72ms
step:2633/3242 train_loss:3.3936 train_time:1651747ms step_avg:629.72ms
step:2634/3242 train_loss:3.3761 train_time:1652375ms step_avg:629.72ms
step:2635/3242 train_loss:3.2484 train_time:1653004ms step_avg:629.72ms
step:2636/3242 train_loss:3.4268 train_time:1653631ms step_avg:629.71ms
step:2637/3242 train_loss:2.9990 train_time:1654259ms step_avg:629.71ms
step:2638/3242 train_loss:3.4543 train_time:1654894ms step_avg:629.72ms
step:2639/3242 train_loss:3.3796 train_time:1655509ms step_avg:629.71ms
step:2640/3242 train_loss:3.0655 train_time:1656135ms step_avg:629.71ms
step:2641/3242 train_loss:3.3418 train_time:1656764ms step_avg:629.71ms
step:2642/3242 train_loss:3.4213 train_time:1657395ms step_avg:629.71ms
step:2643/3242 train_loss:3.2074 train_time:1658026ms step_avg:629.71ms
step:2644/3242 train_loss:3.3064 train_time:1658657ms step_avg:629.71ms
step:2645/3242 train_loss:3.4613 train_time:1659286ms step_avg:629.71ms
step:2646/3242 train_loss:3.2841 train_time:1659915ms step_avg:629.71ms
step:2647/3242 train_loss:3.3322 train_time:1660542ms step_avg:629.71ms
step:2648/3242 train_loss:3.5962 train_time:1661174ms step_avg:629.71ms
step:2649/3242 train_loss:3.4564 train_time:1661800ms step_avg:629.71ms
step:2650/3242 train_loss:3.3159 train_time:1662426ms step_avg:629.71ms
step:2651/3242 train_loss:3.2974 train_time:1663052ms step_avg:629.71ms
step:2652/3242 train_loss:3.4217 train_time:1663681ms step_avg:629.71ms
step:2653/3242 train_loss:3.3093 train_time:1664310ms step_avg:629.70ms
step:2654/3242 train_loss:3.1748 train_time:1664935ms step_avg:629.70ms
step:2655/3242 train_loss:3.3634 train_time:1665559ms step_avg:629.70ms
step:2656/3242 train_loss:3.2141 train_time:1666187ms step_avg:629.70ms
step:2657/3242 train_loss:3.4060 train_time:1666816ms step_avg:629.70ms
step:2658/3242 train_loss:3.2520 train_time:1667441ms step_avg:629.70ms
step:2659/3242 train_loss:3.2991 train_time:1668068ms step_avg:629.70ms
step:2660/3242 train_loss:3.4522 train_time:1668833ms step_avg:629.75ms
step:2661/3242 train_loss:3.3915 train_time:1669457ms step_avg:629.75ms
step:2662/3242 train_loss:3.3218 train_time:1670087ms step_avg:629.75ms
step:2663/3242 train_loss:3.4718 train_time:1670712ms step_avg:629.74ms
step:2664/3242 train_loss:3.3733 train_time:1671339ms step_avg:629.74ms
step:2665/3242 train_loss:3.2813 train_time:1671968ms step_avg:629.74ms
step:2666/3242 train_loss:3.3534 train_time:1672596ms step_avg:629.74ms
step:2667/3242 train_loss:3.2985 train_time:1673224ms step_avg:629.74ms
step:2668/3242 train_loss:3.4448 train_time:1673853ms step_avg:629.74ms
step:2669/3242 train_loss:3.2698 train_time:1674480ms step_avg:629.74ms
step:2670/3242 train_loss:3.4530 train_time:1675126ms step_avg:629.75ms
step:2671/3242 train_loss:3.2256 train_time:1675741ms step_avg:629.74ms
step:2672/3242 train_loss:3.2655 train_time:1676375ms step_avg:629.74ms
step:2673/3242 train_loss:3.3031 train_time:1677006ms step_avg:629.74ms
step:2674/3242 train_loss:3.4159 train_time:1677630ms step_avg:629.74ms
step:2675/3242 train_loss:3.3232 train_time:1678267ms step_avg:629.74ms
step:2676/3242 train_loss:3.3582 train_time:1678894ms step_avg:629.74ms
step:2677/3242 train_loss:3.2971 train_time:1679521ms step_avg:629.74ms
step:2678/3242 train_loss:3.4126 train_time:1680151ms step_avg:629.74ms
step:2679/3242 train_loss:3.4450 train_time:1680779ms step_avg:629.74ms
step:2680/3242 train_loss:3.2401 train_time:1681409ms step_avg:629.74ms
step:2681/3242 train_loss:3.1790 train_time:1682028ms step_avg:629.74ms
step:2682/3242 train_loss:3.2061 train_time:1682651ms step_avg:629.73ms
step:2683/3242 train_loss:3.3286 train_time:1683278ms step_avg:629.73ms
step:2684/3242 train_loss:3.4306 train_time:1683902ms step_avg:629.73ms
step:2685/3242 train_loss:3.5037 train_time:1684535ms step_avg:629.73ms
step:2686/3242 train_loss:3.3549 train_time:1685184ms step_avg:629.74ms
step:2687/3242 train_loss:3.3390 train_time:1685810ms step_avg:629.74ms
step:2688/3242 train_loss:3.6675 train_time:1686422ms step_avg:629.73ms
step:2689/3242 train_loss:3.3783 train_time:1687050ms step_avg:629.73ms
step:2690/3242 train_loss:3.3225 train_time:1687677ms step_avg:629.73ms
step:2691/3242 train_loss:3.2593 train_time:1688305ms step_avg:629.73ms
step:2692/3242 train_loss:3.3561 train_time:1688930ms step_avg:629.73ms
step:2693/3242 train_loss:3.1744 train_time:1689558ms step_avg:629.73ms
step:2694/3242 train_loss:3.8264 train_time:1690189ms step_avg:629.73ms
step:2695/3242 train_loss:3.4112 train_time:1690812ms step_avg:629.73ms
step:2696/3242 train_loss:3.2792 train_time:1691443ms step_avg:629.73ms
step:2697/3242 train_loss:3.4119 train_time:1692076ms step_avg:629.73ms
step:2698/3242 train_loss:3.2990 train_time:1692707ms step_avg:629.73ms
step:2699/3242 train_loss:3.4523 train_time:1693332ms step_avg:629.73ms
step:2700/3242 train_loss:3.5399 train_time:1693966ms step_avg:629.73ms
step:2701/3242 train_loss:3.3492 train_time:1694595ms step_avg:629.73ms
step:2702/3242 train_loss:3.2766 train_time:1695223ms step_avg:629.73ms
step:2703/3242 train_loss:3.2443 train_time:1695851ms step_avg:629.73ms
step:2704/3242 train_loss:3.2718 train_time:1696480ms step_avg:629.73ms
step:2705/3242 train_loss:3.2776 train_time:1697105ms step_avg:629.72ms
step:2706/3242 train_loss:3.5355 train_time:1697742ms step_avg:629.73ms
step:2707/3242 train_loss:3.3950 train_time:1698369ms step_avg:629.73ms
step:2708/3242 train_loss:3.3813 train_time:1698989ms step_avg:629.72ms
step:2709/3242 train_loss:3.4331 train_time:1699630ms step_avg:629.73ms
step:2710/3242 train_loss:3.5188 train_time:1700242ms step_avg:629.72ms
step:2711/3242 train_loss:3.3729 train_time:1700872ms step_avg:629.72ms
step:2712/3242 train_loss:3.3933 train_time:1701522ms step_avg:629.73ms
step:2713/3242 train_loss:3.1794 train_time:1702132ms step_avg:629.72ms
step:2714/3242 train_loss:3.4732 train_time:1702756ms step_avg:629.72ms
step:2715/3242 train_loss:3.1895 train_time:1703390ms step_avg:629.72ms
step:2716/3242 train_loss:3.1889 train_time:1704016ms step_avg:629.72ms
step:2717/3242 train_loss:3.5856 train_time:1704640ms step_avg:629.72ms
step:2718/3242 train_loss:3.3143 train_time:1705276ms step_avg:629.72ms
step:2719/3242 train_loss:3.3577 train_time:1705906ms step_avg:629.72ms
step:2720/3242 train_loss:3.2173 train_time:1706532ms step_avg:629.72ms
step:2721/3242 train_loss:3.4318 train_time:1707160ms step_avg:629.72ms
step:2722/3242 train_loss:3.5474 train_time:1707793ms step_avg:629.72ms
step:2723/3242 train_loss:3.2523 train_time:1708420ms step_avg:629.72ms
step:2724/3242 train_loss:3.3255 train_time:1709048ms step_avg:629.72ms
step:2725/3242 train_loss:3.4594 train_time:1709678ms step_avg:629.72ms
step:2726/3242 train_loss:3.3122 train_time:1710302ms step_avg:629.71ms
step:2727/3242 train_loss:3.3548 train_time:1710933ms step_avg:629.71ms
step:2728/3242 train_loss:3.5285 train_time:1711554ms step_avg:629.71ms
step:2729/3242 train_loss:3.4458 train_time:1712199ms step_avg:629.72ms
step:2730/3242 train_loss:3.2412 train_time:1712818ms step_avg:629.71ms
step:2731/3242 train_loss:3.3134 train_time:1713442ms step_avg:629.71ms
step:2732/3242 train_loss:3.2318 train_time:1714070ms step_avg:629.71ms
step:2733/3242 train_loss:3.2476 train_time:1714699ms step_avg:629.71ms
step:2734/3242 train_loss:3.2547 train_time:1715324ms step_avg:629.71ms
step:2735/3242 train_loss:3.2807 train_time:1715950ms step_avg:629.71ms
step:2736/3242 train_loss:3.1285 train_time:1716578ms step_avg:629.71ms
step:2737/3242 train_loss:3.3908 train_time:1717206ms step_avg:629.71ms
step:2738/3242 train_loss:3.3137 train_time:1717837ms step_avg:629.71ms
step:2739/3242 train_loss:3.6748 train_time:1718459ms step_avg:629.70ms
step:2740/3242 train_loss:3.3747 train_time:1719098ms step_avg:629.71ms
step:2741/3242 train_loss:3.3445 train_time:1719722ms step_avg:629.70ms
step:2742/3242 train_loss:3.2932 train_time:1720348ms step_avg:629.70ms
step:2743/3242 train_loss:3.3222 train_time:1720974ms step_avg:629.70ms
step:2744/3242 train_loss:3.2546 train_time:1721600ms step_avg:629.70ms
step:2745/3242 train_loss:3.2751 train_time:1722229ms step_avg:629.70ms
step:2746/3242 train_loss:3.1580 train_time:1722859ms step_avg:629.70ms
step:2747/3242 train_loss:3.2411 train_time:1723488ms step_avg:629.70ms
step:2748/3242 train_loss:3.4011 train_time:1724118ms step_avg:629.70ms
step:2749/3242 train_loss:3.3591 train_time:1724746ms step_avg:629.70ms
step:2750/3242 train_loss:3.4394 train_time:1725379ms step_avg:629.70ms
step:2750/3242 val_loss:3.3399 train_time:1725752ms step_avg:629.84ms
step:2751/3242 train_loss:3.4624 train_time:1725999ms step_avg:629.70ms
step:2752/3242 train_loss:3.4245 train_time:1726632ms step_avg:629.70ms
step:2753/3242 train_loss:3.4960 train_time:1727263ms step_avg:629.70ms
step:2754/3242 train_loss:3.2655 train_time:1727889ms step_avg:629.70ms
step:2755/3242 train_loss:3.3362 train_time:1728516ms step_avg:629.70ms
step:2756/3242 train_loss:3.4382 train_time:1729141ms step_avg:629.69ms
step:2757/3242 train_loss:3.3689 train_time:1729767ms step_avg:629.69ms
step:2758/3242 train_loss:2.9870 train_time:1730414ms step_avg:629.70ms
step:2759/3242 train_loss:3.3251 train_time:1731026ms step_avg:629.69ms
step:2760/3242 train_loss:3.3627 train_time:1731654ms step_avg:629.69ms
step:2761/3242 train_loss:3.4322 train_time:1732282ms step_avg:629.69ms
step:2762/3242 train_loss:3.3675 train_time:1732912ms step_avg:629.69ms
step:2763/3242 train_loss:3.2570 train_time:1733539ms step_avg:629.69ms
step:2764/3242 train_loss:3.3205 train_time:1734168ms step_avg:629.69ms
step:2765/3242 train_loss:3.3917 train_time:1734797ms step_avg:629.69ms
step:2766/3242 train_loss:3.1512 train_time:1735426ms step_avg:629.69ms
step:2767/3242 train_loss:3.3356 train_time:1736056ms step_avg:629.69ms
step:2768/3242 train_loss:3.4508 train_time:1736680ms step_avg:629.69ms
step:2769/3242 train_loss:3.2063 train_time:1737305ms step_avg:629.69ms
step:2770/3242 train_loss:3.4352 train_time:1737932ms step_avg:629.69ms
step:2771/3242 train_loss:3.4501 train_time:1738570ms step_avg:629.69ms
step:2772/3242 train_loss:3.2888 train_time:1739194ms step_avg:629.69ms
step:2773/3242 train_loss:3.1489 train_time:1739837ms step_avg:629.69ms
step:2774/3242 train_loss:3.2934 train_time:1740464ms step_avg:629.69ms
step:2775/3242 train_loss:3.5298 train_time:1741091ms step_avg:629.69ms
step:2776/3242 train_loss:3.3359 train_time:1741719ms step_avg:629.69ms
step:2777/3242 train_loss:3.4824 train_time:1742326ms step_avg:629.68ms
step:2778/3242 train_loss:3.3718 train_time:1742953ms step_avg:629.68ms
step:2779/3242 train_loss:3.2570 train_time:1743583ms step_avg:629.68ms
step:2780/3242 train_loss:3.1928 train_time:1744214ms step_avg:629.68ms
step:2781/3242 train_loss:3.2852 train_time:1744846ms step_avg:629.68ms
step:2782/3242 train_loss:3.3383 train_time:1745473ms step_avg:629.68ms
step:2783/3242 train_loss:3.3505 train_time:1746102ms step_avg:629.68ms
step:2784/3242 train_loss:3.3469 train_time:1746727ms step_avg:629.68ms
step:2785/3242 train_loss:3.3479 train_time:1747353ms step_avg:629.68ms
step:2786/3242 train_loss:3.3250 train_time:1747978ms step_avg:629.68ms
step:2787/3242 train_loss:3.2388 train_time:1748605ms step_avg:629.67ms
step:2788/3242 train_loss:3.4527 train_time:1749238ms step_avg:629.68ms
step:2789/3242 train_loss:3.3652 train_time:1749866ms step_avg:629.67ms
step:2790/3242 train_loss:3.3051 train_time:1750496ms step_avg:629.67ms
step:2791/3242 train_loss:3.3288 train_time:1751119ms step_avg:629.67ms
step:2792/3242 train_loss:3.2669 train_time:1751746ms step_avg:629.67ms
step:2793/3242 train_loss:3.2685 train_time:1752375ms step_avg:629.67ms
step:2794/3242 train_loss:3.4222 train_time:1753004ms step_avg:629.67ms
step:2795/3242 train_loss:3.2231 train_time:1753637ms step_avg:629.67ms
step:2796/3242 train_loss:3.4460 train_time:1754265ms step_avg:629.67ms
step:2797/3242 train_loss:3.2938 train_time:1754894ms step_avg:629.67ms
step:2798/3242 train_loss:3.3203 train_time:1755528ms step_avg:629.67ms
step:2799/3242 train_loss:3.1681 train_time:1756151ms step_avg:629.67ms
step:2800/3242 train_loss:3.5704 train_time:1756778ms step_avg:629.67ms
step:2801/3242 train_loss:3.4533 train_time:1757406ms step_avg:629.67ms
step:2802/3242 train_loss:3.5643 train_time:1758035ms step_avg:629.67ms
step:2803/3242 train_loss:3.2566 train_time:1758659ms step_avg:629.67ms
step:2804/3242 train_loss:3.4047 train_time:1759284ms step_avg:629.67ms
step:2805/3242 train_loss:3.3954 train_time:1759913ms step_avg:629.66ms
step:2806/3242 train_loss:3.1352 train_time:1760549ms step_avg:629.67ms
step:2807/3242 train_loss:3.6035 train_time:1761177ms step_avg:629.67ms
step:2808/3242 train_loss:3.3109 train_time:1761805ms step_avg:629.67ms
step:2809/3242 train_loss:3.2958 train_time:1762432ms step_avg:629.67ms
step:2810/3242 train_loss:3.5900 train_time:1763060ms step_avg:629.66ms
step:2811/3242 train_loss:3.2882 train_time:1763685ms step_avg:629.66ms
step:2812/3242 train_loss:3.3760 train_time:1764318ms step_avg:629.66ms
step:2813/3242 train_loss:3.2000 train_time:1764946ms step_avg:629.66ms
step:2814/3242 train_loss:3.4192 train_time:1765579ms step_avg:629.66ms
step:2815/3242 train_loss:3.3436 train_time:1766206ms step_avg:629.66ms
step:2816/3242 train_loss:3.3398 train_time:1766832ms step_avg:629.66ms
step:2817/3242 train_loss:2.7354 train_time:1767461ms step_avg:629.66ms
step:2818/3242 train_loss:3.3086 train_time:1768089ms step_avg:629.66ms
step:2819/3242 train_loss:3.2215 train_time:1768714ms step_avg:629.66ms
step:2820/3242 train_loss:3.5065 train_time:1769343ms step_avg:629.66ms
step:2821/3242 train_loss:3.2230 train_time:1769970ms step_avg:629.66ms
step:2822/3242 train_loss:3.3674 train_time:1770610ms step_avg:629.66ms
step:2823/3242 train_loss:3.4713 train_time:1771246ms step_avg:629.66ms
step:2824/3242 train_loss:3.4190 train_time:1771855ms step_avg:629.66ms
step:2825/3242 train_loss:3.0805 train_time:1772483ms step_avg:629.66ms
step:2826/3242 train_loss:3.4062 train_time:1773112ms step_avg:629.66ms
step:2827/3242 train_loss:3.4821 train_time:1773744ms step_avg:629.66ms
step:2828/3242 train_loss:3.0568 train_time:1774365ms step_avg:629.65ms
step:2829/3242 train_loss:3.3280 train_time:1774994ms step_avg:629.65ms
step:2830/3242 train_loss:3.3665 train_time:1775622ms step_avg:629.65ms
step:2831/3242 train_loss:3.2863 train_time:1776249ms step_avg:629.65ms
step:2832/3242 train_loss:3.4046 train_time:1776877ms step_avg:629.65ms
step:2833/3242 train_loss:3.2843 train_time:1777506ms step_avg:629.65ms
step:2834/3242 train_loss:3.2795 train_time:1778133ms step_avg:629.65ms
step:2835/3242 train_loss:3.0334 train_time:1778762ms step_avg:629.65ms
step:2836/3242 train_loss:3.5085 train_time:1779400ms step_avg:629.65ms
step:2837/3242 train_loss:3.3763 train_time:1780028ms step_avg:629.65ms
step:2838/3242 train_loss:3.3036 train_time:1780651ms step_avg:629.65ms
step:2839/3242 train_loss:3.2480 train_time:1781291ms step_avg:629.65ms
step:2840/3242 train_loss:3.2639 train_time:1781918ms step_avg:629.65ms
step:2841/3242 train_loss:3.3840 train_time:1782548ms step_avg:629.65ms
step:2842/3242 train_loss:3.2544 train_time:1783165ms step_avg:629.65ms
step:2843/3242 train_loss:3.3601 train_time:1783792ms step_avg:629.65ms
step:2844/3242 train_loss:3.4393 train_time:1784420ms step_avg:629.65ms
step:2845/3242 train_loss:3.2990 train_time:1785052ms step_avg:629.65ms
step:2846/3242 train_loss:3.2679 train_time:1785679ms step_avg:629.65ms
step:2847/3242 train_loss:3.2936 train_time:1786306ms step_avg:629.65ms
step:2848/3242 train_loss:3.7442 train_time:1786935ms step_avg:629.65ms
step:2849/3242 train_loss:3.2787 train_time:1787564ms step_avg:629.65ms
step:2850/3242 train_loss:3.2788 train_time:1788721ms step_avg:629.83ms
step:2851/3242 train_loss:3.4026 train_time:1789348ms step_avg:629.83ms
step:2852/3242 train_loss:3.3756 train_time:1789973ms step_avg:629.83ms
step:2853/3242 train_loss:3.3125 train_time:1790600ms step_avg:629.83ms
step:2854/3242 train_loss:3.3398 train_time:1791228ms step_avg:629.83ms
step:2855/3242 train_loss:3.3382 train_time:1791853ms step_avg:629.83ms
step:2856/3242 train_loss:3.2351 train_time:1792499ms step_avg:629.83ms
step:2857/3242 train_loss:3.3041 train_time:1793131ms step_avg:629.83ms
step:2858/3242 train_loss:3.3484 train_time:1793750ms step_avg:629.83ms
step:2859/3242 train_loss:3.1001 train_time:1794380ms step_avg:629.83ms
step:2860/3242 train_loss:3.3431 train_time:1795007ms step_avg:629.83ms
step:2861/3242 train_loss:3.2813 train_time:1795635ms step_avg:629.83ms
step:2862/3242 train_loss:3.2781 train_time:1796262ms step_avg:629.83ms
step:2863/3242 train_loss:3.3558 train_time:1796892ms step_avg:629.83ms
step:2864/3242 train_loss:3.5982 train_time:1797510ms step_avg:629.82ms
step:2865/3242 train_loss:3.3832 train_time:1798148ms step_avg:629.82ms
step:2866/3242 train_loss:3.3528 train_time:1798774ms step_avg:629.82ms
step:2867/3242 train_loss:3.3442 train_time:1799405ms step_avg:629.82ms
step:2868/3242 train_loss:3.5148 train_time:1800033ms step_avg:629.82ms
step:2869/3242 train_loss:3.3259 train_time:1800662ms step_avg:629.82ms
step:2870/3242 train_loss:3.2042 train_time:1801286ms step_avg:629.82ms
step:2871/3242 train_loss:3.4639 train_time:1801911ms step_avg:629.82ms
step:2872/3242 train_loss:3.3009 train_time:1802547ms step_avg:629.82ms
step:2873/3242 train_loss:3.3285 train_time:1803175ms step_avg:629.82ms
step:2874/3242 train_loss:3.1490 train_time:1803796ms step_avg:629.82ms
step:2875/3242 train_loss:3.2963 train_time:1804426ms step_avg:629.82ms
step:2875/3242 val_loss:3.3199 train_time:1804803ms step_avg:629.95ms
step:2876/3242 train_loss:3.2484 train_time:1805059ms step_avg:629.82ms
step:2877/3242 train_loss:3.2362 train_time:1805680ms step_avg:629.82ms
step:2878/3242 train_loss:3.3185 train_time:1806308ms step_avg:629.81ms
step:2879/3242 train_loss:3.4759 train_time:1806939ms step_avg:629.81ms
step:2880/3242 train_loss:3.3030 train_time:1807579ms step_avg:629.82ms
step:2881/3242 train_loss:3.3456 train_time:1808198ms step_avg:629.81ms
step:2882/3242 train_loss:3.3650 train_time:1808823ms step_avg:629.81ms
step:2883/3242 train_loss:3.4638 train_time:1809452ms step_avg:629.81ms
step:2884/3242 train_loss:3.2930 train_time:1810079ms step_avg:629.81ms
step:2885/3242 train_loss:3.1499 train_time:1810703ms step_avg:629.81ms
step:2886/3242 train_loss:3.1499 train_time:1811327ms step_avg:629.81ms
step:2887/3242 train_loss:3.2596 train_time:1811964ms step_avg:629.81ms
step:2888/3242 train_loss:3.2913 train_time:1812595ms step_avg:629.81ms
step:2889/3242 train_loss:3.3078 train_time:1813222ms step_avg:629.81ms
step:2890/3242 train_loss:3.6303 train_time:1813859ms step_avg:629.81ms
step:2891/3242 train_loss:3.2611 train_time:1814479ms step_avg:629.81ms
step:2892/3242 train_loss:3.3271 train_time:1815107ms step_avg:629.81ms
step:2893/3242 train_loss:3.2549 train_time:1815732ms step_avg:629.81ms
step:2894/3242 train_loss:3.2837 train_time:1816362ms step_avg:629.81ms
step:2895/3242 train_loss:3.2494 train_time:1816992ms step_avg:629.81ms
step:2896/3242 train_loss:3.3312 train_time:1817618ms step_avg:629.81ms
step:2897/3242 train_loss:3.4969 train_time:1818247ms step_avg:629.80ms
step:2898/3242 train_loss:3.2282 train_time:1818875ms step_avg:629.80ms
step:2899/3242 train_loss:3.3270 train_time:1819501ms step_avg:629.80ms
step:2900/3242 train_loss:3.0603 train_time:1820134ms step_avg:629.80ms
step:2901/3242 train_loss:3.5035 train_time:1820763ms step_avg:629.80ms
step:2902/3242 train_loss:3.3653 train_time:1821390ms step_avg:629.80ms
step:2903/3242 train_loss:3.2555 train_time:1822014ms step_avg:629.80ms
step:2904/3242 train_loss:3.3054 train_time:1822642ms step_avg:629.80ms
step:2905/3242 train_loss:3.3013 train_time:1823270ms step_avg:629.80ms
step:2906/3242 train_loss:3.2836 train_time:1823898ms step_avg:629.80ms
step:2907/3242 train_loss:3.0835 train_time:1824524ms step_avg:629.80ms
step:2908/3242 train_loss:3.4104 train_time:1825161ms step_avg:629.80ms
step:2909/3242 train_loss:3.3241 train_time:1825788ms step_avg:629.80ms
step:2910/3242 train_loss:3.6145 train_time:1826408ms step_avg:629.80ms
step:2911/3242 train_loss:3.0963 train_time:1827039ms step_avg:629.80ms
step:2912/3242 train_loss:3.2393 train_time:1827675ms step_avg:629.80ms
step:2913/3242 train_loss:3.2754 train_time:1828304ms step_avg:629.80ms
step:2914/3242 train_loss:3.7442 train_time:1828929ms step_avg:629.80ms
step:2915/3242 train_loss:3.3476 train_time:1829557ms step_avg:629.80ms
step:2916/3242 train_loss:3.1948 train_time:1830188ms step_avg:629.80ms
step:2917/3242 train_loss:3.2880 train_time:1830816ms step_avg:629.80ms
step:2918/3242 train_loss:3.2586 train_time:1831439ms step_avg:629.79ms
step:2919/3242 train_loss:3.2939 train_time:1832069ms step_avg:629.79ms
step:2920/3242 train_loss:3.1683 train_time:1832695ms step_avg:629.79ms
step:2921/3242 train_loss:3.3177 train_time:1833322ms step_avg:629.79ms
step:2922/3242 train_loss:3.3053 train_time:1833950ms step_avg:629.79ms
step:2923/3242 train_loss:3.3425 train_time:1834579ms step_avg:629.79ms
step:2924/3242 train_loss:3.2556 train_time:1835211ms step_avg:629.79ms
step:2925/3242 train_loss:3.4105 train_time:1835838ms step_avg:629.79ms
step:2926/3242 train_loss:3.3302 train_time:1836465ms step_avg:629.79ms
step:2927/3242 train_loss:3.2903 train_time:1837091ms step_avg:629.79ms
step:2928/3242 train_loss:3.4894 train_time:1837737ms step_avg:629.79ms
step:2929/3242 train_loss:3.2916 train_time:1838363ms step_avg:629.79ms
step:2930/3242 train_loss:3.2355 train_time:1838986ms step_avg:629.79ms
step:2931/3242 train_loss:3.4430 train_time:1839621ms step_avg:629.79ms
step:2932/3242 train_loss:3.5234 train_time:1840244ms step_avg:629.79ms
step:2933/3242 train_loss:3.5681 train_time:1840870ms step_avg:629.79ms
step:2934/3242 train_loss:3.4666 train_time:1841513ms step_avg:629.79ms
step:2935/3242 train_loss:3.2503 train_time:1842137ms step_avg:629.79ms
step:2936/3242 train_loss:3.3385 train_time:1842764ms step_avg:629.79ms
step:2937/3242 train_loss:3.2823 train_time:1843390ms step_avg:629.79ms
step:2938/3242 train_loss:3.2727 train_time:1844008ms step_avg:629.78ms
step:2939/3242 train_loss:3.3926 train_time:1844628ms step_avg:629.78ms
step:2940/3242 train_loss:3.2450 train_time:1845280ms step_avg:629.79ms
step:2941/3242 train_loss:3.4109 train_time:1845904ms step_avg:629.79ms
step:2942/3242 train_loss:3.5207 train_time:1846521ms step_avg:629.78ms
step:2943/3242 train_loss:3.2487 train_time:1847141ms step_avg:629.78ms
step:2944/3242 train_loss:3.0953 train_time:1847776ms step_avg:629.78ms
step:2945/3242 train_loss:3.1612 train_time:1848399ms step_avg:629.78ms
step:2946/3242 train_loss:3.3426 train_time:1849027ms step_avg:629.78ms
step:2947/3242 train_loss:3.3830 train_time:1849654ms step_avg:629.78ms
step:2948/3242 train_loss:3.2588 train_time:1850284ms step_avg:629.78ms
step:2949/3242 train_loss:3.2465 train_time:1850918ms step_avg:629.78ms
step:2950/3242 train_loss:3.3448 train_time:1851540ms step_avg:629.78ms
step:2951/3242 train_loss:3.3182 train_time:1852167ms step_avg:629.77ms
step:2952/3242 train_loss:3.5011 train_time:1852799ms step_avg:629.78ms
step:2953/3242 train_loss:3.3719 train_time:1853425ms step_avg:629.77ms
step:2954/3242 train_loss:3.4006 train_time:1854053ms step_avg:629.77ms
step:2955/3242 train_loss:3.3725 train_time:1854681ms step_avg:629.77ms
step:2956/3242 train_loss:3.1984 train_time:1855317ms step_avg:629.77ms
step:2957/3242 train_loss:3.3036 train_time:1855955ms step_avg:629.78ms
step:2958/3242 train_loss:3.3102 train_time:1856584ms step_avg:629.78ms
step:2959/3242 train_loss:3.2793 train_time:1857197ms step_avg:629.77ms
step:2960/3242 train_loss:3.4180 train_time:1857829ms step_avg:629.77ms
step:2961/3242 train_loss:3.2642 train_time:1858451ms step_avg:629.77ms
step:2962/3242 train_loss:3.3882 train_time:1859080ms step_avg:629.77ms
step:2963/3242 train_loss:3.2741 train_time:1859708ms step_avg:629.77ms
step:2964/3242 train_loss:3.3126 train_time:1860345ms step_avg:629.77ms
step:2965/3242 train_loss:3.2268 train_time:1860968ms step_avg:629.77ms
step:2966/3242 train_loss:3.4378 train_time:1861590ms step_avg:629.77ms
step:2967/3242 train_loss:3.1246 train_time:1862219ms step_avg:629.77ms
step:2968/3242 train_loss:3.7905 train_time:1862850ms step_avg:629.77ms
step:2969/3242 train_loss:3.3191 train_time:1863478ms step_avg:629.77ms
step:2970/3242 train_loss:3.2450 train_time:1864105ms step_avg:629.77ms
step:2971/3242 train_loss:3.4756 train_time:1864741ms step_avg:629.77ms
step:2972/3242 train_loss:3.4280 train_time:1865363ms step_avg:629.76ms
step:2973/3242 train_loss:3.1956 train_time:1865991ms step_avg:629.76ms
step:2974/3242 train_loss:3.2909 train_time:1866620ms step_avg:629.76ms
step:2975/3242 train_loss:3.1645 train_time:1867248ms step_avg:629.76ms
step:2976/3242 train_loss:3.2384 train_time:1867883ms step_avg:629.77ms
step:2977/3242 train_loss:3.0095 train_time:1868513ms step_avg:629.76ms
step:2978/3242 train_loss:3.5395 train_time:1869139ms step_avg:629.76ms
step:2979/3242 train_loss:3.3296 train_time:1869763ms step_avg:629.76ms
step:2980/3242 train_loss:3.4826 train_time:1870396ms step_avg:629.76ms
step:2981/3242 train_loss:3.3212 train_time:1871021ms step_avg:629.76ms
step:2982/3242 train_loss:3.4420 train_time:1871663ms step_avg:629.77ms
step:2983/3242 train_loss:3.3841 train_time:1872293ms step_avg:629.77ms
step:2984/3242 train_loss:3.2453 train_time:1872929ms step_avg:629.77ms
step:2985/3242 train_loss:3.3051 train_time:1873547ms step_avg:629.76ms
step:2986/3242 train_loss:3.3891 train_time:1874176ms step_avg:629.76ms
step:2987/3242 train_loss:3.3201 train_time:1874805ms step_avg:629.76ms
step:2988/3242 train_loss:3.5623 train_time:1875452ms step_avg:629.77ms
step:2989/3242 train_loss:3.1542 train_time:1876066ms step_avg:629.76ms
step:2990/3242 train_loss:3.3835 train_time:1876693ms step_avg:629.76ms
step:2991/3242 train_loss:3.3366 train_time:1877323ms step_avg:629.76ms
step:2992/3242 train_loss:3.3689 train_time:1877951ms step_avg:629.76ms
step:2993/3242 train_loss:3.2795 train_time:1878579ms step_avg:629.76ms
step:2994/3242 train_loss:3.4757 train_time:1879206ms step_avg:629.76ms
step:2995/3242 train_loss:3.2078 train_time:1879834ms step_avg:629.76ms
step:2996/3242 train_loss:3.1926 train_time:1880457ms step_avg:629.76ms
step:2997/3242 train_loss:3.2259 train_time:1881103ms step_avg:629.76ms
step:2998/3242 train_loss:3.2581 train_time:1881713ms step_avg:629.76ms
step:2999/3242 train_loss:3.3923 train_time:1882356ms step_avg:629.76ms
step:3000/3242 train_loss:3.1716 train_time:1882980ms step_avg:629.76ms
step:3000/3242 val_loss:3.3020 train_time:1883344ms step_avg:629.88ms
step:3001/3242 train_loss:3.3008 train_time:1883607ms step_avg:629.76ms
step:3002/3242 train_loss:3.1456 train_time:1884225ms step_avg:629.75ms
step:3003/3242 train_loss:3.2559 train_time:1884864ms step_avg:629.76ms
step:3004/3242 train_loss:3.3237 train_time:1885484ms step_avg:629.75ms
step:3005/3242 train_loss:4.0573 train_time:1886119ms step_avg:629.76ms
step:3006/3242 train_loss:3.1885 train_time:1886738ms step_avg:629.75ms
step:3007/3242 train_loss:3.3429 train_time:1887365ms step_avg:629.75ms
step:3008/3242 train_loss:3.1085 train_time:1887994ms step_avg:629.75ms
step:3009/3242 train_loss:3.4477 train_time:1888624ms step_avg:629.75ms
step:3010/3242 train_loss:3.4197 train_time:1889252ms step_avg:629.75ms
step:3011/3242 train_loss:3.4234 train_time:1889879ms step_avg:629.75ms
step:3012/3242 train_loss:3.3647 train_time:1890508ms step_avg:629.75ms
step:3013/3242 train_loss:3.1648 train_time:1891133ms step_avg:629.75ms
step:3014/3242 train_loss:3.3043 train_time:1891770ms step_avg:629.75ms
step:3015/3242 train_loss:3.3787 train_time:1892390ms step_avg:629.75ms
step:3016/3242 train_loss:3.1393 train_time:1893020ms step_avg:629.75ms
step:3017/3242 train_loss:3.2362 train_time:1893648ms step_avg:629.75ms
step:3018/3242 train_loss:3.3635 train_time:1894282ms step_avg:629.75ms
step:3019/3242 train_loss:3.4807 train_time:1894903ms step_avg:629.75ms
step:3020/3242 train_loss:3.2375 train_time:1895534ms step_avg:629.75ms
step:3021/3242 train_loss:3.5532 train_time:1896166ms step_avg:629.75ms
step:3022/3242 train_loss:3.2775 train_time:1896784ms step_avg:629.74ms
step:3023/3242 train_loss:3.1498 train_time:1897412ms step_avg:629.74ms
step:3024/3242 train_loss:3.3314 train_time:1898042ms step_avg:629.74ms
step:3025/3242 train_loss:3.4484 train_time:1898667ms step_avg:629.74ms
step:3026/3242 train_loss:3.2909 train_time:1899295ms step_avg:629.74ms
step:3027/3242 train_loss:3.3679 train_time:1899920ms step_avg:629.74ms
step:3028/3242 train_loss:3.1936 train_time:1900556ms step_avg:629.74ms
step:3029/3242 train_loss:3.0372 train_time:1901185ms step_avg:629.74ms
step:3030/3242 train_loss:3.3830 train_time:1901810ms step_avg:629.74ms
step:3031/3242 train_loss:3.2101 train_time:1902435ms step_avg:629.74ms
step:3032/3242 train_loss:3.0348 train_time:1903063ms step_avg:629.74ms
step:3033/3242 train_loss:3.4238 train_time:1903688ms step_avg:629.73ms
step:3034/3242 train_loss:3.5450 train_time:1904317ms step_avg:629.73ms
step:3035/3242 train_loss:3.2265 train_time:1904946ms step_avg:629.73ms
step:3036/3242 train_loss:3.2735 train_time:1905575ms step_avg:629.73ms
step:3037/3242 train_loss:3.2768 train_time:1906205ms step_avg:629.73ms
step:3038/3242 train_loss:3.1618 train_time:1906837ms step_avg:629.73ms
step:3039/3242 train_loss:3.3411 train_time:1907468ms step_avg:629.74ms
step:3040/3242 train_loss:3.3905 train_time:1908313ms step_avg:629.81ms
step:3041/3242 train_loss:3.3923 train_time:1908957ms step_avg:629.81ms
step:3042/3242 train_loss:2.9278 train_time:1909570ms step_avg:629.81ms
step:3043/3242 train_loss:3.3089 train_time:1910198ms step_avg:629.80ms
step:3044/3242 train_loss:3.2797 train_time:1910827ms step_avg:629.80ms
step:3045/3242 train_loss:3.3292 train_time:1911468ms step_avg:629.81ms
step:3046/3242 train_loss:3.4732 train_time:1912099ms step_avg:629.81ms
step:3047/3242 train_loss:3.2380 train_time:1912714ms step_avg:629.80ms
step:3048/3242 train_loss:3.3200 train_time:1913347ms step_avg:629.80ms
step:3049/3242 train_loss:3.3560 train_time:1913974ms step_avg:629.80ms
step:3050/3242 train_loss:3.2901 train_time:1914602ms step_avg:629.80ms
step:3051/3242 train_loss:3.3357 train_time:1915227ms step_avg:629.80ms
step:3052/3242 train_loss:3.2026 train_time:1915854ms step_avg:629.80ms
step:3053/3242 train_loss:3.2315 train_time:1916490ms step_avg:629.80ms
step:3054/3242 train_loss:3.4864 train_time:1917101ms step_avg:629.80ms
step:3055/3242 train_loss:3.4147 train_time:1917731ms step_avg:629.80ms
step:3056/3242 train_loss:3.3885 train_time:1918361ms step_avg:629.80ms
step:3057/3242 train_loss:3.2225 train_time:1919001ms step_avg:629.80ms
step:3058/3242 train_loss:3.2150 train_time:1919623ms step_avg:629.80ms
step:3059/3242 train_loss:3.4330 train_time:1920252ms step_avg:629.80ms
step:3060/3242 train_loss:3.2275 train_time:1920870ms step_avg:629.79ms
step:3061/3242 train_loss:3.3568 train_time:1921497ms step_avg:629.79ms
step:3062/3242 train_loss:3.3764 train_time:1922131ms step_avg:629.79ms
step:3063/3242 train_loss:3.2722 train_time:1922767ms step_avg:629.80ms
step:3064/3242 train_loss:3.3006 train_time:1923387ms step_avg:629.79ms
step:3065/3242 train_loss:3.3414 train_time:1924021ms step_avg:629.79ms
step:3066/3242 train_loss:3.2518 train_time:1924651ms step_avg:629.79ms
step:3067/3242 train_loss:3.1422 train_time:1925277ms step_avg:629.79ms
step:3068/3242 train_loss:3.2722 train_time:1925898ms step_avg:629.79ms
step:3069/3242 train_loss:3.2114 train_time:1926527ms step_avg:629.79ms
step:3070/3242 train_loss:3.1728 train_time:1927159ms step_avg:629.79ms
step:3071/3242 train_loss:3.3295 train_time:1927785ms step_avg:629.79ms
step:3072/3242 train_loss:3.3415 train_time:1928415ms step_avg:629.79ms
step:3073/3242 train_loss:3.2222 train_time:1929042ms step_avg:629.79ms
step:3074/3242 train_loss:3.2566 train_time:1929665ms step_avg:629.79ms
step:3075/3242 train_loss:3.2265 train_time:1930303ms step_avg:629.79ms
step:3076/3242 train_loss:3.2388 train_time:1930931ms step_avg:629.79ms
step:3077/3242 train_loss:3.4461 train_time:1931559ms step_avg:629.79ms
step:3078/3242 train_loss:3.1229 train_time:1932183ms step_avg:629.79ms
step:3079/3242 train_loss:4.0857 train_time:1932811ms step_avg:629.79ms
step:3080/3242 train_loss:3.2206 train_time:1933439ms step_avg:629.78ms
step:3081/3242 train_loss:3.3240 train_time:1934069ms step_avg:629.78ms
step:3082/3242 train_loss:3.4637 train_time:1934695ms step_avg:629.78ms
step:3083/3242 train_loss:3.1685 train_time:1935331ms step_avg:629.79ms
step:3084/3242 train_loss:3.2487 train_time:1935956ms step_avg:629.78ms
step:3085/3242 train_loss:3.2469 train_time:1936585ms step_avg:629.78ms
step:3086/3242 train_loss:3.2979 train_time:1937212ms step_avg:629.78ms
step:3087/3242 train_loss:3.2994 train_time:1937840ms step_avg:629.78ms
step:3088/3242 train_loss:3.1243 train_time:1938468ms step_avg:629.78ms
step:3089/3242 train_loss:3.3462 train_time:1939094ms step_avg:629.78ms
step:3090/3242 train_loss:3.2330 train_time:1939726ms step_avg:629.78ms
step:3091/3242 train_loss:3.5257 train_time:1940361ms step_avg:629.78ms
step:3092/3242 train_loss:3.3013 train_time:1940987ms step_avg:629.78ms
step:3093/3242 train_loss:3.2387 train_time:1941613ms step_avg:629.78ms
step:3094/3242 train_loss:3.2975 train_time:1942243ms step_avg:629.78ms
step:3095/3242 train_loss:3.2153 train_time:1942873ms step_avg:629.78ms
step:3096/3242 train_loss:3.2343 train_time:1943501ms step_avg:629.78ms
step:3097/3242 train_loss:3.7132 train_time:1944127ms step_avg:629.78ms
step:3098/3242 train_loss:3.2554 train_time:1944756ms step_avg:629.78ms
step:3099/3242 train_loss:3.3174 train_time:1945385ms step_avg:629.78ms
step:3100/3242 train_loss:3.3752 train_time:1946008ms step_avg:629.78ms
step:3101/3242 train_loss:3.3039 train_time:1946636ms step_avg:629.78ms
step:3102/3242 train_loss:3.3832 train_time:1947264ms step_avg:629.77ms
step:3103/3242 train_loss:3.2451 train_time:1947893ms step_avg:629.77ms
step:3104/3242 train_loss:3.7784 train_time:1948520ms step_avg:629.77ms
step:3105/3242 train_loss:3.4442 train_time:1949155ms step_avg:629.78ms
step:3106/3242 train_loss:2.9306 train_time:1949779ms step_avg:629.77ms
step:3107/3242 train_loss:3.2002 train_time:1950405ms step_avg:629.77ms
step:3108/3242 train_loss:3.0419 train_time:1951033ms step_avg:629.77ms
step:3109/3242 train_loss:3.4861 train_time:1951659ms step_avg:629.77ms
step:3110/3242 train_loss:3.3046 train_time:1952289ms step_avg:629.77ms
step:3111/3242 train_loss:3.4599 train_time:1952919ms step_avg:629.77ms
step:3112/3242 train_loss:3.2950 train_time:1953543ms step_avg:629.77ms
step:3113/3242 train_loss:3.3991 train_time:1954174ms step_avg:629.77ms
step:3114/3242 train_loss:3.3878 train_time:1954821ms step_avg:629.77ms
step:3115/3242 train_loss:3.3071 train_time:1955438ms step_avg:629.77ms
step:3116/3242 train_loss:3.2051 train_time:1956059ms step_avg:629.77ms
step:3117/3242 train_loss:3.1911 train_time:1956689ms step_avg:629.77ms
step:3118/3242 train_loss:3.2992 train_time:1957319ms step_avg:629.77ms
step:3119/3242 train_loss:3.6981 train_time:1957943ms step_avg:629.77ms
step:3120/3242 train_loss:3.3102 train_time:1958574ms step_avg:629.77ms
step:3121/3242 train_loss:3.2177 train_time:1959202ms step_avg:629.77ms
step:3122/3242 train_loss:3.3876 train_time:1959827ms step_avg:629.76ms
step:3123/3242 train_loss:3.4171 train_time:1960457ms step_avg:629.76ms
step:3124/3242 train_loss:3.4231 train_time:1961082ms step_avg:629.76ms
step:3125/3242 train_loss:3.1362 train_time:1961707ms step_avg:629.76ms
step:3125/3242 val_loss:3.2863 train_time:1962093ms step_avg:629.89ms
step:3126/3242 train_loss:3.2987 train_time:1962338ms step_avg:629.76ms
step:3127/3242 train_loss:3.2741 train_time:1962966ms step_avg:629.76ms
step:3128/3242 train_loss:3.3808 train_time:1963597ms step_avg:629.76ms
step:3129/3242 train_loss:3.3162 train_time:1964227ms step_avg:629.76ms
step:3130/3242 train_loss:3.0856 train_time:1964855ms step_avg:629.76ms
step:3131/3242 train_loss:3.1591 train_time:1965480ms step_avg:629.76ms
step:3132/3242 train_loss:3.3156 train_time:1966108ms step_avg:629.76ms
step:3133/3242 train_loss:3.3480 train_time:1966735ms step_avg:629.76ms
step:3134/3242 train_loss:3.1354 train_time:1967364ms step_avg:629.76ms
step:3135/3242 train_loss:3.3367 train_time:1967997ms step_avg:629.76ms
step:3136/3242 train_loss:3.1363 train_time:1968619ms step_avg:629.76ms
step:3137/3242 train_loss:3.5093 train_time:1969251ms step_avg:629.76ms
step:3138/3242 train_loss:3.7299 train_time:1969879ms step_avg:629.76ms
step:3139/3242 train_loss:3.5688 train_time:1970507ms step_avg:629.76ms
step:3140/3242 train_loss:3.2471 train_time:1971137ms step_avg:629.76ms
step:3141/3242 train_loss:3.2986 train_time:1971772ms step_avg:629.76ms
step:3142/3242 train_loss:3.2147 train_time:1972394ms step_avg:629.76ms
step:3143/3242 train_loss:3.4072 train_time:1973023ms step_avg:629.76ms
step:3144/3242 train_loss:3.1236 train_time:1973650ms step_avg:629.75ms
step:3145/3242 train_loss:3.3384 train_time:1974283ms step_avg:629.76ms
step:3146/3242 train_loss:3.4625 train_time:1974908ms step_avg:629.75ms
step:3147/3242 train_loss:3.2609 train_time:1975541ms step_avg:629.75ms
step:3148/3242 train_loss:3.4722 train_time:1976171ms step_avg:629.75ms
step:3149/3242 train_loss:3.8827 train_time:1976798ms step_avg:629.75ms
step:3150/3242 train_loss:3.1977 train_time:1977425ms step_avg:629.75ms
step:3151/3242 train_loss:3.2761 train_time:1978053ms step_avg:629.75ms
step:3152/3242 train_loss:3.4235 train_time:1978685ms step_avg:629.75ms
step:3153/3242 train_loss:3.2030 train_time:1979312ms step_avg:629.75ms
step:3154/3242 train_loss:3.3516 train_time:1979938ms step_avg:629.75ms
step:3155/3242 train_loss:3.1270 train_time:1980571ms step_avg:629.75ms
step:3156/3242 train_loss:3.2183 train_time:1981199ms step_avg:629.75ms
step:3157/3242 train_loss:3.3309 train_time:1981825ms step_avg:629.75ms
step:3158/3242 train_loss:3.3827 train_time:1982456ms step_avg:629.75ms
step:3159/3242 train_loss:3.2797 train_time:1983083ms step_avg:629.75ms
step:3160/3242 train_loss:3.2309 train_time:1983716ms step_avg:629.75ms
step:3161/3242 train_loss:3.3464 train_time:1984342ms step_avg:629.75ms
step:3162/3242 train_loss:3.5883 train_time:1984967ms step_avg:629.75ms
step:3163/3242 train_loss:3.5027 train_time:1985597ms step_avg:629.75ms
step:3164/3242 train_loss:3.3729 train_time:1986222ms step_avg:629.75ms
step:3165/3242 train_loss:3.3505 train_time:1986854ms step_avg:629.75ms
step:3166/3242 train_loss:3.3002 train_time:1987478ms step_avg:629.75ms
step:3167/3242 train_loss:3.1707 train_time:1988114ms step_avg:629.75ms
step:3168/3242 train_loss:3.0847 train_time:1988748ms step_avg:629.75ms
step:3169/3242 train_loss:3.1158 train_time:1989369ms step_avg:629.75ms
step:3170/3242 train_loss:3.3007 train_time:1989998ms step_avg:629.75ms
step:3171/3242 train_loss:3.0563 train_time:1990630ms step_avg:629.75ms
step:3172/3242 train_loss:3.2573 train_time:1991252ms step_avg:629.74ms
step:3173/3242 train_loss:3.4189 train_time:1991877ms step_avg:629.74ms
step:3174/3242 train_loss:3.3105 train_time:1992507ms step_avg:629.74ms
step:3175/3242 train_loss:3.3258 train_time:1993135ms step_avg:629.74ms
step:3176/3242 train_loss:3.3375 train_time:1993767ms step_avg:629.74ms
step:3177/3242 train_loss:3.1719 train_time:1994395ms step_avg:629.74ms
step:3178/3242 train_loss:3.2773 train_time:1995020ms step_avg:629.74ms
step:3179/3242 train_loss:3.5226 train_time:1995648ms step_avg:629.74ms
step:3180/3242 train_loss:3.2831 train_time:1996278ms step_avg:629.74ms
step:3181/3242 train_loss:3.2628 train_time:1996906ms step_avg:629.74ms
step:3182/3242 train_loss:3.2297 train_time:1997533ms step_avg:629.74ms
step:3183/3242 train_loss:3.4071 train_time:1998163ms step_avg:629.74ms
step:3184/3242 train_loss:3.3549 train_time:1998794ms step_avg:629.74ms
step:3185/3242 train_loss:3.2470 train_time:1999424ms step_avg:629.74ms
step:3186/3242 train_loss:3.4522 train_time:2000048ms step_avg:629.74ms
step:3187/3242 train_loss:3.3843 train_time:2000677ms step_avg:629.74ms
step:3188/3242 train_loss:3.1917 train_time:2001312ms step_avg:629.74ms
step:3189/3242 train_loss:3.3246 train_time:2001934ms step_avg:629.74ms
step:3190/3242 train_loss:3.2662 train_time:2002567ms step_avg:629.74ms
step:3191/3242 train_loss:3.2054 train_time:2003188ms step_avg:629.74ms
step:3192/3242 train_loss:3.2383 train_time:2003816ms step_avg:629.73ms
step:3193/3242 train_loss:3.1805 train_time:2004448ms step_avg:629.74ms
step:3194/3242 train_loss:3.9022 train_time:2005071ms step_avg:629.73ms
step:3195/3242 train_loss:3.3057 train_time:2005703ms step_avg:629.73ms
step:3196/3242 train_loss:3.0912 train_time:2006334ms step_avg:629.73ms
step:3197/3242 train_loss:3.2571 train_time:2006957ms step_avg:629.73ms
step:3198/3242 train_loss:3.0562 train_time:2007585ms step_avg:629.73ms
step:3199/3242 train_loss:3.1183 train_time:2008217ms step_avg:629.73ms
step:3200/3242 train_loss:3.0866 train_time:2008852ms step_avg:629.73ms
step:3201/3242 train_loss:3.2426 train_time:2009478ms step_avg:629.73ms
step:3202/3242 train_loss:3.3069 train_time:2010099ms step_avg:629.73ms
step:3203/3242 train_loss:3.1954 train_time:2010729ms step_avg:629.73ms
step:3204/3242 train_loss:3.2249 train_time:2011359ms step_avg:629.73ms
step:3205/3242 train_loss:3.2942 train_time:2011989ms step_avg:629.73ms
step:3206/3242 train_loss:3.4944 train_time:2012617ms step_avg:629.73ms
step:3207/3242 train_loss:3.0411 train_time:2013237ms step_avg:629.73ms
step:3208/3242 train_loss:3.4621 train_time:2013863ms step_avg:629.73ms
step:3209/3242 train_loss:3.3846 train_time:2014487ms step_avg:629.72ms
step:3210/3242 train_loss:3.4459 train_time:2015115ms step_avg:629.72ms
step:3211/3242 train_loss:3.1474 train_time:2015756ms step_avg:629.73ms
step:3212/3242 train_loss:3.1224 train_time:2016381ms step_avg:629.73ms
step:3213/3242 train_loss:3.1694 train_time:2017002ms step_avg:629.72ms
step:3214/3242 train_loss:3.5918 train_time:2017630ms step_avg:629.72ms
step:3215/3242 train_loss:3.0643 train_time:2018273ms step_avg:629.73ms
step:3216/3242 train_loss:3.2564 train_time:2018891ms step_avg:629.72ms
step:3217/3242 train_loss:3.1740 train_time:2019517ms step_avg:629.72ms
step:3218/3242 train_loss:3.2409 train_time:2020144ms step_avg:629.72ms
step:3219/3242 train_loss:3.2705 train_time:2020768ms step_avg:629.72ms
step:3220/3242 train_loss:3.4314 train_time:2021401ms step_avg:629.72ms
step:3221/3242 train_loss:3.3541 train_time:2022028ms step_avg:629.72ms
step:3222/3242 train_loss:3.2521 train_time:2022658ms step_avg:629.72ms
step:3223/3242 train_loss:3.1984 train_time:2023292ms step_avg:629.72ms
step:3224/3242 train_loss:3.1655 train_time:2023922ms step_avg:629.72ms
step:3225/3242 train_loss:3.1318 train_time:2024537ms step_avg:629.72ms
step:3226/3242 train_loss:3.2653 train_time:2025160ms step_avg:629.71ms
step:3227/3242 train_loss:3.1210 train_time:2025790ms step_avg:629.71ms
step:3228/3242 train_loss:3.1894 train_time:2026420ms step_avg:629.71ms
step:3229/3242 train_loss:3.3057 train_time:2027053ms step_avg:629.72ms
step:3230/3242 train_loss:3.1217 train_time:2027683ms step_avg:629.72ms
step:3231/3242 train_loss:3.0342 train_time:2028311ms step_avg:629.71ms
step:3232/3242 train_loss:3.2068 train_time:2028939ms step_avg:629.71ms
step:3233/3242 train_loss:3.4929 train_time:2029564ms step_avg:629.71ms
step:3234/3242 train_loss:3.5690 train_time:2030196ms step_avg:629.71ms
step:3235/3242 train_loss:3.4207 train_time:2030826ms step_avg:629.71ms
step:3236/3242 train_loss:3.2089 train_time:2031454ms step_avg:629.71ms
step:3237/3242 train_loss:3.5302 train_time:2032075ms step_avg:629.71ms
step:3238/3242 train_loss:3.3138 train_time:2032721ms step_avg:629.72ms
step:3239/3242 train_loss:3.3988 train_time:2033349ms step_avg:629.71ms
step:3240/3242 train_loss:3.1049 train_time:2033981ms step_avg:629.72ms
step:3241/3242 train_loss:3.2825 train_time:2034607ms step_avg:629.71ms
step:3242/3242 train_loss:3.3264 train_time:2035235ms step_avg:629.71ms
step:3242/3242 val_loss:3.2785 train_time:2035597ms step_avg:629.83ms
peak memory consumption: 42502 MiB
