W0525 18:14:57.606000 255 site-packages/torch/distributed/run.py:766] 
W0525 18:14:57.606000 255 site-packages/torch/distributed/run.py:766] *****************************************
W0525 18:14:57.606000 255 site-packages/torch/distributed/run.py:766] Setting OMP_NUM_THREADS environment variable for each process to be 1 in default, to avoid your system being overloaded, please further tune the variable for optimal performance in your application as needed. 
W0525 18:14:57.606000 255 site-packages/torch/distributed/run.py:766] *****************************************
/root/miniconda3/envs/llm_test/lib/python3.10/site-packages/torch/autograd/__init__.py:221: UserWarning: Cannot create tensor with interal format while allow_internel_format=False, tensor will be created with base format. (Triggered internally at build/CMakeFiles/torch_npu.dir/compiler_depend.ts:338.)
  torch.ones_like(out, memory_format=torch.preserve_format)
using device: npu:1
/root/miniconda3/envs/llm_test/lib/python3.10/site-packages/torch/autograd/__init__.py:221: UserWarning: Cannot create tensor with interal format while allow_internel_format=False, tensor will be created with base format. (Triggered internally at build/CMakeFiles/torch_npu.dir/compiler_depend.ts:338.)
  torch.ones_like(out, memory_format=torch.preserve_format)
/root/miniconda3/envs/llm_test/lib/python3.10/site-packages/torch/autograd/__init__.py:221: UserWarning: Cannot create tensor with interal format while allow_internel_format=False, tensor will be created with base format. (Triggered internally at build/CMakeFiles/torch_npu.dir/compiler_depend.ts:338.)
  torch.ones_like(out, memory_format=torch.preserve_format)
/root/miniconda3/envs/llm_test/lib/python3.10/site-packages/torch/autograd/__init__.py:221: UserWarning: Cannot create tensor with interal format while allow_internel_format=False, tensor will be created with base format. (Triggered internally at build/CMakeFiles/torch_npu.dir/compiler_depend.ts:338.)
  torch.ones_like(out, memory_format=torch.preserve_format)
/root/miniconda3/envs/llm_test/lib/python3.10/site-packages/torch/autograd/__init__.py:221: UserWarning: Cannot create tensor with interal format while allow_internel_format=False, tensor will be created with base format. (Triggered internally at build/CMakeFiles/torch_npu.dir/compiler_depend.ts:338.)
  torch.ones_like(out, memory_format=torch.preserve_format)
/root/miniconda3/envs/llm_test/lib/python3.10/site-packages/torch/autograd/__init__.py:221: UserWarning: Cannot create tensor with interal format while allow_internel_format=False, tensor will be created with base format. (Triggered internally at build/CMakeFiles/torch_npu.dir/compiler_depend.ts:338.)
  torch.ones_like(out, memory_format=torch.preserve_format)
using device: npu:0
/root/miniconda3/envs/llm_test/lib/python3.10/site-packages/torch/autograd/__init__.py:221: UserWarning: Cannot create tensor with interal format while allow_internel_format=False, tensor will be created with base format. (Triggered internally at build/CMakeFiles/torch_npu.dir/compiler_depend.ts:338.)
  torch.ones_like(out, memory_format=torch.preserve_format)
/root/miniconda3/envs/llm_test/lib/python3.10/site-packages/torch/autograd/__init__.py:221: UserWarning: Cannot create tensor with interal format while allow_internel_format=False, tensor will be created with base format. (Triggered internally at build/CMakeFiles/torch_npu.dir/compiler_depend.ts:338.)
  torch.ones_like(out, memory_format=torch.preserve_format)
/root/miniconda3/envs/llm_test/lib/python3.10/site-packages/torch/autograd/__init__.py:221: UserWarning: Cannot create tensor with interal format while allow_internel_format=False, tensor will be created with base format. (Triggered internally at build/CMakeFiles/torch_npu.dir/compiler_depend.ts:338.)
  torch.ones_like(out, memory_format=torch.preserve_format)
/root/miniconda3/envs/llm_test/lib/python3.10/site-packages/torch/autograd/__init__.py:221: UserWarning: Cannot create tensor with interal format while allow_internel_format=False, tensor will be created with base format. (Triggered internally at build/CMakeFiles/torch_npu.dir/compiler_depend.ts:338.)
  torch.ones_like(out, memory_format=torch.preserve_format)
/root/miniconda3/envs/llm_test/lib/python3.10/site-packages/torch/autograd/__init__.py:221: UserWarning: Cannot create tensor with interal format while allow_internel_format=False, tensor will be created with base format. (Triggered internally at build/CMakeFiles/torch_npu.dir/compiler_depend.ts:338.)
  torch.ones_like(out, memory_format=torch.preserve_format)
/root/miniconda3/envs/llm_test/lib/python3.10/site-packages/torch/autograd/__init__.py:221: UserWarning: Cannot create tensor with interal format while allow_internel_format=False, tensor will be created with base format. (Triggered internally at build/CMakeFiles/torch_npu.dir/compiler_depend.ts:338.)
  torch.ones_like(out, memory_format=torch.preserve_format)
/root/miniconda3/envs/llm_test/lib/python3.10/site-packages/torch/autograd/__init__.py:221: UserWarning: Cannot create tensor with interal format while allow_internel_format=False, tensor will be created with base format. (Triggered internally at build/CMakeFiles/torch_npu.dir/compiler_depend.ts:338.)
  torch.ones_like(out, memory_format=torch.preserve_format)
/root/miniconda3/envs/llm_test/lib/python3.10/site-packages/torch/autograd/__init__.py:221: UserWarning: Cannot create tensor with interal format while allow_internel_format=False, tensor will be created with base format. (Triggered internally at build/CMakeFiles/torch_npu.dir/compiler_depend.ts:338.)
  torch.ones_like(out, memory_format=torch.preserve_format)
/root/miniconda3/envs/llm_test/lib/python3.10/site-packages/torch/autograd/__init__.py:221: UserWarning: Cannot create tensor with interal format while allow_internel_format=False, tensor will be created with base format. (Triggered internally at build/CMakeFiles/torch_npu.dir/compiler_depend.ts:338.)
  torch.ones_like(out, memory_format=torch.preserve_format)
/root/miniconda3/envs/llm_test/lib/python3.10/site-packages/torch/autograd/__init__.py:221: UserWarning: Cannot create tensor with interal format while allow_internel_format=False, tensor will be created with base format. (Triggered internally at build/CMakeFiles/torch_npu.dir/compiler_depend.ts:338.)
  torch.ones_like(out, memory_format=torch.preserve_format)
using device: npu:9
using device: npu:4
using device: npu:6
using device: npu:14
using device: npu:15
using device: npu:13
using device: npu:12
using device: npu:11
using device: npu:5
using device: npu:10
using device: npu:2
using device: npu:8
Training DataLoader: total number of tokens: 10255324043 across 103 files
Validation DataLoader: total number of tokens: 100000000 across 1 files
using device: npu:7
using device: npu:3
step:0/4578 val_loss:10.8258 train_time:67ms step_avg:nanms
step:1/4578 train_loss:10.8258 train_time:3318ms step_avg:nanms
step:2/4578 train_loss:10.4314 train_time:3627ms step_avg:nanms
step:3/4578 train_loss:9.8975 train_time:4095ms step_avg:nanms
step:4/4578 train_loss:9.0047 train_time:4569ms step_avg:nanms
step:5/4578 train_loss:8.1409 train_time:5047ms step_avg:nanms
step:6/4578 train_loss:7.5846 train_time:5527ms step_avg:nanms
step:7/4578 train_loss:7.0927 train_time:6007ms step_avg:nanms
step:8/4578 train_loss:6.9376 train_time:6479ms step_avg:nanms
step:9/4578 train_loss:7.0153 train_time:6955ms step_avg:nanms
step:10/4578 train_loss:6.7622 train_time:7435ms step_avg:nanms
step:11/4578 train_loss:6.8120 train_time:165ms step_avg:nanms
step:12/4578 train_loss:6.5694 train_time:639ms step_avg:nanms
step:13/4578 train_loss:6.6580 train_time:1118ms step_avg:372.51ms
step:14/4578 train_loss:6.4978 train_time:1594ms step_avg:398.56ms
step:15/4578 train_loss:6.4379 train_time:2074ms step_avg:414.72ms
step:16/4578 train_loss:6.3756 train_time:2550ms step_avg:424.97ms
step:17/4578 train_loss:6.5551 train_time:3028ms step_avg:432.51ms
step:18/4578 train_loss:6.5541 train_time:3503ms step_avg:437.84ms
step:19/4578 train_loss:6.4370 train_time:3979ms step_avg:442.10ms
step:20/4578 train_loss:6.5092 train_time:4461ms step_avg:446.06ms
step:21/4578 train_loss:6.2313 train_time:4933ms step_avg:448.43ms
step:22/4578 train_loss:6.3113 train_time:5415ms step_avg:451.27ms
step:23/4578 train_loss:6.8649 train_time:5889ms step_avg:452.98ms
step:24/4578 train_loss:6.2676 train_time:6364ms step_avg:454.59ms
step:25/4578 train_loss:6.7251 train_time:6841ms step_avg:456.08ms
step:26/4578 train_loss:6.1336 train_time:7316ms step_avg:457.27ms
step:27/4578 train_loss:6.0077 train_time:7793ms step_avg:458.42ms
step:28/4578 train_loss:6.3561 train_time:8274ms step_avg:459.66ms
step:29/4578 train_loss:5.7340 train_time:8752ms step_avg:460.62ms
step:30/4578 train_loss:6.1003 train_time:9238ms step_avg:461.88ms
step:31/4578 train_loss:6.1198 train_time:9709ms step_avg:462.34ms
step:32/4578 train_loss:5.8193 train_time:10191ms step_avg:463.24ms
step:33/4578 train_loss:5.9559 train_time:10663ms step_avg:463.61ms
step:34/4578 train_loss:6.0967 train_time:11133ms step_avg:463.90ms
step:35/4578 train_loss:6.1357 train_time:11611ms step_avg:464.45ms
step:36/4578 train_loss:6.1388 train_time:12084ms step_avg:464.79ms
step:37/4578 train_loss:6.0091 train_time:12568ms step_avg:465.48ms
step:38/4578 train_loss:6.0638 train_time:13047ms step_avg:465.98ms
step:39/4578 train_loss:5.7634 train_time:13528ms step_avg:466.48ms
step:40/4578 train_loss:5.8558 train_time:14005ms step_avg:466.85ms
step:41/4578 train_loss:5.7397 train_time:14471ms step_avg:466.79ms
step:42/4578 train_loss:5.8237 train_time:14955ms step_avg:467.33ms
step:43/4578 train_loss:5.4399 train_time:15436ms step_avg:467.74ms
step:44/4578 train_loss:5.8520 train_time:15906ms step_avg:467.84ms
step:45/4578 train_loss:5.7644 train_time:16385ms step_avg:468.14ms
step:46/4578 train_loss:5.7566 train_time:16869ms step_avg:468.58ms
step:47/4578 train_loss:5.7002 train_time:17343ms step_avg:468.72ms
step:48/4578 train_loss:5.5466 train_time:17820ms step_avg:468.94ms
step:49/4578 train_loss:5.7083 train_time:18298ms step_avg:469.18ms
step:50/4578 train_loss:5.4631 train_time:18774ms step_avg:469.35ms
step:51/4578 train_loss:5.6801 train_time:19252ms step_avg:469.56ms
step:52/4578 train_loss:5.6549 train_time:19728ms step_avg:469.73ms
step:53/4578 train_loss:5.5540 train_time:20203ms step_avg:469.83ms
step:54/4578 train_loss:5.5328 train_time:20683ms step_avg:470.07ms
step:55/4578 train_loss:5.4872 train_time:21160ms step_avg:470.23ms
step:56/4578 train_loss:5.8263 train_time:21638ms step_avg:470.40ms
step:57/4578 train_loss:5.5761 train_time:22114ms step_avg:470.51ms
step:58/4578 train_loss:5.3587 train_time:22589ms step_avg:470.60ms
step:59/4578 train_loss:5.6288 train_time:23066ms step_avg:470.73ms
step:60/4578 train_loss:5.4516 train_time:23542ms step_avg:470.85ms
step:61/4578 train_loss:5.6444 train_time:24024ms step_avg:471.06ms
step:62/4578 train_loss:5.2985 train_time:24498ms step_avg:471.12ms
step:63/4578 train_loss:5.5168 train_time:24974ms step_avg:471.20ms
step:64/4578 train_loss:5.4582 train_time:25457ms step_avg:471.42ms
step:65/4578 train_loss:4.9489 train_time:25932ms step_avg:471.49ms
step:66/4578 train_loss:5.3588 train_time:26408ms step_avg:471.58ms
step:67/4578 train_loss:5.4759 train_time:26888ms step_avg:471.72ms
step:68/4578 train_loss:5.2877 train_time:27364ms step_avg:471.79ms
step:69/4578 train_loss:5.6170 train_time:27848ms step_avg:471.99ms
step:70/4578 train_loss:5.1177 train_time:28320ms step_avg:472.00ms
step:71/4578 train_loss:5.2524 train_time:28800ms step_avg:472.14ms
step:72/4578 train_loss:5.2174 train_time:29296ms step_avg:472.51ms
step:73/4578 train_loss:5.3723 train_time:29766ms step_avg:472.48ms
step:74/4578 train_loss:5.1124 train_time:30247ms step_avg:472.61ms
step:75/4578 train_loss:5.5644 train_time:30727ms step_avg:472.72ms
step:76/4578 train_loss:5.3223 train_time:31201ms step_avg:472.75ms
step:77/4578 train_loss:5.3052 train_time:31674ms step_avg:472.75ms
step:78/4578 train_loss:5.4323 train_time:32153ms step_avg:472.84ms
step:79/4578 train_loss:5.0226 train_time:32607ms step_avg:472.57ms
step:80/4578 train_loss:5.3032 train_time:33090ms step_avg:472.72ms
step:81/4578 train_loss:5.2669 train_time:33565ms step_avg:472.75ms
step:82/4578 train_loss:5.1038 train_time:34042ms step_avg:472.81ms
step:83/4578 train_loss:5.1902 train_time:34521ms step_avg:472.89ms
step:84/4578 train_loss:5.1929 train_time:35002ms step_avg:473.00ms
step:85/4578 train_loss:5.0444 train_time:35481ms step_avg:473.08ms
step:86/4578 train_loss:5.0820 train_time:35960ms step_avg:473.15ms
step:87/4578 train_loss:5.3082 train_time:36432ms step_avg:473.14ms
step:88/4578 train_loss:5.1502 train_time:36905ms step_avg:473.14ms
step:89/4578 train_loss:5.2371 train_time:37377ms step_avg:473.12ms
step:90/4578 train_loss:5.3307 train_time:37853ms step_avg:473.16ms
step:91/4578 train_loss:5.0775 train_time:38327ms step_avg:473.17ms
step:92/4578 train_loss:5.2405 train_time:38818ms step_avg:473.39ms
step:93/4578 train_loss:5.3295 train_time:39289ms step_avg:473.37ms
step:94/4578 train_loss:5.0645 train_time:39766ms step_avg:473.41ms
step:95/4578 train_loss:5.0614 train_time:40243ms step_avg:473.45ms
step:96/4578 train_loss:5.0779 train_time:40717ms step_avg:473.45ms
step:97/4578 train_loss:5.0601 train_time:41193ms step_avg:473.48ms
step:98/4578 train_loss:5.1108 train_time:41672ms step_avg:473.55ms
step:99/4578 train_loss:4.9846 train_time:42153ms step_avg:473.63ms
step:100/4578 train_loss:5.0462 train_time:42625ms step_avg:473.61ms
step:101/4578 train_loss:5.0437 train_time:43100ms step_avg:473.62ms
step:102/4578 train_loss:5.0700 train_time:43580ms step_avg:473.69ms
step:103/4578 train_loss:5.0373 train_time:44058ms step_avg:473.74ms
step:104/4578 train_loss:4.9162 train_time:44540ms step_avg:473.83ms
step:105/4578 train_loss:4.8346 train_time:45016ms step_avg:473.85ms
step:106/4578 train_loss:5.0183 train_time:45486ms step_avg:473.81ms
step:107/4578 train_loss:4.8125 train_time:45965ms step_avg:473.86ms
step:108/4578 train_loss:4.9555 train_time:46439ms step_avg:473.87ms
step:109/4578 train_loss:4.8606 train_time:46923ms step_avg:473.97ms
step:110/4578 train_loss:4.9851 train_time:47396ms step_avg:473.96ms
step:111/4578 train_loss:4.8740 train_time:47871ms step_avg:473.97ms
step:112/4578 train_loss:4.9287 train_time:48344ms step_avg:473.96ms
step:113/4578 train_loss:5.0555 train_time:48826ms step_avg:474.03ms
step:114/4578 train_loss:4.9140 train_time:49300ms step_avg:474.03ms
step:115/4578 train_loss:4.8413 train_time:49782ms step_avg:474.12ms
step:116/4578 train_loss:4.9979 train_time:50262ms step_avg:474.17ms
step:117/4578 train_loss:4.9085 train_time:50739ms step_avg:474.20ms
step:118/4578 train_loss:4.7389 train_time:51210ms step_avg:474.17ms
step:119/4578 train_loss:5.0015 train_time:51690ms step_avg:474.22ms
step:120/4578 train_loss:4.8526 train_time:52169ms step_avg:474.26ms
step:121/4578 train_loss:4.8559 train_time:52644ms step_avg:474.27ms
step:122/4578 train_loss:4.6322 train_time:53124ms step_avg:474.32ms
step:123/4578 train_loss:4.9115 train_time:53609ms step_avg:474.41ms
step:124/4578 train_loss:4.7592 train_time:54075ms step_avg:474.34ms
step:125/4578 train_loss:5.1323 train_time:54551ms step_avg:474.36ms
step:125/4578 val_loss:4.8302 train_time:54865ms step_avg:477.09ms
step:126/4578 train_loss:4.9173 train_time:55031ms step_avg:474.41ms
step:127/4578 train_loss:4.9015 train_time:55506ms step_avg:474.41ms
step:128/4578 train_loss:4.8526 train_time:55982ms step_avg:474.42ms
step:129/4578 train_loss:4.8341 train_time:56460ms step_avg:474.45ms
step:130/4578 train_loss:5.3164 train_time:56935ms step_avg:474.46ms
step:131/4578 train_loss:4.8499 train_time:57411ms step_avg:474.47ms
step:132/4578 train_loss:4.5837 train_time:57888ms step_avg:474.50ms
step:133/4578 train_loss:4.6277 train_time:58369ms step_avg:474.55ms
step:134/4578 train_loss:4.7637 train_time:58852ms step_avg:474.61ms
step:135/4578 train_loss:4.7175 train_time:59327ms step_avg:474.62ms
step:136/4578 train_loss:4.7446 train_time:59800ms step_avg:474.60ms
step:137/4578 train_loss:4.5874 train_time:60275ms step_avg:474.61ms
step:138/4578 train_loss:4.7423 train_time:60758ms step_avg:474.67ms
step:139/4578 train_loss:4.7160 train_time:61231ms step_avg:474.66ms
step:140/4578 train_loss:4.7582 train_time:61711ms step_avg:474.70ms
step:141/4578 train_loss:5.0670 train_time:62188ms step_avg:474.72ms
step:142/4578 train_loss:4.7746 train_time:62671ms step_avg:474.78ms
step:143/4578 train_loss:4.7304 train_time:63160ms step_avg:474.89ms
step:144/4578 train_loss:4.7751 train_time:63641ms step_avg:474.93ms
step:145/4578 train_loss:4.6866 train_time:64112ms step_avg:474.91ms
step:146/4578 train_loss:4.5877 train_time:64589ms step_avg:474.92ms
step:147/4578 train_loss:4.4975 train_time:65068ms step_avg:474.95ms
step:148/4578 train_loss:4.6751 train_time:65544ms step_avg:474.96ms
step:149/4578 train_loss:4.6764 train_time:66010ms step_avg:474.89ms
step:150/4578 train_loss:4.9010 train_time:66480ms step_avg:474.86ms
step:151/4578 train_loss:4.7386 train_time:66959ms step_avg:474.88ms
step:152/4578 train_loss:4.6107 train_time:67436ms step_avg:474.90ms
step:153/4578 train_loss:4.6401 train_time:67911ms step_avg:474.90ms
step:154/4578 train_loss:4.7371 train_time:68390ms step_avg:474.93ms
step:155/4578 train_loss:4.8742 train_time:68864ms step_avg:474.92ms
step:156/4578 train_loss:4.5697 train_time:69345ms step_avg:474.96ms
step:157/4578 train_loss:4.7469 train_time:69826ms step_avg:475.00ms
step:158/4578 train_loss:4.7820 train_time:70291ms step_avg:474.94ms
step:159/4578 train_loss:4.5799 train_time:70773ms step_avg:474.99ms
step:160/4578 train_loss:4.6808 train_time:71246ms step_avg:474.97ms
step:161/4578 train_loss:4.5338 train_time:71730ms step_avg:475.03ms
step:162/4578 train_loss:4.6790 train_time:72208ms step_avg:475.05ms
step:163/4578 train_loss:4.7073 train_time:72686ms step_avg:475.07ms
step:164/4578 train_loss:4.6147 train_time:73157ms step_avg:475.04ms
step:165/4578 train_loss:4.4820 train_time:73641ms step_avg:475.10ms
step:166/4578 train_loss:4.5382 train_time:74118ms step_avg:475.12ms
step:167/4578 train_loss:4.7356 train_time:74594ms step_avg:475.12ms
step:168/4578 train_loss:4.3561 train_time:75069ms step_avg:475.12ms
step:169/4578 train_loss:4.8006 train_time:75545ms step_avg:475.13ms
step:170/4578 train_loss:4.4259 train_time:76021ms step_avg:475.13ms
step:171/4578 train_loss:4.3420 train_time:76501ms step_avg:475.16ms
step:172/4578 train_loss:4.4693 train_time:76980ms step_avg:475.18ms
step:173/4578 train_loss:4.4761 train_time:77457ms step_avg:475.20ms
step:174/4578 train_loss:4.5286 train_time:77934ms step_avg:475.21ms
step:175/4578 train_loss:4.6599 train_time:78411ms step_avg:475.22ms
step:176/4578 train_loss:4.6200 train_time:78886ms step_avg:475.22ms
step:177/4578 train_loss:4.3909 train_time:79367ms step_avg:475.25ms
step:178/4578 train_loss:4.3642 train_time:79838ms step_avg:475.23ms
step:179/4578 train_loss:4.4033 train_time:80315ms step_avg:475.24ms
step:180/4578 train_loss:4.3821 train_time:80790ms step_avg:475.24ms
step:181/4578 train_loss:4.4659 train_time:81269ms step_avg:475.26ms
step:182/4578 train_loss:4.3689 train_time:81749ms step_avg:475.28ms
step:183/4578 train_loss:4.4318 train_time:82227ms step_avg:475.30ms
step:184/4578 train_loss:4.4180 train_time:82705ms step_avg:475.31ms
step:185/4578 train_loss:4.3731 train_time:83178ms step_avg:475.30ms
step:186/4578 train_loss:4.6982 train_time:83659ms step_avg:475.34ms
step:187/4578 train_loss:4.5016 train_time:84134ms step_avg:475.33ms
step:188/4578 train_loss:4.6596 train_time:84611ms step_avg:475.34ms
step:189/4578 train_loss:4.4081 train_time:85088ms step_avg:475.35ms
step:190/4578 train_loss:4.3690 train_time:85729ms step_avg:476.27ms
step:191/4578 train_loss:4.5402 train_time:86207ms step_avg:476.28ms
step:192/4578 train_loss:4.3416 train_time:86682ms step_avg:476.28ms
step:193/4578 train_loss:4.3330 train_time:87163ms step_avg:476.30ms
step:194/4578 train_loss:4.5742 train_time:87640ms step_avg:476.30ms
step:195/4578 train_loss:4.4055 train_time:88115ms step_avg:476.30ms
step:196/4578 train_loss:4.7744 train_time:88591ms step_avg:476.30ms
step:197/4578 train_loss:4.4594 train_time:89065ms step_avg:476.28ms
step:198/4578 train_loss:4.2550 train_time:89537ms step_avg:476.26ms
step:199/4578 train_loss:4.3272 train_time:90020ms step_avg:476.30ms
step:200/4578 train_loss:4.2967 train_time:90496ms step_avg:476.30ms
step:201/4578 train_loss:4.3986 train_time:90975ms step_avg:476.31ms
step:202/4578 train_loss:4.2925 train_time:91449ms step_avg:476.30ms
step:203/4578 train_loss:4.4680 train_time:91926ms step_avg:476.30ms
step:204/4578 train_loss:4.3743 train_time:92404ms step_avg:476.31ms
step:205/4578 train_loss:4.5670 train_time:92880ms step_avg:476.31ms
step:206/4578 train_loss:4.3583 train_time:93366ms step_avg:476.36ms
step:207/4578 train_loss:4.2327 train_time:93837ms step_avg:476.33ms
step:208/4578 train_loss:4.3664 train_time:94313ms step_avg:476.33ms
step:209/4578 train_loss:4.3996 train_time:94786ms step_avg:476.31ms
step:210/4578 train_loss:4.4863 train_time:95266ms step_avg:476.33ms
step:211/4578 train_loss:4.4083 train_time:95743ms step_avg:476.34ms
step:212/4578 train_loss:4.3623 train_time:96221ms step_avg:476.34ms
step:213/4578 train_loss:4.4015 train_time:96700ms step_avg:476.36ms
step:214/4578 train_loss:4.1868 train_time:97176ms step_avg:476.36ms
step:215/4578 train_loss:4.3377 train_time:97656ms step_avg:476.37ms
step:216/4578 train_loss:4.2177 train_time:98132ms step_avg:476.37ms
step:217/4578 train_loss:4.1941 train_time:98614ms step_avg:476.40ms
step:218/4578 train_loss:4.3142 train_time:99081ms step_avg:476.35ms
step:219/4578 train_loss:4.2456 train_time:99560ms step_avg:476.36ms
step:220/4578 train_loss:4.3027 train_time:100038ms step_avg:476.37ms
step:221/4578 train_loss:4.3086 train_time:100516ms step_avg:476.38ms
step:222/4578 train_loss:4.2923 train_time:100987ms step_avg:476.35ms
step:223/4578 train_loss:4.1922 train_time:101467ms step_avg:476.37ms
step:224/4578 train_loss:4.2552 train_time:101948ms step_avg:476.39ms
step:225/4578 train_loss:4.4571 train_time:102422ms step_avg:476.38ms
step:226/4578 train_loss:4.0784 train_time:102904ms step_avg:476.41ms
step:227/4578 train_loss:4.1060 train_time:103381ms step_avg:476.41ms
step:228/4578 train_loss:4.2236 train_time:103861ms step_avg:476.43ms
step:229/4578 train_loss:4.3893 train_time:104334ms step_avg:476.41ms
step:230/4578 train_loss:4.1576 train_time:104817ms step_avg:476.44ms
step:231/4578 train_loss:4.3009 train_time:105288ms step_avg:476.42ms
step:232/4578 train_loss:4.3272 train_time:105763ms step_avg:476.41ms
step:233/4578 train_loss:4.0837 train_time:106240ms step_avg:476.41ms
step:234/4578 train_loss:4.3322 train_time:106718ms step_avg:476.42ms
step:235/4578 train_loss:4.1766 train_time:107198ms step_avg:476.43ms
step:236/4578 train_loss:3.9075 train_time:107672ms step_avg:476.43ms
step:237/4578 train_loss:4.2640 train_time:108146ms step_avg:476.42ms
step:238/4578 train_loss:4.2845 train_time:108630ms step_avg:476.45ms
step:239/4578 train_loss:4.1409 train_time:109100ms step_avg:476.42ms
step:240/4578 train_loss:4.3427 train_time:109572ms step_avg:476.40ms
step:241/4578 train_loss:4.2972 train_time:110049ms step_avg:476.40ms
step:242/4578 train_loss:4.1483 train_time:110559ms step_avg:476.55ms
step:243/4578 train_loss:4.0530 train_time:111023ms step_avg:476.49ms
step:244/4578 train_loss:4.2346 train_time:111496ms step_avg:476.48ms
step:245/4578 train_loss:4.2603 train_time:111962ms step_avg:476.44ms
step:246/4578 train_loss:4.4226 train_time:112445ms step_avg:476.46ms
step:247/4578 train_loss:4.4169 train_time:112922ms step_avg:476.47ms
step:248/4578 train_loss:4.2434 train_time:113403ms step_avg:476.48ms
step:249/4578 train_loss:4.2702 train_time:113876ms step_avg:476.47ms
step:250/4578 train_loss:4.0711 train_time:114349ms step_avg:476.45ms
step:250/4578 val_loss:4.2085 train_time:114663ms step_avg:477.76ms
step:251/4578 train_loss:4.1358 train_time:114828ms step_avg:476.46ms
step:252/4578 train_loss:4.2741 train_time:115302ms step_avg:476.46ms
step:253/4578 train_loss:4.1950 train_time:115779ms step_avg:476.46ms
step:254/4578 train_loss:3.9934 train_time:116255ms step_avg:476.45ms
step:255/4578 train_loss:4.1645 train_time:116732ms step_avg:476.46ms
step:256/4578 train_loss:4.1762 train_time:117212ms step_avg:476.47ms
step:257/4578 train_loss:4.3017 train_time:117688ms step_avg:476.47ms
step:258/4578 train_loss:4.1221 train_time:118164ms step_avg:476.47ms
step:259/4578 train_loss:4.0841 train_time:118641ms step_avg:476.47ms
step:260/4578 train_loss:4.2273 train_time:119122ms step_avg:476.49ms
step:261/4578 train_loss:4.2258 train_time:119601ms step_avg:476.50ms
step:262/4578 train_loss:4.2670 train_time:120082ms step_avg:476.52ms
step:263/4578 train_loss:4.1559 train_time:120558ms step_avg:476.51ms
step:264/4578 train_loss:4.1707 train_time:121028ms step_avg:476.49ms
step:265/4578 train_loss:4.1888 train_time:121512ms step_avg:476.52ms
step:266/4578 train_loss:3.9429 train_time:121981ms step_avg:476.49ms
step:267/4578 train_loss:4.1235 train_time:122462ms step_avg:476.50ms
step:268/4578 train_loss:3.9660 train_time:122938ms step_avg:476.50ms
step:269/4578 train_loss:4.1053 train_time:123417ms step_avg:476.51ms
step:270/4578 train_loss:4.0420 train_time:123895ms step_avg:476.52ms
step:271/4578 train_loss:4.2524 train_time:124371ms step_avg:476.52ms
step:272/4578 train_loss:4.1807 train_time:124850ms step_avg:476.53ms
step:273/4578 train_loss:4.0808 train_time:125328ms step_avg:476.53ms
step:274/4578 train_loss:4.1690 train_time:125800ms step_avg:476.51ms
step:275/4578 train_loss:4.2225 train_time:126277ms step_avg:476.52ms
step:276/4578 train_loss:4.2069 train_time:126755ms step_avg:476.52ms
step:277/4578 train_loss:4.1162 train_time:127237ms step_avg:476.54ms
step:278/4578 train_loss:3.9910 train_time:127722ms step_avg:476.57ms
step:279/4578 train_loss:4.3058 train_time:128192ms step_avg:476.55ms
step:280/4578 train_loss:4.1288 train_time:128675ms step_avg:476.57ms
step:281/4578 train_loss:4.5497 train_time:129146ms step_avg:476.55ms
step:282/4578 train_loss:4.1386 train_time:129624ms step_avg:476.56ms
step:283/4578 train_loss:4.0001 train_time:130104ms step_avg:476.57ms
step:284/4578 train_loss:4.1361 train_time:130582ms step_avg:476.58ms
step:285/4578 train_loss:4.1618 train_time:131062ms step_avg:476.59ms
step:286/4578 train_loss:4.2101 train_time:131536ms step_avg:476.58ms
step:287/4578 train_loss:4.3483 train_time:132021ms step_avg:476.61ms
step:288/4578 train_loss:4.0830 train_time:132489ms step_avg:476.58ms
step:289/4578 train_loss:4.2156 train_time:132965ms step_avg:476.58ms
step:290/4578 train_loss:4.0720 train_time:133443ms step_avg:476.58ms
step:291/4578 train_loss:4.1294 train_time:133921ms step_avg:476.59ms
step:292/4578 train_loss:4.1503 train_time:134398ms step_avg:476.59ms
step:293/4578 train_loss:4.1563 train_time:134872ms step_avg:476.58ms
step:294/4578 train_loss:4.0940 train_time:135353ms step_avg:476.60ms
step:295/4578 train_loss:4.1717 train_time:135830ms step_avg:476.59ms
step:296/4578 train_loss:3.9908 train_time:136305ms step_avg:476.59ms
step:297/4578 train_loss:4.0612 train_time:136787ms step_avg:476.61ms
step:298/4578 train_loss:4.0014 train_time:137271ms step_avg:476.63ms
step:299/4578 train_loss:4.1413 train_time:137753ms step_avg:476.65ms
step:300/4578 train_loss:4.0765 train_time:138236ms step_avg:476.67ms
step:301/4578 train_loss:4.2353 train_time:138704ms step_avg:476.65ms
step:302/4578 train_loss:4.1017 train_time:139181ms step_avg:476.65ms
step:303/4578 train_loss:4.0857 train_time:139651ms step_avg:476.62ms
step:304/4578 train_loss:4.0444 train_time:140134ms step_avg:476.65ms
step:305/4578 train_loss:4.1468 train_time:140604ms step_avg:476.63ms
step:306/4578 train_loss:5.1075 train_time:141082ms step_avg:476.63ms
step:307/4578 train_loss:4.0330 train_time:141563ms step_avg:476.64ms
step:308/4578 train_loss:4.0413 train_time:142037ms step_avg:476.64ms
step:309/4578 train_loss:4.1829 train_time:142524ms step_avg:476.67ms
step:310/4578 train_loss:4.0060 train_time:142992ms step_avg:476.64ms
step:311/4578 train_loss:4.1945 train_time:143466ms step_avg:476.63ms
step:312/4578 train_loss:3.9346 train_time:143946ms step_avg:476.64ms
step:313/4578 train_loss:3.9916 train_time:144426ms step_avg:476.65ms
step:314/4578 train_loss:4.1868 train_time:144903ms step_avg:476.65ms
step:315/4578 train_loss:4.3327 train_time:145375ms step_avg:476.64ms
step:316/4578 train_loss:4.1172 train_time:145856ms step_avg:476.65ms
step:317/4578 train_loss:4.0430 train_time:146325ms step_avg:476.63ms
step:318/4578 train_loss:4.0415 train_time:146815ms step_avg:476.67ms
step:319/4578 train_loss:4.0822 train_time:147293ms step_avg:476.67ms
step:320/4578 train_loss:4.1092 train_time:147766ms step_avg:476.67ms
step:321/4578 train_loss:4.3341 train_time:148253ms step_avg:476.70ms
step:322/4578 train_loss:4.1245 train_time:148725ms step_avg:476.68ms
step:323/4578 train_loss:4.1473 train_time:149197ms step_avg:476.67ms
step:324/4578 train_loss:4.2956 train_time:149678ms step_avg:476.68ms
step:325/4578 train_loss:4.1528 train_time:150158ms step_avg:476.69ms
step:326/4578 train_loss:4.1501 train_time:150635ms step_avg:476.69ms
step:327/4578 train_loss:4.0450 train_time:151108ms step_avg:476.68ms
step:328/4578 train_loss:5.0146 train_time:151584ms step_avg:476.68ms
step:329/4578 train_loss:4.2521 train_time:152062ms step_avg:476.68ms
step:330/4578 train_loss:4.0268 train_time:152533ms step_avg:476.66ms
step:331/4578 train_loss:3.9810 train_time:153016ms step_avg:476.68ms
step:332/4578 train_loss:3.9321 train_time:153487ms step_avg:476.67ms
step:333/4578 train_loss:4.0858 train_time:153963ms step_avg:476.67ms
step:334/4578 train_loss:4.0184 train_time:154449ms step_avg:476.69ms
step:335/4578 train_loss:4.0236 train_time:154925ms step_avg:476.69ms
step:336/4578 train_loss:4.1855 train_time:155406ms step_avg:476.70ms
step:337/4578 train_loss:4.3158 train_time:155888ms step_avg:476.72ms
step:338/4578 train_loss:4.9559 train_time:156365ms step_avg:476.72ms
step:339/4578 train_loss:4.1047 train_time:156835ms step_avg:476.70ms
step:340/4578 train_loss:3.9677 train_time:157303ms step_avg:476.67ms
step:341/4578 train_loss:4.1137 train_time:157778ms step_avg:476.67ms
step:342/4578 train_loss:4.1153 train_time:158257ms step_avg:476.68ms
step:343/4578 train_loss:4.0193 train_time:158733ms step_avg:476.68ms
step:344/4578 train_loss:3.8762 train_time:159206ms step_avg:476.66ms
step:345/4578 train_loss:4.0272 train_time:159679ms step_avg:476.65ms
step:346/4578 train_loss:3.9216 train_time:160162ms step_avg:476.67ms
step:347/4578 train_loss:3.8940 train_time:160632ms step_avg:476.65ms
step:348/4578 train_loss:4.0417 train_time:161114ms step_avg:476.67ms
step:349/4578 train_loss:4.0164 train_time:161593ms step_avg:476.67ms
step:350/4578 train_loss:3.9544 train_time:162067ms step_avg:476.67ms
step:351/4578 train_loss:3.5190 train_time:162542ms step_avg:476.66ms
step:352/4578 train_loss:3.8980 train_time:163015ms step_avg:476.65ms
step:353/4578 train_loss:4.3442 train_time:163491ms step_avg:476.65ms
step:354/4578 train_loss:3.9443 train_time:163979ms step_avg:476.68ms
step:355/4578 train_loss:3.9770 train_time:164456ms step_avg:476.68ms
step:356/4578 train_loss:4.0445 train_time:164927ms step_avg:476.67ms
step:357/4578 train_loss:4.0856 train_time:165411ms step_avg:476.69ms
step:358/4578 train_loss:3.9946 train_time:165879ms step_avg:476.66ms
step:359/4578 train_loss:3.7771 train_time:166353ms step_avg:476.66ms
step:360/4578 train_loss:4.3363 train_time:166829ms step_avg:476.65ms
step:361/4578 train_loss:3.5196 train_time:167306ms step_avg:476.66ms
step:362/4578 train_loss:4.0329 train_time:167787ms step_avg:476.67ms
step:363/4578 train_loss:4.0954 train_time:168263ms step_avg:476.66ms
step:364/4578 train_loss:3.9164 train_time:168740ms step_avg:476.67ms
step:365/4578 train_loss:3.9103 train_time:169229ms step_avg:476.70ms
step:366/4578 train_loss:4.0416 train_time:169696ms step_avg:476.67ms
step:367/4578 train_loss:4.0541 train_time:170174ms step_avg:476.68ms
step:368/4578 train_loss:4.0947 train_time:170650ms step_avg:476.68ms
step:369/4578 train_loss:3.9643 train_time:171126ms step_avg:476.68ms
step:370/4578 train_loss:3.8460 train_time:171608ms step_avg:476.69ms
step:371/4578 train_loss:4.0928 train_time:172084ms step_avg:476.69ms
step:372/4578 train_loss:3.9033 train_time:172582ms step_avg:476.75ms
step:373/4578 train_loss:3.8680 train_time:173036ms step_avg:476.68ms
step:374/4578 train_loss:4.0912 train_time:173519ms step_avg:476.70ms
step:375/4578 train_loss:4.0194 train_time:173996ms step_avg:476.70ms
step:375/4578 val_loss:3.9915 train_time:174305ms step_avg:477.55ms
step:376/4578 train_loss:3.9738 train_time:174466ms step_avg:476.68ms
step:377/4578 train_loss:3.9522 train_time:174941ms step_avg:476.68ms
step:378/4578 train_loss:3.9457 train_time:175422ms step_avg:476.69ms
step:379/4578 train_loss:4.0850 train_time:175901ms step_avg:476.70ms
step:380/4578 train_loss:4.0833 train_time:176852ms step_avg:477.98ms
step:381/4578 train_loss:4.1258 train_time:177331ms step_avg:477.98ms
step:382/4578 train_loss:4.0453 train_time:177804ms step_avg:477.97ms
step:383/4578 train_loss:3.9278 train_time:178285ms step_avg:477.98ms
step:384/4578 train_loss:3.9180 train_time:178765ms step_avg:477.98ms
step:385/4578 train_loss:3.9222 train_time:179251ms step_avg:478.00ms
step:386/4578 train_loss:3.9099 train_time:179719ms step_avg:477.98ms
step:387/4578 train_loss:4.1007 train_time:180198ms step_avg:477.98ms
step:388/4578 train_loss:4.3370 train_time:180680ms step_avg:477.99ms
step:389/4578 train_loss:4.0525 train_time:181152ms step_avg:477.97ms
step:390/4578 train_loss:3.9033 train_time:181624ms step_avg:477.96ms
step:391/4578 train_loss:3.9698 train_time:182106ms step_avg:477.97ms
step:392/4578 train_loss:3.9926 train_time:182594ms step_avg:477.99ms
step:393/4578 train_loss:4.1439 train_time:183056ms step_avg:477.95ms
step:394/4578 train_loss:3.9349 train_time:183534ms step_avg:477.95ms
step:395/4578 train_loss:3.9146 train_time:184015ms step_avg:477.96ms
step:396/4578 train_loss:3.7364 train_time:184489ms step_avg:477.95ms
step:397/4578 train_loss:4.0663 train_time:184963ms step_avg:477.94ms
step:398/4578 train_loss:4.0727 train_time:185451ms step_avg:477.97ms
step:399/4578 train_loss:4.0972 train_time:185925ms step_avg:477.96ms
step:400/4578 train_loss:3.9600 train_time:186399ms step_avg:477.95ms
step:401/4578 train_loss:4.1124 train_time:186876ms step_avg:477.94ms
step:402/4578 train_loss:3.9949 train_time:187354ms step_avg:477.94ms
step:403/4578 train_loss:4.1178 train_time:187831ms step_avg:477.94ms
step:404/4578 train_loss:4.1665 train_time:188306ms step_avg:477.93ms
step:405/4578 train_loss:3.9945 train_time:188784ms step_avg:477.93ms
step:406/4578 train_loss:3.9776 train_time:189258ms step_avg:477.92ms
step:407/4578 train_loss:4.1883 train_time:189738ms step_avg:477.93ms
step:408/4578 train_loss:3.9982 train_time:190218ms step_avg:477.93ms
step:409/4578 train_loss:3.9442 train_time:190696ms step_avg:477.93ms
step:410/4578 train_loss:4.0924 train_time:191174ms step_avg:477.94ms
step:411/4578 train_loss:3.9381 train_time:191652ms step_avg:477.93ms
step:412/4578 train_loss:3.9137 train_time:192121ms step_avg:477.91ms
step:413/4578 train_loss:4.4603 train_time:192593ms step_avg:477.90ms
step:414/4578 train_loss:3.9260 train_time:193085ms step_avg:477.93ms
step:415/4578 train_loss:4.0824 train_time:193561ms step_avg:477.93ms
step:416/4578 train_loss:3.8913 train_time:194037ms step_avg:477.92ms
step:417/4578 train_loss:3.9489 train_time:194506ms step_avg:477.90ms
step:418/4578 train_loss:4.1312 train_time:194982ms step_avg:477.90ms
step:419/4578 train_loss:3.8480 train_time:195462ms step_avg:477.90ms
step:420/4578 train_loss:3.9042 train_time:195949ms step_avg:477.92ms
step:421/4578 train_loss:3.7445 train_time:196425ms step_avg:477.92ms
step:422/4578 train_loss:3.7322 train_time:196902ms step_avg:477.92ms
step:423/4578 train_loss:3.9558 train_time:197382ms step_avg:477.92ms
step:424/4578 train_loss:3.9098 train_time:197854ms step_avg:477.91ms
step:425/4578 train_loss:3.8726 train_time:198327ms step_avg:477.90ms
step:426/4578 train_loss:3.8444 train_time:198801ms step_avg:477.89ms
step:427/4578 train_loss:3.8674 train_time:199284ms step_avg:477.90ms
step:428/4578 train_loss:3.8556 train_time:199763ms step_avg:477.90ms
step:429/4578 train_loss:3.9147 train_time:200238ms step_avg:477.90ms
step:430/4578 train_loss:3.9379 train_time:200712ms step_avg:477.89ms
step:431/4578 train_loss:3.9655 train_time:201201ms step_avg:477.91ms
step:432/4578 train_loss:3.7988 train_time:201677ms step_avg:477.91ms
step:433/4578 train_loss:3.9393 train_time:202148ms step_avg:477.89ms
step:434/4578 train_loss:4.0347 train_time:202625ms step_avg:477.89ms
step:435/4578 train_loss:3.9395 train_time:203101ms step_avg:477.88ms
step:436/4578 train_loss:3.9661 train_time:203577ms step_avg:477.88ms
step:437/4578 train_loss:3.6981 train_time:204053ms step_avg:477.88ms
step:438/4578 train_loss:3.8148 train_time:204533ms step_avg:477.88ms
step:439/4578 train_loss:3.9029 train_time:205015ms step_avg:477.89ms
step:440/4578 train_loss:3.8293 train_time:205487ms step_avg:477.88ms
step:441/4578 train_loss:4.2037 train_time:205971ms step_avg:477.89ms
step:442/4578 train_loss:3.8124 train_time:206440ms step_avg:477.87ms
step:443/4578 train_loss:3.9197 train_time:206918ms step_avg:477.87ms
step:444/4578 train_loss:3.8071 train_time:207398ms step_avg:477.88ms
step:445/4578 train_loss:3.8700 train_time:207875ms step_avg:477.87ms
step:446/4578 train_loss:3.9203 train_time:208354ms step_avg:477.88ms
step:447/4578 train_loss:3.9319 train_time:208830ms step_avg:477.87ms
step:448/4578 train_loss:3.9958 train_time:209306ms step_avg:477.87ms
step:449/4578 train_loss:4.0153 train_time:209785ms step_avg:477.87ms
step:450/4578 train_loss:3.9170 train_time:210260ms step_avg:477.86ms
step:451/4578 train_loss:3.9101 train_time:210740ms step_avg:477.87ms
step:452/4578 train_loss:3.8395 train_time:211215ms step_avg:477.86ms
step:453/4578 train_loss:3.7600 train_time:211694ms step_avg:477.86ms
step:454/4578 train_loss:3.7787 train_time:212182ms step_avg:477.89ms
step:455/4578 train_loss:3.7695 train_time:212651ms step_avg:477.87ms
step:456/4578 train_loss:4.0426 train_time:213139ms step_avg:477.89ms
step:457/4578 train_loss:3.8964 train_time:213615ms step_avg:477.88ms
step:458/4578 train_loss:3.9083 train_time:214083ms step_avg:477.86ms
step:459/4578 train_loss:4.0765 train_time:214562ms step_avg:477.87ms
step:460/4578 train_loss:3.7254 train_time:215043ms step_avg:477.87ms
step:461/4578 train_loss:3.9955 train_time:215517ms step_avg:477.87ms
step:462/4578 train_loss:3.9021 train_time:215993ms step_avg:477.86ms
step:463/4578 train_loss:3.9509 train_time:216471ms step_avg:477.86ms
step:464/4578 train_loss:3.9759 train_time:216948ms step_avg:477.86ms
step:465/4578 train_loss:3.8426 train_time:217420ms step_avg:477.85ms
step:466/4578 train_loss:3.8782 train_time:217904ms step_avg:477.86ms
step:467/4578 train_loss:4.0435 train_time:218383ms step_avg:477.86ms
step:468/4578 train_loss:4.2019 train_time:218856ms step_avg:477.85ms
step:469/4578 train_loss:3.8180 train_time:219328ms step_avg:477.84ms
step:470/4578 train_loss:3.8264 train_time:219811ms step_avg:477.85ms
step:471/4578 train_loss:3.9264 train_time:220293ms step_avg:477.86ms
step:472/4578 train_loss:3.8797 train_time:220765ms step_avg:477.85ms
step:473/4578 train_loss:3.9664 train_time:221243ms step_avg:477.85ms
step:474/4578 train_loss:3.8367 train_time:221722ms step_avg:477.85ms
step:475/4578 train_loss:3.7092 train_time:222194ms step_avg:477.84ms
step:476/4578 train_loss:4.0150 train_time:222666ms step_avg:477.82ms
step:477/4578 train_loss:3.8432 train_time:223150ms step_avg:477.84ms
step:478/4578 train_loss:3.9321 train_time:223627ms step_avg:477.84ms
step:479/4578 train_loss:4.0580 train_time:224103ms step_avg:477.83ms
step:480/4578 train_loss:3.9113 train_time:224580ms step_avg:477.83ms
step:481/4578 train_loss:3.8576 train_time:225060ms step_avg:477.83ms
step:482/4578 train_loss:3.9406 train_time:225533ms step_avg:477.82ms
step:483/4578 train_loss:3.7043 train_time:226013ms step_avg:477.83ms
step:484/4578 train_loss:3.9073 train_time:226493ms step_avg:477.83ms
step:485/4578 train_loss:3.8621 train_time:226970ms step_avg:477.83ms
step:486/4578 train_loss:3.8547 train_time:227443ms step_avg:477.82ms
step:487/4578 train_loss:3.7851 train_time:227926ms step_avg:477.83ms
step:488/4578 train_loss:3.8438 train_time:228393ms step_avg:477.81ms
step:489/4578 train_loss:3.9607 train_time:228870ms step_avg:477.81ms
step:490/4578 train_loss:3.9665 train_time:229355ms step_avg:477.82ms
step:491/4578 train_loss:3.8680 train_time:229828ms step_avg:477.81ms
step:492/4578 train_loss:3.7433 train_time:230305ms step_avg:477.81ms
step:493/4578 train_loss:4.1452 train_time:230785ms step_avg:477.82ms
step:494/4578 train_loss:3.7081 train_time:231259ms step_avg:477.81ms
step:495/4578 train_loss:3.9308 train_time:231735ms step_avg:477.80ms
step:496/4578 train_loss:3.9697 train_time:232218ms step_avg:477.81ms
step:497/4578 train_loss:3.7402 train_time:232688ms step_avg:477.80ms
step:498/4578 train_loss:3.8566 train_time:233165ms step_avg:477.80ms
step:499/4578 train_loss:3.9514 train_time:233650ms step_avg:477.81ms
step:500/4578 train_loss:3.9804 train_time:234128ms step_avg:477.81ms
step:500/4578 val_loss:3.8715 train_time:234437ms step_avg:478.44ms
step:501/4578 train_loss:4.0663 train_time:234616ms step_avg:477.83ms
step:502/4578 train_loss:3.8072 train_time:235086ms step_avg:477.82ms
step:503/4578 train_loss:3.9914 train_time:235565ms step_avg:477.82ms
step:504/4578 train_loss:3.8390 train_time:236032ms step_avg:477.80ms
step:505/4578 train_loss:3.9064 train_time:236513ms step_avg:477.80ms
step:506/4578 train_loss:3.8782 train_time:236994ms step_avg:477.81ms
step:507/4578 train_loss:3.7380 train_time:237472ms step_avg:477.81ms
step:508/4578 train_loss:4.0362 train_time:237944ms step_avg:477.80ms
step:509/4578 train_loss:4.2234 train_time:238419ms step_avg:477.79ms
step:510/4578 train_loss:3.8520 train_time:238898ms step_avg:477.80ms
step:511/4578 train_loss:3.8642 train_time:239373ms step_avg:477.79ms
step:512/4578 train_loss:3.8136 train_time:239849ms step_avg:477.79ms
step:513/4578 train_loss:3.9473 train_time:240328ms step_avg:477.79ms
step:514/4578 train_loss:3.9167 train_time:240815ms step_avg:477.81ms
step:515/4578 train_loss:3.9128 train_time:241293ms step_avg:477.81ms
step:516/4578 train_loss:3.8661 train_time:241763ms step_avg:477.79ms
step:517/4578 train_loss:4.0271 train_time:242241ms step_avg:477.79ms
step:518/4578 train_loss:3.7348 train_time:242720ms step_avg:477.79ms
step:519/4578 train_loss:4.0174 train_time:243196ms step_avg:477.79ms
step:520/4578 train_loss:3.9797 train_time:243673ms step_avg:477.79ms
step:521/4578 train_loss:3.8794 train_time:244149ms step_avg:477.79ms
step:522/4578 train_loss:3.7535 train_time:244632ms step_avg:477.80ms
step:523/4578 train_loss:3.7835 train_time:245103ms step_avg:477.78ms
step:524/4578 train_loss:5.1892 train_time:245582ms step_avg:477.79ms
step:525/4578 train_loss:3.8126 train_time:246054ms step_avg:477.77ms
step:526/4578 train_loss:3.9148 train_time:246541ms step_avg:477.79ms
step:527/4578 train_loss:3.7929 train_time:247006ms step_avg:477.77ms
step:528/4578 train_loss:3.6750 train_time:247499ms step_avg:477.80ms
step:529/4578 train_loss:3.7867 train_time:247970ms step_avg:477.78ms
step:530/4578 train_loss:4.0353 train_time:248441ms step_avg:477.77ms
step:531/4578 train_loss:3.7837 train_time:248918ms step_avg:477.77ms
step:532/4578 train_loss:4.0119 train_time:249395ms step_avg:477.77ms
step:533/4578 train_loss:3.9189 train_time:249879ms step_avg:477.78ms
step:534/4578 train_loss:3.8184 train_time:250355ms step_avg:477.78ms
step:535/4578 train_loss:3.7741 train_time:250824ms step_avg:477.76ms
step:536/4578 train_loss:3.7322 train_time:251296ms step_avg:477.75ms
step:537/4578 train_loss:3.8805 train_time:251774ms step_avg:477.75ms
step:538/4578 train_loss:3.8776 train_time:252253ms step_avg:477.75ms
step:539/4578 train_loss:3.8081 train_time:252739ms step_avg:477.77ms
step:540/4578 train_loss:4.4415 train_time:253222ms step_avg:477.78ms
step:541/4578 train_loss:3.8504 train_time:253689ms step_avg:477.76ms
step:542/4578 train_loss:3.9975 train_time:254171ms step_avg:477.77ms
step:543/4578 train_loss:3.7644 train_time:254641ms step_avg:477.75ms
step:544/4578 train_loss:3.8082 train_time:255124ms step_avg:477.76ms
step:545/4578 train_loss:3.8398 train_time:255602ms step_avg:477.76ms
step:546/4578 train_loss:3.7374 train_time:256077ms step_avg:477.76ms
step:547/4578 train_loss:3.8125 train_time:256560ms step_avg:477.77ms
step:548/4578 train_loss:3.7796 train_time:257027ms step_avg:477.75ms
step:549/4578 train_loss:3.8795 train_time:257510ms step_avg:477.76ms
step:550/4578 train_loss:3.8247 train_time:257989ms step_avg:477.76ms
step:551/4578 train_loss:3.8527 train_time:258462ms step_avg:477.75ms
step:552/4578 train_loss:3.8243 train_time:258940ms step_avg:477.75ms
step:553/4578 train_loss:3.7325 train_time:259421ms step_avg:477.75ms
step:554/4578 train_loss:4.1024 train_time:259893ms step_avg:477.74ms
step:555/4578 train_loss:3.8561 train_time:260372ms step_avg:477.75ms
step:556/4578 train_loss:3.8389 train_time:260847ms step_avg:477.74ms
step:557/4578 train_loss:3.8690 train_time:261322ms step_avg:477.74ms
step:558/4578 train_loss:3.3974 train_time:261800ms step_avg:477.74ms
step:559/4578 train_loss:3.8031 train_time:262286ms step_avg:477.75ms
step:560/4578 train_loss:3.7853 train_time:262754ms step_avg:477.73ms
step:561/4578 train_loss:3.9750 train_time:263226ms step_avg:477.72ms
step:562/4578 train_loss:3.7782 train_time:263717ms step_avg:477.75ms
step:563/4578 train_loss:3.6450 train_time:264180ms step_avg:477.72ms
step:564/4578 train_loss:3.9526 train_time:264661ms step_avg:477.73ms
step:565/4578 train_loss:3.6448 train_time:265137ms step_avg:477.73ms
step:566/4578 train_loss:3.8473 train_time:265611ms step_avg:477.72ms
step:567/4578 train_loss:3.7435 train_time:266086ms step_avg:477.71ms
step:568/4578 train_loss:3.7750 train_time:266723ms step_avg:478.00ms
step:569/4578 train_loss:3.7202 train_time:267202ms step_avg:478.00ms
step:570/4578 train_loss:3.7559 train_time:267954ms step_avg:478.49ms
step:571/4578 train_loss:3.8173 train_time:268430ms step_avg:478.48ms
step:572/4578 train_loss:3.9161 train_time:268902ms step_avg:478.47ms
step:573/4578 train_loss:3.7806 train_time:269380ms step_avg:478.47ms
step:574/4578 train_loss:3.8091 train_time:269859ms step_avg:478.47ms
step:575/4578 train_loss:4.0288 train_time:270342ms step_avg:478.48ms
step:576/4578 train_loss:3.8448 train_time:270820ms step_avg:478.48ms
step:577/4578 train_loss:3.9291 train_time:271295ms step_avg:478.48ms
step:578/4578 train_loss:3.8294 train_time:271770ms step_avg:478.47ms
step:579/4578 train_loss:3.7482 train_time:272246ms step_avg:478.46ms
step:580/4578 train_loss:3.9538 train_time:272729ms step_avg:478.47ms
step:581/4578 train_loss:3.8145 train_time:273212ms step_avg:478.48ms
step:582/4578 train_loss:3.8720 train_time:273681ms step_avg:478.46ms
step:583/4578 train_loss:3.9133 train_time:274157ms step_avg:478.46ms
step:584/4578 train_loss:3.8087 train_time:274638ms step_avg:478.46ms
step:585/4578 train_loss:3.7719 train_time:275114ms step_avg:478.46ms
step:586/4578 train_loss:4.0072 train_time:275587ms step_avg:478.45ms
step:587/4578 train_loss:3.7334 train_time:276068ms step_avg:478.45ms
step:588/4578 train_loss:3.8679 train_time:276549ms step_avg:478.46ms
step:589/4578 train_loss:3.8318 train_time:277022ms step_avg:478.45ms
step:590/4578 train_loss:4.1379 train_time:277498ms step_avg:478.44ms
step:591/4578 train_loss:3.9099 train_time:277973ms step_avg:478.44ms
step:592/4578 train_loss:3.5651 train_time:278449ms step_avg:478.44ms
step:593/4578 train_loss:3.7734 train_time:278925ms step_avg:478.43ms
step:594/4578 train_loss:3.8468 train_time:279403ms step_avg:478.43ms
step:595/4578 train_loss:3.6322 train_time:279888ms step_avg:478.44ms
step:596/4578 train_loss:4.1262 train_time:280358ms step_avg:478.43ms
step:597/4578 train_loss:3.9554 train_time:280838ms step_avg:478.43ms
step:598/4578 train_loss:3.7105 train_time:281310ms step_avg:478.42ms
step:599/4578 train_loss:3.8580 train_time:281791ms step_avg:478.42ms
step:600/4578 train_loss:3.7081 train_time:282265ms step_avg:478.41ms
step:601/4578 train_loss:3.7050 train_time:282744ms step_avg:478.42ms
step:602/4578 train_loss:3.8847 train_time:283243ms step_avg:478.45ms
step:603/4578 train_loss:3.8218 train_time:283709ms step_avg:478.43ms
step:604/4578 train_loss:3.9967 train_time:284173ms step_avg:478.41ms
step:605/4578 train_loss:3.7780 train_time:284650ms step_avg:478.40ms
step:606/4578 train_loss:3.8317 train_time:285129ms step_avg:478.40ms
step:607/4578 train_loss:3.8561 train_time:285602ms step_avg:478.40ms
step:608/4578 train_loss:4.1395 train_time:286086ms step_avg:478.40ms
step:609/4578 train_loss:3.8884 train_time:286561ms step_avg:478.40ms
step:610/4578 train_loss:3.7311 train_time:287048ms step_avg:478.41ms
step:611/4578 train_loss:4.0172 train_time:287516ms step_avg:478.40ms
step:612/4578 train_loss:3.7074 train_time:287992ms step_avg:478.39ms
step:613/4578 train_loss:3.8392 train_time:288470ms step_avg:478.39ms
step:614/4578 train_loss:3.9042 train_time:288949ms step_avg:478.39ms
step:615/4578 train_loss:3.8198 train_time:289425ms step_avg:478.39ms
step:616/4578 train_loss:3.9137 train_time:289912ms step_avg:478.40ms
step:617/4578 train_loss:3.8290 train_time:290378ms step_avg:478.38ms
step:618/4578 train_loss:3.6590 train_time:290853ms step_avg:478.38ms
step:619/4578 train_loss:3.8504 train_time:291335ms step_avg:478.38ms
step:620/4578 train_loss:3.8118 train_time:291811ms step_avg:478.38ms
step:621/4578 train_loss:3.6510 train_time:292287ms step_avg:478.37ms
step:622/4578 train_loss:4.2333 train_time:292771ms step_avg:478.38ms
step:623/4578 train_loss:3.6521 train_time:293238ms step_avg:478.37ms
step:624/4578 train_loss:3.8274 train_time:293711ms step_avg:478.36ms
step:625/4578 train_loss:3.9107 train_time:294197ms step_avg:478.37ms
step:625/4578 val_loss:3.7926 train_time:294511ms step_avg:478.88ms
step:626/4578 train_loss:3.8950 train_time:294668ms step_avg:478.36ms
step:627/4578 train_loss:3.9616 train_time:295150ms step_avg:478.36ms
step:628/4578 train_loss:3.7622 train_time:295630ms step_avg:478.37ms
step:629/4578 train_loss:3.8665 train_time:296109ms step_avg:478.37ms
step:630/4578 train_loss:3.6873 train_time:296586ms step_avg:478.36ms
step:631/4578 train_loss:3.8502 train_time:297063ms step_avg:478.36ms
step:632/4578 train_loss:3.8746 train_time:297540ms step_avg:478.36ms
step:633/4578 train_loss:3.9034 train_time:298016ms step_avg:478.36ms
step:634/4578 train_loss:3.7401 train_time:298488ms step_avg:478.35ms
step:635/4578 train_loss:3.8641 train_time:298972ms step_avg:478.36ms
step:636/4578 train_loss:4.0600 train_time:299447ms step_avg:478.35ms
step:637/4578 train_loss:3.7013 train_time:299922ms step_avg:478.35ms
step:638/4578 train_loss:3.6178 train_time:300400ms step_avg:478.34ms
step:639/4578 train_loss:3.9158 train_time:300875ms step_avg:478.34ms
step:640/4578 train_loss:3.9435 train_time:301357ms step_avg:478.34ms
step:641/4578 train_loss:3.7694 train_time:301834ms step_avg:478.34ms
step:642/4578 train_loss:3.6808 train_time:302307ms step_avg:478.33ms
step:643/4578 train_loss:3.8893 train_time:302796ms step_avg:478.35ms
step:644/4578 train_loss:3.8046 train_time:303265ms step_avg:478.34ms
step:645/4578 train_loss:3.6453 train_time:303740ms step_avg:478.33ms
step:646/4578 train_loss:3.8935 train_time:304216ms step_avg:478.33ms
step:647/4578 train_loss:3.9056 train_time:304694ms step_avg:478.33ms
step:648/4578 train_loss:3.7888 train_time:305173ms step_avg:478.33ms
step:649/4578 train_loss:3.8939 train_time:305650ms step_avg:478.33ms
step:650/4578 train_loss:3.9435 train_time:306125ms step_avg:478.32ms
step:651/4578 train_loss:3.7660 train_time:306606ms step_avg:478.32ms
step:652/4578 train_loss:4.0169 train_time:307081ms step_avg:478.32ms
step:653/4578 train_loss:3.7859 train_time:307557ms step_avg:478.32ms
step:654/4578 train_loss:3.7938 train_time:308036ms step_avg:478.32ms
step:655/4578 train_loss:3.4624 train_time:308509ms step_avg:478.31ms
step:656/4578 train_loss:3.8629 train_time:308990ms step_avg:478.31ms
step:657/4578 train_loss:3.7350 train_time:309465ms step_avg:478.31ms
step:658/4578 train_loss:3.6701 train_time:309939ms step_avg:478.30ms
step:659/4578 train_loss:3.8201 train_time:310417ms step_avg:478.30ms
step:660/4578 train_loss:3.7532 train_time:310897ms step_avg:478.30ms
step:661/4578 train_loss:3.8438 train_time:311371ms step_avg:478.30ms
step:662/4578 train_loss:3.7924 train_time:311844ms step_avg:478.29ms
step:663/4578 train_loss:3.7573 train_time:312332ms step_avg:478.30ms
step:664/4578 train_loss:3.7148 train_time:312808ms step_avg:478.30ms
step:665/4578 train_loss:3.8714 train_time:313282ms step_avg:478.29ms
step:666/4578 train_loss:3.4645 train_time:313760ms step_avg:478.29ms
step:667/4578 train_loss:4.0275 train_time:314235ms step_avg:478.29ms
step:668/4578 train_loss:3.8011 train_time:314707ms step_avg:478.28ms
step:669/4578 train_loss:3.8921 train_time:315186ms step_avg:478.28ms
step:670/4578 train_loss:3.6906 train_time:315670ms step_avg:478.29ms
step:671/4578 train_loss:3.5841 train_time:316144ms step_avg:478.28ms
step:672/4578 train_loss:3.7271 train_time:316628ms step_avg:478.29ms
step:673/4578 train_loss:3.7687 train_time:317094ms step_avg:478.27ms
step:674/4578 train_loss:4.4165 train_time:317574ms step_avg:478.27ms
step:675/4578 train_loss:3.8263 train_time:318055ms step_avg:478.28ms
step:676/4578 train_loss:3.8658 train_time:318523ms step_avg:478.26ms
step:677/4578 train_loss:3.6378 train_time:319006ms step_avg:478.27ms
step:678/4578 train_loss:3.6674 train_time:319486ms step_avg:478.27ms
step:679/4578 train_loss:3.7316 train_time:319964ms step_avg:478.27ms
step:680/4578 train_loss:3.8169 train_time:320444ms step_avg:478.27ms
step:681/4578 train_loss:3.7412 train_time:320920ms step_avg:478.27ms
step:682/4578 train_loss:3.7784 train_time:321395ms step_avg:478.27ms
step:683/4578 train_loss:4.0112 train_time:321879ms step_avg:478.27ms
step:684/4578 train_loss:3.9362 train_time:322347ms step_avg:478.26ms
step:685/4578 train_loss:3.8138 train_time:322825ms step_avg:478.26ms
step:686/4578 train_loss:3.8949 train_time:323303ms step_avg:478.26ms
step:687/4578 train_loss:3.8600 train_time:323779ms step_avg:478.26ms
step:688/4578 train_loss:3.8222 train_time:324254ms step_avg:478.25ms
step:689/4578 train_loss:3.3413 train_time:324734ms step_avg:478.25ms
step:690/4578 train_loss:3.5355 train_time:325208ms step_avg:478.25ms
step:691/4578 train_loss:3.7644 train_time:325689ms step_avg:478.25ms
step:692/4578 train_loss:3.5220 train_time:326164ms step_avg:478.25ms
step:693/4578 train_loss:3.9172 train_time:326642ms step_avg:478.25ms
step:694/4578 train_loss:3.7712 train_time:327119ms step_avg:478.24ms
step:695/4578 train_loss:3.6445 train_time:327597ms step_avg:478.24ms
step:696/4578 train_loss:3.5423 train_time:328069ms step_avg:478.24ms
step:697/4578 train_loss:4.1388 train_time:328546ms step_avg:478.23ms
step:698/4578 train_loss:3.7030 train_time:329025ms step_avg:478.23ms
step:699/4578 train_loss:3.7731 train_time:329504ms step_avg:478.23ms
step:700/4578 train_loss:3.7184 train_time:329989ms step_avg:478.25ms
step:701/4578 train_loss:3.7691 train_time:330465ms step_avg:478.24ms
step:702/4578 train_loss:3.7094 train_time:330941ms step_avg:478.24ms
step:703/4578 train_loss:3.6885 train_time:331414ms step_avg:478.23ms
step:704/4578 train_loss:3.6568 train_time:331886ms step_avg:478.22ms
step:705/4578 train_loss:3.8962 train_time:332361ms step_avg:478.22ms
step:706/4578 train_loss:3.7740 train_time:332839ms step_avg:478.22ms
step:707/4578 train_loss:3.7496 train_time:333318ms step_avg:478.22ms
step:708/4578 train_loss:3.8758 train_time:333803ms step_avg:478.23ms
step:709/4578 train_loss:3.7942 train_time:334279ms step_avg:478.22ms
step:710/4578 train_loss:3.7935 train_time:334745ms step_avg:478.21ms
step:711/4578 train_loss:3.6646 train_time:335221ms step_avg:478.20ms
step:712/4578 train_loss:3.7932 train_time:335703ms step_avg:478.21ms
step:713/4578 train_loss:3.9292 train_time:336186ms step_avg:478.22ms
step:714/4578 train_loss:3.6883 train_time:336659ms step_avg:478.21ms
step:715/4578 train_loss:3.8218 train_time:337146ms step_avg:478.22ms
step:716/4578 train_loss:3.8331 train_time:337613ms step_avg:478.21ms
step:717/4578 train_loss:3.7527 train_time:338084ms step_avg:478.20ms
step:718/4578 train_loss:4.0112 train_time:338559ms step_avg:478.19ms
step:719/4578 train_loss:3.6579 train_time:339041ms step_avg:478.20ms
step:720/4578 train_loss:3.6893 train_time:339522ms step_avg:478.20ms
step:721/4578 train_loss:4.1263 train_time:340004ms step_avg:478.21ms
step:722/4578 train_loss:3.5333 train_time:340477ms step_avg:478.20ms
step:723/4578 train_loss:3.9986 train_time:340946ms step_avg:478.19ms
step:724/4578 train_loss:3.9574 train_time:341434ms step_avg:478.20ms
step:725/4578 train_loss:3.7518 train_time:341920ms step_avg:478.21ms
step:726/4578 train_loss:3.7872 train_time:342383ms step_avg:478.19ms
step:727/4578 train_loss:3.6233 train_time:342859ms step_avg:478.18ms
step:728/4578 train_loss:3.4858 train_time:343339ms step_avg:478.19ms
step:729/4578 train_loss:3.8077 train_time:343813ms step_avg:478.18ms
step:730/4578 train_loss:3.7848 train_time:344293ms step_avg:478.18ms
step:731/4578 train_loss:3.8738 train_time:344773ms step_avg:478.19ms
step:732/4578 train_loss:3.7854 train_time:345242ms step_avg:478.17ms
step:733/4578 train_loss:3.7782 train_time:345713ms step_avg:478.16ms
step:734/4578 train_loss:4.1658 train_time:346189ms step_avg:478.16ms
step:735/4578 train_loss:3.5561 train_time:346668ms step_avg:478.16ms
step:736/4578 train_loss:3.8107 train_time:347153ms step_avg:478.17ms
step:737/4578 train_loss:4.0539 train_time:347629ms step_avg:478.17ms
step:738/4578 train_loss:3.7957 train_time:348105ms step_avg:478.17ms
step:739/4578 train_loss:3.7317 train_time:348581ms step_avg:478.16ms
step:740/4578 train_loss:3.8384 train_time:349057ms step_avg:478.16ms
step:741/4578 train_loss:4.2358 train_time:349538ms step_avg:478.16ms
step:742/4578 train_loss:3.7489 train_time:350015ms step_avg:478.16ms
step:743/4578 train_loss:3.6453 train_time:350495ms step_avg:478.17ms
step:744/4578 train_loss:3.6675 train_time:350971ms step_avg:478.16ms
step:745/4578 train_loss:3.8877 train_time:351447ms step_avg:478.16ms
step:746/4578 train_loss:3.7822 train_time:351923ms step_avg:478.16ms
step:747/4578 train_loss:3.8053 train_time:352404ms step_avg:478.16ms
step:748/4578 train_loss:3.7444 train_time:352881ms step_avg:478.16ms
step:749/4578 train_loss:3.7692 train_time:353354ms step_avg:478.15ms
step:750/4578 train_loss:3.6856 train_time:353836ms step_avg:478.16ms
step:750/4578 val_loss:3.7423 train_time:354147ms step_avg:478.58ms
step:751/4578 train_loss:3.7498 train_time:354306ms step_avg:478.15ms
step:752/4578 train_loss:3.6646 train_time:354793ms step_avg:478.16ms
step:753/4578 train_loss:3.7471 train_time:355267ms step_avg:478.15ms
step:754/4578 train_loss:3.6826 train_time:355744ms step_avg:478.15ms
step:755/4578 train_loss:3.7111 train_time:356225ms step_avg:478.15ms
step:756/4578 train_loss:3.9446 train_time:356716ms step_avg:478.17ms
step:757/4578 train_loss:3.6849 train_time:357192ms step_avg:478.17ms
step:758/4578 train_loss:3.8485 train_time:357665ms step_avg:478.16ms
step:759/4578 train_loss:3.7889 train_time:358149ms step_avg:478.17ms
step:760/4578 train_loss:3.7425 train_time:358846ms step_avg:478.46ms
step:761/4578 train_loss:3.7404 train_time:359336ms step_avg:478.48ms
step:762/4578 train_loss:3.6234 train_time:359814ms step_avg:478.48ms
step:763/4578 train_loss:3.7950 train_time:360297ms step_avg:478.48ms
step:764/4578 train_loss:3.6999 train_time:360769ms step_avg:478.47ms
step:765/4578 train_loss:3.5343 train_time:361244ms step_avg:478.47ms
step:766/4578 train_loss:4.0005 train_time:361716ms step_avg:478.46ms
step:767/4578 train_loss:3.8327 train_time:362199ms step_avg:478.47ms
step:768/4578 train_loss:3.8213 train_time:362679ms step_avg:478.47ms
step:769/4578 train_loss:3.7081 train_time:363158ms step_avg:478.47ms
step:770/4578 train_loss:3.9245 train_time:363631ms step_avg:478.46ms
step:771/4578 train_loss:3.8458 train_time:364109ms step_avg:478.46ms
step:772/4578 train_loss:4.1166 train_time:364587ms step_avg:478.46ms
step:773/4578 train_loss:3.6257 train_time:365063ms step_avg:478.46ms
step:774/4578 train_loss:3.7345 train_time:365538ms step_avg:478.45ms
step:775/4578 train_loss:3.8833 train_time:366015ms step_avg:478.45ms
step:776/4578 train_loss:3.8495 train_time:366489ms step_avg:478.45ms
step:777/4578 train_loss:3.7158 train_time:366971ms step_avg:478.45ms
step:778/4578 train_loss:3.5616 train_time:367441ms step_avg:478.44ms
step:779/4578 train_loss:3.7588 train_time:367930ms step_avg:478.45ms
step:780/4578 train_loss:3.6531 train_time:368396ms step_avg:478.44ms
step:781/4578 train_loss:3.8034 train_time:368873ms step_avg:478.43ms
step:782/4578 train_loss:3.8603 train_time:369338ms step_avg:478.42ms
step:783/4578 train_loss:3.7094 train_time:369811ms step_avg:478.41ms
step:784/4578 train_loss:3.7657 train_time:370288ms step_avg:478.41ms
step:785/4578 train_loss:3.7430 train_time:370761ms step_avg:478.40ms
step:786/4578 train_loss:3.6941 train_time:371245ms step_avg:478.41ms
step:787/4578 train_loss:3.5919 train_time:371718ms step_avg:478.40ms
step:788/4578 train_loss:4.1834 train_time:372199ms step_avg:478.40ms
step:789/4578 train_loss:3.5916 train_time:372676ms step_avg:478.40ms
step:790/4578 train_loss:3.6537 train_time:373155ms step_avg:478.40ms
step:791/4578 train_loss:3.8074 train_time:373639ms step_avg:478.41ms
step:792/4578 train_loss:3.7341 train_time:374106ms step_avg:478.40ms
step:793/4578 train_loss:3.6571 train_time:374582ms step_avg:478.39ms
step:794/4578 train_loss:3.5662 train_time:375065ms step_avg:478.40ms
step:795/4578 train_loss:3.6778 train_time:375546ms step_avg:478.40ms
step:796/4578 train_loss:3.7479 train_time:376015ms step_avg:478.39ms
step:797/4578 train_loss:3.7732 train_time:376501ms step_avg:478.40ms
step:798/4578 train_loss:3.6620 train_time:376976ms step_avg:478.40ms
step:799/4578 train_loss:3.9015 train_time:377448ms step_avg:478.39ms
step:800/4578 train_loss:3.7181 train_time:377921ms step_avg:478.38ms
step:801/4578 train_loss:3.7258 train_time:378394ms step_avg:478.37ms
step:802/4578 train_loss:3.8378 train_time:378873ms step_avg:478.38ms
step:803/4578 train_loss:3.8281 train_time:379356ms step_avg:478.38ms
step:804/4578 train_loss:3.8733 train_time:379830ms step_avg:478.38ms
step:805/4578 train_loss:3.8211 train_time:380315ms step_avg:478.38ms
step:806/4578 train_loss:3.6441 train_time:380791ms step_avg:478.38ms
step:807/4578 train_loss:3.4998 train_time:381264ms step_avg:478.37ms
step:808/4578 train_loss:3.8111 train_time:381743ms step_avg:478.37ms
step:809/4578 train_loss:3.8117 train_time:382216ms step_avg:478.37ms
step:810/4578 train_loss:3.6575 train_time:382689ms step_avg:478.36ms
step:811/4578 train_loss:3.7143 train_time:383166ms step_avg:478.36ms
step:812/4578 train_loss:3.8314 train_time:383645ms step_avg:478.36ms
step:813/4578 train_loss:3.7909 train_time:384121ms step_avg:478.36ms
step:814/4578 train_loss:3.7542 train_time:384594ms step_avg:478.35ms
step:815/4578 train_loss:3.8095 train_time:385082ms step_avg:478.36ms
step:816/4578 train_loss:3.7329 train_time:385561ms step_avg:478.36ms
step:817/4578 train_loss:3.7669 train_time:386036ms step_avg:478.36ms
step:818/4578 train_loss:4.1196 train_time:386507ms step_avg:478.35ms
step:819/4578 train_loss:3.7074 train_time:386985ms step_avg:478.35ms
step:820/4578 train_loss:3.9665 train_time:387457ms step_avg:478.34ms
step:821/4578 train_loss:3.5814 train_time:387940ms step_avg:478.35ms
step:822/4578 train_loss:3.6777 train_time:388415ms step_avg:478.34ms
step:823/4578 train_loss:3.9682 train_time:388893ms step_avg:478.34ms
step:824/4578 train_loss:3.7248 train_time:389380ms step_avg:478.35ms
step:825/4578 train_loss:3.6958 train_time:389846ms step_avg:478.34ms
step:826/4578 train_loss:3.8438 train_time:390322ms step_avg:478.34ms
step:827/4578 train_loss:3.6649 train_time:390806ms step_avg:478.34ms
step:828/4578 train_loss:4.1374 train_time:391282ms step_avg:478.34ms
step:829/4578 train_loss:3.7359 train_time:391763ms step_avg:478.34ms
step:830/4578 train_loss:3.8145 train_time:392240ms step_avg:478.34ms
step:831/4578 train_loss:3.7015 train_time:392712ms step_avg:478.33ms
step:832/4578 train_loss:3.6836 train_time:393189ms step_avg:478.33ms
step:833/4578 train_loss:3.6300 train_time:393664ms step_avg:478.33ms
step:834/4578 train_loss:3.7248 train_time:394138ms step_avg:478.32ms
step:835/4578 train_loss:3.6134 train_time:394622ms step_avg:478.33ms
step:836/4578 train_loss:3.5759 train_time:395096ms step_avg:478.32ms
step:837/4578 train_loss:3.9226 train_time:395569ms step_avg:478.32ms
step:838/4578 train_loss:3.5904 train_time:396053ms step_avg:478.33ms
step:839/4578 train_loss:3.7051 train_time:396530ms step_avg:478.32ms
step:840/4578 train_loss:3.6114 train_time:397019ms step_avg:478.34ms
step:841/4578 train_loss:3.7146 train_time:397490ms step_avg:478.33ms
step:842/4578 train_loss:3.7380 train_time:397965ms step_avg:478.32ms
step:843/4578 train_loss:3.7915 train_time:398445ms step_avg:478.33ms
step:844/4578 train_loss:3.7088 train_time:398918ms step_avg:478.32ms
step:845/4578 train_loss:3.6213 train_time:399395ms step_avg:478.32ms
step:846/4578 train_loss:3.8990 train_time:399868ms step_avg:478.31ms
step:847/4578 train_loss:3.6279 train_time:400345ms step_avg:478.31ms
step:848/4578 train_loss:3.5958 train_time:400818ms step_avg:478.30ms
step:849/4578 train_loss:3.7419 train_time:401318ms step_avg:478.33ms
step:850/4578 train_loss:3.6514 train_time:401795ms step_avg:478.33ms
step:851/4578 train_loss:3.7430 train_time:402268ms step_avg:478.32ms
step:852/4578 train_loss:3.8514 train_time:402751ms step_avg:478.33ms
step:853/4578 train_loss:3.6451 train_time:403208ms step_avg:478.30ms
step:854/4578 train_loss:3.7186 train_time:403686ms step_avg:478.30ms
step:855/4578 train_loss:3.9322 train_time:404161ms step_avg:478.30ms
step:856/4578 train_loss:3.6425 train_time:404638ms step_avg:478.30ms
step:857/4578 train_loss:3.6209 train_time:405110ms step_avg:478.29ms
step:858/4578 train_loss:3.7651 train_time:405590ms step_avg:478.29ms
step:859/4578 train_loss:3.5368 train_time:406069ms step_avg:478.29ms
step:860/4578 train_loss:3.7464 train_time:406545ms step_avg:478.29ms
step:861/4578 train_loss:3.6630 train_time:407038ms step_avg:478.31ms
step:862/4578 train_loss:3.8326 train_time:407498ms step_avg:478.28ms
step:863/4578 train_loss:3.7074 train_time:407979ms step_avg:478.29ms
step:864/4578 train_loss:3.7532 train_time:408453ms step_avg:478.28ms
step:865/4578 train_loss:3.6271 train_time:408928ms step_avg:478.28ms
step:866/4578 train_loss:3.7329 train_time:409403ms step_avg:478.27ms
step:867/4578 train_loss:4.1700 train_time:409882ms step_avg:478.28ms
step:868/4578 train_loss:3.5858 train_time:410358ms step_avg:478.27ms
step:869/4578 train_loss:3.8740 train_time:410841ms step_avg:478.28ms
step:870/4578 train_loss:3.6898 train_time:411312ms step_avg:478.27ms
step:871/4578 train_loss:3.6516 train_time:411793ms step_avg:478.27ms
step:872/4578 train_loss:3.5121 train_time:412265ms step_avg:478.27ms
step:873/4578 train_loss:3.8954 train_time:412744ms step_avg:478.27ms
step:874/4578 train_loss:3.5779 train_time:413222ms step_avg:478.27ms
step:875/4578 train_loss:3.2274 train_time:413698ms step_avg:478.26ms
step:875/4578 val_loss:3.6984 train_time:414014ms step_avg:478.63ms
step:876/4578 train_loss:3.7720 train_time:414191ms step_avg:478.28ms
step:877/4578 train_loss:3.7738 train_time:414665ms step_avg:478.28ms
step:878/4578 train_loss:3.7605 train_time:415148ms step_avg:478.28ms
step:879/4578 train_loss:3.6463 train_time:415610ms step_avg:478.26ms
step:880/4578 train_loss:3.7454 train_time:416092ms step_avg:478.27ms
step:881/4578 train_loss:3.3986 train_time:416564ms step_avg:478.26ms
step:882/4578 train_loss:3.7461 train_time:417041ms step_avg:478.26ms
step:883/4578 train_loss:4.2015 train_time:417516ms step_avg:478.25ms
step:884/4578 train_loss:4.0448 train_time:417991ms step_avg:478.25ms
step:885/4578 train_loss:3.8446 train_time:418472ms step_avg:478.25ms
step:886/4578 train_loss:3.7227 train_time:418948ms step_avg:478.25ms
step:887/4578 train_loss:3.7532 train_time:419427ms step_avg:478.25ms
step:888/4578 train_loss:4.6424 train_time:419900ms step_avg:478.25ms
step:889/4578 train_loss:3.9930 train_time:420380ms step_avg:478.25ms
step:890/4578 train_loss:3.6334 train_time:420853ms step_avg:478.24ms
step:891/4578 train_loss:3.6560 train_time:421333ms step_avg:478.24ms
step:892/4578 train_loss:3.6238 train_time:421803ms step_avg:478.23ms
step:893/4578 train_loss:3.8191 train_time:422284ms step_avg:478.24ms
step:894/4578 train_loss:3.5582 train_time:422760ms step_avg:478.24ms
step:895/4578 train_loss:3.6442 train_time:423233ms step_avg:478.23ms
step:896/4578 train_loss:3.6856 train_time:423711ms step_avg:478.23ms
step:897/4578 train_loss:3.6988 train_time:424192ms step_avg:478.23ms
step:898/4578 train_loss:3.7222 train_time:424678ms step_avg:478.24ms
step:899/4578 train_loss:3.8504 train_time:425151ms step_avg:478.24ms
step:900/4578 train_loss:3.6548 train_time:425620ms step_avg:478.22ms
step:901/4578 train_loss:3.5489 train_time:426100ms step_avg:478.23ms
step:902/4578 train_loss:3.7641 train_time:426581ms step_avg:478.23ms
step:903/4578 train_loss:3.6444 train_time:427056ms step_avg:478.23ms
step:904/4578 train_loss:3.6538 train_time:427530ms step_avg:478.22ms
step:905/4578 train_loss:3.6937 train_time:428008ms step_avg:478.22ms
step:906/4578 train_loss:3.7015 train_time:428487ms step_avg:478.22ms
step:907/4578 train_loss:3.7223 train_time:428966ms step_avg:478.22ms
step:908/4578 train_loss:3.6832 train_time:429440ms step_avg:478.22ms
step:909/4578 train_loss:3.6402 train_time:429916ms step_avg:478.22ms
step:910/4578 train_loss:3.6603 train_time:430393ms step_avg:478.21ms
step:911/4578 train_loss:3.6667 train_time:430874ms step_avg:478.22ms
step:912/4578 train_loss:3.7245 train_time:431348ms step_avg:478.21ms
step:913/4578 train_loss:3.9581 train_time:431829ms step_avg:478.22ms
step:914/4578 train_loss:3.5457 train_time:432304ms step_avg:478.21ms
step:915/4578 train_loss:3.7956 train_time:432787ms step_avg:478.22ms
step:916/4578 train_loss:3.8284 train_time:433259ms step_avg:478.21ms
step:917/4578 train_loss:3.7397 train_time:433738ms step_avg:478.21ms
step:918/4578 train_loss:3.7429 train_time:434216ms step_avg:478.21ms
step:919/4578 train_loss:4.0852 train_time:434697ms step_avg:478.21ms
step:920/4578 train_loss:3.5389 train_time:435171ms step_avg:478.21ms
step:921/4578 train_loss:3.6765 train_time:435644ms step_avg:478.20ms
step:922/4578 train_loss:3.6973 train_time:436120ms step_avg:478.20ms
step:923/4578 train_loss:3.6949 train_time:436599ms step_avg:478.20ms
step:924/4578 train_loss:3.7791 train_time:437076ms step_avg:478.20ms
step:925/4578 train_loss:3.8178 train_time:437554ms step_avg:478.20ms
step:926/4578 train_loss:3.8050 train_time:438033ms step_avg:478.20ms
step:927/4578 train_loss:3.7629 train_time:438507ms step_avg:478.20ms
step:928/4578 train_loss:3.8515 train_time:438987ms step_avg:478.20ms
step:929/4578 train_loss:3.9174 train_time:439470ms step_avg:478.20ms
step:930/4578 train_loss:3.6102 train_time:439942ms step_avg:478.20ms
step:931/4578 train_loss:3.5425 train_time:440420ms step_avg:478.20ms
step:932/4578 train_loss:3.6657 train_time:440897ms step_avg:478.20ms
step:933/4578 train_loss:3.8852 train_time:441364ms step_avg:478.18ms
step:934/4578 train_loss:3.5164 train_time:441844ms step_avg:478.19ms
step:935/4578 train_loss:3.7403 train_time:442326ms step_avg:478.19ms
step:936/4578 train_loss:3.5795 train_time:442810ms step_avg:478.20ms
step:937/4578 train_loss:3.6671 train_time:443279ms step_avg:478.19ms
step:938/4578 train_loss:3.7377 train_time:443755ms step_avg:478.18ms
step:939/4578 train_loss:3.6204 train_time:444233ms step_avg:478.18ms
step:940/4578 train_loss:3.9032 train_time:444714ms step_avg:478.19ms
step:941/4578 train_loss:3.6372 train_time:445191ms step_avg:478.19ms
step:942/4578 train_loss:3.7055 train_time:445670ms step_avg:478.19ms
step:943/4578 train_loss:3.4532 train_time:446144ms step_avg:478.18ms
step:944/4578 train_loss:3.7888 train_time:446618ms step_avg:478.18ms
step:945/4578 train_loss:3.4142 train_time:447095ms step_avg:478.18ms
step:946/4578 train_loss:3.5463 train_time:447577ms step_avg:478.18ms
step:947/4578 train_loss:4.0702 train_time:448053ms step_avg:478.18ms
step:948/4578 train_loss:3.9722 train_time:448524ms step_avg:478.17ms
step:949/4578 train_loss:3.7084 train_time:448999ms step_avg:478.17ms
step:950/4578 train_loss:3.7226 train_time:450013ms step_avg:478.74ms
step:951/4578 train_loss:3.6427 train_time:450498ms step_avg:478.74ms
step:952/4578 train_loss:3.5953 train_time:450958ms step_avg:478.72ms
step:953/4578 train_loss:3.6559 train_time:451441ms step_avg:478.73ms
step:954/4578 train_loss:3.8026 train_time:451917ms step_avg:478.73ms
step:955/4578 train_loss:3.6619 train_time:452394ms step_avg:478.72ms
step:956/4578 train_loss:3.6725 train_time:452867ms step_avg:478.72ms
step:957/4578 train_loss:3.6174 train_time:453356ms step_avg:478.73ms
step:958/4578 train_loss:3.6872 train_time:453828ms step_avg:478.72ms
step:959/4578 train_loss:3.6940 train_time:454300ms step_avg:478.71ms
step:960/4578 train_loss:3.8043 train_time:454777ms step_avg:478.71ms
step:961/4578 train_loss:3.4598 train_time:455259ms step_avg:478.72ms
step:962/4578 train_loss:3.9084 train_time:455745ms step_avg:478.72ms
step:963/4578 train_loss:3.9106 train_time:456220ms step_avg:478.72ms
step:964/4578 train_loss:3.7783 train_time:456688ms step_avg:478.71ms
step:965/4578 train_loss:3.5630 train_time:457160ms step_avg:478.70ms
step:966/4578 train_loss:3.6046 train_time:457649ms step_avg:478.71ms
step:967/4578 train_loss:3.8891 train_time:458126ms step_avg:478.71ms
step:968/4578 train_loss:3.6522 train_time:458606ms step_avg:478.71ms
step:969/4578 train_loss:3.6718 train_time:459071ms step_avg:478.70ms
step:970/4578 train_loss:3.6923 train_time:459555ms step_avg:478.70ms
step:971/4578 train_loss:3.5830 train_time:460034ms step_avg:478.70ms
step:972/4578 train_loss:3.6970 train_time:460507ms step_avg:478.70ms
step:973/4578 train_loss:3.6624 train_time:460995ms step_avg:478.71ms
step:974/4578 train_loss:3.6936 train_time:461464ms step_avg:478.70ms
step:975/4578 train_loss:3.8298 train_time:461946ms step_avg:478.70ms
step:976/4578 train_loss:3.6700 train_time:462429ms step_avg:478.71ms
step:977/4578 train_loss:4.0375 train_time:462906ms step_avg:478.70ms
step:978/4578 train_loss:3.8341 train_time:463371ms step_avg:478.69ms
step:979/4578 train_loss:3.5292 train_time:463860ms step_avg:478.70ms
step:980/4578 train_loss:4.2124 train_time:464334ms step_avg:478.69ms
step:981/4578 train_loss:3.6379 train_time:464801ms step_avg:478.68ms
step:982/4578 train_loss:3.7027 train_time:465279ms step_avg:478.68ms
step:983/4578 train_loss:3.6436 train_time:465760ms step_avg:478.68ms
step:984/4578 train_loss:3.6949 train_time:466262ms step_avg:478.71ms
step:985/4578 train_loss:3.7688 train_time:466720ms step_avg:478.69ms
step:986/4578 train_loss:3.8278 train_time:467193ms step_avg:478.68ms
step:987/4578 train_loss:3.6057 train_time:467665ms step_avg:478.67ms
step:988/4578 train_loss:3.6652 train_time:468141ms step_avg:478.67ms
step:989/4578 train_loss:3.6580 train_time:468622ms step_avg:478.67ms
step:990/4578 train_loss:3.5825 train_time:469104ms step_avg:478.68ms
step:991/4578 train_loss:3.8580 train_time:469578ms step_avg:478.67ms
step:992/4578 train_loss:3.5183 train_time:470051ms step_avg:478.67ms
step:993/4578 train_loss:3.6379 train_time:470534ms step_avg:478.67ms
step:994/4578 train_loss:3.6579 train_time:471007ms step_avg:478.67ms
step:995/4578 train_loss:3.7861 train_time:471484ms step_avg:478.66ms
step:996/4578 train_loss:3.6562 train_time:471967ms step_avg:478.67ms
step:997/4578 train_loss:3.5693 train_time:472446ms step_avg:478.67ms
step:998/4578 train_loss:3.9698 train_time:472920ms step_avg:478.66ms
step:999/4578 train_loss:3.6142 train_time:473394ms step_avg:478.66ms
step:1000/4578 train_loss:3.8525 train_time:473863ms step_avg:478.65ms
step:1000/4578 val_loss:3.6592 train_time:474187ms step_avg:478.98ms
step:1001/4578 train_loss:3.5560 train_time:474364ms step_avg:478.67ms
step:1002/4578 train_loss:3.5818 train_time:474843ms step_avg:478.67ms
step:1003/4578 train_loss:3.5983 train_time:475331ms step_avg:478.68ms
step:1004/4578 train_loss:3.9538 train_time:475798ms step_avg:478.67ms
step:1005/4578 train_loss:3.7846 train_time:476273ms step_avg:478.67ms
step:1006/4578 train_loss:3.5636 train_time:476753ms step_avg:478.67ms
step:1007/4578 train_loss:3.6034 train_time:477225ms step_avg:478.66ms
step:1008/4578 train_loss:3.5592 train_time:477702ms step_avg:478.66ms
step:1009/4578 train_loss:3.7849 train_time:478160ms step_avg:478.64ms
step:1010/4578 train_loss:3.8699 train_time:478643ms step_avg:478.64ms
step:1011/4578 train_loss:3.7874 train_time:479119ms step_avg:478.64ms
step:1012/4578 train_loss:3.7342 train_time:479602ms step_avg:478.64ms
step:1013/4578 train_loss:3.5792 train_time:480077ms step_avg:478.64ms
step:1014/4578 train_loss:3.7947 train_time:480552ms step_avg:478.64ms
step:1015/4578 train_loss:3.7606 train_time:481033ms step_avg:478.64ms
step:1016/4578 train_loss:3.4480 train_time:481511ms step_avg:478.64ms
step:1017/4578 train_loss:3.6394 train_time:481982ms step_avg:478.63ms
step:1018/4578 train_loss:3.5745 train_time:482457ms step_avg:478.63ms
step:1019/4578 train_loss:3.5890 train_time:482933ms step_avg:478.63ms
step:1020/4578 train_loss:3.5663 train_time:483422ms step_avg:478.64ms
step:1021/4578 train_loss:3.5551 train_time:483899ms step_avg:478.63ms
step:1022/4578 train_loss:3.5161 train_time:484369ms step_avg:478.63ms
step:1023/4578 train_loss:3.7177 train_time:484849ms step_avg:478.63ms
step:1024/4578 train_loss:3.6927 train_time:485323ms step_avg:478.62ms
step:1025/4578 train_loss:3.6702 train_time:485803ms step_avg:478.62ms
step:1026/4578 train_loss:3.6052 train_time:486280ms step_avg:478.62ms
step:1027/4578 train_loss:3.6962 train_time:486760ms step_avg:478.62ms
step:1028/4578 train_loss:3.6374 train_time:487233ms step_avg:478.62ms
step:1029/4578 train_loss:3.5625 train_time:487711ms step_avg:478.62ms
step:1030/4578 train_loss:3.5961 train_time:488187ms step_avg:478.61ms
step:1031/4578 train_loss:3.6623 train_time:488660ms step_avg:478.61ms
step:1032/4578 train_loss:3.5560 train_time:489144ms step_avg:478.61ms
step:1033/4578 train_loss:3.7943 train_time:489618ms step_avg:478.61ms
step:1034/4578 train_loss:3.6584 train_time:490097ms step_avg:478.61ms
step:1035/4578 train_loss:3.4873 train_time:490576ms step_avg:478.61ms
step:1036/4578 train_loss:3.5523 train_time:491057ms step_avg:478.61ms
step:1037/4578 train_loss:3.7246 train_time:491533ms step_avg:478.61ms
step:1038/4578 train_loss:4.0852 train_time:492006ms step_avg:478.61ms
step:1039/4578 train_loss:3.8206 train_time:492483ms step_avg:478.60ms
step:1040/4578 train_loss:3.7785 train_time:492964ms step_avg:478.61ms
step:1041/4578 train_loss:3.6884 train_time:493440ms step_avg:478.60ms
step:1042/4578 train_loss:3.5350 train_time:493919ms step_avg:478.60ms
step:1043/4578 train_loss:3.5862 train_time:494393ms step_avg:478.60ms
step:1044/4578 train_loss:3.6044 train_time:494868ms step_avg:478.60ms
step:1045/4578 train_loss:3.7382 train_time:495347ms step_avg:478.60ms
step:1046/4578 train_loss:3.7973 train_time:495820ms step_avg:478.59ms
step:1047/4578 train_loss:3.6606 train_time:496294ms step_avg:478.59ms
step:1048/4578 train_loss:3.8790 train_time:496781ms step_avg:478.59ms
step:1049/4578 train_loss:3.7119 train_time:497252ms step_avg:478.59ms
step:1050/4578 train_loss:3.6880 train_time:497731ms step_avg:478.59ms
step:1051/4578 train_loss:3.5214 train_time:498205ms step_avg:478.58ms
step:1052/4578 train_loss:3.7516 train_time:498685ms step_avg:478.58ms
step:1053/4578 train_loss:3.5289 train_time:499174ms step_avg:478.59ms
step:1054/4578 train_loss:3.9793 train_time:499644ms step_avg:478.59ms
step:1055/4578 train_loss:3.5195 train_time:500118ms step_avg:478.58ms
step:1056/4578 train_loss:3.6332 train_time:500598ms step_avg:478.58ms
step:1057/4578 train_loss:3.7802 train_time:501076ms step_avg:478.58ms
step:1058/4578 train_loss:3.6693 train_time:501557ms step_avg:478.59ms
step:1059/4578 train_loss:3.5354 train_time:502035ms step_avg:478.58ms
step:1060/4578 train_loss:3.7903 train_time:502513ms step_avg:478.58ms
step:1061/4578 train_loss:3.7141 train_time:502981ms step_avg:478.57ms
step:1062/4578 train_loss:3.5928 train_time:503465ms step_avg:478.58ms
step:1063/4578 train_loss:3.5673 train_time:503962ms step_avg:478.60ms
step:1064/4578 train_loss:3.7090 train_time:504437ms step_avg:478.59ms
step:1065/4578 train_loss:3.5036 train_time:504916ms step_avg:478.59ms
step:1066/4578 train_loss:3.5100 train_time:505373ms step_avg:478.57ms
step:1067/4578 train_loss:3.6482 train_time:505849ms step_avg:478.57ms
step:1068/4578 train_loss:3.4584 train_time:506331ms step_avg:478.57ms
step:1069/4578 train_loss:3.5938 train_time:506798ms step_avg:478.56ms
step:1070/4578 train_loss:3.3337 train_time:507273ms step_avg:478.56ms
step:1071/4578 train_loss:3.8471 train_time:507757ms step_avg:478.56ms
step:1072/4578 train_loss:3.7129 train_time:508232ms step_avg:478.56ms
step:1073/4578 train_loss:3.6073 train_time:508711ms step_avg:478.56ms
step:1074/4578 train_loss:3.7774 train_time:509183ms step_avg:478.56ms
step:1075/4578 train_loss:3.6455 train_time:509663ms step_avg:478.56ms
step:1076/4578 train_loss:3.5488 train_time:510139ms step_avg:478.55ms
step:1077/4578 train_loss:3.9425 train_time:510617ms step_avg:478.55ms
step:1078/4578 train_loss:3.5916 train_time:511096ms step_avg:478.55ms
step:1079/4578 train_loss:3.3162 train_time:511571ms step_avg:478.55ms
step:1080/4578 train_loss:3.5082 train_time:512046ms step_avg:478.55ms
step:1081/4578 train_loss:3.6322 train_time:512526ms step_avg:478.55ms
step:1082/4578 train_loss:3.7494 train_time:513003ms step_avg:478.55ms
step:1083/4578 train_loss:3.7990 train_time:513481ms step_avg:478.55ms
step:1084/4578 train_loss:3.7999 train_time:513962ms step_avg:478.55ms
step:1085/4578 train_loss:3.5999 train_time:514450ms step_avg:478.56ms
step:1086/4578 train_loss:3.7188 train_time:514917ms step_avg:478.55ms
step:1087/4578 train_loss:3.5463 train_time:515390ms step_avg:478.54ms
step:1088/4578 train_loss:3.7225 train_time:515868ms step_avg:478.54ms
step:1089/4578 train_loss:3.5902 train_time:516342ms step_avg:478.54ms
step:1090/4578 train_loss:3.5537 train_time:516818ms step_avg:478.54ms
step:1091/4578 train_loss:3.7957 train_time:517304ms step_avg:478.54ms
step:1092/4578 train_loss:3.6000 train_time:517777ms step_avg:478.54ms
step:1093/4578 train_loss:3.7282 train_time:518254ms step_avg:478.54ms
step:1094/4578 train_loss:3.6355 train_time:518728ms step_avg:478.53ms
step:1095/4578 train_loss:3.7032 train_time:519213ms step_avg:478.54ms
step:1096/4578 train_loss:3.5805 train_time:519682ms step_avg:478.53ms
step:1097/4578 train_loss:3.6285 train_time:520174ms step_avg:478.54ms
step:1098/4578 train_loss:3.6941 train_time:520643ms step_avg:478.53ms
step:1099/4578 train_loss:3.7965 train_time:521135ms step_avg:478.54ms
step:1100/4578 train_loss:3.6437 train_time:521602ms step_avg:478.53ms
step:1101/4578 train_loss:3.7428 train_time:522080ms step_avg:478.53ms
step:1102/4578 train_loss:3.6544 train_time:522557ms step_avg:478.53ms
step:1103/4578 train_loss:3.5038 train_time:523038ms step_avg:478.53ms
step:1104/4578 train_loss:3.6277 train_time:523514ms step_avg:478.53ms
step:1105/4578 train_loss:3.6126 train_time:523991ms step_avg:478.53ms
step:1106/4578 train_loss:3.8180 train_time:524466ms step_avg:478.53ms
step:1107/4578 train_loss:3.3742 train_time:524945ms step_avg:478.53ms
step:1108/4578 train_loss:3.8462 train_time:525429ms step_avg:478.53ms
step:1109/4578 train_loss:3.6752 train_time:525901ms step_avg:478.53ms
step:1110/4578 train_loss:3.6223 train_time:526378ms step_avg:478.53ms
step:1111/4578 train_loss:3.6581 train_time:526845ms step_avg:478.52ms
step:1112/4578 train_loss:3.7206 train_time:527323ms step_avg:478.51ms
step:1113/4578 train_loss:3.7925 train_time:527811ms step_avg:478.52ms
step:1114/4578 train_loss:3.6474 train_time:528278ms step_avg:478.51ms
step:1115/4578 train_loss:3.6642 train_time:528752ms step_avg:478.51ms
step:1116/4578 train_loss:3.4605 train_time:529230ms step_avg:478.51ms
step:1117/4578 train_loss:3.6315 train_time:529709ms step_avg:478.51ms
step:1118/4578 train_loss:3.6574 train_time:530182ms step_avg:478.50ms
step:1119/4578 train_loss:4.1028 train_time:530655ms step_avg:478.50ms
step:1120/4578 train_loss:3.7562 train_time:531140ms step_avg:478.50ms
step:1121/4578 train_loss:3.6683 train_time:531619ms step_avg:478.50ms
step:1122/4578 train_loss:3.6294 train_time:532089ms step_avg:478.50ms
step:1123/4578 train_loss:3.6542 train_time:532568ms step_avg:478.50ms
step:1124/4578 train_loss:3.8693 train_time:533042ms step_avg:478.49ms
step:1125/4578 train_loss:3.5119 train_time:533531ms step_avg:478.50ms
step:1125/4578 val_loss:3.6346 train_time:533839ms step_avg:478.78ms
step:1126/4578 train_loss:3.3359 train_time:534017ms step_avg:478.51ms
step:1127/4578 train_loss:3.7608 train_time:534486ms step_avg:478.50ms
step:1128/4578 train_loss:4.1467 train_time:534961ms step_avg:478.50ms
step:1129/4578 train_loss:3.4979 train_time:535439ms step_avg:478.50ms
step:1130/4578 train_loss:3.7993 train_time:535918ms step_avg:478.50ms
step:1131/4578 train_loss:3.7196 train_time:536398ms step_avg:478.50ms
step:1132/4578 train_loss:3.6499 train_time:536866ms step_avg:478.49ms
step:1133/4578 train_loss:3.6703 train_time:537344ms step_avg:478.49ms
step:1134/4578 train_loss:3.8858 train_time:537822ms step_avg:478.49ms
step:1135/4578 train_loss:3.6575 train_time:538298ms step_avg:478.49ms
step:1136/4578 train_loss:3.6190 train_time:538776ms step_avg:478.49ms
step:1137/4578 train_loss:3.8093 train_time:539266ms step_avg:478.50ms
step:1138/4578 train_loss:3.6929 train_time:539726ms step_avg:478.48ms
step:1139/4578 train_loss:3.4879 train_time:540209ms step_avg:478.48ms
step:1140/4578 train_loss:3.9585 train_time:541018ms step_avg:478.78ms
step:1141/4578 train_loss:3.6550 train_time:541510ms step_avg:478.79ms
step:1142/4578 train_loss:3.8720 train_time:541985ms step_avg:478.79ms
step:1143/4578 train_loss:3.7332 train_time:542460ms step_avg:478.78ms
step:1144/4578 train_loss:3.6610 train_time:542946ms step_avg:478.79ms
step:1145/4578 train_loss:3.6069 train_time:543405ms step_avg:478.77ms
step:1146/4578 train_loss:3.6707 train_time:543885ms step_avg:478.77ms
step:1147/4578 train_loss:3.9396 train_time:544369ms step_avg:478.78ms
step:1148/4578 train_loss:3.8363 train_time:544842ms step_avg:478.77ms
step:1149/4578 train_loss:3.6251 train_time:545314ms step_avg:478.77ms
step:1150/4578 train_loss:3.4834 train_time:545787ms step_avg:478.76ms
step:1151/4578 train_loss:3.5300 train_time:546269ms step_avg:478.76ms
step:1152/4578 train_loss:3.5816 train_time:546744ms step_avg:478.76ms
step:1153/4578 train_loss:3.9877 train_time:547230ms step_avg:478.77ms
step:1154/4578 train_loss:3.7769 train_time:547702ms step_avg:478.76ms
step:1155/4578 train_loss:3.7883 train_time:548179ms step_avg:478.76ms
step:1156/4578 train_loss:3.4693 train_time:548661ms step_avg:478.76ms
step:1157/4578 train_loss:3.8502 train_time:549136ms step_avg:478.76ms
step:1158/4578 train_loss:3.6987 train_time:549614ms step_avg:478.76ms
step:1159/4578 train_loss:3.4872 train_time:550094ms step_avg:478.76ms
step:1160/4578 train_loss:3.5605 train_time:550575ms step_avg:478.76ms
step:1161/4578 train_loss:3.4870 train_time:551052ms step_avg:478.76ms
step:1162/4578 train_loss:3.4690 train_time:551529ms step_avg:478.76ms
step:1163/4578 train_loss:3.5279 train_time:552011ms step_avg:478.76ms
step:1164/4578 train_loss:3.7155 train_time:552483ms step_avg:478.75ms
step:1165/4578 train_loss:3.6229 train_time:552960ms step_avg:478.75ms
step:1166/4578 train_loss:3.4979 train_time:553431ms step_avg:478.75ms
step:1167/4578 train_loss:3.5929 train_time:553912ms step_avg:478.75ms
step:1168/4578 train_loss:3.5921 train_time:554390ms step_avg:478.75ms
step:1169/4578 train_loss:3.7967 train_time:554863ms step_avg:478.74ms
step:1170/4578 train_loss:3.5471 train_time:555339ms step_avg:478.74ms
step:1171/4578 train_loss:3.6210 train_time:555814ms step_avg:478.74ms
step:1172/4578 train_loss:3.5906 train_time:556289ms step_avg:478.73ms
step:1173/4578 train_loss:3.6236 train_time:556767ms step_avg:478.73ms
step:1174/4578 train_loss:3.7991 train_time:557242ms step_avg:478.73ms
step:1175/4578 train_loss:3.5170 train_time:557721ms step_avg:478.73ms
step:1176/4578 train_loss:3.6375 train_time:558197ms step_avg:478.73ms
step:1177/4578 train_loss:3.7596 train_time:558679ms step_avg:478.73ms
step:1178/4578 train_loss:3.5574 train_time:559155ms step_avg:478.73ms
step:1179/4578 train_loss:3.7165 train_time:559633ms step_avg:478.73ms
step:1180/4578 train_loss:3.5687 train_time:560113ms step_avg:478.73ms
step:1181/4578 train_loss:3.5383 train_time:560583ms step_avg:478.72ms
step:1182/4578 train_loss:3.3804 train_time:561059ms step_avg:478.72ms
step:1183/4578 train_loss:3.6698 train_time:561535ms step_avg:478.72ms
step:1184/4578 train_loss:3.4720 train_time:562013ms step_avg:478.72ms
step:1185/4578 train_loss:3.8607 train_time:562491ms step_avg:478.72ms
step:1186/4578 train_loss:3.8385 train_time:562967ms step_avg:478.71ms
step:1187/4578 train_loss:3.5853 train_time:563460ms step_avg:478.73ms
step:1188/4578 train_loss:3.5976 train_time:563928ms step_avg:478.72ms
step:1189/4578 train_loss:3.6304 train_time:564405ms step_avg:478.72ms
step:1190/4578 train_loss:3.4275 train_time:564885ms step_avg:478.72ms
step:1191/4578 train_loss:3.6948 train_time:565359ms step_avg:478.71ms
step:1192/4578 train_loss:4.0729 train_time:565835ms step_avg:478.71ms
step:1193/4578 train_loss:3.5982 train_time:566316ms step_avg:478.71ms
step:1194/4578 train_loss:3.5304 train_time:566790ms step_avg:478.71ms
step:1195/4578 train_loss:3.7926 train_time:567270ms step_avg:478.71ms
step:1196/4578 train_loss:3.5915 train_time:567750ms step_avg:478.71ms
step:1197/4578 train_loss:3.5126 train_time:568211ms step_avg:478.69ms
step:1198/4578 train_loss:3.4836 train_time:568691ms step_avg:478.70ms
step:1199/4578 train_loss:3.4698 train_time:569169ms step_avg:478.70ms
step:1200/4578 train_loss:3.6256 train_time:569646ms step_avg:478.69ms
step:1201/4578 train_loss:3.6778 train_time:570125ms step_avg:478.69ms
step:1202/4578 train_loss:3.8246 train_time:570599ms step_avg:478.69ms
step:1203/4578 train_loss:3.7918 train_time:571073ms step_avg:478.69ms
step:1204/4578 train_loss:3.6553 train_time:571552ms step_avg:478.69ms
step:1205/4578 train_loss:3.5494 train_time:572032ms step_avg:478.69ms
step:1206/4578 train_loss:3.6091 train_time:572505ms step_avg:478.68ms
step:1207/4578 train_loss:3.7322 train_time:572976ms step_avg:478.68ms
step:1208/4578 train_loss:3.7932 train_time:573462ms step_avg:478.68ms
step:1209/4578 train_loss:3.5442 train_time:573935ms step_avg:478.68ms
step:1210/4578 train_loss:3.4365 train_time:574413ms step_avg:478.68ms
step:1211/4578 train_loss:3.3774 train_time:574883ms step_avg:478.67ms
step:1212/4578 train_loss:3.6792 train_time:575369ms step_avg:478.68ms
step:1213/4578 train_loss:3.7488 train_time:575846ms step_avg:478.67ms
step:1214/4578 train_loss:3.6061 train_time:576324ms step_avg:478.67ms
step:1215/4578 train_loss:3.4998 train_time:576792ms step_avg:478.67ms
step:1216/4578 train_loss:3.8025 train_time:577275ms step_avg:478.67ms
step:1217/4578 train_loss:3.5406 train_time:577747ms step_avg:478.66ms
step:1218/4578 train_loss:3.6191 train_time:578225ms step_avg:478.66ms
step:1219/4578 train_loss:3.6458 train_time:578706ms step_avg:478.66ms
step:1220/4578 train_loss:3.6683 train_time:579183ms step_avg:478.66ms
step:1221/4578 train_loss:3.6266 train_time:579657ms step_avg:478.66ms
step:1222/4578 train_loss:3.8338 train_time:580133ms step_avg:478.66ms
step:1223/4578 train_loss:3.5865 train_time:580615ms step_avg:478.66ms
step:1224/4578 train_loss:3.5077 train_time:581087ms step_avg:478.66ms
step:1225/4578 train_loss:3.4155 train_time:581570ms step_avg:478.66ms
step:1226/4578 train_loss:3.5374 train_time:582048ms step_avg:478.66ms
step:1227/4578 train_loss:3.5325 train_time:582525ms step_avg:478.66ms
step:1228/4578 train_loss:3.5598 train_time:583000ms step_avg:478.65ms
step:1229/4578 train_loss:3.6406 train_time:583479ms step_avg:478.65ms
step:1230/4578 train_loss:3.5691 train_time:583961ms step_avg:478.66ms
step:1231/4578 train_loss:3.8327 train_time:584434ms step_avg:478.65ms
step:1232/4578 train_loss:3.8911 train_time:584910ms step_avg:478.65ms
step:1233/4578 train_loss:3.7897 train_time:585384ms step_avg:478.65ms
step:1234/4578 train_loss:3.6962 train_time:585866ms step_avg:478.65ms
step:1235/4578 train_loss:3.8737 train_time:586344ms step_avg:478.65ms
step:1236/4578 train_loss:3.5876 train_time:586825ms step_avg:478.65ms
step:1237/4578 train_loss:3.5227 train_time:587299ms step_avg:478.65ms
step:1238/4578 train_loss:3.4547 train_time:587784ms step_avg:478.65ms
step:1239/4578 train_loss:3.4844 train_time:588257ms step_avg:478.65ms
step:1240/4578 train_loss:3.5583 train_time:588729ms step_avg:478.64ms
step:1241/4578 train_loss:3.4773 train_time:589209ms step_avg:478.64ms
step:1242/4578 train_loss:3.6788 train_time:589691ms step_avg:478.65ms
step:1243/4578 train_loss:3.5598 train_time:590157ms step_avg:478.64ms
step:1244/4578 train_loss:3.6491 train_time:590637ms step_avg:478.64ms
step:1245/4578 train_loss:3.7066 train_time:591116ms step_avg:478.64ms
step:1246/4578 train_loss:3.4771 train_time:591595ms step_avg:478.64ms
step:1247/4578 train_loss:3.5445 train_time:592071ms step_avg:478.63ms
step:1248/4578 train_loss:3.6754 train_time:592547ms step_avg:478.63ms
step:1249/4578 train_loss:3.7885 train_time:593029ms step_avg:478.63ms
step:1250/4578 train_loss:3.6647 train_time:593508ms step_avg:478.64ms
step:1250/4578 val_loss:3.6049 train_time:593819ms step_avg:478.89ms
step:1251/4578 train_loss:3.5405 train_time:593986ms step_avg:478.64ms
step:1252/4578 train_loss:3.6297 train_time:594456ms step_avg:478.63ms
step:1253/4578 train_loss:3.6313 train_time:594936ms step_avg:478.63ms
step:1254/4578 train_loss:3.6199 train_time:595417ms step_avg:478.63ms
step:1255/4578 train_loss:3.7788 train_time:595898ms step_avg:478.63ms
step:1256/4578 train_loss:3.6940 train_time:596377ms step_avg:478.63ms
step:1257/4578 train_loss:3.7299 train_time:596850ms step_avg:478.63ms
step:1258/4578 train_loss:3.6887 train_time:597325ms step_avg:478.63ms
step:1259/4578 train_loss:3.5789 train_time:597801ms step_avg:478.62ms
step:1260/4578 train_loss:3.5777 train_time:598273ms step_avg:478.62ms
step:1261/4578 train_loss:3.4503 train_time:598747ms step_avg:478.61ms
step:1262/4578 train_loss:3.3635 train_time:599221ms step_avg:478.61ms
step:1263/4578 train_loss:3.7162 train_time:599704ms step_avg:478.61ms
step:1264/4578 train_loss:3.4259 train_time:600176ms step_avg:478.61ms
step:1265/4578 train_loss:3.7596 train_time:600659ms step_avg:478.61ms
step:1266/4578 train_loss:3.6677 train_time:601136ms step_avg:478.61ms
step:1267/4578 train_loss:3.6549 train_time:601612ms step_avg:478.61ms
step:1268/4578 train_loss:3.7355 train_time:602090ms step_avg:478.61ms
step:1269/4578 train_loss:3.5569 train_time:602572ms step_avg:478.61ms
step:1270/4578 train_loss:3.5750 train_time:603048ms step_avg:478.61ms
step:1271/4578 train_loss:3.5100 train_time:603525ms step_avg:478.61ms
step:1272/4578 train_loss:3.5117 train_time:604002ms step_avg:478.61ms
step:1273/4578 train_loss:3.5439 train_time:604481ms step_avg:478.61ms
step:1274/4578 train_loss:3.5898 train_time:604954ms step_avg:478.60ms
step:1275/4578 train_loss:3.5851 train_time:605433ms step_avg:478.60ms
step:1276/4578 train_loss:3.7154 train_time:605912ms step_avg:478.60ms
step:1277/4578 train_loss:3.7247 train_time:606389ms step_avg:478.60ms
step:1278/4578 train_loss:3.6748 train_time:606865ms step_avg:478.60ms
step:1279/4578 train_loss:3.5742 train_time:607349ms step_avg:478.60ms
step:1280/4578 train_loss:3.4123 train_time:607826ms step_avg:478.60ms
step:1281/4578 train_loss:3.5059 train_time:608302ms step_avg:478.60ms
step:1282/4578 train_loss:3.7130 train_time:608781ms step_avg:478.60ms
step:1283/4578 train_loss:3.6370 train_time:609255ms step_avg:478.60ms
step:1284/4578 train_loss:3.6999 train_time:609730ms step_avg:478.59ms
step:1285/4578 train_loss:3.6526 train_time:610203ms step_avg:478.59ms
step:1286/4578 train_loss:3.6120 train_time:610685ms step_avg:478.59ms
step:1287/4578 train_loss:3.4777 train_time:611158ms step_avg:478.59ms
step:1288/4578 train_loss:3.5446 train_time:611640ms step_avg:478.59ms
step:1289/4578 train_loss:3.5206 train_time:612120ms step_avg:478.59ms
step:1290/4578 train_loss:3.4794 train_time:612590ms step_avg:478.59ms
step:1291/4578 train_loss:3.6342 train_time:613071ms step_avg:478.59ms
step:1292/4578 train_loss:3.6553 train_time:613553ms step_avg:478.59ms
step:1293/4578 train_loss:3.6891 train_time:614025ms step_avg:478.59ms
step:1294/4578 train_loss:3.7165 train_time:614499ms step_avg:478.58ms
step:1295/4578 train_loss:3.3717 train_time:614979ms step_avg:478.58ms
step:1296/4578 train_loss:3.4851 train_time:615455ms step_avg:478.58ms
step:1297/4578 train_loss:3.6878 train_time:615927ms step_avg:478.58ms
step:1298/4578 train_loss:3.4345 train_time:616410ms step_avg:478.58ms
step:1299/4578 train_loss:3.6963 train_time:616888ms step_avg:478.58ms
step:1300/4578 train_loss:3.6130 train_time:617367ms step_avg:478.58ms
step:1301/4578 train_loss:3.7393 train_time:617845ms step_avg:478.58ms
step:1302/4578 train_loss:3.7016 train_time:618321ms step_avg:478.58ms
step:1303/4578 train_loss:3.8468 train_time:618789ms step_avg:478.57ms
step:1304/4578 train_loss:3.4827 train_time:619275ms step_avg:478.57ms
step:1305/4578 train_loss:3.9742 train_time:619751ms step_avg:478.57ms
step:1306/4578 train_loss:3.5733 train_time:620228ms step_avg:478.57ms
step:1307/4578 train_loss:3.7590 train_time:620703ms step_avg:478.57ms
step:1308/4578 train_loss:3.9309 train_time:621180ms step_avg:478.57ms
step:1309/4578 train_loss:3.5426 train_time:621657ms step_avg:478.57ms
step:1310/4578 train_loss:3.4850 train_time:622134ms step_avg:478.56ms
step:1311/4578 train_loss:3.6652 train_time:622608ms step_avg:478.56ms
step:1312/4578 train_loss:3.6055 train_time:623090ms step_avg:478.56ms
step:1313/4578 train_loss:3.5855 train_time:623567ms step_avg:478.56ms
step:1314/4578 train_loss:3.6779 train_time:624048ms step_avg:478.56ms
step:1315/4578 train_loss:3.3130 train_time:624524ms step_avg:478.56ms
step:1316/4578 train_loss:3.5020 train_time:625000ms step_avg:478.56ms
step:1317/4578 train_loss:3.6115 train_time:625474ms step_avg:478.56ms
step:1318/4578 train_loss:3.7177 train_time:625949ms step_avg:478.55ms
step:1319/4578 train_loss:3.4014 train_time:626426ms step_avg:478.55ms
step:1320/4578 train_loss:3.5951 train_time:626903ms step_avg:478.55ms
step:1321/4578 train_loss:3.7395 train_time:627380ms step_avg:478.55ms
step:1322/4578 train_loss:3.6993 train_time:627858ms step_avg:478.55ms
step:1323/4578 train_loss:3.5850 train_time:628338ms step_avg:478.55ms
step:1324/4578 train_loss:3.6072 train_time:629021ms step_avg:478.71ms
step:1325/4578 train_loss:3.8649 train_time:629505ms step_avg:478.71ms
step:1326/4578 train_loss:3.9066 train_time:629976ms step_avg:478.71ms
step:1327/4578 train_loss:3.6493 train_time:630452ms step_avg:478.70ms
step:1328/4578 train_loss:3.4709 train_time:630931ms step_avg:478.70ms
step:1329/4578 train_loss:3.8717 train_time:631412ms step_avg:478.71ms
step:1330/4578 train_loss:3.6473 train_time:632215ms step_avg:478.95ms
step:1331/4578 train_loss:3.8519 train_time:632695ms step_avg:478.95ms
step:1332/4578 train_loss:3.5641 train_time:633165ms step_avg:478.94ms
step:1333/4578 train_loss:3.8096 train_time:633644ms step_avg:478.94ms
step:1334/4578 train_loss:3.7238 train_time:634128ms step_avg:478.95ms
step:1335/4578 train_loss:3.6280 train_time:634605ms step_avg:478.95ms
step:1336/4578 train_loss:3.5254 train_time:635080ms step_avg:478.94ms
step:1337/4578 train_loss:3.6462 train_time:635560ms step_avg:478.95ms
step:1338/4578 train_loss:3.8268 train_time:636024ms step_avg:478.93ms
step:1339/4578 train_loss:3.7133 train_time:636506ms step_avg:478.94ms
step:1340/4578 train_loss:3.5579 train_time:636984ms step_avg:478.94ms
step:1341/4578 train_loss:3.5017 train_time:637465ms step_avg:478.94ms
step:1342/4578 train_loss:3.8760 train_time:637941ms step_avg:478.93ms
step:1343/4578 train_loss:3.6733 train_time:638406ms step_avg:478.92ms
step:1344/4578 train_loss:3.6896 train_time:638885ms step_avg:478.92ms
step:1345/4578 train_loss:3.6874 train_time:639367ms step_avg:478.93ms
step:1346/4578 train_loss:3.6837 train_time:639846ms step_avg:478.93ms
step:1347/4578 train_loss:3.5137 train_time:640322ms step_avg:478.92ms
step:1348/4578 train_loss:3.4887 train_time:640800ms step_avg:478.92ms
step:1349/4578 train_loss:3.6286 train_time:641282ms step_avg:478.93ms
step:1350/4578 train_loss:3.5000 train_time:641756ms step_avg:478.92ms
step:1351/4578 train_loss:3.6933 train_time:642229ms step_avg:478.92ms
step:1352/4578 train_loss:3.5827 train_time:642711ms step_avg:478.92ms
step:1353/4578 train_loss:3.5410 train_time:643187ms step_avg:478.92ms
step:1354/4578 train_loss:3.6857 train_time:643671ms step_avg:478.92ms
step:1355/4578 train_loss:3.5489 train_time:644139ms step_avg:478.91ms
step:1356/4578 train_loss:3.3504 train_time:644621ms step_avg:478.92ms
step:1357/4578 train_loss:3.6758 train_time:645097ms step_avg:478.91ms
step:1358/4578 train_loss:3.7522 train_time:645574ms step_avg:478.91ms
step:1359/4578 train_loss:3.4393 train_time:646048ms step_avg:478.91ms
step:1360/4578 train_loss:3.7921 train_time:646524ms step_avg:478.91ms
step:1361/4578 train_loss:3.7258 train_time:647005ms step_avg:478.91ms
step:1362/4578 train_loss:3.4588 train_time:647477ms step_avg:478.90ms
step:1363/4578 train_loss:3.6381 train_time:647959ms step_avg:478.91ms
step:1364/4578 train_loss:3.4811 train_time:648434ms step_avg:478.90ms
step:1365/4578 train_loss:3.4966 train_time:648908ms step_avg:478.90ms
step:1366/4578 train_loss:3.6326 train_time:649390ms step_avg:478.90ms
step:1367/4578 train_loss:3.6882 train_time:649866ms step_avg:478.90ms
step:1368/4578 train_loss:3.6467 train_time:650346ms step_avg:478.90ms
step:1369/4578 train_loss:3.7364 train_time:650826ms step_avg:478.90ms
step:1370/4578 train_loss:3.6620 train_time:651296ms step_avg:478.89ms
step:1371/4578 train_loss:3.9358 train_time:651773ms step_avg:478.89ms
step:1372/4578 train_loss:3.5636 train_time:652254ms step_avg:478.89ms
step:1373/4578 train_loss:3.5370 train_time:652729ms step_avg:478.89ms
step:1374/4578 train_loss:3.6275 train_time:653204ms step_avg:478.89ms
step:1375/4578 train_loss:3.4570 train_time:653683ms step_avg:478.89ms
step:1375/4578 val_loss:3.5840 train_time:653997ms step_avg:479.12ms
step:1376/4578 train_loss:3.8886 train_time:654175ms step_avg:478.90ms
step:1377/4578 train_loss:3.5967 train_time:654641ms step_avg:478.89ms
step:1378/4578 train_loss:3.8037 train_time:655110ms step_avg:478.88ms
step:1379/4578 train_loss:3.8401 train_time:655587ms step_avg:478.88ms
step:1380/4578 train_loss:3.6060 train_time:656070ms step_avg:478.88ms
step:1381/4578 train_loss:3.6156 train_time:656548ms step_avg:478.88ms
step:1382/4578 train_loss:3.6599 train_time:657021ms step_avg:478.88ms
step:1383/4578 train_loss:3.4976 train_time:657505ms step_avg:478.88ms
step:1384/4578 train_loss:3.6867 train_time:657978ms step_avg:478.88ms
step:1385/4578 train_loss:3.7801 train_time:658454ms step_avg:478.88ms
step:1386/4578 train_loss:3.5481 train_time:658930ms step_avg:478.87ms
step:1387/4578 train_loss:3.6809 train_time:659411ms step_avg:478.88ms
step:1388/4578 train_loss:3.5516 train_time:659891ms step_avg:478.88ms
step:1389/4578 train_loss:3.5496 train_time:660374ms step_avg:478.88ms
step:1390/4578 train_loss:3.3216 train_time:660839ms step_avg:478.87ms
step:1391/4578 train_loss:3.6150 train_time:661313ms step_avg:478.87ms
step:1392/4578 train_loss:3.4826 train_time:661800ms step_avg:478.87ms
step:1393/4578 train_loss:3.6038 train_time:662275ms step_avg:478.87ms
step:1394/4578 train_loss:3.6187 train_time:662752ms step_avg:478.87ms
step:1395/4578 train_loss:3.6520 train_time:663228ms step_avg:478.86ms
step:1396/4578 train_loss:3.6394 train_time:663703ms step_avg:478.86ms
step:1397/4578 train_loss:3.6134 train_time:664182ms step_avg:478.86ms
step:1398/4578 train_loss:3.4045 train_time:664662ms step_avg:478.86ms
step:1399/4578 train_loss:3.6047 train_time:665141ms step_avg:478.86ms
step:1400/4578 train_loss:3.6177 train_time:665614ms step_avg:478.86ms
step:1401/4578 train_loss:3.5842 train_time:666090ms step_avg:478.86ms
step:1402/4578 train_loss:3.5445 train_time:666568ms step_avg:478.86ms
step:1403/4578 train_loss:3.5276 train_time:667043ms step_avg:478.85ms
step:1404/4578 train_loss:3.6272 train_time:667522ms step_avg:478.85ms
step:1405/4578 train_loss:3.6121 train_time:667998ms step_avg:478.85ms
step:1406/4578 train_loss:3.6595 train_time:668478ms step_avg:478.85ms
step:1407/4578 train_loss:3.5917 train_time:668951ms step_avg:478.85ms
step:1408/4578 train_loss:3.5334 train_time:669426ms step_avg:478.85ms
step:1409/4578 train_loss:3.3902 train_time:669906ms step_avg:478.85ms
step:1410/4578 train_loss:3.5582 train_time:670384ms step_avg:478.85ms
step:1411/4578 train_loss:3.5310 train_time:670859ms step_avg:478.84ms
step:1412/4578 train_loss:3.6203 train_time:671334ms step_avg:478.84ms
step:1413/4578 train_loss:3.5276 train_time:671812ms step_avg:478.84ms
step:1414/4578 train_loss:3.4544 train_time:672286ms step_avg:478.84ms
step:1415/4578 train_loss:3.6521 train_time:672790ms step_avg:478.85ms
step:1416/4578 train_loss:3.8542 train_time:673260ms step_avg:478.85ms
step:1417/4578 train_loss:3.4847 train_time:673721ms step_avg:478.83ms
step:1418/4578 train_loss:3.4864 train_time:674202ms step_avg:478.84ms
step:1419/4578 train_loss:3.4918 train_time:674679ms step_avg:478.84ms
step:1420/4578 train_loss:3.5795 train_time:675152ms step_avg:478.83ms
step:1421/4578 train_loss:3.6735 train_time:675626ms step_avg:478.83ms
step:1422/4578 train_loss:3.4735 train_time:676103ms step_avg:478.83ms
step:1423/4578 train_loss:3.6305 train_time:676582ms step_avg:478.83ms
step:1424/4578 train_loss:3.7193 train_time:677061ms step_avg:478.83ms
step:1425/4578 train_loss:3.7102 train_time:677536ms step_avg:478.82ms
step:1426/4578 train_loss:3.2333 train_time:678023ms step_avg:478.83ms
step:1427/4578 train_loss:3.6163 train_time:678481ms step_avg:478.82ms
step:1428/4578 train_loss:3.6563 train_time:678967ms step_avg:478.82ms
step:1429/4578 train_loss:3.6701 train_time:679437ms step_avg:478.81ms
step:1430/4578 train_loss:3.5703 train_time:679914ms step_avg:478.81ms
step:1431/4578 train_loss:3.8005 train_time:680421ms step_avg:478.83ms
step:1432/4578 train_loss:3.6795 train_time:680867ms step_avg:478.81ms
step:1433/4578 train_loss:3.5771 train_time:681344ms step_avg:478.81ms
step:1434/4578 train_loss:3.5826 train_time:681822ms step_avg:478.81ms
step:1435/4578 train_loss:3.5298 train_time:682301ms step_avg:478.81ms
step:1436/4578 train_loss:3.2037 train_time:682776ms step_avg:478.80ms
step:1437/4578 train_loss:3.4679 train_time:683256ms step_avg:478.81ms
step:1438/4578 train_loss:3.6428 train_time:683734ms step_avg:478.81ms
step:1439/4578 train_loss:3.6478 train_time:684208ms step_avg:478.80ms
step:1440/4578 train_loss:3.6494 train_time:684686ms step_avg:478.80ms
step:1441/4578 train_loss:3.4884 train_time:685162ms step_avg:478.80ms
step:1442/4578 train_loss:3.5856 train_time:685637ms step_avg:478.80ms
step:1443/4578 train_loss:3.8746 train_time:686119ms step_avg:478.80ms
step:1444/4578 train_loss:3.6584 train_time:686590ms step_avg:478.79ms
step:1445/4578 train_loss:3.6376 train_time:687066ms step_avg:478.79ms
step:1446/4578 train_loss:3.6193 train_time:687549ms step_avg:478.79ms
step:1447/4578 train_loss:3.4492 train_time:688028ms step_avg:478.79ms
step:1448/4578 train_loss:3.5328 train_time:688503ms step_avg:478.79ms
step:1449/4578 train_loss:3.5640 train_time:688977ms step_avg:478.79ms
step:1450/4578 train_loss:3.7852 train_time:689462ms step_avg:478.79ms
step:1451/4578 train_loss:3.6819 train_time:689937ms step_avg:478.79ms
step:1452/4578 train_loss:3.4524 train_time:690410ms step_avg:478.79ms
step:1453/4578 train_loss:3.7122 train_time:690891ms step_avg:478.79ms
step:1454/4578 train_loss:3.4745 train_time:691369ms step_avg:478.79ms
step:1455/4578 train_loss:3.5766 train_time:691846ms step_avg:478.79ms
step:1456/4578 train_loss:3.6332 train_time:692327ms step_avg:478.79ms
step:1457/4578 train_loss:3.4734 train_time:692806ms step_avg:478.79ms
step:1458/4578 train_loss:3.4436 train_time:693284ms step_avg:478.79ms
step:1459/4578 train_loss:3.6211 train_time:693757ms step_avg:478.78ms
step:1460/4578 train_loss:3.5673 train_time:694233ms step_avg:478.78ms
step:1461/4578 train_loss:3.4767 train_time:694715ms step_avg:478.78ms
step:1462/4578 train_loss:3.8326 train_time:695188ms step_avg:478.78ms
step:1463/4578 train_loss:3.6595 train_time:695669ms step_avg:478.78ms
step:1464/4578 train_loss:3.8214 train_time:696143ms step_avg:478.78ms
step:1465/4578 train_loss:3.5791 train_time:696619ms step_avg:478.78ms
step:1466/4578 train_loss:3.5968 train_time:697094ms step_avg:478.77ms
step:1467/4578 train_loss:3.4918 train_time:697573ms step_avg:478.77ms
step:1468/4578 train_loss:3.6913 train_time:698049ms step_avg:478.77ms
step:1469/4578 train_loss:3.6266 train_time:698524ms step_avg:478.77ms
step:1470/4578 train_loss:3.4611 train_time:699006ms step_avg:478.77ms
step:1471/4578 train_loss:3.6958 train_time:699478ms step_avg:478.77ms
step:1472/4578 train_loss:3.5521 train_time:699958ms step_avg:478.77ms
step:1473/4578 train_loss:3.4979 train_time:700434ms step_avg:478.77ms
step:1474/4578 train_loss:3.7285 train_time:700909ms step_avg:478.76ms
step:1475/4578 train_loss:3.5711 train_time:701390ms step_avg:478.76ms
step:1476/4578 train_loss:3.2887 train_time:701865ms step_avg:478.76ms
step:1477/4578 train_loss:3.4806 train_time:702341ms step_avg:478.76ms
step:1478/4578 train_loss:3.4269 train_time:702823ms step_avg:478.76ms
step:1479/4578 train_loss:3.5990 train_time:703297ms step_avg:478.76ms
step:1480/4578 train_loss:3.6071 train_time:703773ms step_avg:478.76ms
step:1481/4578 train_loss:3.6268 train_time:704256ms step_avg:478.76ms
step:1482/4578 train_loss:3.7427 train_time:704733ms step_avg:478.76ms
step:1483/4578 train_loss:3.6484 train_time:705208ms step_avg:478.76ms
step:1484/4578 train_loss:3.5057 train_time:705685ms step_avg:478.76ms
step:1485/4578 train_loss:3.5374 train_time:706160ms step_avg:478.75ms
step:1486/4578 train_loss:3.5094 train_time:706635ms step_avg:478.75ms
step:1487/4578 train_loss:3.5650 train_time:707130ms step_avg:478.76ms
step:1488/4578 train_loss:3.5462 train_time:707597ms step_avg:478.75ms
step:1489/4578 train_loss:3.5246 train_time:708075ms step_avg:478.75ms
step:1490/4578 train_loss:3.6869 train_time:708550ms step_avg:478.75ms
step:1491/4578 train_loss:3.4827 train_time:709024ms step_avg:478.75ms
step:1492/4578 train_loss:3.3282 train_time:709497ms step_avg:478.74ms
step:1493/4578 train_loss:3.6089 train_time:709980ms step_avg:478.75ms
step:1494/4578 train_loss:3.7749 train_time:710458ms step_avg:478.75ms
step:1495/4578 train_loss:3.5895 train_time:710933ms step_avg:478.74ms
step:1496/4578 train_loss:3.4512 train_time:711414ms step_avg:478.74ms
step:1497/4578 train_loss:3.5263 train_time:711894ms step_avg:478.75ms
step:1498/4578 train_loss:3.5207 train_time:712370ms step_avg:478.74ms
step:1499/4578 train_loss:3.5593 train_time:712844ms step_avg:478.74ms
step:1500/4578 train_loss:3.4878 train_time:713323ms step_avg:478.74ms
step:1500/4578 val_loss:3.5597 train_time:713637ms step_avg:478.95ms
step:1501/4578 train_loss:3.4508 train_time:713805ms step_avg:478.74ms
step:1502/4578 train_loss:3.4738 train_time:714288ms step_avg:478.75ms
step:1503/4578 train_loss:3.6443 train_time:714752ms step_avg:478.74ms
step:1504/4578 train_loss:3.4702 train_time:715231ms step_avg:478.74ms
step:1505/4578 train_loss:3.5394 train_time:715705ms step_avg:478.73ms
step:1506/4578 train_loss:3.4490 train_time:716183ms step_avg:478.73ms
step:1507/4578 train_loss:3.5869 train_time:716662ms step_avg:478.73ms
step:1508/4578 train_loss:3.4977 train_time:717135ms step_avg:478.73ms
step:1509/4578 train_loss:4.1521 train_time:717608ms step_avg:478.72ms
step:1510/4578 train_loss:3.4682 train_time:718084ms step_avg:478.72ms
step:1511/4578 train_loss:3.5689 train_time:718561ms step_avg:478.72ms
step:1512/4578 train_loss:3.6079 train_time:719051ms step_avg:478.73ms
step:1513/4578 train_loss:3.8493 train_time:719646ms step_avg:478.81ms
step:1514/4578 train_loss:3.4704 train_time:720122ms step_avg:478.80ms
step:1515/4578 train_loss:3.4656 train_time:720601ms step_avg:478.80ms
step:1516/4578 train_loss:3.5822 train_time:721079ms step_avg:478.80ms
step:1517/4578 train_loss:3.5098 train_time:721559ms step_avg:478.81ms
step:1518/4578 train_loss:3.6629 train_time:722052ms step_avg:478.81ms
step:1519/4578 train_loss:3.4534 train_time:722528ms step_avg:478.81ms
step:1520/4578 train_loss:3.6450 train_time:723429ms step_avg:479.09ms
step:1521/4578 train_loss:3.4841 train_time:723889ms step_avg:479.08ms
step:1522/4578 train_loss:3.5249 train_time:724362ms step_avg:479.08ms
step:1523/4578 train_loss:3.6376 train_time:724847ms step_avg:479.08ms
step:1524/4578 train_loss:3.5558 train_time:725317ms step_avg:479.07ms
step:1525/4578 train_loss:3.7166 train_time:725793ms step_avg:479.07ms
step:1526/4578 train_loss:3.5338 train_time:726278ms step_avg:479.08ms
step:1527/4578 train_loss:3.5802 train_time:726769ms step_avg:479.08ms
step:1528/4578 train_loss:3.5677 train_time:727242ms step_avg:479.08ms
step:1529/4578 train_loss:3.9674 train_time:727723ms step_avg:479.08ms
step:1530/4578 train_loss:3.7527 train_time:728199ms step_avg:479.08ms
step:1531/4578 train_loss:3.3824 train_time:728678ms step_avg:479.08ms
step:1532/4578 train_loss:3.4907 train_time:729152ms step_avg:479.07ms
step:1533/4578 train_loss:3.5837 train_time:729629ms step_avg:479.07ms
step:1534/4578 train_loss:3.5147 train_time:730107ms step_avg:479.07ms
step:1535/4578 train_loss:3.6256 train_time:730584ms step_avg:479.07ms
step:1536/4578 train_loss:3.5625 train_time:731062ms step_avg:479.07ms
step:1537/4578 train_loss:3.4674 train_time:731542ms step_avg:479.07ms
step:1538/4578 train_loss:3.5042 train_time:731999ms step_avg:479.06ms
step:1539/4578 train_loss:3.9120 train_time:732468ms step_avg:479.05ms
step:1540/4578 train_loss:3.5215 train_time:732953ms step_avg:479.05ms
step:1541/4578 train_loss:3.6122 train_time:733431ms step_avg:479.05ms
step:1542/4578 train_loss:3.5305 train_time:733903ms step_avg:479.05ms
step:1543/4578 train_loss:3.4908 train_time:734383ms step_avg:479.05ms
step:1544/4578 train_loss:3.4339 train_time:734866ms step_avg:479.05ms
step:1545/4578 train_loss:3.5684 train_time:735335ms step_avg:479.05ms
step:1546/4578 train_loss:3.6660 train_time:735807ms step_avg:479.04ms
step:1547/4578 train_loss:3.4488 train_time:736283ms step_avg:479.04ms
step:1548/4578 train_loss:3.5305 train_time:736760ms step_avg:479.04ms
step:1549/4578 train_loss:3.4978 train_time:737235ms step_avg:479.04ms
step:1550/4578 train_loss:3.6227 train_time:737711ms step_avg:479.03ms
step:1551/4578 train_loss:3.4876 train_time:738188ms step_avg:479.03ms
step:1552/4578 train_loss:3.4991 train_time:738666ms step_avg:479.03ms
step:1553/4578 train_loss:3.5793 train_time:739144ms step_avg:479.03ms
step:1554/4578 train_loss:3.4696 train_time:739628ms step_avg:479.03ms
step:1555/4578 train_loss:3.5438 train_time:740106ms step_avg:479.03ms
step:1556/4578 train_loss:3.4716 train_time:740580ms step_avg:479.03ms
step:1557/4578 train_loss:3.4940 train_time:741062ms step_avg:479.03ms
step:1558/4578 train_loss:3.5779 train_time:741543ms step_avg:479.03ms
step:1559/4578 train_loss:3.4034 train_time:742009ms step_avg:479.02ms
step:1560/4578 train_loss:3.4999 train_time:742493ms step_avg:479.03ms
step:1561/4578 train_loss:3.7216 train_time:742972ms step_avg:479.03ms
step:1562/4578 train_loss:3.4288 train_time:743448ms step_avg:479.03ms
step:1563/4578 train_loss:3.5360 train_time:743924ms step_avg:479.02ms
step:1564/4578 train_loss:3.7479 train_time:744402ms step_avg:479.02ms
step:1565/4578 train_loss:3.4140 train_time:744881ms step_avg:479.02ms
step:1566/4578 train_loss:3.4151 train_time:745360ms step_avg:479.02ms
step:1567/4578 train_loss:3.5203 train_time:745834ms step_avg:479.02ms
step:1568/4578 train_loss:3.5231 train_time:746312ms step_avg:479.02ms
step:1569/4578 train_loss:3.4236 train_time:746790ms step_avg:479.02ms
step:1570/4578 train_loss:3.7054 train_time:747264ms step_avg:479.02ms
step:1571/4578 train_loss:3.6273 train_time:747743ms step_avg:479.02ms
step:1572/4578 train_loss:3.3558 train_time:748221ms step_avg:479.01ms
step:1573/4578 train_loss:3.5694 train_time:748694ms step_avg:479.01ms
step:1574/4578 train_loss:3.5090 train_time:749177ms step_avg:479.01ms
step:1575/4578 train_loss:3.5200 train_time:749647ms step_avg:479.01ms
step:1576/4578 train_loss:3.6351 train_time:750127ms step_avg:479.01ms
step:1577/4578 train_loss:3.5263 train_time:750610ms step_avg:479.01ms
step:1578/4578 train_loss:3.5466 train_time:751085ms step_avg:479.01ms
step:1579/4578 train_loss:3.4907 train_time:751560ms step_avg:479.01ms
step:1580/4578 train_loss:3.3935 train_time:752027ms step_avg:479.00ms
step:1581/4578 train_loss:3.4757 train_time:752509ms step_avg:479.00ms
step:1582/4578 train_loss:3.5460 train_time:752985ms step_avg:479.00ms
step:1583/4578 train_loss:3.5090 train_time:753466ms step_avg:479.00ms
step:1584/4578 train_loss:3.9781 train_time:753943ms step_avg:479.00ms
step:1585/4578 train_loss:3.5117 train_time:754422ms step_avg:479.00ms
step:1586/4578 train_loss:3.6156 train_time:754897ms step_avg:479.00ms
step:1587/4578 train_loss:3.3324 train_time:755378ms step_avg:479.00ms
step:1588/4578 train_loss:3.6834 train_time:755851ms step_avg:478.99ms
step:1589/4578 train_loss:3.5236 train_time:756324ms step_avg:478.99ms
step:1590/4578 train_loss:3.6628 train_time:756804ms step_avg:478.99ms
step:1591/4578 train_loss:3.5057 train_time:757277ms step_avg:478.99ms
step:1592/4578 train_loss:3.5448 train_time:757766ms step_avg:478.99ms
step:1593/4578 train_loss:3.5704 train_time:758242ms step_avg:478.99ms
step:1594/4578 train_loss:3.5413 train_time:758711ms step_avg:478.98ms
step:1595/4578 train_loss:3.6240 train_time:759188ms step_avg:478.98ms
step:1596/4578 train_loss:3.9092 train_time:759665ms step_avg:478.98ms
step:1597/4578 train_loss:3.4756 train_time:760146ms step_avg:478.98ms
step:1598/4578 train_loss:3.5336 train_time:760622ms step_avg:478.98ms
step:1599/4578 train_loss:3.6398 train_time:761104ms step_avg:478.98ms
step:1600/4578 train_loss:3.6612 train_time:761584ms step_avg:478.98ms
step:1601/4578 train_loss:3.5338 train_time:762058ms step_avg:478.98ms
step:1602/4578 train_loss:3.9448 train_time:762532ms step_avg:478.98ms
step:1603/4578 train_loss:3.6859 train_time:763008ms step_avg:478.98ms
step:1604/4578 train_loss:3.3651 train_time:763483ms step_avg:478.97ms
step:1605/4578 train_loss:3.5552 train_time:763958ms step_avg:478.97ms
step:1606/4578 train_loss:3.3885 train_time:764439ms step_avg:478.97ms
step:1607/4578 train_loss:3.7120 train_time:764913ms step_avg:478.97ms
step:1608/4578 train_loss:3.5089 train_time:765390ms step_avg:478.97ms
step:1609/4578 train_loss:3.5794 train_time:765868ms step_avg:478.97ms
step:1610/4578 train_loss:3.5721 train_time:766344ms step_avg:478.97ms
step:1611/4578 train_loss:3.9522 train_time:766820ms step_avg:478.96ms
step:1612/4578 train_loss:3.7571 train_time:767300ms step_avg:478.96ms
step:1613/4578 train_loss:3.6650 train_time:767772ms step_avg:478.96ms
step:1614/4578 train_loss:3.4954 train_time:768253ms step_avg:478.96ms
step:1615/4578 train_loss:3.5726 train_time:768730ms step_avg:478.96ms
step:1616/4578 train_loss:3.4531 train_time:769203ms step_avg:478.96ms
step:1617/4578 train_loss:3.5575 train_time:769683ms step_avg:478.96ms
step:1618/4578 train_loss:3.7194 train_time:770158ms step_avg:478.95ms
step:1619/4578 train_loss:3.7421 train_time:770637ms step_avg:478.95ms
step:1620/4578 train_loss:3.4529 train_time:771111ms step_avg:478.95ms
step:1621/4578 train_loss:3.6437 train_time:771588ms step_avg:478.95ms
step:1622/4578 train_loss:3.6027 train_time:772062ms step_avg:478.95ms
step:1623/4578 train_loss:3.4074 train_time:772546ms step_avg:478.95ms
step:1624/4578 train_loss:3.5812 train_time:773020ms step_avg:478.95ms
step:1625/4578 train_loss:3.4572 train_time:773494ms step_avg:478.94ms
step:1625/4578 val_loss:3.5455 train_time:773815ms step_avg:479.14ms
step:1626/4578 train_loss:3.5663 train_time:773976ms step_avg:478.95ms
step:1627/4578 train_loss:3.5356 train_time:774453ms step_avg:478.94ms
step:1628/4578 train_loss:3.4789 train_time:774926ms step_avg:478.94ms
step:1629/4578 train_loss:3.5733 train_time:775399ms step_avg:478.94ms
step:1630/4578 train_loss:3.5787 train_time:775889ms step_avg:478.94ms
step:1631/4578 train_loss:3.5670 train_time:776364ms step_avg:478.94ms
step:1632/4578 train_loss:3.4312 train_time:776836ms step_avg:478.94ms
step:1633/4578 train_loss:3.3356 train_time:777318ms step_avg:478.94ms
step:1634/4578 train_loss:3.5060 train_time:777790ms step_avg:478.93ms
step:1635/4578 train_loss:3.5528 train_time:778274ms step_avg:478.94ms
step:1636/4578 train_loss:3.3872 train_time:778750ms step_avg:478.94ms
step:1637/4578 train_loss:3.5946 train_time:779225ms step_avg:478.93ms
step:1638/4578 train_loss:3.7175 train_time:779702ms step_avg:478.93ms
step:1639/4578 train_loss:3.7606 train_time:780177ms step_avg:478.93ms
step:1640/4578 train_loss:4.1273 train_time:780645ms step_avg:478.92ms
step:1641/4578 train_loss:3.6226 train_time:781126ms step_avg:478.92ms
step:1642/4578 train_loss:3.6007 train_time:781607ms step_avg:478.93ms
step:1643/4578 train_loss:3.7226 train_time:782079ms step_avg:478.92ms
step:1644/4578 train_loss:3.6826 train_time:782557ms step_avg:478.92ms
step:1645/4578 train_loss:3.4259 train_time:783033ms step_avg:478.92ms
step:1646/4578 train_loss:3.5707 train_time:783522ms step_avg:478.93ms
step:1647/4578 train_loss:3.2057 train_time:783993ms step_avg:478.92ms
step:1648/4578 train_loss:3.5826 train_time:784466ms step_avg:478.92ms
step:1649/4578 train_loss:3.5499 train_time:784945ms step_avg:478.92ms
step:1650/4578 train_loss:3.4883 train_time:785419ms step_avg:478.91ms
step:1651/4578 train_loss:3.4707 train_time:785900ms step_avg:478.92ms
step:1652/4578 train_loss:3.5250 train_time:786386ms step_avg:478.92ms
step:1653/4578 train_loss:3.5478 train_time:786857ms step_avg:478.92ms
step:1654/4578 train_loss:3.7597 train_time:787332ms step_avg:478.91ms
step:1655/4578 train_loss:3.4429 train_time:787806ms step_avg:478.91ms
step:1656/4578 train_loss:3.4783 train_time:788282ms step_avg:478.91ms
step:1657/4578 train_loss:3.5364 train_time:788759ms step_avg:478.91ms
step:1658/4578 train_loss:3.5180 train_time:789248ms step_avg:478.91ms
step:1659/4578 train_loss:3.4700 train_time:789717ms step_avg:478.91ms
step:1660/4578 train_loss:3.4830 train_time:790194ms step_avg:478.91ms
step:1661/4578 train_loss:3.4941 train_time:790668ms step_avg:478.90ms
step:1662/4578 train_loss:3.5949 train_time:791141ms step_avg:478.90ms
step:1663/4578 train_loss:3.5040 train_time:791621ms step_avg:478.90ms
step:1664/4578 train_loss:3.5262 train_time:792104ms step_avg:478.90ms
step:1665/4578 train_loss:3.6013 train_time:792579ms step_avg:478.90ms
step:1666/4578 train_loss:3.5700 train_time:793058ms step_avg:478.90ms
step:1667/4578 train_loss:3.9278 train_time:793531ms step_avg:478.90ms
step:1668/4578 train_loss:3.3631 train_time:794004ms step_avg:478.89ms
step:1669/4578 train_loss:3.5490 train_time:794484ms step_avg:478.89ms
step:1670/4578 train_loss:3.4206 train_time:794961ms step_avg:478.89ms
step:1671/4578 train_loss:3.3326 train_time:795440ms step_avg:478.89ms
step:1672/4578 train_loss:3.6766 train_time:795915ms step_avg:478.89ms
step:1673/4578 train_loss:3.8355 train_time:796387ms step_avg:478.89ms
step:1674/4578 train_loss:3.4873 train_time:796869ms step_avg:478.89ms
step:1675/4578 train_loss:3.4299 train_time:797346ms step_avg:478.89ms
step:1676/4578 train_loss:3.4462 train_time:797823ms step_avg:478.89ms
step:1677/4578 train_loss:3.6483 train_time:798304ms step_avg:478.89ms
step:1678/4578 train_loss:3.4743 train_time:798785ms step_avg:478.89ms
step:1679/4578 train_loss:3.5233 train_time:799259ms step_avg:478.88ms
step:1680/4578 train_loss:3.5409 train_time:799730ms step_avg:478.88ms
step:1681/4578 train_loss:3.1357 train_time:800208ms step_avg:478.88ms
step:1682/4578 train_loss:3.5264 train_time:800689ms step_avg:478.88ms
step:1683/4578 train_loss:3.6306 train_time:801162ms step_avg:478.88ms
step:1684/4578 train_loss:3.6219 train_time:801642ms step_avg:478.88ms
step:1685/4578 train_loss:3.6127 train_time:802117ms step_avg:478.88ms
step:1686/4578 train_loss:3.4531 train_time:802592ms step_avg:478.87ms
step:1687/4578 train_loss:3.5933 train_time:803070ms step_avg:478.87ms
step:1688/4578 train_loss:3.4596 train_time:803561ms step_avg:478.88ms
step:1689/4578 train_loss:3.4479 train_time:804027ms step_avg:478.87ms
step:1690/4578 train_loss:3.5137 train_time:804506ms step_avg:478.87ms
step:1691/4578 train_loss:3.3795 train_time:804985ms step_avg:478.87ms
step:1692/4578 train_loss:3.5552 train_time:805463ms step_avg:478.87ms
step:1693/4578 train_loss:3.5034 train_time:805943ms step_avg:478.87ms
step:1694/4578 train_loss:3.4659 train_time:806412ms step_avg:478.87ms
step:1695/4578 train_loss:4.0305 train_time:806886ms step_avg:478.86ms
step:1696/4578 train_loss:3.7082 train_time:807364ms step_avg:478.86ms
step:1697/4578 train_loss:3.5591 train_time:807841ms step_avg:478.86ms
step:1698/4578 train_loss:3.4805 train_time:808321ms step_avg:478.86ms
step:1699/4578 train_loss:3.2864 train_time:808798ms step_avg:478.86ms
step:1700/4578 train_loss:3.5284 train_time:809278ms step_avg:478.86ms
step:1701/4578 train_loss:3.5652 train_time:809759ms step_avg:478.86ms
step:1702/4578 train_loss:3.5491 train_time:810231ms step_avg:478.86ms
step:1703/4578 train_loss:3.3509 train_time:810709ms step_avg:478.86ms
step:1704/4578 train_loss:3.8030 train_time:811187ms step_avg:478.86ms
step:1705/4578 train_loss:3.4699 train_time:811671ms step_avg:478.86ms
step:1706/4578 train_loss:4.0037 train_time:812140ms step_avg:478.86ms
step:1707/4578 train_loss:3.4368 train_time:812614ms step_avg:478.85ms
step:1708/4578 train_loss:3.3037 train_time:813104ms step_avg:478.86ms
step:1709/4578 train_loss:3.6573 train_time:813584ms step_avg:478.86ms
step:1710/4578 train_loss:3.4244 train_time:814564ms step_avg:479.16ms
step:1711/4578 train_loss:3.4372 train_time:815051ms step_avg:479.16ms
step:1712/4578 train_loss:3.4976 train_time:815517ms step_avg:479.15ms
step:1713/4578 train_loss:3.6318 train_time:815999ms step_avg:479.15ms
step:1714/4578 train_loss:3.7479 train_time:816473ms step_avg:479.15ms
step:1715/4578 train_loss:3.4316 train_time:816954ms step_avg:479.15ms
step:1716/4578 train_loss:3.5135 train_time:817429ms step_avg:479.15ms
step:1717/4578 train_loss:3.3837 train_time:817911ms step_avg:479.15ms
step:1718/4578 train_loss:3.4365 train_time:818385ms step_avg:479.15ms
step:1719/4578 train_loss:3.6870 train_time:818865ms step_avg:479.15ms
step:1720/4578 train_loss:3.4712 train_time:819338ms step_avg:479.15ms
step:1721/4578 train_loss:3.4658 train_time:819815ms step_avg:479.14ms
step:1722/4578 train_loss:3.3545 train_time:820285ms step_avg:479.14ms
step:1723/4578 train_loss:3.6517 train_time:820763ms step_avg:479.14ms
step:1724/4578 train_loss:3.4953 train_time:821241ms step_avg:479.14ms
step:1725/4578 train_loss:3.6569 train_time:821720ms step_avg:479.14ms
step:1726/4578 train_loss:3.6652 train_time:822197ms step_avg:479.14ms
step:1727/4578 train_loss:3.6112 train_time:822673ms step_avg:479.13ms
step:1728/4578 train_loss:3.5081 train_time:823157ms step_avg:479.14ms
step:1729/4578 train_loss:3.4603 train_time:823639ms step_avg:479.14ms
step:1730/4578 train_loss:3.5007 train_time:824112ms step_avg:479.13ms
step:1731/4578 train_loss:4.1695 train_time:824579ms step_avg:479.13ms
step:1732/4578 train_loss:3.6685 train_time:825060ms step_avg:479.13ms
step:1733/4578 train_loss:3.7675 train_time:825540ms step_avg:479.13ms
step:1734/4578 train_loss:3.3951 train_time:826014ms step_avg:479.13ms
step:1735/4578 train_loss:3.5518 train_time:826493ms step_avg:479.13ms
step:1736/4578 train_loss:3.5617 train_time:826974ms step_avg:479.13ms
step:1737/4578 train_loss:3.4433 train_time:827446ms step_avg:479.12ms
step:1738/4578 train_loss:3.5806 train_time:827918ms step_avg:479.12ms
step:1739/4578 train_loss:3.4721 train_time:828398ms step_avg:479.12ms
step:1740/4578 train_loss:3.5227 train_time:828876ms step_avg:479.12ms
step:1741/4578 train_loss:3.7551 train_time:829365ms step_avg:479.12ms
step:1742/4578 train_loss:3.3988 train_time:829837ms step_avg:479.12ms
step:1743/4578 train_loss:3.2856 train_time:830313ms step_avg:479.12ms
step:1744/4578 train_loss:3.0042 train_time:830782ms step_avg:479.11ms
step:1745/4578 train_loss:3.5453 train_time:831266ms step_avg:479.12ms
step:1746/4578 train_loss:3.5148 train_time:831741ms step_avg:479.11ms
step:1747/4578 train_loss:3.5025 train_time:832216ms step_avg:479.11ms
step:1748/4578 train_loss:3.4962 train_time:832691ms step_avg:479.11ms
step:1749/4578 train_loss:3.9731 train_time:833167ms step_avg:479.11ms
step:1750/4578 train_loss:3.5413 train_time:833651ms step_avg:479.11ms
step:1750/4578 val_loss:3.5282 train_time:833959ms step_avg:479.29ms
step:1751/4578 train_loss:3.4787 train_time:834121ms step_avg:479.10ms
step:1752/4578 train_loss:3.5006 train_time:834596ms step_avg:479.10ms
step:1753/4578 train_loss:3.4004 train_time:835084ms step_avg:479.11ms
step:1754/4578 train_loss:3.0767 train_time:835556ms step_avg:479.10ms
step:1755/4578 train_loss:3.3463 train_time:836035ms step_avg:479.10ms
step:1756/4578 train_loss:3.3035 train_time:836511ms step_avg:479.10ms
step:1757/4578 train_loss:3.4571 train_time:836996ms step_avg:479.10ms
step:1758/4578 train_loss:3.4499 train_time:837464ms step_avg:479.10ms
step:1759/4578 train_loss:3.4099 train_time:837945ms step_avg:479.10ms
step:1760/4578 train_loss:5.4179 train_time:838421ms step_avg:479.10ms
step:1761/4578 train_loss:3.5620 train_time:838897ms step_avg:479.10ms
step:1762/4578 train_loss:3.5917 train_time:839369ms step_avg:479.09ms
step:1763/4578 train_loss:3.5493 train_time:839851ms step_avg:479.09ms
step:1764/4578 train_loss:3.5395 train_time:840322ms step_avg:479.09ms
step:1765/4578 train_loss:3.4343 train_time:840805ms step_avg:479.09ms
step:1766/4578 train_loss:3.5624 train_time:841283ms step_avg:479.09ms
step:1767/4578 train_loss:3.6575 train_time:841768ms step_avg:479.09ms
step:1768/4578 train_loss:3.5993 train_time:842242ms step_avg:479.09ms
step:1769/4578 train_loss:3.5934 train_time:842708ms step_avg:479.08ms
step:1770/4578 train_loss:3.5408 train_time:843189ms step_avg:479.08ms
step:1771/4578 train_loss:4.2082 train_time:843662ms step_avg:479.08ms
step:1772/4578 train_loss:3.4529 train_time:844138ms step_avg:479.08ms
step:1773/4578 train_loss:3.4248 train_time:844617ms step_avg:479.08ms
step:1774/4578 train_loss:3.7681 train_time:845099ms step_avg:479.08ms
step:1775/4578 train_loss:3.2911 train_time:845572ms step_avg:479.08ms
step:1776/4578 train_loss:3.5923 train_time:846048ms step_avg:479.08ms
step:1777/4578 train_loss:3.4550 train_time:846523ms step_avg:479.07ms
step:1778/4578 train_loss:3.9056 train_time:847009ms step_avg:479.08ms
step:1779/4578 train_loss:3.6487 train_time:847482ms step_avg:479.07ms
step:1780/4578 train_loss:3.5121 train_time:847958ms step_avg:479.07ms
step:1781/4578 train_loss:3.6125 train_time:848431ms step_avg:479.07ms
step:1782/4578 train_loss:3.5314 train_time:848913ms step_avg:479.07ms
step:1783/4578 train_loss:3.3058 train_time:849386ms step_avg:479.07ms
step:1784/4578 train_loss:3.5755 train_time:849864ms step_avg:479.07ms
step:1785/4578 train_loss:3.6145 train_time:850349ms step_avg:479.07ms
step:1786/4578 train_loss:3.5396 train_time:850821ms step_avg:479.07ms
step:1787/4578 train_loss:3.6970 train_time:851300ms step_avg:479.07ms
step:1788/4578 train_loss:3.4623 train_time:851781ms step_avg:479.07ms
step:1789/4578 train_loss:3.5108 train_time:852250ms step_avg:479.06ms
step:1790/4578 train_loss:3.6211 train_time:852727ms step_avg:479.06ms
step:1791/4578 train_loss:3.5453 train_time:853208ms step_avg:479.06ms
step:1792/4578 train_loss:3.5396 train_time:853683ms step_avg:479.06ms
step:1793/4578 train_loss:3.4748 train_time:854153ms step_avg:479.05ms
step:1794/4578 train_loss:3.3664 train_time:854636ms step_avg:479.06ms
step:1795/4578 train_loss:3.4340 train_time:855116ms step_avg:479.06ms
step:1796/4578 train_loss:3.4111 train_time:855592ms step_avg:479.05ms
step:1797/4578 train_loss:3.6311 train_time:856067ms step_avg:479.05ms
step:1798/4578 train_loss:3.5432 train_time:856537ms step_avg:479.05ms
step:1799/4578 train_loss:3.4739 train_time:857013ms step_avg:479.05ms
step:1800/4578 train_loss:3.5456 train_time:857495ms step_avg:479.05ms
step:1801/4578 train_loss:3.5631 train_time:857973ms step_avg:479.05ms
step:1802/4578 train_loss:3.5360 train_time:858454ms step_avg:479.05ms
step:1803/4578 train_loss:3.4472 train_time:858937ms step_avg:479.05ms
step:1804/4578 train_loss:3.4364 train_time:859407ms step_avg:479.04ms
step:1805/4578 train_loss:3.6912 train_time:859887ms step_avg:479.05ms
step:1806/4578 train_loss:3.5464 train_time:860362ms step_avg:479.04ms
step:1807/4578 train_loss:3.6189 train_time:860837ms step_avg:479.04ms
step:1808/4578 train_loss:3.6371 train_time:861308ms step_avg:479.04ms
step:1809/4578 train_loss:3.4230 train_time:861784ms step_avg:479.04ms
step:1810/4578 train_loss:3.6115 train_time:862264ms step_avg:479.04ms
step:1811/4578 train_loss:3.6363 train_time:862740ms step_avg:479.03ms
step:1812/4578 train_loss:3.5341 train_time:863215ms step_avg:479.03ms
step:1813/4578 train_loss:3.4790 train_time:863702ms step_avg:479.04ms
step:1814/4578 train_loss:3.5017 train_time:864175ms step_avg:479.03ms
step:1815/4578 train_loss:3.5646 train_time:864663ms step_avg:479.04ms
step:1816/4578 train_loss:3.6308 train_time:865145ms step_avg:479.04ms
step:1817/4578 train_loss:3.4995 train_time:865621ms step_avg:479.04ms
step:1818/4578 train_loss:3.6769 train_time:866078ms step_avg:479.03ms
step:1819/4578 train_loss:3.4676 train_time:866560ms step_avg:479.03ms
step:1820/4578 train_loss:3.5353 train_time:867046ms step_avg:479.03ms
step:1821/4578 train_loss:3.4263 train_time:867517ms step_avg:479.03ms
step:1822/4578 train_loss:3.2576 train_time:867991ms step_avg:479.02ms
step:1823/4578 train_loss:3.2872 train_time:868468ms step_avg:479.02ms
step:1824/4578 train_loss:3.4588 train_time:868955ms step_avg:479.03ms
step:1825/4578 train_loss:3.5761 train_time:869424ms step_avg:479.02ms
step:1826/4578 train_loss:3.5189 train_time:869913ms step_avg:479.03ms
step:1827/4578 train_loss:3.5123 train_time:870398ms step_avg:479.03ms
step:1828/4578 train_loss:3.4936 train_time:870873ms step_avg:479.03ms
step:1829/4578 train_loss:3.4983 train_time:871349ms step_avg:479.03ms
step:1830/4578 train_loss:3.5915 train_time:871834ms step_avg:479.03ms
step:1831/4578 train_loss:3.2545 train_time:872306ms step_avg:479.03ms
step:1832/4578 train_loss:3.4971 train_time:872783ms step_avg:479.02ms
step:1833/4578 train_loss:3.4861 train_time:873262ms step_avg:479.02ms
step:1834/4578 train_loss:4.0453 train_time:873737ms step_avg:479.02ms
step:1835/4578 train_loss:3.5598 train_time:874215ms step_avg:479.02ms
step:1836/4578 train_loss:3.5329 train_time:874691ms step_avg:479.02ms
step:1837/4578 train_loss:3.8152 train_time:875170ms step_avg:479.02ms
step:1838/4578 train_loss:3.5186 train_time:875625ms step_avg:479.01ms
step:1839/4578 train_loss:3.3933 train_time:876104ms step_avg:479.01ms
step:1840/4578 train_loss:3.4790 train_time:876581ms step_avg:479.01ms
step:1841/4578 train_loss:3.4001 train_time:877057ms step_avg:479.00ms
step:1842/4578 train_loss:3.5130 train_time:877549ms step_avg:479.01ms
step:1843/4578 train_loss:3.5741 train_time:878028ms step_avg:479.01ms
step:1844/4578 train_loss:3.4918 train_time:878490ms step_avg:479.00ms
step:1845/4578 train_loss:3.5182 train_time:878968ms step_avg:479.00ms
step:1846/4578 train_loss:3.4768 train_time:879451ms step_avg:479.00ms
step:1847/4578 train_loss:3.5154 train_time:879927ms step_avg:479.00ms
step:1848/4578 train_loss:3.3870 train_time:880402ms step_avg:479.00ms
step:1849/4578 train_loss:3.7596 train_time:880883ms step_avg:479.00ms
step:1850/4578 train_loss:3.4110 train_time:881353ms step_avg:479.00ms
step:1851/4578 train_loss:3.5179 train_time:881828ms step_avg:478.99ms
step:1852/4578 train_loss:3.3576 train_time:882305ms step_avg:478.99ms
step:1853/4578 train_loss:3.5676 train_time:882784ms step_avg:478.99ms
step:1854/4578 train_loss:3.6031 train_time:883263ms step_avg:478.99ms
step:1855/4578 train_loss:3.5092 train_time:883740ms step_avg:478.99ms
step:1856/4578 train_loss:3.4755 train_time:884214ms step_avg:478.99ms
step:1857/4578 train_loss:3.5639 train_time:884693ms step_avg:478.99ms
step:1858/4578 train_loss:3.6172 train_time:885171ms step_avg:478.99ms
step:1859/4578 train_loss:3.4361 train_time:885646ms step_avg:478.99ms
step:1860/4578 train_loss:3.5133 train_time:886134ms step_avg:478.99ms
step:1861/4578 train_loss:3.4956 train_time:886603ms step_avg:478.99ms
step:1862/4578 train_loss:3.4773 train_time:887079ms step_avg:478.98ms
step:1863/4578 train_loss:3.4242 train_time:887563ms step_avg:478.99ms
step:1864/4578 train_loss:3.5358 train_time:888039ms step_avg:478.99ms
step:1865/4578 train_loss:3.6460 train_time:888514ms step_avg:478.98ms
step:1866/4578 train_loss:3.2868 train_time:888993ms step_avg:478.98ms
step:1867/4578 train_loss:3.4811 train_time:889472ms step_avg:478.98ms
step:1868/4578 train_loss:3.4367 train_time:889945ms step_avg:478.98ms
step:1869/4578 train_loss:3.2556 train_time:890429ms step_avg:478.98ms
step:1870/4578 train_loss:3.5627 train_time:890904ms step_avg:478.98ms
step:1871/4578 train_loss:3.5260 train_time:891380ms step_avg:478.98ms
step:1872/4578 train_loss:3.4699 train_time:891859ms step_avg:478.98ms
step:1873/4578 train_loss:3.5910 train_time:892337ms step_avg:478.98ms
step:1874/4578 train_loss:3.4062 train_time:892811ms step_avg:478.98ms
step:1875/4578 train_loss:3.6668 train_time:893291ms step_avg:478.98ms
step:1875/4578 val_loss:3.5134 train_time:893603ms step_avg:479.14ms
step:1876/4578 train_loss:3.4937 train_time:893773ms step_avg:478.98ms
step:1877/4578 train_loss:3.4626 train_time:894247ms step_avg:478.98ms
step:1878/4578 train_loss:3.6250 train_time:894724ms step_avg:478.97ms
step:1879/4578 train_loss:3.6237 train_time:895203ms step_avg:478.97ms
step:1880/4578 train_loss:3.4739 train_time:895678ms step_avg:478.97ms
step:1881/4578 train_loss:3.5035 train_time:896157ms step_avg:478.97ms
step:1882/4578 train_loss:3.4165 train_time:896634ms step_avg:478.97ms
step:1883/4578 train_loss:3.6529 train_time:897110ms step_avg:478.97ms
step:1884/4578 train_loss:3.4883 train_time:897585ms step_avg:478.97ms
step:1885/4578 train_loss:2.9954 train_time:898062ms step_avg:478.97ms
step:1886/4578 train_loss:3.8279 train_time:898542ms step_avg:478.97ms
step:1887/4578 train_loss:3.4396 train_time:899017ms step_avg:478.96ms
step:1888/4578 train_loss:3.3745 train_time:899490ms step_avg:478.96ms
step:1889/4578 train_loss:3.5258 train_time:899975ms step_avg:478.97ms
step:1890/4578 train_loss:3.5724 train_time:900443ms step_avg:478.96ms
step:1891/4578 train_loss:3.3404 train_time:901090ms step_avg:479.05ms
step:1892/4578 train_loss:3.7685 train_time:901566ms step_avg:479.05ms
step:1893/4578 train_loss:3.4128 train_time:902049ms step_avg:479.05ms
step:1894/4578 train_loss:3.4515 train_time:902526ms step_avg:479.05ms
step:1895/4578 train_loss:3.6111 train_time:903009ms step_avg:479.05ms
step:1896/4578 train_loss:3.3454 train_time:903472ms step_avg:479.04ms
step:1897/4578 train_loss:3.5217 train_time:903953ms step_avg:479.04ms
step:1898/4578 train_loss:3.5903 train_time:904434ms step_avg:479.04ms
step:1899/4578 train_loss:3.6124 train_time:904909ms step_avg:479.04ms
step:1900/4578 train_loss:3.4432 train_time:905859ms step_avg:479.29ms
step:1901/4578 train_loss:3.6232 train_time:906338ms step_avg:479.29ms
step:1902/4578 train_loss:3.4459 train_time:906813ms step_avg:479.29ms
step:1903/4578 train_loss:3.5476 train_time:907284ms step_avg:479.28ms
step:1904/4578 train_loss:3.4391 train_time:907774ms step_avg:479.29ms
step:1905/4578 train_loss:3.6647 train_time:908249ms step_avg:479.29ms
step:1906/4578 train_loss:3.5055 train_time:908720ms step_avg:479.28ms
step:1907/4578 train_loss:3.5383 train_time:909203ms step_avg:479.28ms
step:1908/4578 train_loss:3.5550 train_time:909680ms step_avg:479.28ms
step:1909/4578 train_loss:3.3433 train_time:910158ms step_avg:479.28ms
step:1910/4578 train_loss:3.5106 train_time:910629ms step_avg:479.28ms
step:1911/4578 train_loss:3.5695 train_time:911104ms step_avg:479.28ms
step:1912/4578 train_loss:3.4888 train_time:911578ms step_avg:479.27ms
step:1913/4578 train_loss:3.4467 train_time:912057ms step_avg:479.27ms
step:1914/4578 train_loss:3.0268 train_time:912534ms step_avg:479.27ms
step:1915/4578 train_loss:3.4040 train_time:913014ms step_avg:479.27ms
step:1916/4578 train_loss:3.6334 train_time:913491ms step_avg:479.27ms
step:1917/4578 train_loss:3.6740 train_time:913966ms step_avg:479.27ms
step:1918/4578 train_loss:3.5159 train_time:914441ms step_avg:479.27ms
step:1919/4578 train_loss:3.4953 train_time:914915ms step_avg:479.26ms
step:1920/4578 train_loss:3.7392 train_time:915398ms step_avg:479.27ms
step:1921/4578 train_loss:3.4393 train_time:915878ms step_avg:479.27ms
step:1922/4578 train_loss:3.5037 train_time:916356ms step_avg:479.27ms
step:1923/4578 train_loss:3.5370 train_time:916839ms step_avg:479.27ms
step:1924/4578 train_loss:3.5876 train_time:917311ms step_avg:479.26ms
step:1925/4578 train_loss:3.2210 train_time:917785ms step_avg:479.26ms
step:1926/4578 train_loss:3.4006 train_time:918258ms step_avg:479.26ms
step:1927/4578 train_loss:3.3601 train_time:918738ms step_avg:479.26ms
step:1928/4578 train_loss:3.4359 train_time:919212ms step_avg:479.26ms
step:1929/4578 train_loss:3.2258 train_time:919687ms step_avg:479.25ms
step:1930/4578 train_loss:3.4331 train_time:920168ms step_avg:479.25ms
step:1931/4578 train_loss:3.6897 train_time:920645ms step_avg:479.25ms
step:1932/4578 train_loss:3.5468 train_time:921124ms step_avg:479.25ms
step:1933/4578 train_loss:3.6358 train_time:921601ms step_avg:479.25ms
step:1934/4578 train_loss:3.4729 train_time:922077ms step_avg:479.25ms
step:1935/4578 train_loss:3.4621 train_time:922549ms step_avg:479.25ms
step:1936/4578 train_loss:3.5535 train_time:923019ms step_avg:479.24ms
step:1937/4578 train_loss:3.4796 train_time:923495ms step_avg:479.24ms
step:1938/4578 train_loss:3.5799 train_time:923977ms step_avg:479.24ms
step:1939/4578 train_loss:3.4420 train_time:924455ms step_avg:479.24ms
step:1940/4578 train_loss:3.6131 train_time:924933ms step_avg:479.24ms
step:1941/4578 train_loss:3.7616 train_time:925410ms step_avg:479.24ms
step:1942/4578 train_loss:3.5251 train_time:925886ms step_avg:479.24ms
step:1943/4578 train_loss:3.4658 train_time:926359ms step_avg:479.23ms
step:1944/4578 train_loss:3.6981 train_time:926842ms step_avg:479.24ms
step:1945/4578 train_loss:3.3610 train_time:927324ms step_avg:479.24ms
step:1946/4578 train_loss:3.5368 train_time:927802ms step_avg:479.24ms
step:1947/4578 train_loss:3.5136 train_time:928280ms step_avg:479.24ms
step:1948/4578 train_loss:3.4145 train_time:928759ms step_avg:479.24ms
step:1949/4578 train_loss:3.4442 train_time:929236ms step_avg:479.23ms
step:1950/4578 train_loss:3.3983 train_time:929710ms step_avg:479.23ms
step:1951/4578 train_loss:3.4333 train_time:930194ms step_avg:479.23ms
step:1952/4578 train_loss:3.4258 train_time:930663ms step_avg:479.23ms
step:1953/4578 train_loss:3.6511 train_time:931149ms step_avg:479.23ms
step:1954/4578 train_loss:3.6321 train_time:931621ms step_avg:479.23ms
step:1955/4578 train_loss:3.4842 train_time:932099ms step_avg:479.23ms
step:1956/4578 train_loss:3.3579 train_time:932569ms step_avg:479.22ms
step:1957/4578 train_loss:3.3138 train_time:933050ms step_avg:479.22ms
step:1958/4578 train_loss:3.7432 train_time:933530ms step_avg:479.23ms
step:1959/4578 train_loss:3.5138 train_time:934005ms step_avg:479.22ms
step:1960/4578 train_loss:3.6314 train_time:934481ms step_avg:479.22ms
step:1961/4578 train_loss:3.4045 train_time:934960ms step_avg:479.22ms
step:1962/4578 train_loss:3.5908 train_time:935441ms step_avg:479.22ms
step:1963/4578 train_loss:3.5925 train_time:935913ms step_avg:479.22ms
step:1964/4578 train_loss:3.5124 train_time:936398ms step_avg:479.22ms
step:1965/4578 train_loss:3.4394 train_time:936865ms step_avg:479.21ms
step:1966/4578 train_loss:3.7015 train_time:937345ms step_avg:479.22ms
step:1967/4578 train_loss:3.4266 train_time:937827ms step_avg:479.22ms
step:1968/4578 train_loss:3.4683 train_time:938302ms step_avg:479.21ms
step:1969/4578 train_loss:3.5368 train_time:938781ms step_avg:479.21ms
step:1970/4578 train_loss:3.3583 train_time:939257ms step_avg:479.21ms
step:1971/4578 train_loss:3.1264 train_time:939729ms step_avg:479.21ms
step:1972/4578 train_loss:3.2098 train_time:940206ms step_avg:479.21ms
step:1973/4578 train_loss:3.5047 train_time:940683ms step_avg:479.21ms
step:1974/4578 train_loss:3.4238 train_time:941163ms step_avg:479.21ms
step:1975/4578 train_loss:3.3164 train_time:941652ms step_avg:479.21ms
step:1976/4578 train_loss:3.5795 train_time:942123ms step_avg:479.21ms
step:1977/4578 train_loss:3.4351 train_time:942598ms step_avg:479.21ms
step:1978/4578 train_loss:4.0427 train_time:943079ms step_avg:479.21ms
step:1979/4578 train_loss:3.4688 train_time:943551ms step_avg:479.20ms
step:1980/4578 train_loss:3.4930 train_time:944022ms step_avg:479.20ms
step:1981/4578 train_loss:3.4961 train_time:944503ms step_avg:479.20ms
step:1982/4578 train_loss:3.5477 train_time:944981ms step_avg:479.20ms
step:1983/4578 train_loss:3.5123 train_time:945456ms step_avg:479.20ms
step:1984/4578 train_loss:3.3938 train_time:945928ms step_avg:479.19ms
step:1985/4578 train_loss:3.5834 train_time:946409ms step_avg:479.19ms
step:1986/4578 train_loss:3.6357 train_time:946886ms step_avg:479.19ms
step:1987/4578 train_loss:3.3935 train_time:947368ms step_avg:479.19ms
step:1988/4578 train_loss:3.4641 train_time:947840ms step_avg:479.19ms
step:1989/4578 train_loss:3.5348 train_time:948318ms step_avg:479.19ms
step:1990/4578 train_loss:3.6129 train_time:948792ms step_avg:479.19ms
step:1991/4578 train_loss:3.4012 train_time:949268ms step_avg:479.19ms
step:1992/4578 train_loss:3.3757 train_time:949745ms step_avg:479.19ms
step:1993/4578 train_loss:3.7221 train_time:950224ms step_avg:479.18ms
step:1994/4578 train_loss:3.4064 train_time:950706ms step_avg:479.19ms
step:1995/4578 train_loss:3.4514 train_time:951182ms step_avg:479.18ms
step:1996/4578 train_loss:3.5231 train_time:951658ms step_avg:479.18ms
step:1997/4578 train_loss:3.4427 train_time:952135ms step_avg:479.18ms
step:1998/4578 train_loss:3.4227 train_time:952617ms step_avg:479.18ms
step:1999/4578 train_loss:3.4135 train_time:953092ms step_avg:479.18ms
step:2000/4578 train_loss:3.4911 train_time:953565ms step_avg:479.18ms
step:2000/4578 val_loss:3.4996 train_time:953879ms step_avg:479.34ms
step:2001/4578 train_loss:3.6012 train_time:954045ms step_avg:479.18ms
step:2002/4578 train_loss:3.5151 train_time:954515ms step_avg:479.17ms
step:2003/4578 train_loss:3.8678 train_time:954995ms step_avg:479.17ms
step:2004/4578 train_loss:3.5724 train_time:955467ms step_avg:479.17ms
step:2005/4578 train_loss:3.4054 train_time:955948ms step_avg:479.17ms
step:2006/4578 train_loss:3.4688 train_time:956426ms step_avg:479.17ms
step:2007/4578 train_loss:3.3024 train_time:956900ms step_avg:479.17ms
step:2008/4578 train_loss:3.5923 train_time:957381ms step_avg:479.17ms
step:2009/4578 train_loss:3.5039 train_time:957853ms step_avg:479.17ms
step:2010/4578 train_loss:3.4814 train_time:958328ms step_avg:479.16ms
step:2011/4578 train_loss:3.5355 train_time:958803ms step_avg:479.16ms
step:2012/4578 train_loss:3.5735 train_time:959285ms step_avg:479.16ms
step:2013/4578 train_loss:3.4118 train_time:959761ms step_avg:479.16ms
step:2014/4578 train_loss:3.5080 train_time:960246ms step_avg:479.16ms
step:2015/4578 train_loss:3.4514 train_time:960721ms step_avg:479.16ms
step:2016/4578 train_loss:3.4380 train_time:961197ms step_avg:479.16ms
step:2017/4578 train_loss:3.7482 train_time:961671ms step_avg:479.16ms
step:2018/4578 train_loss:3.4192 train_time:962152ms step_avg:479.16ms
step:2019/4578 train_loss:3.7038 train_time:962629ms step_avg:479.16ms
step:2020/4578 train_loss:3.4625 train_time:963105ms step_avg:479.16ms
step:2021/4578 train_loss:3.1861 train_time:963582ms step_avg:479.16ms
step:2022/4578 train_loss:3.4620 train_time:964057ms step_avg:479.15ms
step:2023/4578 train_loss:3.4412 train_time:964538ms step_avg:479.15ms
step:2024/4578 train_loss:3.5236 train_time:965015ms step_avg:479.15ms
step:2025/4578 train_loss:3.6399 train_time:965491ms step_avg:479.15ms
step:2026/4578 train_loss:3.4532 train_time:965969ms step_avg:479.15ms
step:2027/4578 train_loss:2.9240 train_time:966452ms step_avg:479.15ms
step:2028/4578 train_loss:3.4077 train_time:966927ms step_avg:479.15ms
step:2029/4578 train_loss:3.5667 train_time:967402ms step_avg:479.15ms
step:2030/4578 train_loss:3.4468 train_time:967879ms step_avg:479.15ms
step:2031/4578 train_loss:3.5482 train_time:968357ms step_avg:479.15ms
step:2032/4578 train_loss:3.3278 train_time:968834ms step_avg:479.15ms
step:2033/4578 train_loss:3.5617 train_time:969311ms step_avg:479.15ms
step:2034/4578 train_loss:3.3719 train_time:969784ms step_avg:479.14ms
step:2035/4578 train_loss:3.5523 train_time:970262ms step_avg:479.14ms
step:2036/4578 train_loss:3.5709 train_time:970738ms step_avg:479.14ms
step:2037/4578 train_loss:3.5863 train_time:971217ms step_avg:479.14ms
step:2038/4578 train_loss:3.3757 train_time:971694ms step_avg:479.14ms
step:2039/4578 train_loss:3.7226 train_time:972171ms step_avg:479.14ms
step:2040/4578 train_loss:3.5429 train_time:972643ms step_avg:479.13ms
step:2041/4578 train_loss:3.6017 train_time:973122ms step_avg:479.13ms
step:2042/4578 train_loss:3.4096 train_time:973602ms step_avg:479.13ms
step:2043/4578 train_loss:3.4797 train_time:974079ms step_avg:479.13ms
step:2044/4578 train_loss:3.5576 train_time:974557ms step_avg:479.13ms
step:2045/4578 train_loss:3.5333 train_time:975030ms step_avg:479.13ms
step:2046/4578 train_loss:3.2735 train_time:975509ms step_avg:479.13ms
step:2047/4578 train_loss:3.3469 train_time:975988ms step_avg:479.13ms
step:2048/4578 train_loss:3.5071 train_time:976462ms step_avg:479.13ms
step:2049/4578 train_loss:3.4144 train_time:976943ms step_avg:479.13ms
step:2050/4578 train_loss:3.3439 train_time:977423ms step_avg:479.13ms
step:2051/4578 train_loss:3.6052 train_time:977897ms step_avg:479.13ms
step:2052/4578 train_loss:3.5355 train_time:978374ms step_avg:479.13ms
step:2053/4578 train_loss:3.4602 train_time:978852ms step_avg:479.12ms
step:2054/4578 train_loss:3.4736 train_time:979331ms step_avg:479.12ms
step:2055/4578 train_loss:3.5234 train_time:979813ms step_avg:479.13ms
step:2056/4578 train_loss:3.4367 train_time:980282ms step_avg:479.12ms
step:2057/4578 train_loss:3.7778 train_time:980762ms step_avg:479.12ms
step:2058/4578 train_loss:3.6961 train_time:981245ms step_avg:479.12ms
step:2059/4578 train_loss:3.4709 train_time:981715ms step_avg:479.12ms
step:2060/4578 train_loss:3.6028 train_time:982192ms step_avg:479.12ms
step:2061/4578 train_loss:3.5678 train_time:982669ms step_avg:479.12ms
step:2062/4578 train_loss:3.5686 train_time:983149ms step_avg:479.12ms
step:2063/4578 train_loss:3.5024 train_time:983627ms step_avg:479.12ms
step:2064/4578 train_loss:3.8045 train_time:984102ms step_avg:479.11ms
step:2065/4578 train_loss:3.5530 train_time:984587ms step_avg:479.12ms
step:2066/4578 train_loss:3.6149 train_time:985054ms step_avg:479.11ms
step:2067/4578 train_loss:3.4521 train_time:985529ms step_avg:479.11ms
step:2068/4578 train_loss:3.3885 train_time:986009ms step_avg:479.11ms
step:2069/4578 train_loss:3.4523 train_time:986492ms step_avg:479.11ms
step:2070/4578 train_loss:3.6986 train_time:986972ms step_avg:479.11ms
step:2071/4578 train_loss:3.6450 train_time:987441ms step_avg:479.11ms
step:2072/4578 train_loss:3.5506 train_time:987916ms step_avg:479.11ms
step:2073/4578 train_loss:3.5017 train_time:988393ms step_avg:479.10ms
step:2074/4578 train_loss:3.5253 train_time:988868ms step_avg:479.10ms
step:2075/4578 train_loss:3.5043 train_time:989347ms step_avg:479.10ms
step:2076/4578 train_loss:3.2481 train_time:989827ms step_avg:479.10ms
step:2077/4578 train_loss:3.6521 train_time:990297ms step_avg:479.10ms
step:2078/4578 train_loss:3.3320 train_time:990775ms step_avg:479.10ms
step:2079/4578 train_loss:3.3315 train_time:991257ms step_avg:479.10ms
step:2080/4578 train_loss:3.4151 train_time:991732ms step_avg:479.10ms
step:2081/4578 train_loss:3.4874 train_time:992207ms step_avg:479.10ms
step:2082/4578 train_loss:3.3571 train_time:992695ms step_avg:479.10ms
step:2083/4578 train_loss:3.5879 train_time:993167ms step_avg:479.10ms
step:2084/4578 train_loss:3.4025 train_time:993642ms step_avg:479.09ms
step:2085/4578 train_loss:3.3454 train_time:994121ms step_avg:479.09ms
step:2086/4578 train_loss:3.5287 train_time:994596ms step_avg:479.09ms
step:2087/4578 train_loss:3.5803 train_time:995075ms step_avg:479.09ms
step:2088/4578 train_loss:3.5020 train_time:995550ms step_avg:479.09ms
step:2089/4578 train_loss:3.7602 train_time:996028ms step_avg:479.09ms
step:2090/4578 train_loss:3.5892 train_time:996780ms step_avg:479.22ms
step:2091/4578 train_loss:3.6106 train_time:997254ms step_avg:479.22ms
step:2092/4578 train_loss:3.3840 train_time:997731ms step_avg:479.22ms
step:2093/4578 train_loss:3.5142 train_time:998211ms step_avg:479.22ms
step:2094/4578 train_loss:3.4644 train_time:998691ms step_avg:479.22ms
step:2095/4578 train_loss:3.0388 train_time:999163ms step_avg:479.21ms
step:2096/4578 train_loss:3.4322 train_time:999643ms step_avg:479.22ms
step:2097/4578 train_loss:3.6257 train_time:1000118ms step_avg:479.21ms
step:2098/4578 train_loss:3.4759 train_time:1000593ms step_avg:479.21ms
step:2099/4578 train_loss:3.2976 train_time:1001076ms step_avg:479.21ms
step:2100/4578 train_loss:3.4316 train_time:1001551ms step_avg:479.21ms
step:2101/4578 train_loss:3.4201 train_time:1002030ms step_avg:479.21ms
step:2102/4578 train_loss:3.6568 train_time:1002512ms step_avg:479.21ms
step:2103/4578 train_loss:3.3953 train_time:1002981ms step_avg:479.21ms
step:2104/4578 train_loss:3.4376 train_time:1003463ms step_avg:479.21ms
step:2105/4578 train_loss:3.7530 train_time:1003942ms step_avg:479.21ms
step:2106/4578 train_loss:3.2717 train_time:1004421ms step_avg:479.21ms
step:2107/4578 train_loss:3.8374 train_time:1004894ms step_avg:479.21ms
step:2108/4578 train_loss:3.3900 train_time:1005370ms step_avg:479.20ms
step:2109/4578 train_loss:3.5244 train_time:1005845ms step_avg:479.20ms
step:2110/4578 train_loss:3.6271 train_time:1006322ms step_avg:479.20ms
step:2111/4578 train_loss:3.3336 train_time:1006798ms step_avg:479.20ms
step:2112/4578 train_loss:3.6478 train_time:1007275ms step_avg:479.20ms
step:2113/4578 train_loss:3.5621 train_time:1007757ms step_avg:479.20ms
step:2114/4578 train_loss:3.5290 train_time:1008232ms step_avg:479.20ms
step:2115/4578 train_loss:3.4416 train_time:1008713ms step_avg:479.20ms
step:2116/4578 train_loss:3.5470 train_time:1009190ms step_avg:479.20ms
step:2117/4578 train_loss:3.4018 train_time:1009661ms step_avg:479.19ms
step:2118/4578 train_loss:3.5720 train_time:1010141ms step_avg:479.19ms
step:2119/4578 train_loss:3.4683 train_time:1010618ms step_avg:479.19ms
step:2120/4578 train_loss:3.4446 train_time:1011094ms step_avg:479.19ms
step:2121/4578 train_loss:3.3501 train_time:1011569ms step_avg:479.19ms
step:2122/4578 train_loss:3.5012 train_time:1012046ms step_avg:479.19ms
step:2123/4578 train_loss:3.5717 train_time:1012526ms step_avg:479.19ms
step:2124/4578 train_loss:3.4688 train_time:1013005ms step_avg:479.19ms
step:2125/4578 train_loss:3.4720 train_time:1013483ms step_avg:479.19ms
step:2125/4578 val_loss:3.4894 train_time:1013799ms step_avg:479.34ms
step:2126/4578 train_loss:3.3967 train_time:1013957ms step_avg:479.19ms
step:2127/4578 train_loss:3.6019 train_time:1014436ms step_avg:479.19ms
step:2128/4578 train_loss:3.5202 train_time:1014913ms step_avg:479.18ms
step:2129/4578 train_loss:3.5589 train_time:1015390ms step_avg:479.18ms
step:2130/4578 train_loss:3.4127 train_time:1015864ms step_avg:479.18ms
step:2131/4578 train_loss:3.3857 train_time:1016343ms step_avg:479.18ms
step:2132/4578 train_loss:3.6478 train_time:1016831ms step_avg:479.18ms
step:2133/4578 train_loss:3.5553 train_time:1017299ms step_avg:479.18ms
step:2134/4578 train_loss:3.3355 train_time:1017778ms step_avg:479.18ms
step:2135/4578 train_loss:3.5100 train_time:1018252ms step_avg:479.18ms
step:2136/4578 train_loss:3.4548 train_time:1018729ms step_avg:479.18ms
step:2137/4578 train_loss:3.6365 train_time:1019206ms step_avg:479.18ms
step:2138/4578 train_loss:3.3747 train_time:1019682ms step_avg:479.17ms
step:2139/4578 train_loss:3.4494 train_time:1020162ms step_avg:479.17ms
step:2140/4578 train_loss:3.5522 train_time:1020640ms step_avg:479.17ms
step:2141/4578 train_loss:3.7557 train_time:1021122ms step_avg:479.18ms
step:2142/4578 train_loss:4.2730 train_time:1021594ms step_avg:479.17ms
step:2143/4578 train_loss:3.4640 train_time:1022073ms step_avg:479.17ms
step:2144/4578 train_loss:3.2789 train_time:1022556ms step_avg:479.17ms
step:2145/4578 train_loss:3.5176 train_time:1023028ms step_avg:479.17ms
step:2146/4578 train_loss:3.6760 train_time:1023502ms step_avg:479.17ms
step:2147/4578 train_loss:3.5139 train_time:1023977ms step_avg:479.17ms
step:2148/4578 train_loss:3.4350 train_time:1024454ms step_avg:479.16ms
step:2149/4578 train_loss:3.4809 train_time:1024932ms step_avg:479.16ms
step:2150/4578 train_loss:3.3769 train_time:1025410ms step_avg:479.16ms
step:2151/4578 train_loss:3.4645 train_time:1025884ms step_avg:479.16ms
step:2152/4578 train_loss:3.5901 train_time:1026356ms step_avg:479.16ms
step:2153/4578 train_loss:3.4747 train_time:1026832ms step_avg:479.16ms
step:2154/4578 train_loss:3.4656 train_time:1027309ms step_avg:479.16ms
step:2155/4578 train_loss:3.4236 train_time:1027793ms step_avg:479.16ms
step:2156/4578 train_loss:3.3018 train_time:1028275ms step_avg:479.16ms
step:2157/4578 train_loss:3.4599 train_time:1028746ms step_avg:479.16ms
step:2158/4578 train_loss:3.5253 train_time:1029222ms step_avg:479.15ms
step:2159/4578 train_loss:3.5144 train_time:1029699ms step_avg:479.15ms
step:2160/4578 train_loss:3.6227 train_time:1030180ms step_avg:479.15ms
step:2161/4578 train_loss:3.5270 train_time:1030657ms step_avg:479.15ms
step:2162/4578 train_loss:3.4509 train_time:1031134ms step_avg:479.15ms
step:2163/4578 train_loss:3.4883 train_time:1031613ms step_avg:479.15ms
step:2164/4578 train_loss:3.5397 train_time:1032089ms step_avg:479.15ms
step:2165/4578 train_loss:3.4911 train_time:1032566ms step_avg:479.15ms
step:2166/4578 train_loss:3.5088 train_time:1033047ms step_avg:479.15ms
step:2167/4578 train_loss:3.4515 train_time:1033522ms step_avg:479.15ms
step:2168/4578 train_loss:3.3579 train_time:1033995ms step_avg:479.14ms
step:2169/4578 train_loss:3.3900 train_time:1034474ms step_avg:479.14ms
step:2170/4578 train_loss:3.4419 train_time:1034950ms step_avg:479.14ms
step:2171/4578 train_loss:3.6137 train_time:1035430ms step_avg:479.14ms
step:2172/4578 train_loss:3.5435 train_time:1035912ms step_avg:479.15ms
step:2173/4578 train_loss:3.3944 train_time:1036386ms step_avg:479.14ms
step:2174/4578 train_loss:3.4691 train_time:1036863ms step_avg:479.14ms
step:2175/4578 train_loss:3.3897 train_time:1037341ms step_avg:479.14ms
step:2176/4578 train_loss:3.4744 train_time:1037826ms step_avg:479.14ms
step:2177/4578 train_loss:3.3380 train_time:1038298ms step_avg:479.14ms
step:2178/4578 train_loss:3.6054 train_time:1038771ms step_avg:479.14ms
step:2179/4578 train_loss:3.4767 train_time:1039248ms step_avg:479.14ms
step:2180/4578 train_loss:3.3457 train_time:1039724ms step_avg:479.14ms
step:2181/4578 train_loss:3.6314 train_time:1040199ms step_avg:479.13ms
step:2182/4578 train_loss:3.4856 train_time:1040684ms step_avg:479.14ms
step:2183/4578 train_loss:3.4855 train_time:1041158ms step_avg:479.13ms
step:2184/4578 train_loss:3.3998 train_time:1041635ms step_avg:479.13ms
step:2185/4578 train_loss:3.3621 train_time:1042108ms step_avg:479.13ms
step:2186/4578 train_loss:3.4571 train_time:1042584ms step_avg:479.13ms
step:2187/4578 train_loss:3.3989 train_time:1043062ms step_avg:479.13ms
step:2188/4578 train_loss:3.3094 train_time:1043535ms step_avg:479.13ms
step:2189/4578 train_loss:3.4082 train_time:1044013ms step_avg:479.12ms
step:2190/4578 train_loss:3.3776 train_time:1044494ms step_avg:479.13ms
step:2191/4578 train_loss:3.5094 train_time:1044969ms step_avg:479.12ms
step:2192/4578 train_loss:3.4808 train_time:1045444ms step_avg:479.12ms
step:2193/4578 train_loss:3.8131 train_time:1045920ms step_avg:479.12ms
step:2194/4578 train_loss:3.4703 train_time:1046402ms step_avg:479.12ms
step:2195/4578 train_loss:3.5832 train_time:1046877ms step_avg:479.12ms
step:2196/4578 train_loss:3.6260 train_time:1047356ms step_avg:479.12ms
step:2197/4578 train_loss:3.4000 train_time:1047830ms step_avg:479.12ms
step:2198/4578 train_loss:3.5272 train_time:1048310ms step_avg:479.12ms
step:2199/4578 train_loss:3.3887 train_time:1048787ms step_avg:479.12ms
step:2200/4578 train_loss:3.3698 train_time:1049256ms step_avg:479.11ms
step:2201/4578 train_loss:3.4684 train_time:1049734ms step_avg:479.11ms
step:2202/4578 train_loss:3.4381 train_time:1050211ms step_avg:479.11ms
step:2203/4578 train_loss:3.4713 train_time:1050689ms step_avg:479.11ms
step:2204/4578 train_loss:4.3746 train_time:1051166ms step_avg:479.11ms
step:2205/4578 train_loss:3.5394 train_time:1051642ms step_avg:479.11ms
step:2206/4578 train_loss:3.3971 train_time:1052122ms step_avg:479.11ms
step:2207/4578 train_loss:3.4392 train_time:1052597ms step_avg:479.11ms
step:2208/4578 train_loss:3.5835 train_time:1053074ms step_avg:479.11ms
step:2209/4578 train_loss:3.3044 train_time:1053559ms step_avg:479.11ms
step:2210/4578 train_loss:3.4455 train_time:1054035ms step_avg:479.11ms
step:2211/4578 train_loss:3.4181 train_time:1054504ms step_avg:479.10ms
step:2212/4578 train_loss:3.5079 train_time:1054981ms step_avg:479.10ms
step:2213/4578 train_loss:3.5191 train_time:1055456ms step_avg:479.10ms
step:2214/4578 train_loss:3.4229 train_time:1055931ms step_avg:479.10ms
step:2215/4578 train_loss:3.5003 train_time:1056407ms step_avg:479.10ms
step:2216/4578 train_loss:3.6701 train_time:1056884ms step_avg:479.10ms
step:2217/4578 train_loss:3.4970 train_time:1057361ms step_avg:479.09ms
step:2218/4578 train_loss:3.3426 train_time:1057836ms step_avg:479.09ms
step:2219/4578 train_loss:3.4449 train_time:1058317ms step_avg:479.09ms
step:2220/4578 train_loss:3.3068 train_time:1058796ms step_avg:479.09ms
step:2221/4578 train_loss:3.7263 train_time:1059270ms step_avg:479.09ms
step:2222/4578 train_loss:3.5986 train_time:1059744ms step_avg:479.09ms
step:2223/4578 train_loss:3.7807 train_time:1060222ms step_avg:479.09ms
step:2224/4578 train_loss:3.3672 train_time:1060699ms step_avg:479.09ms
step:2225/4578 train_loss:3.4478 train_time:1061176ms step_avg:479.09ms
step:2226/4578 train_loss:3.3451 train_time:1061654ms step_avg:479.09ms
step:2227/4578 train_loss:3.6960 train_time:1062140ms step_avg:479.09ms
step:2228/4578 train_loss:3.6455 train_time:1062614ms step_avg:479.09ms
step:2229/4578 train_loss:3.2610 train_time:1063089ms step_avg:479.08ms
step:2230/4578 train_loss:3.7318 train_time:1063573ms step_avg:479.09ms
step:2231/4578 train_loss:3.4266 train_time:1064046ms step_avg:479.08ms
step:2232/4578 train_loss:3.4170 train_time:1064519ms step_avg:479.08ms
step:2233/4578 train_loss:3.5621 train_time:1064997ms step_avg:479.08ms
step:2234/4578 train_loss:3.6669 train_time:1065471ms step_avg:479.08ms
step:2235/4578 train_loss:3.5019 train_time:1065950ms step_avg:479.08ms
step:2236/4578 train_loss:3.3967 train_time:1066436ms step_avg:479.08ms
step:2237/4578 train_loss:3.2022 train_time:1066914ms step_avg:479.08ms
step:2238/4578 train_loss:3.4801 train_time:1067389ms step_avg:479.08ms
step:2239/4578 train_loss:3.5043 train_time:1067868ms step_avg:479.08ms
step:2240/4578 train_loss:3.2974 train_time:1068343ms step_avg:479.08ms
step:2241/4578 train_loss:3.3883 train_time:1068818ms step_avg:479.08ms
step:2242/4578 train_loss:3.4519 train_time:1069305ms step_avg:479.08ms
step:2243/4578 train_loss:3.5059 train_time:1069771ms step_avg:479.07ms
step:2244/4578 train_loss:3.2917 train_time:1070259ms step_avg:479.08ms
step:2245/4578 train_loss:3.5605 train_time:1070725ms step_avg:479.07ms
step:2246/4578 train_loss:3.5534 train_time:1071205ms step_avg:479.07ms
step:2247/4578 train_loss:3.2312 train_time:1071681ms step_avg:479.07ms
step:2248/4578 train_loss:3.2736 train_time:1072155ms step_avg:479.07ms
step:2249/4578 train_loss:3.6133 train_time:1072635ms step_avg:479.07ms
step:2250/4578 train_loss:3.5403 train_time:1073113ms step_avg:479.07ms
step:2250/4578 val_loss:3.4788 train_time:1073426ms step_avg:479.21ms
step:2251/4578 train_loss:3.4046 train_time:1073588ms step_avg:479.07ms
step:2252/4578 train_loss:3.4167 train_time:1074064ms step_avg:479.07ms
step:2253/4578 train_loss:3.4740 train_time:1074542ms step_avg:479.06ms
step:2254/4578 train_loss:3.5016 train_time:1075021ms step_avg:479.06ms
step:2255/4578 train_loss:3.5607 train_time:1075500ms step_avg:479.06ms
step:2256/4578 train_loss:3.4242 train_time:1075972ms step_avg:479.06ms
step:2257/4578 train_loss:3.6049 train_time:1076450ms step_avg:479.06ms
step:2258/4578 train_loss:3.4813 train_time:1076927ms step_avg:479.06ms
step:2259/4578 train_loss:4.2834 train_time:1077399ms step_avg:479.06ms
step:2260/4578 train_loss:3.4398 train_time:1077885ms step_avg:479.06ms
step:2261/4578 train_loss:3.4992 train_time:1078359ms step_avg:479.06ms
step:2262/4578 train_loss:3.4858 train_time:1078838ms step_avg:479.06ms
step:2263/4578 train_loss:3.3552 train_time:1079315ms step_avg:479.06ms
step:2264/4578 train_loss:3.5057 train_time:1079790ms step_avg:479.06ms
step:2265/4578 train_loss:3.3400 train_time:1080267ms step_avg:479.05ms
step:2266/4578 train_loss:3.6736 train_time:1080761ms step_avg:479.06ms
step:2267/4578 train_loss:3.2661 train_time:1081243ms step_avg:479.06ms
step:2268/4578 train_loss:3.3658 train_time:1081718ms step_avg:479.06ms
step:2269/4578 train_loss:3.2880 train_time:1082176ms step_avg:479.05ms
step:2270/4578 train_loss:3.4280 train_time:1082663ms step_avg:479.05ms
step:2271/4578 train_loss:3.9504 train_time:1083130ms step_avg:479.05ms
step:2272/4578 train_loss:3.5458 train_time:1083611ms step_avg:479.05ms
step:2273/4578 train_loss:3.5452 train_time:1084089ms step_avg:479.05ms
step:2274/4578 train_loss:3.4489 train_time:1084572ms step_avg:479.05ms
step:2275/4578 train_loss:3.3878 train_time:1085041ms step_avg:479.05ms
step:2276/4578 train_loss:3.4147 train_time:1085517ms step_avg:479.05ms
step:2277/4578 train_loss:3.2802 train_time:1085998ms step_avg:479.05ms
step:2278/4578 train_loss:3.3553 train_time:1086477ms step_avg:479.05ms
step:2279/4578 train_loss:3.7788 train_time:1086948ms step_avg:479.04ms
step:2280/4578 train_loss:3.3397 train_time:1087724ms step_avg:479.17ms
step:2281/4578 train_loss:3.5103 train_time:1088207ms step_avg:479.18ms
step:2282/4578 train_loss:3.3310 train_time:1088683ms step_avg:479.17ms
step:2283/4578 train_loss:3.4624 train_time:1089157ms step_avg:479.17ms
step:2284/4578 train_loss:3.3701 train_time:1089633ms step_avg:479.17ms
step:2285/4578 train_loss:3.5141 train_time:1090108ms step_avg:479.17ms
step:2286/4578 train_loss:3.4974 train_time:1090580ms step_avg:479.17ms
step:2287/4578 train_loss:3.3099 train_time:1091059ms step_avg:479.17ms
step:2288/4578 train_loss:3.5131 train_time:1091546ms step_avg:479.17ms
step:2289/4578 train_loss:3.5129 train_time:1092018ms step_avg:479.17ms
step:2290/4578 train_loss:3.7034 train_time:1092496ms step_avg:479.16ms
step:2291/4578 train_loss:3.3216 train_time:1092974ms step_avg:479.16ms
step:2292/4578 train_loss:4.1169 train_time:1093447ms step_avg:479.16ms
step:2293/4578 train_loss:3.4280 train_time:1093919ms step_avg:479.16ms
step:2294/4578 train_loss:3.3532 train_time:1094401ms step_avg:479.16ms
step:2295/4578 train_loss:3.5242 train_time:1094884ms step_avg:479.16ms
step:2296/4578 train_loss:3.4425 train_time:1095357ms step_avg:479.16ms
step:2297/4578 train_loss:3.4930 train_time:1095839ms step_avg:479.16ms
step:2298/4578 train_loss:3.9176 train_time:1096324ms step_avg:479.16ms
step:2299/4578 train_loss:3.5147 train_time:1096802ms step_avg:479.16ms
step:2300/4578 train_loss:3.2793 train_time:1097283ms step_avg:479.16ms
step:2301/4578 train_loss:3.7080 train_time:1097764ms step_avg:479.16ms
step:2302/4578 train_loss:3.3318 train_time:1098236ms step_avg:479.16ms
step:2303/4578 train_loss:3.4873 train_time:1098709ms step_avg:479.16ms
step:2304/4578 train_loss:3.4404 train_time:1099184ms step_avg:479.16ms
step:2305/4578 train_loss:3.3777 train_time:1099660ms step_avg:479.15ms
step:2306/4578 train_loss:3.6995 train_time:1100127ms step_avg:479.15ms
step:2307/4578 train_loss:3.3010 train_time:1100603ms step_avg:479.15ms
step:2308/4578 train_loss:3.5193 train_time:1101081ms step_avg:479.15ms
step:2309/4578 train_loss:3.4910 train_time:1101559ms step_avg:479.15ms
step:2310/4578 train_loss:3.6108 train_time:1102036ms step_avg:479.15ms
step:2311/4578 train_loss:3.3110 train_time:1102513ms step_avg:479.15ms
step:2312/4578 train_loss:3.5123 train_time:1102988ms step_avg:479.14ms
step:2313/4578 train_loss:3.5611 train_time:1103468ms step_avg:479.14ms
step:2314/4578 train_loss:3.5111 train_time:1103951ms step_avg:479.15ms
step:2315/4578 train_loss:3.3799 train_time:1104422ms step_avg:479.14ms
step:2316/4578 train_loss:3.4732 train_time:1104901ms step_avg:479.14ms
step:2317/4578 train_loss:3.3118 train_time:1105388ms step_avg:479.15ms
step:2318/4578 train_loss:3.5020 train_time:1105857ms step_avg:479.14ms
step:2319/4578 train_loss:3.4447 train_time:1106333ms step_avg:479.14ms
step:2320/4578 train_loss:3.1304 train_time:1106811ms step_avg:479.14ms
step:2321/4578 train_loss:3.4117 train_time:1107290ms step_avg:479.14ms
step:2322/4578 train_loss:3.5561 train_time:1107761ms step_avg:479.14ms
step:2323/4578 train_loss:3.4586 train_time:1108242ms step_avg:479.14ms
step:2324/4578 train_loss:3.4950 train_time:1108723ms step_avg:479.14ms
step:2325/4578 train_loss:3.5147 train_time:1109198ms step_avg:479.14ms
step:2326/4578 train_loss:3.5965 train_time:1109673ms step_avg:479.13ms
step:2327/4578 train_loss:3.5902 train_time:1110149ms step_avg:479.13ms
step:2328/4578 train_loss:3.3034 train_time:1110625ms step_avg:479.13ms
step:2329/4578 train_loss:3.4119 train_time:1111101ms step_avg:479.13ms
step:2330/4578 train_loss:3.3979 train_time:1111574ms step_avg:479.13ms
step:2331/4578 train_loss:3.3547 train_time:1112045ms step_avg:479.12ms
step:2332/4578 train_loss:3.1462 train_time:1112525ms step_avg:479.12ms
step:2333/4578 train_loss:3.4577 train_time:1113008ms step_avg:479.13ms
step:2334/4578 train_loss:3.4416 train_time:1113492ms step_avg:479.13ms
step:2335/4578 train_loss:3.5423 train_time:1113960ms step_avg:479.12ms
step:2336/4578 train_loss:3.3354 train_time:1114437ms step_avg:479.12ms
step:2337/4578 train_loss:3.4910 train_time:1114917ms step_avg:479.12ms
step:2338/4578 train_loss:3.4472 train_time:1115391ms step_avg:479.12ms
step:2339/4578 train_loss:3.3709 train_time:1115869ms step_avg:479.12ms
step:2340/4578 train_loss:3.5933 train_time:1116350ms step_avg:479.12ms
step:2341/4578 train_loss:3.4782 train_time:1116822ms step_avg:479.12ms
step:2342/4578 train_loss:3.4280 train_time:1117299ms step_avg:479.12ms
step:2343/4578 train_loss:3.4428 train_time:1117776ms step_avg:479.12ms
step:2344/4578 train_loss:3.5282 train_time:1118252ms step_avg:479.11ms
step:2345/4578 train_loss:3.4460 train_time:1118731ms step_avg:479.11ms
step:2346/4578 train_loss:3.5083 train_time:1119208ms step_avg:479.11ms
step:2347/4578 train_loss:3.5157 train_time:1119683ms step_avg:479.11ms
step:2348/4578 train_loss:3.4720 train_time:1120161ms step_avg:479.11ms
step:2349/4578 train_loss:3.5089 train_time:1120641ms step_avg:479.11ms
step:2350/4578 train_loss:3.3165 train_time:1121117ms step_avg:479.11ms
step:2351/4578 train_loss:3.2916 train_time:1121594ms step_avg:479.11ms
step:2352/4578 train_loss:3.4273 train_time:1122073ms step_avg:479.11ms
step:2353/4578 train_loss:3.4592 train_time:1122551ms step_avg:479.11ms
step:2354/4578 train_loss:3.5466 train_time:1123028ms step_avg:479.11ms
step:2355/4578 train_loss:3.4346 train_time:1123501ms step_avg:479.11ms
step:2356/4578 train_loss:3.2854 train_time:1123982ms step_avg:479.11ms
step:2357/4578 train_loss:3.5928 train_time:1124471ms step_avg:479.11ms
step:2358/4578 train_loss:3.2881 train_time:1124947ms step_avg:479.11ms
step:2359/4578 train_loss:3.3756 train_time:1125424ms step_avg:479.11ms
step:2360/4578 train_loss:3.3128 train_time:1125885ms step_avg:479.10ms
step:2361/4578 train_loss:3.3063 train_time:1126365ms step_avg:479.10ms
step:2362/4578 train_loss:3.4293 train_time:1126842ms step_avg:479.10ms
step:2363/4578 train_loss:3.2930 train_time:1127320ms step_avg:479.10ms
step:2364/4578 train_loss:3.4628 train_time:1127796ms step_avg:479.10ms
step:2365/4578 train_loss:3.4006 train_time:1128272ms step_avg:479.10ms
step:2366/4578 train_loss:3.4741 train_time:1128746ms step_avg:479.09ms
step:2367/4578 train_loss:3.5462 train_time:1129229ms step_avg:479.10ms
step:2368/4578 train_loss:3.4504 train_time:1129700ms step_avg:479.09ms
step:2369/4578 train_loss:3.4738 train_time:1130177ms step_avg:479.09ms
step:2370/4578 train_loss:3.5705 train_time:1130656ms step_avg:479.09ms
step:2371/4578 train_loss:3.3723 train_time:1131132ms step_avg:479.09ms
step:2372/4578 train_loss:3.6141 train_time:1131612ms step_avg:479.09ms
step:2373/4578 train_loss:3.4347 train_time:1132085ms step_avg:479.09ms
step:2374/4578 train_loss:4.1290 train_time:1132561ms step_avg:479.09ms
step:2375/4578 train_loss:3.4033 train_time:1133043ms step_avg:479.09ms
step:2375/4578 val_loss:3.4696 train_time:1133357ms step_avg:479.22ms
step:2376/4578 train_loss:3.3511 train_time:1133520ms step_avg:479.09ms
step:2377/4578 train_loss:3.6695 train_time:1133993ms step_avg:479.08ms
step:2378/4578 train_loss:3.5694 train_time:1134468ms step_avg:479.08ms
step:2379/4578 train_loss:3.5907 train_time:1134953ms step_avg:479.09ms
step:2380/4578 train_loss:3.5033 train_time:1135427ms step_avg:479.08ms
step:2381/4578 train_loss:3.3737 train_time:1135909ms step_avg:479.08ms
step:2382/4578 train_loss:3.5278 train_time:1136386ms step_avg:479.08ms
step:2383/4578 train_loss:3.5524 train_time:1136861ms step_avg:479.08ms
step:2384/4578 train_loss:3.4073 train_time:1137335ms step_avg:479.08ms
step:2385/4578 train_loss:3.3463 train_time:1137826ms step_avg:479.08ms
step:2386/4578 train_loss:3.5213 train_time:1138294ms step_avg:479.08ms
step:2387/4578 train_loss:3.5312 train_time:1138767ms step_avg:479.08ms
step:2388/4578 train_loss:3.5883 train_time:1139254ms step_avg:479.08ms
step:2389/4578 train_loss:3.4929 train_time:1139723ms step_avg:479.08ms
step:2390/4578 train_loss:3.5703 train_time:1140193ms step_avg:479.07ms
step:2391/4578 train_loss:3.3833 train_time:1140672ms step_avg:479.07ms
step:2392/4578 train_loss:3.3579 train_time:1141150ms step_avg:479.07ms
step:2393/4578 train_loss:3.6109 train_time:1141631ms step_avg:479.07ms
step:2394/4578 train_loss:3.3677 train_time:1142110ms step_avg:479.07ms
step:2395/4578 train_loss:3.5823 train_time:1142586ms step_avg:479.07ms
step:2396/4578 train_loss:3.6375 train_time:1143064ms step_avg:479.07ms
step:2397/4578 train_loss:3.7996 train_time:1143542ms step_avg:479.07ms
step:2398/4578 train_loss:3.7342 train_time:1144017ms step_avg:479.07ms
step:2399/4578 train_loss:3.5205 train_time:1144493ms step_avg:479.07ms
step:2400/4578 train_loss:3.3553 train_time:1144974ms step_avg:479.07ms
step:2401/4578 train_loss:3.3960 train_time:1145449ms step_avg:479.07ms
step:2402/4578 train_loss:3.5751 train_time:1145923ms step_avg:479.06ms
step:2403/4578 train_loss:3.3652 train_time:1146404ms step_avg:479.07ms
step:2404/4578 train_loss:3.4460 train_time:1146880ms step_avg:479.06ms
step:2405/4578 train_loss:3.7539 train_time:1147357ms step_avg:479.06ms
step:2406/4578 train_loss:3.4105 train_time:1147840ms step_avg:479.06ms
step:2407/4578 train_loss:3.5559 train_time:1148315ms step_avg:479.06ms
step:2408/4578 train_loss:3.4400 train_time:1148793ms step_avg:479.06ms
step:2409/4578 train_loss:3.4786 train_time:1149271ms step_avg:479.06ms
step:2410/4578 train_loss:3.5574 train_time:1149744ms step_avg:479.06ms
step:2411/4578 train_loss:3.4009 train_time:1150228ms step_avg:479.06ms
step:2412/4578 train_loss:3.5902 train_time:1150696ms step_avg:479.06ms
step:2413/4578 train_loss:3.5634 train_time:1151174ms step_avg:479.06ms
step:2414/4578 train_loss:3.4193 train_time:1151653ms step_avg:479.06ms
step:2415/4578 train_loss:3.4076 train_time:1152128ms step_avg:479.06ms
step:2416/4578 train_loss:3.5474 train_time:1152601ms step_avg:479.05ms
step:2417/4578 train_loss:3.3707 train_time:1153074ms step_avg:479.05ms
step:2418/4578 train_loss:3.2911 train_time:1153561ms step_avg:479.05ms
step:2419/4578 train_loss:3.6302 train_time:1154035ms step_avg:479.05ms
step:2420/4578 train_loss:3.4559 train_time:1154510ms step_avg:479.05ms
step:2421/4578 train_loss:3.4546 train_time:1154993ms step_avg:479.05ms
step:2422/4578 train_loss:3.4795 train_time:1155467ms step_avg:479.05ms
step:2423/4578 train_loss:3.6660 train_time:1155944ms step_avg:479.05ms
step:2424/4578 train_loss:3.4812 train_time:1156420ms step_avg:479.05ms
step:2425/4578 train_loss:3.7054 train_time:1156896ms step_avg:479.05ms
step:2426/4578 train_loss:3.5865 train_time:1157373ms step_avg:479.05ms
step:2427/4578 train_loss:3.4725 train_time:1157855ms step_avg:479.05ms
step:2428/4578 train_loss:3.4844 train_time:1158325ms step_avg:479.04ms
step:2429/4578 train_loss:3.4724 train_time:1158807ms step_avg:479.04ms
step:2430/4578 train_loss:3.4885 train_time:1159280ms step_avg:479.04ms
step:2431/4578 train_loss:3.4602 train_time:1159766ms step_avg:479.04ms
step:2432/4578 train_loss:3.4623 train_time:1160239ms step_avg:479.04ms
step:2433/4578 train_loss:3.5023 train_time:1160712ms step_avg:479.04ms
step:2434/4578 train_loss:3.3346 train_time:1161186ms step_avg:479.04ms
step:2435/4578 train_loss:3.2980 train_time:1161668ms step_avg:479.04ms
step:2436/4578 train_loss:3.5103 train_time:1162146ms step_avg:479.04ms
step:2437/4578 train_loss:3.2731 train_time:1162626ms step_avg:479.04ms
step:2438/4578 train_loss:3.4422 train_time:1163109ms step_avg:479.04ms
step:2439/4578 train_loss:3.5419 train_time:1163581ms step_avg:479.04ms
step:2440/4578 train_loss:3.5624 train_time:1164053ms step_avg:479.03ms
step:2441/4578 train_loss:3.4493 train_time:1164542ms step_avg:479.04ms
step:2442/4578 train_loss:3.4206 train_time:1165008ms step_avg:479.03ms
step:2443/4578 train_loss:3.5626 train_time:1165485ms step_avg:479.03ms
step:2444/4578 train_loss:3.3381 train_time:1165963ms step_avg:479.03ms
step:2445/4578 train_loss:3.4411 train_time:1166441ms step_avg:479.03ms
step:2446/4578 train_loss:3.4452 train_time:1166920ms step_avg:479.03ms
step:2447/4578 train_loss:3.4362 train_time:1167393ms step_avg:479.03ms
step:2448/4578 train_loss:3.4379 train_time:1167872ms step_avg:479.03ms
step:2449/4578 train_loss:3.7490 train_time:1168352ms step_avg:479.03ms
step:2450/4578 train_loss:3.4976 train_time:1168823ms step_avg:479.03ms
step:2451/4578 train_loss:3.4065 train_time:1169301ms step_avg:479.03ms
step:2452/4578 train_loss:3.3599 train_time:1169775ms step_avg:479.02ms
step:2453/4578 train_loss:3.7472 train_time:1170256ms step_avg:479.02ms
step:2454/4578 train_loss:3.4107 train_time:1170733ms step_avg:479.02ms
step:2455/4578 train_loss:3.5829 train_time:1171208ms step_avg:479.02ms
step:2456/4578 train_loss:3.5366 train_time:1171690ms step_avg:479.02ms
step:2457/4578 train_loss:3.4642 train_time:1172168ms step_avg:479.02ms
step:2458/4578 train_loss:3.2600 train_time:1172637ms step_avg:479.02ms
step:2459/4578 train_loss:3.4460 train_time:1173121ms step_avg:479.02ms
step:2460/4578 train_loss:3.4266 train_time:1173592ms step_avg:479.02ms
step:2461/4578 train_loss:3.5378 train_time:1174073ms step_avg:479.02ms
step:2462/4578 train_loss:3.3452 train_time:1174544ms step_avg:479.01ms
step:2463/4578 train_loss:3.6847 train_time:1175022ms step_avg:479.01ms
step:2464/4578 train_loss:3.4751 train_time:1175499ms step_avg:479.01ms
step:2465/4578 train_loss:3.5803 train_time:1175976ms step_avg:479.01ms
step:2466/4578 train_loss:3.6537 train_time:1176451ms step_avg:479.01ms
step:2467/4578 train_loss:3.4569 train_time:1176927ms step_avg:479.01ms
step:2468/4578 train_loss:3.3966 train_time:1177404ms step_avg:479.01ms
step:2469/4578 train_loss:3.4657 train_time:1177881ms step_avg:479.01ms
step:2470/4578 train_loss:3.4861 train_time:1179116ms step_avg:479.32ms
step:2471/4578 train_loss:3.4591 train_time:1179591ms step_avg:479.31ms
step:2472/4578 train_loss:3.4371 train_time:1180068ms step_avg:479.31ms
step:2473/4578 train_loss:3.4927 train_time:1180544ms step_avg:479.31ms
step:2474/4578 train_loss:3.5749 train_time:1181025ms step_avg:479.31ms
step:2475/4578 train_loss:3.9985 train_time:1181503ms step_avg:479.31ms
step:2476/4578 train_loss:3.3670 train_time:1181976ms step_avg:479.31ms
step:2477/4578 train_loss:3.6791 train_time:1182456ms step_avg:479.31ms
step:2478/4578 train_loss:3.6311 train_time:1182937ms step_avg:479.31ms
step:2479/4578 train_loss:3.3244 train_time:1183411ms step_avg:479.31ms
step:2480/4578 train_loss:3.2857 train_time:1183887ms step_avg:479.31ms
step:2481/4578 train_loss:3.5069 train_time:1184362ms step_avg:479.30ms
step:2482/4578 train_loss:3.4489 train_time:1184835ms step_avg:479.30ms
step:2483/4578 train_loss:3.3579 train_time:1185317ms step_avg:479.30ms
step:2484/4578 train_loss:3.4393 train_time:1185794ms step_avg:479.30ms
step:2485/4578 train_loss:3.5065 train_time:1186273ms step_avg:479.30ms
step:2486/4578 train_loss:3.1965 train_time:1186744ms step_avg:479.30ms
step:2487/4578 train_loss:3.5488 train_time:1187228ms step_avg:479.30ms
step:2488/4578 train_loss:3.3575 train_time:1187699ms step_avg:479.30ms
step:2489/4578 train_loss:3.3420 train_time:1188175ms step_avg:479.30ms
step:2490/4578 train_loss:3.4985 train_time:1188654ms step_avg:479.30ms
step:2491/4578 train_loss:3.5397 train_time:1189133ms step_avg:479.30ms
step:2492/4578 train_loss:3.7741 train_time:1189611ms step_avg:479.30ms
step:2493/4578 train_loss:3.4858 train_time:1190082ms step_avg:479.29ms
step:2494/4578 train_loss:3.3416 train_time:1190567ms step_avg:479.29ms
step:2495/4578 train_loss:3.6002 train_time:1191036ms step_avg:479.29ms
step:2496/4578 train_loss:3.6019 train_time:1191516ms step_avg:479.29ms
step:2497/4578 train_loss:3.4176 train_time:1191995ms step_avg:479.29ms
step:2498/4578 train_loss:3.4784 train_time:1192469ms step_avg:479.29ms
step:2499/4578 train_loss:3.5042 train_time:1192944ms step_avg:479.29ms
step:2500/4578 train_loss:3.5705 train_time:1193427ms step_avg:479.29ms
step:2500/4578 val_loss:3.4609 train_time:1193737ms step_avg:479.41ms
step:2501/4578 train_loss:3.6161 train_time:1193900ms step_avg:479.29ms
step:2502/4578 train_loss:3.5592 train_time:1194375ms step_avg:479.28ms
step:2503/4578 train_loss:3.5749 train_time:1194855ms step_avg:479.28ms
step:2504/4578 train_loss:3.3229 train_time:1195340ms step_avg:479.29ms
step:2505/4578 train_loss:3.5712 train_time:1195815ms step_avg:479.28ms
step:2506/4578 train_loss:3.5189 train_time:1196287ms step_avg:479.28ms
step:2507/4578 train_loss:3.3966 train_time:1196767ms step_avg:479.28ms
step:2508/4578 train_loss:3.3425 train_time:1197252ms step_avg:479.28ms
step:2509/4578 train_loss:3.4722 train_time:1197723ms step_avg:479.28ms
step:2510/4578 train_loss:3.5294 train_time:1198207ms step_avg:479.28ms
step:2511/4578 train_loss:3.4341 train_time:1198671ms step_avg:479.28ms
step:2512/4578 train_loss:3.5784 train_time:1199154ms step_avg:479.28ms
step:2513/4578 train_loss:3.5164 train_time:1199624ms step_avg:479.27ms
step:2514/4578 train_loss:3.4779 train_time:1200105ms step_avg:479.27ms
step:2515/4578 train_loss:3.4921 train_time:1200592ms step_avg:479.28ms
step:2516/4578 train_loss:3.5082 train_time:1201064ms step_avg:479.28ms
step:2517/4578 train_loss:3.4703 train_time:1201539ms step_avg:479.27ms
step:2518/4578 train_loss:3.3277 train_time:1202016ms step_avg:479.27ms
step:2519/4578 train_loss:3.4425 train_time:1202497ms step_avg:479.27ms
step:2520/4578 train_loss:3.5072 train_time:1202967ms step_avg:479.27ms
step:2521/4578 train_loss:3.5622 train_time:1203447ms step_avg:479.27ms
step:2522/4578 train_loss:3.4168 train_time:1203917ms step_avg:479.27ms
step:2523/4578 train_loss:3.2276 train_time:1204395ms step_avg:479.27ms
step:2524/4578 train_loss:3.4521 train_time:1204871ms step_avg:479.26ms
step:2525/4578 train_loss:3.3393 train_time:1205350ms step_avg:479.26ms
step:2526/4578 train_loss:3.5984 train_time:1205831ms step_avg:479.27ms
step:2527/4578 train_loss:3.3756 train_time:1206304ms step_avg:479.26ms
step:2528/4578 train_loss:3.4785 train_time:1206787ms step_avg:479.26ms
step:2529/4578 train_loss:3.3984 train_time:1207260ms step_avg:479.26ms
step:2530/4578 train_loss:3.5249 train_time:1207741ms step_avg:479.26ms
step:2531/4578 train_loss:3.5409 train_time:1208213ms step_avg:479.26ms
step:2532/4578 train_loss:3.3762 train_time:1208689ms step_avg:479.26ms
step:2533/4578 train_loss:3.5579 train_time:1209169ms step_avg:479.26ms
step:2534/4578 train_loss:3.4250 train_time:1209650ms step_avg:479.26ms
step:2535/4578 train_loss:3.3609 train_time:1210127ms step_avg:479.26ms
step:2536/4578 train_loss:3.5170 train_time:1210599ms step_avg:479.26ms
step:2537/4578 train_loss:3.5212 train_time:1211081ms step_avg:479.26ms
step:2538/4578 train_loss:3.3428 train_time:1211560ms step_avg:479.26ms
step:2539/4578 train_loss:3.7767 train_time:1212034ms step_avg:479.25ms
step:2540/4578 train_loss:3.4497 train_time:1212506ms step_avg:479.25ms
step:2541/4578 train_loss:3.4127 train_time:1212986ms step_avg:479.25ms
step:2542/4578 train_loss:3.4953 train_time:1213464ms step_avg:479.25ms
step:2543/4578 train_loss:3.9140 train_time:1213939ms step_avg:479.25ms
step:2544/4578 train_loss:3.4728 train_time:1214417ms step_avg:479.25ms
step:2545/4578 train_loss:3.6533 train_time:1214898ms step_avg:479.25ms
step:2546/4578 train_loss:3.4012 train_time:1215374ms step_avg:479.25ms
step:2547/4578 train_loss:3.4319 train_time:1215850ms step_avg:479.25ms
step:2548/4578 train_loss:3.3628 train_time:1216330ms step_avg:479.25ms
step:2549/4578 train_loss:3.5735 train_time:1216803ms step_avg:479.24ms
step:2550/4578 train_loss:3.4298 train_time:1217282ms step_avg:479.24ms
step:2551/4578 train_loss:3.3808 train_time:1217756ms step_avg:479.24ms
step:2552/4578 train_loss:3.4720 train_time:1218238ms step_avg:479.24ms
step:2553/4578 train_loss:3.4824 train_time:1218716ms step_avg:479.24ms
step:2554/4578 train_loss:3.4527 train_time:1219191ms step_avg:479.24ms
step:2555/4578 train_loss:3.7042 train_time:1219658ms step_avg:479.24ms
step:2556/4578 train_loss:3.5295 train_time:1220134ms step_avg:479.24ms
step:2557/4578 train_loss:3.5470 train_time:1220608ms step_avg:479.23ms
step:2558/4578 train_loss:3.5105 train_time:1221084ms step_avg:479.23ms
step:2559/4578 train_loss:3.4299 train_time:1221564ms step_avg:479.23ms
step:2560/4578 train_loss:3.5874 train_time:1222040ms step_avg:479.23ms
step:2561/4578 train_loss:3.4712 train_time:1222520ms step_avg:479.23ms
step:2562/4578 train_loss:3.4550 train_time:1222997ms step_avg:479.23ms
step:2563/4578 train_loss:3.4689 train_time:1223475ms step_avg:479.23ms
step:2564/4578 train_loss:3.4967 train_time:1223953ms step_avg:479.23ms
step:2565/4578 train_loss:3.3970 train_time:1224436ms step_avg:479.23ms
step:2566/4578 train_loss:3.4670 train_time:1224909ms step_avg:479.23ms
step:2567/4578 train_loss:3.4505 train_time:1225391ms step_avg:479.23ms
step:2568/4578 train_loss:3.4072 train_time:1225861ms step_avg:479.23ms
step:2569/4578 train_loss:3.6711 train_time:1226339ms step_avg:479.23ms
step:2570/4578 train_loss:3.5692 train_time:1226808ms step_avg:479.22ms
step:2571/4578 train_loss:3.6281 train_time:1227293ms step_avg:479.22ms
step:2572/4578 train_loss:3.2750 train_time:1227775ms step_avg:479.23ms
step:2573/4578 train_loss:3.4175 train_time:1228240ms step_avg:479.22ms
step:2574/4578 train_loss:2.9945 train_time:1228721ms step_avg:479.22ms
step:2575/4578 train_loss:3.3822 train_time:1229205ms step_avg:479.22ms
step:2576/4578 train_loss:3.1121 train_time:1229681ms step_avg:479.22ms
step:2577/4578 train_loss:3.4102 train_time:1230154ms step_avg:479.22ms
step:2578/4578 train_loss:3.4798 train_time:1230633ms step_avg:479.22ms
step:2579/4578 train_loss:3.3419 train_time:1231112ms step_avg:479.22ms
step:2580/4578 train_loss:3.4659 train_time:1231588ms step_avg:479.22ms
step:2581/4578 train_loss:3.4802 train_time:1232063ms step_avg:479.22ms
step:2582/4578 train_loss:3.5706 train_time:1232538ms step_avg:479.21ms
step:2583/4578 train_loss:3.3895 train_time:1233012ms step_avg:479.21ms
step:2584/4578 train_loss:3.6489 train_time:1233489ms step_avg:479.21ms
step:2585/4578 train_loss:3.5032 train_time:1233966ms step_avg:479.21ms
step:2586/4578 train_loss:3.7245 train_time:1234441ms step_avg:479.21ms
step:2587/4578 train_loss:3.6290 train_time:1234917ms step_avg:479.21ms
step:2588/4578 train_loss:3.3043 train_time:1235394ms step_avg:479.21ms
step:2589/4578 train_loss:3.4315 train_time:1235880ms step_avg:479.21ms
step:2590/4578 train_loss:3.5532 train_time:1236349ms step_avg:479.20ms
step:2591/4578 train_loss:3.3762 train_time:1236828ms step_avg:479.20ms
step:2592/4578 train_loss:3.8357 train_time:1237302ms step_avg:479.20ms
step:2593/4578 train_loss:3.5502 train_time:1237786ms step_avg:479.20ms
step:2594/4578 train_loss:3.4424 train_time:1238263ms step_avg:479.20ms
step:2595/4578 train_loss:3.4522 train_time:1238733ms step_avg:479.20ms
step:2596/4578 train_loss:3.8416 train_time:1239215ms step_avg:479.20ms
step:2597/4578 train_loss:3.5408 train_time:1239692ms step_avg:479.20ms
step:2598/4578 train_loss:3.4262 train_time:1240170ms step_avg:479.20ms
step:2599/4578 train_loss:3.3831 train_time:1240642ms step_avg:479.20ms
step:2600/4578 train_loss:3.5906 train_time:1241119ms step_avg:479.20ms
step:2601/4578 train_loss:3.9379 train_time:1241600ms step_avg:479.20ms
step:2602/4578 train_loss:3.0379 train_time:1242071ms step_avg:479.19ms
step:2603/4578 train_loss:3.4213 train_time:1242552ms step_avg:479.19ms
step:2604/4578 train_loss:3.3682 train_time:1243026ms step_avg:479.19ms
step:2605/4578 train_loss:3.6080 train_time:1243505ms step_avg:479.19ms
step:2606/4578 train_loss:3.4652 train_time:1243992ms step_avg:479.20ms
step:2607/4578 train_loss:3.5083 train_time:1244470ms step_avg:479.20ms
step:2608/4578 train_loss:3.3819 train_time:1244947ms step_avg:479.19ms
step:2609/4578 train_loss:3.3749 train_time:1245428ms step_avg:479.20ms
step:2610/4578 train_loss:3.5749 train_time:1245893ms step_avg:479.19ms
step:2611/4578 train_loss:3.5533 train_time:1246373ms step_avg:479.19ms
step:2612/4578 train_loss:3.1919 train_time:1246852ms step_avg:479.19ms
step:2613/4578 train_loss:3.5702 train_time:1247324ms step_avg:479.19ms
step:2614/4578 train_loss:3.5302 train_time:1247798ms step_avg:479.19ms
step:2615/4578 train_loss:3.4129 train_time:1248285ms step_avg:479.19ms
step:2616/4578 train_loss:3.5752 train_time:1248750ms step_avg:479.18ms
step:2617/4578 train_loss:3.4363 train_time:1249233ms step_avg:479.18ms
step:2618/4578 train_loss:3.5196 train_time:1249710ms step_avg:479.18ms
step:2619/4578 train_loss:3.2929 train_time:1250183ms step_avg:479.18ms
step:2620/4578 train_loss:3.6203 train_time:1250665ms step_avg:479.18ms
step:2621/4578 train_loss:3.5935 train_time:1251143ms step_avg:479.18ms
step:2622/4578 train_loss:3.6836 train_time:1251628ms step_avg:479.18ms
step:2623/4578 train_loss:3.6432 train_time:1252097ms step_avg:479.18ms
step:2624/4578 train_loss:3.4604 train_time:1252575ms step_avg:479.18ms
step:2625/4578 train_loss:3.6364 train_time:1253047ms step_avg:479.18ms
step:2625/4578 val_loss:3.4503 train_time:1253364ms step_avg:479.30ms
step:2626/4578 train_loss:3.4291 train_time:1253530ms step_avg:479.18ms
step:2627/4578 train_loss:3.5062 train_time:1254001ms step_avg:479.17ms
step:2628/4578 train_loss:3.4581 train_time:1254482ms step_avg:479.18ms
step:2629/4578 train_loss:3.4224 train_time:1254954ms step_avg:479.17ms
step:2630/4578 train_loss:3.6450 train_time:1255435ms step_avg:479.17ms
step:2631/4578 train_loss:3.5703 train_time:1255914ms step_avg:479.17ms
step:2632/4578 train_loss:3.8149 train_time:1256387ms step_avg:479.17ms
step:2633/4578 train_loss:3.4839 train_time:1256867ms step_avg:479.17ms
step:2634/4578 train_loss:3.4668 train_time:1257341ms step_avg:479.17ms
step:2635/4578 train_loss:3.3498 train_time:1257812ms step_avg:479.17ms
step:2636/4578 train_loss:3.5119 train_time:1258293ms step_avg:479.17ms
step:2637/4578 train_loss:3.0827 train_time:1258771ms step_avg:479.17ms
step:2638/4578 train_loss:3.5375 train_time:1259252ms step_avg:479.17ms
step:2639/4578 train_loss:3.4724 train_time:1259724ms step_avg:479.16ms
step:2640/4578 train_loss:3.1749 train_time:1260198ms step_avg:479.16ms
step:2641/4578 train_loss:3.4288 train_time:1260681ms step_avg:479.16ms
step:2642/4578 train_loss:3.5119 train_time:1261165ms step_avg:479.17ms
step:2643/4578 train_loss:3.2922 train_time:1261638ms step_avg:479.16ms
step:2644/4578 train_loss:3.3873 train_time:1262107ms step_avg:479.16ms
step:2645/4578 train_loss:3.5469 train_time:1262579ms step_avg:479.16ms
step:2646/4578 train_loss:3.3912 train_time:1263056ms step_avg:479.16ms
step:2647/4578 train_loss:3.4162 train_time:1263672ms step_avg:479.21ms
step:2648/4578 train_loss:3.6966 train_time:1264149ms step_avg:479.21ms
step:2649/4578 train_loss:3.5485 train_time:1264623ms step_avg:479.21ms
step:2650/4578 train_loss:3.4080 train_time:1265113ms step_avg:479.21ms
step:2651/4578 train_loss:3.3922 train_time:1265586ms step_avg:479.21ms
step:2652/4578 train_loss:3.5105 train_time:1266065ms step_avg:479.21ms
step:2653/4578 train_loss:3.4098 train_time:1266540ms step_avg:479.21ms
step:2654/4578 train_loss:3.2731 train_time:1267010ms step_avg:479.20ms
step:2655/4578 train_loss:3.4497 train_time:1267495ms step_avg:479.20ms
step:2656/4578 train_loss:3.2917 train_time:1267967ms step_avg:479.20ms
step:2657/4578 train_loss:3.4959 train_time:1268465ms step_avg:479.21ms
step:2658/4578 train_loss:3.3414 train_time:1268927ms step_avg:479.20ms
step:2659/4578 train_loss:3.3950 train_time:1269397ms step_avg:479.20ms
step:2660/4578 train_loss:3.5537 train_time:1270196ms step_avg:479.32ms
step:2661/4578 train_loss:3.4831 train_time:1270670ms step_avg:479.32ms
step:2662/4578 train_loss:3.4284 train_time:1271147ms step_avg:479.32ms
step:2663/4578 train_loss:3.5524 train_time:1271624ms step_avg:479.32ms
step:2664/4578 train_loss:3.4667 train_time:1272105ms step_avg:479.32ms
step:2665/4578 train_loss:3.3645 train_time:1272579ms step_avg:479.31ms
step:2666/4578 train_loss:3.4445 train_time:1273057ms step_avg:479.31ms
step:2667/4578 train_loss:3.3895 train_time:1273539ms step_avg:479.31ms
step:2668/4578 train_loss:3.5434 train_time:1274017ms step_avg:479.31ms
step:2669/4578 train_loss:3.3667 train_time:1274486ms step_avg:479.31ms
step:2670/4578 train_loss:3.5573 train_time:1274963ms step_avg:479.31ms
step:2671/4578 train_loss:3.3072 train_time:1275443ms step_avg:479.31ms
step:2672/4578 train_loss:3.3571 train_time:1275921ms step_avg:479.31ms
step:2673/4578 train_loss:3.4006 train_time:1276395ms step_avg:479.31ms
step:2674/4578 train_loss:3.5009 train_time:1276873ms step_avg:479.31ms
step:2675/4578 train_loss:3.4123 train_time:1277354ms step_avg:479.31ms
step:2676/4578 train_loss:3.4497 train_time:1277828ms step_avg:479.31ms
step:2677/4578 train_loss:3.3884 train_time:1278309ms step_avg:479.31ms
step:2678/4578 train_loss:3.5146 train_time:1278786ms step_avg:479.31ms
step:2679/4578 train_loss:3.5459 train_time:1279268ms step_avg:479.31ms
step:2680/4578 train_loss:3.3483 train_time:1279735ms step_avg:479.30ms
step:2681/4578 train_loss:3.2803 train_time:1280212ms step_avg:479.30ms
step:2682/4578 train_loss:3.3094 train_time:1280684ms step_avg:479.30ms
step:2683/4578 train_loss:3.4262 train_time:1281161ms step_avg:479.30ms
step:2684/4578 train_loss:3.5290 train_time:1281640ms step_avg:479.30ms
step:2685/4578 train_loss:3.5986 train_time:1282125ms step_avg:479.30ms
step:2686/4578 train_loss:3.4647 train_time:1282601ms step_avg:479.30ms
step:2687/4578 train_loss:3.4259 train_time:1283076ms step_avg:479.30ms
step:2688/4578 train_loss:3.7624 train_time:1283556ms step_avg:479.30ms
step:2689/4578 train_loss:3.4639 train_time:1284026ms step_avg:479.29ms
step:2690/4578 train_loss:3.4275 train_time:1284505ms step_avg:479.29ms
step:2691/4578 train_loss:3.3697 train_time:1284981ms step_avg:479.29ms
step:2692/4578 train_loss:3.4483 train_time:1285466ms step_avg:479.29ms
step:2693/4578 train_loss:3.2874 train_time:1285958ms step_avg:479.30ms
step:2694/4578 train_loss:3.9148 train_time:1286431ms step_avg:479.30ms
step:2695/4578 train_loss:3.5131 train_time:1286903ms step_avg:479.29ms
step:2696/4578 train_loss:3.4036 train_time:1287372ms step_avg:479.29ms
step:2697/4578 train_loss:3.5003 train_time:1287845ms step_avg:479.29ms
step:2698/4578 train_loss:3.3927 train_time:1288321ms step_avg:479.29ms
step:2699/4578 train_loss:3.5440 train_time:1288797ms step_avg:479.28ms
step:2700/4578 train_loss:3.6447 train_time:1289269ms step_avg:479.28ms
step:2701/4578 train_loss:3.4326 train_time:1289751ms step_avg:479.28ms
step:2702/4578 train_loss:3.3683 train_time:1290232ms step_avg:479.28ms
step:2703/4578 train_loss:3.3387 train_time:1290705ms step_avg:479.28ms
step:2704/4578 train_loss:3.3654 train_time:1291182ms step_avg:479.28ms
step:2705/4578 train_loss:3.3699 train_time:1291658ms step_avg:479.28ms
step:2706/4578 train_loss:3.6435 train_time:1292139ms step_avg:479.28ms
step:2707/4578 train_loss:3.4952 train_time:1292615ms step_avg:479.28ms
step:2708/4578 train_loss:3.4875 train_time:1293091ms step_avg:479.28ms
step:2709/4578 train_loss:3.5197 train_time:1293570ms step_avg:479.28ms
step:2710/4578 train_loss:3.6253 train_time:1294048ms step_avg:479.28ms
step:2711/4578 train_loss:3.4689 train_time:1294523ms step_avg:479.28ms
step:2712/4578 train_loss:3.4906 train_time:1295003ms step_avg:479.28ms
step:2713/4578 train_loss:3.2717 train_time:1295480ms step_avg:479.27ms
step:2714/4578 train_loss:3.5701 train_time:1295956ms step_avg:479.27ms
step:2715/4578 train_loss:3.2933 train_time:1296431ms step_avg:479.27ms
step:2716/4578 train_loss:3.2702 train_time:1296905ms step_avg:479.27ms
step:2717/4578 train_loss:3.6800 train_time:1297386ms step_avg:479.27ms
step:2718/4578 train_loss:3.4000 train_time:1297862ms step_avg:479.27ms
step:2719/4578 train_loss:3.4541 train_time:1298342ms step_avg:479.27ms
step:2720/4578 train_loss:3.3304 train_time:1298819ms step_avg:479.27ms
step:2721/4578 train_loss:3.5229 train_time:1299301ms step_avg:479.27ms
step:2722/4578 train_loss:3.6433 train_time:1299776ms step_avg:479.27ms
step:2723/4578 train_loss:3.3587 train_time:1300250ms step_avg:479.27ms
step:2724/4578 train_loss:3.4320 train_time:1300721ms step_avg:479.26ms
step:2725/4578 train_loss:3.5494 train_time:1301198ms step_avg:479.26ms
step:2726/4578 train_loss:3.4100 train_time:1301685ms step_avg:479.27ms
step:2727/4578 train_loss:3.4499 train_time:1302156ms step_avg:479.26ms
step:2728/4578 train_loss:3.6235 train_time:1302629ms step_avg:479.26ms
step:2729/4578 train_loss:3.5406 train_time:1303110ms step_avg:479.26ms
step:2730/4578 train_loss:3.3513 train_time:1303587ms step_avg:479.26ms
step:2731/4578 train_loss:3.4116 train_time:1304059ms step_avg:479.26ms
step:2732/4578 train_loss:3.3212 train_time:1304536ms step_avg:479.26ms
step:2733/4578 train_loss:3.3538 train_time:1305010ms step_avg:479.25ms
step:2734/4578 train_loss:3.3528 train_time:1305491ms step_avg:479.26ms
step:2735/4578 train_loss:3.3825 train_time:1305965ms step_avg:479.25ms
step:2736/4578 train_loss:3.2432 train_time:1306448ms step_avg:479.25ms
step:2737/4578 train_loss:3.4922 train_time:1306926ms step_avg:479.25ms
step:2738/4578 train_loss:3.4084 train_time:1307404ms step_avg:479.25ms
step:2739/4578 train_loss:3.7723 train_time:1307892ms step_avg:479.26ms
step:2740/4578 train_loss:3.4807 train_time:1308361ms step_avg:479.25ms
step:2741/4578 train_loss:3.4410 train_time:1308843ms step_avg:479.25ms
step:2742/4578 train_loss:3.3943 train_time:1309314ms step_avg:479.25ms
step:2743/4578 train_loss:3.4118 train_time:1309792ms step_avg:479.25ms
step:2744/4578 train_loss:3.3531 train_time:1310274ms step_avg:479.25ms
step:2745/4578 train_loss:3.3974 train_time:1310751ms step_avg:479.25ms
step:2746/4578 train_loss:3.2667 train_time:1311229ms step_avg:479.25ms
step:2747/4578 train_loss:3.3422 train_time:1311702ms step_avg:479.25ms
step:2748/4578 train_loss:3.5094 train_time:1312179ms step_avg:479.25ms
step:2749/4578 train_loss:3.4563 train_time:1312662ms step_avg:479.25ms
step:2750/4578 train_loss:3.5381 train_time:1313131ms step_avg:479.25ms
step:2750/4578 val_loss:3.4439 train_time:1313448ms step_avg:479.36ms
step:2751/4578 train_loss:3.5433 train_time:1313609ms step_avg:479.24ms
step:2752/4578 train_loss:3.5294 train_time:1314083ms step_avg:479.24ms
step:2753/4578 train_loss:3.5942 train_time:1314560ms step_avg:479.24ms
step:2754/4578 train_loss:3.3646 train_time:1315036ms step_avg:479.24ms
step:2755/4578 train_loss:3.4213 train_time:1315509ms step_avg:479.24ms
step:2756/4578 train_loss:3.5411 train_time:1315998ms step_avg:479.24ms
step:2757/4578 train_loss:3.4573 train_time:1316472ms step_avg:479.24ms
step:2758/4578 train_loss:3.0906 train_time:1316943ms step_avg:479.24ms
step:2759/4578 train_loss:3.4267 train_time:1317419ms step_avg:479.24ms
step:2760/4578 train_loss:3.4568 train_time:1317896ms step_avg:479.23ms
step:2761/4578 train_loss:3.5258 train_time:1318373ms step_avg:479.23ms
step:2762/4578 train_loss:3.4730 train_time:1318851ms step_avg:479.23ms
step:2763/4578 train_loss:3.3520 train_time:1319336ms step_avg:479.24ms
step:2764/4578 train_loss:3.4284 train_time:1319805ms step_avg:479.23ms
step:2765/4578 train_loss:3.4885 train_time:1320288ms step_avg:479.23ms
step:2766/4578 train_loss:3.2637 train_time:1320760ms step_avg:479.23ms
step:2767/4578 train_loss:3.4454 train_time:1321248ms step_avg:479.23ms
step:2768/4578 train_loss:3.5566 train_time:1321726ms step_avg:479.23ms
step:2769/4578 train_loss:3.3120 train_time:1322199ms step_avg:479.23ms
step:2770/4578 train_loss:3.5389 train_time:1322676ms step_avg:479.23ms
step:2771/4578 train_loss:3.5460 train_time:1323148ms step_avg:479.23ms
step:2772/4578 train_loss:3.3987 train_time:1323632ms step_avg:479.23ms
step:2773/4578 train_loss:3.2444 train_time:1324105ms step_avg:479.23ms
step:2774/4578 train_loss:3.3877 train_time:1324580ms step_avg:479.23ms
step:2775/4578 train_loss:3.6302 train_time:1325074ms step_avg:479.23ms
step:2776/4578 train_loss:3.4469 train_time:1325540ms step_avg:479.23ms
step:2777/4578 train_loss:3.5795 train_time:1326018ms step_avg:479.23ms
step:2778/4578 train_loss:3.4603 train_time:1326498ms step_avg:479.23ms
step:2779/4578 train_loss:3.3456 train_time:1326973ms step_avg:479.22ms
step:2780/4578 train_loss:3.2987 train_time:1327444ms step_avg:479.22ms
step:2781/4578 train_loss:3.3927 train_time:1327927ms step_avg:479.22ms
step:2782/4578 train_loss:3.4400 train_time:1328401ms step_avg:479.22ms
step:2783/4578 train_loss:3.4567 train_time:1328877ms step_avg:479.22ms
step:2784/4578 train_loss:3.4604 train_time:1329359ms step_avg:479.22ms
step:2785/4578 train_loss:3.4476 train_time:1329841ms step_avg:479.22ms
step:2786/4578 train_loss:3.4317 train_time:1330311ms step_avg:479.22ms
step:2787/4578 train_loss:3.3570 train_time:1330789ms step_avg:479.22ms
step:2788/4578 train_loss:3.5602 train_time:1331261ms step_avg:479.22ms
step:2789/4578 train_loss:3.4710 train_time:1331739ms step_avg:479.22ms
step:2790/4578 train_loss:3.4228 train_time:1332218ms step_avg:479.22ms
step:2791/4578 train_loss:3.4245 train_time:1332704ms step_avg:479.22ms
step:2792/4578 train_loss:3.3550 train_time:1333171ms step_avg:479.21ms
step:2793/4578 train_loss:3.3857 train_time:1333646ms step_avg:479.21ms
step:2794/4578 train_loss:3.5105 train_time:1334125ms step_avg:479.21ms
step:2795/4578 train_loss:3.3150 train_time:1334604ms step_avg:479.21ms
step:2796/4578 train_loss:3.5418 train_time:1335082ms step_avg:479.21ms
step:2797/4578 train_loss:3.3942 train_time:1335557ms step_avg:479.21ms
step:2798/4578 train_loss:3.4255 train_time:1336034ms step_avg:479.21ms
step:2799/4578 train_loss:3.2700 train_time:1336510ms step_avg:479.21ms
step:2800/4578 train_loss:3.6790 train_time:1336993ms step_avg:479.21ms
step:2801/4578 train_loss:3.5624 train_time:1337462ms step_avg:479.21ms
step:2802/4578 train_loss:3.6610 train_time:1337940ms step_avg:479.20ms
step:2803/4578 train_loss:3.3606 train_time:1338426ms step_avg:479.21ms
step:2804/4578 train_loss:3.5237 train_time:1338893ms step_avg:479.20ms
step:2805/4578 train_loss:3.5046 train_time:1339367ms step_avg:479.20ms
step:2806/4578 train_loss:3.2472 train_time:1339851ms step_avg:479.20ms
step:2807/4578 train_loss:3.7028 train_time:1340337ms step_avg:479.21ms
step:2808/4578 train_loss:3.4201 train_time:1340804ms step_avg:479.20ms
step:2809/4578 train_loss:3.3934 train_time:1341287ms step_avg:479.20ms
step:2810/4578 train_loss:3.7052 train_time:1341754ms step_avg:479.20ms
step:2811/4578 train_loss:3.4017 train_time:1342238ms step_avg:479.20ms
step:2812/4578 train_loss:3.4836 train_time:1342715ms step_avg:479.20ms
step:2813/4578 train_loss:3.3056 train_time:1343189ms step_avg:479.20ms
step:2814/4578 train_loss:3.5321 train_time:1343669ms step_avg:479.20ms
step:2815/4578 train_loss:3.4559 train_time:1344149ms step_avg:479.20ms
step:2816/4578 train_loss:3.4536 train_time:1344620ms step_avg:479.19ms
step:2817/4578 train_loss:2.8584 train_time:1345094ms step_avg:479.19ms
step:2818/4578 train_loss:3.4245 train_time:1345574ms step_avg:479.19ms
step:2819/4578 train_loss:3.3395 train_time:1346062ms step_avg:479.20ms
step:2820/4578 train_loss:3.6057 train_time:1346536ms step_avg:479.19ms
step:2821/4578 train_loss:3.7076 train_time:1347007ms step_avg:479.19ms
step:2822/4578 train_loss:3.4893 train_time:1347484ms step_avg:479.19ms
step:2823/4578 train_loss:3.5848 train_time:1347960ms step_avg:479.19ms
step:2824/4578 train_loss:3.5266 train_time:1348443ms step_avg:479.19ms
step:2825/4578 train_loss:3.1775 train_time:1348929ms step_avg:479.19ms
step:2826/4578 train_loss:3.5144 train_time:1349399ms step_avg:479.19ms
step:2827/4578 train_loss:3.5825 train_time:1349877ms step_avg:479.19ms
step:2828/4578 train_loss:3.1669 train_time:1350349ms step_avg:479.19ms
step:2829/4578 train_loss:3.4305 train_time:1350822ms step_avg:479.18ms
step:2830/4578 train_loss:3.4763 train_time:1351295ms step_avg:479.18ms
step:2831/4578 train_loss:3.3920 train_time:1351781ms step_avg:479.18ms
step:2832/4578 train_loss:3.5145 train_time:1352254ms step_avg:479.18ms
step:2833/4578 train_loss:3.3974 train_time:1352735ms step_avg:479.18ms
step:2834/4578 train_loss:3.3893 train_time:1353213ms step_avg:479.18ms
step:2835/4578 train_loss:3.1554 train_time:1353699ms step_avg:479.19ms
step:2836/4578 train_loss:3.6174 train_time:1354287ms step_avg:479.22ms
step:2837/4578 train_loss:3.4918 train_time:1354760ms step_avg:479.22ms
step:2838/4578 train_loss:3.4212 train_time:1355237ms step_avg:479.22ms
step:2839/4578 train_loss:3.3501 train_time:1355719ms step_avg:479.22ms
step:2840/4578 train_loss:3.3629 train_time:1356199ms step_avg:479.22ms
step:2841/4578 train_loss:3.4930 train_time:1356677ms step_avg:479.22ms
step:2842/4578 train_loss:3.3641 train_time:1357150ms step_avg:479.22ms
step:2843/4578 train_loss:3.4673 train_time:1357628ms step_avg:479.22ms
step:2844/4578 train_loss:3.5381 train_time:1358102ms step_avg:479.22ms
step:2845/4578 train_loss:3.4140 train_time:1358578ms step_avg:479.22ms
step:2846/4578 train_loss:3.3787 train_time:1359057ms step_avg:479.22ms
step:2847/4578 train_loss:3.3906 train_time:1359531ms step_avg:479.21ms
step:2848/4578 train_loss:3.8779 train_time:1360009ms step_avg:479.21ms
step:2849/4578 train_loss:3.3921 train_time:1360481ms step_avg:479.21ms
step:2850/4578 train_loss:3.3787 train_time:1361437ms step_avg:479.38ms
step:2851/4578 train_loss:3.5185 train_time:1361912ms step_avg:479.38ms
step:2852/4578 train_loss:3.4771 train_time:1362389ms step_avg:479.38ms
step:2853/4578 train_loss:3.4160 train_time:1362870ms step_avg:479.38ms
step:2854/4578 train_loss:3.4635 train_time:1363343ms step_avg:479.38ms
step:2855/4578 train_loss:3.4436 train_time:1363821ms step_avg:479.37ms
step:2856/4578 train_loss:3.3393 train_time:1364297ms step_avg:479.37ms
step:2857/4578 train_loss:3.4256 train_time:1364771ms step_avg:479.37ms
step:2858/4578 train_loss:3.4648 train_time:1365248ms step_avg:479.37ms
step:2859/4578 train_loss:3.1851 train_time:1365724ms step_avg:479.37ms
step:2860/4578 train_loss:3.4592 train_time:1366196ms step_avg:479.37ms
step:2861/4578 train_loss:3.3897 train_time:1366678ms step_avg:479.37ms
step:2862/4578 train_loss:3.3983 train_time:1367156ms step_avg:479.37ms
step:2863/4578 train_loss:3.4760 train_time:1367632ms step_avg:479.37ms
step:2864/4578 train_loss:3.7111 train_time:1368113ms step_avg:479.37ms
step:2865/4578 train_loss:3.5041 train_time:1368588ms step_avg:479.37ms
step:2866/4578 train_loss:3.4574 train_time:1369068ms step_avg:479.37ms
step:2867/4578 train_loss:3.4758 train_time:1369540ms step_avg:479.36ms
step:2868/4578 train_loss:3.6329 train_time:1370011ms step_avg:479.36ms
step:2869/4578 train_loss:3.4383 train_time:1370494ms step_avg:479.36ms
step:2870/4578 train_loss:3.3192 train_time:1370973ms step_avg:479.36ms
step:2871/4578 train_loss:3.5678 train_time:1371447ms step_avg:479.36ms
step:2872/4578 train_loss:3.4224 train_time:1371926ms step_avg:479.36ms
step:2873/4578 train_loss:3.4353 train_time:1372403ms step_avg:479.36ms
step:2874/4578 train_loss:3.2686 train_time:1372874ms step_avg:479.36ms
step:2875/4578 train_loss:3.4038 train_time:1373358ms step_avg:479.36ms
step:2875/4578 val_loss:3.4377 train_time:1373671ms step_avg:479.47ms
step:2876/4578 train_loss:3.3750 train_time:1373838ms step_avg:479.36ms
step:2877/4578 train_loss:3.3514 train_time:1374310ms step_avg:479.35ms
step:2878/4578 train_loss:3.4332 train_time:1374783ms step_avg:479.35ms
step:2879/4578 train_loss:3.5835 train_time:1375262ms step_avg:479.35ms
step:2880/4578 train_loss:3.4234 train_time:1375736ms step_avg:479.35ms
step:2881/4578 train_loss:3.4499 train_time:1376212ms step_avg:479.35ms
step:2882/4578 train_loss:3.4730 train_time:1376693ms step_avg:479.35ms
step:2883/4578 train_loss:3.5804 train_time:1377171ms step_avg:479.35ms
step:2884/4578 train_loss:3.4305 train_time:1377653ms step_avg:479.35ms
step:2885/4578 train_loss:3.2788 train_time:1378124ms step_avg:479.35ms
step:2886/4578 train_loss:3.2683 train_time:1378602ms step_avg:479.35ms
step:2887/4578 train_loss:3.3742 train_time:1379085ms step_avg:479.35ms
step:2888/4578 train_loss:3.4073 train_time:1379557ms step_avg:479.35ms
step:2889/4578 train_loss:3.4172 train_time:1380038ms step_avg:479.35ms
step:2890/4578 train_loss:3.7419 train_time:1380517ms step_avg:479.35ms
step:2891/4578 train_loss:3.3776 train_time:1380992ms step_avg:479.34ms
step:2892/4578 train_loss:3.4478 train_time:1381468ms step_avg:479.34ms
step:2893/4578 train_loss:3.3763 train_time:1381948ms step_avg:479.34ms
step:2894/4578 train_loss:3.4026 train_time:1382423ms step_avg:479.34ms
step:2895/4578 train_loss:3.3674 train_time:1382900ms step_avg:479.34ms
step:2896/4578 train_loss:3.4514 train_time:1383371ms step_avg:479.34ms
step:2897/4578 train_loss:3.6184 train_time:1383849ms step_avg:479.34ms
step:2898/4578 train_loss:3.3432 train_time:1384328ms step_avg:479.34ms
step:2899/4578 train_loss:3.4373 train_time:1384803ms step_avg:479.34ms
step:2900/4578 train_loss:3.1830 train_time:1385279ms step_avg:479.34ms
step:2901/4578 train_loss:3.6178 train_time:1385753ms step_avg:479.33ms
step:2902/4578 train_loss:3.4762 train_time:1386232ms step_avg:479.33ms
step:2903/4578 train_loss:3.3938 train_time:1386715ms step_avg:479.33ms
step:2904/4578 train_loss:3.4246 train_time:1387185ms step_avg:479.33ms
step:2905/4578 train_loss:3.4139 train_time:1387663ms step_avg:479.33ms
step:2906/4578 train_loss:3.3999 train_time:1388141ms step_avg:479.33ms
step:2907/4578 train_loss:3.2270 train_time:1388623ms step_avg:479.33ms
step:2908/4578 train_loss:3.5365 train_time:1389094ms step_avg:479.33ms
step:2909/4578 train_loss:3.4408 train_time:1389580ms step_avg:479.33ms
step:2910/4578 train_loss:3.7417 train_time:1390050ms step_avg:479.33ms
step:2911/4578 train_loss:3.2187 train_time:1390532ms step_avg:479.33ms
step:2912/4578 train_loss:3.3524 train_time:1391007ms step_avg:479.33ms
step:2913/4578 train_loss:3.3949 train_time:1391479ms step_avg:479.32ms
step:2914/4578 train_loss:3.8698 train_time:1391956ms step_avg:479.32ms
step:2915/4578 train_loss:3.4586 train_time:1392433ms step_avg:479.32ms
step:2916/4578 train_loss:3.3162 train_time:1392912ms step_avg:479.32ms
step:2917/4578 train_loss:3.4117 train_time:1393386ms step_avg:479.32ms
step:2918/4578 train_loss:3.3804 train_time:1393865ms step_avg:479.32ms
step:2919/4578 train_loss:3.4111 train_time:1394340ms step_avg:479.32ms
step:2920/4578 train_loss:3.2771 train_time:1394814ms step_avg:479.32ms
step:2921/4578 train_loss:3.4344 train_time:1395285ms step_avg:479.31ms
step:2922/4578 train_loss:3.4161 train_time:1395768ms step_avg:479.32ms
step:2923/4578 train_loss:3.4582 train_time:1396248ms step_avg:479.32ms
step:2924/4578 train_loss:3.3820 train_time:1396724ms step_avg:479.31ms
step:2925/4578 train_loss:3.5308 train_time:1397201ms step_avg:479.31ms
step:2926/4578 train_loss:3.4387 train_time:1397682ms step_avg:479.31ms
step:2927/4578 train_loss:3.4156 train_time:1398161ms step_avg:479.31ms
step:2928/4578 train_loss:3.6118 train_time:1398635ms step_avg:479.31ms
step:2929/4578 train_loss:3.4097 train_time:1399115ms step_avg:479.31ms
step:2930/4578 train_loss:3.3556 train_time:1399591ms step_avg:479.31ms
step:2931/4578 train_loss:3.5564 train_time:1400066ms step_avg:479.31ms
step:2932/4578 train_loss:3.6430 train_time:1400540ms step_avg:479.31ms
step:2933/4578 train_loss:3.6894 train_time:1401016ms step_avg:479.31ms
step:2934/4578 train_loss:3.5784 train_time:1401494ms step_avg:479.31ms
step:2935/4578 train_loss:3.3731 train_time:1401971ms step_avg:479.31ms
step:2936/4578 train_loss:3.4585 train_time:1402446ms step_avg:479.30ms
step:2937/4578 train_loss:3.3916 train_time:1402929ms step_avg:479.31ms
step:2938/4578 train_loss:3.3966 train_time:1403402ms step_avg:479.30ms
step:2939/4578 train_loss:3.5061 train_time:1403877ms step_avg:479.30ms
step:2940/4578 train_loss:3.3675 train_time:1404353ms step_avg:479.30ms
step:2941/4578 train_loss:3.5385 train_time:1404838ms step_avg:479.30ms
step:2942/4578 train_loss:3.6392 train_time:1405306ms step_avg:479.30ms
step:2943/4578 train_loss:3.3666 train_time:1405784ms step_avg:479.30ms
step:2944/4578 train_loss:3.2322 train_time:1406263ms step_avg:479.30ms
step:2945/4578 train_loss:3.2744 train_time:1406741ms step_avg:479.30ms
step:2946/4578 train_loss:3.4515 train_time:1407216ms step_avg:479.30ms
step:2947/4578 train_loss:3.5034 train_time:1407692ms step_avg:479.30ms
step:2948/4578 train_loss:3.3781 train_time:1408171ms step_avg:479.30ms
step:2949/4578 train_loss:3.3629 train_time:1408645ms step_avg:479.29ms
step:2950/4578 train_loss:3.4683 train_time:1409118ms step_avg:479.29ms
step:2951/4578 train_loss:3.4371 train_time:1409597ms step_avg:479.29ms
step:2952/4578 train_loss:3.6285 train_time:1410074ms step_avg:479.29ms
step:2953/4578 train_loss:3.4987 train_time:1410551ms step_avg:479.29ms
step:2954/4578 train_loss:3.5119 train_time:1411030ms step_avg:479.29ms
step:2955/4578 train_loss:3.4820 train_time:1411505ms step_avg:479.29ms
step:2956/4578 train_loss:3.3268 train_time:1411983ms step_avg:479.29ms
step:2957/4578 train_loss:3.4261 train_time:1412459ms step_avg:479.29ms
step:2958/4578 train_loss:3.4236 train_time:1412937ms step_avg:479.29ms
step:2959/4578 train_loss:3.3958 train_time:1413411ms step_avg:479.28ms
step:2960/4578 train_loss:3.5362 train_time:1413890ms step_avg:479.28ms
step:2961/4578 train_loss:3.3895 train_time:1414366ms step_avg:479.28ms
step:2962/4578 train_loss:3.5074 train_time:1414854ms step_avg:479.29ms
step:2963/4578 train_loss:3.3844 train_time:1415330ms step_avg:479.29ms
step:2964/4578 train_loss:3.4198 train_time:1415798ms step_avg:479.28ms
step:2965/4578 train_loss:3.3565 train_time:1416276ms step_avg:479.28ms
step:2966/4578 train_loss:3.5693 train_time:1416752ms step_avg:479.28ms
step:2967/4578 train_loss:3.2354 train_time:1417231ms step_avg:479.28ms
step:2968/4578 train_loss:3.9179 train_time:1417719ms step_avg:479.28ms
step:2969/4578 train_loss:3.4416 train_time:1418191ms step_avg:479.28ms
step:2970/4578 train_loss:3.3669 train_time:1418667ms step_avg:479.28ms
step:2971/4578 train_loss:3.6011 train_time:1419144ms step_avg:479.28ms
step:2972/4578 train_loss:3.5542 train_time:1419614ms step_avg:479.28ms
step:2973/4578 train_loss:3.3150 train_time:1420089ms step_avg:479.27ms
step:2974/4578 train_loss:3.4207 train_time:1420573ms step_avg:479.28ms
step:2975/4578 train_loss:3.2856 train_time:1421049ms step_avg:479.27ms
step:2976/4578 train_loss:3.3597 train_time:1421525ms step_avg:479.27ms
step:2977/4578 train_loss:3.1518 train_time:1422003ms step_avg:479.27ms
step:2978/4578 train_loss:3.6611 train_time:1422481ms step_avg:479.27ms
step:2979/4578 train_loss:3.4490 train_time:1422962ms step_avg:479.27ms
step:2980/4578 train_loss:3.6086 train_time:1423438ms step_avg:479.27ms
step:2981/4578 train_loss:3.4486 train_time:1423916ms step_avg:479.27ms
step:2982/4578 train_loss:3.5615 train_time:1424391ms step_avg:479.27ms
step:2983/4578 train_loss:3.5256 train_time:1424867ms step_avg:479.27ms
step:2984/4578 train_loss:3.3656 train_time:1425345ms step_avg:479.27ms
step:2985/4578 train_loss:3.4310 train_time:1425825ms step_avg:479.27ms
step:2986/4578 train_loss:3.5132 train_time:1426303ms step_avg:479.27ms
step:2987/4578 train_loss:3.4481 train_time:1426778ms step_avg:479.27ms
step:2988/4578 train_loss:3.7012 train_time:1427255ms step_avg:479.27ms
step:2989/4578 train_loss:3.2653 train_time:1427734ms step_avg:479.27ms
step:2990/4578 train_loss:3.5149 train_time:1428203ms step_avg:479.26ms
step:2991/4578 train_loss:3.4537 train_time:1428680ms step_avg:479.26ms
step:2992/4578 train_loss:3.5005 train_time:1429159ms step_avg:479.26ms
step:2993/4578 train_loss:3.4064 train_time:1429638ms step_avg:479.26ms
step:2994/4578 train_loss:3.6006 train_time:1430117ms step_avg:479.26ms
step:2995/4578 train_loss:3.3120 train_time:1430594ms step_avg:479.26ms
step:2996/4578 train_loss:3.3296 train_time:1431072ms step_avg:479.26ms
step:2997/4578 train_loss:3.3421 train_time:1431547ms step_avg:479.26ms
step:2998/4578 train_loss:3.3801 train_time:1432027ms step_avg:479.26ms
step:2999/4578 train_loss:3.5128 train_time:1432503ms step_avg:479.26ms
step:3000/4578 train_loss:3.3076 train_time:1432981ms step_avg:479.26ms
step:3000/4578 val_loss:3.4300 train_time:1433291ms step_avg:479.36ms
step:3001/4578 train_loss:3.4225 train_time:1433459ms step_avg:479.26ms
step:3002/4578 train_loss:3.2570 train_time:1433931ms step_avg:479.26ms
step:3003/4578 train_loss:3.3877 train_time:1434405ms step_avg:479.25ms
step:3004/4578 train_loss:3.4478 train_time:1434880ms step_avg:479.25ms
step:3005/4578 train_loss:4.2098 train_time:1435367ms step_avg:479.25ms
step:3006/4578 train_loss:3.3242 train_time:1435833ms step_avg:479.25ms
step:3007/4578 train_loss:3.4729 train_time:1436314ms step_avg:479.25ms
step:3008/4578 train_loss:3.2414 train_time:1436794ms step_avg:479.25ms
step:3009/4578 train_loss:3.5679 train_time:1437269ms step_avg:479.25ms
step:3010/4578 train_loss:3.5429 train_time:1437760ms step_avg:479.25ms
step:3011/4578 train_loss:3.5420 train_time:1438242ms step_avg:479.25ms
step:3012/4578 train_loss:3.4916 train_time:1438717ms step_avg:479.25ms
step:3013/4578 train_loss:3.3041 train_time:1439192ms step_avg:479.25ms
step:3014/4578 train_loss:3.4246 train_time:1439669ms step_avg:479.25ms
step:3015/4578 train_loss:3.5131 train_time:1440126ms step_avg:479.24ms
step:3016/4578 train_loss:3.2826 train_time:1440606ms step_avg:479.24ms
step:3017/4578 train_loss:3.3557 train_time:1441085ms step_avg:479.24ms
step:3018/4578 train_loss:3.4932 train_time:1441565ms step_avg:479.24ms
step:3019/4578 train_loss:3.6115 train_time:1442041ms step_avg:479.24ms
step:3020/4578 train_loss:3.3714 train_time:1442514ms step_avg:479.24ms
step:3021/4578 train_loss:3.6798 train_time:1442989ms step_avg:479.24ms
step:3022/4578 train_loss:3.4055 train_time:1443466ms step_avg:479.24ms
step:3023/4578 train_loss:3.2875 train_time:1443945ms step_avg:479.24ms
step:3024/4578 train_loss:3.4555 train_time:1444426ms step_avg:479.24ms
step:3025/4578 train_loss:3.5903 train_time:1445015ms step_avg:479.28ms
step:3026/4578 train_loss:3.3972 train_time:1445501ms step_avg:479.28ms
step:3027/4578 train_loss:3.4974 train_time:1445970ms step_avg:479.27ms
step:3028/4578 train_loss:3.3242 train_time:1446448ms step_avg:479.27ms
step:3029/4578 train_loss:3.1640 train_time:1446931ms step_avg:479.27ms
step:3030/4578 train_loss:3.5121 train_time:1447414ms step_avg:479.28ms
step:3031/4578 train_loss:3.3289 train_time:1447879ms step_avg:479.27ms
step:3032/4578 train_loss:3.1634 train_time:1448368ms step_avg:479.27ms
step:3033/4578 train_loss:3.5488 train_time:1448839ms step_avg:479.27ms
step:3034/4578 train_loss:3.6651 train_time:1449316ms step_avg:479.27ms
step:3035/4578 train_loss:3.3557 train_time:1449796ms step_avg:479.27ms
step:3036/4578 train_loss:3.3935 train_time:1450270ms step_avg:479.27ms
step:3037/4578 train_loss:3.4024 train_time:1450752ms step_avg:479.27ms
step:3038/4578 train_loss:3.2882 train_time:1451219ms step_avg:479.27ms
step:3039/4578 train_loss:3.4644 train_time:1451701ms step_avg:479.27ms
step:3040/4578 train_loss:3.5197 train_time:1452736ms step_avg:479.45ms
step:3041/4578 train_loss:3.5252 train_time:1453212ms step_avg:479.45ms
step:3042/4578 train_loss:3.0716 train_time:1453687ms step_avg:479.45ms
step:3043/4578 train_loss:3.4358 train_time:1454168ms step_avg:479.45ms
step:3044/4578 train_loss:3.4094 train_time:1454641ms step_avg:479.45ms
step:3045/4578 train_loss:3.4571 train_time:1455118ms step_avg:479.45ms
step:3046/4578 train_loss:3.6065 train_time:1455592ms step_avg:479.44ms
step:3047/4578 train_loss:3.3675 train_time:1456071ms step_avg:479.44ms
step:3048/4578 train_loss:3.4465 train_time:1456555ms step_avg:479.45ms
step:3049/4578 train_loss:3.4812 train_time:1457028ms step_avg:479.44ms
step:3050/4578 train_loss:3.4205 train_time:1457506ms step_avg:479.44ms
step:3051/4578 train_loss:3.4701 train_time:1457988ms step_avg:479.44ms
step:3052/4578 train_loss:3.3337 train_time:1458470ms step_avg:479.44ms
step:3053/4578 train_loss:3.3688 train_time:1458938ms step_avg:479.44ms
step:3054/4578 train_loss:3.6036 train_time:1459415ms step_avg:479.44ms
step:3055/4578 train_loss:3.5412 train_time:1459897ms step_avg:479.44ms
step:3056/4578 train_loss:3.5087 train_time:1460366ms step_avg:479.44ms
step:3057/4578 train_loss:3.3622 train_time:1460848ms step_avg:479.44ms
step:3058/4578 train_loss:3.3513 train_time:1461323ms step_avg:479.44ms
step:3059/4578 train_loss:3.5780 train_time:1461800ms step_avg:479.44ms
step:3060/4578 train_loss:3.3483 train_time:1462278ms step_avg:479.44ms
step:3061/4578 train_loss:3.4744 train_time:1462759ms step_avg:479.44ms
step:3062/4578 train_loss:3.4923 train_time:1463242ms step_avg:479.44ms
step:3063/4578 train_loss:3.3974 train_time:1463711ms step_avg:479.43ms
step:3064/4578 train_loss:3.4309 train_time:1464189ms step_avg:479.43ms
step:3065/4578 train_loss:3.4622 train_time:1464668ms step_avg:479.43ms
step:3066/4578 train_loss:3.3889 train_time:1465144ms step_avg:479.43ms
step:3067/4578 train_loss:3.2720 train_time:1465617ms step_avg:479.43ms
step:3068/4578 train_loss:3.3955 train_time:1466096ms step_avg:479.43ms
step:3069/4578 train_loss:3.3480 train_time:1466574ms step_avg:479.43ms
step:3070/4578 train_loss:3.3091 train_time:1467061ms step_avg:479.43ms
step:3071/4578 train_loss:3.4497 train_time:1467538ms step_avg:479.43ms
step:3072/4578 train_loss:3.4625 train_time:1468012ms step_avg:479.43ms
step:3073/4578 train_loss:3.3487 train_time:1468480ms step_avg:479.43ms
step:3074/4578 train_loss:3.3861 train_time:1468962ms step_avg:479.43ms
step:3075/4578 train_loss:3.3660 train_time:1469431ms step_avg:479.42ms
step:3076/4578 train_loss:3.3679 train_time:1469907ms step_avg:479.42ms
step:3077/4578 train_loss:3.5708 train_time:1470401ms step_avg:479.43ms
step:3078/4578 train_loss:3.2652 train_time:1470876ms step_avg:479.43ms
step:3079/4578 train_loss:4.2393 train_time:1471344ms step_avg:479.42ms
step:3080/4578 train_loss:3.3569 train_time:1471818ms step_avg:479.42ms
step:3081/4578 train_loss:3.4709 train_time:1472292ms step_avg:479.42ms
step:3082/4578 train_loss:3.5819 train_time:1472775ms step_avg:479.42ms
step:3083/4578 train_loss:3.3135 train_time:1473251ms step_avg:479.42ms
step:3084/4578 train_loss:3.3769 train_time:1473723ms step_avg:479.42ms
step:3085/4578 train_loss:3.3828 train_time:1474203ms step_avg:479.42ms
step:3086/4578 train_loss:3.4206 train_time:1474684ms step_avg:479.42ms
step:3087/4578 train_loss:3.4276 train_time:1475161ms step_avg:479.42ms
step:3088/4578 train_loss:3.2506 train_time:1475638ms step_avg:479.41ms
step:3089/4578 train_loss:3.4738 train_time:1476113ms step_avg:479.41ms
step:3090/4578 train_loss:3.3663 train_time:1476591ms step_avg:479.41ms
step:3091/4578 train_loss:3.6530 train_time:1477068ms step_avg:479.41ms
step:3092/4578 train_loss:3.4222 train_time:1477560ms step_avg:479.42ms
step:3093/4578 train_loss:3.3643 train_time:1478030ms step_avg:479.41ms
step:3094/4578 train_loss:3.4159 train_time:1478506ms step_avg:479.41ms
step:3095/4578 train_loss:3.3656 train_time:1478987ms step_avg:479.41ms
step:3096/4578 train_loss:3.3701 train_time:1479457ms step_avg:479.41ms
step:3097/4578 train_loss:3.8281 train_time:1479933ms step_avg:479.41ms
step:3098/4578 train_loss:3.3783 train_time:1480410ms step_avg:479.41ms
step:3099/4578 train_loss:3.4546 train_time:1480890ms step_avg:479.41ms
step:3100/4578 train_loss:3.5010 train_time:1481365ms step_avg:479.41ms
step:3101/4578 train_loss:3.4298 train_time:1481844ms step_avg:479.41ms
step:3102/4578 train_loss:3.5157 train_time:1482320ms step_avg:479.40ms
step:3103/4578 train_loss:3.3730 train_time:1482807ms step_avg:479.41ms
step:3104/4578 train_loss:3.9016 train_time:1483278ms step_avg:479.40ms
step:3105/4578 train_loss:3.5667 train_time:1483748ms step_avg:479.40ms
step:3106/4578 train_loss:3.0568 train_time:1484230ms step_avg:479.40ms
step:3107/4578 train_loss:3.3342 train_time:1484704ms step_avg:479.40ms
step:3108/4578 train_loss:3.1781 train_time:1485178ms step_avg:479.40ms
step:3109/4578 train_loss:3.6137 train_time:1485655ms step_avg:479.40ms
step:3110/4578 train_loss:3.4322 train_time:1486135ms step_avg:479.40ms
step:3111/4578 train_loss:3.5917 train_time:1486609ms step_avg:479.40ms
step:3112/4578 train_loss:3.4272 train_time:1487091ms step_avg:479.40ms
step:3113/4578 train_loss:3.5286 train_time:1487564ms step_avg:479.40ms
step:3114/4578 train_loss:3.5228 train_time:1488041ms step_avg:479.39ms
step:3115/4578 train_loss:3.4503 train_time:1488518ms step_avg:479.39ms
step:3116/4578 train_loss:3.3361 train_time:1489001ms step_avg:479.40ms
step:3117/4578 train_loss:3.3326 train_time:1489476ms step_avg:479.39ms
step:3118/4578 train_loss:3.4289 train_time:1489956ms step_avg:479.39ms
step:3119/4578 train_loss:3.8448 train_time:1490429ms step_avg:479.39ms
step:3120/4578 train_loss:3.4387 train_time:1490905ms step_avg:479.39ms
step:3121/4578 train_loss:3.3533 train_time:1491383ms step_avg:479.39ms
step:3122/4578 train_loss:3.5312 train_time:1491858ms step_avg:479.39ms
step:3123/4578 train_loss:3.5603 train_time:1492336ms step_avg:479.39ms
step:3124/4578 train_loss:3.5546 train_time:1492808ms step_avg:479.39ms
step:3125/4578 train_loss:3.2660 train_time:1493295ms step_avg:479.39ms
step:3125/4578 val_loss:3.4217 train_time:1493604ms step_avg:479.49ms
step:3126/4578 train_loss:3.4256 train_time:1493771ms step_avg:479.39ms
step:3127/4578 train_loss:3.4146 train_time:1494247ms step_avg:479.39ms
step:3128/4578 train_loss:3.5143 train_time:1494731ms step_avg:479.39ms
step:3129/4578 train_loss:3.4581 train_time:1495210ms step_avg:479.39ms
step:3130/4578 train_loss:3.2409 train_time:1495682ms step_avg:479.39ms
step:3131/4578 train_loss:3.2898 train_time:1496158ms step_avg:479.38ms
step:3132/4578 train_loss:3.4461 train_time:1496632ms step_avg:479.38ms
step:3133/4578 train_loss:3.4686 train_time:1497117ms step_avg:479.38ms
step:3134/4578 train_loss:3.2717 train_time:1497584ms step_avg:479.38ms
step:3135/4578 train_loss:3.4636 train_time:1498062ms step_avg:479.38ms
step:3136/4578 train_loss:3.2722 train_time:1498540ms step_avg:479.38ms
step:3137/4578 train_loss:3.6373 train_time:1499021ms step_avg:479.38ms
step:3138/4578 train_loss:3.8673 train_time:1499500ms step_avg:479.38ms
step:3139/4578 train_loss:3.6935 train_time:1499969ms step_avg:479.38ms
step:3140/4578 train_loss:3.3890 train_time:1500449ms step_avg:479.38ms
step:3141/4578 train_loss:3.4321 train_time:1500921ms step_avg:479.37ms
step:3142/4578 train_loss:3.3381 train_time:1501399ms step_avg:479.37ms
step:3143/4578 train_loss:3.5356 train_time:1501877ms step_avg:479.37ms
step:3144/4578 train_loss:3.2485 train_time:1502354ms step_avg:479.37ms
step:3145/4578 train_loss:3.4756 train_time:1502832ms step_avg:479.37ms
step:3146/4578 train_loss:3.5864 train_time:1503310ms step_avg:479.37ms
step:3147/4578 train_loss:3.3962 train_time:1503794ms step_avg:479.37ms
step:3148/4578 train_loss:3.6114 train_time:1504268ms step_avg:479.37ms
step:3149/4578 train_loss:4.0150 train_time:1504742ms step_avg:479.37ms
step:3150/4578 train_loss:3.3275 train_time:1505223ms step_avg:479.37ms
step:3151/4578 train_loss:3.4207 train_time:1505704ms step_avg:479.37ms
step:3152/4578 train_loss:3.5418 train_time:1506176ms step_avg:479.37ms
step:3153/4578 train_loss:3.3329 train_time:1506649ms step_avg:479.37ms
step:3154/4578 train_loss:3.4790 train_time:1507127ms step_avg:479.37ms
step:3155/4578 train_loss:3.2586 train_time:1507605ms step_avg:479.37ms
step:3156/4578 train_loss:3.3560 train_time:1508086ms step_avg:479.37ms
step:3157/4578 train_loss:3.4670 train_time:1508561ms step_avg:479.36ms
step:3158/4578 train_loss:3.5098 train_time:1509033ms step_avg:479.36ms
step:3159/4578 train_loss:3.4145 train_time:1509511ms step_avg:479.36ms
step:3160/4578 train_loss:3.3651 train_time:1509983ms step_avg:479.36ms
step:3161/4578 train_loss:3.4833 train_time:1510460ms step_avg:479.36ms
step:3162/4578 train_loss:3.7056 train_time:1510941ms step_avg:479.36ms
step:3163/4578 train_loss:3.6250 train_time:1511422ms step_avg:479.36ms
step:3164/4578 train_loss:3.5105 train_time:1511905ms step_avg:479.36ms
step:3165/4578 train_loss:3.4784 train_time:1512378ms step_avg:479.36ms
step:3166/4578 train_loss:3.4304 train_time:1512862ms step_avg:479.36ms
step:3167/4578 train_loss:3.2889 train_time:1513337ms step_avg:479.36ms
step:3168/4578 train_loss:3.2230 train_time:1513812ms step_avg:479.36ms
step:3169/4578 train_loss:3.2407 train_time:1514290ms step_avg:479.36ms
step:3170/4578 train_loss:3.4416 train_time:1514766ms step_avg:479.36ms
step:3171/4578 train_loss:3.2036 train_time:1515238ms step_avg:479.35ms
step:3172/4578 train_loss:3.3985 train_time:1515713ms step_avg:479.35ms
step:3173/4578 train_loss:3.5432 train_time:1516192ms step_avg:479.35ms
step:3174/4578 train_loss:3.4397 train_time:1516669ms step_avg:479.35ms
step:3175/4578 train_loss:3.4659 train_time:1517148ms step_avg:479.35ms
step:3176/4578 train_loss:3.5036 train_time:1517627ms step_avg:479.35ms
step:3177/4578 train_loss:3.3030 train_time:1518101ms step_avg:479.35ms
step:3178/4578 train_loss:3.4168 train_time:1518580ms step_avg:479.35ms
step:3179/4578 train_loss:3.6389 train_time:1519056ms step_avg:479.35ms
step:3180/4578 train_loss:3.4147 train_time:1519534ms step_avg:479.35ms
step:3181/4578 train_loss:3.3896 train_time:1520008ms step_avg:479.35ms
step:3182/4578 train_loss:3.3619 train_time:1520482ms step_avg:479.34ms
step:3183/4578 train_loss:3.5530 train_time:1520962ms step_avg:479.35ms
step:3184/4578 train_loss:3.4964 train_time:1521441ms step_avg:479.35ms
step:3185/4578 train_loss:3.3771 train_time:1521920ms step_avg:479.34ms
step:3186/4578 train_loss:3.6063 train_time:1522397ms step_avg:479.34ms
step:3187/4578 train_loss:3.5193 train_time:1522869ms step_avg:479.34ms
step:3188/4578 train_loss:3.3327 train_time:1523345ms step_avg:479.34ms
step:3189/4578 train_loss:3.5672 train_time:1523828ms step_avg:479.34ms
step:3190/4578 train_loss:3.3996 train_time:1524304ms step_avg:479.34ms
step:3191/4578 train_loss:3.3365 train_time:1524788ms step_avg:479.34ms
step:3192/4578 train_loss:3.3608 train_time:1525266ms step_avg:479.34ms
step:3193/4578 train_loss:3.3117 train_time:1525739ms step_avg:479.34ms
step:3194/4578 train_loss:4.0491 train_time:1526215ms step_avg:479.34ms
step:3195/4578 train_loss:3.4445 train_time:1526695ms step_avg:479.34ms
step:3196/4578 train_loss:3.2243 train_time:1527171ms step_avg:479.34ms
step:3197/4578 train_loss:3.4207 train_time:1527645ms step_avg:479.34ms
step:3198/4578 train_loss:3.2363 train_time:1528119ms step_avg:479.33ms
step:3199/4578 train_loss:3.2518 train_time:1528598ms step_avg:479.33ms
step:3200/4578 train_loss:3.2226 train_time:1529078ms step_avg:479.33ms
step:3201/4578 train_loss:3.3743 train_time:1529552ms step_avg:479.33ms
step:3202/4578 train_loss:3.4313 train_time:1530030ms step_avg:479.33ms
step:3203/4578 train_loss:3.3276 train_time:1530507ms step_avg:479.33ms
step:3204/4578 train_loss:3.3528 train_time:1530983ms step_avg:479.33ms
step:3205/4578 train_loss:3.4183 train_time:1531457ms step_avg:479.33ms
step:3206/4578 train_loss:3.6581 train_time:1531934ms step_avg:479.33ms
step:3207/4578 train_loss:3.1743 train_time:1532410ms step_avg:479.33ms
step:3208/4578 train_loss:3.5855 train_time:1532885ms step_avg:479.33ms
step:3209/4578 train_loss:3.5209 train_time:1533365ms step_avg:479.33ms
step:3210/4578 train_loss:3.5671 train_time:1533841ms step_avg:479.33ms
step:3211/4578 train_loss:3.2833 train_time:1534323ms step_avg:479.33ms
step:3212/4578 train_loss:3.2500 train_time:1534798ms step_avg:479.32ms
step:3213/4578 train_loss:3.3061 train_time:1535279ms step_avg:479.33ms
step:3214/4578 train_loss:3.7201 train_time:1535760ms step_avg:479.33ms
step:3215/4578 train_loss:3.2040 train_time:1536243ms step_avg:479.33ms
step:3216/4578 train_loss:3.3948 train_time:1536705ms step_avg:479.32ms
step:3217/4578 train_loss:3.3091 train_time:1537184ms step_avg:479.32ms
step:3218/4578 train_loss:3.3790 train_time:1537668ms step_avg:479.32ms
step:3219/4578 train_loss:3.3902 train_time:1538144ms step_avg:479.32ms
step:3220/4578 train_loss:3.5645 train_time:1538622ms step_avg:479.32ms
step:3221/4578 train_loss:3.4885 train_time:1539092ms step_avg:479.32ms
step:3222/4578 train_loss:3.3832 train_time:1539573ms step_avg:479.32ms
step:3223/4578 train_loss:3.3281 train_time:1540049ms step_avg:479.32ms
step:3224/4578 train_loss:3.2994 train_time:1540529ms step_avg:479.32ms
step:3225/4578 train_loss:3.2922 train_time:1541004ms step_avg:479.32ms
step:3226/4578 train_loss:3.4025 train_time:1541477ms step_avg:479.32ms
step:3227/4578 train_loss:3.2551 train_time:1541955ms step_avg:479.31ms
step:3228/4578 train_loss:3.3311 train_time:1542431ms step_avg:479.31ms
step:3229/4578 train_loss:3.4432 train_time:1542914ms step_avg:479.31ms
step:3230/4578 train_loss:3.2503 train_time:1543913ms step_avg:479.48ms
step:3231/4578 train_loss:3.1679 train_time:1544391ms step_avg:479.48ms
step:3232/4578 train_loss:3.3464 train_time:1544864ms step_avg:479.47ms
step:3233/4578 train_loss:3.6235 train_time:1545342ms step_avg:479.47ms
step:3234/4578 train_loss:3.6985 train_time:1545815ms step_avg:479.47ms
step:3235/4578 train_loss:3.5546 train_time:1546296ms step_avg:479.47ms
step:3236/4578 train_loss:3.3452 train_time:1546770ms step_avg:479.47ms
step:3237/4578 train_loss:3.6635 train_time:1547248ms step_avg:479.47ms
step:3238/4578 train_loss:3.4486 train_time:1547726ms step_avg:479.47ms
step:3239/4578 train_loss:3.5305 train_time:1548202ms step_avg:479.47ms
step:3240/4578 train_loss:3.2401 train_time:1548680ms step_avg:479.47ms
step:3241/4578 train_loss:3.3999 train_time:1549161ms step_avg:479.47ms
step:3242/4578 train_loss:3.4550 train_time:1549633ms step_avg:479.47ms
step:3243/4578 train_loss:3.5791 train_time:1550110ms step_avg:479.46ms
step:3244/4578 train_loss:3.4733 train_time:1550587ms step_avg:479.46ms
step:3245/4578 train_loss:3.5488 train_time:1551064ms step_avg:479.46ms
step:3246/4578 train_loss:3.3080 train_time:1551544ms step_avg:479.46ms
step:3247/4578 train_loss:3.4786 train_time:1552020ms step_avg:479.46ms
step:3248/4578 train_loss:3.4366 train_time:1552495ms step_avg:479.46ms
step:3249/4578 train_loss:3.2903 train_time:1552976ms step_avg:479.46ms
step:3250/4578 train_loss:3.1842 train_time:1553456ms step_avg:479.46ms
step:3250/4578 val_loss:3.4135 train_time:1553767ms step_avg:479.56ms
step:3251/4578 train_loss:3.3641 train_time:1553932ms step_avg:479.46ms
step:3252/4578 train_loss:3.3769 train_time:1554406ms step_avg:479.46ms
step:3253/4578 train_loss:3.4920 train_time:1554887ms step_avg:479.46ms
step:3254/4578 train_loss:3.4501 train_time:1555363ms step_avg:479.46ms
step:3255/4578 train_loss:3.6164 train_time:1555834ms step_avg:479.46ms
step:3256/4578 train_loss:3.4110 train_time:1556311ms step_avg:479.45ms
step:3257/4578 train_loss:3.5455 train_time:1556792ms step_avg:479.46ms
step:3258/4578 train_loss:3.4095 train_time:1557267ms step_avg:479.45ms
step:3259/4578 train_loss:3.3587 train_time:1557737ms step_avg:479.45ms
step:3260/4578 train_loss:3.5279 train_time:1558222ms step_avg:479.45ms
step:3261/4578 train_loss:3.2571 train_time:1558699ms step_avg:479.45ms
step:3262/4578 train_loss:3.1687 train_time:1559178ms step_avg:479.45ms
step:3263/4578 train_loss:3.2861 train_time:1559657ms step_avg:479.45ms
step:3264/4578 train_loss:3.3797 train_time:1560133ms step_avg:479.45ms
step:3265/4578 train_loss:3.3936 train_time:1560608ms step_avg:479.45ms
step:3266/4578 train_loss:3.3546 train_time:1561084ms step_avg:479.45ms
step:3267/4578 train_loss:3.3149 train_time:1561564ms step_avg:479.45ms
step:3268/4578 train_loss:3.5167 train_time:1562042ms step_avg:479.45ms
step:3269/4578 train_loss:3.3981 train_time:1562517ms step_avg:479.45ms
step:3270/4578 train_loss:3.4687 train_time:1562994ms step_avg:479.45ms
step:3271/4578 train_loss:3.3123 train_time:1563471ms step_avg:479.45ms
step:3272/4578 train_loss:3.1318 train_time:1563954ms step_avg:479.45ms
step:3273/4578 train_loss:3.4390 train_time:1564430ms step_avg:479.45ms
step:3274/4578 train_loss:3.4362 train_time:1564910ms step_avg:479.45ms
step:3275/4578 train_loss:3.3785 train_time:1565388ms step_avg:479.45ms
step:3276/4578 train_loss:3.3922 train_time:1565859ms step_avg:479.44ms
step:3277/4578 train_loss:3.3792 train_time:1566338ms step_avg:479.44ms
step:3278/4578 train_loss:3.4872 train_time:1566816ms step_avg:479.44ms
step:3279/4578 train_loss:3.5591 train_time:1567292ms step_avg:479.44ms
step:3280/4578 train_loss:3.4410 train_time:1567772ms step_avg:479.44ms
step:3281/4578 train_loss:3.4861 train_time:1568258ms step_avg:479.44ms
step:3282/4578 train_loss:3.3521 train_time:1568730ms step_avg:479.44ms
step:3283/4578 train_loss:3.3442 train_time:1569208ms step_avg:479.44ms
step:3284/4578 train_loss:3.5045 train_time:1569683ms step_avg:479.44ms
step:3285/4578 train_loss:3.4769 train_time:1570165ms step_avg:479.44ms
step:3286/4578 train_loss:3.4433 train_time:1570639ms step_avg:479.44ms
step:3287/4578 train_loss:3.5631 train_time:1571121ms step_avg:479.44ms
step:3288/4578 train_loss:3.3628 train_time:1571603ms step_avg:479.44ms
step:3289/4578 train_loss:3.4807 train_time:1572069ms step_avg:479.44ms
step:3290/4578 train_loss:3.4786 train_time:1572545ms step_avg:479.43ms
step:3291/4578 train_loss:3.3011 train_time:1573026ms step_avg:479.43ms
step:3292/4578 train_loss:3.4795 train_time:1573498ms step_avg:479.43ms
step:3293/4578 train_loss:3.3125 train_time:1573975ms step_avg:479.43ms
step:3294/4578 train_loss:3.3936 train_time:1574452ms step_avg:479.43ms
step:3295/4578 train_loss:3.4295 train_time:1574928ms step_avg:479.43ms
step:3296/4578 train_loss:3.4479 train_time:1575407ms step_avg:479.43ms
step:3297/4578 train_loss:3.4869 train_time:1575884ms step_avg:479.43ms
step:3298/4578 train_loss:3.3860 train_time:1576363ms step_avg:479.43ms
step:3299/4578 train_loss:3.4578 train_time:1576845ms step_avg:479.43ms
step:3300/4578 train_loss:3.3012 train_time:1577311ms step_avg:479.43ms
step:3301/4578 train_loss:3.3566 train_time:1577789ms step_avg:479.43ms
step:3302/4578 train_loss:3.5144 train_time:1578263ms step_avg:479.42ms
step:3303/4578 train_loss:3.3885 train_time:1578743ms step_avg:479.42ms
step:3304/4578 train_loss:3.4081 train_time:1579222ms step_avg:479.42ms
step:3305/4578 train_loss:3.4837 train_time:1579702ms step_avg:479.42ms
step:3306/4578 train_loss:3.5044 train_time:1580174ms step_avg:479.42ms
step:3307/4578 train_loss:3.4082 train_time:1580656ms step_avg:479.42ms
step:3308/4578 train_loss:3.4385 train_time:1581128ms step_avg:479.42ms
step:3309/4578 train_loss:3.5478 train_time:1581605ms step_avg:479.42ms
step:3310/4578 train_loss:3.3452 train_time:1582083ms step_avg:479.42ms
step:3311/4578 train_loss:3.4065 train_time:1582559ms step_avg:479.42ms
step:3312/4578 train_loss:3.5329 train_time:1583039ms step_avg:479.42ms
step:3313/4578 train_loss:3.4045 train_time:1583513ms step_avg:479.42ms
step:3314/4578 train_loss:3.7087 train_time:1583994ms step_avg:479.42ms
step:3315/4578 train_loss:3.4402 train_time:1584471ms step_avg:479.42ms
step:3316/4578 train_loss:3.3277 train_time:1584943ms step_avg:479.41ms
step:3317/4578 train_loss:3.0206 train_time:1585420ms step_avg:479.41ms
step:3318/4578 train_loss:3.5408 train_time:1585896ms step_avg:479.41ms
step:3319/4578 train_loss:3.3796 train_time:1586377ms step_avg:479.41ms
step:3320/4578 train_loss:3.4228 train_time:1586851ms step_avg:479.41ms
step:3321/4578 train_loss:3.4255 train_time:1587329ms step_avg:479.41ms
step:3322/4578 train_loss:3.4574 train_time:1587805ms step_avg:479.41ms
step:3323/4578 train_loss:3.4012 train_time:1588282ms step_avg:479.41ms
step:3324/4578 train_loss:3.3013 train_time:1588762ms step_avg:479.41ms
step:3325/4578 train_loss:3.1779 train_time:1589242ms step_avg:479.41ms
step:3326/4578 train_loss:3.4391 train_time:1589719ms step_avg:479.41ms
step:3327/4578 train_loss:3.3566 train_time:1590190ms step_avg:479.41ms
step:3328/4578 train_loss:3.2660 train_time:1590666ms step_avg:479.41ms
step:3329/4578 train_loss:3.2365 train_time:1591147ms step_avg:479.41ms
step:3330/4578 train_loss:3.4055 train_time:1591622ms step_avg:479.40ms
step:3331/4578 train_loss:3.5150 train_time:1592104ms step_avg:479.41ms
step:3332/4578 train_loss:3.7984 train_time:1592580ms step_avg:479.40ms
step:3333/4578 train_loss:3.4744 train_time:1593048ms step_avg:479.40ms
step:3334/4578 train_loss:3.2748 train_time:1593529ms step_avg:479.40ms
step:3335/4578 train_loss:3.3904 train_time:1594008ms step_avg:479.40ms
step:3336/4578 train_loss:3.4662 train_time:1594482ms step_avg:479.40ms
step:3337/4578 train_loss:3.4014 train_time:1594960ms step_avg:479.40ms
step:3338/4578 train_loss:3.5977 train_time:1595434ms step_avg:479.40ms
step:3339/4578 train_loss:3.5003 train_time:1595914ms step_avg:479.40ms
step:3340/4578 train_loss:3.4037 train_time:1596394ms step_avg:479.40ms
step:3341/4578 train_loss:3.4717 train_time:1596867ms step_avg:479.40ms
step:3342/4578 train_loss:3.4566 train_time:1597340ms step_avg:479.39ms
step:3343/4578 train_loss:3.5330 train_time:1597817ms step_avg:479.39ms
step:3344/4578 train_loss:3.3707 train_time:1598297ms step_avg:479.39ms
step:3345/4578 train_loss:3.2502 train_time:1598781ms step_avg:479.39ms
step:3346/4578 train_loss:3.4037 train_time:1599257ms step_avg:479.39ms
step:3347/4578 train_loss:3.3261 train_time:1599735ms step_avg:479.39ms
step:3348/4578 train_loss:3.3823 train_time:1600210ms step_avg:479.39ms
step:3349/4578 train_loss:3.4222 train_time:1600693ms step_avg:479.39ms
step:3350/4578 train_loss:3.5574 train_time:1601164ms step_avg:479.39ms
step:3351/4578 train_loss:3.2608 train_time:1601639ms step_avg:479.39ms
step:3352/4578 train_loss:3.3156 train_time:1602120ms step_avg:479.39ms
step:3353/4578 train_loss:3.4434 train_time:1602593ms step_avg:479.39ms
step:3354/4578 train_loss:3.3259 train_time:1603075ms step_avg:479.39ms
step:3355/4578 train_loss:3.5908 train_time:1603545ms step_avg:479.39ms
step:3356/4578 train_loss:3.2904 train_time:1604027ms step_avg:479.39ms
step:3357/4578 train_loss:3.5033 train_time:1604504ms step_avg:479.39ms
step:3358/4578 train_loss:3.2936 train_time:1604977ms step_avg:479.38ms
step:3359/4578 train_loss:3.5365 train_time:1605455ms step_avg:479.38ms
step:3360/4578 train_loss:3.2597 train_time:1605929ms step_avg:479.38ms
step:3361/4578 train_loss:3.6772 train_time:1606405ms step_avg:479.38ms
step:3362/4578 train_loss:3.5633 train_time:1606886ms step_avg:479.38ms
step:3363/4578 train_loss:3.5157 train_time:1607363ms step_avg:479.38ms
step:3364/4578 train_loss:3.3694 train_time:1607839ms step_avg:479.38ms
step:3365/4578 train_loss:3.6697 train_time:1608315ms step_avg:479.38ms
step:3366/4578 train_loss:3.3797 train_time:1608790ms step_avg:479.38ms
step:3367/4578 train_loss:3.5103 train_time:1609272ms step_avg:479.38ms
step:3368/4578 train_loss:3.3272 train_time:1609748ms step_avg:479.38ms
step:3369/4578 train_loss:3.3609 train_time:1610224ms step_avg:479.38ms
step:3370/4578 train_loss:3.3225 train_time:1610701ms step_avg:479.38ms
step:3371/4578 train_loss:3.3643 train_time:1611177ms step_avg:479.37ms
step:3372/4578 train_loss:3.3071 train_time:1611650ms step_avg:479.37ms
step:3373/4578 train_loss:3.3615 train_time:1612135ms step_avg:479.37ms
step:3374/4578 train_loss:3.4258 train_time:1612608ms step_avg:479.37ms
step:3375/4578 train_loss:3.2956 train_time:1613087ms step_avg:479.37ms
step:3375/4578 val_loss:3.4023 train_time:1613403ms step_avg:479.47ms
step:3376/4578 train_loss:3.4044 train_time:1613569ms step_avg:479.37ms
step:3377/4578 train_loss:3.4635 train_time:1614042ms step_avg:479.37ms
step:3378/4578 train_loss:3.3959 train_time:1614521ms step_avg:479.37ms
step:3379/4578 train_loss:3.2637 train_time:1615002ms step_avg:479.37ms
step:3380/4578 train_loss:3.4056 train_time:1615478ms step_avg:479.37ms
step:3381/4578 train_loss:3.2677 train_time:1615954ms step_avg:479.37ms
step:3382/4578 train_loss:3.5164 train_time:1616430ms step_avg:479.37ms
step:3383/4578 train_loss:3.2997 train_time:1616913ms step_avg:479.37ms
step:3384/4578 train_loss:3.5144 train_time:1617398ms step_avg:479.37ms
step:3385/4578 train_loss:3.3844 train_time:1617869ms step_avg:479.37ms
step:3386/4578 train_loss:3.3754 train_time:1618351ms step_avg:479.37ms
step:3387/4578 train_loss:3.3030 train_time:1618825ms step_avg:479.37ms
step:3388/4578 train_loss:3.4681 train_time:1619305ms step_avg:479.37ms
step:3389/4578 train_loss:3.4708 train_time:1619775ms step_avg:479.37ms
step:3390/4578 train_loss:3.4213 train_time:1620244ms step_avg:479.36ms
step:3391/4578 train_loss:3.4419 train_time:1620717ms step_avg:479.36ms
step:3392/4578 train_loss:3.3907 train_time:1621196ms step_avg:479.36ms
step:3393/4578 train_loss:3.5786 train_time:1621677ms step_avg:479.36ms
step:3394/4578 train_loss:3.2681 train_time:1622152ms step_avg:479.36ms
step:3395/4578 train_loss:3.2954 train_time:1622629ms step_avg:479.36ms
step:3396/4578 train_loss:3.3319 train_time:1623107ms step_avg:479.36ms
step:3397/4578 train_loss:3.2992 train_time:1623585ms step_avg:479.36ms
step:3398/4578 train_loss:3.3416 train_time:1624061ms step_avg:479.36ms
step:3399/4578 train_loss:3.3311 train_time:1624543ms step_avg:479.36ms
step:3400/4578 train_loss:3.3772 train_time:1625023ms step_avg:479.36ms
step:3401/4578 train_loss:3.6352 train_time:1625498ms step_avg:479.36ms
step:3402/4578 train_loss:3.4140 train_time:1625976ms step_avg:479.36ms
step:3403/4578 train_loss:3.6294 train_time:1626449ms step_avg:479.35ms
step:3404/4578 train_loss:3.4593 train_time:1626925ms step_avg:479.35ms
step:3405/4578 train_loss:3.4253 train_time:1627400ms step_avg:479.35ms
step:3406/4578 train_loss:3.3688 train_time:1627881ms step_avg:479.35ms
step:3407/4578 train_loss:3.4991 train_time:1628359ms step_avg:479.35ms
step:3408/4578 train_loss:3.3706 train_time:1628837ms step_avg:479.35ms
step:3409/4578 train_loss:3.3636 train_time:1629310ms step_avg:479.35ms
step:3410/4578 train_loss:3.4138 train_time:1629789ms step_avg:479.35ms
step:3411/4578 train_loss:3.2748 train_time:1630263ms step_avg:479.35ms
step:3412/4578 train_loss:3.2955 train_time:1630745ms step_avg:479.35ms
step:3413/4578 train_loss:3.4226 train_time:1631218ms step_avg:479.35ms
step:3414/4578 train_loss:3.6016 train_time:1631698ms step_avg:479.35ms
step:3415/4578 train_loss:3.3238 train_time:1632172ms step_avg:479.35ms
step:3416/4578 train_loss:3.4698 train_time:1632647ms step_avg:479.34ms
step:3417/4578 train_loss:3.5698 train_time:1633127ms step_avg:479.34ms
step:3418/4578 train_loss:3.5660 train_time:1633609ms step_avg:479.35ms
step:3419/4578 train_loss:3.4598 train_time:1634077ms step_avg:479.34ms
step:3420/4578 train_loss:3.5269 train_time:1634788ms step_avg:479.41ms
step:3421/4578 train_loss:3.2746 train_time:1635268ms step_avg:479.41ms
step:3422/4578 train_loss:3.3758 train_time:1635743ms step_avg:479.41ms
step:3423/4578 train_loss:3.2813 train_time:1636222ms step_avg:479.41ms
step:3424/4578 train_loss:3.5608 train_time:1636700ms step_avg:479.41ms
step:3425/4578 train_loss:3.6918 train_time:1637176ms step_avg:479.41ms
step:3426/4578 train_loss:3.4099 train_time:1637654ms step_avg:479.41ms
step:3427/4578 train_loss:3.4033 train_time:1638130ms step_avg:479.41ms
step:3428/4578 train_loss:3.3781 train_time:1638604ms step_avg:479.40ms
step:3429/4578 train_loss:3.2985 train_time:1639080ms step_avg:479.40ms
step:3430/4578 train_loss:3.3452 train_time:1639552ms step_avg:479.40ms
step:3431/4578 train_loss:3.4564 train_time:1640033ms step_avg:479.40ms
step:3432/4578 train_loss:3.6036 train_time:1640506ms step_avg:479.40ms
step:3433/4578 train_loss:3.3059 train_time:1640988ms step_avg:479.40ms
step:3434/4578 train_loss:3.6536 train_time:1641461ms step_avg:479.40ms
step:3435/4578 train_loss:3.4586 train_time:1641943ms step_avg:479.40ms
step:3436/4578 train_loss:3.2944 train_time:1642420ms step_avg:479.40ms
step:3437/4578 train_loss:3.3230 train_time:1642897ms step_avg:479.40ms
step:3438/4578 train_loss:3.3870 train_time:1643372ms step_avg:479.40ms
step:3439/4578 train_loss:3.5224 train_time:1643846ms step_avg:479.40ms
step:3440/4578 train_loss:3.2724 train_time:1644321ms step_avg:479.39ms
step:3441/4578 train_loss:3.5089 train_time:1644807ms step_avg:479.40ms
step:3442/4578 train_loss:3.3684 train_time:1645290ms step_avg:479.40ms
step:3443/4578 train_loss:3.5534 train_time:1645759ms step_avg:479.39ms
step:3444/4578 train_loss:3.4744 train_time:1646235ms step_avg:479.39ms
step:3445/4578 train_loss:3.3901 train_time:1646713ms step_avg:479.39ms
step:3446/4578 train_loss:3.2887 train_time:1647186ms step_avg:479.39ms
step:3447/4578 train_loss:3.6615 train_time:1647663ms step_avg:479.39ms
step:3448/4578 train_loss:3.4257 train_time:1648144ms step_avg:479.39ms
step:3449/4578 train_loss:3.2663 train_time:1648622ms step_avg:479.39ms
step:3450/4578 train_loss:3.5805 train_time:1649096ms step_avg:479.39ms
step:3451/4578 train_loss:3.5473 train_time:1649571ms step_avg:479.39ms
step:3452/4578 train_loss:3.4829 train_time:1650052ms step_avg:479.39ms
step:3453/4578 train_loss:3.3036 train_time:1650525ms step_avg:479.39ms
step:3454/4578 train_loss:3.6233 train_time:1651001ms step_avg:479.38ms
step:3455/4578 train_loss:3.3089 train_time:1651482ms step_avg:479.39ms
step:3456/4578 train_loss:3.5477 train_time:1651967ms step_avg:479.39ms
step:3457/4578 train_loss:3.3420 train_time:1652448ms step_avg:479.39ms
step:3458/4578 train_loss:3.4358 train_time:1652913ms step_avg:479.38ms
step:3459/4578 train_loss:3.4748 train_time:1653391ms step_avg:479.38ms
step:3460/4578 train_loss:3.3247 train_time:1653879ms step_avg:479.39ms
step:3461/4578 train_loss:3.4084 train_time:1654353ms step_avg:479.38ms
step:3462/4578 train_loss:3.3957 train_time:1654819ms step_avg:479.38ms
step:3463/4578 train_loss:3.3509 train_time:1655299ms step_avg:479.38ms
step:3464/4578 train_loss:3.3594 train_time:1655777ms step_avg:479.38ms
step:3465/4578 train_loss:3.2812 train_time:1656253ms step_avg:479.38ms
step:3466/4578 train_loss:3.3675 train_time:1656730ms step_avg:479.38ms
step:3467/4578 train_loss:3.4585 train_time:1657218ms step_avg:479.38ms
step:3468/4578 train_loss:3.4314 train_time:1657695ms step_avg:479.38ms
step:3469/4578 train_loss:3.4290 train_time:1658166ms step_avg:479.38ms
step:3470/4578 train_loss:3.4732 train_time:1658638ms step_avg:479.38ms
step:3471/4578 train_loss:3.3201 train_time:1659118ms step_avg:479.38ms
step:3472/4578 train_loss:3.6034 train_time:1659592ms step_avg:479.37ms
step:3473/4578 train_loss:4.2312 train_time:1660073ms step_avg:479.37ms
step:3474/4578 train_loss:3.4446 train_time:1660553ms step_avg:479.37ms
step:3475/4578 train_loss:3.4454 train_time:1661036ms step_avg:479.38ms
step:3476/4578 train_loss:3.4060 train_time:1661517ms step_avg:479.38ms
step:3477/4578 train_loss:3.4065 train_time:1661977ms step_avg:479.37ms
step:3478/4578 train_loss:3.2477 train_time:1662455ms step_avg:479.37ms
step:3479/4578 train_loss:3.3787 train_time:1662934ms step_avg:479.37ms
step:3480/4578 train_loss:3.1422 train_time:1663408ms step_avg:479.37ms
step:3481/4578 train_loss:3.5818 train_time:1663891ms step_avg:479.37ms
step:3482/4578 train_loss:3.3644 train_time:1664366ms step_avg:479.37ms
step:3483/4578 train_loss:3.3961 train_time:1664842ms step_avg:479.37ms
step:3484/4578 train_loss:3.4265 train_time:1665321ms step_avg:479.37ms
step:3485/4578 train_loss:3.4051 train_time:1665799ms step_avg:479.37ms
step:3486/4578 train_loss:3.4193 train_time:1666275ms step_avg:479.37ms
step:3487/4578 train_loss:3.6551 train_time:1666750ms step_avg:479.36ms
step:3488/4578 train_loss:3.3838 train_time:1667232ms step_avg:479.37ms
step:3489/4578 train_loss:3.3264 train_time:1667713ms step_avg:479.37ms
step:3490/4578 train_loss:3.5807 train_time:1668185ms step_avg:479.36ms
step:3491/4578 train_loss:3.4738 train_time:1668664ms step_avg:479.36ms
step:3492/4578 train_loss:3.3696 train_time:1669137ms step_avg:479.36ms
step:3493/4578 train_loss:3.1979 train_time:1669615ms step_avg:479.36ms
step:3494/4578 train_loss:3.5873 train_time:1670091ms step_avg:479.36ms
step:3495/4578 train_loss:3.3908 train_time:1670570ms step_avg:479.36ms
step:3496/4578 train_loss:3.4717 train_time:1671047ms step_avg:479.36ms
step:3497/4578 train_loss:3.5047 train_time:1671521ms step_avg:479.36ms
step:3498/4578 train_loss:3.3078 train_time:1672004ms step_avg:479.36ms
step:3499/4578 train_loss:3.5097 train_time:1672483ms step_avg:479.36ms
step:3500/4578 train_loss:3.3879 train_time:1672953ms step_avg:479.36ms
step:3500/4578 val_loss:3.3850 train_time:1673266ms step_avg:479.45ms
step:3501/4578 train_loss:3.3588 train_time:1673429ms step_avg:479.36ms
step:3502/4578 train_loss:3.5642 train_time:1673904ms step_avg:479.35ms
step:3503/4578 train_loss:3.3001 train_time:1674381ms step_avg:479.35ms
step:3504/4578 train_loss:3.3712 train_time:1674857ms step_avg:479.35ms
step:3505/4578 train_loss:3.4467 train_time:1675337ms step_avg:479.35ms
step:3506/4578 train_loss:3.5309 train_time:1675815ms step_avg:479.35ms
step:3507/4578 train_loss:3.2486 train_time:1676289ms step_avg:479.35ms
step:3508/4578 train_loss:3.4086 train_time:1676762ms step_avg:479.35ms
step:3509/4578 train_loss:3.2757 train_time:1677243ms step_avg:479.35ms
step:3510/4578 train_loss:3.7052 train_time:1677724ms step_avg:479.35ms
step:3511/4578 train_loss:3.3374 train_time:1678200ms step_avg:479.35ms
step:3512/4578 train_loss:3.2399 train_time:1678679ms step_avg:479.35ms
step:3513/4578 train_loss:3.3997 train_time:1679150ms step_avg:479.35ms
step:3514/4578 train_loss:3.2808 train_time:1679635ms step_avg:479.35ms
step:3515/4578 train_loss:3.2947 train_time:1680112ms step_avg:479.35ms
step:3516/4578 train_loss:3.3891 train_time:1680600ms step_avg:479.35ms
step:3517/4578 train_loss:3.3454 train_time:1681070ms step_avg:479.35ms
step:3518/4578 train_loss:3.4671 train_time:1681545ms step_avg:479.35ms
step:3519/4578 train_loss:3.3114 train_time:1682017ms step_avg:479.34ms
step:3520/4578 train_loss:3.2526 train_time:1682500ms step_avg:479.34ms
step:3521/4578 train_loss:3.5851 train_time:1682974ms step_avg:479.34ms
step:3522/4578 train_loss:3.5066 train_time:1683452ms step_avg:479.34ms
step:3523/4578 train_loss:3.3675 train_time:1683930ms step_avg:479.34ms
step:3524/4578 train_loss:3.2841 train_time:1684408ms step_avg:479.34ms
step:3525/4578 train_loss:3.4529 train_time:1684889ms step_avg:479.34ms
step:3526/4578 train_loss:3.3027 train_time:1685361ms step_avg:479.34ms
step:3527/4578 train_loss:3.5259 train_time:1685839ms step_avg:479.34ms
step:3528/4578 train_loss:3.3971 train_time:1686317ms step_avg:479.34ms
step:3529/4578 train_loss:3.1052 train_time:1686795ms step_avg:479.34ms
step:3530/4578 train_loss:3.5438 train_time:1687269ms step_avg:479.34ms
step:3531/4578 train_loss:3.3424 train_time:1687745ms step_avg:479.34ms
step:3532/4578 train_loss:3.2031 train_time:1688221ms step_avg:479.34ms
step:3533/4578 train_loss:3.2455 train_time:1688701ms step_avg:479.34ms
step:3534/4578 train_loss:3.2998 train_time:1689177ms step_avg:479.34ms
step:3535/4578 train_loss:3.2698 train_time:1689655ms step_avg:479.33ms
step:3536/4578 train_loss:3.2363 train_time:1690138ms step_avg:479.34ms
step:3537/4578 train_loss:3.4860 train_time:1690607ms step_avg:479.33ms
step:3538/4578 train_loss:3.4214 train_time:1691085ms step_avg:479.33ms
step:3539/4578 train_loss:3.3077 train_time:1691562ms step_avg:479.33ms
step:3540/4578 train_loss:3.3216 train_time:1692038ms step_avg:479.33ms
step:3541/4578 train_loss:3.5751 train_time:1692513ms step_avg:479.33ms
step:3542/4578 train_loss:3.3148 train_time:1692994ms step_avg:479.33ms
step:3543/4578 train_loss:3.4724 train_time:1693468ms step_avg:479.33ms
step:3544/4578 train_loss:3.5658 train_time:1693951ms step_avg:479.33ms
step:3545/4578 train_loss:3.5351 train_time:1694423ms step_avg:479.33ms
step:3546/4578 train_loss:3.4786 train_time:1694899ms step_avg:479.33ms
step:3547/4578 train_loss:3.2942 train_time:1695375ms step_avg:479.33ms
step:3548/4578 train_loss:3.3086 train_time:1695854ms step_avg:479.33ms
step:3549/4578 train_loss:3.4090 train_time:1696336ms step_avg:479.33ms
step:3550/4578 train_loss:3.5257 train_time:1696807ms step_avg:479.32ms
step:3551/4578 train_loss:3.3015 train_time:1697284ms step_avg:479.32ms
step:3552/4578 train_loss:3.2064 train_time:1697761ms step_avg:479.32ms
step:3553/4578 train_loss:3.3906 train_time:1698240ms step_avg:479.32ms
step:3554/4578 train_loss:3.4881 train_time:1698717ms step_avg:479.32ms
step:3555/4578 train_loss:3.4106 train_time:1699201ms step_avg:479.32ms
step:3556/4578 train_loss:3.3323 train_time:1699672ms step_avg:479.32ms
step:3557/4578 train_loss:3.1802 train_time:1700152ms step_avg:479.32ms
step:3558/4578 train_loss:3.2374 train_time:1700630ms step_avg:479.32ms
step:3559/4578 train_loss:3.4425 train_time:1701104ms step_avg:479.32ms
step:3560/4578 train_loss:3.9414 train_time:1701584ms step_avg:479.32ms
step:3561/4578 train_loss:3.4318 train_time:1702057ms step_avg:479.32ms
step:3562/4578 train_loss:3.4137 train_time:1702536ms step_avg:479.32ms
step:3563/4578 train_loss:3.2426 train_time:1703011ms step_avg:479.32ms
step:3564/4578 train_loss:3.6459 train_time:1703487ms step_avg:479.32ms
step:3565/4578 train_loss:3.2917 train_time:1703970ms step_avg:479.32ms
step:3566/4578 train_loss:3.1590 train_time:1704447ms step_avg:479.32ms
step:3567/4578 train_loss:3.3784 train_time:1704920ms step_avg:479.31ms
step:3568/4578 train_loss:3.5514 train_time:1705397ms step_avg:479.31ms
step:3569/4578 train_loss:3.3876 train_time:1705881ms step_avg:479.31ms
step:3570/4578 train_loss:3.3976 train_time:1706354ms step_avg:479.31ms
step:3571/4578 train_loss:3.5019 train_time:1706833ms step_avg:479.31ms
step:3572/4578 train_loss:3.7017 train_time:1707307ms step_avg:479.31ms
step:3573/4578 train_loss:3.2075 train_time:1707785ms step_avg:479.31ms
step:3574/4578 train_loss:3.4072 train_time:1708265ms step_avg:479.31ms
step:3575/4578 train_loss:3.5817 train_time:1708740ms step_avg:479.31ms
step:3576/4578 train_loss:3.5728 train_time:1709219ms step_avg:479.31ms
step:3577/4578 train_loss:3.3343 train_time:1709696ms step_avg:479.31ms
step:3578/4578 train_loss:3.3279 train_time:1710172ms step_avg:479.31ms
step:3579/4578 train_loss:3.4512 train_time:1710646ms step_avg:479.31ms
step:3580/4578 train_loss:3.3931 train_time:1711125ms step_avg:479.31ms
step:3581/4578 train_loss:3.3335 train_time:1711605ms step_avg:479.31ms
step:3582/4578 train_loss:3.3082 train_time:1712083ms step_avg:479.31ms
step:3583/4578 train_loss:3.2468 train_time:1712559ms step_avg:479.31ms
step:3584/4578 train_loss:3.3326 train_time:1713037ms step_avg:479.31ms
step:3585/4578 train_loss:3.4485 train_time:1713513ms step_avg:479.30ms
step:3586/4578 train_loss:3.3506 train_time:1713993ms step_avg:479.30ms
step:3587/4578 train_loss:3.3210 train_time:1714470ms step_avg:479.30ms
step:3588/4578 train_loss:3.3200 train_time:1714954ms step_avg:479.31ms
step:3589/4578 train_loss:3.3131 train_time:1715424ms step_avg:479.30ms
step:3590/4578 train_loss:3.4737 train_time:1715901ms step_avg:479.30ms
step:3591/4578 train_loss:3.6702 train_time:1716387ms step_avg:479.30ms
step:3592/4578 train_loss:3.4342 train_time:1716856ms step_avg:479.30ms
step:3593/4578 train_loss:3.4871 train_time:1717337ms step_avg:479.30ms
step:3594/4578 train_loss:3.3879 train_time:1717811ms step_avg:479.30ms
step:3595/4578 train_loss:3.4269 train_time:1718290ms step_avg:479.30ms
step:3596/4578 train_loss:3.1660 train_time:1718764ms step_avg:479.30ms
step:3597/4578 train_loss:3.3298 train_time:1719245ms step_avg:479.30ms
step:3598/4578 train_loss:3.6884 train_time:1719722ms step_avg:479.30ms
step:3599/4578 train_loss:3.3910 train_time:1720203ms step_avg:479.30ms
step:3600/4578 train_loss:3.2113 train_time:1720674ms step_avg:479.30ms
step:3601/4578 train_loss:3.3814 train_time:1721148ms step_avg:479.29ms
step:3602/4578 train_loss:3.5107 train_time:1721626ms step_avg:479.29ms
step:3603/4578 train_loss:3.4181 train_time:1722104ms step_avg:479.29ms
step:3604/4578 train_loss:3.3991 train_time:1722580ms step_avg:479.29ms
step:3605/4578 train_loss:3.6686 train_time:1723072ms step_avg:479.30ms
step:3606/4578 train_loss:3.2731 train_time:1723548ms step_avg:479.30ms
step:3607/4578 train_loss:3.2524 train_time:1724025ms step_avg:479.30ms
step:3608/4578 train_loss:3.7903 train_time:1724505ms step_avg:479.30ms
step:3609/4578 train_loss:3.3017 train_time:1724980ms step_avg:479.29ms
step:3610/4578 train_loss:3.2970 train_time:1725689ms step_avg:479.36ms
step:3611/4578 train_loss:3.2044 train_time:1726182ms step_avg:479.36ms
step:3612/4578 train_loss:3.3463 train_time:1726655ms step_avg:479.36ms
step:3613/4578 train_loss:3.4699 train_time:1727134ms step_avg:479.36ms
step:3614/4578 train_loss:3.3904 train_time:1727601ms step_avg:479.36ms
step:3615/4578 train_loss:3.8931 train_time:1728072ms step_avg:479.35ms
step:3616/4578 train_loss:3.2049 train_time:1728549ms step_avg:479.35ms
step:3617/4578 train_loss:3.3430 train_time:1729025ms step_avg:479.35ms
step:3618/4578 train_loss:3.2802 train_time:1729499ms step_avg:479.35ms
step:3619/4578 train_loss:3.5617 train_time:1729979ms step_avg:479.35ms
step:3620/4578 train_loss:3.3910 train_time:1730460ms step_avg:479.35ms
step:3621/4578 train_loss:3.2475 train_time:1730933ms step_avg:479.35ms
step:3622/4578 train_loss:3.3478 train_time:1731413ms step_avg:479.35ms
step:3623/4578 train_loss:3.3631 train_time:1731886ms step_avg:479.35ms
step:3624/4578 train_loss:3.2619 train_time:1732375ms step_avg:479.35ms
step:3625/4578 train_loss:3.4299 train_time:1732861ms step_avg:479.35ms
step:3625/4578 val_loss:3.3713 train_time:1733155ms step_avg:479.43ms
step:3626/4578 train_loss:3.5798 train_time:1733320ms step_avg:479.35ms
step:3627/4578 train_loss:3.5387 train_time:1733796ms step_avg:479.35ms
step:3628/4578 train_loss:3.2976 train_time:1734274ms step_avg:479.35ms
step:3629/4578 train_loss:3.1664 train_time:1734757ms step_avg:479.35ms
step:3630/4578 train_loss:3.4454 train_time:1735225ms step_avg:479.34ms
step:3631/4578 train_loss:3.2613 train_time:1735702ms step_avg:479.34ms
step:3632/4578 train_loss:3.5548 train_time:1736179ms step_avg:479.34ms
step:3633/4578 train_loss:3.3620 train_time:1736658ms step_avg:479.34ms
step:3634/4578 train_loss:3.3897 train_time:1737137ms step_avg:479.34ms
step:3635/4578 train_loss:3.2482 train_time:1737615ms step_avg:479.34ms
step:3636/4578 train_loss:3.3362 train_time:1738091ms step_avg:479.34ms
step:3637/4578 train_loss:3.3939 train_time:1738572ms step_avg:479.34ms
step:3638/4578 train_loss:3.3169 train_time:1739045ms step_avg:479.34ms
step:3639/4578 train_loss:3.4322 train_time:1739522ms step_avg:479.34ms
step:3640/4578 train_loss:3.4173 train_time:1740000ms step_avg:479.34ms
step:3641/4578 train_loss:3.3113 train_time:1740481ms step_avg:479.34ms
step:3642/4578 train_loss:3.2999 train_time:1740954ms step_avg:479.34ms
step:3643/4578 train_loss:3.3717 train_time:1741434ms step_avg:479.34ms
step:3644/4578 train_loss:3.4375 train_time:1741911ms step_avg:479.34ms
step:3645/4578 train_loss:3.2528 train_time:1742388ms step_avg:479.34ms
step:3646/4578 train_loss:3.4671 train_time:1742865ms step_avg:479.34ms
step:3647/4578 train_loss:3.3091 train_time:1743359ms step_avg:479.34ms
step:3648/4578 train_loss:3.3858 train_time:1743841ms step_avg:479.34ms
step:3649/4578 train_loss:3.4722 train_time:1744316ms step_avg:479.34ms
step:3650/4578 train_loss:3.3859 train_time:1744790ms step_avg:479.34ms
step:3651/4578 train_loss:3.5036 train_time:1745269ms step_avg:479.34ms
step:3652/4578 train_loss:3.5805 train_time:1745749ms step_avg:479.34ms
step:3653/4578 train_loss:3.2667 train_time:1746225ms step_avg:479.34ms
step:3654/4578 train_loss:3.4152 train_time:1746697ms step_avg:479.34ms
step:3655/4578 train_loss:3.4801 train_time:1747178ms step_avg:479.34ms
step:3656/4578 train_loss:3.3085 train_time:1747654ms step_avg:479.33ms
step:3657/4578 train_loss:3.5225 train_time:1748131ms step_avg:479.33ms
step:3658/4578 train_loss:3.4025 train_time:1748610ms step_avg:479.33ms
step:3659/4578 train_loss:3.3653 train_time:1749086ms step_avg:479.33ms
step:3660/4578 train_loss:3.2973 train_time:1749567ms step_avg:479.33ms
step:3661/4578 train_loss:3.3900 train_time:1750046ms step_avg:479.33ms
step:3662/4578 train_loss:3.3150 train_time:1750520ms step_avg:479.33ms
step:3663/4578 train_loss:3.5632 train_time:1751001ms step_avg:479.33ms
step:3664/4578 train_loss:3.4374 train_time:1751489ms step_avg:479.33ms
step:3665/4578 train_loss:3.3109 train_time:1751959ms step_avg:479.33ms
step:3666/4578 train_loss:3.2085 train_time:1752434ms step_avg:479.33ms
step:3667/4578 train_loss:3.5428 train_time:1752910ms step_avg:479.33ms
step:3668/4578 train_loss:3.2720 train_time:1753364ms step_avg:479.32ms
step:3669/4578 train_loss:3.4556 train_time:1753839ms step_avg:479.32ms
step:3670/4578 train_loss:3.3482 train_time:1754321ms step_avg:479.32ms
step:3671/4578 train_loss:3.5209 train_time:1754801ms step_avg:479.32ms
step:3672/4578 train_loss:3.4762 train_time:1755278ms step_avg:479.32ms
step:3673/4578 train_loss:3.3032 train_time:1755753ms step_avg:479.32ms
step:3674/4578 train_loss:3.2018 train_time:1756228ms step_avg:479.32ms
step:3675/4578 train_loss:3.3116 train_time:1756710ms step_avg:479.32ms
step:3676/4578 train_loss:3.4266 train_time:1757189ms step_avg:479.32ms
step:3677/4578 train_loss:3.3108 train_time:1757662ms step_avg:479.32ms
step:3678/4578 train_loss:3.4533 train_time:1758143ms step_avg:479.32ms
step:3679/4578 train_loss:3.3225 train_time:1758621ms step_avg:479.32ms
step:3680/4578 train_loss:3.2308 train_time:1759094ms step_avg:479.32ms
step:3681/4578 train_loss:3.3173 train_time:1759574ms step_avg:479.32ms
step:3682/4578 train_loss:3.4791 train_time:1760054ms step_avg:479.32ms
step:3683/4578 train_loss:3.6188 train_time:1760528ms step_avg:479.32ms
step:3684/4578 train_loss:3.2963 train_time:1761004ms step_avg:479.32ms
step:3685/4578 train_loss:3.5211 train_time:1761476ms step_avg:479.31ms
step:3686/4578 train_loss:3.5741 train_time:1761956ms step_avg:479.31ms
step:3687/4578 train_loss:3.1764 train_time:1762430ms step_avg:479.31ms
step:3688/4578 train_loss:3.5729 train_time:1762910ms step_avg:479.31ms
step:3689/4578 train_loss:3.2185 train_time:1763388ms step_avg:479.31ms
step:3690/4578 train_loss:3.3627 train_time:1763864ms step_avg:479.31ms
step:3691/4578 train_loss:3.2970 train_time:1764339ms step_avg:479.31ms
step:3692/4578 train_loss:3.1868 train_time:1764821ms step_avg:479.31ms
step:3693/4578 train_loss:3.3433 train_time:1765295ms step_avg:479.31ms
step:3694/4578 train_loss:3.3875 train_time:1765774ms step_avg:479.31ms
step:3695/4578 train_loss:3.3910 train_time:1766249ms step_avg:479.31ms
step:3696/4578 train_loss:3.5294 train_time:1766728ms step_avg:479.31ms
step:3697/4578 train_loss:3.1299 train_time:1767203ms step_avg:479.31ms
step:3698/4578 train_loss:3.3486 train_time:1767679ms step_avg:479.31ms
step:3699/4578 train_loss:3.4815 train_time:1768155ms step_avg:479.30ms
step:3700/4578 train_loss:3.4291 train_time:1768630ms step_avg:479.30ms
step:3701/4578 train_loss:3.4476 train_time:1769109ms step_avg:479.30ms
step:3702/4578 train_loss:3.4403 train_time:1769584ms step_avg:479.30ms
step:3703/4578 train_loss:3.3928 train_time:1770071ms step_avg:479.30ms
step:3704/4578 train_loss:3.1654 train_time:1770542ms step_avg:479.30ms
step:3705/4578 train_loss:3.4843 train_time:1771022ms step_avg:479.30ms
step:3706/4578 train_loss:3.6129 train_time:1771495ms step_avg:479.30ms
step:3707/4578 train_loss:3.5781 train_time:1771967ms step_avg:479.30ms
step:3708/4578 train_loss:3.4179 train_time:1772448ms step_avg:479.30ms
step:3709/4578 train_loss:3.3506 train_time:1772925ms step_avg:479.30ms
step:3710/4578 train_loss:3.6118 train_time:1773403ms step_avg:479.30ms
step:3711/4578 train_loss:3.1382 train_time:1773880ms step_avg:479.30ms
step:3712/4578 train_loss:3.5081 train_time:1774362ms step_avg:479.30ms
step:3713/4578 train_loss:3.2750 train_time:1774841ms step_avg:479.30ms
step:3714/4578 train_loss:3.4167 train_time:1775313ms step_avg:479.30ms
step:3715/4578 train_loss:3.9064 train_time:1775794ms step_avg:479.30ms
step:3716/4578 train_loss:3.7682 train_time:1776270ms step_avg:479.30ms
step:3717/4578 train_loss:3.6535 train_time:1776749ms step_avg:479.30ms
step:3718/4578 train_loss:3.3353 train_time:1777226ms step_avg:479.30ms
step:3719/4578 train_loss:3.1512 train_time:1777703ms step_avg:479.29ms
step:3720/4578 train_loss:3.5262 train_time:1778183ms step_avg:479.29ms
step:3721/4578 train_loss:3.1716 train_time:1778653ms step_avg:479.29ms
step:3722/4578 train_loss:3.4395 train_time:1779131ms step_avg:479.29ms
step:3723/4578 train_loss:3.2920 train_time:1779605ms step_avg:479.29ms
step:3724/4578 train_loss:3.2766 train_time:1780076ms step_avg:479.29ms
step:3725/4578 train_loss:3.5305 train_time:1780557ms step_avg:479.29ms
step:3726/4578 train_loss:3.3259 train_time:1781036ms step_avg:479.29ms
step:3727/4578 train_loss:3.5783 train_time:1781512ms step_avg:479.29ms
step:3728/4578 train_loss:3.3259 train_time:1781989ms step_avg:479.29ms
step:3729/4578 train_loss:3.2931 train_time:1782466ms step_avg:479.29ms
step:3730/4578 train_loss:3.4829 train_time:1782942ms step_avg:479.29ms
step:3731/4578 train_loss:3.4865 train_time:1783422ms step_avg:479.29ms
step:3732/4578 train_loss:3.2837 train_time:1783903ms step_avg:479.29ms
step:3733/4578 train_loss:3.2110 train_time:1784379ms step_avg:479.29ms
step:3734/4578 train_loss:3.4019 train_time:1784878ms step_avg:479.29ms
step:3735/4578 train_loss:3.2449 train_time:1785348ms step_avg:479.29ms
step:3736/4578 train_loss:3.2504 train_time:1785831ms step_avg:479.29ms
step:3737/4578 train_loss:3.3442 train_time:1786309ms step_avg:479.29ms
step:3738/4578 train_loss:3.4522 train_time:1786788ms step_avg:479.29ms
step:3739/4578 train_loss:3.2351 train_time:1787265ms step_avg:479.29ms
step:3740/4578 train_loss:3.3359 train_time:1787740ms step_avg:479.29ms
step:3741/4578 train_loss:3.4926 train_time:1788216ms step_avg:479.29ms
step:3742/4578 train_loss:3.3614 train_time:1788696ms step_avg:479.29ms
step:3743/4578 train_loss:3.3685 train_time:1789173ms step_avg:479.29ms
step:3744/4578 train_loss:3.4915 train_time:1789651ms step_avg:479.29ms
step:3745/4578 train_loss:3.3046 train_time:1790127ms step_avg:479.28ms
step:3746/4578 train_loss:3.2278 train_time:1790600ms step_avg:479.28ms
step:3747/4578 train_loss:3.3947 train_time:1791080ms step_avg:479.28ms
step:3748/4578 train_loss:3.3047 train_time:1791544ms step_avg:479.28ms
step:3749/4578 train_loss:3.2382 train_time:1792020ms step_avg:479.28ms
step:3750/4578 train_loss:3.4228 train_time:1792496ms step_avg:479.28ms
step:3750/4578 val_loss:3.3553 train_time:1792802ms step_avg:479.36ms
step:3751/4578 train_loss:3.3874 train_time:1792967ms step_avg:479.27ms
step:3752/4578 train_loss:3.5725 train_time:1793444ms step_avg:479.27ms
step:3753/4578 train_loss:3.2158 train_time:1793920ms step_avg:479.27ms
step:3754/4578 train_loss:3.3585 train_time:1794400ms step_avg:479.27ms
step:3755/4578 train_loss:3.4295 train_time:1794875ms step_avg:479.27ms
step:3756/4578 train_loss:3.5263 train_time:1795355ms step_avg:479.27ms
step:3757/4578 train_loss:3.4255 train_time:1795828ms step_avg:479.27ms
step:3758/4578 train_loss:3.2883 train_time:1796303ms step_avg:479.27ms
step:3759/4578 train_loss:3.5383 train_time:1796780ms step_avg:479.27ms
step:3760/4578 train_loss:3.5075 train_time:1797256ms step_avg:479.27ms
step:3761/4578 train_loss:3.1453 train_time:1797740ms step_avg:479.27ms
step:3762/4578 train_loss:3.3390 train_time:1798216ms step_avg:479.27ms
step:3763/4578 train_loss:3.2867 train_time:1798690ms step_avg:479.27ms
step:3764/4578 train_loss:3.4831 train_time:1799165ms step_avg:479.27ms
step:3765/4578 train_loss:3.3004 train_time:1799643ms step_avg:479.27ms
step:3766/4578 train_loss:3.3649 train_time:1800119ms step_avg:479.26ms
step:3767/4578 train_loss:3.3467 train_time:1800600ms step_avg:479.27ms
step:3768/4578 train_loss:3.2746 train_time:1801086ms step_avg:479.27ms
step:3769/4578 train_loss:3.4647 train_time:1801555ms step_avg:479.26ms
step:3770/4578 train_loss:3.2710 train_time:1802029ms step_avg:479.26ms
step:3771/4578 train_loss:3.2079 train_time:1802510ms step_avg:479.26ms
step:3772/4578 train_loss:3.3748 train_time:1802990ms step_avg:479.26ms
step:3773/4578 train_loss:3.3349 train_time:1803465ms step_avg:479.26ms
step:3774/4578 train_loss:3.3205 train_time:1803939ms step_avg:479.26ms
step:3775/4578 train_loss:3.3978 train_time:1804414ms step_avg:479.26ms
step:3776/4578 train_loss:3.5756 train_time:1804891ms step_avg:479.26ms
step:3777/4578 train_loss:3.4054 train_time:1805371ms step_avg:479.26ms
step:3778/4578 train_loss:3.4551 train_time:1805850ms step_avg:479.26ms
step:3779/4578 train_loss:3.4921 train_time:1806326ms step_avg:479.26ms
step:3780/4578 train_loss:3.3830 train_time:1806805ms step_avg:479.26ms
step:3781/4578 train_loss:3.3471 train_time:1807278ms step_avg:479.26ms
step:3782/4578 train_loss:3.4277 train_time:1807759ms step_avg:479.26ms
step:3783/4578 train_loss:3.4046 train_time:1808234ms step_avg:479.26ms
step:3784/4578 train_loss:3.4304 train_time:1808709ms step_avg:479.26ms
step:3785/4578 train_loss:3.1981 train_time:1809185ms step_avg:479.25ms
step:3786/4578 train_loss:3.2148 train_time:1809664ms step_avg:479.25ms
step:3787/4578 train_loss:3.3950 train_time:1810140ms step_avg:479.25ms
step:3788/4578 train_loss:3.3302 train_time:1810637ms step_avg:479.26ms
step:3789/4578 train_loss:3.2530 train_time:1811103ms step_avg:479.25ms
step:3790/4578 train_loss:3.3183 train_time:1811587ms step_avg:479.26ms
step:3791/4578 train_loss:3.2627 train_time:1812058ms step_avg:479.25ms
step:3792/4578 train_loss:3.4077 train_time:1812541ms step_avg:479.25ms
step:3793/4578 train_loss:3.4271 train_time:1813010ms step_avg:479.25ms
step:3794/4578 train_loss:3.3490 train_time:1813487ms step_avg:479.25ms
step:3795/4578 train_loss:3.2449 train_time:1813961ms step_avg:479.25ms
step:3796/4578 train_loss:3.1298 train_time:1814437ms step_avg:479.25ms
step:3797/4578 train_loss:3.2896 train_time:1814909ms step_avg:479.25ms
step:3798/4578 train_loss:3.2577 train_time:1815388ms step_avg:479.25ms
step:3799/4578 train_loss:3.3372 train_time:1815865ms step_avg:479.25ms
step:3800/4578 train_loss:3.3523 train_time:1816839ms step_avg:479.38ms
step:3801/4578 train_loss:3.2102 train_time:1817312ms step_avg:479.38ms
step:3802/4578 train_loss:3.2488 train_time:1817791ms step_avg:479.38ms
step:3803/4578 train_loss:3.4630 train_time:1818270ms step_avg:479.38ms
step:3804/4578 train_loss:3.4600 train_time:1818756ms step_avg:479.38ms
step:3805/4578 train_loss:3.2882 train_time:1819238ms step_avg:479.38ms
step:3806/4578 train_loss:3.4698 train_time:1819716ms step_avg:479.38ms
step:3807/4578 train_loss:3.5045 train_time:1820178ms step_avg:479.37ms
step:3808/4578 train_loss:3.3631 train_time:1820650ms step_avg:479.37ms
step:3809/4578 train_loss:3.2383 train_time:1821133ms step_avg:479.37ms
step:3810/4578 train_loss:3.3270 train_time:1821609ms step_avg:479.37ms
step:3811/4578 train_loss:3.4175 train_time:1822086ms step_avg:479.37ms
step:3812/4578 train_loss:3.2236 train_time:1822568ms step_avg:479.37ms
step:3813/4578 train_loss:3.5523 train_time:1823045ms step_avg:479.37ms
step:3814/4578 train_loss:3.3701 train_time:1823515ms step_avg:479.37ms
step:3815/4578 train_loss:3.1390 train_time:1823994ms step_avg:479.37ms
step:3816/4578 train_loss:3.6301 train_time:1824467ms step_avg:479.37ms
step:3817/4578 train_loss:3.4256 train_time:1824947ms step_avg:479.37ms
step:3818/4578 train_loss:3.4462 train_time:1825426ms step_avg:479.37ms
step:3819/4578 train_loss:3.2489 train_time:1825911ms step_avg:479.37ms
step:3820/4578 train_loss:3.3110 train_time:1826378ms step_avg:479.36ms
step:3821/4578 train_loss:3.3022 train_time:1826854ms step_avg:479.36ms
step:3822/4578 train_loss:3.4107 train_time:1827330ms step_avg:479.36ms
step:3823/4578 train_loss:3.2070 train_time:1827813ms step_avg:479.36ms
step:3824/4578 train_loss:3.3255 train_time:1828291ms step_avg:479.36ms
step:3825/4578 train_loss:3.3279 train_time:1828762ms step_avg:479.36ms
step:3826/4578 train_loss:3.5330 train_time:1829239ms step_avg:479.36ms
step:3827/4578 train_loss:3.3924 train_time:1829717ms step_avg:479.36ms
step:3828/4578 train_loss:3.9628 train_time:1830201ms step_avg:479.36ms
step:3829/4578 train_loss:3.4151 train_time:1830677ms step_avg:479.36ms
step:3830/4578 train_loss:3.2937 train_time:1831160ms step_avg:479.36ms
step:3831/4578 train_loss:3.3301 train_time:1831628ms step_avg:479.36ms
step:3832/4578 train_loss:3.5913 train_time:1832108ms step_avg:479.36ms
step:3833/4578 train_loss:3.2608 train_time:1832583ms step_avg:479.36ms
step:3834/4578 train_loss:3.3885 train_time:1833069ms step_avg:479.36ms
step:3835/4578 train_loss:3.2955 train_time:1833543ms step_avg:479.36ms
step:3836/4578 train_loss:3.0724 train_time:1834015ms step_avg:479.36ms
step:3837/4578 train_loss:3.5374 train_time:1834500ms step_avg:479.36ms
step:3838/4578 train_loss:3.4396 train_time:1834977ms step_avg:479.36ms
step:3839/4578 train_loss:3.3433 train_time:1835449ms step_avg:479.35ms
step:3840/4578 train_loss:3.4211 train_time:1835925ms step_avg:479.35ms
step:3841/4578 train_loss:3.4585 train_time:1836400ms step_avg:479.35ms
step:3842/4578 train_loss:3.3030 train_time:1836876ms step_avg:479.35ms
step:3843/4578 train_loss:3.2675 train_time:1837353ms step_avg:479.35ms
step:3844/4578 train_loss:3.5629 train_time:1837832ms step_avg:479.35ms
step:3845/4578 train_loss:3.3102 train_time:1838314ms step_avg:479.35ms
step:3846/4578 train_loss:3.1270 train_time:1838789ms step_avg:479.35ms
step:3847/4578 train_loss:3.4740 train_time:1839265ms step_avg:479.35ms
step:3848/4578 train_loss:3.2870 train_time:1839753ms step_avg:479.35ms
step:3849/4578 train_loss:3.3600 train_time:1840225ms step_avg:479.35ms
step:3850/4578 train_loss:3.3628 train_time:1840701ms step_avg:479.35ms
step:3851/4578 train_loss:3.2864 train_time:1841181ms step_avg:479.35ms
step:3852/4578 train_loss:3.4124 train_time:1841656ms step_avg:479.35ms
step:3853/4578 train_loss:3.1570 train_time:1842137ms step_avg:479.35ms
step:3854/4578 train_loss:3.1390 train_time:1842606ms step_avg:479.35ms
step:3855/4578 train_loss:3.3612 train_time:1843084ms step_avg:479.35ms
step:3856/4578 train_loss:3.3533 train_time:1843562ms step_avg:479.35ms
step:3857/4578 train_loss:3.2869 train_time:1844039ms step_avg:479.34ms
step:3858/4578 train_loss:3.3630 train_time:1844513ms step_avg:479.34ms
step:3859/4578 train_loss:3.3120 train_time:1844988ms step_avg:479.34ms
step:3860/4578 train_loss:3.4225 train_time:1845471ms step_avg:479.34ms
step:3861/4578 train_loss:3.6041 train_time:1845953ms step_avg:479.34ms
step:3862/4578 train_loss:3.4107 train_time:1846428ms step_avg:479.34ms
step:3863/4578 train_loss:3.4148 train_time:1846908ms step_avg:479.34ms
step:3864/4578 train_loss:3.4139 train_time:1847381ms step_avg:479.34ms
step:3865/4578 train_loss:3.3760 train_time:1847859ms step_avg:479.34ms
step:3866/4578 train_loss:3.4651 train_time:1848345ms step_avg:479.34ms
step:3867/4578 train_loss:3.2929 train_time:1848816ms step_avg:479.34ms
step:3868/4578 train_loss:3.4586 train_time:1849288ms step_avg:479.34ms
step:3869/4578 train_loss:3.6711 train_time:1849768ms step_avg:479.34ms
step:3870/4578 train_loss:3.4684 train_time:1850242ms step_avg:479.34ms
step:3871/4578 train_loss:3.3318 train_time:1850719ms step_avg:479.34ms
step:3872/4578 train_loss:3.4427 train_time:1851203ms step_avg:479.34ms
step:3873/4578 train_loss:3.3651 train_time:1851674ms step_avg:479.34ms
step:3874/4578 train_loss:3.5053 train_time:1852164ms step_avg:479.34ms
step:3875/4578 train_loss:3.3761 train_time:1852637ms step_avg:479.34ms
step:3875/4578 val_loss:3.3410 train_time:1852943ms step_avg:479.42ms
step:3876/4578 train_loss:3.4128 train_time:1853110ms step_avg:479.34ms
step:3877/4578 train_loss:3.3708 train_time:1853583ms step_avg:479.33ms
step:3878/4578 train_loss:3.4096 train_time:1854064ms step_avg:479.33ms
step:3879/4578 train_loss:3.3292 train_time:1854536ms step_avg:479.33ms
step:3880/4578 train_loss:3.2848 train_time:1855020ms step_avg:479.33ms
step:3881/4578 train_loss:3.3130 train_time:1855496ms step_avg:479.33ms
step:3882/4578 train_loss:3.2893 train_time:1855980ms step_avg:479.33ms
step:3883/4578 train_loss:3.2715 train_time:1856453ms step_avg:479.33ms
step:3884/4578 train_loss:3.2706 train_time:1856927ms step_avg:479.33ms
step:3885/4578 train_loss:3.2521 train_time:1857398ms step_avg:479.33ms
step:3886/4578 train_loss:3.2250 train_time:1857874ms step_avg:479.33ms
step:3887/4578 train_loss:3.3189 train_time:1858358ms step_avg:479.33ms
step:3888/4578 train_loss:3.3415 train_time:1858839ms step_avg:479.33ms
step:3889/4578 train_loss:3.3784 train_time:1859316ms step_avg:479.33ms
step:3890/4578 train_loss:3.1871 train_time:1859796ms step_avg:479.33ms
step:3891/4578 train_loss:3.4323 train_time:1860266ms step_avg:479.33ms
step:3892/4578 train_loss:3.3604 train_time:1860747ms step_avg:479.33ms
step:3893/4578 train_loss:3.7711 train_time:1861227ms step_avg:479.33ms
step:3894/4578 train_loss:3.2520 train_time:1861701ms step_avg:479.33ms
step:3895/4578 train_loss:3.3848 train_time:1862179ms step_avg:479.33ms
step:3896/4578 train_loss:3.5143 train_time:1862658ms step_avg:479.33ms
step:3897/4578 train_loss:3.8949 train_time:1863129ms step_avg:479.32ms
step:3898/4578 train_loss:3.1244 train_time:1863614ms step_avg:479.32ms
step:3899/4578 train_loss:3.3975 train_time:1864083ms step_avg:479.32ms
step:3900/4578 train_loss:3.5281 train_time:1864564ms step_avg:479.32ms
step:3901/4578 train_loss:3.4210 train_time:1865042ms step_avg:479.32ms
step:3902/4578 train_loss:3.5195 train_time:1865513ms step_avg:479.32ms
step:3903/4578 train_loss:3.3300 train_time:1865985ms step_avg:479.32ms
step:3904/4578 train_loss:3.3216 train_time:1866472ms step_avg:479.32ms
step:3905/4578 train_loss:3.2776 train_time:1866951ms step_avg:479.32ms
step:3906/4578 train_loss:3.3084 train_time:1867426ms step_avg:479.32ms
step:3907/4578 train_loss:3.4497 train_time:1867902ms step_avg:479.32ms
step:3908/4578 train_loss:3.4074 train_time:1868376ms step_avg:479.32ms
step:3909/4578 train_loss:3.3816 train_time:1868873ms step_avg:479.32ms
step:3910/4578 train_loss:3.3443 train_time:1869347ms step_avg:479.32ms
step:3911/4578 train_loss:3.2582 train_time:1869812ms step_avg:479.32ms
step:3912/4578 train_loss:3.2790 train_time:1870287ms step_avg:479.32ms
step:3913/4578 train_loss:3.3054 train_time:1870768ms step_avg:479.32ms
step:3914/4578 train_loss:3.5715 train_time:1871245ms step_avg:479.31ms
step:3915/4578 train_loss:3.2899 train_time:1871724ms step_avg:479.31ms
step:3916/4578 train_loss:3.2067 train_time:1872198ms step_avg:479.31ms
step:3917/4578 train_loss:3.2287 train_time:1872672ms step_avg:479.31ms
step:3918/4578 train_loss:3.3811 train_time:1873153ms step_avg:479.31ms
step:3919/4578 train_loss:3.6347 train_time:1873627ms step_avg:479.31ms
step:3920/4578 train_loss:3.2703 train_time:1874108ms step_avg:479.31ms
step:3921/4578 train_loss:3.2085 train_time:1874584ms step_avg:479.31ms
step:3922/4578 train_loss:3.4156 train_time:1875063ms step_avg:479.31ms
step:3923/4578 train_loss:3.2904 train_time:1875542ms step_avg:479.31ms
step:3924/4578 train_loss:3.3726 train_time:1876021ms step_avg:479.31ms
step:3925/4578 train_loss:3.4244 train_time:1876497ms step_avg:479.31ms
step:3926/4578 train_loss:3.4460 train_time:1876977ms step_avg:479.31ms
step:3927/4578 train_loss:3.3190 train_time:1877458ms step_avg:479.31ms
step:3928/4578 train_loss:3.3987 train_time:1877934ms step_avg:479.31ms
step:3929/4578 train_loss:3.3000 train_time:1878410ms step_avg:479.31ms
step:3930/4578 train_loss:3.6233 train_time:1878884ms step_avg:479.31ms
step:3931/4578 train_loss:3.3814 train_time:1879362ms step_avg:479.31ms
step:3932/4578 train_loss:3.4415 train_time:1879840ms step_avg:479.31ms
step:3933/4578 train_loss:3.3490 train_time:1880319ms step_avg:479.31ms
step:3934/4578 train_loss:3.3641 train_time:1880790ms step_avg:479.30ms
step:3935/4578 train_loss:3.4184 train_time:1881269ms step_avg:479.30ms
step:3936/4578 train_loss:3.4576 train_time:1881746ms step_avg:479.30ms
step:3937/4578 train_loss:3.4065 train_time:1882232ms step_avg:479.31ms
step:3938/4578 train_loss:3.4403 train_time:1882702ms step_avg:479.30ms
step:3939/4578 train_loss:3.3382 train_time:1883177ms step_avg:479.30ms
step:3940/4578 train_loss:3.2884 train_time:1883662ms step_avg:479.30ms
step:3941/4578 train_loss:3.2844 train_time:1884135ms step_avg:479.30ms
step:3942/4578 train_loss:3.4022 train_time:1884602ms step_avg:479.30ms
step:3943/4578 train_loss:3.6082 train_time:1885084ms step_avg:479.30ms
step:3944/4578 train_loss:3.4048 train_time:1885562ms step_avg:479.30ms
step:3945/4578 train_loss:3.0968 train_time:1886041ms step_avg:479.30ms
step:3946/4578 train_loss:3.3685 train_time:1886515ms step_avg:479.30ms
step:3947/4578 train_loss:3.2082 train_time:1886998ms step_avg:479.30ms
step:3948/4578 train_loss:3.2864 train_time:1887488ms step_avg:479.30ms
step:3949/4578 train_loss:3.1901 train_time:1887954ms step_avg:479.30ms
step:3950/4578 train_loss:3.4018 train_time:1888430ms step_avg:479.30ms
step:3951/4578 train_loss:3.3598 train_time:1888898ms step_avg:479.29ms
step:3952/4578 train_loss:3.0588 train_time:1889375ms step_avg:479.29ms
step:3953/4578 train_loss:3.2155 train_time:1889861ms step_avg:479.30ms
step:3954/4578 train_loss:3.4193 train_time:1890336ms step_avg:479.29ms
step:3955/4578 train_loss:3.3010 train_time:1890813ms step_avg:479.29ms
step:3956/4578 train_loss:3.2468 train_time:1891291ms step_avg:479.29ms
step:3957/4578 train_loss:3.2922 train_time:1891772ms step_avg:479.29ms
step:3958/4578 train_loss:3.0339 train_time:1892251ms step_avg:479.29ms
step:3959/4578 train_loss:3.3492 train_time:1892724ms step_avg:479.29ms
step:3960/4578 train_loss:3.4277 train_time:1893205ms step_avg:479.29ms
step:3961/4578 train_loss:3.2784 train_time:1893676ms step_avg:479.29ms
step:3962/4578 train_loss:3.3952 train_time:1894159ms step_avg:479.29ms
step:3963/4578 train_loss:3.4591 train_time:1894636ms step_avg:479.29ms
step:3964/4578 train_loss:3.3813 train_time:1895118ms step_avg:479.29ms
step:3965/4578 train_loss:3.2266 train_time:1895598ms step_avg:479.29ms
step:3966/4578 train_loss:3.4025 train_time:1896064ms step_avg:479.29ms
step:3967/4578 train_loss:3.4210 train_time:1896542ms step_avg:479.29ms
step:3968/4578 train_loss:3.2540 train_time:1897023ms step_avg:479.29ms
step:3969/4578 train_loss:3.3778 train_time:1897494ms step_avg:479.29ms
step:3970/4578 train_loss:3.3086 train_time:1898109ms step_avg:479.32ms
step:3971/4578 train_loss:3.5525 train_time:1898579ms step_avg:479.32ms
step:3972/4578 train_loss:3.3631 train_time:1899058ms step_avg:479.32ms
step:3973/4578 train_loss:3.4404 train_time:1899538ms step_avg:479.32ms
step:3974/4578 train_loss:3.3934 train_time:1900020ms step_avg:479.32ms
step:3975/4578 train_loss:3.3348 train_time:1900501ms step_avg:479.32ms
step:3976/4578 train_loss:3.4540 train_time:1900968ms step_avg:479.32ms
step:3977/4578 train_loss:3.2228 train_time:1901450ms step_avg:479.32ms
step:3978/4578 train_loss:3.3740 train_time:1901926ms step_avg:479.32ms
step:3979/4578 train_loss:3.4571 train_time:1902403ms step_avg:479.32ms
step:3980/4578 train_loss:3.3566 train_time:1902877ms step_avg:479.31ms
step:3981/4578 train_loss:3.3727 train_time:1903355ms step_avg:479.31ms
step:3982/4578 train_loss:3.7717 train_time:1903833ms step_avg:479.31ms
step:3983/4578 train_loss:3.2767 train_time:1904310ms step_avg:479.31ms
step:3984/4578 train_loss:3.3686 train_time:1904788ms step_avg:479.31ms
step:3985/4578 train_loss:3.3098 train_time:1905265ms step_avg:479.31ms
step:3986/4578 train_loss:3.4349 train_time:1905744ms step_avg:479.31ms
step:3987/4578 train_loss:3.2921 train_time:1906221ms step_avg:479.31ms
step:3988/4578 train_loss:3.3772 train_time:1906698ms step_avg:479.31ms
step:3989/4578 train_loss:2.5626 train_time:1907172ms step_avg:479.31ms
step:3990/4578 train_loss:3.3029 train_time:1907889ms step_avg:479.37ms
step:3991/4578 train_loss:3.3312 train_time:1908371ms step_avg:479.37ms
step:3992/4578 train_loss:3.2164 train_time:1908845ms step_avg:479.37ms
step:3993/4578 train_loss:3.3423 train_time:1909316ms step_avg:479.37ms
step:3994/4578 train_loss:3.5822 train_time:1909799ms step_avg:479.37ms
step:3995/4578 train_loss:3.1627 train_time:1910277ms step_avg:479.37ms
step:3996/4578 train_loss:3.2220 train_time:1910756ms step_avg:479.37ms
step:3997/4578 train_loss:3.3727 train_time:1911226ms step_avg:479.36ms
step:3998/4578 train_loss:3.2778 train_time:1911702ms step_avg:479.36ms
step:3999/4578 train_loss:3.2219 train_time:1912182ms step_avg:479.36ms
step:4000/4578 train_loss:3.4701 train_time:1912654ms step_avg:479.36ms
step:4000/4578 val_loss:3.3257 train_time:1912972ms step_avg:479.44ms
step:4001/4578 train_loss:3.3594 train_time:1913134ms step_avg:479.36ms
step:4002/4578 train_loss:3.6381 train_time:1913615ms step_avg:479.36ms
step:4003/4578 train_loss:3.2208 train_time:1914090ms step_avg:479.36ms
step:4004/4578 train_loss:3.3681 train_time:1914566ms step_avg:479.36ms
step:4005/4578 train_loss:3.3214 train_time:1915049ms step_avg:479.36ms
step:4006/4578 train_loss:3.2930 train_time:1915519ms step_avg:479.36ms
step:4007/4578 train_loss:3.2209 train_time:1915995ms step_avg:479.36ms
step:4008/4578 train_loss:3.4169 train_time:1916475ms step_avg:479.36ms
step:4009/4578 train_loss:3.2690 train_time:1916960ms step_avg:479.36ms
step:4010/4578 train_loss:3.3239 train_time:1917427ms step_avg:479.36ms
step:4011/4578 train_loss:3.3290 train_time:1917904ms step_avg:479.36ms
step:4012/4578 train_loss:3.1507 train_time:1918386ms step_avg:479.36ms
step:4013/4578 train_loss:3.4171 train_time:1918864ms step_avg:479.36ms
step:4014/4578 train_loss:3.3400 train_time:1919336ms step_avg:479.35ms
step:4015/4578 train_loss:3.3300 train_time:1919821ms step_avg:479.36ms
step:4016/4578 train_loss:3.4259 train_time:1920291ms step_avg:479.35ms
step:4017/4578 train_loss:3.5509 train_time:1920767ms step_avg:479.35ms
step:4018/4578 train_loss:3.1360 train_time:1921243ms step_avg:479.35ms
step:4019/4578 train_loss:3.4154 train_time:1921724ms step_avg:479.35ms
step:4020/4578 train_loss:3.2173 train_time:1922200ms step_avg:479.35ms
step:4021/4578 train_loss:3.4695 train_time:1922676ms step_avg:479.35ms
step:4022/4578 train_loss:3.5452 train_time:1923152ms step_avg:479.35ms
step:4023/4578 train_loss:3.5350 train_time:1923635ms step_avg:479.35ms
step:4024/4578 train_loss:3.4058 train_time:1924112ms step_avg:479.35ms
step:4025/4578 train_loss:3.3157 train_time:1924591ms step_avg:479.35ms
step:4026/4578 train_loss:3.1392 train_time:1925062ms step_avg:479.35ms
step:4027/4578 train_loss:3.4219 train_time:1925544ms step_avg:479.35ms
step:4028/4578 train_loss:3.3756 train_time:1926025ms step_avg:479.35ms
step:4029/4578 train_loss:3.2622 train_time:1926504ms step_avg:479.35ms
step:4030/4578 train_loss:3.2301 train_time:1926982ms step_avg:479.35ms
step:4031/4578 train_loss:3.3057 train_time:1927456ms step_avg:479.35ms
step:4032/4578 train_loss:3.4018 train_time:1927935ms step_avg:479.35ms
step:4033/4578 train_loss:3.3792 train_time:1928402ms step_avg:479.34ms
step:4034/4578 train_loss:3.3277 train_time:1928878ms step_avg:479.34ms
step:4035/4578 train_loss:3.3066 train_time:1929355ms step_avg:479.34ms
step:4036/4578 train_loss:3.2493 train_time:1929838ms step_avg:479.34ms
step:4037/4578 train_loss:3.3994 train_time:1930315ms step_avg:479.34ms
step:4038/4578 train_loss:3.3057 train_time:1930792ms step_avg:479.34ms
step:4039/4578 train_loss:3.3494 train_time:1931273ms step_avg:479.34ms
step:4040/4578 train_loss:3.2815 train_time:1931748ms step_avg:479.34ms
step:4041/4578 train_loss:3.3080 train_time:1932224ms step_avg:479.34ms
step:4042/4578 train_loss:3.4784 train_time:1932696ms step_avg:479.34ms
step:4043/4578 train_loss:3.3611 train_time:1933175ms step_avg:479.34ms
step:4044/4578 train_loss:3.3509 train_time:1933650ms step_avg:479.34ms
step:4045/4578 train_loss:3.4663 train_time:1934131ms step_avg:479.34ms
step:4046/4578 train_loss:3.2740 train_time:1934607ms step_avg:479.34ms
step:4047/4578 train_loss:3.3656 train_time:1935084ms step_avg:479.34ms
step:4048/4578 train_loss:3.5219 train_time:1935567ms step_avg:479.34ms
step:4049/4578 train_loss:3.3097 train_time:1936042ms step_avg:479.34ms
step:4050/4578 train_loss:3.4183 train_time:1936522ms step_avg:479.34ms
step:4051/4578 train_loss:3.1435 train_time:1937001ms step_avg:479.34ms
step:4052/4578 train_loss:3.1491 train_time:1937472ms step_avg:479.33ms
step:4053/4578 train_loss:3.4527 train_time:1937952ms step_avg:479.34ms
step:4054/4578 train_loss:3.2564 train_time:1938431ms step_avg:479.34ms
step:4055/4578 train_loss:3.4400 train_time:1938907ms step_avg:479.33ms
step:4056/4578 train_loss:3.4708 train_time:1939378ms step_avg:479.33ms
step:4057/4578 train_loss:3.2880 train_time:1939859ms step_avg:479.33ms
step:4058/4578 train_loss:3.1333 train_time:1940337ms step_avg:479.33ms
step:4059/4578 train_loss:3.3983 train_time:1940811ms step_avg:479.33ms
step:4060/4578 train_loss:3.1866 train_time:1941288ms step_avg:479.33ms
step:4061/4578 train_loss:3.3052 train_time:1941764ms step_avg:479.33ms
step:4062/4578 train_loss:3.5027 train_time:1942243ms step_avg:479.33ms
step:4063/4578 train_loss:3.5242 train_time:1942723ms step_avg:479.33ms
step:4064/4578 train_loss:2.7720 train_time:1943197ms step_avg:479.33ms
step:4065/4578 train_loss:3.2948 train_time:1943678ms step_avg:479.33ms
step:4066/4578 train_loss:3.0996 train_time:1944154ms step_avg:479.33ms
step:4067/4578 train_loss:3.5204 train_time:1944632ms step_avg:479.33ms
step:4068/4578 train_loss:3.3209 train_time:1945107ms step_avg:479.33ms
step:4069/4578 train_loss:3.3696 train_time:1945593ms step_avg:479.33ms
step:4070/4578 train_loss:3.3495 train_time:1946066ms step_avg:479.33ms
step:4071/4578 train_loss:3.1740 train_time:1946534ms step_avg:479.32ms
step:4072/4578 train_loss:3.5445 train_time:1947017ms step_avg:479.32ms
step:4073/4578 train_loss:3.4108 train_time:1947504ms step_avg:479.33ms
step:4074/4578 train_loss:3.3928 train_time:1947975ms step_avg:479.32ms
step:4075/4578 train_loss:3.3938 train_time:1948452ms step_avg:479.32ms
step:4076/4578 train_loss:3.3390 train_time:1948925ms step_avg:479.32ms
step:4077/4578 train_loss:3.2076 train_time:1949406ms step_avg:479.32ms
step:4078/4578 train_loss:3.4212 train_time:1949879ms step_avg:479.32ms
step:4079/4578 train_loss:3.4047 train_time:1950357ms step_avg:479.32ms
step:4080/4578 train_loss:3.1596 train_time:1950836ms step_avg:479.32ms
step:4081/4578 train_loss:3.4025 train_time:1951314ms step_avg:479.32ms
step:4082/4578 train_loss:3.2524 train_time:1951787ms step_avg:479.32ms
step:4083/4578 train_loss:3.2696 train_time:1952264ms step_avg:479.32ms
step:4084/4578 train_loss:3.4068 train_time:1952746ms step_avg:479.32ms
step:4085/4578 train_loss:3.4047 train_time:1953225ms step_avg:479.32ms
step:4086/4578 train_loss:3.2771 train_time:1953701ms step_avg:479.32ms
step:4087/4578 train_loss:3.4208 train_time:1954179ms step_avg:479.32ms
step:4088/4578 train_loss:3.4394 train_time:1954657ms step_avg:479.32ms
step:4089/4578 train_loss:3.3295 train_time:1955137ms step_avg:479.32ms
step:4090/4578 train_loss:3.3775 train_time:1955612ms step_avg:479.32ms
step:4091/4578 train_loss:3.2324 train_time:1956088ms step_avg:479.32ms
step:4092/4578 train_loss:3.3417 train_time:1956564ms step_avg:479.32ms
step:4093/4578 train_loss:3.3318 train_time:1957038ms step_avg:479.31ms
step:4094/4578 train_loss:3.6289 train_time:1957522ms step_avg:479.31ms
step:4095/4578 train_loss:3.3849 train_time:1958000ms step_avg:479.31ms
step:4096/4578 train_loss:3.2281 train_time:1958479ms step_avg:479.31ms
step:4097/4578 train_loss:3.3924 train_time:1958954ms step_avg:479.31ms
step:4098/4578 train_loss:3.1712 train_time:1959437ms step_avg:479.31ms
step:4099/4578 train_loss:3.2331 train_time:1959900ms step_avg:479.31ms
step:4100/4578 train_loss:3.2178 train_time:1960384ms step_avg:479.31ms
step:4101/4578 train_loss:3.2171 train_time:1960860ms step_avg:479.31ms
step:4102/4578 train_loss:3.4081 train_time:1961339ms step_avg:479.31ms
step:4103/4578 train_loss:3.3771 train_time:1961822ms step_avg:479.31ms
step:4104/4578 train_loss:3.1018 train_time:1962292ms step_avg:479.31ms
step:4105/4578 train_loss:3.2799 train_time:1962763ms step_avg:479.31ms
step:4106/4578 train_loss:3.2671 train_time:1963249ms step_avg:479.31ms
step:4107/4578 train_loss:3.4267 train_time:1963724ms step_avg:479.31ms
step:4108/4578 train_loss:3.3675 train_time:1964201ms step_avg:479.31ms
step:4109/4578 train_loss:3.3322 train_time:1964678ms step_avg:479.31ms
step:4110/4578 train_loss:3.6003 train_time:1965161ms step_avg:479.31ms
step:4111/4578 train_loss:3.5647 train_time:1965631ms step_avg:479.31ms
step:4112/4578 train_loss:3.1287 train_time:1966110ms step_avg:479.31ms
step:4113/4578 train_loss:3.2837 train_time:1966590ms step_avg:479.31ms
step:4114/4578 train_loss:3.1805 train_time:1967067ms step_avg:479.30ms
step:4115/4578 train_loss:3.4395 train_time:1967542ms step_avg:479.30ms
step:4116/4578 train_loss:3.4232 train_time:1968023ms step_avg:479.30ms
step:4117/4578 train_loss:3.8288 train_time:1968497ms step_avg:479.30ms
step:4118/4578 train_loss:3.2487 train_time:1968972ms step_avg:479.30ms
step:4119/4578 train_loss:3.4357 train_time:1969453ms step_avg:479.30ms
step:4120/4578 train_loss:3.3767 train_time:1969923ms step_avg:479.30ms
step:4121/4578 train_loss:3.3484 train_time:1970404ms step_avg:479.30ms
step:4122/4578 train_loss:3.4850 train_time:1970885ms step_avg:479.30ms
step:4123/4578 train_loss:3.3867 train_time:1971360ms step_avg:479.30ms
step:4124/4578 train_loss:3.1470 train_time:1971835ms step_avg:479.30ms
step:4125/4578 train_loss:3.2864 train_time:1972318ms step_avg:479.30ms
step:4125/4578 val_loss:3.3125 train_time:1972626ms step_avg:479.37ms
step:4126/4578 train_loss:3.5434 train_time:1972796ms step_avg:479.30ms
step:4127/4578 train_loss:3.2974 train_time:1973262ms step_avg:479.30ms
step:4128/4578 train_loss:3.3860 train_time:1973746ms step_avg:479.30ms
step:4129/4578 train_loss:3.2644 train_time:1974221ms step_avg:479.30ms
step:4130/4578 train_loss:3.1781 train_time:1974699ms step_avg:479.30ms
step:4131/4578 train_loss:3.4964 train_time:1975178ms step_avg:479.30ms
step:4132/4578 train_loss:3.4447 train_time:1975648ms step_avg:479.29ms
step:4133/4578 train_loss:3.2060 train_time:1976128ms step_avg:479.29ms
step:4134/4578 train_loss:3.5209 train_time:1976606ms step_avg:479.29ms
step:4135/4578 train_loss:3.3826 train_time:1977084ms step_avg:479.29ms
step:4136/4578 train_loss:3.3214 train_time:1977558ms step_avg:479.29ms
step:4137/4578 train_loss:3.4511 train_time:1978038ms step_avg:479.29ms
step:4138/4578 train_loss:3.2352 train_time:1978521ms step_avg:479.29ms
step:4139/4578 train_loss:3.3169 train_time:1978991ms step_avg:479.29ms
step:4140/4578 train_loss:3.4243 train_time:1979468ms step_avg:479.29ms
step:4141/4578 train_loss:3.5089 train_time:1979951ms step_avg:479.29ms
step:4142/4578 train_loss:3.3216 train_time:1980427ms step_avg:479.29ms
step:4143/4578 train_loss:3.3457 train_time:1980907ms step_avg:479.29ms
step:4144/4578 train_loss:3.2953 train_time:1981380ms step_avg:479.29ms
step:4145/4578 train_loss:3.2797 train_time:1981860ms step_avg:479.29ms
step:4146/4578 train_loss:3.3634 train_time:1982333ms step_avg:479.29ms
step:4147/4578 train_loss:3.2422 train_time:1982810ms step_avg:479.29ms
step:4148/4578 train_loss:3.4327 train_time:1983283ms step_avg:479.29ms
step:4149/4578 train_loss:3.2457 train_time:1983765ms step_avg:479.29ms
step:4150/4578 train_loss:3.2034 train_time:1984244ms step_avg:479.29ms
step:4151/4578 train_loss:3.2381 train_time:1984712ms step_avg:479.28ms
step:4152/4578 train_loss:3.1503 train_time:1985193ms step_avg:479.28ms
step:4153/4578 train_loss:3.1484 train_time:1985668ms step_avg:479.28ms
step:4154/4578 train_loss:3.4158 train_time:1986146ms step_avg:479.28ms
step:4155/4578 train_loss:3.5526 train_time:1986629ms step_avg:479.28ms
step:4156/4578 train_loss:3.3619 train_time:1987109ms step_avg:479.28ms
step:4157/4578 train_loss:3.2104 train_time:1987584ms step_avg:479.28ms
step:4158/4578 train_loss:3.3631 train_time:1988057ms step_avg:479.28ms
step:4159/4578 train_loss:3.2885 train_time:1988532ms step_avg:479.28ms
step:4160/4578 train_loss:3.1945 train_time:1989014ms step_avg:479.28ms
step:4161/4578 train_loss:3.4072 train_time:1989491ms step_avg:479.28ms
step:4162/4578 train_loss:3.2650 train_time:1989969ms step_avg:479.28ms
step:4163/4578 train_loss:3.4298 train_time:1990446ms step_avg:479.28ms
step:4164/4578 train_loss:3.1366 train_time:1990921ms step_avg:479.28ms
step:4165/4578 train_loss:3.2231 train_time:1991398ms step_avg:479.28ms
step:4166/4578 train_loss:3.1919 train_time:1991879ms step_avg:479.28ms
step:4167/4578 train_loss:3.3608 train_time:1992357ms step_avg:479.28ms
step:4168/4578 train_loss:3.2989 train_time:1992827ms step_avg:479.28ms
step:4169/4578 train_loss:3.3136 train_time:1993304ms step_avg:479.27ms
step:4170/4578 train_loss:3.1952 train_time:1993785ms step_avg:479.28ms
step:4171/4578 train_loss:3.4109 train_time:1994262ms step_avg:479.27ms
step:4172/4578 train_loss:3.3498 train_time:1994740ms step_avg:479.27ms
step:4173/4578 train_loss:3.4806 train_time:1995218ms step_avg:479.27ms
step:4174/4578 train_loss:3.5587 train_time:1995691ms step_avg:479.27ms
step:4175/4578 train_loss:3.3070 train_time:1996166ms step_avg:479.27ms
step:4176/4578 train_loss:3.4706 train_time:1996646ms step_avg:479.27ms
step:4177/4578 train_loss:3.3524 train_time:1997120ms step_avg:479.27ms
step:4178/4578 train_loss:3.2265 train_time:1997604ms step_avg:479.27ms
step:4179/4578 train_loss:3.4147 train_time:1998076ms step_avg:479.27ms
step:4180/4578 train_loss:3.3377 train_time:1999293ms step_avg:479.45ms
step:4181/4578 train_loss:3.2931 train_time:1999764ms step_avg:479.44ms
step:4182/4578 train_loss:3.3294 train_time:2000241ms step_avg:479.44ms
step:4183/4578 train_loss:3.3743 train_time:2000718ms step_avg:479.44ms
step:4184/4578 train_loss:3.6485 train_time:2001197ms step_avg:479.44ms
step:4185/4578 train_loss:3.3417 train_time:2001673ms step_avg:479.44ms
step:4186/4578 train_loss:3.1837 train_time:2002158ms step_avg:479.44ms
step:4187/4578 train_loss:3.3616 train_time:2002631ms step_avg:479.44ms
step:4188/4578 train_loss:3.3624 train_time:2003107ms step_avg:479.44ms
step:4189/4578 train_loss:3.3207 train_time:2003584ms step_avg:479.44ms
step:4190/4578 train_loss:3.1786 train_time:2004063ms step_avg:479.44ms
step:4191/4578 train_loss:3.4352 train_time:2004536ms step_avg:479.44ms
step:4192/4578 train_loss:3.2997 train_time:2005017ms step_avg:479.44ms
step:4193/4578 train_loss:3.3320 train_time:2005497ms step_avg:479.44ms
step:4194/4578 train_loss:3.4601 train_time:2005981ms step_avg:479.44ms
step:4195/4578 train_loss:3.2332 train_time:2006455ms step_avg:479.44ms
step:4196/4578 train_loss:3.3344 train_time:2006923ms step_avg:479.44ms
step:4197/4578 train_loss:3.7813 train_time:2007404ms step_avg:479.44ms
step:4198/4578 train_loss:2.8117 train_time:2007873ms step_avg:479.43ms
step:4199/4578 train_loss:3.5378 train_time:2008366ms step_avg:479.44ms
step:4200/4578 train_loss:3.4512 train_time:2008841ms step_avg:479.44ms
step:4201/4578 train_loss:3.1659 train_time:2009311ms step_avg:479.43ms
step:4202/4578 train_loss:3.3201 train_time:2009787ms step_avg:479.43ms
step:4203/4578 train_loss:3.3304 train_time:2010259ms step_avg:479.43ms
step:4204/4578 train_loss:3.1670 train_time:2010734ms step_avg:479.43ms
step:4205/4578 train_loss:3.2431 train_time:2011218ms step_avg:479.43ms
step:4206/4578 train_loss:3.2823 train_time:2011690ms step_avg:479.43ms
step:4207/4578 train_loss:4.0679 train_time:2012166ms step_avg:479.43ms
step:4208/4578 train_loss:3.3865 train_time:2012646ms step_avg:479.43ms
step:4209/4578 train_loss:3.4923 train_time:2013121ms step_avg:479.43ms
step:4210/4578 train_loss:3.3336 train_time:2013600ms step_avg:479.43ms
step:4211/4578 train_loss:3.6109 train_time:2014076ms step_avg:479.43ms
step:4212/4578 train_loss:3.3670 train_time:2014549ms step_avg:479.43ms
step:4213/4578 train_loss:3.4283 train_time:2015026ms step_avg:479.43ms
step:4214/4578 train_loss:3.1717 train_time:2015503ms step_avg:479.43ms
step:4215/4578 train_loss:3.2406 train_time:2015984ms step_avg:479.43ms
step:4216/4578 train_loss:3.4074 train_time:2016464ms step_avg:479.43ms
step:4217/4578 train_loss:3.2194 train_time:2016942ms step_avg:479.43ms
step:4218/4578 train_loss:3.3142 train_time:2017413ms step_avg:479.42ms
step:4219/4578 train_loss:3.4209 train_time:2017896ms step_avg:479.42ms
step:4220/4578 train_loss:3.1550 train_time:2018369ms step_avg:479.42ms
step:4221/4578 train_loss:3.2738 train_time:2018845ms step_avg:479.42ms
step:4222/4578 train_loss:3.3996 train_time:2019319ms step_avg:479.42ms
step:4223/4578 train_loss:3.3359 train_time:2019795ms step_avg:479.42ms
step:4224/4578 train_loss:3.5583 train_time:2020278ms step_avg:479.42ms
step:4225/4578 train_loss:3.2810 train_time:2020755ms step_avg:479.42ms
step:4226/4578 train_loss:3.6970 train_time:2021238ms step_avg:479.42ms
step:4227/4578 train_loss:3.4096 train_time:2021716ms step_avg:479.42ms
step:4228/4578 train_loss:3.3384 train_time:2022191ms step_avg:479.42ms
step:4229/4578 train_loss:3.2872 train_time:2022668ms step_avg:479.42ms
step:4230/4578 train_loss:3.2480 train_time:2023146ms step_avg:479.42ms
step:4231/4578 train_loss:3.4114 train_time:2023622ms step_avg:479.42ms
step:4232/4578 train_loss:3.2592 train_time:2024104ms step_avg:479.42ms
step:4233/4578 train_loss:3.3935 train_time:2024577ms step_avg:479.42ms
step:4234/4578 train_loss:3.4958 train_time:2025053ms step_avg:479.42ms
step:4235/4578 train_loss:3.3866 train_time:2025534ms step_avg:479.42ms
step:4236/4578 train_loss:3.2611 train_time:2026009ms step_avg:479.42ms
step:4237/4578 train_loss:3.3830 train_time:2026489ms step_avg:479.42ms
step:4238/4578 train_loss:3.2694 train_time:2026965ms step_avg:479.41ms
step:4239/4578 train_loss:3.2965 train_time:2027445ms step_avg:479.41ms
step:4240/4578 train_loss:3.3420 train_time:2027919ms step_avg:479.41ms
step:4241/4578 train_loss:3.3881 train_time:2028399ms step_avg:479.41ms
step:4242/4578 train_loss:3.2770 train_time:2028873ms step_avg:479.41ms
step:4243/4578 train_loss:3.4444 train_time:2029353ms step_avg:479.41ms
step:4244/4578 train_loss:3.2631 train_time:2029825ms step_avg:479.41ms
step:4245/4578 train_loss:3.2099 train_time:2030303ms step_avg:479.41ms
step:4246/4578 train_loss:3.5739 train_time:2030787ms step_avg:479.41ms
step:4247/4578 train_loss:3.1000 train_time:2031257ms step_avg:479.41ms
step:4248/4578 train_loss:3.0831 train_time:2031740ms step_avg:479.41ms
step:4249/4578 train_loss:3.3353 train_time:2032214ms step_avg:479.41ms
step:4250/4578 train_loss:3.8419 train_time:2032693ms step_avg:479.41ms
step:4250/4578 val_loss:3.3001 train_time:2033005ms step_avg:479.48ms
step:4251/4578 train_loss:3.2282 train_time:2033173ms step_avg:479.41ms
step:4252/4578 train_loss:3.6241 train_time:2033645ms step_avg:479.41ms
step:4253/4578 train_loss:3.3468 train_time:2034124ms step_avg:479.41ms
step:4254/4578 train_loss:3.1781 train_time:2034611ms step_avg:479.41ms
step:4255/4578 train_loss:3.2555 train_time:2035082ms step_avg:479.41ms
step:4256/4578 train_loss:3.1525 train_time:2035560ms step_avg:479.41ms
step:4257/4578 train_loss:3.4402 train_time:2036041ms step_avg:479.41ms
step:4258/4578 train_loss:3.4083 train_time:2036509ms step_avg:479.40ms
step:4259/4578 train_loss:3.3388 train_time:2036986ms step_avg:479.40ms
step:4260/4578 train_loss:3.4262 train_time:2037460ms step_avg:479.40ms
step:4261/4578 train_loss:3.3563 train_time:2037940ms step_avg:479.40ms
step:4262/4578 train_loss:3.3071 train_time:2038416ms step_avg:479.40ms
step:4263/4578 train_loss:3.3018 train_time:2038897ms step_avg:479.40ms
step:4264/4578 train_loss:3.4845 train_time:2039376ms step_avg:479.40ms
step:4265/4578 train_loss:3.1705 train_time:2039851ms step_avg:479.40ms
step:4266/4578 train_loss:3.2541 train_time:2040325ms step_avg:479.40ms
step:4267/4578 train_loss:3.2575 train_time:2040803ms step_avg:479.40ms
step:4268/4578 train_loss:3.2325 train_time:2041283ms step_avg:479.40ms
step:4269/4578 train_loss:3.9859 train_time:2041757ms step_avg:479.40ms
step:4270/4578 train_loss:3.2352 train_time:2042235ms step_avg:479.40ms
step:4271/4578 train_loss:3.3079 train_time:2042712ms step_avg:479.40ms
step:4272/4578 train_loss:3.3490 train_time:2043191ms step_avg:479.40ms
step:4273/4578 train_loss:3.4566 train_time:2043669ms step_avg:479.40ms
step:4274/4578 train_loss:3.4712 train_time:2044148ms step_avg:479.40ms
step:4275/4578 train_loss:3.3209 train_time:2044626ms step_avg:479.40ms
step:4276/4578 train_loss:3.4995 train_time:2045104ms step_avg:479.40ms
step:4277/4578 train_loss:3.2090 train_time:2045578ms step_avg:479.39ms
step:4278/4578 train_loss:3.2237 train_time:2046059ms step_avg:479.40ms
step:4279/4578 train_loss:3.1746 train_time:2046531ms step_avg:479.39ms
step:4280/4578 train_loss:3.2594 train_time:2047001ms step_avg:479.39ms
step:4281/4578 train_loss:3.4147 train_time:2047484ms step_avg:479.39ms
step:4282/4578 train_loss:3.4014 train_time:2047965ms step_avg:479.39ms
step:4283/4578 train_loss:3.3120 train_time:2048456ms step_avg:479.40ms
step:4284/4578 train_loss:3.3990 train_time:2048915ms step_avg:479.39ms
step:4285/4578 train_loss:3.3707 train_time:2049398ms step_avg:479.39ms
step:4286/4578 train_loss:3.3324 train_time:2049876ms step_avg:479.39ms
step:4287/4578 train_loss:3.1980 train_time:2050352ms step_avg:479.39ms
step:4288/4578 train_loss:3.3919 train_time:2050831ms step_avg:479.39ms
step:4289/4578 train_loss:3.3400 train_time:2051304ms step_avg:479.39ms
step:4290/4578 train_loss:3.3530 train_time:2051777ms step_avg:479.39ms
step:4291/4578 train_loss:3.2688 train_time:2052259ms step_avg:479.39ms
step:4292/4578 train_loss:3.3615 train_time:2052734ms step_avg:479.39ms
step:4293/4578 train_loss:3.3191 train_time:2053212ms step_avg:479.39ms
step:4294/4578 train_loss:3.1915 train_time:2053685ms step_avg:479.38ms
step:4295/4578 train_loss:3.4709 train_time:2054164ms step_avg:479.38ms
step:4296/4578 train_loss:3.3465 train_time:2054644ms step_avg:479.38ms
step:4297/4578 train_loss:3.2781 train_time:2055124ms step_avg:479.39ms
step:4298/4578 train_loss:3.3454 train_time:2055601ms step_avg:479.38ms
step:4299/4578 train_loss:3.4818 train_time:2056077ms step_avg:479.38ms
step:4300/4578 train_loss:3.1993 train_time:2056562ms step_avg:479.39ms
step:4301/4578 train_loss:3.1952 train_time:2057027ms step_avg:479.38ms
step:4302/4578 train_loss:3.2933 train_time:2057510ms step_avg:479.38ms
step:4303/4578 train_loss:3.2621 train_time:2057989ms step_avg:479.38ms
step:4304/4578 train_loss:3.2685 train_time:2058467ms step_avg:479.38ms
step:4305/4578 train_loss:3.3894 train_time:2058945ms step_avg:479.38ms
step:4306/4578 train_loss:3.2257 train_time:2059427ms step_avg:479.38ms
step:4307/4578 train_loss:4.1969 train_time:2059899ms step_avg:479.38ms
step:4308/4578 train_loss:3.3293 train_time:2060379ms step_avg:479.38ms
step:4309/4578 train_loss:3.3177 train_time:2060855ms step_avg:479.38ms
step:4310/4578 train_loss:3.4253 train_time:2061331ms step_avg:479.38ms
step:4311/4578 train_loss:3.6045 train_time:2061805ms step_avg:479.38ms
step:4312/4578 train_loss:3.2523 train_time:2062282ms step_avg:479.38ms
step:4313/4578 train_loss:3.1508 train_time:2062762ms step_avg:479.38ms
step:4314/4578 train_loss:3.4529 train_time:2063240ms step_avg:479.38ms
step:4315/4578 train_loss:3.2878 train_time:2063715ms step_avg:479.38ms
step:4316/4578 train_loss:3.3408 train_time:2064192ms step_avg:479.38ms
step:4317/4578 train_loss:3.2274 train_time:2064673ms step_avg:479.38ms
step:4318/4578 train_loss:3.2117 train_time:2065149ms step_avg:479.38ms
step:4319/4578 train_loss:3.4599 train_time:2065627ms step_avg:479.38ms
step:4320/4578 train_loss:3.4590 train_time:2066101ms step_avg:479.37ms
step:4321/4578 train_loss:3.2620 train_time:2066579ms step_avg:479.37ms
step:4322/4578 train_loss:3.3588 train_time:2067055ms step_avg:479.37ms
step:4323/4578 train_loss:3.3496 train_time:2067536ms step_avg:479.37ms
step:4324/4578 train_loss:3.1756 train_time:2068018ms step_avg:479.37ms
step:4325/4578 train_loss:3.0375 train_time:2068490ms step_avg:479.37ms
step:4326/4578 train_loss:3.1571 train_time:2068969ms step_avg:479.37ms
step:4327/4578 train_loss:3.1323 train_time:2069442ms step_avg:479.37ms
step:4328/4578 train_loss:3.2670 train_time:2069917ms step_avg:479.37ms
step:4329/4578 train_loss:3.2000 train_time:2070400ms step_avg:479.37ms
step:4330/4578 train_loss:3.1310 train_time:2070886ms step_avg:479.37ms
step:4331/4578 train_loss:3.3995 train_time:2071364ms step_avg:479.37ms
step:4332/4578 train_loss:3.2616 train_time:2071841ms step_avg:479.37ms
step:4333/4578 train_loss:3.4766 train_time:2072316ms step_avg:479.37ms
step:4334/4578 train_loss:4.0822 train_time:2072799ms step_avg:479.37ms
step:4335/4578 train_loss:3.2752 train_time:2073269ms step_avg:479.37ms
step:4336/4578 train_loss:3.3957 train_time:2073750ms step_avg:479.37ms
step:4337/4578 train_loss:3.4873 train_time:2074226ms step_avg:479.37ms
step:4338/4578 train_loss:3.1990 train_time:2074702ms step_avg:479.37ms
step:4339/4578 train_loss:3.3001 train_time:2075181ms step_avg:479.37ms
step:4340/4578 train_loss:3.0737 train_time:2075660ms step_avg:479.37ms
step:4341/4578 train_loss:3.2574 train_time:2076138ms step_avg:479.37ms
step:4342/4578 train_loss:3.3834 train_time:2076616ms step_avg:479.37ms
step:4343/4578 train_loss:3.4199 train_time:2077089ms step_avg:479.37ms
step:4344/4578 train_loss:3.3496 train_time:2077566ms step_avg:479.36ms
step:4345/4578 train_loss:3.3737 train_time:2078043ms step_avg:479.36ms
step:4346/4578 train_loss:3.3785 train_time:2078524ms step_avg:479.36ms
step:4347/4578 train_loss:3.1328 train_time:2078998ms step_avg:479.36ms
step:4348/4578 train_loss:3.2123 train_time:2079611ms step_avg:479.39ms
step:4349/4578 train_loss:3.0246 train_time:2080090ms step_avg:479.39ms
step:4350/4578 train_loss:3.2673 train_time:2080563ms step_avg:479.39ms
step:4351/4578 train_loss:3.3167 train_time:2081041ms step_avg:479.39ms
step:4352/4578 train_loss:3.2243 train_time:2081520ms step_avg:479.39ms
step:4353/4578 train_loss:3.4661 train_time:2081996ms step_avg:479.39ms
step:4354/4578 train_loss:3.4028 train_time:2082471ms step_avg:479.39ms
step:4355/4578 train_loss:3.1205 train_time:2082946ms step_avg:479.39ms
step:4356/4578 train_loss:3.0852 train_time:2083432ms step_avg:479.39ms
step:4357/4578 train_loss:3.1919 train_time:2083900ms step_avg:479.39ms
step:4358/4578 train_loss:3.2923 train_time:2084383ms step_avg:479.39ms
step:4359/4578 train_loss:3.4166 train_time:2084858ms step_avg:479.39ms
step:4360/4578 train_loss:3.4154 train_time:2085333ms step_avg:479.39ms
step:4361/4578 train_loss:3.4318 train_time:2085811ms step_avg:479.39ms
step:4362/4578 train_loss:3.6745 train_time:2086291ms step_avg:479.39ms
step:4363/4578 train_loss:3.3841 train_time:2086768ms step_avg:479.39ms
step:4364/4578 train_loss:3.3801 train_time:2087252ms step_avg:479.39ms
step:4365/4578 train_loss:3.4071 train_time:2087725ms step_avg:479.39ms
step:4366/4578 train_loss:3.2846 train_time:2088197ms step_avg:479.38ms
step:4367/4578 train_loss:3.2763 train_time:2088677ms step_avg:479.38ms
step:4368/4578 train_loss:3.2774 train_time:2089147ms step_avg:479.38ms
step:4369/4578 train_loss:3.4496 train_time:2089630ms step_avg:479.38ms
step:4370/4578 train_loss:3.3926 train_time:2090576ms step_avg:479.49ms
step:4371/4578 train_loss:3.5336 train_time:2091053ms step_avg:479.49ms
step:4372/4578 train_loss:3.0721 train_time:2091529ms step_avg:479.49ms
step:4373/4578 train_loss:3.2662 train_time:2092010ms step_avg:479.49ms
step:4374/4578 train_loss:3.3923 train_time:2092485ms step_avg:479.49ms
step:4375/4578 train_loss:3.2358 train_time:2092959ms step_avg:479.49ms
step:4375/4578 val_loss:3.2883 train_time:2093272ms step_avg:479.56ms
step:4376/4578 train_loss:3.4235 train_time:2093441ms step_avg:479.49ms
step:4377/4578 train_loss:3.1597 train_time:2093917ms step_avg:479.49ms
step:4378/4578 train_loss:3.2112 train_time:2094397ms step_avg:479.49ms
step:4379/4578 train_loss:3.3041 train_time:2094868ms step_avg:479.48ms
step:4380/4578 train_loss:3.1948 train_time:2095340ms step_avg:479.48ms
step:4381/4578 train_loss:3.2649 train_time:2095826ms step_avg:479.48ms
step:4382/4578 train_loss:3.5548 train_time:2096311ms step_avg:479.49ms
step:4383/4578 train_loss:3.4560 train_time:2096780ms step_avg:479.48ms
step:4384/4578 train_loss:3.3322 train_time:2097256ms step_avg:479.48ms
step:4385/4578 train_loss:3.3432 train_time:2097737ms step_avg:479.48ms
step:4386/4578 train_loss:3.3763 train_time:2098206ms step_avg:479.48ms
step:4387/4578 train_loss:3.2758 train_time:2098682ms step_avg:479.48ms
step:4388/4578 train_loss:3.3632 train_time:2099164ms step_avg:479.48ms
step:4389/4578 train_loss:3.2355 train_time:2099642ms step_avg:479.48ms
step:4390/4578 train_loss:3.4074 train_time:2100119ms step_avg:479.48ms
step:4391/4578 train_loss:3.4084 train_time:2100596ms step_avg:479.48ms
step:4392/4578 train_loss:3.2951 train_time:2101075ms step_avg:479.48ms
step:4393/4578 train_loss:4.5396 train_time:2101552ms step_avg:479.48ms
step:4394/4578 train_loss:3.2878 train_time:2102028ms step_avg:479.48ms
step:4395/4578 train_loss:3.5317 train_time:2102512ms step_avg:479.48ms
step:4396/4578 train_loss:3.2608 train_time:2102981ms step_avg:479.48ms
step:4397/4578 train_loss:3.2778 train_time:2103461ms step_avg:479.48ms
step:4398/4578 train_loss:3.2836 train_time:2103934ms step_avg:479.47ms
step:4399/4578 train_loss:3.3219 train_time:2104417ms step_avg:479.48ms
step:4400/4578 train_loss:3.2558 train_time:2104895ms step_avg:479.48ms
step:4401/4578 train_loss:3.1819 train_time:2105374ms step_avg:479.47ms
step:4402/4578 train_loss:3.2869 train_time:2105854ms step_avg:479.47ms
step:4403/4578 train_loss:3.1647 train_time:2106329ms step_avg:479.47ms
step:4404/4578 train_loss:3.1948 train_time:2106809ms step_avg:479.47ms
step:4405/4578 train_loss:3.4565 train_time:2107286ms step_avg:479.47ms
step:4406/4578 train_loss:3.2665 train_time:2107765ms step_avg:479.47ms
step:4407/4578 train_loss:3.2949 train_time:2108240ms step_avg:479.47ms
step:4408/4578 train_loss:3.3557 train_time:2108710ms step_avg:479.47ms
step:4409/4578 train_loss:3.2863 train_time:2109189ms step_avg:479.47ms
step:4410/4578 train_loss:3.3082 train_time:2109678ms step_avg:479.47ms
step:4411/4578 train_loss:3.5876 train_time:2110147ms step_avg:479.47ms
step:4412/4578 train_loss:3.3090 train_time:2110623ms step_avg:479.47ms
step:4413/4578 train_loss:3.3856 train_time:2111100ms step_avg:479.47ms
step:4414/4578 train_loss:3.4143 train_time:2111580ms step_avg:479.47ms
step:4415/4578 train_loss:3.3608 train_time:2112054ms step_avg:479.47ms
step:4416/4578 train_loss:3.2279 train_time:2112534ms step_avg:479.47ms
step:4417/4578 train_loss:3.3550 train_time:2113008ms step_avg:479.47ms
step:4418/4578 train_loss:3.2885 train_time:2113487ms step_avg:479.47ms
step:4419/4578 train_loss:3.4332 train_time:2113966ms step_avg:479.47ms
step:4420/4578 train_loss:3.1902 train_time:2114445ms step_avg:479.47ms
step:4421/4578 train_loss:3.3412 train_time:2114925ms step_avg:479.47ms
step:4422/4578 train_loss:3.2329 train_time:2115407ms step_avg:479.47ms
step:4423/4578 train_loss:3.2285 train_time:2115877ms step_avg:479.46ms
step:4424/4578 train_loss:3.2448 train_time:2116355ms step_avg:479.46ms
step:4425/4578 train_loss:3.2473 train_time:2116828ms step_avg:479.46ms
step:4426/4578 train_loss:3.3568 train_time:2117308ms step_avg:479.46ms
step:4427/4578 train_loss:3.3385 train_time:2117789ms step_avg:479.46ms
step:4428/4578 train_loss:3.6446 train_time:2118262ms step_avg:479.46ms
step:4429/4578 train_loss:3.3822 train_time:2118734ms step_avg:479.46ms
step:4430/4578 train_loss:3.0978 train_time:2119212ms step_avg:479.46ms
step:4431/4578 train_loss:3.1634 train_time:2119693ms step_avg:479.46ms
step:4432/4578 train_loss:3.2851 train_time:2120175ms step_avg:479.46ms
step:4433/4578 train_loss:3.2059 train_time:2120652ms step_avg:479.46ms
step:4434/4578 train_loss:3.4187 train_time:2121123ms step_avg:479.46ms
step:4435/4578 train_loss:3.4461 train_time:2121605ms step_avg:479.46ms
step:4436/4578 train_loss:3.3620 train_time:2122081ms step_avg:479.46ms
step:4437/4578 train_loss:3.1649 train_time:2122561ms step_avg:479.46ms
step:4438/4578 train_loss:3.4478 train_time:2123033ms step_avg:479.46ms
step:4439/4578 train_loss:3.2448 train_time:2123506ms step_avg:479.46ms
step:4440/4578 train_loss:3.2352 train_time:2123985ms step_avg:479.45ms
step:4441/4578 train_loss:3.3849 train_time:2124469ms step_avg:479.46ms
step:4442/4578 train_loss:3.4391 train_time:2124943ms step_avg:479.45ms
step:4443/4578 train_loss:3.3354 train_time:2125425ms step_avg:479.46ms
step:4444/4578 train_loss:3.3132 train_time:2125902ms step_avg:479.45ms
step:4445/4578 train_loss:3.1099 train_time:2126374ms step_avg:479.45ms
step:4446/4578 train_loss:3.3532 train_time:2126853ms step_avg:479.45ms
step:4447/4578 train_loss:3.3367 train_time:2127334ms step_avg:479.45ms
step:4448/4578 train_loss:3.1762 train_time:2127807ms step_avg:479.45ms
step:4449/4578 train_loss:3.5210 train_time:2128288ms step_avg:479.45ms
step:4450/4578 train_loss:3.4133 train_time:2128763ms step_avg:479.45ms
step:4451/4578 train_loss:3.4304 train_time:2129238ms step_avg:479.45ms
step:4452/4578 train_loss:3.4635 train_time:2129715ms step_avg:479.45ms
step:4453/4578 train_loss:3.1362 train_time:2130194ms step_avg:479.45ms
step:4454/4578 train_loss:3.2554 train_time:2130670ms step_avg:479.45ms
step:4455/4578 train_loss:3.3289 train_time:2131147ms step_avg:479.45ms
step:4456/4578 train_loss:3.0980 train_time:2131626ms step_avg:479.45ms
step:4457/4578 train_loss:3.3502 train_time:2132098ms step_avg:479.45ms
step:4458/4578 train_loss:3.2524 train_time:2132579ms step_avg:479.45ms
step:4459/4578 train_loss:3.2135 train_time:2133057ms step_avg:479.45ms
step:4460/4578 train_loss:3.4138 train_time:2133537ms step_avg:479.45ms
step:4461/4578 train_loss:4.3946 train_time:2134009ms step_avg:479.44ms
step:4462/4578 train_loss:3.2914 train_time:2134490ms step_avg:479.45ms
step:4463/4578 train_loss:3.5768 train_time:2134971ms step_avg:479.45ms
step:4464/4578 train_loss:3.3820 train_time:2135447ms step_avg:479.44ms
step:4465/4578 train_loss:3.3497 train_time:2135925ms step_avg:479.44ms
step:4466/4578 train_loss:3.3517 train_time:2136398ms step_avg:479.44ms
step:4467/4578 train_loss:3.2948 train_time:2136874ms step_avg:479.44ms
step:4468/4578 train_loss:3.2240 train_time:2137356ms step_avg:479.44ms
step:4469/4578 train_loss:3.5215 train_time:2137837ms step_avg:479.44ms
step:4470/4578 train_loss:3.4393 train_time:2138315ms step_avg:479.44ms
step:4471/4578 train_loss:3.2708 train_time:2138796ms step_avg:479.44ms
step:4472/4578 train_loss:3.1661 train_time:2139272ms step_avg:479.44ms
step:4473/4578 train_loss:3.3564 train_time:2139749ms step_avg:479.44ms
step:4474/4578 train_loss:3.1430 train_time:2140217ms step_avg:479.44ms
step:4475/4578 train_loss:3.2534 train_time:2140689ms step_avg:479.44ms
step:4476/4578 train_loss:3.3112 train_time:2141178ms step_avg:479.44ms
step:4477/4578 train_loss:3.3067 train_time:2141658ms step_avg:479.44ms
step:4478/4578 train_loss:3.0873 train_time:2142130ms step_avg:479.44ms
step:4479/4578 train_loss:3.2367 train_time:2142604ms step_avg:479.44ms
step:4480/4578 train_loss:3.3188 train_time:2143080ms step_avg:479.44ms
step:4481/4578 train_loss:3.3730 train_time:2143561ms step_avg:479.44ms
step:4482/4578 train_loss:3.3528 train_time:2144041ms step_avg:479.44ms
step:4483/4578 train_loss:3.3881 train_time:2144511ms step_avg:479.43ms
step:4484/4578 train_loss:3.2153 train_time:2144989ms step_avg:479.43ms
step:4485/4578 train_loss:3.3217 train_time:2145467ms step_avg:479.43ms
step:4486/4578 train_loss:3.4461 train_time:2145946ms step_avg:479.43ms
step:4487/4578 train_loss:3.2236 train_time:2146431ms step_avg:479.44ms
step:4488/4578 train_loss:3.3043 train_time:2146910ms step_avg:479.43ms
step:4489/4578 train_loss:3.4429 train_time:2147381ms step_avg:479.43ms
step:4490/4578 train_loss:3.2924 train_time:2147857ms step_avg:479.43ms
step:4491/4578 train_loss:3.2229 train_time:2148331ms step_avg:479.43ms
step:4492/4578 train_loss:3.1435 train_time:2148805ms step_avg:479.43ms
step:4493/4578 train_loss:3.1222 train_time:2149280ms step_avg:479.43ms
step:4494/4578 train_loss:3.2938 train_time:2149756ms step_avg:479.43ms
step:4495/4578 train_loss:3.1744 train_time:2150243ms step_avg:479.43ms
step:4496/4578 train_loss:3.2139 train_time:2150722ms step_avg:479.43ms
step:4497/4578 train_loss:3.4871 train_time:2151197ms step_avg:479.43ms
step:4498/4578 train_loss:3.2479 train_time:2151681ms step_avg:479.43ms
step:4499/4578 train_loss:3.0915 train_time:2152151ms step_avg:479.43ms
step:4500/4578 train_loss:3.3760 train_time:2152625ms step_avg:479.43ms
step:4500/4578 val_loss:3.2798 train_time:2152939ms step_avg:479.50ms
step:4501/4578 train_loss:3.2162 train_time:2153107ms step_avg:479.43ms
step:4502/4578 train_loss:3.1556 train_time:2153583ms step_avg:479.43ms
step:4503/4578 train_loss:3.4889 train_time:2154058ms step_avg:479.43ms
step:4504/4578 train_loss:3.3099 train_time:2154532ms step_avg:479.42ms
step:4505/4578 train_loss:3.3377 train_time:2155013ms step_avg:479.42ms
step:4506/4578 train_loss:3.2517 train_time:2155491ms step_avg:479.42ms
step:4507/4578 train_loss:3.3855 train_time:2155969ms step_avg:479.42ms
step:4508/4578 train_loss:2.7907 train_time:2156441ms step_avg:479.42ms
step:4509/4578 train_loss:3.2817 train_time:2156921ms step_avg:479.42ms
step:4510/4578 train_loss:3.1809 train_time:2157395ms step_avg:479.42ms
step:4511/4578 train_loss:3.2574 train_time:2157874ms step_avg:479.42ms
step:4512/4578 train_loss:3.2694 train_time:2158349ms step_avg:479.42ms
step:4513/4578 train_loss:3.1770 train_time:2158828ms step_avg:479.42ms
step:4514/4578 train_loss:3.1550 train_time:2159307ms step_avg:479.42ms
step:4515/4578 train_loss:3.4670 train_time:2159781ms step_avg:479.42ms
step:4516/4578 train_loss:3.0219 train_time:2160251ms step_avg:479.42ms
step:4517/4578 train_loss:3.2199 train_time:2160732ms step_avg:479.42ms
step:4518/4578 train_loss:3.2473 train_time:2161211ms step_avg:479.42ms
step:4519/4578 train_loss:3.2092 train_time:2161686ms step_avg:479.42ms
step:4520/4578 train_loss:3.1285 train_time:2162167ms step_avg:479.42ms
step:4521/4578 train_loss:3.2264 train_time:2162644ms step_avg:479.42ms
step:4522/4578 train_loss:3.4518 train_time:2163121ms step_avg:479.42ms
step:4523/4578 train_loss:4.0141 train_time:2163597ms step_avg:479.41ms
step:4524/4578 train_loss:3.3942 train_time:2164073ms step_avg:479.41ms
step:4525/4578 train_loss:3.2654 train_time:2164549ms step_avg:479.41ms
step:4526/4578 train_loss:3.2720 train_time:2165032ms step_avg:479.41ms
step:4527/4578 train_loss:3.3087 train_time:2165517ms step_avg:479.41ms
step:4528/4578 train_loss:3.1624 train_time:2165995ms step_avg:479.41ms
step:4529/4578 train_loss:3.1903 train_time:2166472ms step_avg:479.41ms
step:4530/4578 train_loss:4.3315 train_time:2166942ms step_avg:479.41ms
step:4531/4578 train_loss:3.4288 train_time:2167421ms step_avg:479.41ms
step:4532/4578 train_loss:3.1687 train_time:2167899ms step_avg:479.41ms
step:4533/4578 train_loss:3.1756 train_time:2168374ms step_avg:479.41ms
step:4534/4578 train_loss:3.3505 train_time:2168844ms step_avg:479.41ms
step:4535/4578 train_loss:3.5811 train_time:2169321ms step_avg:479.41ms
step:4536/4578 train_loss:3.4313 train_time:2169799ms step_avg:479.41ms
step:4537/4578 train_loss:3.3227 train_time:2170387ms step_avg:479.43ms
step:4538/4578 train_loss:3.1825 train_time:2170862ms step_avg:479.43ms
step:4539/4578 train_loss:3.3300 train_time:2171339ms step_avg:479.43ms
step:4540/4578 train_loss:3.8366 train_time:2171813ms step_avg:479.43ms
step:4541/4578 train_loss:3.4033 train_time:2172299ms step_avg:479.43ms
step:4542/4578 train_loss:3.2407 train_time:2172779ms step_avg:479.43ms
step:4543/4578 train_loss:3.3801 train_time:2173252ms step_avg:479.43ms
step:4544/4578 train_loss:3.1533 train_time:2173734ms step_avg:479.43ms
step:4545/4578 train_loss:3.4418 train_time:2174209ms step_avg:479.43ms
step:4546/4578 train_loss:3.5721 train_time:2174686ms step_avg:479.43ms
step:4547/4578 train_loss:3.2127 train_time:2175162ms step_avg:479.43ms
step:4548/4578 train_loss:3.3097 train_time:2175641ms step_avg:479.43ms
step:4549/4578 train_loss:3.3395 train_time:2176122ms step_avg:479.43ms
step:4550/4578 train_loss:3.2879 train_time:2176590ms step_avg:479.43ms
step:4551/4578 train_loss:3.2720 train_time:2177062ms step_avg:479.42ms
step:4552/4578 train_loss:3.2351 train_time:2177547ms step_avg:479.42ms
step:4553/4578 train_loss:3.3274 train_time:2178030ms step_avg:479.43ms
step:4554/4578 train_loss:3.2029 train_time:2178505ms step_avg:479.42ms
step:4555/4578 train_loss:3.4185 train_time:2178978ms step_avg:479.42ms
step:4556/4578 train_loss:3.0515 train_time:2179462ms step_avg:479.42ms
step:4557/4578 train_loss:3.3140 train_time:2179937ms step_avg:479.42ms
step:4558/4578 train_loss:3.3089 train_time:2180410ms step_avg:479.42ms
step:4559/4578 train_loss:3.3018 train_time:2180883ms step_avg:479.42ms
step:4560/4578 train_loss:3.5137 train_time:2181642ms step_avg:479.48ms
step:4561/4578 train_loss:3.1643 train_time:2182124ms step_avg:479.48ms
step:4562/4578 train_loss:3.3642 train_time:2182600ms step_avg:479.48ms
step:4563/4578 train_loss:3.2334 train_time:2183079ms step_avg:479.48ms
step:4564/4578 train_loss:3.2755 train_time:2183552ms step_avg:479.48ms
step:4565/4578 train_loss:3.4071 train_time:2184034ms step_avg:479.48ms
step:4566/4578 train_loss:3.5177 train_time:2184513ms step_avg:479.48ms
step:4567/4578 train_loss:3.3309 train_time:2184986ms step_avg:479.48ms
step:4568/4578 train_loss:3.2753 train_time:2185462ms step_avg:479.48ms
step:4569/4578 train_loss:3.4546 train_time:2185944ms step_avg:479.48ms
step:4570/4578 train_loss:3.1778 train_time:2186424ms step_avg:479.48ms
step:4571/4578 train_loss:3.1504 train_time:2186895ms step_avg:479.48ms
step:4572/4578 train_loss:3.4840 train_time:2187372ms step_avg:479.48ms
step:4573/4578 train_loss:3.1277 train_time:2187847ms step_avg:479.48ms
step:4574/4578 train_loss:3.2149 train_time:2188322ms step_avg:479.47ms
step:4575/4578 train_loss:3.3444 train_time:2188798ms step_avg:479.47ms
step:4576/4578 train_loss:3.3528 train_time:2189276ms step_avg:479.47ms
step:4577/4578 train_loss:3.3023 train_time:2189758ms step_avg:479.47ms
step:4578/4578 train_loss:3.2306 train_time:2190232ms step_avg:479.47ms
step:4578/4578 val_loss:3.2770 train_time:2190549ms step_avg:479.54ms
peak memory consumption: 40420 MiB
