W0525 18:14:56.029000 255 site-packages/torch/distributed/run.py:766] 
W0525 18:14:56.029000 255 site-packages/torch/distributed/run.py:766] *****************************************
W0525 18:14:56.029000 255 site-packages/torch/distributed/run.py:766] Setting OMP_NUM_THREADS environment variable for each process to be 1 in default, to avoid your system being overloaded, please further tune the variable for optimal performance in your application as needed. 
W0525 18:14:56.029000 255 site-packages/torch/distributed/run.py:766] *****************************************
/root/miniconda3/envs/llm_test/lib/python3.10/site-packages/torch/autograd/__init__.py:221: UserWarning: Cannot create tensor with interal format while allow_internel_format=False, tensor will be created with base format. (Triggered internally at build/CMakeFiles/torch_npu.dir/compiler_depend.ts:338.)
  torch.ones_like(out, memory_format=torch.preserve_format)
/root/miniconda3/envs/llm_test/lib/python3.10/site-packages/torch/autograd/__init__.py:221: UserWarning: Cannot create tensor with interal format while allow_internel_format=False, tensor will be created with base format. (Triggered internally at build/CMakeFiles/torch_npu.dir/compiler_depend.ts:338.)
  torch.ones_like(out, memory_format=torch.preserve_format)
using device: npu:0
Training DataLoader: total number of tokens: 10255324043 across 103 files
Validation DataLoader: total number of tokens: 100000000 across 1 files
/root/miniconda3/envs/llm_test/lib/python3.10/site-packages/torch/autograd/__init__.py:221: UserWarning: Cannot create tensor with interal format while allow_internel_format=False, tensor will be created with base format. (Triggered internally at build/CMakeFiles/torch_npu.dir/compiler_depend.ts:338.)
  torch.ones_like(out, memory_format=torch.preserve_format)
using device: npu:11
using device: npu:1
/root/miniconda3/envs/llm_test/lib/python3.10/site-packages/torch/autograd/__init__.py:221: UserWarning: Cannot create tensor with interal format while allow_internel_format=False, tensor will be created with base format. (Triggered internally at build/CMakeFiles/torch_npu.dir/compiler_depend.ts:338.)
  torch.ones_like(out, memory_format=torch.preserve_format)
/root/miniconda3/envs/llm_test/lib/python3.10/site-packages/torch/autograd/__init__.py:221: UserWarning: Cannot create tensor with interal format while allow_internel_format=False, tensor will be created with base format. (Triggered internally at build/CMakeFiles/torch_npu.dir/compiler_depend.ts:338.)
  torch.ones_like(out, memory_format=torch.preserve_format)
/root/miniconda3/envs/llm_test/lib/python3.10/site-packages/torch/autograd/__init__.py:221: UserWarning: Cannot create tensor with interal format while allow_internel_format=False, tensor will be created with base format. (Triggered internally at build/CMakeFiles/torch_npu.dir/compiler_depend.ts:338.)
  torch.ones_like(out, memory_format=torch.preserve_format)
/root/miniconda3/envs/llm_test/lib/python3.10/site-packages/torch/autograd/__init__.py:221: UserWarning: Cannot create tensor with interal format while allow_internel_format=False, tensor will be created with base format. (Triggered internally at build/CMakeFiles/torch_npu.dir/compiler_depend.ts:338.)
  torch.ones_like(out, memory_format=torch.preserve_format)
/root/miniconda3/envs/llm_test/lib/python3.10/site-packages/torch/autograd/__init__.py:221: UserWarning: Cannot create tensor with interal format while allow_internel_format=False, tensor will be created with base format. (Triggered internally at build/CMakeFiles/torch_npu.dir/compiler_depend.ts:338.)
  torch.ones_like(out, memory_format=torch.preserve_format)
/root/miniconda3/envs/llm_test/lib/python3.10/site-packages/torch/autograd/__init__.py:221: UserWarning: Cannot create tensor with interal format while allow_internel_format=False, tensor will be created with base format. (Triggered internally at build/CMakeFiles/torch_npu.dir/compiler_depend.ts:338.)
  torch.ones_like(out, memory_format=torch.preserve_format)
/root/miniconda3/envs/llm_test/lib/python3.10/site-packages/torch/autograd/__init__.py:221: UserWarning: Cannot create tensor with interal format while allow_internel_format=False, tensor will be created with base format. (Triggered internally at build/CMakeFiles/torch_npu.dir/compiler_depend.ts:338.)
  torch.ones_like(out, memory_format=torch.preserve_format)
/root/miniconda3/envs/llm_test/lib/python3.10/site-packages/torch/autograd/__init__.py:221: UserWarning: Cannot create tensor with interal format while allow_internel_format=False, tensor will be created with base format. (Triggered internally at build/CMakeFiles/torch_npu.dir/compiler_depend.ts:338.)
  torch.ones_like(out, memory_format=torch.preserve_format)
/root/miniconda3/envs/llm_test/lib/python3.10/site-packages/torch/autograd/__init__.py:221: UserWarning: Cannot create tensor with interal format while allow_internel_format=False, tensor will be created with base format. (Triggered internally at build/CMakeFiles/torch_npu.dir/compiler_depend.ts:338.)
  torch.ones_like(out, memory_format=torch.preserve_format)
/root/miniconda3/envs/llm_test/lib/python3.10/site-packages/torch/autograd/__init__.py:221: UserWarning: Cannot create tensor with interal format while allow_internel_format=False, tensor will be created with base format. (Triggered internally at build/CMakeFiles/torch_npu.dir/compiler_depend.ts:338.)
  torch.ones_like(out, memory_format=torch.preserve_format)
/root/miniconda3/envs/llm_test/lib/python3.10/site-packages/torch/autograd/__init__.py:221: UserWarning: Cannot create tensor with interal format while allow_internel_format=False, tensor will be created with base format. (Triggered internally at build/CMakeFiles/torch_npu.dir/compiler_depend.ts:338.)
  torch.ones_like(out, memory_format=torch.preserve_format)
/root/miniconda3/envs/llm_test/lib/python3.10/site-packages/torch/autograd/__init__.py:221: UserWarning: Cannot create tensor with interal format while allow_internel_format=False, tensor will be created with base format. (Triggered internally at build/CMakeFiles/torch_npu.dir/compiler_depend.ts:338.)
  torch.ones_like(out, memory_format=torch.preserve_format)
/root/miniconda3/envs/llm_test/lib/python3.10/site-packages/torch/autograd/__init__.py:221: UserWarning: Cannot create tensor with interal format while allow_internel_format=False, tensor will be created with base format. (Triggered internally at build/CMakeFiles/torch_npu.dir/compiler_depend.ts:338.)
  torch.ones_like(out, memory_format=torch.preserve_format)
using device: npu:10
using device: npu:13
using device: npu:12
using device: npu:3
using device: npu:15
using device: npu:4
using device: npu:2
using device: npu:14
using device: npu:8
using device: npu:5
using device: npu:7
using device: npu:6
using device: npu:9
step:0/4578 val_loss:10.8258 train_time:70ms step_avg:nanms
step:1/4578 train_loss:10.8258 train_time:3292ms step_avg:nanms
step:2/4578 train_loss:10.4282 train_time:3887ms step_avg:nanms
step:3/4578 train_loss:9.8856 train_time:4434ms step_avg:nanms
step:4/4578 train_loss:8.9880 train_time:4917ms step_avg:nanms
step:5/4578 train_loss:8.1278 train_time:5391ms step_avg:nanms
step:6/4578 train_loss:7.5860 train_time:5872ms step_avg:nanms
step:7/4578 train_loss:7.0942 train_time:6352ms step_avg:nanms
step:8/4578 train_loss:6.9458 train_time:6827ms step_avg:nanms
step:9/4578 train_loss:7.0255 train_time:7315ms step_avg:nanms
step:10/4578 train_loss:6.7797 train_time:7792ms step_avg:nanms
step:11/4578 train_loss:6.8418 train_time:157ms step_avg:nanms
step:12/4578 train_loss:6.5995 train_time:637ms step_avg:nanms
step:13/4578 train_loss:6.6515 train_time:1121ms step_avg:373.53ms
step:14/4578 train_loss:6.4865 train_time:1600ms step_avg:400.00ms
step:15/4578 train_loss:6.4276 train_time:2075ms step_avg:415.03ms
step:16/4578 train_loss:6.3596 train_time:2553ms step_avg:425.56ms
step:17/4578 train_loss:6.5600 train_time:3039ms step_avg:434.16ms
step:18/4578 train_loss:6.5462 train_time:3517ms step_avg:439.59ms
step:19/4578 train_loss:6.4249 train_time:3991ms step_avg:443.49ms
step:20/4578 train_loss:6.5008 train_time:4470ms step_avg:446.99ms
step:21/4578 train_loss:6.2365 train_time:4952ms step_avg:450.22ms
step:22/4578 train_loss:6.3315 train_time:5431ms step_avg:452.62ms
step:23/4578 train_loss:6.8664 train_time:5909ms step_avg:454.51ms
step:24/4578 train_loss:6.2624 train_time:6388ms step_avg:456.30ms
step:25/4578 train_loss:6.7376 train_time:6866ms step_avg:457.72ms
step:26/4578 train_loss:6.1478 train_time:7345ms step_avg:459.07ms
step:27/4578 train_loss:6.0130 train_time:7824ms step_avg:460.26ms
step:28/4578 train_loss:6.3621 train_time:8304ms step_avg:461.36ms
step:29/4578 train_loss:5.7277 train_time:8783ms step_avg:462.25ms
step:30/4578 train_loss:6.0986 train_time:9259ms step_avg:462.93ms
step:31/4578 train_loss:6.1225 train_time:9737ms step_avg:463.69ms
step:32/4578 train_loss:5.8297 train_time:10221ms step_avg:464.58ms
step:33/4578 train_loss:5.9549 train_time:10696ms step_avg:465.05ms
step:34/4578 train_loss:6.1086 train_time:11180ms step_avg:465.84ms
step:35/4578 train_loss:6.1362 train_time:11661ms step_avg:466.46ms
step:36/4578 train_loss:6.1443 train_time:12144ms step_avg:467.06ms
step:37/4578 train_loss:5.9966 train_time:12625ms step_avg:467.60ms
step:38/4578 train_loss:6.0684 train_time:13103ms step_avg:467.98ms
step:39/4578 train_loss:5.7682 train_time:13581ms step_avg:468.31ms
step:40/4578 train_loss:5.8478 train_time:14064ms step_avg:468.79ms
step:41/4578 train_loss:5.7526 train_time:14543ms step_avg:469.12ms
step:42/4578 train_loss:5.8296 train_time:15019ms step_avg:469.36ms
step:43/4578 train_loss:5.4347 train_time:15496ms step_avg:469.59ms
step:44/4578 train_loss:5.8610 train_time:15981ms step_avg:470.03ms
step:45/4578 train_loss:5.7770 train_time:16457ms step_avg:470.20ms
step:46/4578 train_loss:5.7620 train_time:16938ms step_avg:470.49ms
step:47/4578 train_loss:5.6925 train_time:17415ms step_avg:470.68ms
step:48/4578 train_loss:5.5422 train_time:17891ms step_avg:470.82ms
step:49/4578 train_loss:5.7037 train_time:18367ms step_avg:470.95ms
step:50/4578 train_loss:5.4847 train_time:18854ms step_avg:471.35ms
step:51/4578 train_loss:5.7086 train_time:19327ms step_avg:471.38ms
step:52/4578 train_loss:5.6700 train_time:19813ms step_avg:471.74ms
step:53/4578 train_loss:5.5532 train_time:20306ms step_avg:472.23ms
step:54/4578 train_loss:5.5565 train_time:20780ms step_avg:472.27ms
step:55/4578 train_loss:5.5055 train_time:21260ms step_avg:472.44ms
step:56/4578 train_loss:5.8300 train_time:21735ms step_avg:472.50ms
step:57/4578 train_loss:5.5862 train_time:22217ms step_avg:472.70ms
step:58/4578 train_loss:5.3497 train_time:22699ms step_avg:472.90ms
step:59/4578 train_loss:5.6019 train_time:23186ms step_avg:473.19ms
step:60/4578 train_loss:5.4487 train_time:23659ms step_avg:473.17ms
step:61/4578 train_loss:5.6606 train_time:24141ms step_avg:473.36ms
step:62/4578 train_loss:5.3145 train_time:24619ms step_avg:473.44ms
step:63/4578 train_loss:5.5279 train_time:25093ms step_avg:473.44ms
step:64/4578 train_loss:5.4624 train_time:25572ms step_avg:473.56ms
step:65/4578 train_loss:4.9358 train_time:26055ms step_avg:473.73ms
step:66/4578 train_loss:5.3678 train_time:26535ms step_avg:473.83ms
step:67/4578 train_loss:5.4823 train_time:27012ms step_avg:473.89ms
step:68/4578 train_loss:5.2902 train_time:27495ms step_avg:474.06ms
step:69/4578 train_loss:5.6159 train_time:27976ms step_avg:474.17ms
step:70/4578 train_loss:5.1315 train_time:28451ms step_avg:474.18ms
step:71/4578 train_loss:5.2665 train_time:28932ms step_avg:474.30ms
step:72/4578 train_loss:5.2208 train_time:29402ms step_avg:474.22ms
step:73/4578 train_loss:5.3901 train_time:29887ms step_avg:474.40ms
step:74/4578 train_loss:5.1215 train_time:30364ms step_avg:474.43ms
step:75/4578 train_loss:5.5827 train_time:30843ms step_avg:474.51ms
step:76/4578 train_loss:5.3235 train_time:31330ms step_avg:474.69ms
step:77/4578 train_loss:5.3007 train_time:31800ms step_avg:474.63ms
step:78/4578 train_loss:5.4391 train_time:32281ms step_avg:474.73ms
step:79/4578 train_loss:5.0229 train_time:32757ms step_avg:474.74ms
step:80/4578 train_loss:5.3109 train_time:33238ms step_avg:474.83ms
step:81/4578 train_loss:5.2825 train_time:33714ms step_avg:474.84ms
step:82/4578 train_loss:5.1069 train_time:34195ms step_avg:474.93ms
step:83/4578 train_loss:5.2068 train_time:34663ms step_avg:474.83ms
step:84/4578 train_loss:5.1906 train_time:35145ms step_avg:474.93ms
step:85/4578 train_loss:5.0422 train_time:35638ms step_avg:475.17ms
step:86/4578 train_loss:5.0800 train_time:36104ms step_avg:475.05ms
step:87/4578 train_loss:5.3192 train_time:36581ms step_avg:475.08ms
step:88/4578 train_loss:5.1527 train_time:37058ms step_avg:475.11ms
step:89/4578 train_loss:5.2400 train_time:37545ms step_avg:475.25ms
step:90/4578 train_loss:5.3234 train_time:38032ms step_avg:475.40ms
step:91/4578 train_loss:5.0778 train_time:38507ms step_avg:475.40ms
step:92/4578 train_loss:5.2520 train_time:38982ms step_avg:475.39ms
step:93/4578 train_loss:5.3211 train_time:39458ms step_avg:475.40ms
step:94/4578 train_loss:5.0539 train_time:39937ms step_avg:475.44ms
step:95/4578 train_loss:5.0621 train_time:40423ms step_avg:475.57ms
step:96/4578 train_loss:5.0788 train_time:40904ms step_avg:475.63ms
step:97/4578 train_loss:5.0798 train_time:41389ms step_avg:475.73ms
step:98/4578 train_loss:5.0986 train_time:41870ms step_avg:475.79ms
step:99/4578 train_loss:4.9878 train_time:42340ms step_avg:475.73ms
step:100/4578 train_loss:5.0499 train_time:42821ms step_avg:475.79ms
step:101/4578 train_loss:5.0459 train_time:43299ms step_avg:475.81ms
step:102/4578 train_loss:5.0773 train_time:43779ms step_avg:475.86ms
step:103/4578 train_loss:5.0463 train_time:44256ms step_avg:475.87ms
step:104/4578 train_loss:4.9288 train_time:44743ms step_avg:475.98ms
step:105/4578 train_loss:4.8456 train_time:45219ms step_avg:475.99ms
step:106/4578 train_loss:5.0087 train_time:45695ms step_avg:475.99ms
step:107/4578 train_loss:4.8242 train_time:46169ms step_avg:475.97ms
step:108/4578 train_loss:4.9579 train_time:46649ms step_avg:476.01ms
step:109/4578 train_loss:4.8692 train_time:47129ms step_avg:476.05ms
step:110/4578 train_loss:4.9870 train_time:47622ms step_avg:476.22ms
step:111/4578 train_loss:4.8849 train_time:48093ms step_avg:476.17ms
step:112/4578 train_loss:4.9280 train_time:48570ms step_avg:476.17ms
step:113/4578 train_loss:5.0681 train_time:49051ms step_avg:476.22ms
step:114/4578 train_loss:4.9113 train_time:49526ms step_avg:476.21ms
step:115/4578 train_loss:4.8398 train_time:50024ms step_avg:476.42ms
step:116/4578 train_loss:5.0054 train_time:50502ms step_avg:476.44ms
step:117/4578 train_loss:4.9127 train_time:50962ms step_avg:476.28ms
step:118/4578 train_loss:4.7367 train_time:51448ms step_avg:476.37ms
step:119/4578 train_loss:5.0046 train_time:51927ms step_avg:476.39ms
step:120/4578 train_loss:4.8532 train_time:52405ms step_avg:476.40ms
step:121/4578 train_loss:4.8453 train_time:52881ms step_avg:476.41ms
step:122/4578 train_loss:4.6402 train_time:53358ms step_avg:476.41ms
step:123/4578 train_loss:4.9188 train_time:53839ms step_avg:476.45ms
step:124/4578 train_loss:4.7745 train_time:54308ms step_avg:476.39ms
step:125/4578 train_loss:5.1238 train_time:54786ms step_avg:476.40ms
step:125/4578 val_loss:4.8254 train_time:55112ms step_avg:479.23ms
step:126/4578 train_loss:4.9199 train_time:55275ms step_avg:476.51ms
step:127/4578 train_loss:4.9068 train_time:55754ms step_avg:476.53ms
step:128/4578 train_loss:4.8581 train_time:56234ms step_avg:476.56ms
step:129/4578 train_loss:4.8461 train_time:56707ms step_avg:476.53ms
step:130/4578 train_loss:5.3176 train_time:57188ms step_avg:476.57ms
step:131/4578 train_loss:4.8669 train_time:57665ms step_avg:476.57ms
step:132/4578 train_loss:4.5937 train_time:58152ms step_avg:476.66ms
step:133/4578 train_loss:4.6352 train_time:58628ms step_avg:476.65ms
step:134/4578 train_loss:4.7716 train_time:59115ms step_avg:476.73ms
step:135/4578 train_loss:4.7182 train_time:59596ms step_avg:476.76ms
step:136/4578 train_loss:4.7436 train_time:60070ms step_avg:476.74ms
step:137/4578 train_loss:4.5984 train_time:60550ms step_avg:476.77ms
step:138/4578 train_loss:4.7561 train_time:61023ms step_avg:476.74ms
step:139/4578 train_loss:4.7157 train_time:61504ms step_avg:476.77ms
step:140/4578 train_loss:4.7700 train_time:61976ms step_avg:476.74ms
step:141/4578 train_loss:5.0639 train_time:62461ms step_avg:476.80ms
step:142/4578 train_loss:4.7777 train_time:62944ms step_avg:476.85ms
step:143/4578 train_loss:4.7464 train_time:63420ms step_avg:476.84ms
step:144/4578 train_loss:4.7746 train_time:63897ms step_avg:476.84ms
step:145/4578 train_loss:4.6912 train_time:64378ms step_avg:476.87ms
step:146/4578 train_loss:4.5968 train_time:64861ms step_avg:476.92ms
step:147/4578 train_loss:4.4995 train_time:65342ms step_avg:476.95ms
step:148/4578 train_loss:4.6773 train_time:65822ms step_avg:476.97ms
step:149/4578 train_loss:4.6823 train_time:66300ms step_avg:476.98ms
step:150/4578 train_loss:4.9007 train_time:66770ms step_avg:476.93ms
step:151/4578 train_loss:4.7564 train_time:67258ms step_avg:477.01ms
step:152/4578 train_loss:4.6278 train_time:67738ms step_avg:477.03ms
step:153/4578 train_loss:4.6471 train_time:68218ms step_avg:477.05ms
step:154/4578 train_loss:4.7372 train_time:68697ms step_avg:477.06ms
step:155/4578 train_loss:4.8840 train_time:69172ms step_avg:477.05ms
step:156/4578 train_loss:4.5679 train_time:69657ms step_avg:477.11ms
step:157/4578 train_loss:4.7471 train_time:70138ms step_avg:477.13ms
step:158/4578 train_loss:4.7756 train_time:70626ms step_avg:477.20ms
step:159/4578 train_loss:4.5804 train_time:71107ms step_avg:477.23ms
step:160/4578 train_loss:4.6764 train_time:71582ms step_avg:477.22ms
step:161/4578 train_loss:4.5403 train_time:72056ms step_avg:477.19ms
step:162/4578 train_loss:4.6912 train_time:72530ms step_avg:477.17ms
step:163/4578 train_loss:4.7164 train_time:73011ms step_avg:477.19ms
step:164/4578 train_loss:4.6129 train_time:73492ms step_avg:477.22ms
step:165/4578 train_loss:4.4877 train_time:73967ms step_avg:477.21ms
step:166/4578 train_loss:4.5339 train_time:74443ms step_avg:477.20ms
step:167/4578 train_loss:4.7490 train_time:74924ms step_avg:477.22ms
step:168/4578 train_loss:4.3667 train_time:75410ms step_avg:477.28ms
step:169/4578 train_loss:4.7939 train_time:75895ms step_avg:477.33ms
step:170/4578 train_loss:4.4303 train_time:76368ms step_avg:477.30ms
step:171/4578 train_loss:4.3590 train_time:76846ms step_avg:477.30ms
step:172/4578 train_loss:4.4799 train_time:77327ms step_avg:477.33ms
step:173/4578 train_loss:4.4796 train_time:77808ms step_avg:477.35ms
step:174/4578 train_loss:4.5319 train_time:78291ms step_avg:477.39ms
step:175/4578 train_loss:4.6645 train_time:78780ms step_avg:477.45ms
step:176/4578 train_loss:4.6356 train_time:79251ms step_avg:477.41ms
step:177/4578 train_loss:4.3917 train_time:79727ms step_avg:477.40ms
step:178/4578 train_loss:4.3724 train_time:80209ms step_avg:477.44ms
step:179/4578 train_loss:4.4060 train_time:80683ms step_avg:477.42ms
step:180/4578 train_loss:4.3865 train_time:81163ms step_avg:477.43ms
step:181/4578 train_loss:4.4710 train_time:81645ms step_avg:477.46ms
step:182/4578 train_loss:4.3822 train_time:82115ms step_avg:477.41ms
step:183/4578 train_loss:4.4297 train_time:82601ms step_avg:477.46ms
step:184/4578 train_loss:4.4222 train_time:83092ms step_avg:477.54ms
step:185/4578 train_loss:4.3795 train_time:83571ms step_avg:477.55ms
step:186/4578 train_loss:4.7005 train_time:84058ms step_avg:477.60ms
step:187/4578 train_loss:4.4941 train_time:84531ms step_avg:477.58ms
step:188/4578 train_loss:4.6668 train_time:85015ms step_avg:477.61ms
step:189/4578 train_loss:4.4079 train_time:85488ms step_avg:477.59ms
step:190/4578 train_loss:4.3648 train_time:86069ms step_avg:478.16ms
step:191/4578 train_loss:4.5359 train_time:86549ms step_avg:478.17ms
step:192/4578 train_loss:4.3521 train_time:87031ms step_avg:478.19ms
step:193/4578 train_loss:4.3130 train_time:87513ms step_avg:478.21ms
step:194/4578 train_loss:4.5731 train_time:87995ms step_avg:478.23ms
step:195/4578 train_loss:4.4135 train_time:88471ms step_avg:478.22ms
step:196/4578 train_loss:4.7801 train_time:88949ms step_avg:478.22ms
step:197/4578 train_loss:4.4605 train_time:89440ms step_avg:478.29ms
step:198/4578 train_loss:4.2604 train_time:89917ms step_avg:478.28ms
step:199/4578 train_loss:4.3231 train_time:90399ms step_avg:478.30ms
step:200/4578 train_loss:4.3001 train_time:90879ms step_avg:478.31ms
step:201/4578 train_loss:4.4059 train_time:91356ms step_avg:478.30ms
step:202/4578 train_loss:4.2888 train_time:91835ms step_avg:478.31ms
step:203/4578 train_loss:4.4617 train_time:92314ms step_avg:478.31ms
step:204/4578 train_loss:4.3755 train_time:92791ms step_avg:478.30ms
step:205/4578 train_loss:4.5665 train_time:93267ms step_avg:478.29ms
step:206/4578 train_loss:4.3754 train_time:93745ms step_avg:478.29ms
step:207/4578 train_loss:4.2399 train_time:94223ms step_avg:478.29ms
step:208/4578 train_loss:4.3702 train_time:94703ms step_avg:478.30ms
step:209/4578 train_loss:4.4134 train_time:95186ms step_avg:478.32ms
step:210/4578 train_loss:4.4916 train_time:95662ms step_avg:478.31ms
step:211/4578 train_loss:4.4208 train_time:96138ms step_avg:478.30ms
step:212/4578 train_loss:4.3743 train_time:96616ms step_avg:478.30ms
step:213/4578 train_loss:4.3989 train_time:97099ms step_avg:478.32ms
step:214/4578 train_loss:4.1857 train_time:97577ms step_avg:478.32ms
step:215/4578 train_loss:4.3426 train_time:98060ms step_avg:478.34ms
step:216/4578 train_loss:4.2190 train_time:98542ms step_avg:478.36ms
step:217/4578 train_loss:4.1967 train_time:99011ms step_avg:478.31ms
step:218/4578 train_loss:4.3201 train_time:99491ms step_avg:478.32ms
step:219/4578 train_loss:4.2472 train_time:99971ms step_avg:478.33ms
step:220/4578 train_loss:4.3049 train_time:100452ms step_avg:478.34ms
step:221/4578 train_loss:4.3136 train_time:100927ms step_avg:478.33ms
step:222/4578 train_loss:4.2913 train_time:101411ms step_avg:478.35ms
step:223/4578 train_loss:4.1844 train_time:101888ms step_avg:478.35ms
step:224/4578 train_loss:4.2478 train_time:102371ms step_avg:478.37ms
step:225/4578 train_loss:4.4563 train_time:102847ms step_avg:478.36ms
step:226/4578 train_loss:4.0723 train_time:103326ms step_avg:478.36ms
step:227/4578 train_loss:4.1060 train_time:103806ms step_avg:478.37ms
step:228/4578 train_loss:4.2152 train_time:104283ms step_avg:478.36ms
step:229/4578 train_loss:4.3883 train_time:104761ms step_avg:478.36ms
step:230/4578 train_loss:4.1747 train_time:105239ms step_avg:478.36ms
step:231/4578 train_loss:4.3073 train_time:105721ms step_avg:478.37ms
step:232/4578 train_loss:4.3215 train_time:106197ms step_avg:478.36ms
step:233/4578 train_loss:4.0805 train_time:106675ms step_avg:478.36ms
step:234/4578 train_loss:4.3276 train_time:107151ms step_avg:478.35ms
step:235/4578 train_loss:4.1864 train_time:107634ms step_avg:478.37ms
step:236/4578 train_loss:3.9118 train_time:108117ms step_avg:478.39ms
step:237/4578 train_loss:4.2691 train_time:108593ms step_avg:478.38ms
step:238/4578 train_loss:4.2830 train_time:109071ms step_avg:478.38ms
step:239/4578 train_loss:4.1420 train_time:109547ms step_avg:478.37ms
step:240/4578 train_loss:4.3517 train_time:110029ms step_avg:478.39ms
step:241/4578 train_loss:4.3016 train_time:110504ms step_avg:478.37ms
step:242/4578 train_loss:4.1515 train_time:110985ms step_avg:478.39ms
step:243/4578 train_loss:4.0829 train_time:111466ms step_avg:478.40ms
step:244/4578 train_loss:4.2350 train_time:111946ms step_avg:478.40ms
step:245/4578 train_loss:4.2479 train_time:112425ms step_avg:478.40ms
step:246/4578 train_loss:4.4307 train_time:112902ms step_avg:478.40ms
step:247/4578 train_loss:4.4096 train_time:113382ms step_avg:478.41ms
step:248/4578 train_loss:4.2464 train_time:113860ms step_avg:478.40ms
step:249/4578 train_loss:4.2771 train_time:114337ms step_avg:478.40ms
step:250/4578 train_loss:4.0715 train_time:114822ms step_avg:478.42ms
step:250/4578 val_loss:4.2103 train_time:115146ms step_avg:479.77ms
step:251/4578 train_loss:4.1307 train_time:115303ms step_avg:478.44ms
step:252/4578 train_loss:4.2749 train_time:115784ms step_avg:478.45ms
step:253/4578 train_loss:4.1984 train_time:116263ms step_avg:478.45ms
step:254/4578 train_loss:3.9862 train_time:116751ms step_avg:478.49ms
step:255/4578 train_loss:4.1642 train_time:117233ms step_avg:478.50ms
step:256/4578 train_loss:4.1882 train_time:117709ms step_avg:478.49ms
step:257/4578 train_loss:4.3035 train_time:118188ms step_avg:478.50ms
step:258/4578 train_loss:4.1257 train_time:118669ms step_avg:478.50ms
step:259/4578 train_loss:4.0924 train_time:119148ms step_avg:478.51ms
step:260/4578 train_loss:4.2173 train_time:119631ms step_avg:478.52ms
step:261/4578 train_loss:4.2369 train_time:120106ms step_avg:478.51ms
step:262/4578 train_loss:4.2656 train_time:120585ms step_avg:478.51ms
step:263/4578 train_loss:4.1548 train_time:121065ms step_avg:478.52ms
step:264/4578 train_loss:4.1726 train_time:121538ms step_avg:478.50ms
step:265/4578 train_loss:4.1914 train_time:122019ms step_avg:478.51ms
step:266/4578 train_loss:3.9517 train_time:122501ms step_avg:478.52ms
step:267/4578 train_loss:4.1178 train_time:122976ms step_avg:478.51ms
step:268/4578 train_loss:3.9691 train_time:123455ms step_avg:478.51ms
step:269/4578 train_loss:4.0998 train_time:123932ms step_avg:478.50ms
step:270/4578 train_loss:4.0492 train_time:124414ms step_avg:478.52ms
step:271/4578 train_loss:4.2584 train_time:124892ms step_avg:478.51ms
step:272/4578 train_loss:4.1882 train_time:125370ms step_avg:478.51ms
step:273/4578 train_loss:4.0817 train_time:125848ms step_avg:478.51ms
step:274/4578 train_loss:4.1709 train_time:126328ms step_avg:478.52ms
step:275/4578 train_loss:4.2219 train_time:126805ms step_avg:478.51ms
step:276/4578 train_loss:4.2047 train_time:127286ms step_avg:478.52ms
step:277/4578 train_loss:4.1224 train_time:127766ms step_avg:478.52ms
step:278/4578 train_loss:3.9940 train_time:128247ms step_avg:478.53ms
step:279/4578 train_loss:4.3080 train_time:128724ms step_avg:478.53ms
step:280/4578 train_loss:4.1379 train_time:129198ms step_avg:478.51ms
step:281/4578 train_loss:4.5324 train_time:129682ms step_avg:478.53ms
step:282/4578 train_loss:4.1404 train_time:130156ms step_avg:478.52ms
step:283/4578 train_loss:3.9969 train_time:130640ms step_avg:478.53ms
step:284/4578 train_loss:4.1365 train_time:131112ms step_avg:478.51ms
step:285/4578 train_loss:4.1649 train_time:131591ms step_avg:478.51ms
step:286/4578 train_loss:4.2149 train_time:132069ms step_avg:478.51ms
step:287/4578 train_loss:4.3486 train_time:132546ms step_avg:478.51ms
step:288/4578 train_loss:4.0928 train_time:133028ms step_avg:478.52ms
step:289/4578 train_loss:4.2207 train_time:133507ms step_avg:478.52ms
step:290/4578 train_loss:4.0678 train_time:133990ms step_avg:478.54ms
step:291/4578 train_loss:4.1271 train_time:134472ms step_avg:478.55ms
step:292/4578 train_loss:4.1625 train_time:134952ms step_avg:478.55ms
step:293/4578 train_loss:4.1478 train_time:135437ms step_avg:478.57ms
step:294/4578 train_loss:4.0980 train_time:135912ms step_avg:478.56ms
step:295/4578 train_loss:4.1717 train_time:136392ms step_avg:478.57ms
step:296/4578 train_loss:4.0000 train_time:136875ms step_avg:478.58ms
step:297/4578 train_loss:4.0621 train_time:137352ms step_avg:478.58ms
step:298/4578 train_loss:4.0052 train_time:137834ms step_avg:478.59ms
step:299/4578 train_loss:4.1470 train_time:138312ms step_avg:478.59ms
step:300/4578 train_loss:4.0805 train_time:138791ms step_avg:478.59ms
step:301/4578 train_loss:4.2289 train_time:139266ms step_avg:478.58ms
step:302/4578 train_loss:4.1002 train_time:139754ms step_avg:478.61ms
step:303/4578 train_loss:4.0882 train_time:140235ms step_avg:478.62ms
step:304/4578 train_loss:4.0379 train_time:140708ms step_avg:478.60ms
step:305/4578 train_loss:4.1391 train_time:141186ms step_avg:478.60ms
step:306/4578 train_loss:5.1085 train_time:141666ms step_avg:478.60ms
step:307/4578 train_loss:4.0330 train_time:142162ms step_avg:478.66ms
step:308/4578 train_loss:4.0474 train_time:142646ms step_avg:478.68ms
step:309/4578 train_loss:4.1807 train_time:143114ms step_avg:478.64ms
step:310/4578 train_loss:4.0057 train_time:143586ms step_avg:478.62ms
step:311/4578 train_loss:4.1962 train_time:144063ms step_avg:478.61ms
step:312/4578 train_loss:3.9453 train_time:144541ms step_avg:478.61ms
step:313/4578 train_loss:3.9963 train_time:145020ms step_avg:478.61ms
step:314/4578 train_loss:4.1939 train_time:145500ms step_avg:478.62ms
step:315/4578 train_loss:4.3339 train_time:145984ms step_avg:478.64ms
step:316/4578 train_loss:4.1131 train_time:146469ms step_avg:478.66ms
step:317/4578 train_loss:4.0431 train_time:146943ms step_avg:478.64ms
step:318/4578 train_loss:4.0455 train_time:147422ms step_avg:478.64ms
step:319/4578 train_loss:4.0875 train_time:147897ms step_avg:478.63ms
step:320/4578 train_loss:4.1066 train_time:148375ms step_avg:478.63ms
step:321/4578 train_loss:4.3367 train_time:148861ms step_avg:478.65ms
step:322/4578 train_loss:4.1363 train_time:149331ms step_avg:478.62ms
step:323/4578 train_loss:4.1639 train_time:149809ms step_avg:478.62ms
step:324/4578 train_loss:4.2883 train_time:150286ms step_avg:478.62ms
step:325/4578 train_loss:4.1535 train_time:150764ms step_avg:478.62ms
step:326/4578 train_loss:4.1489 train_time:151245ms step_avg:478.62ms
step:327/4578 train_loss:4.0566 train_time:151726ms step_avg:478.63ms
step:328/4578 train_loss:5.0311 train_time:152206ms step_avg:478.64ms
step:329/4578 train_loss:4.2536 train_time:152684ms step_avg:478.63ms
step:330/4578 train_loss:4.0240 train_time:153162ms step_avg:478.63ms
step:331/4578 train_loss:3.9927 train_time:153642ms step_avg:478.63ms
step:332/4578 train_loss:3.9315 train_time:154122ms step_avg:478.64ms
step:333/4578 train_loss:4.0967 train_time:154598ms step_avg:478.63ms
step:334/4578 train_loss:4.0216 train_time:155076ms step_avg:478.63ms
step:335/4578 train_loss:4.0272 train_time:155555ms step_avg:478.63ms
step:336/4578 train_loss:4.1792 train_time:156035ms step_avg:478.63ms
step:337/4578 train_loss:4.3164 train_time:156514ms step_avg:478.63ms
step:338/4578 train_loss:4.9450 train_time:156989ms step_avg:478.62ms
step:339/4578 train_loss:4.1098 train_time:157467ms step_avg:478.62ms
step:340/4578 train_loss:3.9697 train_time:157946ms step_avg:478.63ms
step:341/4578 train_loss:4.1198 train_time:158422ms step_avg:478.62ms
step:342/4578 train_loss:4.1164 train_time:158902ms step_avg:478.62ms
step:343/4578 train_loss:4.0062 train_time:159383ms step_avg:478.63ms
step:344/4578 train_loss:3.8724 train_time:159858ms step_avg:478.62ms
step:345/4578 train_loss:4.0326 train_time:160336ms step_avg:478.61ms
step:346/4578 train_loss:3.9225 train_time:160815ms step_avg:478.62ms
step:347/4578 train_loss:3.8942 train_time:161298ms step_avg:478.63ms
step:348/4578 train_loss:4.0483 train_time:161778ms step_avg:478.63ms
step:349/4578 train_loss:4.0293 train_time:162259ms step_avg:478.64ms
step:350/4578 train_loss:3.9459 train_time:162736ms step_avg:478.63ms
step:351/4578 train_loss:3.5202 train_time:163213ms step_avg:478.63ms
step:352/4578 train_loss:3.9091 train_time:163690ms step_avg:478.63ms
step:353/4578 train_loss:4.3476 train_time:164182ms step_avg:478.66ms
step:354/4578 train_loss:3.9487 train_time:164651ms step_avg:478.64ms
step:355/4578 train_loss:3.9860 train_time:165132ms step_avg:478.64ms
step:356/4578 train_loss:4.0459 train_time:165618ms step_avg:478.67ms
step:357/4578 train_loss:4.0923 train_time:166096ms step_avg:478.66ms
step:358/4578 train_loss:3.9970 train_time:166575ms step_avg:478.66ms
step:359/4578 train_loss:3.7869 train_time:167052ms step_avg:478.66ms
step:360/4578 train_loss:4.3201 train_time:167533ms step_avg:478.67ms
step:361/4578 train_loss:3.5328 train_time:168012ms step_avg:478.67ms
step:362/4578 train_loss:4.0261 train_time:168484ms step_avg:478.65ms
step:363/4578 train_loss:4.1006 train_time:168962ms step_avg:478.65ms
step:364/4578 train_loss:3.9207 train_time:169444ms step_avg:478.66ms
step:365/4578 train_loss:3.9011 train_time:169922ms step_avg:478.65ms
step:366/4578 train_loss:4.0393 train_time:170401ms step_avg:478.66ms
step:367/4578 train_loss:4.0583 train_time:170877ms step_avg:478.65ms
step:368/4578 train_loss:4.0974 train_time:171355ms step_avg:478.65ms
step:369/4578 train_loss:3.9681 train_time:171843ms step_avg:478.67ms
step:370/4578 train_loss:3.8498 train_time:172324ms step_avg:478.68ms
step:371/4578 train_loss:4.1015 train_time:172798ms step_avg:478.66ms
step:372/4578 train_loss:3.9086 train_time:173279ms step_avg:478.67ms
step:373/4578 train_loss:3.8700 train_time:173756ms step_avg:478.67ms
step:374/4578 train_loss:4.0914 train_time:174232ms step_avg:478.66ms
step:375/4578 train_loss:4.0274 train_time:174716ms step_avg:478.67ms
step:375/4578 val_loss:3.9951 train_time:175043ms step_avg:479.57ms
step:376/4578 train_loss:3.9630 train_time:175199ms step_avg:478.69ms
step:377/4578 train_loss:3.9546 train_time:175676ms step_avg:478.68ms
step:378/4578 train_loss:3.9534 train_time:176154ms step_avg:478.68ms
step:379/4578 train_loss:4.0868 train_time:176633ms step_avg:478.68ms
step:380/4578 train_loss:4.0927 train_time:178101ms step_avg:481.35ms
step:381/4578 train_loss:4.1225 train_time:178574ms step_avg:481.33ms
step:382/4578 train_loss:4.0487 train_time:179054ms step_avg:481.33ms
step:383/4578 train_loss:3.9317 train_time:179530ms step_avg:481.31ms
step:384/4578 train_loss:3.9237 train_time:180011ms step_avg:481.31ms
step:385/4578 train_loss:3.9300 train_time:180487ms step_avg:481.30ms
step:386/4578 train_loss:3.9040 train_time:180964ms step_avg:481.29ms
step:387/4578 train_loss:4.1086 train_time:181444ms step_avg:481.28ms
step:388/4578 train_loss:4.3399 train_time:181924ms step_avg:481.28ms
step:389/4578 train_loss:4.0587 train_time:182406ms step_avg:481.28ms
step:390/4578 train_loss:3.9030 train_time:182881ms step_avg:481.27ms
step:391/4578 train_loss:3.9755 train_time:183358ms step_avg:481.26ms
step:392/4578 train_loss:3.9991 train_time:183850ms step_avg:481.28ms
step:393/4578 train_loss:4.1514 train_time:184330ms step_avg:481.28ms
step:394/4578 train_loss:3.9448 train_time:184805ms step_avg:481.26ms
step:395/4578 train_loss:3.9115 train_time:185287ms step_avg:481.27ms
step:396/4578 train_loss:3.7404 train_time:185765ms step_avg:481.26ms
step:397/4578 train_loss:4.0684 train_time:186253ms step_avg:481.27ms
step:398/4578 train_loss:4.0736 train_time:186729ms step_avg:481.26ms
step:399/4578 train_loss:4.0928 train_time:187209ms step_avg:481.26ms
step:400/4578 train_loss:3.9655 train_time:187703ms step_avg:481.29ms
step:401/4578 train_loss:4.1006 train_time:188163ms step_avg:481.23ms
step:402/4578 train_loss:4.0023 train_time:188637ms step_avg:481.22ms
step:403/4578 train_loss:4.1183 train_time:189114ms step_avg:481.21ms
step:404/4578 train_loss:4.1745 train_time:189594ms step_avg:481.20ms
step:405/4578 train_loss:3.9969 train_time:190074ms step_avg:481.20ms
step:406/4578 train_loss:3.9795 train_time:190550ms step_avg:481.19ms
step:407/4578 train_loss:4.1831 train_time:191028ms step_avg:481.18ms
step:408/4578 train_loss:3.9964 train_time:191510ms step_avg:481.18ms
step:409/4578 train_loss:3.9497 train_time:191987ms step_avg:481.17ms
step:410/4578 train_loss:4.0884 train_time:192467ms step_avg:481.17ms
step:411/4578 train_loss:3.9391 train_time:192948ms step_avg:481.17ms
step:412/4578 train_loss:3.9068 train_time:193423ms step_avg:481.15ms
step:413/4578 train_loss:4.4691 train_time:193902ms step_avg:481.15ms
step:414/4578 train_loss:3.9224 train_time:194379ms step_avg:481.14ms
step:415/4578 train_loss:4.0814 train_time:194859ms step_avg:481.13ms
step:416/4578 train_loss:3.8872 train_time:195344ms step_avg:481.14ms
step:417/4578 train_loss:3.9477 train_time:195817ms step_avg:481.12ms
step:418/4578 train_loss:4.1329 train_time:196296ms step_avg:481.12ms
step:419/4578 train_loss:3.8552 train_time:196769ms step_avg:481.10ms
step:420/4578 train_loss:3.9087 train_time:197252ms step_avg:481.10ms
step:421/4578 train_loss:3.7687 train_time:197732ms step_avg:481.10ms
step:422/4578 train_loss:3.7481 train_time:198212ms step_avg:481.10ms
step:423/4578 train_loss:3.9590 train_time:198688ms step_avg:481.08ms
step:424/4578 train_loss:3.9066 train_time:199160ms step_avg:481.06ms
step:425/4578 train_loss:3.8732 train_time:199642ms step_avg:481.06ms
step:426/4578 train_loss:3.8490 train_time:200118ms step_avg:481.05ms
step:427/4578 train_loss:3.8658 train_time:200597ms step_avg:481.05ms
step:428/4578 train_loss:3.8610 train_time:201090ms step_avg:481.08ms
step:429/4578 train_loss:3.9100 train_time:201570ms step_avg:481.07ms
step:430/4578 train_loss:3.9365 train_time:202048ms step_avg:481.07ms
step:431/4578 train_loss:3.9612 train_time:202525ms step_avg:481.06ms
step:432/4578 train_loss:3.8062 train_time:203011ms step_avg:481.07ms
step:433/4578 train_loss:3.9489 train_time:203491ms step_avg:481.07ms
step:434/4578 train_loss:4.0376 train_time:203967ms step_avg:481.05ms
step:435/4578 train_loss:3.9423 train_time:204445ms step_avg:481.05ms
step:436/4578 train_loss:3.9715 train_time:204922ms step_avg:481.04ms
step:437/4578 train_loss:3.7012 train_time:205400ms step_avg:481.03ms
step:438/4578 train_loss:3.8156 train_time:205886ms step_avg:481.04ms
step:439/4578 train_loss:3.9002 train_time:206356ms step_avg:481.02ms
step:440/4578 train_loss:3.8325 train_time:206838ms step_avg:481.02ms
step:441/4578 train_loss:4.2135 train_time:207316ms step_avg:481.01ms
step:442/4578 train_loss:3.8167 train_time:207794ms step_avg:481.01ms
step:443/4578 train_loss:3.9188 train_time:208276ms step_avg:481.01ms
step:444/4578 train_loss:3.8091 train_time:208759ms step_avg:481.01ms
step:445/4578 train_loss:3.8761 train_time:209233ms step_avg:481.00ms
step:446/4578 train_loss:3.9266 train_time:209713ms step_avg:480.99ms
step:447/4578 train_loss:3.9332 train_time:210192ms step_avg:480.99ms
step:448/4578 train_loss:4.0023 train_time:210679ms step_avg:481.00ms
step:449/4578 train_loss:4.0144 train_time:211158ms step_avg:481.00ms
step:450/4578 train_loss:3.9105 train_time:211638ms step_avg:480.99ms
step:451/4578 train_loss:3.9024 train_time:212117ms step_avg:480.99ms
step:452/4578 train_loss:3.8397 train_time:212594ms step_avg:480.98ms
step:453/4578 train_loss:3.7677 train_time:213071ms step_avg:480.97ms
step:454/4578 train_loss:3.7788 train_time:213549ms step_avg:480.97ms
step:455/4578 train_loss:3.7712 train_time:214028ms step_avg:480.96ms
step:456/4578 train_loss:4.0454 train_time:214502ms step_avg:480.95ms
step:457/4578 train_loss:3.8962 train_time:214980ms step_avg:480.94ms
step:458/4578 train_loss:3.9103 train_time:215463ms step_avg:480.94ms
step:459/4578 train_loss:4.0818 train_time:215935ms step_avg:480.93ms
step:460/4578 train_loss:3.7292 train_time:216417ms step_avg:480.93ms
step:461/4578 train_loss:4.0003 train_time:216894ms step_avg:480.92ms
step:462/4578 train_loss:3.9105 train_time:217371ms step_avg:480.91ms
step:463/4578 train_loss:3.9515 train_time:217849ms step_avg:480.90ms
step:464/4578 train_loss:3.9724 train_time:218330ms step_avg:480.90ms
step:465/4578 train_loss:3.8419 train_time:218806ms step_avg:480.89ms
step:466/4578 train_loss:3.8808 train_time:219290ms step_avg:480.90ms
step:467/4578 train_loss:4.0402 train_time:219768ms step_avg:480.89ms
step:468/4578 train_loss:4.2078 train_time:220245ms step_avg:480.89ms
step:469/4578 train_loss:3.8307 train_time:220724ms step_avg:480.88ms
step:470/4578 train_loss:3.8270 train_time:221209ms step_avg:480.89ms
step:471/4578 train_loss:3.9252 train_time:221692ms step_avg:480.89ms
step:472/4578 train_loss:3.8724 train_time:222163ms step_avg:480.87ms
step:473/4578 train_loss:3.9631 train_time:222646ms step_avg:480.88ms
step:474/4578 train_loss:3.8491 train_time:223124ms step_avg:480.87ms
step:475/4578 train_loss:3.7108 train_time:223602ms step_avg:480.86ms
step:476/4578 train_loss:4.0216 train_time:224078ms step_avg:480.86ms
step:477/4578 train_loss:3.8418 train_time:224561ms step_avg:480.86ms
step:478/4578 train_loss:3.9306 train_time:225036ms step_avg:480.85ms
step:479/4578 train_loss:4.0581 train_time:225513ms step_avg:480.84ms
step:480/4578 train_loss:3.9187 train_time:225991ms step_avg:480.83ms
step:481/4578 train_loss:3.8585 train_time:226476ms step_avg:480.84ms
step:482/4578 train_loss:3.9428 train_time:226949ms step_avg:480.82ms
step:483/4578 train_loss:3.7033 train_time:227426ms step_avg:480.82ms
step:484/4578 train_loss:3.9057 train_time:227906ms step_avg:480.81ms
step:485/4578 train_loss:3.8584 train_time:228385ms step_avg:480.81ms
step:486/4578 train_loss:3.8526 train_time:228861ms step_avg:480.80ms
step:487/4578 train_loss:3.7940 train_time:229346ms step_avg:480.81ms
step:488/4578 train_loss:3.8444 train_time:229831ms step_avg:480.82ms
step:489/4578 train_loss:3.9599 train_time:230316ms step_avg:480.83ms
step:490/4578 train_loss:3.9693 train_time:230789ms step_avg:480.81ms
step:491/4578 train_loss:3.8659 train_time:231268ms step_avg:480.81ms
step:492/4578 train_loss:3.7501 train_time:231743ms step_avg:480.79ms
step:493/4578 train_loss:4.1493 train_time:232225ms step_avg:480.80ms
step:494/4578 train_loss:3.7029 train_time:232698ms step_avg:480.78ms
step:495/4578 train_loss:3.9296 train_time:233177ms step_avg:480.78ms
step:496/4578 train_loss:3.9691 train_time:233655ms step_avg:480.77ms
step:497/4578 train_loss:3.7496 train_time:234133ms step_avg:480.77ms
step:498/4578 train_loss:3.8549 train_time:234618ms step_avg:480.77ms
step:499/4578 train_loss:3.9452 train_time:235099ms step_avg:480.77ms
step:500/4578 train_loss:3.9916 train_time:235576ms step_avg:480.77ms
step:500/4578 val_loss:3.8752 train_time:235900ms step_avg:481.43ms
step:501/4578 train_loss:4.0678 train_time:236055ms step_avg:480.76ms
step:502/4578 train_loss:3.8119 train_time:236536ms step_avg:480.76ms
step:503/4578 train_loss:3.9882 train_time:237013ms step_avg:480.76ms
step:504/4578 train_loss:3.8372 train_time:237503ms step_avg:480.78ms
step:505/4578 train_loss:3.9098 train_time:237980ms step_avg:480.77ms
step:506/4578 train_loss:3.8795 train_time:238460ms step_avg:480.77ms
step:507/4578 train_loss:3.7370 train_time:238936ms step_avg:480.76ms
step:508/4578 train_loss:4.0418 train_time:239415ms step_avg:480.75ms
step:509/4578 train_loss:4.2306 train_time:239892ms step_avg:480.75ms
step:510/4578 train_loss:3.8617 train_time:240379ms step_avg:480.76ms
step:511/4578 train_loss:3.8727 train_time:240855ms step_avg:480.75ms
step:512/4578 train_loss:3.8236 train_time:241339ms step_avg:480.76ms
step:513/4578 train_loss:3.9461 train_time:241806ms step_avg:480.73ms
step:514/4578 train_loss:3.9196 train_time:242287ms step_avg:480.73ms
step:515/4578 train_loss:3.9371 train_time:242767ms step_avg:480.73ms
step:516/4578 train_loss:3.8641 train_time:243245ms step_avg:480.72ms
step:517/4578 train_loss:4.0248 train_time:243722ms step_avg:480.71ms
step:518/4578 train_loss:3.7404 train_time:244202ms step_avg:480.71ms
step:519/4578 train_loss:4.0165 train_time:244683ms step_avg:480.71ms
step:520/4578 train_loss:3.9812 train_time:245155ms step_avg:480.70ms
step:521/4578 train_loss:3.8866 train_time:245630ms step_avg:480.69ms
step:522/4578 train_loss:3.7592 train_time:246110ms step_avg:480.68ms
step:523/4578 train_loss:3.7883 train_time:246592ms step_avg:480.69ms
step:524/4578 train_loss:5.2236 train_time:247067ms step_avg:480.68ms
step:525/4578 train_loss:3.8123 train_time:247549ms step_avg:480.68ms
step:526/4578 train_loss:3.9226 train_time:248024ms step_avg:480.67ms
step:527/4578 train_loss:3.7925 train_time:248503ms step_avg:480.66ms
step:528/4578 train_loss:3.6725 train_time:248981ms step_avg:480.66ms
step:529/4578 train_loss:3.7921 train_time:249465ms step_avg:480.66ms
step:530/4578 train_loss:4.0331 train_time:249942ms step_avg:480.66ms
step:531/4578 train_loss:3.7915 train_time:250424ms step_avg:480.66ms
step:532/4578 train_loss:4.0122 train_time:250904ms step_avg:480.66ms
step:533/4578 train_loss:3.9223 train_time:251381ms step_avg:480.65ms
step:534/4578 train_loss:3.8236 train_time:251855ms step_avg:480.64ms
step:535/4578 train_loss:3.7784 train_time:252339ms step_avg:480.65ms
step:536/4578 train_loss:3.7361 train_time:252817ms step_avg:480.64ms
step:537/4578 train_loss:3.8849 train_time:253289ms step_avg:480.62ms
step:538/4578 train_loss:3.8814 train_time:253772ms step_avg:480.63ms
step:539/4578 train_loss:3.8066 train_time:254244ms step_avg:480.61ms
step:540/4578 train_loss:4.4394 train_time:254721ms step_avg:480.61ms
step:541/4578 train_loss:3.8516 train_time:255199ms step_avg:480.60ms
step:542/4578 train_loss:4.0011 train_time:255678ms step_avg:480.60ms
step:543/4578 train_loss:3.7657 train_time:256156ms step_avg:480.59ms
step:544/4578 train_loss:3.8140 train_time:256631ms step_avg:480.58ms
step:545/4578 train_loss:3.8394 train_time:257109ms step_avg:480.58ms
step:546/4578 train_loss:3.7407 train_time:257589ms step_avg:480.58ms
step:547/4578 train_loss:3.8085 train_time:258071ms step_avg:480.58ms
step:548/4578 train_loss:3.7799 train_time:258546ms step_avg:480.57ms
step:549/4578 train_loss:3.8826 train_time:259022ms step_avg:480.56ms
step:550/4578 train_loss:3.8307 train_time:259513ms step_avg:480.58ms
step:551/4578 train_loss:3.8535 train_time:259990ms step_avg:480.57ms
step:552/4578 train_loss:3.8221 train_time:260470ms step_avg:480.57ms
step:553/4578 train_loss:3.7328 train_time:260947ms step_avg:480.57ms
step:554/4578 train_loss:4.1016 train_time:261425ms step_avg:480.56ms
step:555/4578 train_loss:3.8594 train_time:261913ms step_avg:480.57ms
step:556/4578 train_loss:3.8450 train_time:262398ms step_avg:480.58ms
step:557/4578 train_loss:3.8681 train_time:262878ms step_avg:480.58ms
step:558/4578 train_loss:3.4032 train_time:263356ms step_avg:480.58ms
step:559/4578 train_loss:3.8029 train_time:263837ms step_avg:480.58ms
step:560/4578 train_loss:3.7901 train_time:264318ms step_avg:480.58ms
step:561/4578 train_loss:3.9774 train_time:264796ms step_avg:480.57ms
step:562/4578 train_loss:3.7825 train_time:265271ms step_avg:480.56ms
step:563/4578 train_loss:3.6511 train_time:265753ms step_avg:480.57ms
step:564/4578 train_loss:3.9504 train_time:266234ms step_avg:480.57ms
step:565/4578 train_loss:3.6456 train_time:266710ms step_avg:480.56ms
step:566/4578 train_loss:3.8474 train_time:267186ms step_avg:480.55ms
step:567/4578 train_loss:3.7466 train_time:267667ms step_avg:480.55ms
step:568/4578 train_loss:3.7773 train_time:268255ms step_avg:480.74ms
step:569/4578 train_loss:3.7288 train_time:268728ms step_avg:480.73ms
step:570/4578 train_loss:3.7595 train_time:269684ms step_avg:481.58ms
step:571/4578 train_loss:3.8155 train_time:270158ms step_avg:481.57ms
step:572/4578 train_loss:3.9195 train_time:270633ms step_avg:481.55ms
step:573/4578 train_loss:3.7781 train_time:271112ms step_avg:481.55ms
step:574/4578 train_loss:3.8106 train_time:271589ms step_avg:481.54ms
step:575/4578 train_loss:4.0235 train_time:272074ms step_avg:481.55ms
step:576/4578 train_loss:3.8451 train_time:272559ms step_avg:481.55ms
step:577/4578 train_loss:3.9319 train_time:273030ms step_avg:481.53ms
step:578/4578 train_loss:3.8317 train_time:273512ms step_avg:481.53ms
step:579/4578 train_loss:3.7467 train_time:273987ms step_avg:481.52ms
step:580/4578 train_loss:3.9441 train_time:274464ms step_avg:481.51ms
step:581/4578 train_loss:3.8185 train_time:274947ms step_avg:481.52ms
step:582/4578 train_loss:3.8750 train_time:275424ms step_avg:481.51ms
step:583/4578 train_loss:3.9122 train_time:275903ms step_avg:481.51ms
step:584/4578 train_loss:3.8094 train_time:276380ms step_avg:481.50ms
step:585/4578 train_loss:3.7765 train_time:276855ms step_avg:481.49ms
step:586/4578 train_loss:4.0120 train_time:277334ms step_avg:481.48ms
step:587/4578 train_loss:3.7373 train_time:277822ms step_avg:481.49ms
step:588/4578 train_loss:3.8705 train_time:278304ms step_avg:481.50ms
step:589/4578 train_loss:3.8339 train_time:278783ms step_avg:481.49ms
step:590/4578 train_loss:4.1406 train_time:279258ms step_avg:481.48ms
step:591/4578 train_loss:3.9122 train_time:279750ms step_avg:481.50ms
step:592/4578 train_loss:3.5753 train_time:280223ms step_avg:481.48ms
step:593/4578 train_loss:3.7764 train_time:280703ms step_avg:481.48ms
step:594/4578 train_loss:3.8502 train_time:281183ms step_avg:481.48ms
step:595/4578 train_loss:3.6327 train_time:281660ms step_avg:481.47ms
step:596/4578 train_loss:4.1165 train_time:282133ms step_avg:481.46ms
step:597/4578 train_loss:3.9556 train_time:282615ms step_avg:481.46ms
step:598/4578 train_loss:3.7082 train_time:283093ms step_avg:481.45ms
step:599/4578 train_loss:3.8662 train_time:283583ms step_avg:481.47ms
step:600/4578 train_loss:3.7074 train_time:284059ms step_avg:481.46ms
step:601/4578 train_loss:3.7053 train_time:284532ms step_avg:481.44ms
step:602/4578 train_loss:3.8923 train_time:285010ms step_avg:481.44ms
step:603/4578 train_loss:3.8181 train_time:285492ms step_avg:481.44ms
step:604/4578 train_loss:4.0020 train_time:285969ms step_avg:481.43ms
step:605/4578 train_loss:3.7785 train_time:286447ms step_avg:481.42ms
step:606/4578 train_loss:3.8365 train_time:286921ms step_avg:481.41ms
step:607/4578 train_loss:3.8589 train_time:287398ms step_avg:481.40ms
step:608/4578 train_loss:4.1467 train_time:287875ms step_avg:481.40ms
step:609/4578 train_loss:3.8862 train_time:288352ms step_avg:481.39ms
step:610/4578 train_loss:3.7362 train_time:288830ms step_avg:481.38ms
step:611/4578 train_loss:4.0217 train_time:289310ms step_avg:481.38ms
step:612/4578 train_loss:3.7199 train_time:289785ms step_avg:481.37ms
step:613/4578 train_loss:3.8467 train_time:290268ms step_avg:481.37ms
step:614/4578 train_loss:3.9095 train_time:290740ms step_avg:481.36ms
step:615/4578 train_loss:3.8261 train_time:291220ms step_avg:481.36ms
step:616/4578 train_loss:3.9164 train_time:291702ms step_avg:481.36ms
step:617/4578 train_loss:3.8232 train_time:292173ms step_avg:481.34ms
step:618/4578 train_loss:3.6613 train_time:292654ms step_avg:481.34ms
step:619/4578 train_loss:3.8489 train_time:293127ms step_avg:481.33ms
step:620/4578 train_loss:3.8189 train_time:293607ms step_avg:481.32ms
step:621/4578 train_loss:3.6427 train_time:294083ms step_avg:481.31ms
step:622/4578 train_loss:4.2398 train_time:294566ms step_avg:481.32ms
step:623/4578 train_loss:3.6577 train_time:295037ms step_avg:481.30ms
step:624/4578 train_loss:3.8327 train_time:295523ms step_avg:481.31ms
step:625/4578 train_loss:3.9126 train_time:296009ms step_avg:481.32ms
step:625/4578 val_loss:3.7986 train_time:296343ms step_avg:481.86ms
step:626/4578 train_loss:3.8963 train_time:296499ms step_avg:481.33ms
step:627/4578 train_loss:3.9741 train_time:296974ms step_avg:481.32ms
step:628/4578 train_loss:3.7669 train_time:297454ms step_avg:481.32ms
step:629/4578 train_loss:3.8707 train_time:297930ms step_avg:481.31ms
step:630/4578 train_loss:3.6964 train_time:298406ms step_avg:481.30ms
step:631/4578 train_loss:3.8464 train_time:298882ms step_avg:481.29ms
step:632/4578 train_loss:3.8766 train_time:299362ms step_avg:481.29ms
step:633/4578 train_loss:3.9114 train_time:299837ms step_avg:481.28ms
step:634/4578 train_loss:3.7417 train_time:300317ms step_avg:481.28ms
step:635/4578 train_loss:3.8650 train_time:300792ms step_avg:481.27ms
step:636/4578 train_loss:4.0626 train_time:301268ms step_avg:481.26ms
step:637/4578 train_loss:3.7108 train_time:301744ms step_avg:481.25ms
step:638/4578 train_loss:3.6151 train_time:302222ms step_avg:481.25ms
step:639/4578 train_loss:3.9206 train_time:302700ms step_avg:481.24ms
step:640/4578 train_loss:3.9419 train_time:303180ms step_avg:481.24ms
step:641/4578 train_loss:3.7791 train_time:303664ms step_avg:481.24ms
step:642/4578 train_loss:3.6846 train_time:304156ms step_avg:481.26ms
step:643/4578 train_loss:3.8946 train_time:304634ms step_avg:481.25ms
step:644/4578 train_loss:3.8125 train_time:305111ms step_avg:481.25ms
step:645/4578 train_loss:3.6428 train_time:305592ms step_avg:481.25ms
step:646/4578 train_loss:3.8968 train_time:306066ms step_avg:481.24ms
step:647/4578 train_loss:3.9108 train_time:306545ms step_avg:481.23ms
step:648/4578 train_loss:3.7844 train_time:307020ms step_avg:481.22ms
step:649/4578 train_loss:3.8837 train_time:307497ms step_avg:481.22ms
step:650/4578 train_loss:3.9416 train_time:307975ms step_avg:481.21ms
step:651/4578 train_loss:3.7628 train_time:308454ms step_avg:481.21ms
step:652/4578 train_loss:4.0158 train_time:308929ms step_avg:481.20ms
step:653/4578 train_loss:3.7920 train_time:309406ms step_avg:481.19ms
step:654/4578 train_loss:3.7920 train_time:309892ms step_avg:481.20ms
step:655/4578 train_loss:3.4639 train_time:310375ms step_avg:481.20ms
step:656/4578 train_loss:3.8572 train_time:310853ms step_avg:481.20ms
step:657/4578 train_loss:3.7375 train_time:311330ms step_avg:481.19ms
step:658/4578 train_loss:3.6725 train_time:311808ms step_avg:481.19ms
step:659/4578 train_loss:3.8124 train_time:312284ms step_avg:481.18ms
step:660/4578 train_loss:3.7545 train_time:312768ms step_avg:481.18ms
step:661/4578 train_loss:3.8571 train_time:313247ms step_avg:481.18ms
step:662/4578 train_loss:3.7935 train_time:313724ms step_avg:481.17ms
step:663/4578 train_loss:3.7560 train_time:314198ms step_avg:481.16ms
step:664/4578 train_loss:3.7205 train_time:314683ms step_avg:481.17ms
step:665/4578 train_loss:3.8785 train_time:315156ms step_avg:481.15ms
step:666/4578 train_loss:3.4691 train_time:315634ms step_avg:481.15ms
step:667/4578 train_loss:4.0365 train_time:316111ms step_avg:481.14ms
step:668/4578 train_loss:3.8003 train_time:316593ms step_avg:481.14ms
step:669/4578 train_loss:3.8926 train_time:317071ms step_avg:481.14ms
step:670/4578 train_loss:3.6940 train_time:317552ms step_avg:481.14ms
step:671/4578 train_loss:3.5837 train_time:318022ms step_avg:481.12ms
step:672/4578 train_loss:3.7372 train_time:318499ms step_avg:481.12ms
step:673/4578 train_loss:3.7706 train_time:318991ms step_avg:481.13ms
step:674/4578 train_loss:4.4289 train_time:319468ms step_avg:481.13ms
step:675/4578 train_loss:3.8255 train_time:319945ms step_avg:481.12ms
step:676/4578 train_loss:3.8727 train_time:320421ms step_avg:481.11ms
step:677/4578 train_loss:3.6346 train_time:320897ms step_avg:481.10ms
step:678/4578 train_loss:3.6727 train_time:321371ms step_avg:481.09ms
step:679/4578 train_loss:3.7330 train_time:321853ms step_avg:481.10ms
step:680/4578 train_loss:3.8338 train_time:322327ms step_avg:481.08ms
step:681/4578 train_loss:3.7422 train_time:322804ms step_avg:481.08ms
step:682/4578 train_loss:3.7803 train_time:323293ms step_avg:481.09ms
step:683/4578 train_loss:4.0204 train_time:323769ms step_avg:481.08ms
step:684/4578 train_loss:3.9386 train_time:324250ms step_avg:481.08ms
step:685/4578 train_loss:3.8070 train_time:324727ms step_avg:481.08ms
step:686/4578 train_loss:3.8944 train_time:325205ms step_avg:481.07ms
step:687/4578 train_loss:3.8611 train_time:325683ms step_avg:481.07ms
step:688/4578 train_loss:3.8318 train_time:326162ms step_avg:481.06ms
step:689/4578 train_loss:3.3559 train_time:326642ms step_avg:481.06ms
step:690/4578 train_loss:3.5463 train_time:327126ms step_avg:481.07ms
step:691/4578 train_loss:3.7729 train_time:327603ms step_avg:481.06ms
step:692/4578 train_loss:3.5331 train_time:328083ms step_avg:481.06ms
step:693/4578 train_loss:3.9220 train_time:328556ms step_avg:481.05ms
step:694/4578 train_loss:3.7759 train_time:329037ms step_avg:481.05ms
step:695/4578 train_loss:3.6468 train_time:329512ms step_avg:481.04ms
step:696/4578 train_loss:3.5464 train_time:330002ms step_avg:481.05ms
step:697/4578 train_loss:4.1463 train_time:330479ms step_avg:481.05ms
step:698/4578 train_loss:3.7127 train_time:330957ms step_avg:481.04ms
step:699/4578 train_loss:3.7853 train_time:331434ms step_avg:481.04ms
step:700/4578 train_loss:3.7211 train_time:331919ms step_avg:481.04ms
step:701/4578 train_loss:3.7667 train_time:332399ms step_avg:481.04ms
step:702/4578 train_loss:3.7086 train_time:332874ms step_avg:481.03ms
step:703/4578 train_loss:3.6893 train_time:333349ms step_avg:481.02ms
step:704/4578 train_loss:3.6534 train_time:333828ms step_avg:481.02ms
step:705/4578 train_loss:3.9022 train_time:334306ms step_avg:481.02ms
step:706/4578 train_loss:3.7738 train_time:334783ms step_avg:481.01ms
step:707/4578 train_loss:3.7604 train_time:335262ms step_avg:481.01ms
step:708/4578 train_loss:3.8763 train_time:335740ms step_avg:481.00ms
step:709/4578 train_loss:3.7943 train_time:336217ms step_avg:481.00ms
step:710/4578 train_loss:3.7948 train_time:336697ms step_avg:481.00ms
step:711/4578 train_loss:3.6693 train_time:337181ms step_avg:481.00ms
step:712/4578 train_loss:3.7942 train_time:337658ms step_avg:480.99ms
step:713/4578 train_loss:3.9353 train_time:338137ms step_avg:480.99ms
step:714/4578 train_loss:3.6988 train_time:338615ms step_avg:480.99ms
step:715/4578 train_loss:3.8244 train_time:339095ms step_avg:480.99ms
step:716/4578 train_loss:3.8331 train_time:339572ms step_avg:480.98ms
step:717/4578 train_loss:3.7617 train_time:340053ms step_avg:480.98ms
step:718/4578 train_loss:4.0129 train_time:340527ms step_avg:480.97ms
step:719/4578 train_loss:3.6608 train_time:341003ms step_avg:480.96ms
step:720/4578 train_loss:3.6919 train_time:341487ms step_avg:480.97ms
step:721/4578 train_loss:4.1211 train_time:341965ms step_avg:480.96ms
step:722/4578 train_loss:3.5297 train_time:342445ms step_avg:480.96ms
step:723/4578 train_loss:3.9964 train_time:342925ms step_avg:480.96ms
step:724/4578 train_loss:3.9634 train_time:343400ms step_avg:480.95ms
step:725/4578 train_loss:3.7526 train_time:343884ms step_avg:480.96ms
step:726/4578 train_loss:3.7859 train_time:344362ms step_avg:480.95ms
step:727/4578 train_loss:3.6229 train_time:344841ms step_avg:480.95ms
step:728/4578 train_loss:3.4804 train_time:345323ms step_avg:480.95ms
step:729/4578 train_loss:3.8145 train_time:345805ms step_avg:480.95ms
step:730/4578 train_loss:3.7832 train_time:346281ms step_avg:480.95ms
step:731/4578 train_loss:3.8785 train_time:346754ms step_avg:480.94ms
step:732/4578 train_loss:3.7836 train_time:347232ms step_avg:480.93ms
step:733/4578 train_loss:3.7811 train_time:347711ms step_avg:480.93ms
step:734/4578 train_loss:4.1629 train_time:348189ms step_avg:480.92ms
step:735/4578 train_loss:3.5566 train_time:348668ms step_avg:480.92ms
step:736/4578 train_loss:3.8078 train_time:349146ms step_avg:480.92ms
step:737/4578 train_loss:4.0534 train_time:349623ms step_avg:480.91ms
step:738/4578 train_loss:3.7989 train_time:350100ms step_avg:480.91ms
step:739/4578 train_loss:3.7283 train_time:350583ms step_avg:480.91ms
step:740/4578 train_loss:3.8357 train_time:351062ms step_avg:480.91ms
step:741/4578 train_loss:4.2379 train_time:351537ms step_avg:480.90ms
step:742/4578 train_loss:3.7509 train_time:352018ms step_avg:480.90ms
step:743/4578 train_loss:3.6627 train_time:352500ms step_avg:480.90ms
step:744/4578 train_loss:3.6622 train_time:352979ms step_avg:480.90ms
step:745/4578 train_loss:3.8891 train_time:353458ms step_avg:480.89ms
step:746/4578 train_loss:3.7881 train_time:353937ms step_avg:480.89ms
step:747/4578 train_loss:3.8013 train_time:354410ms step_avg:480.88ms
step:748/4578 train_loss:3.7445 train_time:354891ms step_avg:480.88ms
step:749/4578 train_loss:3.7568 train_time:355368ms step_avg:480.88ms
step:750/4578 train_loss:3.6899 train_time:355853ms step_avg:480.88ms
step:750/4578 val_loss:3.7439 train_time:356173ms step_avg:481.31ms
step:751/4578 train_loss:3.7514 train_time:356330ms step_avg:480.88ms
step:752/4578 train_loss:3.6662 train_time:356806ms step_avg:480.87ms
step:753/4578 train_loss:3.7441 train_time:357287ms step_avg:480.87ms
step:754/4578 train_loss:3.6852 train_time:357763ms step_avg:480.86ms
step:755/4578 train_loss:3.7115 train_time:358249ms step_avg:480.87ms
step:756/4578 train_loss:3.9485 train_time:358731ms step_avg:480.87ms
step:757/4578 train_loss:3.6926 train_time:359334ms step_avg:481.04ms
step:758/4578 train_loss:3.8522 train_time:359814ms step_avg:481.03ms
step:759/4578 train_loss:3.7910 train_time:360285ms step_avg:481.02ms
step:760/4578 train_loss:3.7436 train_time:361491ms step_avg:481.99ms
step:761/4578 train_loss:3.7404 train_time:361963ms step_avg:481.97ms
step:762/4578 train_loss:3.6255 train_time:362440ms step_avg:481.97ms
step:763/4578 train_loss:3.8004 train_time:362921ms step_avg:481.97ms
step:764/4578 train_loss:3.6968 train_time:363396ms step_avg:481.96ms
step:765/4578 train_loss:3.5360 train_time:363876ms step_avg:481.95ms
step:766/4578 train_loss:3.9925 train_time:364355ms step_avg:481.95ms
step:767/4578 train_loss:3.8272 train_time:364835ms step_avg:481.95ms
step:768/4578 train_loss:3.8206 train_time:365313ms step_avg:481.94ms
step:769/4578 train_loss:3.7073 train_time:365793ms step_avg:481.94ms
step:770/4578 train_loss:3.9359 train_time:366271ms step_avg:481.93ms
step:771/4578 train_loss:3.8440 train_time:366749ms step_avg:481.93ms
step:772/4578 train_loss:4.1256 train_time:367228ms step_avg:481.93ms
step:773/4578 train_loss:3.6323 train_time:367713ms step_avg:481.93ms
step:774/4578 train_loss:3.7386 train_time:368193ms step_avg:481.93ms
step:775/4578 train_loss:3.8846 train_time:368672ms step_avg:481.92ms
step:776/4578 train_loss:3.8422 train_time:369149ms step_avg:481.92ms
step:777/4578 train_loss:3.7225 train_time:369626ms step_avg:481.91ms
step:778/4578 train_loss:3.5723 train_time:370112ms step_avg:481.92ms
step:779/4578 train_loss:3.7609 train_time:370584ms step_avg:481.90ms
step:780/4578 train_loss:3.6554 train_time:371070ms step_avg:481.91ms
step:781/4578 train_loss:3.8120 train_time:371545ms step_avg:481.90ms
step:782/4578 train_loss:3.8667 train_time:372022ms step_avg:481.89ms
step:783/4578 train_loss:3.7169 train_time:372503ms step_avg:481.89ms
step:784/4578 train_loss:3.7699 train_time:372980ms step_avg:481.89ms
step:785/4578 train_loss:3.7455 train_time:373456ms step_avg:481.88ms
step:786/4578 train_loss:3.6939 train_time:373932ms step_avg:481.87ms
step:787/4578 train_loss:3.6004 train_time:374414ms step_avg:481.87ms
step:788/4578 train_loss:4.1029 train_time:374885ms step_avg:481.86ms
step:789/4578 train_loss:3.5926 train_time:375365ms step_avg:481.85ms
step:790/4578 train_loss:3.6518 train_time:375851ms step_avg:481.86ms
step:791/4578 train_loss:3.8019 train_time:376327ms step_avg:481.85ms
step:792/4578 train_loss:3.7344 train_time:376806ms step_avg:481.85ms
step:793/4578 train_loss:3.6571 train_time:377287ms step_avg:481.85ms
step:794/4578 train_loss:3.5781 train_time:377766ms step_avg:481.84ms
step:795/4578 train_loss:3.6786 train_time:378242ms step_avg:481.84ms
step:796/4578 train_loss:3.7523 train_time:378719ms step_avg:481.83ms
step:797/4578 train_loss:3.7677 train_time:379195ms step_avg:481.82ms
step:798/4578 train_loss:3.6654 train_time:379684ms step_avg:481.83ms
step:799/4578 train_loss:3.8976 train_time:380165ms step_avg:481.83ms
step:800/4578 train_loss:3.7193 train_time:380653ms step_avg:481.84ms
step:801/4578 train_loss:3.7343 train_time:381132ms step_avg:481.84ms
step:802/4578 train_loss:3.8350 train_time:381609ms step_avg:481.83ms
step:803/4578 train_loss:3.8354 train_time:382089ms step_avg:481.83ms
step:804/4578 train_loss:3.8694 train_time:382573ms step_avg:481.83ms
step:805/4578 train_loss:3.8191 train_time:383050ms step_avg:481.82ms
step:806/4578 train_loss:3.6492 train_time:383525ms step_avg:481.82ms
step:807/4578 train_loss:3.5013 train_time:384004ms step_avg:481.81ms
step:808/4578 train_loss:3.8185 train_time:384485ms step_avg:481.81ms
step:809/4578 train_loss:3.8177 train_time:384964ms step_avg:481.81ms
step:810/4578 train_loss:3.6589 train_time:385443ms step_avg:481.80ms
step:811/4578 train_loss:3.7152 train_time:385926ms step_avg:481.81ms
step:812/4578 train_loss:3.8362 train_time:386406ms step_avg:481.80ms
step:813/4578 train_loss:3.7910 train_time:386882ms step_avg:481.80ms
step:814/4578 train_loss:3.7520 train_time:387359ms step_avg:481.79ms
step:815/4578 train_loss:3.8067 train_time:387841ms step_avg:481.79ms
step:816/4578 train_loss:3.7319 train_time:388316ms step_avg:481.78ms
step:817/4578 train_loss:3.7791 train_time:388795ms step_avg:481.78ms
step:818/4578 train_loss:4.1211 train_time:389275ms step_avg:481.78ms
step:819/4578 train_loss:3.7181 train_time:389746ms step_avg:481.76ms
step:820/4578 train_loss:3.9693 train_time:390228ms step_avg:481.76ms
step:821/4578 train_loss:3.5811 train_time:390709ms step_avg:481.76ms
step:822/4578 train_loss:3.6871 train_time:391192ms step_avg:481.76ms
step:823/4578 train_loss:3.9692 train_time:391675ms step_avg:481.77ms
step:824/4578 train_loss:3.7289 train_time:392156ms step_avg:481.76ms
step:825/4578 train_loss:3.7054 train_time:392632ms step_avg:481.76ms
step:826/4578 train_loss:3.8459 train_time:393114ms step_avg:481.76ms
step:827/4578 train_loss:3.6804 train_time:393588ms step_avg:481.75ms
step:828/4578 train_loss:4.1378 train_time:394068ms step_avg:481.75ms
step:829/4578 train_loss:3.7382 train_time:394547ms step_avg:481.74ms
step:830/4578 train_loss:3.8176 train_time:395024ms step_avg:481.74ms
step:831/4578 train_loss:3.7030 train_time:395503ms step_avg:481.73ms
step:832/4578 train_loss:3.6823 train_time:395983ms step_avg:481.73ms
step:833/4578 train_loss:3.6309 train_time:396461ms step_avg:481.73ms
step:834/4578 train_loss:3.7330 train_time:396940ms step_avg:481.72ms
step:835/4578 train_loss:3.6070 train_time:397418ms step_avg:481.72ms
step:836/4578 train_loss:3.5765 train_time:397897ms step_avg:481.72ms
step:837/4578 train_loss:3.9224 train_time:398373ms step_avg:481.71ms
step:838/4578 train_loss:3.5919 train_time:398851ms step_avg:481.70ms
step:839/4578 train_loss:3.7080 train_time:399325ms step_avg:481.69ms
step:840/4578 train_loss:3.6061 train_time:399809ms step_avg:481.70ms
step:841/4578 train_loss:3.7249 train_time:400288ms step_avg:481.69ms
step:842/4578 train_loss:3.7402 train_time:400767ms step_avg:481.69ms
step:843/4578 train_loss:3.7925 train_time:401243ms step_avg:481.68ms
step:844/4578 train_loss:3.7047 train_time:401724ms step_avg:481.68ms
step:845/4578 train_loss:3.6225 train_time:402197ms step_avg:481.67ms
step:846/4578 train_loss:3.9039 train_time:402674ms step_avg:481.67ms
step:847/4578 train_loss:3.6298 train_time:403151ms step_avg:481.66ms
step:848/4578 train_loss:3.5979 train_time:403629ms step_avg:481.66ms
step:849/4578 train_loss:3.7402 train_time:404108ms step_avg:481.65ms
step:850/4578 train_loss:3.6559 train_time:404589ms step_avg:481.65ms
step:851/4578 train_loss:3.7391 train_time:405069ms step_avg:481.65ms
step:852/4578 train_loss:3.8566 train_time:405544ms step_avg:481.64ms
step:853/4578 train_loss:3.6488 train_time:406022ms step_avg:481.64ms
step:854/4578 train_loss:3.7239 train_time:406500ms step_avg:481.64ms
step:855/4578 train_loss:3.9335 train_time:406978ms step_avg:481.63ms
step:856/4578 train_loss:3.6487 train_time:407455ms step_avg:481.62ms
step:857/4578 train_loss:3.6241 train_time:407936ms step_avg:481.63ms
step:858/4578 train_loss:3.7728 train_time:408411ms step_avg:481.62ms
step:859/4578 train_loss:3.5443 train_time:408890ms step_avg:481.61ms
step:860/4578 train_loss:3.7524 train_time:409374ms step_avg:481.62ms
step:861/4578 train_loss:3.6621 train_time:409855ms step_avg:481.62ms
step:862/4578 train_loss:3.8372 train_time:410330ms step_avg:481.61ms
step:863/4578 train_loss:3.6993 train_time:410806ms step_avg:481.60ms
step:864/4578 train_loss:3.7467 train_time:411284ms step_avg:481.60ms
step:865/4578 train_loss:3.6365 train_time:411763ms step_avg:481.59ms
step:866/4578 train_loss:3.7410 train_time:412241ms step_avg:481.59ms
step:867/4578 train_loss:4.1593 train_time:412722ms step_avg:481.59ms
step:868/4578 train_loss:3.5906 train_time:413197ms step_avg:481.58ms
step:869/4578 train_loss:3.8724 train_time:413674ms step_avg:481.58ms
step:870/4578 train_loss:3.6961 train_time:414151ms step_avg:481.57ms
step:871/4578 train_loss:3.6501 train_time:414628ms step_avg:481.57ms
step:872/4578 train_loss:3.5059 train_time:415110ms step_avg:481.57ms
step:873/4578 train_loss:3.8875 train_time:415585ms step_avg:481.56ms
step:874/4578 train_loss:3.5866 train_time:416064ms step_avg:481.56ms
step:875/4578 train_loss:3.2316 train_time:416538ms step_avg:481.55ms
step:875/4578 val_loss:3.6989 train_time:416862ms step_avg:481.92ms
step:876/4578 train_loss:3.7830 train_time:417019ms step_avg:481.55ms
step:877/4578 train_loss:3.7772 train_time:417496ms step_avg:481.54ms
step:878/4578 train_loss:3.7601 train_time:417970ms step_avg:481.53ms
step:879/4578 train_loss:3.6489 train_time:418451ms step_avg:481.53ms
step:880/4578 train_loss:3.7385 train_time:418929ms step_avg:481.53ms
step:881/4578 train_loss:3.3967 train_time:419403ms step_avg:481.52ms
step:882/4578 train_loss:3.7478 train_time:419880ms step_avg:481.51ms
step:883/4578 train_loss:4.1960 train_time:420367ms step_avg:481.52ms
step:884/4578 train_loss:4.0598 train_time:420841ms step_avg:481.51ms
step:885/4578 train_loss:3.8478 train_time:421316ms step_avg:481.50ms
step:886/4578 train_loss:3.7213 train_time:421796ms step_avg:481.50ms
step:887/4578 train_loss:3.7429 train_time:422275ms step_avg:481.50ms
step:888/4578 train_loss:4.6415 train_time:422752ms step_avg:481.49ms
step:889/4578 train_loss:3.9956 train_time:423232ms step_avg:481.49ms
step:890/4578 train_loss:3.6344 train_time:423709ms step_avg:481.49ms
step:891/4578 train_loss:3.6547 train_time:424190ms step_avg:481.49ms
step:892/4578 train_loss:3.6220 train_time:424667ms step_avg:481.48ms
step:893/4578 train_loss:3.8160 train_time:425144ms step_avg:481.48ms
step:894/4578 train_loss:3.5625 train_time:425624ms step_avg:481.47ms
step:895/4578 train_loss:3.6457 train_time:426100ms step_avg:481.47ms
step:896/4578 train_loss:3.6902 train_time:426578ms step_avg:481.47ms
step:897/4578 train_loss:3.6932 train_time:427056ms step_avg:481.46ms
step:898/4578 train_loss:3.7205 train_time:427544ms step_avg:481.47ms
step:899/4578 train_loss:3.8440 train_time:428020ms step_avg:481.46ms
step:900/4578 train_loss:3.6542 train_time:428499ms step_avg:481.46ms
step:901/4578 train_loss:3.5508 train_time:428980ms step_avg:481.46ms
step:902/4578 train_loss:3.7691 train_time:429459ms step_avg:481.46ms
step:903/4578 train_loss:3.6504 train_time:429937ms step_avg:481.45ms
step:904/4578 train_loss:3.6640 train_time:430412ms step_avg:481.45ms
step:905/4578 train_loss:3.6948 train_time:430892ms step_avg:481.44ms
step:906/4578 train_loss:3.7021 train_time:431376ms step_avg:481.45ms
step:907/4578 train_loss:3.7220 train_time:431850ms step_avg:481.44ms
step:908/4578 train_loss:3.6793 train_time:432338ms step_avg:481.45ms
step:909/4578 train_loss:3.6333 train_time:432809ms step_avg:481.43ms
step:910/4578 train_loss:3.6587 train_time:433288ms step_avg:481.43ms
step:911/4578 train_loss:3.6817 train_time:433765ms step_avg:481.43ms
step:912/4578 train_loss:3.7197 train_time:434244ms step_avg:481.42ms
step:913/4578 train_loss:3.9497 train_time:434723ms step_avg:481.42ms
step:914/4578 train_loss:3.5492 train_time:435205ms step_avg:481.42ms
step:915/4578 train_loss:3.7985 train_time:435681ms step_avg:481.42ms
step:916/4578 train_loss:3.8381 train_time:436156ms step_avg:481.41ms
step:917/4578 train_loss:3.7456 train_time:436645ms step_avg:481.42ms
step:918/4578 train_loss:3.7543 train_time:437123ms step_avg:481.41ms
step:919/4578 train_loss:4.0894 train_time:437603ms step_avg:481.41ms
step:920/4578 train_loss:3.5472 train_time:438080ms step_avg:481.41ms
step:921/4578 train_loss:3.6788 train_time:438558ms step_avg:481.40ms
step:922/4578 train_loss:3.6964 train_time:439035ms step_avg:481.40ms
step:923/4578 train_loss:3.7012 train_time:439515ms step_avg:481.40ms
step:924/4578 train_loss:3.7864 train_time:439992ms step_avg:481.39ms
step:925/4578 train_loss:3.8110 train_time:440481ms step_avg:481.40ms
step:926/4578 train_loss:3.8090 train_time:440954ms step_avg:481.39ms
step:927/4578 train_loss:3.7730 train_time:441430ms step_avg:481.39ms
step:928/4578 train_loss:3.8540 train_time:441914ms step_avg:481.39ms
step:929/4578 train_loss:3.9216 train_time:442390ms step_avg:481.38ms
step:930/4578 train_loss:3.6101 train_time:442877ms step_avg:481.39ms
step:931/4578 train_loss:3.5463 train_time:443350ms step_avg:481.38ms
step:932/4578 train_loss:3.6706 train_time:443832ms step_avg:481.38ms
step:933/4578 train_loss:3.8858 train_time:444306ms step_avg:481.37ms
step:934/4578 train_loss:3.5143 train_time:444791ms step_avg:481.38ms
step:935/4578 train_loss:3.7384 train_time:445277ms step_avg:481.38ms
step:936/4578 train_loss:3.5733 train_time:445754ms step_avg:481.38ms
step:937/4578 train_loss:3.6709 train_time:446232ms step_avg:481.37ms
step:938/4578 train_loss:3.7415 train_time:446708ms step_avg:481.37ms
step:939/4578 train_loss:3.6267 train_time:447191ms step_avg:481.37ms
step:940/4578 train_loss:3.8993 train_time:447669ms step_avg:481.36ms
step:941/4578 train_loss:3.6390 train_time:448139ms step_avg:481.35ms
step:942/4578 train_loss:3.7102 train_time:448627ms step_avg:481.36ms
step:943/4578 train_loss:3.4559 train_time:449099ms step_avg:481.35ms
step:944/4578 train_loss:3.7898 train_time:449577ms step_avg:481.35ms
step:945/4578 train_loss:3.4225 train_time:450059ms step_avg:481.35ms
step:946/4578 train_loss:3.5419 train_time:450677ms step_avg:481.49ms
step:947/4578 train_loss:4.0718 train_time:451148ms step_avg:481.48ms
step:948/4578 train_loss:3.9717 train_time:451626ms step_avg:481.48ms
step:949/4578 train_loss:3.7114 train_time:452102ms step_avg:481.47ms
step:950/4578 train_loss:3.7205 train_time:452813ms step_avg:481.72ms
step:951/4578 train_loss:3.6467 train_time:453288ms step_avg:481.71ms
step:952/4578 train_loss:3.6033 train_time:453771ms step_avg:481.71ms
step:953/4578 train_loss:3.6638 train_time:454243ms step_avg:481.70ms
step:954/4578 train_loss:3.8101 train_time:454721ms step_avg:481.70ms
step:955/4578 train_loss:3.6603 train_time:455196ms step_avg:481.69ms
step:956/4578 train_loss:3.6759 train_time:455671ms step_avg:481.68ms
step:957/4578 train_loss:3.6154 train_time:456159ms step_avg:481.69ms
step:958/4578 train_loss:3.6885 train_time:456635ms step_avg:481.68ms
step:959/4578 train_loss:3.6958 train_time:457111ms step_avg:481.68ms
step:960/4578 train_loss:3.8075 train_time:457590ms step_avg:481.67ms
step:961/4578 train_loss:3.4617 train_time:458068ms step_avg:481.67ms
step:962/4578 train_loss:3.9082 train_time:458547ms step_avg:481.67ms
step:963/4578 train_loss:3.9110 train_time:459029ms step_avg:481.67ms
step:964/4578 train_loss:3.9187 train_time:459507ms step_avg:481.66ms
step:965/4578 train_loss:3.5699 train_time:459987ms step_avg:481.66ms
step:966/4578 train_loss:3.6130 train_time:460460ms step_avg:481.65ms
step:967/4578 train_loss:3.8933 train_time:460939ms step_avg:481.65ms
step:968/4578 train_loss:3.6580 train_time:461420ms step_avg:481.65ms
step:969/4578 train_loss:3.6720 train_time:461905ms step_avg:481.65ms
step:970/4578 train_loss:3.6918 train_time:462381ms step_avg:481.65ms
step:971/4578 train_loss:3.5942 train_time:462858ms step_avg:481.64ms
step:972/4578 train_loss:3.6950 train_time:463347ms step_avg:481.65ms
step:973/4578 train_loss:3.6638 train_time:463823ms step_avg:481.64ms
step:974/4578 train_loss:3.6966 train_time:464305ms step_avg:481.64ms
step:975/4578 train_loss:3.8212 train_time:464782ms step_avg:481.64ms
step:976/4578 train_loss:3.6760 train_time:465260ms step_avg:481.64ms
step:977/4578 train_loss:4.0376 train_time:465729ms step_avg:481.62ms
step:978/4578 train_loss:3.8395 train_time:466209ms step_avg:481.62ms
step:979/4578 train_loss:3.5273 train_time:466702ms step_avg:481.63ms
step:980/4578 train_loss:4.2092 train_time:467179ms step_avg:481.63ms
step:981/4578 train_loss:3.6466 train_time:467654ms step_avg:481.62ms
step:982/4578 train_loss:3.6944 train_time:468133ms step_avg:481.62ms
step:983/4578 train_loss:3.6481 train_time:468607ms step_avg:481.61ms
step:984/4578 train_loss:3.7080 train_time:469086ms step_avg:481.61ms
step:985/4578 train_loss:3.7661 train_time:469560ms step_avg:481.60ms
step:986/4578 train_loss:3.8310 train_time:470040ms step_avg:481.60ms
step:987/4578 train_loss:3.6028 train_time:470515ms step_avg:481.59ms
step:988/4578 train_loss:3.6664 train_time:470997ms step_avg:481.59ms
step:989/4578 train_loss:3.6582 train_time:471475ms step_avg:481.59ms
step:990/4578 train_loss:3.5907 train_time:471951ms step_avg:481.58ms
step:991/4578 train_loss:3.8603 train_time:472435ms step_avg:481.58ms
step:992/4578 train_loss:3.5243 train_time:472919ms step_avg:481.59ms
step:993/4578 train_loss:3.6465 train_time:473405ms step_avg:481.59ms
step:994/4578 train_loss:3.6545 train_time:473879ms step_avg:481.58ms
step:995/4578 train_loss:3.7959 train_time:474359ms step_avg:481.58ms
step:996/4578 train_loss:3.6557 train_time:474841ms step_avg:481.58ms
step:997/4578 train_loss:3.5705 train_time:475316ms step_avg:481.58ms
step:998/4578 train_loss:3.9712 train_time:475793ms step_avg:481.57ms
step:999/4578 train_loss:3.6256 train_time:476270ms step_avg:481.57ms
step:1000/4578 train_loss:3.8503 train_time:476753ms step_avg:481.57ms
step:1000/4578 val_loss:3.6619 train_time:477076ms step_avg:481.89ms
step:1001/4578 train_loss:3.5593 train_time:477233ms step_avg:481.57ms
step:1002/4578 train_loss:3.5720 train_time:477705ms step_avg:481.56ms
step:1003/4578 train_loss:3.6061 train_time:478185ms step_avg:481.56ms
step:1004/4578 train_loss:3.9596 train_time:478663ms step_avg:481.55ms
step:1005/4578 train_loss:3.7928 train_time:479139ms step_avg:481.55ms
step:1006/4578 train_loss:3.5634 train_time:479615ms step_avg:481.54ms
step:1007/4578 train_loss:3.5954 train_time:480093ms step_avg:481.54ms
step:1008/4578 train_loss:3.5603 train_time:480573ms step_avg:481.54ms
step:1009/4578 train_loss:3.7814 train_time:481049ms step_avg:481.53ms
step:1010/4578 train_loss:3.8710 train_time:481525ms step_avg:481.53ms
step:1011/4578 train_loss:3.7860 train_time:482003ms step_avg:481.52ms
step:1012/4578 train_loss:3.7344 train_time:482479ms step_avg:481.52ms
step:1013/4578 train_loss:3.5657 train_time:482958ms step_avg:481.51ms
step:1014/4578 train_loss:3.7921 train_time:483438ms step_avg:481.51ms
step:1015/4578 train_loss:3.7622 train_time:483918ms step_avg:481.51ms
step:1016/4578 train_loss:3.4381 train_time:484393ms step_avg:481.50ms
step:1017/4578 train_loss:3.6395 train_time:484871ms step_avg:481.50ms
step:1018/4578 train_loss:3.5626 train_time:485348ms step_avg:481.50ms
step:1019/4578 train_loss:3.5937 train_time:485829ms step_avg:481.50ms
step:1020/4578 train_loss:3.5709 train_time:486317ms step_avg:481.50ms
step:1021/4578 train_loss:3.5510 train_time:486793ms step_avg:481.50ms
step:1022/4578 train_loss:3.5177 train_time:487274ms step_avg:481.50ms
step:1023/4578 train_loss:3.7221 train_time:487753ms step_avg:481.49ms
step:1024/4578 train_loss:3.6951 train_time:488238ms step_avg:481.50ms
step:1025/4578 train_loss:3.6707 train_time:488719ms step_avg:481.50ms
step:1026/4578 train_loss:3.6096 train_time:489197ms step_avg:481.49ms
step:1027/4578 train_loss:3.6938 train_time:489679ms step_avg:481.49ms
step:1028/4578 train_loss:3.6406 train_time:490159ms step_avg:481.49ms
step:1029/4578 train_loss:3.5752 train_time:490637ms step_avg:481.49ms
step:1030/4578 train_loss:3.6014 train_time:491121ms step_avg:481.49ms
step:1031/4578 train_loss:3.6644 train_time:491601ms step_avg:481.49ms
step:1032/4578 train_loss:3.5570 train_time:492077ms step_avg:481.48ms
step:1033/4578 train_loss:3.7954 train_time:492554ms step_avg:481.48ms
step:1034/4578 train_loss:3.6591 train_time:493047ms step_avg:481.49ms
step:1035/4578 train_loss:3.4941 train_time:493537ms step_avg:481.50ms
step:1036/4578 train_loss:3.5507 train_time:494014ms step_avg:481.49ms
step:1037/4578 train_loss:3.7204 train_time:494473ms step_avg:481.47ms
step:1038/4578 train_loss:4.0865 train_time:494951ms step_avg:481.47ms
step:1039/4578 train_loss:3.8284 train_time:495427ms step_avg:481.46ms
step:1040/4578 train_loss:3.7793 train_time:495910ms step_avg:481.47ms
step:1041/4578 train_loss:3.7002 train_time:496387ms step_avg:481.46ms
step:1042/4578 train_loss:3.5295 train_time:496864ms step_avg:481.46ms
step:1043/4578 train_loss:3.5810 train_time:497341ms step_avg:481.45ms
step:1044/4578 train_loss:3.6031 train_time:497817ms step_avg:481.45ms
step:1045/4578 train_loss:3.7401 train_time:498291ms step_avg:481.44ms
step:1046/4578 train_loss:3.8079 train_time:498769ms step_avg:481.44ms
step:1047/4578 train_loss:3.6676 train_time:499253ms step_avg:481.44ms
step:1048/4578 train_loss:3.8788 train_time:499736ms step_avg:481.44ms
step:1049/4578 train_loss:3.7274 train_time:500218ms step_avg:481.44ms
step:1050/4578 train_loss:3.6915 train_time:500697ms step_avg:481.44ms
step:1051/4578 train_loss:3.5144 train_time:501175ms step_avg:481.44ms
step:1052/4578 train_loss:3.7560 train_time:501643ms step_avg:481.42ms
step:1053/4578 train_loss:3.5342 train_time:502122ms step_avg:481.42ms
step:1054/4578 train_loss:3.9811 train_time:502598ms step_avg:481.42ms
step:1055/4578 train_loss:3.5318 train_time:503081ms step_avg:481.42ms
step:1056/4578 train_loss:3.6370 train_time:503559ms step_avg:481.41ms
step:1057/4578 train_loss:3.7864 train_time:504033ms step_avg:481.41ms
step:1058/4578 train_loss:3.6738 train_time:504514ms step_avg:481.41ms
step:1059/4578 train_loss:3.5355 train_time:504993ms step_avg:481.40ms
step:1060/4578 train_loss:3.7842 train_time:505478ms step_avg:481.41ms
step:1061/4578 train_loss:3.7181 train_time:505959ms step_avg:481.41ms
step:1062/4578 train_loss:3.5914 train_time:506433ms step_avg:481.40ms
step:1063/4578 train_loss:3.5666 train_time:506914ms step_avg:481.40ms
step:1064/4578 train_loss:3.7134 train_time:507397ms step_avg:481.40ms
step:1065/4578 train_loss:3.5047 train_time:507872ms step_avg:481.39ms
step:1066/4578 train_loss:3.5126 train_time:508365ms step_avg:481.41ms
step:1067/4578 train_loss:3.6499 train_time:508838ms step_avg:481.40ms
step:1068/4578 train_loss:3.4629 train_time:509309ms step_avg:481.39ms
step:1069/4578 train_loss:3.5915 train_time:509788ms step_avg:481.39ms
step:1070/4578 train_loss:3.3317 train_time:510274ms step_avg:481.39ms
step:1071/4578 train_loss:3.8362 train_time:510741ms step_avg:481.38ms
step:1072/4578 train_loss:3.7131 train_time:511220ms step_avg:481.38ms
step:1073/4578 train_loss:3.6127 train_time:511694ms step_avg:481.37ms
step:1074/4578 train_loss:3.7754 train_time:512182ms step_avg:481.37ms
step:1075/4578 train_loss:3.6468 train_time:512656ms step_avg:481.37ms
step:1076/4578 train_loss:3.5431 train_time:513128ms step_avg:481.36ms
step:1077/4578 train_loss:3.9481 train_time:513606ms step_avg:481.35ms
step:1078/4578 train_loss:3.5918 train_time:514098ms step_avg:481.37ms
step:1079/4578 train_loss:3.3171 train_time:514580ms step_avg:481.37ms
step:1080/4578 train_loss:3.5162 train_time:515061ms step_avg:481.37ms
step:1081/4578 train_loss:3.6348 train_time:515538ms step_avg:481.36ms
step:1082/4578 train_loss:3.7563 train_time:516014ms step_avg:481.36ms
step:1083/4578 train_loss:3.8048 train_time:516489ms step_avg:481.35ms
step:1084/4578 train_loss:3.8010 train_time:516965ms step_avg:481.34ms
step:1085/4578 train_loss:3.6037 train_time:517448ms step_avg:481.35ms
step:1086/4578 train_loss:3.7179 train_time:517920ms step_avg:481.34ms
step:1087/4578 train_loss:3.5448 train_time:518399ms step_avg:481.34ms
step:1088/4578 train_loss:3.7282 train_time:518868ms step_avg:481.32ms
step:1089/4578 train_loss:3.6004 train_time:519345ms step_avg:481.32ms
step:1090/4578 train_loss:3.5525 train_time:519825ms step_avg:481.32ms
step:1091/4578 train_loss:3.8034 train_time:520306ms step_avg:481.32ms
step:1092/4578 train_loss:3.6135 train_time:520781ms step_avg:481.31ms
step:1093/4578 train_loss:3.7352 train_time:521262ms step_avg:481.31ms
step:1094/4578 train_loss:3.6258 train_time:521746ms step_avg:481.32ms
step:1095/4578 train_loss:3.7079 train_time:522223ms step_avg:481.31ms
step:1096/4578 train_loss:3.5865 train_time:522702ms step_avg:481.31ms
step:1097/4578 train_loss:3.6185 train_time:523189ms step_avg:481.31ms
step:1098/4578 train_loss:3.7000 train_time:523660ms step_avg:481.31ms
step:1099/4578 train_loss:3.8041 train_time:524134ms step_avg:481.30ms
step:1100/4578 train_loss:3.6547 train_time:524608ms step_avg:481.29ms
step:1101/4578 train_loss:3.7419 train_time:525092ms step_avg:481.29ms
step:1102/4578 train_loss:3.6547 train_time:525573ms step_avg:481.29ms
step:1103/4578 train_loss:3.5010 train_time:526042ms step_avg:481.28ms
step:1104/4578 train_loss:3.6217 train_time:526514ms step_avg:481.27ms
step:1105/4578 train_loss:3.6239 train_time:527012ms step_avg:481.29ms
step:1106/4578 train_loss:3.8173 train_time:527486ms step_avg:481.28ms
step:1107/4578 train_loss:3.3708 train_time:527970ms step_avg:481.29ms
step:1108/4578 train_loss:3.8479 train_time:528447ms step_avg:481.28ms
step:1109/4578 train_loss:3.6746 train_time:528931ms step_avg:481.28ms
step:1110/4578 train_loss:3.6243 train_time:529415ms step_avg:481.29ms
step:1111/4578 train_loss:3.6614 train_time:529891ms step_avg:481.28ms
step:1112/4578 train_loss:3.7288 train_time:530369ms step_avg:481.28ms
step:1113/4578 train_loss:3.7978 train_time:530841ms step_avg:481.27ms
step:1114/4578 train_loss:3.6502 train_time:531323ms step_avg:481.27ms
step:1115/4578 train_loss:3.6581 train_time:531794ms step_avg:481.26ms
step:1116/4578 train_loss:3.4607 train_time:532274ms step_avg:481.26ms
step:1117/4578 train_loss:3.6298 train_time:532754ms step_avg:481.26ms
step:1118/4578 train_loss:3.6581 train_time:533235ms step_avg:481.26ms
step:1119/4578 train_loss:4.1081 train_time:533706ms step_avg:481.25ms
step:1120/4578 train_loss:3.7560 train_time:534182ms step_avg:481.25ms
step:1121/4578 train_loss:3.6671 train_time:534680ms step_avg:481.26ms
step:1122/4578 train_loss:3.6233 train_time:535150ms step_avg:481.25ms
step:1123/4578 train_loss:3.6516 train_time:535628ms step_avg:481.25ms
step:1124/4578 train_loss:3.8728 train_time:536103ms step_avg:481.24ms
step:1125/4578 train_loss:3.5068 train_time:536587ms step_avg:481.24ms
step:1125/4578 val_loss:3.6321 train_time:536901ms step_avg:481.53ms
step:1126/4578 train_loss:3.3330 train_time:537065ms step_avg:481.24ms
step:1127/4578 train_loss:3.7596 train_time:537544ms step_avg:481.24ms
step:1128/4578 train_loss:4.1463 train_time:538020ms step_avg:481.23ms
step:1129/4578 train_loss:3.5068 train_time:538494ms step_avg:481.23ms
step:1130/4578 train_loss:3.7945 train_time:538972ms step_avg:481.22ms
step:1131/4578 train_loss:3.7207 train_time:539456ms step_avg:481.23ms
step:1132/4578 train_loss:3.6493 train_time:539932ms step_avg:481.22ms
step:1133/4578 train_loss:3.6766 train_time:540424ms step_avg:481.23ms
step:1134/4578 train_loss:3.8743 train_time:540899ms step_avg:481.23ms
step:1135/4578 train_loss:3.6597 train_time:541484ms step_avg:481.32ms
step:1136/4578 train_loss:3.6280 train_time:541970ms step_avg:481.32ms
step:1137/4578 train_loss:3.8040 train_time:542435ms step_avg:481.31ms
step:1138/4578 train_loss:3.6936 train_time:542919ms step_avg:481.31ms
step:1139/4578 train_loss:3.4872 train_time:543396ms step_avg:481.31ms
step:1140/4578 train_loss:3.9678 train_time:544155ms step_avg:481.55ms
step:1141/4578 train_loss:3.6597 train_time:544631ms step_avg:481.55ms
step:1142/4578 train_loss:3.8564 train_time:545110ms step_avg:481.55ms
step:1143/4578 train_loss:3.7363 train_time:545590ms step_avg:481.54ms
step:1144/4578 train_loss:3.6621 train_time:546075ms step_avg:481.55ms
step:1145/4578 train_loss:3.6069 train_time:546542ms step_avg:481.53ms
step:1146/4578 train_loss:3.6668 train_time:547020ms step_avg:481.53ms
step:1147/4578 train_loss:3.9440 train_time:547500ms step_avg:481.53ms
step:1148/4578 train_loss:3.7848 train_time:547974ms step_avg:481.52ms
step:1149/4578 train_loss:3.6291 train_time:548455ms step_avg:481.52ms
step:1150/4578 train_loss:3.4882 train_time:548929ms step_avg:481.52ms
step:1151/4578 train_loss:3.5325 train_time:549407ms step_avg:481.51ms
step:1152/4578 train_loss:3.5824 train_time:549891ms step_avg:481.52ms
step:1153/4578 train_loss:3.9873 train_time:550365ms step_avg:481.51ms
step:1154/4578 train_loss:3.7952 train_time:550855ms step_avg:481.52ms
step:1155/4578 train_loss:3.7914 train_time:551322ms step_avg:481.50ms
step:1156/4578 train_loss:3.4604 train_time:551801ms step_avg:481.50ms
step:1157/4578 train_loss:3.8434 train_time:552278ms step_avg:481.50ms
step:1158/4578 train_loss:3.7043 train_time:552755ms step_avg:481.49ms
step:1159/4578 train_loss:3.4897 train_time:553237ms step_avg:481.49ms
step:1160/4578 train_loss:3.5601 train_time:553720ms step_avg:481.50ms
step:1161/4578 train_loss:3.4899 train_time:554199ms step_avg:481.49ms
step:1162/4578 train_loss:3.4763 train_time:554674ms step_avg:481.49ms
step:1163/4578 train_loss:3.5240 train_time:555154ms step_avg:481.49ms
step:1164/4578 train_loss:3.7241 train_time:555629ms step_avg:481.48ms
step:1165/4578 train_loss:3.6200 train_time:556108ms step_avg:481.48ms
step:1166/4578 train_loss:3.5007 train_time:556586ms step_avg:481.48ms
step:1167/4578 train_loss:3.5979 train_time:557062ms step_avg:481.47ms
step:1168/4578 train_loss:3.5967 train_time:557537ms step_avg:481.47ms
step:1169/4578 train_loss:3.8002 train_time:558015ms step_avg:481.46ms
step:1170/4578 train_loss:3.5388 train_time:558492ms step_avg:481.46ms
step:1171/4578 train_loss:3.6208 train_time:558970ms step_avg:481.46ms
step:1172/4578 train_loss:3.5966 train_time:559456ms step_avg:481.46ms
step:1173/4578 train_loss:3.6194 train_time:559936ms step_avg:481.46ms
step:1174/4578 train_loss:3.8027 train_time:560420ms step_avg:481.46ms
step:1175/4578 train_loss:3.5218 train_time:560898ms step_avg:481.46ms
step:1176/4578 train_loss:3.6457 train_time:561370ms step_avg:481.45ms
step:1177/4578 train_loss:3.7621 train_time:561847ms step_avg:481.45ms
step:1178/4578 train_loss:3.5631 train_time:562323ms step_avg:481.44ms
step:1179/4578 train_loss:3.7183 train_time:562802ms step_avg:481.44ms
step:1180/4578 train_loss:3.5671 train_time:563294ms step_avg:481.45ms
step:1181/4578 train_loss:3.5494 train_time:563771ms step_avg:481.44ms
step:1182/4578 train_loss:3.3758 train_time:564257ms step_avg:481.45ms
step:1183/4578 train_loss:3.6675 train_time:564730ms step_avg:481.44ms
step:1184/4578 train_loss:3.4738 train_time:565211ms step_avg:481.44ms
step:1185/4578 train_loss:3.8591 train_time:565686ms step_avg:481.43ms
step:1186/4578 train_loss:3.8383 train_time:566167ms step_avg:481.43ms
step:1187/4578 train_loss:3.5867 train_time:566644ms step_avg:481.43ms
step:1188/4578 train_loss:3.5910 train_time:567124ms step_avg:481.43ms
step:1189/4578 train_loss:3.6408 train_time:567600ms step_avg:481.42ms
step:1190/4578 train_loss:3.4349 train_time:568074ms step_avg:481.42ms
step:1191/4578 train_loss:3.7029 train_time:568552ms step_avg:481.42ms
step:1192/4578 train_loss:4.0755 train_time:569029ms step_avg:481.41ms
step:1193/4578 train_loss:3.5977 train_time:569506ms step_avg:481.41ms
step:1194/4578 train_loss:3.5379 train_time:569991ms step_avg:481.41ms
step:1195/4578 train_loss:3.7841 train_time:570462ms step_avg:481.40ms
step:1196/4578 train_loss:3.5888 train_time:570946ms step_avg:481.40ms
step:1197/4578 train_loss:3.5143 train_time:571415ms step_avg:481.39ms
step:1198/4578 train_loss:3.4833 train_time:571893ms step_avg:481.39ms
step:1199/4578 train_loss:3.4716 train_time:572371ms step_avg:481.39ms
step:1200/4578 train_loss:3.6192 train_time:572848ms step_avg:481.38ms
step:1201/4578 train_loss:3.6766 train_time:573327ms step_avg:481.38ms
step:1202/4578 train_loss:3.8205 train_time:573813ms step_avg:481.39ms
step:1203/4578 train_loss:3.7711 train_time:574283ms step_avg:481.38ms
step:1204/4578 train_loss:3.6650 train_time:574769ms step_avg:481.38ms
step:1205/4578 train_loss:3.5547 train_time:575240ms step_avg:481.37ms
step:1206/4578 train_loss:3.6119 train_time:575716ms step_avg:481.37ms
step:1207/4578 train_loss:3.7269 train_time:576191ms step_avg:481.36ms
step:1208/4578 train_loss:3.7851 train_time:576672ms step_avg:481.36ms
step:1209/4578 train_loss:3.5415 train_time:577148ms step_avg:481.36ms
step:1210/4578 train_loss:3.4437 train_time:577624ms step_avg:481.35ms
step:1211/4578 train_loss:3.3919 train_time:578102ms step_avg:481.35ms
step:1212/4578 train_loss:3.6830 train_time:578580ms step_avg:481.35ms
step:1213/4578 train_loss:3.7435 train_time:579059ms step_avg:481.35ms
step:1214/4578 train_loss:3.6081 train_time:579537ms step_avg:481.34ms
step:1215/4578 train_loss:3.5008 train_time:580011ms step_avg:481.34ms
step:1216/4578 train_loss:3.8066 train_time:580490ms step_avg:481.33ms
step:1217/4578 train_loss:3.5410 train_time:580968ms step_avg:481.33ms
step:1218/4578 train_loss:3.6196 train_time:581446ms step_avg:481.33ms
step:1219/4578 train_loss:3.6535 train_time:581934ms step_avg:481.34ms
step:1220/4578 train_loss:3.6740 train_time:582416ms step_avg:481.34ms
step:1221/4578 train_loss:3.6145 train_time:582892ms step_avg:481.33ms
step:1222/4578 train_loss:3.8309 train_time:583370ms step_avg:481.33ms
step:1223/4578 train_loss:3.5996 train_time:583848ms step_avg:481.33ms
step:1224/4578 train_loss:3.5005 train_time:584327ms step_avg:481.32ms
step:1225/4578 train_loss:3.4173 train_time:584810ms step_avg:481.33ms
step:1226/4578 train_loss:3.5303 train_time:585287ms step_avg:481.32ms
step:1227/4578 train_loss:3.5380 train_time:585771ms step_avg:481.32ms
step:1228/4578 train_loss:3.5658 train_time:586247ms step_avg:481.32ms
step:1229/4578 train_loss:3.6473 train_time:586724ms step_avg:481.32ms
step:1230/4578 train_loss:3.5659 train_time:587206ms step_avg:481.32ms
step:1231/4578 train_loss:3.8329 train_time:587686ms step_avg:481.32ms
step:1232/4578 train_loss:3.8914 train_time:588159ms step_avg:481.31ms
step:1233/4578 train_loss:3.8007 train_time:588636ms step_avg:481.31ms
step:1234/4578 train_loss:3.7090 train_time:589114ms step_avg:481.30ms
step:1235/4578 train_loss:3.8765 train_time:589593ms step_avg:481.30ms
step:1236/4578 train_loss:3.5860 train_time:590069ms step_avg:481.30ms
step:1237/4578 train_loss:3.5260 train_time:590550ms step_avg:481.30ms
step:1238/4578 train_loss:3.4543 train_time:591035ms step_avg:481.30ms
step:1239/4578 train_loss:3.4879 train_time:591513ms step_avg:481.30ms
step:1240/4578 train_loss:3.5630 train_time:591990ms step_avg:481.29ms
step:1241/4578 train_loss:3.4716 train_time:592472ms step_avg:481.29ms
step:1242/4578 train_loss:3.6861 train_time:592948ms step_avg:481.29ms
step:1243/4578 train_loss:3.5576 train_time:593426ms step_avg:481.29ms
step:1244/4578 train_loss:3.6526 train_time:593903ms step_avg:481.28ms
step:1245/4578 train_loss:3.7215 train_time:594381ms step_avg:481.28ms
step:1246/4578 train_loss:3.4712 train_time:594862ms step_avg:481.28ms
step:1247/4578 train_loss:3.5557 train_time:595347ms step_avg:481.28ms
step:1248/4578 train_loss:3.6733 train_time:595820ms step_avg:481.28ms
step:1249/4578 train_loss:3.7961 train_time:596298ms step_avg:481.27ms
step:1250/4578 train_loss:3.6709 train_time:596777ms step_avg:481.27ms
step:1250/4578 val_loss:3.6073 train_time:597100ms step_avg:481.53ms
step:1251/4578 train_loss:3.5445 train_time:597261ms step_avg:481.27ms
step:1252/4578 train_loss:3.6297 train_time:597741ms step_avg:481.27ms
step:1253/4578 train_loss:3.6251 train_time:598211ms step_avg:481.26ms
step:1254/4578 train_loss:3.6246 train_time:598689ms step_avg:481.26ms
step:1255/4578 train_loss:3.7877 train_time:599171ms step_avg:481.26ms
step:1256/4578 train_loss:3.6937 train_time:599649ms step_avg:481.26ms
step:1257/4578 train_loss:3.7236 train_time:600123ms step_avg:481.25ms
step:1258/4578 train_loss:3.6889 train_time:600602ms step_avg:481.25ms
step:1259/4578 train_loss:3.5858 train_time:601079ms step_avg:481.25ms
step:1260/4578 train_loss:3.5913 train_time:601561ms step_avg:481.25ms
step:1261/4578 train_loss:3.4418 train_time:602038ms step_avg:481.25ms
step:1262/4578 train_loss:3.3653 train_time:602514ms step_avg:481.24ms
step:1263/4578 train_loss:3.7277 train_time:602991ms step_avg:481.24ms
step:1264/4578 train_loss:3.4278 train_time:603471ms step_avg:481.24ms
step:1265/4578 train_loss:3.7695 train_time:603949ms step_avg:481.23ms
step:1266/4578 train_loss:3.6623 train_time:604422ms step_avg:481.23ms
step:1267/4578 train_loss:3.6566 train_time:604903ms step_avg:481.23ms
step:1268/4578 train_loss:3.7419 train_time:605377ms step_avg:481.22ms
step:1269/4578 train_loss:3.5538 train_time:605859ms step_avg:481.22ms
step:1270/4578 train_loss:3.5808 train_time:606333ms step_avg:481.22ms
step:1271/4578 train_loss:3.5100 train_time:606817ms step_avg:481.22ms
step:1272/4578 train_loss:3.5115 train_time:607287ms step_avg:481.21ms
step:1273/4578 train_loss:3.5411 train_time:607766ms step_avg:481.21ms
step:1274/4578 train_loss:3.5954 train_time:608243ms step_avg:481.20ms
step:1275/4578 train_loss:3.5874 train_time:608725ms step_avg:481.21ms
step:1276/4578 train_loss:3.7177 train_time:609203ms step_avg:481.20ms
step:1277/4578 train_loss:3.7160 train_time:609680ms step_avg:481.20ms
step:1278/4578 train_loss:3.6753 train_time:610159ms step_avg:481.20ms
step:1279/4578 train_loss:3.5729 train_time:610633ms step_avg:481.19ms
step:1280/4578 train_loss:3.4071 train_time:611111ms step_avg:481.19ms
step:1281/4578 train_loss:3.5055 train_time:611591ms step_avg:481.19ms
step:1282/4578 train_loss:3.7170 train_time:612071ms step_avg:481.19ms
step:1283/4578 train_loss:3.6364 train_time:612554ms step_avg:481.19ms
step:1284/4578 train_loss:3.7049 train_time:613030ms step_avg:481.19ms
step:1285/4578 train_loss:3.6594 train_time:613516ms step_avg:481.19ms
step:1286/4578 train_loss:3.6115 train_time:613993ms step_avg:481.19ms
step:1287/4578 train_loss:3.4789 train_time:614470ms step_avg:481.18ms
step:1288/4578 train_loss:3.5459 train_time:614946ms step_avg:481.18ms
step:1289/4578 train_loss:3.5290 train_time:615424ms step_avg:481.18ms
step:1290/4578 train_loss:3.4786 train_time:615901ms step_avg:481.17ms
step:1291/4578 train_loss:3.6355 train_time:616381ms step_avg:481.17ms
step:1292/4578 train_loss:3.6564 train_time:616859ms step_avg:481.17ms
step:1293/4578 train_loss:3.6954 train_time:617339ms step_avg:481.17ms
step:1294/4578 train_loss:3.7181 train_time:617825ms step_avg:481.17ms
step:1295/4578 train_loss:3.3962 train_time:618299ms step_avg:481.17ms
step:1296/4578 train_loss:3.4978 train_time:618775ms step_avg:481.16ms
step:1297/4578 train_loss:3.6858 train_time:619253ms step_avg:481.16ms
step:1298/4578 train_loss:3.4378 train_time:619731ms step_avg:481.16ms
step:1299/4578 train_loss:3.6922 train_time:620219ms step_avg:481.16ms
step:1300/4578 train_loss:3.6216 train_time:620688ms step_avg:481.15ms
step:1301/4578 train_loss:3.7344 train_time:621174ms step_avg:481.16ms
step:1302/4578 train_loss:3.6972 train_time:621649ms step_avg:481.15ms
step:1303/4578 train_loss:3.8501 train_time:622126ms step_avg:481.15ms
step:1304/4578 train_loss:3.4736 train_time:622607ms step_avg:481.15ms
step:1305/4578 train_loss:3.9653 train_time:623087ms step_avg:481.15ms
step:1306/4578 train_loss:3.5672 train_time:623561ms step_avg:481.14ms
step:1307/4578 train_loss:3.7644 train_time:624037ms step_avg:481.14ms
step:1308/4578 train_loss:3.9244 train_time:624518ms step_avg:481.14ms
step:1309/4578 train_loss:3.5401 train_time:624996ms step_avg:481.14ms
step:1310/4578 train_loss:3.4817 train_time:625475ms step_avg:481.13ms
step:1311/4578 train_loss:3.6654 train_time:625951ms step_avg:481.13ms
step:1312/4578 train_loss:3.6070 train_time:626430ms step_avg:481.13ms
step:1313/4578 train_loss:3.5892 train_time:626913ms step_avg:481.13ms
step:1314/4578 train_loss:3.6759 train_time:627397ms step_avg:481.13ms
step:1315/4578 train_loss:3.3223 train_time:627874ms step_avg:481.13ms
step:1316/4578 train_loss:3.5067 train_time:628357ms step_avg:481.13ms
step:1317/4578 train_loss:3.6062 train_time:628833ms step_avg:481.13ms
step:1318/4578 train_loss:3.7190 train_time:629307ms step_avg:481.12ms
step:1319/4578 train_loss:3.4091 train_time:629788ms step_avg:481.12ms
step:1320/4578 train_loss:3.6010 train_time:630266ms step_avg:481.12ms
step:1321/4578 train_loss:3.7436 train_time:630748ms step_avg:481.12ms
step:1322/4578 train_loss:3.7051 train_time:631223ms step_avg:481.11ms
step:1323/4578 train_loss:3.5810 train_time:631703ms step_avg:481.11ms
step:1324/4578 train_loss:3.6143 train_time:632293ms step_avg:481.20ms
step:1325/4578 train_loss:3.8671 train_time:632770ms step_avg:481.19ms
step:1326/4578 train_loss:3.9121 train_time:633259ms step_avg:481.20ms
step:1327/4578 train_loss:3.6510 train_time:633736ms step_avg:481.20ms
step:1328/4578 train_loss:3.4748 train_time:634218ms step_avg:481.20ms
step:1329/4578 train_loss:3.8763 train_time:634700ms step_avg:481.20ms
step:1330/4578 train_loss:3.6415 train_time:635473ms step_avg:481.42ms
step:1331/4578 train_loss:3.8591 train_time:635945ms step_avg:481.41ms
step:1332/4578 train_loss:3.5709 train_time:636422ms step_avg:481.41ms
step:1333/4578 train_loss:3.8197 train_time:636912ms step_avg:481.41ms
step:1334/4578 train_loss:3.7241 train_time:637391ms step_avg:481.41ms
step:1335/4578 train_loss:3.6319 train_time:637869ms step_avg:481.41ms
step:1336/4578 train_loss:3.5298 train_time:638342ms step_avg:481.40ms
step:1337/4578 train_loss:3.6493 train_time:638826ms step_avg:481.41ms
step:1338/4578 train_loss:3.8267 train_time:639297ms step_avg:481.40ms
step:1339/4578 train_loss:3.7212 train_time:639777ms step_avg:481.40ms
step:1340/4578 train_loss:3.5529 train_time:640251ms step_avg:481.39ms
step:1341/4578 train_loss:3.5040 train_time:640732ms step_avg:481.39ms
step:1342/4578 train_loss:3.8708 train_time:641206ms step_avg:481.39ms
step:1343/4578 train_loss:3.6839 train_time:641690ms step_avg:481.39ms
step:1344/4578 train_loss:3.6944 train_time:642173ms step_avg:481.39ms
step:1345/4578 train_loss:3.6963 train_time:642651ms step_avg:481.39ms
step:1346/4578 train_loss:3.6848 train_time:643126ms step_avg:481.38ms
step:1347/4578 train_loss:3.5143 train_time:643605ms step_avg:481.38ms
step:1348/4578 train_loss:3.4964 train_time:644088ms step_avg:481.38ms
step:1349/4578 train_loss:3.6231 train_time:644573ms step_avg:481.38ms
step:1350/4578 train_loss:3.5107 train_time:645044ms step_avg:481.38ms
step:1351/4578 train_loss:3.6991 train_time:645528ms step_avg:481.38ms
step:1352/4578 train_loss:3.5869 train_time:646017ms step_avg:481.38ms
step:1353/4578 train_loss:3.5456 train_time:646486ms step_avg:481.37ms
step:1354/4578 train_loss:3.6850 train_time:646965ms step_avg:481.37ms
step:1355/4578 train_loss:3.5462 train_time:647451ms step_avg:481.38ms
step:1356/4578 train_loss:3.3535 train_time:647927ms step_avg:481.37ms
step:1357/4578 train_loss:3.6761 train_time:648405ms step_avg:481.37ms
step:1358/4578 train_loss:3.7556 train_time:648884ms step_avg:481.37ms
step:1359/4578 train_loss:3.4451 train_time:649362ms step_avg:481.37ms
step:1360/4578 train_loss:3.8027 train_time:649840ms step_avg:481.36ms
step:1361/4578 train_loss:3.7272 train_time:650320ms step_avg:481.36ms
step:1362/4578 train_loss:3.4570 train_time:650804ms step_avg:481.36ms
step:1363/4578 train_loss:3.6325 train_time:651277ms step_avg:481.36ms
step:1364/4578 train_loss:3.4844 train_time:651755ms step_avg:481.36ms
step:1365/4578 train_loss:3.5064 train_time:652234ms step_avg:481.35ms
step:1366/4578 train_loss:3.6316 train_time:652711ms step_avg:481.35ms
step:1367/4578 train_loss:3.6909 train_time:653194ms step_avg:481.35ms
step:1368/4578 train_loss:3.6486 train_time:653666ms step_avg:481.34ms
step:1369/4578 train_loss:3.7473 train_time:654147ms step_avg:481.34ms
step:1370/4578 train_loss:3.6644 train_time:654624ms step_avg:481.34ms
step:1371/4578 train_loss:3.9361 train_time:655109ms step_avg:481.34ms
step:1372/4578 train_loss:3.5617 train_time:655587ms step_avg:481.34ms
step:1373/4578 train_loss:3.5457 train_time:656065ms step_avg:481.34ms
step:1374/4578 train_loss:3.6239 train_time:656538ms step_avg:481.33ms
step:1375/4578 train_loss:3.4584 train_time:657015ms step_avg:481.33ms
step:1375/4578 val_loss:3.5847 train_time:657343ms step_avg:481.57ms
step:1376/4578 train_loss:3.8941 train_time:657501ms step_avg:481.33ms
step:1377/4578 train_loss:3.5941 train_time:657977ms step_avg:481.33ms
step:1378/4578 train_loss:3.8055 train_time:658457ms step_avg:481.33ms
step:1379/4578 train_loss:3.8505 train_time:658929ms step_avg:481.32ms
step:1380/4578 train_loss:3.6095 train_time:659405ms step_avg:481.32ms
step:1381/4578 train_loss:3.6064 train_time:659882ms step_avg:481.31ms
step:1382/4578 train_loss:3.6635 train_time:660362ms step_avg:481.31ms
step:1383/4578 train_loss:3.4948 train_time:660837ms step_avg:481.31ms
step:1384/4578 train_loss:3.6911 train_time:661315ms step_avg:481.31ms
step:1385/4578 train_loss:3.7870 train_time:661810ms step_avg:481.32ms
step:1386/4578 train_loss:3.5519 train_time:662293ms step_avg:481.32ms
step:1387/4578 train_loss:3.6803 train_time:662762ms step_avg:481.31ms
step:1388/4578 train_loss:3.5594 train_time:663238ms step_avg:481.31ms
step:1389/4578 train_loss:3.5543 train_time:663715ms step_avg:481.30ms
step:1390/4578 train_loss:3.3244 train_time:664194ms step_avg:481.30ms
step:1391/4578 train_loss:3.6263 train_time:664672ms step_avg:481.30ms
step:1392/4578 train_loss:3.4876 train_time:665151ms step_avg:481.30ms
step:1393/4578 train_loss:3.6068 train_time:665627ms step_avg:481.29ms
step:1394/4578 train_loss:3.6263 train_time:666109ms step_avg:481.29ms
step:1395/4578 train_loss:3.6570 train_time:666595ms step_avg:481.30ms
step:1396/4578 train_loss:3.6379 train_time:667093ms step_avg:481.31ms
step:1397/4578 train_loss:3.6220 train_time:667572ms step_avg:481.31ms
step:1398/4578 train_loss:3.4052 train_time:668034ms step_avg:481.29ms
step:1399/4578 train_loss:3.6019 train_time:668528ms step_avg:481.30ms
step:1400/4578 train_loss:3.6198 train_time:668996ms step_avg:481.29ms
step:1401/4578 train_loss:3.5915 train_time:669476ms step_avg:481.29ms
step:1402/4578 train_loss:3.5535 train_time:669953ms step_avg:481.29ms
step:1403/4578 train_loss:3.5275 train_time:670430ms step_avg:481.29ms
step:1404/4578 train_loss:3.6289 train_time:670908ms step_avg:481.28ms
step:1405/4578 train_loss:3.6117 train_time:671388ms step_avg:481.28ms
step:1406/4578 train_loss:3.6757 train_time:671873ms step_avg:481.28ms
step:1407/4578 train_loss:3.5928 train_time:672349ms step_avg:481.28ms
step:1408/4578 train_loss:3.5462 train_time:672825ms step_avg:481.28ms
step:1409/4578 train_loss:3.3937 train_time:673302ms step_avg:481.27ms
step:1410/4578 train_loss:3.5632 train_time:673781ms step_avg:481.27ms
step:1411/4578 train_loss:3.5369 train_time:674260ms step_avg:481.27ms
step:1412/4578 train_loss:3.6217 train_time:674738ms step_avg:481.27ms
step:1413/4578 train_loss:3.5375 train_time:675215ms step_avg:481.27ms
step:1414/4578 train_loss:3.4586 train_time:675699ms step_avg:481.27ms
step:1415/4578 train_loss:3.6537 train_time:676176ms step_avg:481.26ms
step:1416/4578 train_loss:3.8607 train_time:676654ms step_avg:481.26ms
step:1417/4578 train_loss:3.4901 train_time:677133ms step_avg:481.26ms
step:1418/4578 train_loss:3.4882 train_time:677608ms step_avg:481.26ms
step:1419/4578 train_loss:3.4922 train_time:678085ms step_avg:481.25ms
step:1420/4578 train_loss:3.5742 train_time:678565ms step_avg:481.25ms
step:1421/4578 train_loss:3.6621 train_time:679052ms step_avg:481.26ms
step:1422/4578 train_loss:3.4730 train_time:679535ms step_avg:481.26ms
step:1423/4578 train_loss:3.6326 train_time:680006ms step_avg:481.25ms
step:1424/4578 train_loss:3.7149 train_time:680477ms step_avg:481.24ms
step:1425/4578 train_loss:3.7211 train_time:680954ms step_avg:481.24ms
step:1426/4578 train_loss:3.2374 train_time:681433ms step_avg:481.24ms
step:1427/4578 train_loss:3.6139 train_time:681918ms step_avg:481.24ms
step:1428/4578 train_loss:3.6572 train_time:682401ms step_avg:481.24ms
step:1429/4578 train_loss:3.6759 train_time:682880ms step_avg:481.24ms
step:1430/4578 train_loss:3.5714 train_time:683356ms step_avg:481.24ms
step:1431/4578 train_loss:3.8023 train_time:683833ms step_avg:481.23ms
step:1432/4578 train_loss:3.6872 train_time:684314ms step_avg:481.23ms
step:1433/4578 train_loss:3.5800 train_time:684796ms step_avg:481.23ms
step:1434/4578 train_loss:3.5851 train_time:685270ms step_avg:481.23ms
step:1435/4578 train_loss:3.5324 train_time:685747ms step_avg:481.23ms
step:1436/4578 train_loss:3.2174 train_time:686225ms step_avg:481.22ms
step:1437/4578 train_loss:3.4720 train_time:686701ms step_avg:481.22ms
step:1438/4578 train_loss:3.6414 train_time:687178ms step_avg:481.22ms
step:1439/4578 train_loss:3.6521 train_time:687659ms step_avg:481.22ms
step:1440/4578 train_loss:3.6479 train_time:688134ms step_avg:481.21ms
step:1441/4578 train_loss:3.4927 train_time:688614ms step_avg:481.21ms
step:1442/4578 train_loss:3.5870 train_time:689094ms step_avg:481.21ms
step:1443/4578 train_loss:3.8760 train_time:689576ms step_avg:481.21ms
step:1444/4578 train_loss:3.6592 train_time:690054ms step_avg:481.21ms
step:1445/4578 train_loss:3.6329 train_time:690534ms step_avg:481.21ms
step:1446/4578 train_loss:3.6297 train_time:691010ms step_avg:481.20ms
step:1447/4578 train_loss:3.4566 train_time:691491ms step_avg:481.20ms
step:1448/4578 train_loss:3.5426 train_time:691971ms step_avg:481.20ms
step:1449/4578 train_loss:3.5684 train_time:692447ms step_avg:481.20ms
step:1450/4578 train_loss:3.7857 train_time:692929ms step_avg:481.20ms
step:1451/4578 train_loss:3.6919 train_time:693410ms step_avg:481.20ms
step:1452/4578 train_loss:3.4567 train_time:693886ms step_avg:481.20ms
step:1453/4578 train_loss:3.7159 train_time:694368ms step_avg:481.20ms
step:1454/4578 train_loss:3.4638 train_time:694842ms step_avg:481.19ms
step:1455/4578 train_loss:3.5798 train_time:695323ms step_avg:481.19ms
step:1456/4578 train_loss:3.6408 train_time:695799ms step_avg:481.19ms
step:1457/4578 train_loss:3.4759 train_time:696278ms step_avg:481.19ms
step:1458/4578 train_loss:3.4451 train_time:696759ms step_avg:481.19ms
step:1459/4578 train_loss:3.6252 train_time:697237ms step_avg:481.18ms
step:1460/4578 train_loss:3.5732 train_time:697715ms step_avg:481.18ms
step:1461/4578 train_loss:3.4804 train_time:698192ms step_avg:481.18ms
step:1462/4578 train_loss:3.8364 train_time:698673ms step_avg:481.18ms
step:1463/4578 train_loss:3.6593 train_time:699150ms step_avg:481.18ms
step:1464/4578 train_loss:3.8274 train_time:699628ms step_avg:481.17ms
step:1465/4578 train_loss:3.5807 train_time:700103ms step_avg:481.17ms
step:1466/4578 train_loss:3.6025 train_time:700595ms step_avg:481.18ms
step:1467/4578 train_loss:3.4914 train_time:701076ms step_avg:481.18ms
step:1468/4578 train_loss:3.6894 train_time:701548ms step_avg:481.17ms
step:1469/4578 train_loss:3.6335 train_time:702028ms step_avg:481.17ms
step:1470/4578 train_loss:3.4648 train_time:702506ms step_avg:481.17ms
step:1471/4578 train_loss:3.6984 train_time:702982ms step_avg:481.16ms
step:1472/4578 train_loss:3.5588 train_time:703459ms step_avg:481.16ms
step:1473/4578 train_loss:3.5026 train_time:703947ms step_avg:481.17ms
step:1474/4578 train_loss:3.7285 train_time:704426ms step_avg:481.17ms
step:1475/4578 train_loss:3.5653 train_time:704904ms step_avg:481.16ms
step:1476/4578 train_loss:3.2897 train_time:705386ms step_avg:481.16ms
step:1477/4578 train_loss:3.4822 train_time:705863ms step_avg:481.16ms
step:1478/4578 train_loss:3.4293 train_time:706337ms step_avg:481.16ms
step:1479/4578 train_loss:3.5943 train_time:706818ms step_avg:481.16ms
step:1480/4578 train_loss:3.6071 train_time:707295ms step_avg:481.15ms
step:1481/4578 train_loss:3.6418 train_time:707776ms step_avg:481.15ms
step:1482/4578 train_loss:3.7401 train_time:708251ms step_avg:481.15ms
step:1483/4578 train_loss:3.6522 train_time:708734ms step_avg:481.15ms
step:1484/4578 train_loss:3.5130 train_time:709209ms step_avg:481.15ms
step:1485/4578 train_loss:3.5408 train_time:709685ms step_avg:481.14ms
step:1486/4578 train_loss:3.5155 train_time:710161ms step_avg:481.14ms
step:1487/4578 train_loss:3.5640 train_time:710642ms step_avg:481.14ms
step:1488/4578 train_loss:3.5476 train_time:711119ms step_avg:481.14ms
step:1489/4578 train_loss:3.5317 train_time:711599ms step_avg:481.14ms
step:1490/4578 train_loss:3.6842 train_time:712074ms step_avg:481.13ms
step:1491/4578 train_loss:3.4853 train_time:712549ms step_avg:481.13ms
step:1492/4578 train_loss:3.3303 train_time:713030ms step_avg:481.13ms
step:1493/4578 train_loss:3.6059 train_time:713506ms step_avg:481.12ms
step:1494/4578 train_loss:3.7836 train_time:713986ms step_avg:481.12ms
step:1495/4578 train_loss:3.5927 train_time:714462ms step_avg:481.12ms
step:1496/4578 train_loss:3.4527 train_time:714941ms step_avg:481.12ms
step:1497/4578 train_loss:3.5222 train_time:715418ms step_avg:481.12ms
step:1498/4578 train_loss:3.5208 train_time:715896ms step_avg:481.11ms
step:1499/4578 train_loss:3.5616 train_time:716380ms step_avg:481.11ms
step:1500/4578 train_loss:3.4980 train_time:716859ms step_avg:481.11ms
step:1500/4578 val_loss:3.5624 train_time:717181ms step_avg:481.33ms
step:1501/4578 train_loss:3.4549 train_time:717340ms step_avg:481.11ms
step:1502/4578 train_loss:3.4742 train_time:717820ms step_avg:481.11ms
step:1503/4578 train_loss:3.6424 train_time:718293ms step_avg:481.11ms
step:1504/4578 train_loss:3.4708 train_time:718771ms step_avg:481.11ms
step:1505/4578 train_loss:3.5414 train_time:719246ms step_avg:481.10ms
step:1506/4578 train_loss:3.4536 train_time:719724ms step_avg:481.10ms
step:1507/4578 train_loss:3.5895 train_time:720202ms step_avg:481.10ms
step:1508/4578 train_loss:3.4913 train_time:720680ms step_avg:481.09ms
step:1509/4578 train_loss:4.1601 train_time:721158ms step_avg:481.09ms
step:1510/4578 train_loss:3.4816 train_time:721636ms step_avg:481.09ms
step:1511/4578 train_loss:3.5698 train_time:722113ms step_avg:481.09ms
step:1512/4578 train_loss:3.6005 train_time:722592ms step_avg:481.09ms
step:1513/4578 train_loss:3.8517 train_time:723231ms step_avg:481.19ms
step:1514/4578 train_loss:3.4686 train_time:723705ms step_avg:481.19ms
step:1515/4578 train_loss:3.4485 train_time:724183ms step_avg:481.18ms
step:1516/4578 train_loss:3.5823 train_time:724680ms step_avg:481.19ms
step:1517/4578 train_loss:3.5007 train_time:725167ms step_avg:481.20ms
step:1518/4578 train_loss:3.6689 train_time:725645ms step_avg:481.20ms
step:1519/4578 train_loss:3.4512 train_time:726123ms step_avg:481.20ms
step:1520/4578 train_loss:3.6502 train_time:727306ms step_avg:481.66ms
step:1521/4578 train_loss:3.4906 train_time:727779ms step_avg:481.65ms
step:1522/4578 train_loss:3.5251 train_time:728259ms step_avg:481.65ms
step:1523/4578 train_loss:3.6430 train_time:728739ms step_avg:481.65ms
step:1524/4578 train_loss:3.5697 train_time:729199ms step_avg:481.64ms
step:1525/4578 train_loss:3.7166 train_time:729678ms step_avg:481.64ms
step:1526/4578 train_loss:3.5294 train_time:730156ms step_avg:481.63ms
step:1527/4578 train_loss:3.5872 train_time:730639ms step_avg:481.63ms
step:1528/4578 train_loss:3.5624 train_time:731119ms step_avg:481.63ms
step:1529/4578 train_loss:3.9657 train_time:731599ms step_avg:481.63ms
step:1530/4578 train_loss:3.7570 train_time:732079ms step_avg:481.63ms
step:1531/4578 train_loss:3.3898 train_time:732555ms step_avg:481.63ms
step:1532/4578 train_loss:3.4902 train_time:733031ms step_avg:481.62ms
step:1533/4578 train_loss:3.5902 train_time:733509ms step_avg:481.62ms
step:1534/4578 train_loss:3.5222 train_time:733984ms step_avg:481.62ms
step:1535/4578 train_loss:3.6294 train_time:734464ms step_avg:481.62ms
step:1536/4578 train_loss:3.5683 train_time:734944ms step_avg:481.61ms
step:1537/4578 train_loss:3.4664 train_time:735418ms step_avg:481.61ms
step:1538/4578 train_loss:3.5096 train_time:735898ms step_avg:481.61ms
step:1539/4578 train_loss:3.9102 train_time:736374ms step_avg:481.61ms
step:1540/4578 train_loss:3.5184 train_time:736853ms step_avg:481.60ms
step:1541/4578 train_loss:3.6103 train_time:737338ms step_avg:481.61ms
step:1542/4578 train_loss:3.5412 train_time:737816ms step_avg:481.60ms
step:1543/4578 train_loss:3.4995 train_time:738293ms step_avg:481.60ms
step:1544/4578 train_loss:3.4403 train_time:738769ms step_avg:481.60ms
step:1545/4578 train_loss:3.5628 train_time:739250ms step_avg:481.60ms
step:1546/4578 train_loss:3.6680 train_time:739725ms step_avg:481.59ms
step:1547/4578 train_loss:3.4455 train_time:740204ms step_avg:481.59ms
step:1548/4578 train_loss:3.5329 train_time:740683ms step_avg:481.59ms
step:1549/4578 train_loss:3.4929 train_time:741167ms step_avg:481.59ms
step:1550/4578 train_loss:3.6343 train_time:741646ms step_avg:481.59ms
step:1551/4578 train_loss:3.4887 train_time:742126ms step_avg:481.59ms
step:1552/4578 train_loss:3.5066 train_time:742603ms step_avg:481.58ms
step:1553/4578 train_loss:3.5772 train_time:743083ms step_avg:481.58ms
step:1554/4578 train_loss:3.4725 train_time:743562ms step_avg:481.58ms
step:1555/4578 train_loss:3.5545 train_time:744041ms step_avg:481.58ms
step:1556/4578 train_loss:3.4727 train_time:744519ms step_avg:481.58ms
step:1557/4578 train_loss:3.4911 train_time:744995ms step_avg:481.57ms
step:1558/4578 train_loss:3.5755 train_time:745471ms step_avg:481.57ms
step:1559/4578 train_loss:3.4160 train_time:745949ms step_avg:481.57ms
step:1560/4578 train_loss:3.5019 train_time:746428ms step_avg:481.57ms
step:1561/4578 train_loss:3.7238 train_time:746904ms step_avg:481.56ms
step:1562/4578 train_loss:3.4337 train_time:747385ms step_avg:481.56ms
step:1563/4578 train_loss:3.5371 train_time:747858ms step_avg:481.56ms
step:1564/4578 train_loss:3.7563 train_time:748340ms step_avg:481.56ms
step:1565/4578 train_loss:3.4170 train_time:748818ms step_avg:481.55ms
step:1566/4578 train_loss:3.4185 train_time:749301ms step_avg:481.56ms
step:1567/4578 train_loss:3.5166 train_time:749780ms step_avg:481.55ms
step:1568/4578 train_loss:3.5311 train_time:750258ms step_avg:481.55ms
step:1569/4578 train_loss:3.4230 train_time:750737ms step_avg:481.55ms
step:1570/4578 train_loss:3.7109 train_time:751215ms step_avg:481.55ms
step:1571/4578 train_loss:3.6350 train_time:751689ms step_avg:481.54ms
step:1572/4578 train_loss:3.3573 train_time:752171ms step_avg:481.54ms
step:1573/4578 train_loss:3.5679 train_time:752648ms step_avg:481.54ms
step:1574/4578 train_loss:3.5041 train_time:753124ms step_avg:481.54ms
step:1575/4578 train_loss:3.5211 train_time:753604ms step_avg:481.54ms
step:1576/4578 train_loss:3.6343 train_time:754083ms step_avg:481.53ms
step:1577/4578 train_loss:3.5235 train_time:754562ms step_avg:481.53ms
step:1578/4578 train_loss:3.5409 train_time:755037ms step_avg:481.53ms
step:1579/4578 train_loss:3.4896 train_time:755518ms step_avg:481.53ms
step:1580/4578 train_loss:3.3924 train_time:755997ms step_avg:481.53ms
step:1581/4578 train_loss:3.4779 train_time:756477ms step_avg:481.53ms
step:1582/4578 train_loss:3.5528 train_time:756957ms step_avg:481.52ms
step:1583/4578 train_loss:3.5134 train_time:757431ms step_avg:481.52ms
step:1584/4578 train_loss:3.9970 train_time:757907ms step_avg:481.52ms
step:1585/4578 train_loss:3.5060 train_time:758386ms step_avg:481.51ms
step:1586/4578 train_loss:3.6139 train_time:758865ms step_avg:481.51ms
step:1587/4578 train_loss:3.3367 train_time:759345ms step_avg:481.51ms
step:1588/4578 train_loss:3.6869 train_time:759834ms step_avg:481.52ms
step:1589/4578 train_loss:3.5278 train_time:760316ms step_avg:481.52ms
step:1590/4578 train_loss:3.6585 train_time:760790ms step_avg:481.51ms
step:1591/4578 train_loss:3.5076 train_time:761257ms step_avg:481.50ms
step:1592/4578 train_loss:3.5511 train_time:761731ms step_avg:481.50ms
step:1593/4578 train_loss:3.5761 train_time:762209ms step_avg:481.50ms
step:1594/4578 train_loss:3.5470 train_time:762687ms step_avg:481.49ms
step:1595/4578 train_loss:3.6232 train_time:763165ms step_avg:481.49ms
step:1596/4578 train_loss:3.9101 train_time:763643ms step_avg:481.49ms
step:1597/4578 train_loss:3.4725 train_time:764123ms step_avg:481.49ms
step:1598/4578 train_loss:3.5373 train_time:764601ms step_avg:481.49ms
step:1599/4578 train_loss:3.6454 train_time:765082ms step_avg:481.49ms
step:1600/4578 train_loss:3.6776 train_time:765557ms step_avg:481.48ms
step:1601/4578 train_loss:3.5352 train_time:766037ms step_avg:481.48ms
step:1602/4578 train_loss:3.9498 train_time:766515ms step_avg:481.48ms
step:1603/4578 train_loss:3.6831 train_time:766993ms step_avg:481.48ms
step:1604/4578 train_loss:3.3511 train_time:767471ms step_avg:481.47ms
step:1605/4578 train_loss:3.5568 train_time:767957ms step_avg:481.48ms
step:1606/4578 train_loss:3.3851 train_time:768434ms step_avg:481.47ms
step:1607/4578 train_loss:3.7257 train_time:768907ms step_avg:481.47ms
step:1608/4578 train_loss:3.4978 train_time:769388ms step_avg:481.47ms
step:1609/4578 train_loss:3.5836 train_time:769862ms step_avg:481.46ms
step:1610/4578 train_loss:3.5748 train_time:770345ms step_avg:481.47ms
step:1611/4578 train_loss:3.9462 train_time:770835ms step_avg:481.47ms
step:1612/4578 train_loss:3.7541 train_time:771308ms step_avg:481.47ms
step:1613/4578 train_loss:3.6584 train_time:771785ms step_avg:481.46ms
step:1614/4578 train_loss:3.5007 train_time:772265ms step_avg:481.46ms
step:1615/4578 train_loss:3.5852 train_time:772744ms step_avg:481.46ms
step:1616/4578 train_loss:3.4558 train_time:773219ms step_avg:481.46ms
step:1617/4578 train_loss:3.5551 train_time:773697ms step_avg:481.45ms
step:1618/4578 train_loss:3.7211 train_time:774174ms step_avg:481.45ms
step:1619/4578 train_loss:3.7431 train_time:774654ms step_avg:481.45ms
step:1620/4578 train_loss:3.4501 train_time:775132ms step_avg:481.45ms
step:1621/4578 train_loss:3.6444 train_time:775613ms step_avg:481.45ms
step:1622/4578 train_loss:3.5948 train_time:776096ms step_avg:481.45ms
step:1623/4578 train_loss:3.4204 train_time:776572ms step_avg:481.45ms
step:1624/4578 train_loss:3.5773 train_time:777049ms step_avg:481.44ms
step:1625/4578 train_loss:3.4572 train_time:777527ms step_avg:481.44ms
step:1625/4578 val_loss:3.5480 train_time:777850ms step_avg:481.64ms
step:1626/4578 train_loss:3.5710 train_time:778018ms step_avg:481.45ms
step:1627/4578 train_loss:3.5404 train_time:778489ms step_avg:481.44ms
step:1628/4578 train_loss:3.4806 train_time:778965ms step_avg:481.44ms
step:1629/4578 train_loss:3.5715 train_time:779449ms step_avg:481.44ms
step:1630/4578 train_loss:3.5816 train_time:779923ms step_avg:481.43ms
step:1631/4578 train_loss:3.5658 train_time:780397ms step_avg:481.43ms
step:1632/4578 train_loss:3.4297 train_time:780878ms step_avg:481.43ms
step:1633/4578 train_loss:3.3334 train_time:781357ms step_avg:481.43ms
step:1634/4578 train_loss:3.5048 train_time:781846ms step_avg:481.43ms
step:1635/4578 train_loss:3.5515 train_time:782323ms step_avg:481.43ms
step:1636/4578 train_loss:3.3845 train_time:782801ms step_avg:481.43ms
step:1637/4578 train_loss:3.6065 train_time:783282ms step_avg:481.43ms
step:1638/4578 train_loss:3.7183 train_time:783763ms step_avg:481.43ms
step:1639/4578 train_loss:3.7611 train_time:784244ms step_avg:481.43ms
step:1640/4578 train_loss:4.1268 train_time:784727ms step_avg:481.43ms
step:1641/4578 train_loss:3.6171 train_time:785205ms step_avg:481.43ms
step:1642/4578 train_loss:3.5969 train_time:785686ms step_avg:481.43ms
step:1643/4578 train_loss:3.7292 train_time:786170ms step_avg:481.43ms
step:1644/4578 train_loss:3.6812 train_time:786644ms step_avg:481.42ms
step:1645/4578 train_loss:3.4241 train_time:787129ms step_avg:481.42ms
step:1646/4578 train_loss:3.5774 train_time:787603ms step_avg:481.42ms
step:1647/4578 train_loss:3.2060 train_time:788087ms step_avg:481.42ms
step:1648/4578 train_loss:3.5740 train_time:788562ms step_avg:481.42ms
step:1649/4578 train_loss:3.5508 train_time:789045ms step_avg:481.42ms
step:1650/4578 train_loss:3.4885 train_time:789524ms step_avg:481.42ms
step:1651/4578 train_loss:3.4700 train_time:790000ms step_avg:481.41ms
step:1652/4578 train_loss:3.5236 train_time:790482ms step_avg:481.41ms
step:1653/4578 train_loss:3.5468 train_time:790957ms step_avg:481.41ms
step:1654/4578 train_loss:3.7599 train_time:791437ms step_avg:481.41ms
step:1655/4578 train_loss:3.4453 train_time:791916ms step_avg:481.41ms
step:1656/4578 train_loss:3.4800 train_time:792392ms step_avg:481.40ms
step:1657/4578 train_loss:3.5505 train_time:792869ms step_avg:481.40ms
step:1658/4578 train_loss:3.5245 train_time:793345ms step_avg:481.40ms
step:1659/4578 train_loss:3.4663 train_time:793842ms step_avg:481.41ms
step:1660/4578 train_loss:3.4796 train_time:794318ms step_avg:481.40ms
step:1661/4578 train_loss:3.4904 train_time:794794ms step_avg:481.40ms
step:1662/4578 train_loss:3.5972 train_time:795274ms step_avg:481.40ms
step:1663/4578 train_loss:3.4993 train_time:795754ms step_avg:481.40ms
step:1664/4578 train_loss:3.5242 train_time:796235ms step_avg:481.40ms
step:1665/4578 train_loss:3.5966 train_time:796712ms step_avg:481.40ms
step:1666/4578 train_loss:3.5812 train_time:797192ms step_avg:481.40ms
step:1667/4578 train_loss:3.9300 train_time:797674ms step_avg:481.40ms
step:1668/4578 train_loss:3.3514 train_time:798154ms step_avg:481.40ms
step:1669/4578 train_loss:3.5525 train_time:798634ms step_avg:481.40ms
step:1670/4578 train_loss:3.4187 train_time:799115ms step_avg:481.39ms
step:1671/4578 train_loss:3.3364 train_time:799571ms step_avg:481.38ms
step:1672/4578 train_loss:3.6868 train_time:800050ms step_avg:481.38ms
step:1673/4578 train_loss:3.8337 train_time:800527ms step_avg:481.38ms
step:1674/4578 train_loss:3.4905 train_time:801009ms step_avg:481.38ms
step:1675/4578 train_loss:3.4273 train_time:801489ms step_avg:481.37ms
step:1676/4578 train_loss:3.4564 train_time:801964ms step_avg:481.37ms
step:1677/4578 train_loss:3.6448 train_time:802440ms step_avg:481.37ms
step:1678/4578 train_loss:3.4705 train_time:802923ms step_avg:481.37ms
step:1679/4578 train_loss:3.5315 train_time:803402ms step_avg:481.37ms
step:1680/4578 train_loss:3.5376 train_time:803879ms step_avg:481.36ms
step:1681/4578 train_loss:3.1518 train_time:804356ms step_avg:481.36ms
step:1682/4578 train_loss:3.5275 train_time:804834ms step_avg:481.36ms
step:1683/4578 train_loss:3.6343 train_time:805314ms step_avg:481.36ms
step:1684/4578 train_loss:3.6268 train_time:805791ms step_avg:481.36ms
step:1685/4578 train_loss:3.6114 train_time:806268ms step_avg:481.35ms
step:1686/4578 train_loss:3.4540 train_time:806750ms step_avg:481.35ms
step:1687/4578 train_loss:3.5950 train_time:807223ms step_avg:481.35ms
step:1688/4578 train_loss:3.4652 train_time:807700ms step_avg:481.35ms
step:1689/4578 train_loss:3.4504 train_time:808181ms step_avg:481.35ms
step:1690/4578 train_loss:3.5209 train_time:808662ms step_avg:481.35ms
step:1691/4578 train_loss:3.3980 train_time:809136ms step_avg:481.34ms
step:1692/4578 train_loss:3.5580 train_time:809616ms step_avg:481.34ms
step:1693/4578 train_loss:3.5063 train_time:810089ms step_avg:481.34ms
step:1694/4578 train_loss:3.4678 train_time:810567ms step_avg:481.33ms
step:1695/4578 train_loss:4.0329 train_time:811049ms step_avg:481.33ms
step:1696/4578 train_loss:3.7058 train_time:811527ms step_avg:481.33ms
step:1697/4578 train_loss:3.5608 train_time:812004ms step_avg:481.33ms
step:1698/4578 train_loss:3.4864 train_time:812489ms step_avg:481.33ms
step:1699/4578 train_loss:3.2775 train_time:812967ms step_avg:481.33ms
step:1700/4578 train_loss:3.5454 train_time:813449ms step_avg:481.33ms
step:1701/4578 train_loss:3.5603 train_time:813927ms step_avg:481.33ms
step:1702/4578 train_loss:3.5462 train_time:814524ms step_avg:481.40ms
step:1703/4578 train_loss:3.3505 train_time:815000ms step_avg:481.39ms
step:1704/4578 train_loss:3.8037 train_time:815478ms step_avg:481.39ms
step:1705/4578 train_loss:3.4709 train_time:815957ms step_avg:481.39ms
step:1706/4578 train_loss:4.0016 train_time:816439ms step_avg:481.39ms
step:1707/4578 train_loss:3.4333 train_time:816915ms step_avg:481.39ms
step:1708/4578 train_loss:3.3012 train_time:817389ms step_avg:481.38ms
step:1709/4578 train_loss:3.6577 train_time:817866ms step_avg:481.38ms
step:1710/4578 train_loss:3.4159 train_time:818399ms step_avg:481.41ms
step:1711/4578 train_loss:3.4377 train_time:818875ms step_avg:481.41ms
step:1712/4578 train_loss:3.5078 train_time:819352ms step_avg:481.41ms
step:1713/4578 train_loss:3.6245 train_time:819830ms step_avg:481.40ms
step:1714/4578 train_loss:3.7512 train_time:820307ms step_avg:481.40ms
step:1715/4578 train_loss:3.4339 train_time:820785ms step_avg:481.40ms
step:1716/4578 train_loss:3.5167 train_time:821267ms step_avg:481.40ms
step:1717/4578 train_loss:3.3804 train_time:821745ms step_avg:481.40ms
step:1718/4578 train_loss:3.4373 train_time:822233ms step_avg:481.40ms
step:1719/4578 train_loss:3.6866 train_time:822712ms step_avg:481.40ms
step:1720/4578 train_loss:3.4717 train_time:823185ms step_avg:481.39ms
step:1721/4578 train_loss:3.4677 train_time:823663ms step_avg:481.39ms
step:1722/4578 train_loss:3.3579 train_time:824143ms step_avg:481.39ms
step:1723/4578 train_loss:3.6502 train_time:824622ms step_avg:481.39ms
step:1724/4578 train_loss:3.5003 train_time:825104ms step_avg:481.39ms
step:1725/4578 train_loss:3.6627 train_time:825581ms step_avg:481.39ms
step:1726/4578 train_loss:3.6729 train_time:826061ms step_avg:481.39ms
step:1727/4578 train_loss:3.6148 train_time:826542ms step_avg:481.39ms
step:1728/4578 train_loss:3.5118 train_time:827017ms step_avg:481.38ms
step:1729/4578 train_loss:3.4568 train_time:827496ms step_avg:481.38ms
step:1730/4578 train_loss:3.5022 train_time:827977ms step_avg:481.38ms
step:1731/4578 train_loss:4.1690 train_time:828455ms step_avg:481.38ms
step:1732/4578 train_loss:3.6786 train_time:828933ms step_avg:481.38ms
step:1733/4578 train_loss:3.7752 train_time:829414ms step_avg:481.38ms
step:1734/4578 train_loss:3.3924 train_time:829892ms step_avg:481.38ms
step:1735/4578 train_loss:3.5548 train_time:830371ms step_avg:481.37ms
step:1736/4578 train_loss:3.5660 train_time:830846ms step_avg:481.37ms
step:1737/4578 train_loss:3.4464 train_time:831323ms step_avg:481.37ms
step:1738/4578 train_loss:3.5847 train_time:831804ms step_avg:481.37ms
step:1739/4578 train_loss:3.4892 train_time:832297ms step_avg:481.38ms
step:1740/4578 train_loss:3.5166 train_time:832771ms step_avg:481.37ms
step:1741/4578 train_loss:3.7537 train_time:833250ms step_avg:481.37ms
step:1742/4578 train_loss:3.3964 train_time:833727ms step_avg:481.37ms
step:1743/4578 train_loss:3.2935 train_time:834196ms step_avg:481.36ms
step:1744/4578 train_loss:3.0179 train_time:834682ms step_avg:481.36ms
step:1745/4578 train_loss:3.5447 train_time:835157ms step_avg:481.36ms
step:1746/4578 train_loss:3.5151 train_time:835633ms step_avg:481.36ms
step:1747/4578 train_loss:3.4998 train_time:836112ms step_avg:481.35ms
step:1748/4578 train_loss:3.4937 train_time:836589ms step_avg:481.35ms
step:1749/4578 train_loss:3.9718 train_time:837071ms step_avg:481.35ms
step:1750/4578 train_loss:3.5489 train_time:837547ms step_avg:481.35ms
step:1750/4578 val_loss:3.5293 train_time:837872ms step_avg:481.54ms
step:1751/4578 train_loss:3.4768 train_time:838028ms step_avg:481.35ms
step:1752/4578 train_loss:3.5041 train_time:838505ms step_avg:481.35ms
step:1753/4578 train_loss:3.4005 train_time:838988ms step_avg:481.35ms
step:1754/4578 train_loss:3.0773 train_time:839473ms step_avg:481.35ms
step:1755/4578 train_loss:3.3524 train_time:839948ms step_avg:481.35ms
step:1756/4578 train_loss:3.3055 train_time:840427ms step_avg:481.34ms
step:1757/4578 train_loss:3.4515 train_time:840907ms step_avg:481.34ms
step:1758/4578 train_loss:3.4382 train_time:841384ms step_avg:481.34ms
step:1759/4578 train_loss:3.4054 train_time:841862ms step_avg:481.34ms
step:1760/4578 train_loss:5.4045 train_time:842341ms step_avg:481.34ms
step:1761/4578 train_loss:3.5698 train_time:842818ms step_avg:481.34ms
step:1762/4578 train_loss:3.5867 train_time:843301ms step_avg:481.34ms
step:1763/4578 train_loss:3.5535 train_time:843775ms step_avg:481.33ms
step:1764/4578 train_loss:3.5368 train_time:844257ms step_avg:481.33ms
step:1765/4578 train_loss:3.4436 train_time:844737ms step_avg:481.33ms
step:1766/4578 train_loss:3.5610 train_time:845211ms step_avg:481.33ms
step:1767/4578 train_loss:3.6658 train_time:845690ms step_avg:481.33ms
step:1768/4578 train_loss:3.5995 train_time:846166ms step_avg:481.32ms
step:1769/4578 train_loss:3.5982 train_time:846647ms step_avg:481.32ms
step:1770/4578 train_loss:3.5411 train_time:847125ms step_avg:481.32ms
step:1771/4578 train_loss:4.2244 train_time:847606ms step_avg:481.32ms
step:1772/4578 train_loss:3.4548 train_time:848080ms step_avg:481.32ms
step:1773/4578 train_loss:3.4220 train_time:848563ms step_avg:481.32ms
step:1774/4578 train_loss:3.7789 train_time:849043ms step_avg:481.32ms
step:1775/4578 train_loss:3.2902 train_time:849513ms step_avg:481.31ms
step:1776/4578 train_loss:3.5966 train_time:849994ms step_avg:481.31ms
step:1777/4578 train_loss:3.4522 train_time:850477ms step_avg:481.31ms
step:1778/4578 train_loss:3.9075 train_time:850948ms step_avg:481.31ms
step:1779/4578 train_loss:3.6473 train_time:851427ms step_avg:481.30ms
step:1780/4578 train_loss:3.5108 train_time:851906ms step_avg:481.30ms
step:1781/4578 train_loss:3.6207 train_time:852385ms step_avg:481.30ms
step:1782/4578 train_loss:3.5314 train_time:852866ms step_avg:481.30ms
step:1783/4578 train_loss:3.3044 train_time:853343ms step_avg:481.30ms
step:1784/4578 train_loss:3.5799 train_time:853824ms step_avg:481.30ms
step:1785/4578 train_loss:3.6096 train_time:854301ms step_avg:481.30ms
step:1786/4578 train_loss:3.5326 train_time:854780ms step_avg:481.30ms
step:1787/4578 train_loss:3.6994 train_time:855259ms step_avg:481.29ms
step:1788/4578 train_loss:3.4588 train_time:855738ms step_avg:481.29ms
step:1789/4578 train_loss:3.5138 train_time:856212ms step_avg:481.29ms
step:1790/4578 train_loss:3.6280 train_time:856699ms step_avg:481.29ms
step:1791/4578 train_loss:3.5532 train_time:857175ms step_avg:481.29ms
step:1792/4578 train_loss:3.5338 train_time:857652ms step_avg:481.29ms
step:1793/4578 train_loss:3.4740 train_time:858135ms step_avg:481.29ms
step:1794/4578 train_loss:3.3719 train_time:858613ms step_avg:481.29ms
step:1795/4578 train_loss:3.4348 train_time:859085ms step_avg:481.28ms
step:1796/4578 train_loss:3.4076 train_time:859571ms step_avg:481.28ms
step:1797/4578 train_loss:3.6345 train_time:860047ms step_avg:481.28ms
step:1798/4578 train_loss:3.5376 train_time:860531ms step_avg:481.28ms
step:1799/4578 train_loss:3.4784 train_time:861009ms step_avg:481.28ms
step:1800/4578 train_loss:3.5483 train_time:861481ms step_avg:481.27ms
step:1801/4578 train_loss:3.5634 train_time:861963ms step_avg:481.27ms
step:1802/4578 train_loss:3.5377 train_time:862442ms step_avg:481.27ms
step:1803/4578 train_loss:3.4669 train_time:862917ms step_avg:481.27ms
step:1804/4578 train_loss:3.4399 train_time:863397ms step_avg:481.27ms
step:1805/4578 train_loss:3.6904 train_time:863874ms step_avg:481.27ms
step:1806/4578 train_loss:3.5360 train_time:864350ms step_avg:481.26ms
step:1807/4578 train_loss:3.6185 train_time:864830ms step_avg:481.26ms
step:1808/4578 train_loss:3.6457 train_time:865307ms step_avg:481.26ms
step:1809/4578 train_loss:3.4379 train_time:865789ms step_avg:481.26ms
step:1810/4578 train_loss:3.6128 train_time:866268ms step_avg:481.26ms
step:1811/4578 train_loss:3.6439 train_time:866745ms step_avg:481.26ms
step:1812/4578 train_loss:3.5321 train_time:867218ms step_avg:481.25ms
step:1813/4578 train_loss:3.4797 train_time:867703ms step_avg:481.26ms
step:1814/4578 train_loss:3.5023 train_time:868183ms step_avg:481.25ms
step:1815/4578 train_loss:3.5631 train_time:868662ms step_avg:481.25ms
step:1816/4578 train_loss:3.6353 train_time:869142ms step_avg:481.25ms
step:1817/4578 train_loss:3.4988 train_time:869616ms step_avg:481.25ms
step:1818/4578 train_loss:3.6784 train_time:870095ms step_avg:481.25ms
step:1819/4578 train_loss:3.4723 train_time:870571ms step_avg:481.24ms
step:1820/4578 train_loss:3.5388 train_time:871049ms step_avg:481.24ms
step:1821/4578 train_loss:3.4309 train_time:871527ms step_avg:481.24ms
step:1822/4578 train_loss:3.2681 train_time:872003ms step_avg:481.24ms
step:1823/4578 train_loss:3.2855 train_time:872485ms step_avg:481.24ms
step:1824/4578 train_loss:3.4633 train_time:872966ms step_avg:481.24ms
step:1825/4578 train_loss:3.5659 train_time:873442ms step_avg:481.24ms
step:1826/4578 train_loss:3.5232 train_time:873921ms step_avg:481.23ms
step:1827/4578 train_loss:3.5062 train_time:874401ms step_avg:481.23ms
step:1828/4578 train_loss:3.4985 train_time:874881ms step_avg:481.23ms
step:1829/4578 train_loss:3.5019 train_time:875357ms step_avg:481.23ms
step:1830/4578 train_loss:3.5988 train_time:875839ms step_avg:481.23ms
step:1831/4578 train_loss:3.2547 train_time:876316ms step_avg:481.23ms
step:1832/4578 train_loss:3.4965 train_time:876791ms step_avg:481.22ms
step:1833/4578 train_loss:3.4915 train_time:877274ms step_avg:481.23ms
step:1834/4578 train_loss:4.0453 train_time:877758ms step_avg:481.23ms
step:1835/4578 train_loss:3.5630 train_time:878235ms step_avg:481.22ms
step:1836/4578 train_loss:3.5358 train_time:878713ms step_avg:481.22ms
step:1837/4578 train_loss:3.8102 train_time:879191ms step_avg:481.22ms
step:1838/4578 train_loss:3.5244 train_time:879669ms step_avg:481.22ms
step:1839/4578 train_loss:3.4030 train_time:880148ms step_avg:481.22ms
step:1840/4578 train_loss:3.4820 train_time:880632ms step_avg:481.22ms
step:1841/4578 train_loss:3.3989 train_time:881109ms step_avg:481.22ms
step:1842/4578 train_loss:3.5131 train_time:881581ms step_avg:481.21ms
step:1843/4578 train_loss:3.5733 train_time:882066ms step_avg:481.21ms
step:1844/4578 train_loss:3.4919 train_time:882538ms step_avg:481.21ms
step:1845/4578 train_loss:3.5136 train_time:883017ms step_avg:481.21ms
step:1846/4578 train_loss:3.4695 train_time:883493ms step_avg:481.21ms
step:1847/4578 train_loss:3.5184 train_time:883972ms step_avg:481.20ms
step:1848/4578 train_loss:3.3946 train_time:884464ms step_avg:481.21ms
step:1849/4578 train_loss:3.7659 train_time:884942ms step_avg:481.21ms
step:1850/4578 train_loss:3.4254 train_time:885422ms step_avg:481.21ms
step:1851/4578 train_loss:3.5262 train_time:885899ms step_avg:481.21ms
step:1852/4578 train_loss:3.3655 train_time:886376ms step_avg:481.20ms
step:1853/4578 train_loss:3.5701 train_time:886839ms step_avg:481.19ms
step:1854/4578 train_loss:3.6025 train_time:887313ms step_avg:481.19ms
step:1855/4578 train_loss:3.4986 train_time:887791ms step_avg:481.19ms
step:1856/4578 train_loss:3.4774 train_time:888272ms step_avg:481.19ms
step:1857/4578 train_loss:3.5687 train_time:888751ms step_avg:481.19ms
step:1858/4578 train_loss:3.6147 train_time:889229ms step_avg:481.18ms
step:1859/4578 train_loss:3.4432 train_time:889705ms step_avg:481.18ms
step:1860/4578 train_loss:3.5253 train_time:890184ms step_avg:481.18ms
step:1861/4578 train_loss:3.4962 train_time:890661ms step_avg:481.18ms
step:1862/4578 train_loss:3.4780 train_time:891142ms step_avg:481.18ms
step:1863/4578 train_loss:3.4256 train_time:891619ms step_avg:481.18ms
step:1864/4578 train_loss:3.5393 train_time:892104ms step_avg:481.18ms
step:1865/4578 train_loss:3.6552 train_time:892579ms step_avg:481.17ms
step:1866/4578 train_loss:3.2860 train_time:893058ms step_avg:481.17ms
step:1867/4578 train_loss:3.4792 train_time:893538ms step_avg:481.17ms
step:1868/4578 train_loss:3.4356 train_time:894014ms step_avg:481.17ms
step:1869/4578 train_loss:3.2589 train_time:894491ms step_avg:481.17ms
step:1870/4578 train_loss:3.5532 train_time:894967ms step_avg:481.17ms
step:1871/4578 train_loss:3.5198 train_time:895447ms step_avg:481.16ms
step:1872/4578 train_loss:3.4785 train_time:895928ms step_avg:481.16ms
step:1873/4578 train_loss:3.5906 train_time:896400ms step_avg:481.16ms
step:1874/4578 train_loss:3.4028 train_time:896883ms step_avg:481.16ms
step:1875/4578 train_loss:3.6742 train_time:897367ms step_avg:481.16ms
step:1875/4578 val_loss:3.5150 train_time:897686ms step_avg:481.33ms
step:1876/4578 train_loss:3.4943 train_time:897861ms step_avg:481.17ms
step:1877/4578 train_loss:3.4672 train_time:898336ms step_avg:481.17ms
step:1878/4578 train_loss:3.6280 train_time:898813ms step_avg:481.16ms
step:1879/4578 train_loss:3.6128 train_time:899277ms step_avg:481.15ms
step:1880/4578 train_loss:3.4738 train_time:899755ms step_avg:481.15ms
step:1881/4578 train_loss:3.5045 train_time:900233ms step_avg:481.15ms
step:1882/4578 train_loss:3.4178 train_time:900715ms step_avg:481.15ms
step:1883/4578 train_loss:3.6559 train_time:901199ms step_avg:481.15ms
step:1884/4578 train_loss:3.4804 train_time:901675ms step_avg:481.15ms
step:1885/4578 train_loss:3.0000 train_time:902152ms step_avg:481.15ms
step:1886/4578 train_loss:3.8253 train_time:902639ms step_avg:481.15ms
step:1887/4578 train_loss:3.4394 train_time:903118ms step_avg:481.15ms
step:1888/4578 train_loss:3.3708 train_time:903592ms step_avg:481.15ms
step:1889/4578 train_loss:3.5246 train_time:904082ms step_avg:481.15ms
step:1890/4578 train_loss:3.5733 train_time:904548ms step_avg:481.14ms
step:1891/4578 train_loss:3.3443 train_time:905027ms step_avg:481.14ms
step:1892/4578 train_loss:3.7730 train_time:905507ms step_avg:481.14ms
step:1893/4578 train_loss:3.4080 train_time:905995ms step_avg:481.14ms
step:1894/4578 train_loss:3.4570 train_time:906482ms step_avg:481.15ms
step:1895/4578 train_loss:3.6109 train_time:906981ms step_avg:481.16ms
step:1896/4578 train_loss:3.3447 train_time:907449ms step_avg:481.15ms
step:1897/4578 train_loss:3.5235 train_time:907929ms step_avg:481.15ms
step:1898/4578 train_loss:3.6003 train_time:908405ms step_avg:481.15ms
step:1899/4578 train_loss:3.6202 train_time:908888ms step_avg:481.15ms
step:1900/4578 train_loss:3.4515 train_time:909874ms step_avg:481.41ms
step:1901/4578 train_loss:3.6219 train_time:910348ms step_avg:481.41ms
step:1902/4578 train_loss:3.4566 train_time:910833ms step_avg:481.41ms
step:1903/4578 train_loss:3.5533 train_time:911315ms step_avg:481.41ms
step:1904/4578 train_loss:3.4445 train_time:911794ms step_avg:481.41ms
step:1905/4578 train_loss:3.6659 train_time:912272ms step_avg:481.41ms
step:1906/4578 train_loss:3.5049 train_time:912747ms step_avg:481.41ms
step:1907/4578 train_loss:3.5379 train_time:913235ms step_avg:481.41ms
step:1908/4578 train_loss:3.5542 train_time:913714ms step_avg:481.41ms
step:1909/4578 train_loss:3.3545 train_time:914190ms step_avg:481.41ms
step:1910/4578 train_loss:3.5189 train_time:914664ms step_avg:481.40ms
step:1911/4578 train_loss:3.5711 train_time:915142ms step_avg:481.40ms
step:1912/4578 train_loss:3.4839 train_time:915630ms step_avg:481.40ms
step:1913/4578 train_loss:3.4474 train_time:916104ms step_avg:481.40ms
step:1914/4578 train_loss:3.0412 train_time:916583ms step_avg:481.40ms
step:1915/4578 train_loss:3.3917 train_time:917065ms step_avg:481.40ms
step:1916/4578 train_loss:3.6482 train_time:917542ms step_avg:481.40ms
step:1917/4578 train_loss:3.6860 train_time:918020ms step_avg:481.39ms
step:1918/4578 train_loss:3.5183 train_time:918502ms step_avg:481.40ms
step:1919/4578 train_loss:3.4952 train_time:918979ms step_avg:481.39ms
step:1920/4578 train_loss:3.7380 train_time:919462ms step_avg:481.39ms
step:1921/4578 train_loss:3.4408 train_time:919940ms step_avg:481.39ms
step:1922/4578 train_loss:3.5083 train_time:920417ms step_avg:481.39ms
step:1923/4578 train_loss:3.5318 train_time:920905ms step_avg:481.39ms
step:1924/4578 train_loss:3.5856 train_time:921382ms step_avg:481.39ms
step:1925/4578 train_loss:3.2279 train_time:921867ms step_avg:481.39ms
step:1926/4578 train_loss:3.4025 train_time:922348ms step_avg:481.39ms
step:1927/4578 train_loss:3.3589 train_time:922824ms step_avg:481.39ms
step:1928/4578 train_loss:3.4443 train_time:923302ms step_avg:481.39ms
step:1929/4578 train_loss:3.2235 train_time:923783ms step_avg:481.39ms
step:1930/4578 train_loss:3.4326 train_time:924265ms step_avg:481.39ms
step:1931/4578 train_loss:3.6809 train_time:924741ms step_avg:481.39ms
step:1932/4578 train_loss:3.5435 train_time:925222ms step_avg:481.39ms
step:1933/4578 train_loss:3.6430 train_time:925702ms step_avg:481.38ms
step:1934/4578 train_loss:3.4790 train_time:926180ms step_avg:481.38ms
step:1935/4578 train_loss:3.4669 train_time:926653ms step_avg:481.38ms
step:1936/4578 train_loss:3.5562 train_time:927134ms step_avg:481.38ms
step:1937/4578 train_loss:3.4758 train_time:927610ms step_avg:481.38ms
step:1938/4578 train_loss:3.5825 train_time:928086ms step_avg:481.37ms
step:1939/4578 train_loss:3.4506 train_time:928564ms step_avg:481.37ms
step:1940/4578 train_loss:3.6141 train_time:929045ms step_avg:481.37ms
step:1941/4578 train_loss:3.7565 train_time:929524ms step_avg:481.37ms
step:1942/4578 train_loss:3.5210 train_time:930001ms step_avg:481.37ms
step:1943/4578 train_loss:3.4678 train_time:930478ms step_avg:481.36ms
step:1944/4578 train_loss:3.6982 train_time:930955ms step_avg:481.36ms
step:1945/4578 train_loss:3.3623 train_time:931440ms step_avg:481.36ms
step:1946/4578 train_loss:3.5430 train_time:931916ms step_avg:481.36ms
step:1947/4578 train_loss:3.5127 train_time:932397ms step_avg:481.36ms
step:1948/4578 train_loss:3.4165 train_time:932882ms step_avg:481.36ms
step:1949/4578 train_loss:3.4461 train_time:933354ms step_avg:481.36ms
step:1950/4578 train_loss:3.3965 train_time:933832ms step_avg:481.36ms
step:1951/4578 train_loss:3.4268 train_time:934312ms step_avg:481.36ms
step:1952/4578 train_loss:3.4233 train_time:934788ms step_avg:481.35ms
step:1953/4578 train_loss:3.6515 train_time:935265ms step_avg:481.35ms
step:1954/4578 train_loss:3.6364 train_time:935744ms step_avg:481.35ms
step:1955/4578 train_loss:3.4849 train_time:936220ms step_avg:481.35ms
step:1956/4578 train_loss:3.3639 train_time:936703ms step_avg:481.35ms
step:1957/4578 train_loss:3.3151 train_time:937185ms step_avg:481.35ms
step:1958/4578 train_loss:3.7457 train_time:937669ms step_avg:481.35ms
step:1959/4578 train_loss:3.5186 train_time:938141ms step_avg:481.34ms
step:1960/4578 train_loss:3.6288 train_time:938621ms step_avg:481.34ms
step:1961/4578 train_loss:3.4107 train_time:939099ms step_avg:481.34ms
step:1962/4578 train_loss:3.5864 train_time:939575ms step_avg:481.34ms
step:1963/4578 train_loss:3.5999 train_time:940059ms step_avg:481.34ms
step:1964/4578 train_loss:3.5108 train_time:940534ms step_avg:481.34ms
step:1965/4578 train_loss:3.4371 train_time:941010ms step_avg:481.33ms
step:1966/4578 train_loss:3.7033 train_time:941487ms step_avg:481.33ms
step:1967/4578 train_loss:3.4338 train_time:941980ms step_avg:481.34ms
step:1968/4578 train_loss:3.4732 train_time:942462ms step_avg:481.34ms
step:1969/4578 train_loss:3.5411 train_time:942946ms step_avg:481.34ms
step:1970/4578 train_loss:3.3656 train_time:943419ms step_avg:481.34ms
step:1971/4578 train_loss:3.1366 train_time:943884ms step_avg:481.33ms
step:1972/4578 train_loss:3.2157 train_time:944362ms step_avg:481.33ms
step:1973/4578 train_loss:3.5043 train_time:944842ms step_avg:481.33ms
step:1974/4578 train_loss:3.4242 train_time:945319ms step_avg:481.32ms
step:1975/4578 train_loss:3.3194 train_time:945795ms step_avg:481.32ms
step:1976/4578 train_loss:3.5845 train_time:946278ms step_avg:481.32ms
step:1977/4578 train_loss:3.4375 train_time:946754ms step_avg:481.32ms
step:1978/4578 train_loss:4.0364 train_time:947233ms step_avg:481.32ms
step:1979/4578 train_loss:3.4679 train_time:947709ms step_avg:481.31ms
step:1980/4578 train_loss:3.4922 train_time:948188ms step_avg:481.31ms
step:1981/4578 train_loss:3.5002 train_time:948665ms step_avg:481.31ms
step:1982/4578 train_loss:3.5484 train_time:949148ms step_avg:481.31ms
step:1983/4578 train_loss:3.5054 train_time:949623ms step_avg:481.31ms
step:1984/4578 train_loss:3.3916 train_time:950107ms step_avg:481.31ms
step:1985/4578 train_loss:3.5880 train_time:950587ms step_avg:481.31ms
step:1986/4578 train_loss:3.6386 train_time:951059ms step_avg:481.31ms
step:1987/4578 train_loss:3.3981 train_time:951543ms step_avg:481.31ms
step:1988/4578 train_loss:3.4556 train_time:952021ms step_avg:481.31ms
step:1989/4578 train_loss:3.5326 train_time:952499ms step_avg:481.30ms
step:1990/4578 train_loss:3.6193 train_time:952975ms step_avg:481.30ms
step:1991/4578 train_loss:3.3966 train_time:953462ms step_avg:481.30ms
step:1992/4578 train_loss:3.3804 train_time:953938ms step_avg:481.30ms
step:1993/4578 train_loss:3.7112 train_time:954414ms step_avg:481.30ms
step:1994/4578 train_loss:3.3995 train_time:954896ms step_avg:481.30ms
step:1995/4578 train_loss:3.4423 train_time:955370ms step_avg:481.29ms
step:1996/4578 train_loss:3.5219 train_time:955853ms step_avg:481.30ms
step:1997/4578 train_loss:3.4402 train_time:956330ms step_avg:481.29ms
step:1998/4578 train_loss:3.4169 train_time:956806ms step_avg:481.29ms
step:1999/4578 train_loss:3.4133 train_time:957286ms step_avg:481.29ms
step:2000/4578 train_loss:3.4868 train_time:957766ms step_avg:481.29ms
step:2000/4578 val_loss:3.5007 train_time:958086ms step_avg:481.45ms
step:2001/4578 train_loss:3.6101 train_time:958242ms step_avg:481.29ms
step:2002/4578 train_loss:3.5125 train_time:958729ms step_avg:481.29ms
step:2003/4578 train_loss:3.8773 train_time:959209ms step_avg:481.29ms
step:2004/4578 train_loss:3.5742 train_time:959680ms step_avg:481.28ms
step:2005/4578 train_loss:3.4006 train_time:960158ms step_avg:481.28ms
step:2006/4578 train_loss:3.4686 train_time:960637ms step_avg:481.28ms
step:2007/4578 train_loss:3.3105 train_time:961115ms step_avg:481.28ms
step:2008/4578 train_loss:3.5916 train_time:961591ms step_avg:481.28ms
step:2009/4578 train_loss:3.5029 train_time:962073ms step_avg:481.28ms
step:2010/4578 train_loss:3.4862 train_time:962551ms step_avg:481.28ms
step:2011/4578 train_loss:3.5318 train_time:963037ms step_avg:481.28ms
step:2012/4578 train_loss:3.5736 train_time:963511ms step_avg:481.27ms
step:2013/4578 train_loss:3.4124 train_time:963986ms step_avg:481.27ms
step:2014/4578 train_loss:3.5151 train_time:964461ms step_avg:481.27ms
step:2015/4578 train_loss:3.4539 train_time:964948ms step_avg:481.27ms
step:2016/4578 train_loss:3.4418 train_time:965427ms step_avg:481.27ms
step:2017/4578 train_loss:3.7453 train_time:965902ms step_avg:481.27ms
step:2018/4578 train_loss:3.4238 train_time:966381ms step_avg:481.27ms
step:2019/4578 train_loss:3.6997 train_time:966860ms step_avg:481.26ms
step:2020/4578 train_loss:3.4705 train_time:967337ms step_avg:481.26ms
step:2021/4578 train_loss:3.1865 train_time:967817ms step_avg:481.26ms
step:2022/4578 train_loss:3.4619 train_time:968293ms step_avg:481.26ms
step:2023/4578 train_loss:3.4412 train_time:968771ms step_avg:481.26ms
step:2024/4578 train_loss:3.5239 train_time:969250ms step_avg:481.26ms
step:2025/4578 train_loss:3.6357 train_time:969725ms step_avg:481.25ms
step:2026/4578 train_loss:3.4444 train_time:970207ms step_avg:481.25ms
step:2027/4578 train_loss:2.9208 train_time:970687ms step_avg:481.25ms
step:2028/4578 train_loss:3.4040 train_time:971165ms step_avg:481.25ms
step:2029/4578 train_loss:3.5698 train_time:971643ms step_avg:481.25ms
step:2030/4578 train_loss:3.4414 train_time:972120ms step_avg:481.25ms
step:2031/4578 train_loss:3.5402 train_time:972600ms step_avg:481.25ms
step:2032/4578 train_loss:3.3266 train_time:973076ms step_avg:481.24ms
step:2033/4578 train_loss:3.5653 train_time:973555ms step_avg:481.24ms
step:2034/4578 train_loss:3.3695 train_time:974033ms step_avg:481.24ms
step:2035/4578 train_loss:3.5575 train_time:974509ms step_avg:481.24ms
step:2036/4578 train_loss:3.5610 train_time:974988ms step_avg:481.24ms
step:2037/4578 train_loss:3.5975 train_time:975465ms step_avg:481.24ms
step:2038/4578 train_loss:3.3690 train_time:975940ms step_avg:481.23ms
step:2039/4578 train_loss:3.7165 train_time:976425ms step_avg:481.23ms
step:2040/4578 train_loss:3.5471 train_time:976897ms step_avg:481.23ms
step:2041/4578 train_loss:3.6009 train_time:977376ms step_avg:481.23ms
step:2042/4578 train_loss:3.4064 train_time:977854ms step_avg:481.23ms
step:2043/4578 train_loss:3.4847 train_time:978333ms step_avg:481.23ms
step:2044/4578 train_loss:3.5568 train_time:978809ms step_avg:481.22ms
step:2045/4578 train_loss:3.5343 train_time:979286ms step_avg:481.22ms
step:2046/4578 train_loss:3.2720 train_time:979765ms step_avg:481.22ms
step:2047/4578 train_loss:3.3428 train_time:980245ms step_avg:481.22ms
step:2048/4578 train_loss:3.5088 train_time:980722ms step_avg:481.22ms
step:2049/4578 train_loss:3.4191 train_time:981199ms step_avg:481.22ms
step:2050/4578 train_loss:3.3384 train_time:981689ms step_avg:481.22ms
step:2051/4578 train_loss:3.6135 train_time:982160ms step_avg:481.22ms
step:2052/4578 train_loss:3.5402 train_time:982636ms step_avg:481.21ms
step:2053/4578 train_loss:3.4657 train_time:983114ms step_avg:481.21ms
step:2054/4578 train_loss:3.4727 train_time:983591ms step_avg:481.21ms
step:2055/4578 train_loss:3.5216 train_time:984068ms step_avg:481.21ms
step:2056/4578 train_loss:3.4365 train_time:984551ms step_avg:481.21ms
step:2057/4578 train_loss:3.7831 train_time:985027ms step_avg:481.20ms
step:2058/4578 train_loss:3.7030 train_time:985504ms step_avg:481.20ms
step:2059/4578 train_loss:3.4702 train_time:985989ms step_avg:481.21ms
step:2060/4578 train_loss:3.6021 train_time:986471ms step_avg:481.21ms
step:2061/4578 train_loss:3.5676 train_time:986945ms step_avg:481.20ms
step:2062/4578 train_loss:3.5714 train_time:987420ms step_avg:481.20ms
step:2063/4578 train_loss:3.5056 train_time:987902ms step_avg:481.20ms
step:2064/4578 train_loss:3.8063 train_time:988381ms step_avg:481.20ms
step:2065/4578 train_loss:3.5553 train_time:988858ms step_avg:481.20ms
step:2066/4578 train_loss:3.6147 train_time:989340ms step_avg:481.20ms
step:2067/4578 train_loss:3.4535 train_time:989816ms step_avg:481.19ms
step:2068/4578 train_loss:3.3927 train_time:990296ms step_avg:481.19ms
step:2069/4578 train_loss:3.4435 train_time:990773ms step_avg:481.19ms
step:2070/4578 train_loss:3.6930 train_time:991250ms step_avg:481.19ms
step:2071/4578 train_loss:3.6483 train_time:991725ms step_avg:481.19ms
step:2072/4578 train_loss:3.5520 train_time:992205ms step_avg:481.19ms
step:2073/4578 train_loss:3.4955 train_time:992685ms step_avg:481.19ms
step:2074/4578 train_loss:3.5252 train_time:993164ms step_avg:481.18ms
step:2075/4578 train_loss:3.5086 train_time:993642ms step_avg:481.18ms
step:2076/4578 train_loss:3.2575 train_time:994119ms step_avg:481.18ms
step:2077/4578 train_loss:3.6452 train_time:994598ms step_avg:481.18ms
step:2078/4578 train_loss:3.3355 train_time:995075ms step_avg:481.18ms
step:2079/4578 train_loss:3.3279 train_time:995559ms step_avg:481.18ms
step:2080/4578 train_loss:3.4038 train_time:996155ms step_avg:481.23ms
step:2081/4578 train_loss:3.4916 train_time:996633ms step_avg:481.23ms
step:2082/4578 train_loss:3.3550 train_time:997113ms step_avg:481.23ms
step:2083/4578 train_loss:3.5949 train_time:997588ms step_avg:481.23ms
step:2084/4578 train_loss:3.4066 train_time:998075ms step_avg:481.23ms
step:2085/4578 train_loss:3.3478 train_time:998549ms step_avg:481.23ms
step:2086/4578 train_loss:3.5279 train_time:999026ms step_avg:481.23ms
step:2087/4578 train_loss:3.5799 train_time:999513ms step_avg:481.23ms
step:2088/4578 train_loss:3.5028 train_time:999987ms step_avg:481.23ms
step:2089/4578 train_loss:3.7633 train_time:1000466ms step_avg:481.22ms
step:2090/4578 train_loss:3.5913 train_time:1001659ms step_avg:481.57ms
step:2091/4578 train_loss:3.6115 train_time:1002137ms step_avg:481.57ms
step:2092/4578 train_loss:3.3778 train_time:1002612ms step_avg:481.56ms
step:2093/4578 train_loss:3.5258 train_time:1003095ms step_avg:481.56ms
step:2094/4578 train_loss:3.4594 train_time:1003571ms step_avg:481.56ms
step:2095/4578 train_loss:3.0498 train_time:1004043ms step_avg:481.56ms
step:2096/4578 train_loss:3.4346 train_time:1004522ms step_avg:481.55ms
step:2097/4578 train_loss:3.6222 train_time:1005001ms step_avg:481.55ms
step:2098/4578 train_loss:3.4765 train_time:1005476ms step_avg:481.55ms
step:2099/4578 train_loss:3.2962 train_time:1005955ms step_avg:481.55ms
step:2100/4578 train_loss:3.4271 train_time:1006439ms step_avg:481.55ms
step:2101/4578 train_loss:3.4215 train_time:1006920ms step_avg:481.55ms
step:2102/4578 train_loss:3.6522 train_time:1007397ms step_avg:481.55ms
step:2103/4578 train_loss:3.3927 train_time:1007878ms step_avg:481.55ms
step:2104/4578 train_loss:3.4399 train_time:1008355ms step_avg:481.54ms
step:2105/4578 train_loss:3.7595 train_time:1008832ms step_avg:481.54ms
step:2106/4578 train_loss:3.2778 train_time:1009308ms step_avg:481.54ms
step:2107/4578 train_loss:3.8350 train_time:1009785ms step_avg:481.54ms
step:2108/4578 train_loss:3.3996 train_time:1010264ms step_avg:481.54ms
step:2109/4578 train_loss:3.5364 train_time:1010750ms step_avg:481.54ms
step:2110/4578 train_loss:3.6367 train_time:1011226ms step_avg:481.54ms
step:2111/4578 train_loss:3.3381 train_time:1011698ms step_avg:481.53ms
step:2112/4578 train_loss:3.6598 train_time:1012182ms step_avg:481.53ms
step:2113/4578 train_loss:3.5604 train_time:1012658ms step_avg:481.53ms
step:2114/4578 train_loss:3.5353 train_time:1013139ms step_avg:481.53ms
step:2115/4578 train_loss:3.4328 train_time:1013614ms step_avg:481.53ms
step:2116/4578 train_loss:3.5508 train_time:1014090ms step_avg:481.52ms
step:2117/4578 train_loss:3.3991 train_time:1014569ms step_avg:481.52ms
step:2118/4578 train_loss:3.5658 train_time:1015050ms step_avg:481.52ms
step:2119/4578 train_loss:3.4655 train_time:1015529ms step_avg:481.52ms
step:2120/4578 train_loss:3.4414 train_time:1016020ms step_avg:481.53ms
step:2121/4578 train_loss:3.3550 train_time:1016495ms step_avg:481.52ms
step:2122/4578 train_loss:3.4949 train_time:1016972ms step_avg:481.52ms
step:2123/4578 train_loss:3.5624 train_time:1017441ms step_avg:481.51ms
step:2124/4578 train_loss:3.4663 train_time:1017922ms step_avg:481.51ms
step:2125/4578 train_loss:3.4718 train_time:1018399ms step_avg:481.51ms
step:2125/4578 val_loss:3.4896 train_time:1018724ms step_avg:481.67ms
step:2126/4578 train_loss:3.3939 train_time:1018900ms step_avg:481.52ms
step:2127/4578 train_loss:3.5987 train_time:1019376ms step_avg:481.52ms
step:2128/4578 train_loss:3.5212 train_time:1019855ms step_avg:481.52ms
step:2129/4578 train_loss:3.5772 train_time:1020340ms step_avg:481.52ms
step:2130/4578 train_loss:3.4060 train_time:1020813ms step_avg:481.52ms
step:2131/4578 train_loss:3.3856 train_time:1021293ms step_avg:481.51ms
step:2132/4578 train_loss:3.6458 train_time:1021775ms step_avg:481.52ms
step:2133/4578 train_loss:3.5568 train_time:1022254ms step_avg:481.51ms
step:2134/4578 train_loss:3.3357 train_time:1022732ms step_avg:481.51ms
step:2135/4578 train_loss:3.5039 train_time:1023213ms step_avg:481.51ms
step:2136/4578 train_loss:3.4577 train_time:1023687ms step_avg:481.51ms
step:2137/4578 train_loss:3.6382 train_time:1024166ms step_avg:481.51ms
step:2138/4578 train_loss:3.3804 train_time:1024645ms step_avg:481.51ms
step:2139/4578 train_loss:3.4497 train_time:1025121ms step_avg:481.50ms
step:2140/4578 train_loss:3.5600 train_time:1025600ms step_avg:481.50ms
step:2141/4578 train_loss:3.7533 train_time:1026077ms step_avg:481.50ms
step:2142/4578 train_loss:4.2702 train_time:1026542ms step_avg:481.49ms
step:2143/4578 train_loss:3.4683 train_time:1027022ms step_avg:481.49ms
step:2144/4578 train_loss:3.2888 train_time:1027502ms step_avg:481.49ms
step:2145/4578 train_loss:3.5211 train_time:1027973ms step_avg:481.49ms
step:2146/4578 train_loss:3.6849 train_time:1028450ms step_avg:481.48ms
step:2147/4578 train_loss:3.5180 train_time:1028934ms step_avg:481.49ms
step:2148/4578 train_loss:3.4403 train_time:1029410ms step_avg:481.48ms
step:2149/4578 train_loss:3.4803 train_time:1029901ms step_avg:481.49ms
step:2150/4578 train_loss:3.3743 train_time:1030373ms step_avg:481.48ms
step:2151/4578 train_loss:3.4633 train_time:1030854ms step_avg:481.48ms
step:2152/4578 train_loss:3.5790 train_time:1031337ms step_avg:481.48ms
step:2153/4578 train_loss:3.4714 train_time:1031814ms step_avg:481.48ms
step:2154/4578 train_loss:3.4642 train_time:1032289ms step_avg:481.48ms
step:2155/4578 train_loss:3.4191 train_time:1032775ms step_avg:481.48ms
step:2156/4578 train_loss:3.3017 train_time:1033248ms step_avg:481.48ms
step:2157/4578 train_loss:3.4657 train_time:1033726ms step_avg:481.47ms
step:2158/4578 train_loss:3.5197 train_time:1034204ms step_avg:481.47ms
step:2159/4578 train_loss:3.5122 train_time:1034688ms step_avg:481.47ms
step:2160/4578 train_loss:3.6179 train_time:1035165ms step_avg:481.47ms
step:2161/4578 train_loss:3.5307 train_time:1035643ms step_avg:481.47ms
step:2162/4578 train_loss:3.4485 train_time:1036119ms step_avg:481.47ms
step:2163/4578 train_loss:3.4917 train_time:1036594ms step_avg:481.47ms
step:2164/4578 train_loss:3.5485 train_time:1037075ms step_avg:481.46ms
step:2165/4578 train_loss:3.4900 train_time:1037557ms step_avg:481.46ms
step:2166/4578 train_loss:3.5032 train_time:1038037ms step_avg:481.46ms
step:2167/4578 train_loss:3.4535 train_time:1038514ms step_avg:481.46ms
step:2168/4578 train_loss:3.3523 train_time:1039009ms step_avg:481.47ms
step:2169/4578 train_loss:3.3874 train_time:1039487ms step_avg:481.47ms
step:2170/4578 train_loss:3.4471 train_time:1039963ms step_avg:481.46ms
step:2171/4578 train_loss:3.6160 train_time:1040440ms step_avg:481.46ms
step:2172/4578 train_loss:3.5510 train_time:1040901ms step_avg:481.45ms
step:2173/4578 train_loss:3.3939 train_time:1041384ms step_avg:481.45ms
step:2174/4578 train_loss:3.4671 train_time:1041856ms step_avg:481.45ms
step:2175/4578 train_loss:3.3974 train_time:1042332ms step_avg:481.45ms
step:2176/4578 train_loss:3.4635 train_time:1042817ms step_avg:481.45ms
step:2177/4578 train_loss:3.3372 train_time:1043296ms step_avg:481.45ms
step:2178/4578 train_loss:3.6037 train_time:1043771ms step_avg:481.44ms
step:2179/4578 train_loss:3.4830 train_time:1044244ms step_avg:481.44ms
step:2180/4578 train_loss:3.3469 train_time:1044723ms step_avg:481.44ms
step:2181/4578 train_loss:3.6236 train_time:1045204ms step_avg:481.44ms
step:2182/4578 train_loss:3.4827 train_time:1045688ms step_avg:481.44ms
step:2183/4578 train_loss:3.4780 train_time:1046166ms step_avg:481.44ms
step:2184/4578 train_loss:3.3975 train_time:1046640ms step_avg:481.44ms
step:2185/4578 train_loss:3.3586 train_time:1047120ms step_avg:481.43ms
step:2186/4578 train_loss:3.4551 train_time:1047597ms step_avg:481.43ms
step:2187/4578 train_loss:3.4015 train_time:1048078ms step_avg:481.43ms
step:2188/4578 train_loss:3.3189 train_time:1048560ms step_avg:481.43ms
step:2189/4578 train_loss:3.4077 train_time:1049039ms step_avg:481.43ms
step:2190/4578 train_loss:3.3804 train_time:1049515ms step_avg:481.43ms
step:2191/4578 train_loss:3.5049 train_time:1049988ms step_avg:481.43ms
step:2192/4578 train_loss:3.4824 train_time:1050465ms step_avg:481.42ms
step:2193/4578 train_loss:3.8148 train_time:1050948ms step_avg:481.42ms
step:2194/4578 train_loss:3.4768 train_time:1051422ms step_avg:481.42ms
step:2195/4578 train_loss:3.5821 train_time:1051899ms step_avg:481.42ms
step:2196/4578 train_loss:3.6264 train_time:1052376ms step_avg:481.42ms
step:2197/4578 train_loss:3.3885 train_time:1052853ms step_avg:481.41ms
step:2198/4578 train_loss:3.5278 train_time:1053332ms step_avg:481.41ms
step:2199/4578 train_loss:3.4026 train_time:1053811ms step_avg:481.41ms
step:2200/4578 train_loss:3.3717 train_time:1054312ms step_avg:481.42ms
step:2201/4578 train_loss:3.4725 train_time:1054789ms step_avg:481.42ms
step:2202/4578 train_loss:3.4429 train_time:1055278ms step_avg:481.42ms
step:2203/4578 train_loss:3.4730 train_time:1055749ms step_avg:481.42ms
step:2204/4578 train_loss:4.3804 train_time:1056217ms step_avg:481.41ms
step:2205/4578 train_loss:3.5411 train_time:1056698ms step_avg:481.41ms
step:2206/4578 train_loss:3.3965 train_time:1057174ms step_avg:481.41ms
step:2207/4578 train_loss:3.4355 train_time:1057652ms step_avg:481.41ms
step:2208/4578 train_loss:3.5756 train_time:1058136ms step_avg:481.41ms
step:2209/4578 train_loss:3.3172 train_time:1058615ms step_avg:481.41ms
step:2210/4578 train_loss:3.4481 train_time:1059094ms step_avg:481.41ms
step:2211/4578 train_loss:3.4180 train_time:1059569ms step_avg:481.40ms
step:2212/4578 train_loss:3.5041 train_time:1060047ms step_avg:481.40ms
step:2213/4578 train_loss:3.5163 train_time:1060533ms step_avg:481.40ms
step:2214/4578 train_loss:3.4160 train_time:1061005ms step_avg:481.40ms
step:2215/4578 train_loss:3.4984 train_time:1061485ms step_avg:481.40ms
step:2216/4578 train_loss:3.6711 train_time:1061960ms step_avg:481.40ms
step:2217/4578 train_loss:3.5011 train_time:1062438ms step_avg:481.39ms
step:2218/4578 train_loss:3.3465 train_time:1062934ms step_avg:481.40ms
step:2219/4578 train_loss:3.4452 train_time:1063418ms step_avg:481.40ms
step:2220/4578 train_loss:3.2974 train_time:1063890ms step_avg:481.40ms
step:2221/4578 train_loss:3.7324 train_time:1064368ms step_avg:481.40ms
step:2222/4578 train_loss:3.5903 train_time:1064843ms step_avg:481.39ms
step:2223/4578 train_loss:3.7866 train_time:1065319ms step_avg:481.39ms
step:2224/4578 train_loss:3.3581 train_time:1065794ms step_avg:481.39ms
step:2225/4578 train_loss:3.4496 train_time:1066279ms step_avg:481.39ms
step:2226/4578 train_loss:3.3379 train_time:1066759ms step_avg:481.39ms
step:2227/4578 train_loss:3.6920 train_time:1067241ms step_avg:481.39ms
step:2228/4578 train_loss:3.6400 train_time:1067718ms step_avg:481.39ms
step:2229/4578 train_loss:3.2750 train_time:1068196ms step_avg:481.39ms
step:2230/4578 train_loss:3.7336 train_time:1068674ms step_avg:481.38ms
step:2231/4578 train_loss:3.4121 train_time:1069177ms step_avg:481.39ms
step:2232/4578 train_loss:3.4166 train_time:1069643ms step_avg:481.39ms
step:2233/4578 train_loss:3.5633 train_time:1070120ms step_avg:481.39ms
step:2234/4578 train_loss:3.6725 train_time:1070605ms step_avg:481.39ms
step:2235/4578 train_loss:3.4974 train_time:1071076ms step_avg:481.38ms
step:2236/4578 train_loss:3.4008 train_time:1071564ms step_avg:481.39ms
step:2237/4578 train_loss:3.1981 train_time:1072026ms step_avg:481.38ms
step:2238/4578 train_loss:3.4815 train_time:1072509ms step_avg:481.38ms
step:2239/4578 train_loss:3.5144 train_time:1072986ms step_avg:481.38ms
step:2240/4578 train_loss:3.2936 train_time:1073470ms step_avg:481.38ms
step:2241/4578 train_loss:3.3913 train_time:1073952ms step_avg:481.38ms
step:2242/4578 train_loss:3.4563 train_time:1074422ms step_avg:481.37ms
step:2243/4578 train_loss:3.5059 train_time:1074914ms step_avg:481.38ms
step:2244/4578 train_loss:3.2888 train_time:1075381ms step_avg:481.37ms
step:2245/4578 train_loss:3.5554 train_time:1075864ms step_avg:481.37ms
step:2246/4578 train_loss:3.5635 train_time:1076341ms step_avg:481.37ms
step:2247/4578 train_loss:3.2348 train_time:1076814ms step_avg:481.37ms
step:2248/4578 train_loss:3.2768 train_time:1077288ms step_avg:481.36ms
step:2249/4578 train_loss:3.6194 train_time:1077771ms step_avg:481.36ms
step:2250/4578 train_loss:3.5455 train_time:1078248ms step_avg:481.36ms
step:2250/4578 val_loss:3.4801 train_time:1078578ms step_avg:481.51ms
step:2251/4578 train_loss:3.4095 train_time:1078733ms step_avg:481.36ms
step:2252/4578 train_loss:3.4112 train_time:1079210ms step_avg:481.36ms
step:2253/4578 train_loss:3.4746 train_time:1079692ms step_avg:481.36ms
step:2254/4578 train_loss:3.5059 train_time:1080169ms step_avg:481.36ms
step:2255/4578 train_loss:3.5671 train_time:1080654ms step_avg:481.36ms
step:2256/4578 train_loss:3.4188 train_time:1081129ms step_avg:481.36ms
step:2257/4578 train_loss:3.6015 train_time:1081606ms step_avg:481.36ms
step:2258/4578 train_loss:3.4729 train_time:1082085ms step_avg:481.35ms
step:2259/4578 train_loss:4.2886 train_time:1082564ms step_avg:481.35ms
step:2260/4578 train_loss:3.4513 train_time:1083052ms step_avg:481.36ms
step:2261/4578 train_loss:3.5015 train_time:1083525ms step_avg:481.35ms
step:2262/4578 train_loss:3.4911 train_time:1083999ms step_avg:481.35ms
step:2263/4578 train_loss:3.3625 train_time:1084481ms step_avg:481.35ms
step:2264/4578 train_loss:3.5095 train_time:1084960ms step_avg:481.35ms
step:2265/4578 train_loss:3.3444 train_time:1085445ms step_avg:481.35ms
step:2266/4578 train_loss:3.6730 train_time:1085934ms step_avg:481.35ms
step:2267/4578 train_loss:3.2684 train_time:1086411ms step_avg:481.35ms
step:2268/4578 train_loss:3.3613 train_time:1086890ms step_avg:481.35ms
step:2269/4578 train_loss:3.2914 train_time:1087485ms step_avg:481.40ms
step:2270/4578 train_loss:3.4284 train_time:1087965ms step_avg:481.40ms
step:2271/4578 train_loss:3.9509 train_time:1088428ms step_avg:481.39ms
step:2272/4578 train_loss:3.5471 train_time:1088909ms step_avg:481.39ms
step:2273/4578 train_loss:3.5487 train_time:1089384ms step_avg:481.39ms
step:2274/4578 train_loss:3.4519 train_time:1089858ms step_avg:481.39ms
step:2275/4578 train_loss:3.3875 train_time:1090352ms step_avg:481.39ms
step:2276/4578 train_loss:3.4183 train_time:1090822ms step_avg:481.39ms
step:2277/4578 train_loss:3.2837 train_time:1091299ms step_avg:481.38ms
step:2278/4578 train_loss:3.3525 train_time:1091776ms step_avg:481.38ms
step:2279/4578 train_loss:3.7754 train_time:1092252ms step_avg:481.38ms
step:2280/4578 train_loss:3.3304 train_time:1093241ms step_avg:481.60ms
step:2281/4578 train_loss:3.5118 train_time:1093722ms step_avg:481.60ms
step:2282/4578 train_loss:3.3328 train_time:1094206ms step_avg:481.60ms
step:2283/4578 train_loss:3.4607 train_time:1094684ms step_avg:481.60ms
step:2284/4578 train_loss:3.3804 train_time:1095164ms step_avg:481.60ms
step:2285/4578 train_loss:3.5208 train_time:1095644ms step_avg:481.60ms
step:2286/4578 train_loss:3.5019 train_time:1096119ms step_avg:481.60ms
step:2287/4578 train_loss:3.3217 train_time:1096597ms step_avg:481.60ms
step:2288/4578 train_loss:3.4994 train_time:1097075ms step_avg:481.60ms
step:2289/4578 train_loss:3.5077 train_time:1097550ms step_avg:481.59ms
step:2290/4578 train_loss:3.7057 train_time:1098027ms step_avg:481.59ms
step:2291/4578 train_loss:3.3119 train_time:1098505ms step_avg:481.59ms
step:2292/4578 train_loss:4.1347 train_time:1098982ms step_avg:481.59ms
step:2293/4578 train_loss:3.4295 train_time:1099461ms step_avg:481.59ms
step:2294/4578 train_loss:3.3620 train_time:1099937ms step_avg:481.58ms
step:2295/4578 train_loss:3.5187 train_time:1100415ms step_avg:481.58ms
step:2296/4578 train_loss:3.4459 train_time:1100892ms step_avg:481.58ms
step:2297/4578 train_loss:3.4884 train_time:1101371ms step_avg:481.58ms
step:2298/4578 train_loss:3.9101 train_time:1101850ms step_avg:481.58ms
step:2299/4578 train_loss:3.5069 train_time:1102328ms step_avg:481.58ms
step:2300/4578 train_loss:3.2680 train_time:1102802ms step_avg:481.57ms
step:2301/4578 train_loss:3.6972 train_time:1103281ms step_avg:481.57ms
step:2302/4578 train_loss:3.3274 train_time:1103758ms step_avg:481.57ms
step:2303/4578 train_loss:3.4933 train_time:1104236ms step_avg:481.57ms
step:2304/4578 train_loss:3.4369 train_time:1104723ms step_avg:481.57ms
step:2305/4578 train_loss:3.3834 train_time:1105200ms step_avg:481.57ms
step:2306/4578 train_loss:3.7072 train_time:1105674ms step_avg:481.57ms
step:2307/4578 train_loss:3.2975 train_time:1106153ms step_avg:481.56ms
step:2308/4578 train_loss:3.5266 train_time:1106630ms step_avg:481.56ms
step:2309/4578 train_loss:3.4958 train_time:1107110ms step_avg:481.56ms
step:2310/4578 train_loss:3.6185 train_time:1107594ms step_avg:481.56ms
step:2311/4578 train_loss:3.3087 train_time:1108080ms step_avg:481.56ms
step:2312/4578 train_loss:3.5061 train_time:1108555ms step_avg:481.56ms
step:2313/4578 train_loss:3.5559 train_time:1109032ms step_avg:481.56ms
step:2314/4578 train_loss:3.5177 train_time:1109511ms step_avg:481.56ms
step:2315/4578 train_loss:3.3949 train_time:1109989ms step_avg:481.56ms
step:2316/4578 train_loss:3.4705 train_time:1110467ms step_avg:481.56ms
step:2317/4578 train_loss:3.3089 train_time:1110945ms step_avg:481.55ms
step:2318/4578 train_loss:3.5032 train_time:1111422ms step_avg:481.55ms
step:2319/4578 train_loss:3.4386 train_time:1111900ms step_avg:481.55ms
step:2320/4578 train_loss:3.1271 train_time:1112377ms step_avg:481.55ms
step:2321/4578 train_loss:3.4134 train_time:1112855ms step_avg:481.55ms
step:2322/4578 train_loss:3.5557 train_time:1113333ms step_avg:481.55ms
step:2323/4578 train_loss:3.4606 train_time:1113811ms step_avg:481.54ms
step:2324/4578 train_loss:3.4907 train_time:1114291ms step_avg:481.54ms
step:2325/4578 train_loss:3.5037 train_time:1114766ms step_avg:481.54ms
step:2326/4578 train_loss:3.5922 train_time:1115248ms step_avg:481.54ms
step:2327/4578 train_loss:3.5902 train_time:1115722ms step_avg:481.54ms
step:2328/4578 train_loss:3.3068 train_time:1116199ms step_avg:481.54ms
step:2329/4578 train_loss:3.4101 train_time:1116681ms step_avg:481.54ms
step:2330/4578 train_loss:3.4018 train_time:1117160ms step_avg:481.53ms
step:2331/4578 train_loss:3.3626 train_time:1117635ms step_avg:481.53ms
step:2332/4578 train_loss:3.1348 train_time:1118116ms step_avg:481.53ms
step:2333/4578 train_loss:3.4552 train_time:1118595ms step_avg:481.53ms
step:2334/4578 train_loss:3.4524 train_time:1119072ms step_avg:481.53ms
step:2335/4578 train_loss:3.5428 train_time:1119546ms step_avg:481.53ms
step:2336/4578 train_loss:3.3321 train_time:1120025ms step_avg:481.52ms
step:2337/4578 train_loss:3.4912 train_time:1120502ms step_avg:481.52ms
step:2338/4578 train_loss:3.4466 train_time:1120980ms step_avg:481.52ms
step:2339/4578 train_loss:3.3763 train_time:1121460ms step_avg:481.52ms
step:2340/4578 train_loss:3.5880 train_time:1121944ms step_avg:481.52ms
step:2341/4578 train_loss:3.4803 train_time:1122427ms step_avg:481.52ms
step:2342/4578 train_loss:3.4412 train_time:1122900ms step_avg:481.52ms
step:2343/4578 train_loss:3.4397 train_time:1123377ms step_avg:481.52ms
step:2344/4578 train_loss:3.5322 train_time:1123861ms step_avg:481.52ms
step:2345/4578 train_loss:3.4337 train_time:1124338ms step_avg:481.52ms
step:2346/4578 train_loss:3.5044 train_time:1124816ms step_avg:481.51ms
step:2347/4578 train_loss:3.5117 train_time:1125295ms step_avg:481.51ms
step:2348/4578 train_loss:3.4645 train_time:1125784ms step_avg:481.52ms
step:2349/4578 train_loss:3.5216 train_time:1126287ms step_avg:481.52ms
step:2350/4578 train_loss:3.3098 train_time:1126762ms step_avg:481.52ms
step:2351/4578 train_loss:3.2849 train_time:1127246ms step_avg:481.52ms
step:2352/4578 train_loss:3.4305 train_time:1127716ms step_avg:481.52ms
step:2353/4578 train_loss:3.4559 train_time:1128197ms step_avg:481.52ms
step:2354/4578 train_loss:3.5481 train_time:1128676ms step_avg:481.52ms
step:2355/4578 train_loss:3.4340 train_time:1129150ms step_avg:481.51ms
step:2356/4578 train_loss:3.2870 train_time:1129626ms step_avg:481.51ms
step:2357/4578 train_loss:3.5996 train_time:1130087ms step_avg:481.50ms
step:2358/4578 train_loss:3.2948 train_time:1130562ms step_avg:481.50ms
step:2359/4578 train_loss:3.3744 train_time:1131042ms step_avg:481.50ms
step:2360/4578 train_loss:3.3127 train_time:1131520ms step_avg:481.50ms
step:2361/4578 train_loss:3.3125 train_time:1131999ms step_avg:481.50ms
step:2362/4578 train_loss:3.4300 train_time:1132478ms step_avg:481.50ms
step:2363/4578 train_loss:3.2899 train_time:1132954ms step_avg:481.49ms
step:2364/4578 train_loss:3.4565 train_time:1133434ms step_avg:481.49ms
step:2365/4578 train_loss:3.3991 train_time:1133916ms step_avg:481.49ms
step:2366/4578 train_loss:3.4685 train_time:1134392ms step_avg:481.49ms
step:2367/4578 train_loss:3.5402 train_time:1134871ms step_avg:481.49ms
step:2368/4578 train_loss:3.4470 train_time:1135347ms step_avg:481.49ms
step:2369/4578 train_loss:3.4793 train_time:1135829ms step_avg:481.49ms
step:2370/4578 train_loss:3.5681 train_time:1136304ms step_avg:481.48ms
step:2371/4578 train_loss:3.3804 train_time:1136780ms step_avg:481.48ms
step:2372/4578 train_loss:3.6153 train_time:1137264ms step_avg:481.48ms
step:2373/4578 train_loss:3.4356 train_time:1137742ms step_avg:481.48ms
step:2374/4578 train_loss:4.1385 train_time:1138224ms step_avg:481.48ms
step:2375/4578 train_loss:3.4070 train_time:1138703ms step_avg:481.48ms
step:2375/4578 val_loss:3.4705 train_time:1139030ms step_avg:481.62ms
step:2376/4578 train_loss:3.3438 train_time:1139187ms step_avg:481.48ms
step:2377/4578 train_loss:3.6770 train_time:1139676ms step_avg:481.49ms
step:2378/4578 train_loss:3.5657 train_time:1140157ms step_avg:481.49ms
step:2379/4578 train_loss:3.5920 train_time:1140630ms step_avg:481.48ms
step:2380/4578 train_loss:3.5095 train_time:1141094ms step_avg:481.47ms
step:2381/4578 train_loss:3.3685 train_time:1141571ms step_avg:481.47ms
step:2382/4578 train_loss:3.5335 train_time:1142049ms step_avg:481.47ms
step:2383/4578 train_loss:3.5590 train_time:1142527ms step_avg:481.47ms
step:2384/4578 train_loss:3.4075 train_time:1143003ms step_avg:481.47ms
step:2385/4578 train_loss:3.3447 train_time:1143485ms step_avg:481.47ms
step:2386/4578 train_loss:3.5325 train_time:1143960ms step_avg:481.46ms
step:2387/4578 train_loss:3.5305 train_time:1144438ms step_avg:481.46ms
step:2388/4578 train_loss:3.5800 train_time:1144916ms step_avg:481.46ms
step:2389/4578 train_loss:3.4933 train_time:1145393ms step_avg:481.46ms
step:2390/4578 train_loss:3.5754 train_time:1145873ms step_avg:481.46ms
step:2391/4578 train_loss:3.3913 train_time:1146347ms step_avg:481.46ms
step:2392/4578 train_loss:3.3564 train_time:1146824ms step_avg:481.45ms
step:2393/4578 train_loss:3.6085 train_time:1147301ms step_avg:481.45ms
step:2394/4578 train_loss:3.3707 train_time:1147781ms step_avg:481.45ms
step:2395/4578 train_loss:3.5938 train_time:1148265ms step_avg:481.45ms
step:2396/4578 train_loss:3.6389 train_time:1148743ms step_avg:481.45ms
step:2397/4578 train_loss:3.8130 train_time:1149221ms step_avg:481.45ms
step:2398/4578 train_loss:3.7412 train_time:1149708ms step_avg:481.45ms
step:2399/4578 train_loss:3.5238 train_time:1150186ms step_avg:481.45ms
step:2400/4578 train_loss:3.3611 train_time:1150664ms step_avg:481.45ms
step:2401/4578 train_loss:3.3963 train_time:1151148ms step_avg:481.45ms
step:2402/4578 train_loss:3.5724 train_time:1151624ms step_avg:481.45ms
step:2403/4578 train_loss:3.3712 train_time:1152103ms step_avg:481.45ms
step:2404/4578 train_loss:3.4456 train_time:1152579ms step_avg:481.44ms
step:2405/4578 train_loss:3.7564 train_time:1153051ms step_avg:481.44ms
step:2406/4578 train_loss:3.4160 train_time:1153531ms step_avg:481.44ms
step:2407/4578 train_loss:3.5622 train_time:1154008ms step_avg:481.44ms
step:2408/4578 train_loss:3.4447 train_time:1154489ms step_avg:481.44ms
step:2409/4578 train_loss:3.4793 train_time:1154965ms step_avg:481.44ms
step:2410/4578 train_loss:3.5617 train_time:1155445ms step_avg:481.44ms
step:2411/4578 train_loss:3.4097 train_time:1155923ms step_avg:481.43ms
step:2412/4578 train_loss:3.5931 train_time:1156405ms step_avg:481.43ms
step:2413/4578 train_loss:3.5620 train_time:1156877ms step_avg:481.43ms
step:2414/4578 train_loss:3.4260 train_time:1157356ms step_avg:481.43ms
step:2415/4578 train_loss:3.4065 train_time:1157834ms step_avg:481.43ms
step:2416/4578 train_loss:3.5548 train_time:1158311ms step_avg:481.43ms
step:2417/4578 train_loss:3.3698 train_time:1158788ms step_avg:481.42ms
step:2418/4578 train_loss:3.2897 train_time:1159265ms step_avg:481.42ms
step:2419/4578 train_loss:3.6318 train_time:1159741ms step_avg:481.42ms
step:2420/4578 train_loss:3.4521 train_time:1160217ms step_avg:481.42ms
step:2421/4578 train_loss:3.4550 train_time:1160699ms step_avg:481.42ms
step:2422/4578 train_loss:3.4865 train_time:1161178ms step_avg:481.42ms
step:2423/4578 train_loss:3.6674 train_time:1161673ms step_avg:481.42ms
step:2424/4578 train_loss:3.4763 train_time:1162152ms step_avg:481.42ms
step:2425/4578 train_loss:3.7118 train_time:1162632ms step_avg:481.42ms
step:2426/4578 train_loss:3.5839 train_time:1163090ms step_avg:481.41ms
step:2427/4578 train_loss:3.4713 train_time:1163572ms step_avg:481.41ms
step:2428/4578 train_loss:3.4869 train_time:1164050ms step_avg:481.41ms
step:2429/4578 train_loss:3.4797 train_time:1164525ms step_avg:481.41ms
step:2430/4578 train_loss:3.4931 train_time:1165001ms step_avg:481.41ms
step:2431/4578 train_loss:3.4629 train_time:1165484ms step_avg:481.41ms
step:2432/4578 train_loss:3.4700 train_time:1165962ms step_avg:481.40ms
step:2433/4578 train_loss:3.4969 train_time:1166442ms step_avg:481.40ms
step:2434/4578 train_loss:3.3452 train_time:1166917ms step_avg:481.40ms
step:2435/4578 train_loss:3.2924 train_time:1167396ms step_avg:481.40ms
step:2436/4578 train_loss:3.5112 train_time:1167875ms step_avg:481.40ms
step:2437/4578 train_loss:3.2774 train_time:1168359ms step_avg:481.40ms
step:2438/4578 train_loss:3.4489 train_time:1168830ms step_avg:481.40ms
step:2439/4578 train_loss:3.5455 train_time:1169308ms step_avg:481.39ms
step:2440/4578 train_loss:3.5634 train_time:1169786ms step_avg:481.39ms
step:2441/4578 train_loss:3.4543 train_time:1170262ms step_avg:481.39ms
step:2442/4578 train_loss:3.4194 train_time:1170744ms step_avg:481.39ms
step:2443/4578 train_loss:3.5586 train_time:1171221ms step_avg:481.39ms
step:2444/4578 train_loss:3.3320 train_time:1171698ms step_avg:481.39ms
step:2445/4578 train_loss:3.4392 train_time:1172181ms step_avg:481.39ms
step:2446/4578 train_loss:3.4473 train_time:1172655ms step_avg:481.39ms
step:2447/4578 train_loss:3.4362 train_time:1173130ms step_avg:481.38ms
step:2448/4578 train_loss:3.4438 train_time:1173607ms step_avg:481.38ms
step:2449/4578 train_loss:3.7638 train_time:1174090ms step_avg:481.38ms
step:2450/4578 train_loss:3.4929 train_time:1174583ms step_avg:481.39ms
step:2451/4578 train_loss:3.4121 train_time:1175061ms step_avg:481.39ms
step:2452/4578 train_loss:3.3688 train_time:1175540ms step_avg:481.38ms
step:2453/4578 train_loss:3.7443 train_time:1176018ms step_avg:481.38ms
step:2454/4578 train_loss:3.4084 train_time:1176494ms step_avg:481.38ms
step:2455/4578 train_loss:3.5844 train_time:1176971ms step_avg:481.38ms
step:2456/4578 train_loss:3.5380 train_time:1177452ms step_avg:481.38ms
step:2457/4578 train_loss:3.4583 train_time:1177928ms step_avg:481.38ms
step:2458/4578 train_loss:3.2601 train_time:1178524ms step_avg:481.42ms
step:2459/4578 train_loss:3.4428 train_time:1179001ms step_avg:481.42ms
step:2460/4578 train_loss:3.4285 train_time:1179482ms step_avg:481.42ms
step:2461/4578 train_loss:3.5446 train_time:1179964ms step_avg:481.42ms
step:2462/4578 train_loss:3.3448 train_time:1180421ms step_avg:481.41ms
step:2463/4578 train_loss:3.6904 train_time:1180900ms step_avg:481.41ms
step:2464/4578 train_loss:3.4712 train_time:1181377ms step_avg:481.41ms
step:2465/4578 train_loss:3.5836 train_time:1181854ms step_avg:481.41ms
step:2466/4578 train_loss:3.6649 train_time:1182333ms step_avg:481.41ms
step:2467/4578 train_loss:3.4629 train_time:1182811ms step_avg:481.40ms
step:2468/4578 train_loss:3.4007 train_time:1183283ms step_avg:481.40ms
step:2469/4578 train_loss:3.4669 train_time:1183776ms step_avg:481.41ms
step:2470/4578 train_loss:3.4907 train_time:1184760ms step_avg:481.61ms
step:2471/4578 train_loss:3.4561 train_time:1185244ms step_avg:481.61ms
step:2472/4578 train_loss:3.4341 train_time:1185710ms step_avg:481.60ms
step:2473/4578 train_loss:3.4897 train_time:1186184ms step_avg:481.60ms
step:2474/4578 train_loss:3.5728 train_time:1186662ms step_avg:481.60ms
step:2475/4578 train_loss:4.0073 train_time:1187142ms step_avg:481.60ms
step:2476/4578 train_loss:3.3619 train_time:1187619ms step_avg:481.60ms
step:2477/4578 train_loss:3.6761 train_time:1188100ms step_avg:481.60ms
step:2478/4578 train_loss:3.6272 train_time:1188581ms step_avg:481.60ms
step:2479/4578 train_loss:3.3273 train_time:1189057ms step_avg:481.59ms
step:2480/4578 train_loss:3.2823 train_time:1189531ms step_avg:481.59ms
step:2481/4578 train_loss:3.5068 train_time:1190012ms step_avg:481.59ms
step:2482/4578 train_loss:3.4587 train_time:1190498ms step_avg:481.59ms
step:2483/4578 train_loss:3.3590 train_time:1190975ms step_avg:481.59ms
step:2484/4578 train_loss:3.4342 train_time:1191456ms step_avg:481.59ms
step:2485/4578 train_loss:3.5070 train_time:1191934ms step_avg:481.59ms
step:2486/4578 train_loss:3.1962 train_time:1192413ms step_avg:481.59ms
step:2487/4578 train_loss:3.5524 train_time:1192895ms step_avg:481.59ms
step:2488/4578 train_loss:3.3566 train_time:1193367ms step_avg:481.58ms
step:2489/4578 train_loss:3.3393 train_time:1193843ms step_avg:481.58ms
step:2490/4578 train_loss:3.5026 train_time:1194323ms step_avg:481.58ms
step:2491/4578 train_loss:3.5381 train_time:1194797ms step_avg:481.58ms
step:2492/4578 train_loss:3.7733 train_time:1195276ms step_avg:481.58ms
step:2493/4578 train_loss:3.4858 train_time:1195754ms step_avg:481.58ms
step:2494/4578 train_loss:3.3372 train_time:1196230ms step_avg:481.57ms
step:2495/4578 train_loss:3.5987 train_time:1196707ms step_avg:481.57ms
step:2496/4578 train_loss:3.6059 train_time:1197189ms step_avg:481.57ms
step:2497/4578 train_loss:3.4282 train_time:1197671ms step_avg:481.57ms
step:2498/4578 train_loss:3.4906 train_time:1198150ms step_avg:481.57ms
step:2499/4578 train_loss:3.5072 train_time:1198632ms step_avg:481.57ms
step:2500/4578 train_loss:3.5731 train_time:1199116ms step_avg:481.57ms
step:2500/4578 val_loss:3.4612 train_time:1199438ms step_avg:481.70ms
step:2501/4578 train_loss:3.6170 train_time:1199609ms step_avg:481.58ms
step:2502/4578 train_loss:3.5611 train_time:1200087ms step_avg:481.58ms
step:2503/4578 train_loss:3.5796 train_time:1200565ms step_avg:481.57ms
step:2504/4578 train_loss:3.3232 train_time:1201043ms step_avg:481.57ms
step:2505/4578 train_loss:3.5749 train_time:1201521ms step_avg:481.57ms
step:2506/4578 train_loss:3.5189 train_time:1201997ms step_avg:481.57ms
step:2507/4578 train_loss:3.4059 train_time:1202479ms step_avg:481.57ms
step:2508/4578 train_loss:3.3464 train_time:1202958ms step_avg:481.57ms
step:2509/4578 train_loss:3.4655 train_time:1203416ms step_avg:481.56ms
step:2510/4578 train_loss:3.5405 train_time:1203896ms step_avg:481.56ms
step:2511/4578 train_loss:3.4386 train_time:1204374ms step_avg:481.56ms
step:2512/4578 train_loss:3.5824 train_time:1204853ms step_avg:481.56ms
step:2513/4578 train_loss:3.5131 train_time:1205332ms step_avg:481.55ms
step:2514/4578 train_loss:3.4793 train_time:1205810ms step_avg:481.55ms
step:2515/4578 train_loss:3.4948 train_time:1206289ms step_avg:481.55ms
step:2516/4578 train_loss:3.5087 train_time:1206765ms step_avg:481.55ms
step:2517/4578 train_loss:3.4765 train_time:1207251ms step_avg:481.55ms
step:2518/4578 train_loss:3.3285 train_time:1207725ms step_avg:481.55ms
step:2519/4578 train_loss:3.4485 train_time:1208210ms step_avg:481.55ms
step:2520/4578 train_loss:3.5058 train_time:1208686ms step_avg:481.55ms
step:2521/4578 train_loss:3.5636 train_time:1209165ms step_avg:481.55ms
step:2522/4578 train_loss:3.4209 train_time:1209651ms step_avg:481.55ms
step:2523/4578 train_loss:3.2248 train_time:1210125ms step_avg:481.55ms
step:2524/4578 train_loss:3.4587 train_time:1210605ms step_avg:481.55ms
step:2525/4578 train_loss:3.3431 train_time:1211093ms step_avg:481.55ms
step:2526/4578 train_loss:3.5971 train_time:1211581ms step_avg:481.55ms
step:2527/4578 train_loss:3.3781 train_time:1212054ms step_avg:481.55ms
step:2528/4578 train_loss:3.4803 train_time:1212533ms step_avg:481.55ms
step:2529/4578 train_loss:3.4005 train_time:1213023ms step_avg:481.55ms
step:2530/4578 train_loss:3.5221 train_time:1213498ms step_avg:481.55ms
step:2531/4578 train_loss:3.5351 train_time:1213978ms step_avg:481.55ms
step:2532/4578 train_loss:3.3770 train_time:1214453ms step_avg:481.54ms
step:2533/4578 train_loss:3.5608 train_time:1214940ms step_avg:481.55ms
step:2534/4578 train_loss:3.4238 train_time:1215418ms step_avg:481.54ms
step:2535/4578 train_loss:3.3616 train_time:1215897ms step_avg:481.54ms
step:2536/4578 train_loss:3.5153 train_time:1216375ms step_avg:481.54ms
step:2537/4578 train_loss:3.5230 train_time:1216855ms step_avg:481.54ms
step:2538/4578 train_loss:3.3503 train_time:1217331ms step_avg:481.54ms
step:2539/4578 train_loss:3.7753 train_time:1217812ms step_avg:481.54ms
step:2540/4578 train_loss:3.4574 train_time:1218290ms step_avg:481.54ms
step:2541/4578 train_loss:3.4178 train_time:1218775ms step_avg:481.54ms
step:2542/4578 train_loss:3.4803 train_time:1219252ms step_avg:481.54ms
step:2543/4578 train_loss:3.9175 train_time:1219730ms step_avg:481.54ms
step:2544/4578 train_loss:3.4780 train_time:1220211ms step_avg:481.54ms
step:2545/4578 train_loss:3.6489 train_time:1220686ms step_avg:481.53ms
step:2546/4578 train_loss:3.4068 train_time:1221161ms step_avg:481.53ms
step:2547/4578 train_loss:3.4280 train_time:1221641ms step_avg:481.53ms
step:2548/4578 train_loss:3.3601 train_time:1222124ms step_avg:481.53ms
step:2549/4578 train_loss:3.5710 train_time:1222597ms step_avg:481.53ms
step:2550/4578 train_loss:3.4295 train_time:1223078ms step_avg:481.53ms
step:2551/4578 train_loss:3.3883 train_time:1223554ms step_avg:481.52ms
step:2552/4578 train_loss:3.4753 train_time:1224030ms step_avg:481.52ms
step:2553/4578 train_loss:3.4906 train_time:1224509ms step_avg:481.52ms
step:2554/4578 train_loss:3.4529 train_time:1224988ms step_avg:481.52ms
step:2555/4578 train_loss:3.6941 train_time:1225468ms step_avg:481.52ms
step:2556/4578 train_loss:3.5289 train_time:1225947ms step_avg:481.52ms
step:2557/4578 train_loss:3.5504 train_time:1226423ms step_avg:481.52ms
step:2558/4578 train_loss:3.5118 train_time:1226900ms step_avg:481.51ms
step:2559/4578 train_loss:3.4234 train_time:1227378ms step_avg:481.51ms
step:2560/4578 train_loss:3.5838 train_time:1227861ms step_avg:481.51ms
step:2561/4578 train_loss:3.4749 train_time:1228342ms step_avg:481.51ms
step:2562/4578 train_loss:3.4665 train_time:1228819ms step_avg:481.51ms
step:2563/4578 train_loss:3.4699 train_time:1229296ms step_avg:481.51ms
step:2564/4578 train_loss:3.4984 train_time:1229773ms step_avg:481.51ms
step:2565/4578 train_loss:3.3906 train_time:1230252ms step_avg:481.51ms
step:2566/4578 train_loss:3.4618 train_time:1230729ms step_avg:481.51ms
step:2567/4578 train_loss:3.4533 train_time:1231207ms step_avg:481.50ms
step:2568/4578 train_loss:3.4039 train_time:1231689ms step_avg:481.50ms
step:2569/4578 train_loss:3.6753 train_time:1232170ms step_avg:481.50ms
step:2570/4578 train_loss:3.5718 train_time:1232646ms step_avg:481.50ms
step:2571/4578 train_loss:3.6215 train_time:1233125ms step_avg:481.50ms
step:2572/4578 train_loss:3.2770 train_time:1233605ms step_avg:481.50ms
step:2573/4578 train_loss:3.4183 train_time:1234080ms step_avg:481.50ms
step:2574/4578 train_loss:2.9931 train_time:1234572ms step_avg:481.50ms
step:2575/4578 train_loss:3.3788 train_time:1235050ms step_avg:481.50ms
step:2576/4578 train_loss:3.1147 train_time:1235527ms step_avg:481.50ms
step:2577/4578 train_loss:3.4139 train_time:1236008ms step_avg:481.50ms
step:2578/4578 train_loss:3.4863 train_time:1236483ms step_avg:481.50ms
step:2579/4578 train_loss:3.3456 train_time:1236949ms step_avg:481.49ms
step:2580/4578 train_loss:3.4721 train_time:1237426ms step_avg:481.49ms
step:2581/4578 train_loss:3.4803 train_time:1237903ms step_avg:481.49ms
step:2582/4578 train_loss:3.5766 train_time:1238381ms step_avg:481.49ms
step:2583/4578 train_loss:3.3863 train_time:1238861ms step_avg:481.49ms
step:2584/4578 train_loss:3.6453 train_time:1239335ms step_avg:481.48ms
step:2585/4578 train_loss:3.5005 train_time:1239817ms step_avg:481.48ms
step:2586/4578 train_loss:3.7193 train_time:1240296ms step_avg:481.48ms
step:2587/4578 train_loss:3.6176 train_time:1240773ms step_avg:481.48ms
step:2588/4578 train_loss:3.3062 train_time:1241248ms step_avg:481.48ms
step:2589/4578 train_loss:3.4304 train_time:1241724ms step_avg:481.47ms
step:2590/4578 train_loss:3.5429 train_time:1242205ms step_avg:481.47ms
step:2591/4578 train_loss:3.3656 train_time:1242683ms step_avg:481.47ms
step:2592/4578 train_loss:3.8342 train_time:1243163ms step_avg:481.47ms
step:2593/4578 train_loss:3.5558 train_time:1243638ms step_avg:481.47ms
step:2594/4578 train_loss:3.4413 train_time:1244118ms step_avg:481.47ms
step:2595/4578 train_loss:3.4572 train_time:1244595ms step_avg:481.47ms
step:2596/4578 train_loss:3.8613 train_time:1245073ms step_avg:481.47ms
step:2597/4578 train_loss:3.5386 train_time:1245546ms step_avg:481.46ms
step:2598/4578 train_loss:3.4228 train_time:1246024ms step_avg:481.46ms
step:2599/4578 train_loss:3.3776 train_time:1246501ms step_avg:481.46ms
step:2600/4578 train_loss:3.5874 train_time:1246990ms step_avg:481.46ms
step:2601/4578 train_loss:3.9321 train_time:1247471ms step_avg:481.46ms
step:2602/4578 train_loss:3.0304 train_time:1247945ms step_avg:481.46ms
step:2603/4578 train_loss:3.4204 train_time:1248422ms step_avg:481.46ms
step:2604/4578 train_loss:3.3641 train_time:1248906ms step_avg:481.46ms
step:2605/4578 train_loss:3.6106 train_time:1249383ms step_avg:481.46ms
step:2606/4578 train_loss:3.4753 train_time:1249865ms step_avg:481.46ms
step:2607/4578 train_loss:3.5049 train_time:1250340ms step_avg:481.46ms
step:2608/4578 train_loss:3.3781 train_time:1250822ms step_avg:481.46ms
step:2609/4578 train_loss:3.3649 train_time:1251299ms step_avg:481.45ms
step:2610/4578 train_loss:3.5774 train_time:1251777ms step_avg:481.45ms
step:2611/4578 train_loss:3.5561 train_time:1252259ms step_avg:481.45ms
step:2612/4578 train_loss:3.1831 train_time:1252737ms step_avg:481.45ms
step:2613/4578 train_loss:3.5734 train_time:1253217ms step_avg:481.45ms
step:2614/4578 train_loss:3.5304 train_time:1253693ms step_avg:481.45ms
step:2615/4578 train_loss:3.4144 train_time:1254175ms step_avg:481.45ms
step:2616/4578 train_loss:3.5757 train_time:1254647ms step_avg:481.45ms
step:2617/4578 train_loss:3.4347 train_time:1255124ms step_avg:481.44ms
step:2618/4578 train_loss:3.5226 train_time:1255605ms step_avg:481.44ms
step:2619/4578 train_loss:3.2923 train_time:1256080ms step_avg:481.44ms
step:2620/4578 train_loss:3.6209 train_time:1256558ms step_avg:481.44ms
step:2621/4578 train_loss:3.5899 train_time:1257038ms step_avg:481.44ms
step:2622/4578 train_loss:3.6861 train_time:1257513ms step_avg:481.44ms
step:2623/4578 train_loss:3.6451 train_time:1257996ms step_avg:481.44ms
step:2624/4578 train_loss:3.4576 train_time:1258486ms step_avg:481.44ms
step:2625/4578 train_loss:3.6401 train_time:1258963ms step_avg:481.44ms
step:2625/4578 val_loss:3.4512 train_time:1259272ms step_avg:481.56ms
step:2626/4578 train_loss:3.4299 train_time:1259427ms step_avg:481.43ms
step:2627/4578 train_loss:3.4952 train_time:1259905ms step_avg:481.43ms
step:2628/4578 train_loss:3.4499 train_time:1260385ms step_avg:481.43ms
step:2629/4578 train_loss:3.4173 train_time:1260865ms step_avg:481.43ms
step:2630/4578 train_loss:3.6418 train_time:1261350ms step_avg:481.43ms
step:2631/4578 train_loss:3.5761 train_time:1261823ms step_avg:481.43ms
step:2632/4578 train_loss:3.8268 train_time:1262301ms step_avg:481.43ms
step:2633/4578 train_loss:3.4844 train_time:1262779ms step_avg:481.43ms
step:2634/4578 train_loss:3.4785 train_time:1263276ms step_avg:481.43ms
step:2635/4578 train_loss:3.3475 train_time:1263742ms step_avg:481.43ms
step:2636/4578 train_loss:3.5100 train_time:1264219ms step_avg:481.42ms
step:2637/4578 train_loss:3.0896 train_time:1264693ms step_avg:481.42ms
step:2638/4578 train_loss:3.5339 train_time:1265172ms step_avg:481.42ms
step:2639/4578 train_loss:3.4666 train_time:1265650ms step_avg:481.42ms
step:2640/4578 train_loss:3.1718 train_time:1266130ms step_avg:481.42ms
step:2641/4578 train_loss:3.4371 train_time:1266610ms step_avg:481.42ms
step:2642/4578 train_loss:3.5153 train_time:1267085ms step_avg:481.42ms
step:2643/4578 train_loss:3.2963 train_time:1267561ms step_avg:481.41ms
step:2644/4578 train_loss:3.3881 train_time:1268044ms step_avg:481.41ms
step:2645/4578 train_loss:3.5512 train_time:1268516ms step_avg:481.41ms
step:2646/4578 train_loss:3.3826 train_time:1268991ms step_avg:481.41ms
step:2647/4578 train_loss:3.4249 train_time:1269676ms step_avg:481.48ms
step:2648/4578 train_loss:3.6914 train_time:1270167ms step_avg:481.49ms
step:2649/4578 train_loss:3.5507 train_time:1270643ms step_avg:481.49ms
step:2650/4578 train_loss:3.4077 train_time:1271119ms step_avg:481.48ms
step:2651/4578 train_loss:3.3945 train_time:1271595ms step_avg:481.48ms
step:2652/4578 train_loss:3.5203 train_time:1272073ms step_avg:481.48ms
step:2653/4578 train_loss:3.4107 train_time:1272557ms step_avg:481.48ms
step:2654/4578 train_loss:3.2679 train_time:1273039ms step_avg:481.48ms
step:2655/4578 train_loss:3.4516 train_time:1273516ms step_avg:481.48ms
step:2656/4578 train_loss:3.2970 train_time:1273999ms step_avg:481.48ms
step:2657/4578 train_loss:3.4991 train_time:1274477ms step_avg:481.48ms
step:2658/4578 train_loss:3.3366 train_time:1274955ms step_avg:481.48ms
step:2659/4578 train_loss:3.3896 train_time:1275431ms step_avg:481.48ms
step:2660/4578 train_loss:3.5523 train_time:1275972ms step_avg:481.50ms
step:2661/4578 train_loss:3.4779 train_time:1276449ms step_avg:481.50ms
step:2662/4578 train_loss:3.4290 train_time:1276914ms step_avg:481.49ms
step:2663/4578 train_loss:3.5630 train_time:1277388ms step_avg:481.49ms
step:2664/4578 train_loss:3.4663 train_time:1277866ms step_avg:481.49ms
step:2665/4578 train_loss:3.3698 train_time:1278343ms step_avg:481.49ms
step:2666/4578 train_loss:3.4474 train_time:1278826ms step_avg:481.49ms
step:2667/4578 train_loss:3.3928 train_time:1279306ms step_avg:481.49ms
step:2668/4578 train_loss:3.5512 train_time:1279785ms step_avg:481.48ms
step:2669/4578 train_loss:3.3612 train_time:1280262ms step_avg:481.48ms
step:2670/4578 train_loss:3.5584 train_time:1280736ms step_avg:481.48ms
step:2671/4578 train_loss:3.2997 train_time:1281218ms step_avg:481.48ms
step:2672/4578 train_loss:3.3544 train_time:1281693ms step_avg:481.48ms
step:2673/4578 train_loss:3.4089 train_time:1282170ms step_avg:481.48ms
step:2674/4578 train_loss:3.5037 train_time:1282650ms step_avg:481.48ms
step:2675/4578 train_loss:3.4157 train_time:1283126ms step_avg:481.47ms
step:2676/4578 train_loss:3.4519 train_time:1283607ms step_avg:481.47ms
step:2677/4578 train_loss:3.3863 train_time:1284086ms step_avg:481.47ms
step:2678/4578 train_loss:3.5117 train_time:1284562ms step_avg:481.47ms
step:2679/4578 train_loss:3.5394 train_time:1285038ms step_avg:481.47ms
step:2680/4578 train_loss:3.3446 train_time:1285514ms step_avg:481.47ms
step:2681/4578 train_loss:3.2851 train_time:1285994ms step_avg:481.47ms
step:2682/4578 train_loss:3.3046 train_time:1286472ms step_avg:481.46ms
step:2683/4578 train_loss:3.4275 train_time:1286957ms step_avg:481.47ms
step:2684/4578 train_loss:3.5315 train_time:1287432ms step_avg:481.46ms
step:2685/4578 train_loss:3.5961 train_time:1287914ms step_avg:481.46ms
step:2686/4578 train_loss:3.4647 train_time:1288389ms step_avg:481.46ms
step:2687/4578 train_loss:3.4285 train_time:1288865ms step_avg:481.46ms
step:2688/4578 train_loss:3.7634 train_time:1289341ms step_avg:481.46ms
step:2689/4578 train_loss:3.4708 train_time:1289820ms step_avg:481.46ms
step:2690/4578 train_loss:3.4233 train_time:1290298ms step_avg:481.45ms
step:2691/4578 train_loss:3.3730 train_time:1290778ms step_avg:481.45ms
step:2692/4578 train_loss:3.4530 train_time:1291250ms step_avg:481.45ms
step:2693/4578 train_loss:3.2840 train_time:1291729ms step_avg:481.45ms
step:2694/4578 train_loss:3.9208 train_time:1292206ms step_avg:481.45ms
step:2695/4578 train_loss:3.5140 train_time:1292684ms step_avg:481.45ms
step:2696/4578 train_loss:3.4705 train_time:1293167ms step_avg:481.45ms
step:2697/4578 train_loss:3.5039 train_time:1293644ms step_avg:481.45ms
step:2698/4578 train_loss:3.3932 train_time:1294124ms step_avg:481.44ms
step:2699/4578 train_loss:3.5464 train_time:1294602ms step_avg:481.44ms
step:2700/4578 train_loss:3.6335 train_time:1295091ms step_avg:481.45ms
step:2701/4578 train_loss:3.4289 train_time:1295568ms step_avg:481.44ms
step:2702/4578 train_loss:3.3658 train_time:1296044ms step_avg:481.44ms
step:2703/4578 train_loss:3.3474 train_time:1296519ms step_avg:481.44ms
step:2704/4578 train_loss:3.3659 train_time:1296991ms step_avg:481.44ms
step:2705/4578 train_loss:3.3774 train_time:1297474ms step_avg:481.44ms
step:2706/4578 train_loss:3.6464 train_time:1297952ms step_avg:481.44ms
step:2707/4578 train_loss:3.4881 train_time:1298438ms step_avg:481.44ms
step:2708/4578 train_loss:3.4810 train_time:1298917ms step_avg:481.44ms
step:2709/4578 train_loss:3.5270 train_time:1299393ms step_avg:481.43ms
step:2710/4578 train_loss:3.6236 train_time:1299871ms step_avg:481.43ms
step:2711/4578 train_loss:3.4692 train_time:1300350ms step_avg:481.43ms
step:2712/4578 train_loss:3.4905 train_time:1300829ms step_avg:481.43ms
step:2713/4578 train_loss:3.2675 train_time:1301310ms step_avg:481.43ms
step:2714/4578 train_loss:3.5753 train_time:1301788ms step_avg:481.43ms
step:2715/4578 train_loss:3.2950 train_time:1302265ms step_avg:481.43ms
step:2716/4578 train_loss:3.2726 train_time:1302746ms step_avg:481.43ms
step:2717/4578 train_loss:3.6803 train_time:1303222ms step_avg:481.43ms
step:2718/4578 train_loss:3.4070 train_time:1303706ms step_avg:481.43ms
step:2719/4578 train_loss:3.4527 train_time:1304180ms step_avg:481.42ms
step:2720/4578 train_loss:3.3131 train_time:1304654ms step_avg:481.42ms
step:2721/4578 train_loss:3.5288 train_time:1305135ms step_avg:481.42ms
step:2722/4578 train_loss:3.6435 train_time:1305609ms step_avg:481.42ms
step:2723/4578 train_loss:3.3554 train_time:1306094ms step_avg:481.42ms
step:2724/4578 train_loss:3.4304 train_time:1306572ms step_avg:481.42ms
step:2725/4578 train_loss:3.5572 train_time:1307046ms step_avg:481.42ms
step:2726/4578 train_loss:3.4082 train_time:1307523ms step_avg:481.41ms
step:2727/4578 train_loss:3.4505 train_time:1308000ms step_avg:481.41ms
step:2728/4578 train_loss:3.6288 train_time:1308480ms step_avg:481.41ms
step:2729/4578 train_loss:3.5429 train_time:1308958ms step_avg:481.41ms
step:2730/4578 train_loss:3.3535 train_time:1309433ms step_avg:481.41ms
step:2731/4578 train_loss:3.4160 train_time:1309910ms step_avg:481.41ms
step:2732/4578 train_loss:3.3245 train_time:1310394ms step_avg:481.41ms
step:2733/4578 train_loss:3.3528 train_time:1310873ms step_avg:481.41ms
step:2734/4578 train_loss:3.3509 train_time:1311349ms step_avg:481.41ms
step:2735/4578 train_loss:3.3825 train_time:1311828ms step_avg:481.40ms
step:2736/4578 train_loss:3.2472 train_time:1312303ms step_avg:481.40ms
step:2737/4578 train_loss:3.4904 train_time:1312781ms step_avg:481.40ms
step:2738/4578 train_loss:3.4110 train_time:1313260ms step_avg:481.40ms
step:2739/4578 train_loss:3.7715 train_time:1313740ms step_avg:481.40ms
step:2740/4578 train_loss:3.4783 train_time:1314223ms step_avg:481.40ms
step:2741/4578 train_loss:3.4404 train_time:1314696ms step_avg:481.40ms
step:2742/4578 train_loss:3.3946 train_time:1315173ms step_avg:481.40ms
step:2743/4578 train_loss:3.4133 train_time:1315653ms step_avg:481.40ms
step:2744/4578 train_loss:3.3534 train_time:1316130ms step_avg:481.39ms
step:2745/4578 train_loss:3.4159 train_time:1316611ms step_avg:481.39ms
step:2746/4578 train_loss:3.2576 train_time:1317083ms step_avg:481.39ms
step:2747/4578 train_loss:3.3390 train_time:1317565ms step_avg:481.39ms
step:2748/4578 train_loss:3.4993 train_time:1318040ms step_avg:481.39ms
step:2749/4578 train_loss:3.4599 train_time:1318521ms step_avg:481.39ms
step:2750/4578 train_loss:3.5361 train_time:1318999ms step_avg:481.39ms
step:2750/4578 val_loss:3.4443 train_time:1319323ms step_avg:481.50ms
step:2751/4578 train_loss:3.5465 train_time:1319479ms step_avg:481.39ms
step:2752/4578 train_loss:3.5314 train_time:1319957ms step_avg:481.38ms
step:2753/4578 train_loss:3.5961 train_time:1320431ms step_avg:481.38ms
step:2754/4578 train_loss:3.3563 train_time:1320911ms step_avg:481.38ms
step:2755/4578 train_loss:3.4245 train_time:1321388ms step_avg:481.38ms
step:2756/4578 train_loss:3.5363 train_time:1321866ms step_avg:481.38ms
step:2757/4578 train_loss:3.4602 train_time:1322343ms step_avg:481.38ms
step:2758/4578 train_loss:3.0965 train_time:1322823ms step_avg:481.38ms
step:2759/4578 train_loss:3.4280 train_time:1323298ms step_avg:481.37ms
step:2760/4578 train_loss:3.4645 train_time:1323776ms step_avg:481.37ms
step:2761/4578 train_loss:3.5284 train_time:1324254ms step_avg:481.37ms
step:2762/4578 train_loss:3.4725 train_time:1324730ms step_avg:481.37ms
step:2763/4578 train_loss:3.3555 train_time:1325209ms step_avg:481.37ms
step:2764/4578 train_loss:3.4298 train_time:1325692ms step_avg:481.37ms
step:2765/4578 train_loss:3.4857 train_time:1326164ms step_avg:481.37ms
step:2766/4578 train_loss:3.2606 train_time:1326641ms step_avg:481.36ms
step:2767/4578 train_loss:3.4537 train_time:1327118ms step_avg:481.36ms
step:2768/4578 train_loss:3.5556 train_time:1327599ms step_avg:481.36ms
step:2769/4578 train_loss:3.3175 train_time:1328078ms step_avg:481.36ms
step:2770/4578 train_loss:3.5402 train_time:1328554ms step_avg:481.36ms
step:2771/4578 train_loss:3.5424 train_time:1329031ms step_avg:481.36ms
step:2772/4578 train_loss:3.3992 train_time:1329516ms step_avg:481.36ms
step:2773/4578 train_loss:3.2426 train_time:1329997ms step_avg:481.36ms
step:2774/4578 train_loss:3.3907 train_time:1330475ms step_avg:481.36ms
step:2775/4578 train_loss:3.6319 train_time:1330952ms step_avg:481.36ms
step:2776/4578 train_loss:3.4381 train_time:1331429ms step_avg:481.36ms
step:2777/4578 train_loss:3.5813 train_time:1331909ms step_avg:481.35ms
step:2778/4578 train_loss:3.4564 train_time:1332388ms step_avg:481.35ms
step:2779/4578 train_loss:3.3540 train_time:1332864ms step_avg:481.35ms
step:2780/4578 train_loss:3.2983 train_time:1333350ms step_avg:481.35ms
step:2781/4578 train_loss:3.3935 train_time:1333825ms step_avg:481.35ms
step:2782/4578 train_loss:3.4363 train_time:1334307ms step_avg:481.35ms
step:2783/4578 train_loss:3.4546 train_time:1334779ms step_avg:481.35ms
step:2784/4578 train_loss:3.4691 train_time:1335259ms step_avg:481.35ms
step:2785/4578 train_loss:3.4465 train_time:1335732ms step_avg:481.34ms
step:2786/4578 train_loss:3.4309 train_time:1336211ms step_avg:481.34ms
step:2787/4578 train_loss:3.3506 train_time:1336686ms step_avg:481.34ms
step:2788/4578 train_loss:3.5624 train_time:1337170ms step_avg:481.34ms
step:2789/4578 train_loss:3.4773 train_time:1337642ms step_avg:481.34ms
step:2790/4578 train_loss:3.4166 train_time:1338125ms step_avg:481.34ms
step:2791/4578 train_loss:3.4328 train_time:1338600ms step_avg:481.34ms
step:2792/4578 train_loss:3.3540 train_time:1339072ms step_avg:481.33ms
step:2793/4578 train_loss:3.3816 train_time:1339548ms step_avg:481.33ms
step:2794/4578 train_loss:3.5183 train_time:1340025ms step_avg:481.33ms
step:2795/4578 train_loss:3.3296 train_time:1340507ms step_avg:481.33ms
step:2796/4578 train_loss:3.5389 train_time:1340982ms step_avg:481.33ms
step:2797/4578 train_loss:3.3967 train_time:1341460ms step_avg:481.33ms
step:2798/4578 train_loss:3.4257 train_time:1341938ms step_avg:481.33ms
step:2799/4578 train_loss:3.2654 train_time:1342420ms step_avg:481.33ms
step:2800/4578 train_loss:3.6750 train_time:1342891ms step_avg:481.32ms
step:2801/4578 train_loss:3.5670 train_time:1343376ms step_avg:481.32ms
step:2802/4578 train_loss:3.6579 train_time:1343856ms step_avg:481.32ms
step:2803/4578 train_loss:3.3612 train_time:1344334ms step_avg:481.32ms
step:2804/4578 train_loss:3.5232 train_time:1344812ms step_avg:481.32ms
step:2805/4578 train_loss:3.4982 train_time:1345288ms step_avg:481.32ms
step:2806/4578 train_loss:3.2513 train_time:1345771ms step_avg:481.32ms
step:2807/4578 train_loss:3.6999 train_time:1346247ms step_avg:481.32ms
step:2808/4578 train_loss:3.4171 train_time:1346728ms step_avg:481.32ms
step:2809/4578 train_loss:3.4007 train_time:1347206ms step_avg:481.32ms
step:2810/4578 train_loss:3.7033 train_time:1347687ms step_avg:481.32ms
step:2811/4578 train_loss:3.4037 train_time:1348166ms step_avg:481.32ms
step:2812/4578 train_loss:3.4877 train_time:1348642ms step_avg:481.31ms
step:2813/4578 train_loss:3.3051 train_time:1349119ms step_avg:481.31ms
step:2814/4578 train_loss:3.5293 train_time:1349596ms step_avg:481.31ms
step:2815/4578 train_loss:3.4593 train_time:1350075ms step_avg:481.31ms
step:2816/4578 train_loss:3.4554 train_time:1350553ms step_avg:481.31ms
step:2817/4578 train_loss:2.9314 train_time:1351030ms step_avg:481.31ms
step:2818/4578 train_loss:3.4278 train_time:1351510ms step_avg:481.31ms
step:2819/4578 train_loss:3.3449 train_time:1351988ms step_avg:481.31ms
step:2820/4578 train_loss:3.6170 train_time:1352465ms step_avg:481.30ms
step:2821/4578 train_loss:3.6811 train_time:1352941ms step_avg:481.30ms
step:2822/4578 train_loss:3.4895 train_time:1353424ms step_avg:481.30ms
step:2823/4578 train_loss:3.5878 train_time:1353895ms step_avg:481.30ms
step:2824/4578 train_loss:3.5241 train_time:1354379ms step_avg:481.30ms
step:2825/4578 train_loss:3.1792 train_time:1354855ms step_avg:481.30ms
step:2826/4578 train_loss:3.5124 train_time:1355331ms step_avg:481.30ms
step:2827/4578 train_loss:3.5867 train_time:1355813ms step_avg:481.30ms
step:2828/4578 train_loss:3.1656 train_time:1356303ms step_avg:481.30ms
step:2829/4578 train_loss:3.4345 train_time:1356774ms step_avg:481.30ms
step:2830/4578 train_loss:3.4727 train_time:1357254ms step_avg:481.30ms
step:2831/4578 train_loss:3.3922 train_time:1357729ms step_avg:481.29ms
step:2832/4578 train_loss:3.5136 train_time:1358205ms step_avg:481.29ms
step:2833/4578 train_loss:3.3971 train_time:1358686ms step_avg:481.29ms
step:2834/4578 train_loss:3.3919 train_time:1359162ms step_avg:481.29ms
step:2835/4578 train_loss:3.1557 train_time:1359642ms step_avg:481.29ms
step:2836/4578 train_loss:3.6224 train_time:1360232ms step_avg:481.33ms
step:2837/4578 train_loss:3.4949 train_time:1360712ms step_avg:481.33ms
step:2838/4578 train_loss:3.4161 train_time:1361186ms step_avg:481.32ms
step:2839/4578 train_loss:3.3540 train_time:1361661ms step_avg:481.32ms
step:2840/4578 train_loss:3.3776 train_time:1362138ms step_avg:481.32ms
step:2841/4578 train_loss:3.4919 train_time:1362620ms step_avg:481.32ms
step:2842/4578 train_loss:3.3696 train_time:1363095ms step_avg:481.32ms
step:2843/4578 train_loss:3.4708 train_time:1363572ms step_avg:481.32ms
step:2844/4578 train_loss:3.5447 train_time:1364051ms step_avg:481.32ms
step:2845/4578 train_loss:3.4182 train_time:1364527ms step_avg:481.31ms
step:2846/4578 train_loss:3.3800 train_time:1365003ms step_avg:481.31ms
step:2847/4578 train_loss:3.3869 train_time:1365496ms step_avg:481.32ms
step:2848/4578 train_loss:3.8921 train_time:1365971ms step_avg:481.31ms
step:2849/4578 train_loss:3.3950 train_time:1366448ms step_avg:481.31ms
step:2850/4578 train_loss:3.3806 train_time:1367192ms step_avg:481.41ms
step:2851/4578 train_loss:3.5238 train_time:1367671ms step_avg:481.40ms
step:2852/4578 train_loss:3.4810 train_time:1368146ms step_avg:481.40ms
step:2853/4578 train_loss:3.4173 train_time:1368626ms step_avg:481.40ms
step:2854/4578 train_loss:3.4642 train_time:1369104ms step_avg:481.40ms
step:2855/4578 train_loss:3.4451 train_time:1369597ms step_avg:481.41ms
step:2856/4578 train_loss:3.3445 train_time:1370067ms step_avg:481.40ms
step:2857/4578 train_loss:3.4222 train_time:1370554ms step_avg:481.40ms
step:2858/4578 train_loss:3.4687 train_time:1371028ms step_avg:481.40ms
step:2859/4578 train_loss:3.1890 train_time:1371504ms step_avg:481.40ms
step:2860/4578 train_loss:3.4545 train_time:1371983ms step_avg:481.40ms
step:2861/4578 train_loss:3.3908 train_time:1372461ms step_avg:481.40ms
step:2862/4578 train_loss:3.4040 train_time:1372939ms step_avg:481.40ms
step:2863/4578 train_loss:3.4782 train_time:1373413ms step_avg:481.39ms
step:2864/4578 train_loss:3.7136 train_time:1373891ms step_avg:481.39ms
step:2865/4578 train_loss:3.5121 train_time:1374368ms step_avg:481.39ms
step:2866/4578 train_loss:3.4658 train_time:1374847ms step_avg:481.39ms
step:2867/4578 train_loss:3.4810 train_time:1375331ms step_avg:481.39ms
step:2868/4578 train_loss:3.6391 train_time:1375807ms step_avg:481.39ms
step:2869/4578 train_loss:3.4389 train_time:1376281ms step_avg:481.39ms
step:2870/4578 train_loss:3.3268 train_time:1376760ms step_avg:481.38ms
step:2871/4578 train_loss:3.5735 train_time:1377239ms step_avg:481.38ms
step:2872/4578 train_loss:3.4261 train_time:1377718ms step_avg:481.38ms
step:2873/4578 train_loss:3.4363 train_time:1378199ms step_avg:481.38ms
step:2874/4578 train_loss:3.2741 train_time:1378685ms step_avg:481.38ms
step:2875/4578 train_loss:3.4114 train_time:1379161ms step_avg:481.38ms
step:2875/4578 val_loss:3.4384 train_time:1379482ms step_avg:481.49ms
step:2876/4578 train_loss:3.3762 train_time:1379651ms step_avg:481.39ms
step:2877/4578 train_loss:3.3504 train_time:1380120ms step_avg:481.38ms
step:2878/4578 train_loss:3.4363 train_time:1380597ms step_avg:481.38ms
step:2879/4578 train_loss:3.5887 train_time:1381073ms step_avg:481.38ms
step:2880/4578 train_loss:3.4292 train_time:1381556ms step_avg:481.38ms
step:2881/4578 train_loss:3.4549 train_time:1382033ms step_avg:481.38ms
step:2882/4578 train_loss:3.4703 train_time:1382508ms step_avg:481.37ms
step:2883/4578 train_loss:3.5832 train_time:1382989ms step_avg:481.37ms
step:2884/4578 train_loss:3.4285 train_time:1383468ms step_avg:481.37ms
step:2885/4578 train_loss:3.2781 train_time:1383943ms step_avg:481.37ms
step:2886/4578 train_loss:3.2685 train_time:1384435ms step_avg:481.38ms
step:2887/4578 train_loss:3.3776 train_time:1384909ms step_avg:481.37ms
step:2888/4578 train_loss:3.4118 train_time:1385380ms step_avg:481.37ms
step:2889/4578 train_loss:3.4175 train_time:1385860ms step_avg:481.37ms
step:2890/4578 train_loss:3.7442 train_time:1386340ms step_avg:481.37ms
step:2891/4578 train_loss:3.3786 train_time:1386818ms step_avg:481.37ms
step:2892/4578 train_loss:3.4497 train_time:1387292ms step_avg:481.36ms
step:2893/4578 train_loss:3.3705 train_time:1387768ms step_avg:481.36ms
step:2894/4578 train_loss:3.4119 train_time:1388250ms step_avg:481.36ms
step:2895/4578 train_loss:3.3711 train_time:1388724ms step_avg:481.36ms
step:2896/4578 train_loss:3.4543 train_time:1389201ms step_avg:481.36ms
step:2897/4578 train_loss:3.6230 train_time:1389687ms step_avg:481.36ms
step:2898/4578 train_loss:3.3386 train_time:1390157ms step_avg:481.36ms
step:2899/4578 train_loss:3.4432 train_time:1390647ms step_avg:481.36ms
step:2900/4578 train_loss:3.1769 train_time:1391123ms step_avg:481.36ms
step:2901/4578 train_loss:3.6149 train_time:1391600ms step_avg:481.36ms
step:2902/4578 train_loss:3.4741 train_time:1392083ms step_avg:481.36ms
step:2903/4578 train_loss:3.4091 train_time:1392554ms step_avg:481.35ms
step:2904/4578 train_loss:3.4221 train_time:1393032ms step_avg:481.35ms
step:2905/4578 train_loss:3.4119 train_time:1393515ms step_avg:481.35ms
step:2906/4578 train_loss:3.3938 train_time:1393993ms step_avg:481.35ms
step:2907/4578 train_loss:3.2288 train_time:1394468ms step_avg:481.35ms
step:2908/4578 train_loss:3.5352 train_time:1394942ms step_avg:481.35ms
step:2909/4578 train_loss:3.4444 train_time:1395428ms step_avg:481.35ms
step:2910/4578 train_loss:3.7445 train_time:1395899ms step_avg:481.34ms
step:2911/4578 train_loss:3.2240 train_time:1396380ms step_avg:481.34ms
step:2912/4578 train_loss:3.3538 train_time:1396867ms step_avg:481.35ms
step:2913/4578 train_loss:3.3865 train_time:1397339ms step_avg:481.34ms
step:2914/4578 train_loss:3.8774 train_time:1397814ms step_avg:481.34ms
step:2915/4578 train_loss:3.4689 train_time:1398297ms step_avg:481.34ms
step:2916/4578 train_loss:3.3115 train_time:1398778ms step_avg:481.34ms
step:2917/4578 train_loss:3.4168 train_time:1399253ms step_avg:481.34ms
step:2918/4578 train_loss:3.3867 train_time:1399734ms step_avg:481.34ms
step:2919/4578 train_loss:3.4119 train_time:1400210ms step_avg:481.34ms
step:2920/4578 train_loss:3.2765 train_time:1400686ms step_avg:481.34ms
step:2921/4578 train_loss:3.4355 train_time:1401170ms step_avg:481.34ms
step:2922/4578 train_loss:3.4193 train_time:1401648ms step_avg:481.34ms
step:2923/4578 train_loss:3.4550 train_time:1402126ms step_avg:481.33ms
step:2924/4578 train_loss:3.3891 train_time:1402604ms step_avg:481.33ms
step:2925/4578 train_loss:3.5329 train_time:1403087ms step_avg:481.33ms
step:2926/4578 train_loss:3.4389 train_time:1403567ms step_avg:481.33ms
step:2927/4578 train_loss:3.4091 train_time:1404040ms step_avg:481.33ms
step:2928/4578 train_loss:3.6162 train_time:1404516ms step_avg:481.33ms
step:2929/4578 train_loss:3.4027 train_time:1405001ms step_avg:481.33ms
step:2930/4578 train_loss:3.3582 train_time:1405476ms step_avg:481.33ms
step:2931/4578 train_loss:3.5604 train_time:1405956ms step_avg:481.33ms
step:2932/4578 train_loss:3.6420 train_time:1406430ms step_avg:481.32ms
step:2933/4578 train_loss:3.6829 train_time:1406908ms step_avg:481.32ms
step:2934/4578 train_loss:3.5786 train_time:1407384ms step_avg:481.32ms
step:2935/4578 train_loss:3.3738 train_time:1407867ms step_avg:481.32ms
step:2936/4578 train_loss:3.4674 train_time:1408348ms step_avg:481.32ms
step:2937/4578 train_loss:3.3959 train_time:1408823ms step_avg:481.32ms
step:2938/4578 train_loss:3.3938 train_time:1409300ms step_avg:481.32ms
step:2939/4578 train_loss:3.5038 train_time:1409793ms step_avg:481.32ms
step:2940/4578 train_loss:3.3634 train_time:1410255ms step_avg:481.32ms
step:2941/4578 train_loss:3.5427 train_time:1410737ms step_avg:481.32ms
step:2942/4578 train_loss:3.6365 train_time:1411215ms step_avg:481.31ms
step:2943/4578 train_loss:3.3661 train_time:1411696ms step_avg:481.31ms
step:2944/4578 train_loss:3.2293 train_time:1412170ms step_avg:481.31ms
step:2945/4578 train_loss:3.2763 train_time:1412645ms step_avg:481.31ms
step:2946/4578 train_loss:3.4547 train_time:1413128ms step_avg:481.31ms
step:2947/4578 train_loss:3.4983 train_time:1413604ms step_avg:481.31ms
step:2948/4578 train_loss:3.3775 train_time:1414080ms step_avg:481.31ms
step:2949/4578 train_loss:3.3695 train_time:1414558ms step_avg:481.31ms
step:2950/4578 train_loss:3.4694 train_time:1415036ms step_avg:481.30ms
step:2951/4578 train_loss:3.4349 train_time:1415510ms step_avg:481.30ms
step:2952/4578 train_loss:3.6264 train_time:1415996ms step_avg:481.30ms
step:2953/4578 train_loss:3.5013 train_time:1416468ms step_avg:481.30ms
step:2954/4578 train_loss:3.5252 train_time:1416948ms step_avg:481.30ms
step:2955/4578 train_loss:3.4804 train_time:1417419ms step_avg:481.30ms
step:2956/4578 train_loss:3.3268 train_time:1417902ms step_avg:481.30ms
step:2957/4578 train_loss:3.4319 train_time:1418378ms step_avg:481.30ms
step:2958/4578 train_loss:3.4239 train_time:1418861ms step_avg:481.30ms
step:2959/4578 train_loss:3.3982 train_time:1419334ms step_avg:481.29ms
step:2960/4578 train_loss:3.5390 train_time:1419811ms step_avg:481.29ms
step:2961/4578 train_loss:3.3886 train_time:1420297ms step_avg:481.29ms
step:2962/4578 train_loss:3.5053 train_time:1420771ms step_avg:481.29ms
step:2963/4578 train_loss:3.3927 train_time:1421251ms step_avg:481.29ms
step:2964/4578 train_loss:3.4162 train_time:1421726ms step_avg:481.29ms
step:2965/4578 train_loss:3.3549 train_time:1422204ms step_avg:481.29ms
step:2966/4578 train_loss:3.5676 train_time:1422679ms step_avg:481.29ms
step:2967/4578 train_loss:3.2462 train_time:1423156ms step_avg:481.28ms
step:2968/4578 train_loss:3.9214 train_time:1423637ms step_avg:481.28ms
step:2969/4578 train_loss:3.4393 train_time:1424114ms step_avg:481.28ms
step:2970/4578 train_loss:3.3603 train_time:1424589ms step_avg:481.28ms
step:2971/4578 train_loss:3.6018 train_time:1425065ms step_avg:481.28ms
step:2972/4578 train_loss:3.5554 train_time:1425543ms step_avg:481.28ms
step:2973/4578 train_loss:3.3256 train_time:1426033ms step_avg:481.28ms
step:2974/4578 train_loss:3.4277 train_time:1426513ms step_avg:481.28ms
step:2975/4578 train_loss:3.2797 train_time:1426980ms step_avg:481.27ms
step:2976/4578 train_loss:3.3540 train_time:1427455ms step_avg:481.27ms
step:2977/4578 train_loss:3.1478 train_time:1427930ms step_avg:481.27ms
step:2978/4578 train_loss:3.6483 train_time:1428408ms step_avg:481.27ms
step:2979/4578 train_loss:3.4486 train_time:1428892ms step_avg:481.27ms
step:2980/4578 train_loss:3.6058 train_time:1429367ms step_avg:481.27ms
step:2981/4578 train_loss:3.4603 train_time:1429847ms step_avg:481.27ms
step:2982/4578 train_loss:3.5611 train_time:1430320ms step_avg:481.27ms
step:2983/4578 train_loss:3.5227 train_time:1430800ms step_avg:481.26ms
step:2984/4578 train_loss:3.3658 train_time:1431276ms step_avg:481.26ms
step:2985/4578 train_loss:3.4327 train_time:1431754ms step_avg:481.26ms
step:2986/4578 train_loss:3.5105 train_time:1432229ms step_avg:481.26ms
step:2987/4578 train_loss:3.4472 train_time:1432706ms step_avg:481.26ms
step:2988/4578 train_loss:3.6964 train_time:1433183ms step_avg:481.26ms
step:2989/4578 train_loss:3.2678 train_time:1433663ms step_avg:481.26ms
step:2990/4578 train_loss:3.5179 train_time:1434140ms step_avg:481.26ms
step:2991/4578 train_loss:3.4569 train_time:1434623ms step_avg:481.26ms
step:2992/4578 train_loss:3.4995 train_time:1435100ms step_avg:481.25ms
step:2993/4578 train_loss:3.4043 train_time:1435577ms step_avg:481.25ms
step:2994/4578 train_loss:3.6002 train_time:1436054ms step_avg:481.25ms
step:2995/4578 train_loss:3.3063 train_time:1436533ms step_avg:481.25ms
step:2996/4578 train_loss:3.3363 train_time:1437012ms step_avg:481.25ms
step:2997/4578 train_loss:3.3493 train_time:1437487ms step_avg:481.25ms
step:2998/4578 train_loss:3.3800 train_time:1437966ms step_avg:481.25ms
step:2999/4578 train_loss:3.5140 train_time:1438441ms step_avg:481.24ms
step:3000/4578 train_loss:3.3179 train_time:1438918ms step_avg:481.24ms
step:3000/4578 val_loss:3.4309 train_time:1439245ms step_avg:481.35ms
step:3001/4578 train_loss:3.4260 train_time:1439405ms step_avg:481.25ms
step:3002/4578 train_loss:3.2604 train_time:1439878ms step_avg:481.24ms
step:3003/4578 train_loss:3.3877 train_time:1440355ms step_avg:481.24ms
step:3004/4578 train_loss:3.4427 train_time:1440839ms step_avg:481.24ms
step:3005/4578 train_loss:4.1872 train_time:1441309ms step_avg:481.24ms
step:3006/4578 train_loss:3.3272 train_time:1441788ms step_avg:481.24ms
step:3007/4578 train_loss:3.4683 train_time:1442267ms step_avg:481.24ms
step:3008/4578 train_loss:3.2416 train_time:1442738ms step_avg:481.23ms
step:3009/4578 train_loss:3.5694 train_time:1443216ms step_avg:481.23ms
step:3010/4578 train_loss:3.5428 train_time:1443697ms step_avg:481.23ms
step:3011/4578 train_loss:3.5383 train_time:1444173ms step_avg:481.23ms
step:3012/4578 train_loss:3.4929 train_time:1444649ms step_avg:481.23ms
step:3013/4578 train_loss:3.3152 train_time:1445131ms step_avg:481.23ms
step:3014/4578 train_loss:3.4327 train_time:1445616ms step_avg:481.23ms
step:3015/4578 train_loss:3.5132 train_time:1446094ms step_avg:481.23ms
step:3016/4578 train_loss:3.2841 train_time:1446568ms step_avg:481.23ms
step:3017/4578 train_loss:3.3525 train_time:1447043ms step_avg:481.22ms
step:3018/4578 train_loss:3.4962 train_time:1447521ms step_avg:481.22ms
step:3019/4578 train_loss:3.6008 train_time:1447997ms step_avg:481.22ms
step:3020/4578 train_loss:3.3667 train_time:1448478ms step_avg:481.22ms
step:3021/4578 train_loss:3.6743 train_time:1448955ms step_avg:481.22ms
step:3022/4578 train_loss:3.4009 train_time:1449436ms step_avg:481.22ms
step:3023/4578 train_loss:3.2901 train_time:1449908ms step_avg:481.22ms
step:3024/4578 train_loss:3.4556 train_time:1450393ms step_avg:481.22ms
step:3025/4578 train_loss:3.5886 train_time:1450988ms step_avg:481.26ms
step:3026/4578 train_loss:3.4019 train_time:1451467ms step_avg:481.26ms
step:3027/4578 train_loss:3.4941 train_time:1451941ms step_avg:481.25ms
step:3028/4578 train_loss:3.3244 train_time:1452419ms step_avg:481.25ms
step:3029/4578 train_loss:3.1639 train_time:1452896ms step_avg:481.25ms
step:3030/4578 train_loss:3.5124 train_time:1453378ms step_avg:481.25ms
step:3031/4578 train_loss:3.3253 train_time:1453854ms step_avg:481.25ms
step:3032/4578 train_loss:3.1624 train_time:1454327ms step_avg:481.25ms
step:3033/4578 train_loss:3.5520 train_time:1454808ms step_avg:481.25ms
step:3034/4578 train_loss:3.6653 train_time:1455284ms step_avg:481.24ms
step:3035/4578 train_loss:3.3560 train_time:1455761ms step_avg:481.24ms
step:3036/4578 train_loss:3.3938 train_time:1456238ms step_avg:481.24ms
step:3037/4578 train_loss:3.4067 train_time:1456719ms step_avg:481.24ms
step:3038/4578 train_loss:3.2917 train_time:1457195ms step_avg:481.24ms
step:3039/4578 train_loss:3.4646 train_time:1457673ms step_avg:481.24ms
step:3040/4578 train_loss:3.5297 train_time:1459188ms step_avg:481.58ms
step:3041/4578 train_loss:3.5187 train_time:1459663ms step_avg:481.58ms
step:3042/4578 train_loss:3.0619 train_time:1460144ms step_avg:481.58ms
step:3043/4578 train_loss:3.4449 train_time:1460626ms step_avg:481.58ms
step:3044/4578 train_loss:3.4006 train_time:1461103ms step_avg:481.58ms
step:3045/4578 train_loss:3.4583 train_time:1461577ms step_avg:481.57ms
step:3046/4578 train_loss:3.6034 train_time:1462056ms step_avg:481.57ms
step:3047/4578 train_loss:3.3708 train_time:1462534ms step_avg:481.57ms
step:3048/4578 train_loss:3.4420 train_time:1463016ms step_avg:481.57ms
step:3049/4578 train_loss:3.4799 train_time:1463505ms step_avg:481.57ms
step:3050/4578 train_loss:3.4144 train_time:1463977ms step_avg:481.57ms
step:3051/4578 train_loss:3.4690 train_time:1464448ms step_avg:481.57ms
step:3052/4578 train_loss:3.3290 train_time:1464918ms step_avg:481.56ms
step:3053/4578 train_loss:3.3657 train_time:1465398ms step_avg:481.56ms
step:3054/4578 train_loss:3.6055 train_time:1465882ms step_avg:481.56ms
step:3055/4578 train_loss:3.5343 train_time:1466358ms step_avg:481.56ms
step:3056/4578 train_loss:3.5042 train_time:1466834ms step_avg:481.56ms
step:3057/4578 train_loss:3.3631 train_time:1467312ms step_avg:481.56ms
step:3058/4578 train_loss:3.3542 train_time:1467796ms step_avg:481.56ms
step:3059/4578 train_loss:3.5857 train_time:1468269ms step_avg:481.56ms
step:3060/4578 train_loss:3.3533 train_time:1468747ms step_avg:481.56ms
step:3061/4578 train_loss:3.4759 train_time:1469225ms step_avg:481.56ms
step:3062/4578 train_loss:3.4983 train_time:1469703ms step_avg:481.55ms
step:3063/4578 train_loss:3.3986 train_time:1470184ms step_avg:481.55ms
step:3064/4578 train_loss:3.4262 train_time:1470659ms step_avg:481.55ms
step:3065/4578 train_loss:3.4637 train_time:1471137ms step_avg:481.55ms
step:3066/4578 train_loss:3.3842 train_time:1471614ms step_avg:481.55ms
step:3067/4578 train_loss:3.2691 train_time:1472091ms step_avg:481.55ms
step:3068/4578 train_loss:3.3992 train_time:1472567ms step_avg:481.55ms
step:3069/4578 train_loss:3.3485 train_time:1473046ms step_avg:481.54ms
step:3070/4578 train_loss:3.3163 train_time:1473525ms step_avg:481.54ms
step:3071/4578 train_loss:3.4531 train_time:1474004ms step_avg:481.54ms
step:3072/4578 train_loss:3.4660 train_time:1474482ms step_avg:481.54ms
step:3073/4578 train_loss:3.3533 train_time:1474958ms step_avg:481.54ms
step:3074/4578 train_loss:3.3909 train_time:1475435ms step_avg:481.54ms
step:3075/4578 train_loss:3.3562 train_time:1475926ms step_avg:481.54ms
step:3076/4578 train_loss:3.3694 train_time:1476401ms step_avg:481.54ms
step:3077/4578 train_loss:3.5813 train_time:1476882ms step_avg:481.54ms
step:3078/4578 train_loss:3.2693 train_time:1477359ms step_avg:481.54ms
step:3079/4578 train_loss:4.2411 train_time:1477834ms step_avg:481.54ms
step:3080/4578 train_loss:3.3554 train_time:1478314ms step_avg:481.54ms
step:3081/4578 train_loss:3.4709 train_time:1478788ms step_avg:481.53ms
step:3082/4578 train_loss:3.5816 train_time:1479267ms step_avg:481.53ms
step:3083/4578 train_loss:3.3146 train_time:1479742ms step_avg:481.53ms
step:3084/4578 train_loss:3.3778 train_time:1480222ms step_avg:481.53ms
step:3085/4578 train_loss:3.3759 train_time:1480698ms step_avg:481.53ms
step:3086/4578 train_loss:3.4252 train_time:1481176ms step_avg:481.53ms
step:3087/4578 train_loss:3.4217 train_time:1481661ms step_avg:481.53ms
step:3088/4578 train_loss:3.2578 train_time:1482144ms step_avg:481.53ms
step:3089/4578 train_loss:3.4736 train_time:1482623ms step_avg:481.53ms
step:3090/4578 train_loss:3.3596 train_time:1483099ms step_avg:481.53ms
step:3091/4578 train_loss:3.6506 train_time:1483580ms step_avg:481.53ms
step:3092/4578 train_loss:3.4233 train_time:1484063ms step_avg:481.53ms
step:3093/4578 train_loss:3.3655 train_time:1484532ms step_avg:481.52ms
step:3094/4578 train_loss:3.4236 train_time:1485011ms step_avg:481.52ms
step:3095/4578 train_loss:3.3676 train_time:1485488ms step_avg:481.52ms
step:3096/4578 train_loss:3.3692 train_time:1485965ms step_avg:481.52ms
step:3097/4578 train_loss:3.8318 train_time:1486445ms step_avg:481.52ms
step:3098/4578 train_loss:3.3724 train_time:1486920ms step_avg:481.52ms
step:3099/4578 train_loss:3.4501 train_time:1487406ms step_avg:481.52ms
step:3100/4578 train_loss:3.5073 train_time:1487881ms step_avg:481.51ms
step:3101/4578 train_loss:3.4357 train_time:1488366ms step_avg:481.52ms
step:3102/4578 train_loss:3.5197 train_time:1488848ms step_avg:481.52ms
step:3103/4578 train_loss:3.3809 train_time:1489323ms step_avg:481.51ms
step:3104/4578 train_loss:3.9111 train_time:1489800ms step_avg:481.51ms
step:3105/4578 train_loss:3.5640 train_time:1490278ms step_avg:481.51ms
step:3106/4578 train_loss:3.0607 train_time:1490758ms step_avg:481.51ms
step:3107/4578 train_loss:3.3361 train_time:1491239ms step_avg:481.51ms
step:3108/4578 train_loss:3.1846 train_time:1491714ms step_avg:481.51ms
step:3109/4578 train_loss:3.6258 train_time:1492200ms step_avg:481.51ms
step:3110/4578 train_loss:3.4362 train_time:1492679ms step_avg:481.51ms
step:3111/4578 train_loss:3.5900 train_time:1493153ms step_avg:481.51ms
step:3112/4578 train_loss:3.4320 train_time:1493634ms step_avg:481.51ms
step:3113/4578 train_loss:3.5343 train_time:1494114ms step_avg:481.51ms
step:3114/4578 train_loss:3.5214 train_time:1494592ms step_avg:481.51ms
step:3115/4578 train_loss:3.4473 train_time:1495083ms step_avg:481.51ms
step:3116/4578 train_loss:3.3337 train_time:1495555ms step_avg:481.51ms
step:3117/4578 train_loss:3.3413 train_time:1496037ms step_avg:481.51ms
step:3118/4578 train_loss:3.4309 train_time:1496500ms step_avg:481.50ms
step:3119/4578 train_loss:3.8522 train_time:1496977ms step_avg:481.50ms
step:3120/4578 train_loss:3.4361 train_time:1497454ms step_avg:481.50ms
step:3121/4578 train_loss:3.3521 train_time:1497934ms step_avg:481.50ms
step:3122/4578 train_loss:3.5334 train_time:1498411ms step_avg:481.49ms
step:3123/4578 train_loss:3.5551 train_time:1498888ms step_avg:481.49ms
step:3124/4578 train_loss:3.5514 train_time:1499365ms step_avg:481.49ms
step:3125/4578 train_loss:3.2607 train_time:1499843ms step_avg:481.49ms
step:3125/4578 val_loss:3.4226 train_time:1500173ms step_avg:481.60ms
step:3126/4578 train_loss:3.4174 train_time:1500330ms step_avg:481.49ms
step:3127/4578 train_loss:3.4118 train_time:1500814ms step_avg:481.49ms
step:3128/4578 train_loss:3.5211 train_time:1501286ms step_avg:481.49ms
step:3129/4578 train_loss:3.4563 train_time:1501759ms step_avg:481.49ms
step:3130/4578 train_loss:3.2381 train_time:1502237ms step_avg:481.49ms
step:3131/4578 train_loss:3.2945 train_time:1502711ms step_avg:481.48ms
step:3132/4578 train_loss:3.4457 train_time:1503197ms step_avg:481.49ms
step:3133/4578 train_loss:3.4744 train_time:1503672ms step_avg:481.48ms
step:3134/4578 train_loss:3.2700 train_time:1504150ms step_avg:481.48ms
step:3135/4578 train_loss:3.4651 train_time:1504627ms step_avg:481.48ms
step:3136/4578 train_loss:3.2756 train_time:1505108ms step_avg:481.48ms
step:3137/4578 train_loss:3.6328 train_time:1505576ms step_avg:481.48ms
step:3138/4578 train_loss:3.8660 train_time:1506058ms step_avg:481.48ms
step:3139/4578 train_loss:3.6981 train_time:1506536ms step_avg:481.48ms
step:3140/4578 train_loss:3.3886 train_time:1507008ms step_avg:481.47ms
step:3141/4578 train_loss:3.4242 train_time:1507487ms step_avg:481.47ms
step:3142/4578 train_loss:3.3390 train_time:1507966ms step_avg:481.47ms
step:3143/4578 train_loss:3.5299 train_time:1508445ms step_avg:481.47ms
step:3144/4578 train_loss:3.2499 train_time:1508917ms step_avg:481.47ms
step:3145/4578 train_loss:3.4715 train_time:1509393ms step_avg:481.46ms
step:3146/4578 train_loss:3.5898 train_time:1509875ms step_avg:481.47ms
step:3147/4578 train_loss:3.3981 train_time:1510348ms step_avg:481.46ms
step:3148/4578 train_loss:3.6103 train_time:1510830ms step_avg:481.46ms
step:3149/4578 train_loss:4.0272 train_time:1511308ms step_avg:481.46ms
step:3150/4578 train_loss:3.3232 train_time:1511785ms step_avg:481.46ms
step:3151/4578 train_loss:3.4242 train_time:1512266ms step_avg:481.46ms
step:3152/4578 train_loss:3.5493 train_time:1512746ms step_avg:481.46ms
step:3153/4578 train_loss:3.3343 train_time:1513223ms step_avg:481.46ms
step:3154/4578 train_loss:3.4717 train_time:1513696ms step_avg:481.46ms
step:3155/4578 train_loss:3.2499 train_time:1514179ms step_avg:481.46ms
step:3156/4578 train_loss:3.3612 train_time:1514654ms step_avg:481.45ms
step:3157/4578 train_loss:3.4651 train_time:1515131ms step_avg:481.45ms
step:3158/4578 train_loss:3.5087 train_time:1515611ms step_avg:481.45ms
step:3159/4578 train_loss:3.4157 train_time:1516090ms step_avg:481.45ms
step:3160/4578 train_loss:3.3646 train_time:1516566ms step_avg:481.45ms
step:3161/4578 train_loss:3.4836 train_time:1517046ms step_avg:481.45ms
step:3162/4578 train_loss:3.7148 train_time:1517525ms step_avg:481.45ms
step:3163/4578 train_loss:3.6289 train_time:1518009ms step_avg:481.45ms
step:3164/4578 train_loss:3.5058 train_time:1518481ms step_avg:481.45ms
step:3165/4578 train_loss:3.4788 train_time:1518962ms step_avg:481.45ms
step:3166/4578 train_loss:3.4370 train_time:1519443ms step_avg:481.45ms
step:3167/4578 train_loss:3.2841 train_time:1519916ms step_avg:481.44ms
step:3168/4578 train_loss:3.2251 train_time:1520391ms step_avg:481.44ms
step:3169/4578 train_loss:3.2443 train_time:1520868ms step_avg:481.44ms
step:3170/4578 train_loss:3.4340 train_time:1521346ms step_avg:481.44ms
step:3171/4578 train_loss:3.2357 train_time:1521823ms step_avg:481.44ms
step:3172/4578 train_loss:3.4077 train_time:1522305ms step_avg:481.44ms
step:3173/4578 train_loss:3.5501 train_time:1522790ms step_avg:481.44ms
step:3174/4578 train_loss:3.4319 train_time:1523262ms step_avg:481.44ms
step:3175/4578 train_loss:3.4713 train_time:1523741ms step_avg:481.43ms
step:3176/4578 train_loss:3.4979 train_time:1524219ms step_avg:481.43ms
step:3177/4578 train_loss:3.2988 train_time:1524696ms step_avg:481.43ms
step:3178/4578 train_loss:3.4214 train_time:1525173ms step_avg:481.43ms
step:3179/4578 train_loss:3.6367 train_time:1525650ms step_avg:481.43ms
step:3180/4578 train_loss:3.4247 train_time:1526127ms step_avg:481.43ms
step:3181/4578 train_loss:3.3872 train_time:1526606ms step_avg:481.43ms
step:3182/4578 train_loss:3.3688 train_time:1527083ms step_avg:481.43ms
step:3183/4578 train_loss:3.5438 train_time:1527559ms step_avg:481.42ms
step:3184/4578 train_loss:3.4897 train_time:1528039ms step_avg:481.42ms
step:3185/4578 train_loss:3.3814 train_time:1528521ms step_avg:481.42ms
step:3186/4578 train_loss:3.6047 train_time:1529000ms step_avg:481.42ms
step:3187/4578 train_loss:3.5281 train_time:1529477ms step_avg:481.42ms
step:3188/4578 train_loss:3.3269 train_time:1529956ms step_avg:481.42ms
step:3189/4578 train_loss:3.6119 train_time:1530431ms step_avg:481.42ms
step:3190/4578 train_loss:3.4042 train_time:1530917ms step_avg:481.42ms
step:3191/4578 train_loss:3.3386 train_time:1531394ms step_avg:481.42ms
step:3192/4578 train_loss:3.3633 train_time:1531876ms step_avg:481.42ms
step:3193/4578 train_loss:3.3098 train_time:1532349ms step_avg:481.42ms
step:3194/4578 train_loss:4.0483 train_time:1532831ms step_avg:481.42ms
step:3195/4578 train_loss:3.4418 train_time:1533305ms step_avg:481.41ms
step:3196/4578 train_loss:3.2262 train_time:1533787ms step_avg:481.41ms
step:3197/4578 train_loss:3.4133 train_time:1534264ms step_avg:481.41ms
step:3198/4578 train_loss:3.2173 train_time:1534748ms step_avg:481.41ms
step:3199/4578 train_loss:3.2618 train_time:1535225ms step_avg:481.41ms
step:3200/4578 train_loss:3.2098 train_time:1535708ms step_avg:481.41ms
step:3201/4578 train_loss:3.3779 train_time:1536184ms step_avg:481.41ms
step:3202/4578 train_loss:3.4352 train_time:1536665ms step_avg:481.41ms
step:3203/4578 train_loss:3.3266 train_time:1537138ms step_avg:481.41ms
step:3204/4578 train_loss:3.3554 train_time:1537617ms step_avg:481.41ms
step:3205/4578 train_loss:3.4235 train_time:1538095ms step_avg:481.41ms
step:3206/4578 train_loss:3.6593 train_time:1538575ms step_avg:481.41ms
step:3207/4578 train_loss:3.1712 train_time:1539050ms step_avg:481.40ms
step:3208/4578 train_loss:3.5829 train_time:1539530ms step_avg:481.40ms
step:3209/4578 train_loss:3.5257 train_time:1540006ms step_avg:481.40ms
step:3210/4578 train_loss:3.5718 train_time:1540481ms step_avg:481.40ms
step:3211/4578 train_loss:3.2869 train_time:1540958ms step_avg:481.40ms
step:3212/4578 train_loss:3.2479 train_time:1541439ms step_avg:481.40ms
step:3213/4578 train_loss:3.2984 train_time:1541916ms step_avg:481.40ms
step:3214/4578 train_loss:3.7283 train_time:1542496ms step_avg:481.43ms
step:3215/4578 train_loss:3.1959 train_time:1542981ms step_avg:481.43ms
step:3216/4578 train_loss:3.3895 train_time:1543461ms step_avg:481.43ms
step:3217/4578 train_loss:3.3156 train_time:1543941ms step_avg:481.43ms
step:3218/4578 train_loss:3.3804 train_time:1544417ms step_avg:481.43ms
step:3219/4578 train_loss:3.3956 train_time:1544896ms step_avg:481.43ms
step:3220/4578 train_loss:3.5732 train_time:1545375ms step_avg:481.43ms
step:3221/4578 train_loss:3.4902 train_time:1545852ms step_avg:481.42ms
step:3222/4578 train_loss:3.3854 train_time:1546333ms step_avg:481.42ms
step:3223/4578 train_loss:3.3296 train_time:1546812ms step_avg:481.42ms
step:3224/4578 train_loss:3.2965 train_time:1547290ms step_avg:481.42ms
step:3225/4578 train_loss:3.2922 train_time:1547768ms step_avg:481.42ms
step:3226/4578 train_loss:3.4081 train_time:1548247ms step_avg:481.42ms
step:3227/4578 train_loss:3.2469 train_time:1548729ms step_avg:481.42ms
step:3228/4578 train_loss:3.3336 train_time:1549206ms step_avg:481.42ms
step:3229/4578 train_loss:3.4424 train_time:1549681ms step_avg:481.42ms
step:3230/4578 train_loss:3.2496 train_time:1550949ms step_avg:481.66ms
step:3231/4578 train_loss:3.1753 train_time:1551422ms step_avg:481.66ms
step:3232/4578 train_loss:3.3535 train_time:1551909ms step_avg:481.66ms
step:3233/4578 train_loss:3.6272 train_time:1552386ms step_avg:481.66ms
step:3234/4578 train_loss:3.6999 train_time:1552871ms step_avg:481.66ms
step:3235/4578 train_loss:3.5559 train_time:1553347ms step_avg:481.66ms
step:3236/4578 train_loss:3.3460 train_time:1553822ms step_avg:481.66ms
step:3237/4578 train_loss:3.6618 train_time:1554302ms step_avg:481.66ms
step:3238/4578 train_loss:3.4421 train_time:1554780ms step_avg:481.65ms
step:3239/4578 train_loss:3.5347 train_time:1555263ms step_avg:481.65ms
step:3240/4578 train_loss:3.2369 train_time:1555733ms step_avg:481.65ms
step:3241/4578 train_loss:3.4120 train_time:1556211ms step_avg:481.65ms
step:3242/4578 train_loss:3.4586 train_time:1556712ms step_avg:481.66ms
step:3243/4578 train_loss:3.5662 train_time:1557189ms step_avg:481.65ms
step:3244/4578 train_loss:3.4786 train_time:1557663ms step_avg:481.65ms
step:3245/4578 train_loss:3.5480 train_time:1558136ms step_avg:481.65ms
step:3246/4578 train_loss:3.3063 train_time:1558612ms step_avg:481.65ms
step:3247/4578 train_loss:3.4858 train_time:1559093ms step_avg:481.65ms
step:3248/4578 train_loss:3.4351 train_time:1559569ms step_avg:481.65ms
step:3249/4578 train_loss:3.2903 train_time:1560052ms step_avg:481.65ms
step:3250/4578 train_loss:3.1978 train_time:1560525ms step_avg:481.64ms
step:3250/4578 val_loss:3.4146 train_time:1560839ms step_avg:481.74ms
step:3251/4578 train_loss:3.3729 train_time:1560994ms step_avg:481.64ms
step:3252/4578 train_loss:3.3833 train_time:1561478ms step_avg:481.64ms
step:3253/4578 train_loss:3.4997 train_time:1561956ms step_avg:481.64ms
step:3254/4578 train_loss:3.4502 train_time:1562431ms step_avg:481.64ms
step:3255/4578 train_loss:3.6210 train_time:1562907ms step_avg:481.64ms
step:3256/4578 train_loss:3.4051 train_time:1563390ms step_avg:481.64ms
step:3257/4578 train_loss:3.5525 train_time:1563866ms step_avg:481.63ms
step:3258/4578 train_loss:3.4137 train_time:1564341ms step_avg:481.63ms
step:3259/4578 train_loss:3.3560 train_time:1564818ms step_avg:481.63ms
step:3260/4578 train_loss:3.5361 train_time:1565296ms step_avg:481.63ms
step:3261/4578 train_loss:3.2592 train_time:1565772ms step_avg:481.63ms
step:3262/4578 train_loss:3.1714 train_time:1566256ms step_avg:481.63ms
step:3263/4578 train_loss:3.2878 train_time:1566734ms step_avg:481.63ms
step:3264/4578 train_loss:3.3715 train_time:1567211ms step_avg:481.63ms
step:3265/4578 train_loss:3.3963 train_time:1567690ms step_avg:481.63ms
step:3266/4578 train_loss:3.3647 train_time:1568164ms step_avg:481.62ms
step:3267/4578 train_loss:3.3222 train_time:1568648ms step_avg:481.62ms
step:3268/4578 train_loss:3.5253 train_time:1569120ms step_avg:481.62ms
step:3269/4578 train_loss:3.3971 train_time:1569598ms step_avg:481.62ms
step:3270/4578 train_loss:3.4671 train_time:1570081ms step_avg:481.62ms
step:3271/4578 train_loss:3.3122 train_time:1570556ms step_avg:481.62ms
step:3272/4578 train_loss:3.1311 train_time:1571039ms step_avg:481.62ms
step:3273/4578 train_loss:3.4450 train_time:1571520ms step_avg:481.62ms
step:3274/4578 train_loss:3.4392 train_time:1571997ms step_avg:481.62ms
step:3275/4578 train_loss:3.3780 train_time:1572480ms step_avg:481.62ms
step:3276/4578 train_loss:3.4024 train_time:1572957ms step_avg:481.62ms
step:3277/4578 train_loss:3.3783 train_time:1573435ms step_avg:481.61ms
step:3278/4578 train_loss:3.4833 train_time:1573919ms step_avg:481.62ms
step:3279/4578 train_loss:3.5674 train_time:1574392ms step_avg:481.61ms
step:3280/4578 train_loss:3.4372 train_time:1574869ms step_avg:481.61ms
step:3281/4578 train_loss:3.4809 train_time:1575364ms step_avg:481.62ms
step:3282/4578 train_loss:3.3541 train_time:1575841ms step_avg:481.61ms
step:3283/4578 train_loss:3.3403 train_time:1576304ms step_avg:481.61ms
step:3284/4578 train_loss:3.4951 train_time:1576780ms step_avg:481.61ms
step:3285/4578 train_loss:3.4790 train_time:1577259ms step_avg:481.61ms
step:3286/4578 train_loss:3.4392 train_time:1577737ms step_avg:481.60ms
step:3287/4578 train_loss:3.5738 train_time:1578213ms step_avg:481.60ms
step:3288/4578 train_loss:3.3633 train_time:1578697ms step_avg:481.60ms
step:3289/4578 train_loss:3.4612 train_time:1579175ms step_avg:481.60ms
step:3290/4578 train_loss:3.4811 train_time:1579654ms step_avg:481.60ms
step:3291/4578 train_loss:3.3033 train_time:1580131ms step_avg:481.60ms
step:3292/4578 train_loss:3.4822 train_time:1580607ms step_avg:481.60ms
step:3293/4578 train_loss:3.3073 train_time:1581086ms step_avg:481.60ms
step:3294/4578 train_loss:3.3917 train_time:1581564ms step_avg:481.60ms
step:3295/4578 train_loss:3.4219 train_time:1582047ms step_avg:481.60ms
step:3296/4578 train_loss:3.4438 train_time:1582523ms step_avg:481.60ms
step:3297/4578 train_loss:3.4983 train_time:1583016ms step_avg:481.60ms
step:3298/4578 train_loss:3.3926 train_time:1583498ms step_avg:481.60ms
step:3299/4578 train_loss:3.4643 train_time:1583975ms step_avg:481.60ms
step:3300/4578 train_loss:3.2993 train_time:1584460ms step_avg:481.60ms
step:3301/4578 train_loss:3.3580 train_time:1584934ms step_avg:481.60ms
step:3302/4578 train_loss:3.5101 train_time:1585399ms step_avg:481.59ms
step:3303/4578 train_loss:3.3910 train_time:1585892ms step_avg:481.59ms
step:3304/4578 train_loss:3.4202 train_time:1586373ms step_avg:481.59ms
step:3305/4578 train_loss:3.4821 train_time:1586849ms step_avg:481.59ms
step:3306/4578 train_loss:3.5026 train_time:1587338ms step_avg:481.60ms
step:3307/4578 train_loss:3.4023 train_time:1587813ms step_avg:481.59ms
step:3308/4578 train_loss:3.4422 train_time:1588290ms step_avg:481.59ms
step:3309/4578 train_loss:3.5495 train_time:1588768ms step_avg:481.59ms
step:3310/4578 train_loss:3.3460 train_time:1589245ms step_avg:481.59ms
step:3311/4578 train_loss:3.4028 train_time:1589724ms step_avg:481.59ms
step:3312/4578 train_loss:3.5353 train_time:1590187ms step_avg:481.58ms
step:3313/4578 train_loss:3.4025 train_time:1590667ms step_avg:481.58ms
step:3314/4578 train_loss:3.7088 train_time:1591147ms step_avg:481.58ms
step:3315/4578 train_loss:3.4435 train_time:1591623ms step_avg:481.58ms
step:3316/4578 train_loss:3.3273 train_time:1592100ms step_avg:481.58ms
step:3317/4578 train_loss:3.0288 train_time:1592578ms step_avg:481.58ms
step:3318/4578 train_loss:3.5407 train_time:1593054ms step_avg:481.58ms
step:3319/4578 train_loss:3.3818 train_time:1593535ms step_avg:481.58ms
step:3320/4578 train_loss:3.4262 train_time:1594011ms step_avg:481.57ms
step:3321/4578 train_loss:3.4306 train_time:1594490ms step_avg:481.57ms
step:3322/4578 train_loss:3.4577 train_time:1594978ms step_avg:481.58ms
step:3323/4578 train_loss:3.4001 train_time:1595453ms step_avg:481.57ms
step:3324/4578 train_loss:3.3029 train_time:1595930ms step_avg:481.57ms
step:3325/4578 train_loss:3.1787 train_time:1596407ms step_avg:481.57ms
step:3326/4578 train_loss:3.4289 train_time:1596889ms step_avg:481.57ms
step:3327/4578 train_loss:3.3566 train_time:1597362ms step_avg:481.57ms
step:3328/4578 train_loss:3.2663 train_time:1597841ms step_avg:481.57ms
step:3329/4578 train_loss:3.2356 train_time:1598315ms step_avg:481.57ms
step:3330/4578 train_loss:3.4082 train_time:1598791ms step_avg:481.56ms
step:3331/4578 train_loss:3.5209 train_time:1599270ms step_avg:481.56ms
step:3332/4578 train_loss:3.8126 train_time:1599752ms step_avg:481.56ms
step:3333/4578 train_loss:3.4710 train_time:1600229ms step_avg:481.56ms
step:3334/4578 train_loss:3.2816 train_time:1600703ms step_avg:481.56ms
step:3335/4578 train_loss:3.3872 train_time:1601182ms step_avg:481.56ms
step:3336/4578 train_loss:3.4630 train_time:1601660ms step_avg:481.56ms
step:3337/4578 train_loss:3.3964 train_time:1602136ms step_avg:481.56ms
step:3338/4578 train_loss:3.6019 train_time:1602612ms step_avg:481.55ms
step:3339/4578 train_loss:3.4978 train_time:1603089ms step_avg:481.55ms
step:3340/4578 train_loss:3.4055 train_time:1603569ms step_avg:481.55ms
step:3341/4578 train_loss:3.4669 train_time:1604050ms step_avg:481.55ms
step:3342/4578 train_loss:3.4515 train_time:1604525ms step_avg:481.55ms
step:3343/4578 train_loss:3.5338 train_time:1605002ms step_avg:481.55ms
step:3344/4578 train_loss:3.3742 train_time:1605480ms step_avg:481.55ms
step:3345/4578 train_loss:3.2479 train_time:1605958ms step_avg:481.55ms
step:3346/4578 train_loss:3.4035 train_time:1606436ms step_avg:481.55ms
step:3347/4578 train_loss:3.3236 train_time:1606912ms step_avg:481.54ms
step:3348/4578 train_loss:3.3831 train_time:1607391ms step_avg:481.54ms
step:3349/4578 train_loss:3.4181 train_time:1607887ms step_avg:481.55ms
step:3350/4578 train_loss:3.5591 train_time:1608368ms step_avg:481.55ms
step:3351/4578 train_loss:3.2653 train_time:1608847ms step_avg:481.55ms
step:3352/4578 train_loss:3.3216 train_time:1609325ms step_avg:481.55ms
step:3353/4578 train_loss:3.4507 train_time:1609804ms step_avg:481.54ms
step:3354/4578 train_loss:3.3290 train_time:1610280ms step_avg:481.54ms
step:3355/4578 train_loss:3.5910 train_time:1610758ms step_avg:481.54ms
step:3356/4578 train_loss:3.2889 train_time:1611238ms step_avg:481.54ms
step:3357/4578 train_loss:3.5015 train_time:1611715ms step_avg:481.54ms
step:3358/4578 train_loss:3.2978 train_time:1612193ms step_avg:481.54ms
step:3359/4578 train_loss:3.5345 train_time:1612669ms step_avg:481.54ms
step:3360/4578 train_loss:3.2519 train_time:1613140ms step_avg:481.53ms
step:3361/4578 train_loss:3.7638 train_time:1613608ms step_avg:481.53ms
step:3362/4578 train_loss:3.5634 train_time:1614092ms step_avg:481.53ms
step:3363/4578 train_loss:3.5220 train_time:1614570ms step_avg:481.53ms
step:3364/4578 train_loss:3.3748 train_time:1615049ms step_avg:481.53ms
step:3365/4578 train_loss:3.6712 train_time:1615527ms step_avg:481.53ms
step:3366/4578 train_loss:3.3856 train_time:1616005ms step_avg:481.53ms
step:3367/4578 train_loss:3.5235 train_time:1616485ms step_avg:481.53ms
step:3368/4578 train_loss:3.3248 train_time:1616961ms step_avg:481.52ms
step:3369/4578 train_loss:3.3621 train_time:1617439ms step_avg:481.52ms
step:3370/4578 train_loss:3.3217 train_time:1617916ms step_avg:481.52ms
step:3371/4578 train_loss:3.3607 train_time:1618395ms step_avg:481.52ms
step:3372/4578 train_loss:3.3090 train_time:1618872ms step_avg:481.52ms
step:3373/4578 train_loss:3.3574 train_time:1619352ms step_avg:481.52ms
step:3374/4578 train_loss:3.4283 train_time:1619838ms step_avg:481.52ms
step:3375/4578 train_loss:3.2888 train_time:1620314ms step_avg:481.52ms
step:3375/4578 val_loss:3.4036 train_time:1620636ms step_avg:481.62ms
step:3376/4578 train_loss:3.3998 train_time:1620793ms step_avg:481.52ms
step:3377/4578 train_loss:3.4604 train_time:1621271ms step_avg:481.52ms
step:3378/4578 train_loss:3.4002 train_time:1621750ms step_avg:481.52ms
step:3379/4578 train_loss:3.2665 train_time:1622227ms step_avg:481.52ms
step:3380/4578 train_loss:3.3997 train_time:1622706ms step_avg:481.52ms
step:3381/4578 train_loss:3.2844 train_time:1623182ms step_avg:481.51ms
step:3382/4578 train_loss:3.5082 train_time:1623660ms step_avg:481.51ms
step:3383/4578 train_loss:3.3015 train_time:1624138ms step_avg:481.51ms
step:3384/4578 train_loss:3.5179 train_time:1624619ms step_avg:481.51ms
step:3385/4578 train_loss:3.3876 train_time:1625092ms step_avg:481.51ms
step:3386/4578 train_loss:3.3767 train_time:1625571ms step_avg:481.51ms
step:3387/4578 train_loss:3.3090 train_time:1626046ms step_avg:481.51ms
step:3388/4578 train_loss:3.4640 train_time:1626522ms step_avg:481.50ms
step:3389/4578 train_loss:3.4694 train_time:1627005ms step_avg:481.50ms
step:3390/4578 train_loss:3.4201 train_time:1627485ms step_avg:481.50ms
step:3391/4578 train_loss:3.4396 train_time:1627961ms step_avg:481.50ms
step:3392/4578 train_loss:3.3788 train_time:1628440ms step_avg:481.50ms
step:3393/4578 train_loss:3.5820 train_time:1628915ms step_avg:481.50ms
step:3394/4578 train_loss:3.2698 train_time:1629391ms step_avg:481.50ms
step:3395/4578 train_loss:3.3103 train_time:1629873ms step_avg:481.50ms
step:3396/4578 train_loss:3.3298 train_time:1630352ms step_avg:481.50ms
step:3397/4578 train_loss:3.2872 train_time:1630825ms step_avg:481.50ms
step:3398/4578 train_loss:3.3418 train_time:1631301ms step_avg:481.49ms
step:3399/4578 train_loss:3.3306 train_time:1631780ms step_avg:481.49ms
step:3400/4578 train_loss:3.3768 train_time:1632256ms step_avg:481.49ms
step:3401/4578 train_loss:3.6423 train_time:1632740ms step_avg:481.49ms
step:3402/4578 train_loss:3.4196 train_time:1633214ms step_avg:481.49ms
step:3403/4578 train_loss:3.6345 train_time:1633694ms step_avg:481.49ms
step:3404/4578 train_loss:3.4596 train_time:1634170ms step_avg:481.49ms
step:3405/4578 train_loss:3.4323 train_time:1634650ms step_avg:481.49ms
step:3406/4578 train_loss:3.3705 train_time:1635129ms step_avg:481.49ms
step:3407/4578 train_loss:3.4895 train_time:1635605ms step_avg:481.49ms
step:3408/4578 train_loss:3.3743 train_time:1636087ms step_avg:481.49ms
step:3409/4578 train_loss:3.3653 train_time:1636562ms step_avg:481.48ms
step:3410/4578 train_loss:3.4111 train_time:1637038ms step_avg:481.48ms
step:3411/4578 train_loss:3.2832 train_time:1637518ms step_avg:481.48ms
step:3412/4578 train_loss:3.3004 train_time:1637994ms step_avg:481.48ms
step:3413/4578 train_loss:3.4243 train_time:1638471ms step_avg:481.48ms
step:3414/4578 train_loss:3.6119 train_time:1638951ms step_avg:481.48ms
step:3415/4578 train_loss:3.3232 train_time:1639429ms step_avg:481.48ms
step:3416/4578 train_loss:3.4620 train_time:1639912ms step_avg:481.48ms
step:3417/4578 train_loss:3.5729 train_time:1640392ms step_avg:481.48ms
step:3418/4578 train_loss:3.5712 train_time:1640888ms step_avg:481.48ms
step:3419/4578 train_loss:3.4598 train_time:1641365ms step_avg:481.48ms
step:3420/4578 train_loss:3.5274 train_time:1642188ms step_avg:481.58ms
step:3421/4578 train_loss:3.2687 train_time:1642677ms step_avg:481.58ms
step:3422/4578 train_loss:3.3775 train_time:1643156ms step_avg:481.58ms
step:3423/4578 train_loss:3.2901 train_time:1643637ms step_avg:481.58ms
step:3424/4578 train_loss:3.5638 train_time:1644094ms step_avg:481.57ms
step:3425/4578 train_loss:3.7042 train_time:1644574ms step_avg:481.57ms
step:3426/4578 train_loss:3.4112 train_time:1645060ms step_avg:481.57ms
step:3427/4578 train_loss:3.4049 train_time:1645541ms step_avg:481.57ms
step:3428/4578 train_loss:3.3877 train_time:1646019ms step_avg:481.57ms
step:3429/4578 train_loss:3.2967 train_time:1646496ms step_avg:481.57ms
step:3430/4578 train_loss:3.3461 train_time:1646976ms step_avg:481.57ms
step:3431/4578 train_loss:3.4597 train_time:1647452ms step_avg:481.57ms
step:3432/4578 train_loss:3.6025 train_time:1647930ms step_avg:481.57ms
step:3433/4578 train_loss:3.3114 train_time:1648410ms step_avg:481.57ms
step:3434/4578 train_loss:3.6596 train_time:1648887ms step_avg:481.57ms
step:3435/4578 train_loss:3.4668 train_time:1649364ms step_avg:481.57ms
step:3436/4578 train_loss:3.2975 train_time:1649841ms step_avg:481.56ms
step:3437/4578 train_loss:3.3192 train_time:1650320ms step_avg:481.56ms
step:3438/4578 train_loss:3.3859 train_time:1650797ms step_avg:481.56ms
step:3439/4578 train_loss:3.5255 train_time:1651274ms step_avg:481.56ms
step:3440/4578 train_loss:3.2797 train_time:1651756ms step_avg:481.56ms
step:3441/4578 train_loss:3.5126 train_time:1652233ms step_avg:481.56ms
step:3442/4578 train_loss:3.3706 train_time:1652708ms step_avg:481.56ms
step:3443/4578 train_loss:3.5483 train_time:1653186ms step_avg:481.56ms
step:3444/4578 train_loss:3.4728 train_time:1653664ms step_avg:481.56ms
step:3445/4578 train_loss:3.3886 train_time:1654140ms step_avg:481.55ms
step:3446/4578 train_loss:3.2900 train_time:1654623ms step_avg:481.56ms
step:3447/4578 train_loss:3.6532 train_time:1655105ms step_avg:481.56ms
step:3448/4578 train_loss:3.4266 train_time:1655581ms step_avg:481.55ms
step:3449/4578 train_loss:3.2680 train_time:1656058ms step_avg:481.55ms
step:3450/4578 train_loss:3.5814 train_time:1656541ms step_avg:481.55ms
step:3451/4578 train_loss:3.5467 train_time:1657017ms step_avg:481.55ms
step:3452/4578 train_loss:3.4768 train_time:1657493ms step_avg:481.55ms
step:3453/4578 train_loss:3.3136 train_time:1657972ms step_avg:481.55ms
step:3454/4578 train_loss:3.6171 train_time:1658451ms step_avg:481.55ms
step:3455/4578 train_loss:3.3075 train_time:1658928ms step_avg:481.55ms
step:3456/4578 train_loss:3.5509 train_time:1659409ms step_avg:481.55ms
step:3457/4578 train_loss:3.3388 train_time:1659883ms step_avg:481.54ms
step:3458/4578 train_loss:3.4342 train_time:1660360ms step_avg:481.54ms
step:3459/4578 train_loss:3.4761 train_time:1660837ms step_avg:481.54ms
step:3460/4578 train_loss:3.3204 train_time:1661314ms step_avg:481.54ms
step:3461/4578 train_loss:3.4084 train_time:1661793ms step_avg:481.54ms
step:3462/4578 train_loss:3.4047 train_time:1662273ms step_avg:481.54ms
step:3463/4578 train_loss:3.3546 train_time:1662749ms step_avg:481.54ms
step:3464/4578 train_loss:3.3565 train_time:1663226ms step_avg:481.54ms
step:3465/4578 train_loss:3.2851 train_time:1663704ms step_avg:481.54ms
step:3466/4578 train_loss:3.3699 train_time:1664180ms step_avg:481.53ms
step:3467/4578 train_loss:3.4676 train_time:1664674ms step_avg:481.54ms
step:3468/4578 train_loss:3.4394 train_time:1665151ms step_avg:481.54ms
step:3469/4578 train_loss:3.4413 train_time:1665628ms step_avg:481.53ms
step:3470/4578 train_loss:3.4621 train_time:1666109ms step_avg:481.53ms
step:3471/4578 train_loss:3.3182 train_time:1666581ms step_avg:481.53ms
step:3472/4578 train_loss:3.6072 train_time:1667063ms step_avg:481.53ms
step:3473/4578 train_loss:4.2352 train_time:1667543ms step_avg:481.53ms
step:3474/4578 train_loss:3.4431 train_time:1668018ms step_avg:481.53ms
step:3475/4578 train_loss:3.4515 train_time:1668494ms step_avg:481.53ms
step:3476/4578 train_loss:3.4071 train_time:1668970ms step_avg:481.53ms
step:3477/4578 train_loss:3.4129 train_time:1669451ms step_avg:481.53ms
step:3478/4578 train_loss:3.2389 train_time:1669930ms step_avg:481.53ms
step:3479/4578 train_loss:3.3821 train_time:1670406ms step_avg:481.52ms
step:3480/4578 train_loss:3.1469 train_time:1670882ms step_avg:481.52ms
step:3481/4578 train_loss:3.5799 train_time:1671359ms step_avg:481.52ms
step:3482/4578 train_loss:3.3737 train_time:1671838ms step_avg:481.52ms
step:3483/4578 train_loss:3.3925 train_time:1672315ms step_avg:481.52ms
step:3484/4578 train_loss:3.4266 train_time:1672795ms step_avg:481.52ms
step:3485/4578 train_loss:3.4032 train_time:1673269ms step_avg:481.52ms
step:3486/4578 train_loss:3.4099 train_time:1673750ms step_avg:481.52ms
step:3487/4578 train_loss:3.6672 train_time:1674227ms step_avg:481.51ms
step:3488/4578 train_loss:3.3852 train_time:1674708ms step_avg:481.51ms
step:3489/4578 train_loss:3.3276 train_time:1675193ms step_avg:481.52ms
step:3490/4578 train_loss:3.5862 train_time:1675667ms step_avg:481.51ms
step:3491/4578 train_loss:3.4730 train_time:1676145ms step_avg:481.51ms
step:3492/4578 train_loss:3.3871 train_time:1676617ms step_avg:481.51ms
step:3493/4578 train_loss:3.2064 train_time:1677100ms step_avg:481.51ms
step:3494/4578 train_loss:3.5904 train_time:1677575ms step_avg:481.51ms
step:3495/4578 train_loss:3.3914 train_time:1678060ms step_avg:481.51ms
step:3496/4578 train_loss:3.4723 train_time:1678530ms step_avg:481.51ms
step:3497/4578 train_loss:3.5030 train_time:1679013ms step_avg:481.51ms
step:3498/4578 train_loss:3.3133 train_time:1679485ms step_avg:481.50ms
step:3499/4578 train_loss:3.5090 train_time:1679963ms step_avg:481.50ms
step:3500/4578 train_loss:3.3884 train_time:1680441ms step_avg:481.50ms
step:3500/4578 val_loss:3.3861 train_time:1680763ms step_avg:481.59ms
step:3501/4578 train_loss:3.3677 train_time:1680938ms step_avg:481.51ms
step:3502/4578 train_loss:3.5619 train_time:1681401ms step_avg:481.50ms
step:3503/4578 train_loss:3.3014 train_time:1681875ms step_avg:481.50ms
step:3504/4578 train_loss:3.3748 train_time:1682359ms step_avg:481.50ms
step:3505/4578 train_loss:3.4510 train_time:1682840ms step_avg:481.50ms
step:3506/4578 train_loss:3.5338 train_time:1683312ms step_avg:481.50ms
step:3507/4578 train_loss:3.2428 train_time:1683791ms step_avg:481.50ms
step:3508/4578 train_loss:3.4155 train_time:1684276ms step_avg:481.50ms
step:3509/4578 train_loss:3.2711 train_time:1684753ms step_avg:481.50ms
step:3510/4578 train_loss:3.7124 train_time:1685233ms step_avg:481.50ms
step:3511/4578 train_loss:3.3411 train_time:1685715ms step_avg:481.50ms
step:3512/4578 train_loss:3.2350 train_time:1686192ms step_avg:481.49ms
step:3513/4578 train_loss:3.4046 train_time:1686668ms step_avg:481.49ms
step:3514/4578 train_loss:3.2764 train_time:1687153ms step_avg:481.49ms
step:3515/4578 train_loss:3.2959 train_time:1687648ms step_avg:481.50ms
step:3516/4578 train_loss:3.3931 train_time:1688126ms step_avg:481.50ms
step:3517/4578 train_loss:3.3499 train_time:1688607ms step_avg:481.50ms
step:3518/4578 train_loss:3.4631 train_time:1689085ms step_avg:481.50ms
step:3519/4578 train_loss:3.3167 train_time:1689546ms step_avg:481.49ms
step:3520/4578 train_loss:3.2467 train_time:1690024ms step_avg:481.49ms
step:3521/4578 train_loss:3.5920 train_time:1690500ms step_avg:481.49ms
step:3522/4578 train_loss:3.5074 train_time:1690977ms step_avg:481.49ms
step:3523/4578 train_loss:3.3689 train_time:1691457ms step_avg:481.48ms
step:3524/4578 train_loss:3.2811 train_time:1691938ms step_avg:481.48ms
step:3525/4578 train_loss:3.4535 train_time:1692413ms step_avg:481.48ms
step:3526/4578 train_loss:3.3067 train_time:1692894ms step_avg:481.48ms
step:3527/4578 train_loss:3.5264 train_time:1693372ms step_avg:481.48ms
step:3528/4578 train_loss:3.3947 train_time:1693849ms step_avg:481.48ms
step:3529/4578 train_loss:3.1066 train_time:1694333ms step_avg:481.48ms
step:3530/4578 train_loss:3.5465 train_time:1694806ms step_avg:481.48ms
step:3531/4578 train_loss:3.3419 train_time:1695282ms step_avg:481.48ms
step:3532/4578 train_loss:3.1998 train_time:1695759ms step_avg:481.48ms
step:3533/4578 train_loss:3.2529 train_time:1696238ms step_avg:481.48ms
step:3534/4578 train_loss:3.2959 train_time:1696716ms step_avg:481.47ms
step:3535/4578 train_loss:3.2747 train_time:1697188ms step_avg:481.47ms
step:3536/4578 train_loss:3.2236 train_time:1697667ms step_avg:481.47ms
step:3537/4578 train_loss:3.4938 train_time:1698142ms step_avg:481.47ms
step:3538/4578 train_loss:3.4122 train_time:1698626ms step_avg:481.47ms
step:3539/4578 train_loss:3.3091 train_time:1699102ms step_avg:481.47ms
step:3540/4578 train_loss:3.3193 train_time:1699582ms step_avg:481.47ms
step:3541/4578 train_loss:3.5838 train_time:1700062ms step_avg:481.47ms
step:3542/4578 train_loss:3.3244 train_time:1700534ms step_avg:481.46ms
step:3543/4578 train_loss:3.4772 train_time:1701010ms step_avg:481.46ms
step:3544/4578 train_loss:3.5658 train_time:1701488ms step_avg:481.46ms
step:3545/4578 train_loss:3.5348 train_time:1701968ms step_avg:481.46ms
step:3546/4578 train_loss:3.4775 train_time:1702448ms step_avg:481.46ms
step:3547/4578 train_loss:3.2995 train_time:1702924ms step_avg:481.46ms
step:3548/4578 train_loss:3.3061 train_time:1703401ms step_avg:481.46ms
step:3549/4578 train_loss:3.4072 train_time:1703880ms step_avg:481.46ms
step:3550/4578 train_loss:3.5295 train_time:1704362ms step_avg:481.46ms
step:3551/4578 train_loss:3.2965 train_time:1704838ms step_avg:481.46ms
step:3552/4578 train_loss:3.2103 train_time:1705317ms step_avg:481.46ms
step:3553/4578 train_loss:3.3928 train_time:1705794ms step_avg:481.45ms
step:3554/4578 train_loss:3.4942 train_time:1706270ms step_avg:481.45ms
step:3555/4578 train_loss:3.4064 train_time:1706750ms step_avg:481.45ms
step:3556/4578 train_loss:3.3341 train_time:1707228ms step_avg:481.45ms
step:3557/4578 train_loss:3.1775 train_time:1707701ms step_avg:481.45ms
step:3558/4578 train_loss:3.2430 train_time:1708180ms step_avg:481.45ms
step:3559/4578 train_loss:3.4428 train_time:1708664ms step_avg:481.45ms
step:3560/4578 train_loss:3.9337 train_time:1709142ms step_avg:481.45ms
step:3561/4578 train_loss:3.4347 train_time:1709618ms step_avg:481.45ms
step:3562/4578 train_loss:3.4139 train_time:1710111ms step_avg:481.45ms
step:3563/4578 train_loss:3.2466 train_time:1710581ms step_avg:481.45ms
step:3564/4578 train_loss:3.6535 train_time:1711053ms step_avg:481.44ms
step:3565/4578 train_loss:3.2960 train_time:1711532ms step_avg:481.44ms
step:3566/4578 train_loss:3.1510 train_time:1712009ms step_avg:481.44ms
step:3567/4578 train_loss:3.3779 train_time:1712485ms step_avg:481.44ms
step:3568/4578 train_loss:3.5607 train_time:1712967ms step_avg:481.44ms
step:3569/4578 train_loss:3.3953 train_time:1713451ms step_avg:481.44ms
step:3570/4578 train_loss:3.3970 train_time:1713930ms step_avg:481.44ms
step:3571/4578 train_loss:3.5120 train_time:1714414ms step_avg:481.44ms
step:3572/4578 train_loss:3.7029 train_time:1714889ms step_avg:481.44ms
step:3573/4578 train_loss:3.2108 train_time:1715366ms step_avg:481.44ms
step:3574/4578 train_loss:3.4127 train_time:1715843ms step_avg:481.44ms
step:3575/4578 train_loss:3.5769 train_time:1716320ms step_avg:481.44ms
step:3576/4578 train_loss:3.5765 train_time:1716798ms step_avg:481.44ms
step:3577/4578 train_loss:3.3381 train_time:1717282ms step_avg:481.44ms
step:3578/4578 train_loss:3.3203 train_time:1717761ms step_avg:481.44ms
step:3579/4578 train_loss:3.4590 train_time:1718238ms step_avg:481.43ms
step:3580/4578 train_loss:3.3986 train_time:1718720ms step_avg:481.43ms
step:3581/4578 train_loss:3.3242 train_time:1719199ms step_avg:481.43ms
step:3582/4578 train_loss:3.3053 train_time:1719676ms step_avg:481.43ms
step:3583/4578 train_loss:3.2486 train_time:1720154ms step_avg:481.43ms
step:3584/4578 train_loss:3.3288 train_time:1720632ms step_avg:481.43ms
step:3585/4578 train_loss:3.4609 train_time:1721106ms step_avg:481.43ms
step:3586/4578 train_loss:3.3532 train_time:1721586ms step_avg:481.43ms
step:3587/4578 train_loss:3.3185 train_time:1722066ms step_avg:481.43ms
step:3588/4578 train_loss:3.3190 train_time:1722549ms step_avg:481.43ms
step:3589/4578 train_loss:3.3111 train_time:1723029ms step_avg:481.43ms
step:3590/4578 train_loss:3.4756 train_time:1723504ms step_avg:481.43ms
step:3591/4578 train_loss:3.6740 train_time:1723989ms step_avg:481.43ms
step:3592/4578 train_loss:3.4332 train_time:1724464ms step_avg:481.42ms
step:3593/4578 train_loss:3.4867 train_time:1724945ms step_avg:481.42ms
step:3594/4578 train_loss:3.3910 train_time:1725420ms step_avg:481.42ms
step:3595/4578 train_loss:3.4283 train_time:1725902ms step_avg:481.42ms
step:3596/4578 train_loss:3.1711 train_time:1726373ms step_avg:481.42ms
step:3597/4578 train_loss:3.3287 train_time:1726853ms step_avg:481.42ms
step:3598/4578 train_loss:3.6956 train_time:1727329ms step_avg:481.42ms
step:3599/4578 train_loss:3.3927 train_time:1727809ms step_avg:481.42ms
step:3600/4578 train_loss:3.2045 train_time:1728293ms step_avg:481.42ms
step:3601/4578 train_loss:3.3846 train_time:1728770ms step_avg:481.42ms
step:3602/4578 train_loss:3.5129 train_time:1729244ms step_avg:481.42ms
step:3603/4578 train_loss:3.4146 train_time:1729723ms step_avg:481.41ms
step:3604/4578 train_loss:3.3961 train_time:1730202ms step_avg:481.41ms
step:3605/4578 train_loss:3.6701 train_time:1730677ms step_avg:481.41ms
step:3606/4578 train_loss:3.2609 train_time:1731161ms step_avg:481.41ms
step:3607/4578 train_loss:3.2558 train_time:1731636ms step_avg:481.41ms
step:3608/4578 train_loss:3.7926 train_time:1732110ms step_avg:481.41ms
step:3609/4578 train_loss:3.3088 train_time:1732593ms step_avg:481.41ms
step:3610/4578 train_loss:3.3068 train_time:1733539ms step_avg:481.54ms
step:3611/4578 train_loss:3.2048 train_time:1734016ms step_avg:481.54ms
step:3612/4578 train_loss:3.3496 train_time:1734494ms step_avg:481.54ms
step:3613/4578 train_loss:3.4757 train_time:1734969ms step_avg:481.53ms
step:3614/4578 train_loss:3.3866 train_time:1735446ms step_avg:481.53ms
step:3615/4578 train_loss:3.8907 train_time:1735926ms step_avg:481.53ms
step:3616/4578 train_loss:3.2094 train_time:1736414ms step_avg:481.53ms
step:3617/4578 train_loss:3.3406 train_time:1736888ms step_avg:481.53ms
step:3618/4578 train_loss:3.2844 train_time:1737387ms step_avg:481.54ms
step:3619/4578 train_loss:3.5646 train_time:1737864ms step_avg:481.54ms
step:3620/4578 train_loss:3.4042 train_time:1738343ms step_avg:481.54ms
step:3621/4578 train_loss:3.2482 train_time:1738819ms step_avg:481.53ms
step:3622/4578 train_loss:3.3516 train_time:1739285ms step_avg:481.53ms
step:3623/4578 train_loss:3.3698 train_time:1739763ms step_avg:481.53ms
step:3624/4578 train_loss:3.2613 train_time:1740239ms step_avg:481.53ms
step:3625/4578 train_loss:3.4369 train_time:1740729ms step_avg:481.53ms
step:3625/4578 val_loss:3.3727 train_time:1741051ms step_avg:481.62ms
step:3626/4578 train_loss:3.5780 train_time:1741215ms step_avg:481.53ms
step:3627/4578 train_loss:3.5466 train_time:1741690ms step_avg:481.53ms
step:3628/4578 train_loss:3.2935 train_time:1742168ms step_avg:481.53ms
step:3629/4578 train_loss:3.1604 train_time:1742645ms step_avg:481.53ms
step:3630/4578 train_loss:3.4417 train_time:1743122ms step_avg:481.53ms
step:3631/4578 train_loss:3.2540 train_time:1743597ms step_avg:481.52ms
step:3632/4578 train_loss:3.5597 train_time:1744079ms step_avg:481.52ms
step:3633/4578 train_loss:3.3608 train_time:1744561ms step_avg:481.52ms
step:3634/4578 train_loss:3.3955 train_time:1745033ms step_avg:481.52ms
step:3635/4578 train_loss:3.2498 train_time:1745516ms step_avg:481.52ms
step:3636/4578 train_loss:3.3373 train_time:1745994ms step_avg:481.52ms
step:3637/4578 train_loss:3.3990 train_time:1746470ms step_avg:481.52ms
step:3638/4578 train_loss:3.3233 train_time:1746952ms step_avg:481.52ms
step:3639/4578 train_loss:3.4361 train_time:1747430ms step_avg:481.52ms
step:3640/4578 train_loss:3.4195 train_time:1747911ms step_avg:481.52ms
step:3641/4578 train_loss:3.3077 train_time:1748388ms step_avg:481.52ms
step:3642/4578 train_loss:3.3087 train_time:1748864ms step_avg:481.52ms
step:3643/4578 train_loss:3.3719 train_time:1749341ms step_avg:481.51ms
step:3644/4578 train_loss:3.4490 train_time:1749820ms step_avg:481.51ms
step:3645/4578 train_loss:3.2603 train_time:1750296ms step_avg:481.51ms
step:3646/4578 train_loss:3.4666 train_time:1750774ms step_avg:481.51ms
step:3647/4578 train_loss:3.3160 train_time:1751255ms step_avg:481.51ms
step:3648/4578 train_loss:3.3885 train_time:1751734ms step_avg:481.51ms
step:3649/4578 train_loss:3.4923 train_time:1752211ms step_avg:481.51ms
step:3650/4578 train_loss:3.3882 train_time:1752688ms step_avg:481.51ms
step:3651/4578 train_loss:3.4996 train_time:1753179ms step_avg:481.51ms
step:3652/4578 train_loss:3.5876 train_time:1753655ms step_avg:481.51ms
step:3653/4578 train_loss:3.2715 train_time:1754130ms step_avg:481.51ms
step:3654/4578 train_loss:3.4050 train_time:1754613ms step_avg:481.51ms
step:3655/4578 train_loss:3.4858 train_time:1755088ms step_avg:481.51ms
step:3656/4578 train_loss:3.3134 train_time:1755566ms step_avg:481.50ms
step:3657/4578 train_loss:3.5196 train_time:1756050ms step_avg:481.51ms
step:3658/4578 train_loss:3.4001 train_time:1756525ms step_avg:481.50ms
step:3659/4578 train_loss:3.3731 train_time:1757002ms step_avg:481.50ms
step:3660/4578 train_loss:3.3052 train_time:1757481ms step_avg:481.50ms
step:3661/4578 train_loss:3.3893 train_time:1757956ms step_avg:481.50ms
step:3662/4578 train_loss:3.3147 train_time:1758437ms step_avg:481.50ms
step:3663/4578 train_loss:3.5666 train_time:1758914ms step_avg:481.50ms
step:3664/4578 train_loss:3.4371 train_time:1759400ms step_avg:481.50ms
step:3665/4578 train_loss:3.3137 train_time:1759881ms step_avg:481.50ms
step:3666/4578 train_loss:3.2099 train_time:1760357ms step_avg:481.50ms
step:3667/4578 train_loss:3.5485 train_time:1760835ms step_avg:481.50ms
step:3668/4578 train_loss:3.2695 train_time:1761315ms step_avg:481.50ms
step:3669/4578 train_loss:3.4596 train_time:1761791ms step_avg:481.50ms
step:3670/4578 train_loss:3.3593 train_time:1762268ms step_avg:481.49ms
step:3671/4578 train_loss:3.5189 train_time:1762745ms step_avg:481.49ms
step:3672/4578 train_loss:3.4780 train_time:1763223ms step_avg:481.49ms
step:3673/4578 train_loss:3.3087 train_time:1763703ms step_avg:481.49ms
step:3674/4578 train_loss:3.2043 train_time:1764198ms step_avg:481.49ms
step:3675/4578 train_loss:3.3262 train_time:1764677ms step_avg:481.49ms
step:3676/4578 train_loss:3.4190 train_time:1765154ms step_avg:481.49ms
step:3677/4578 train_loss:3.3090 train_time:1765634ms step_avg:481.49ms
step:3678/4578 train_loss:3.4492 train_time:1766115ms step_avg:481.49ms
step:3679/4578 train_loss:3.3252 train_time:1766595ms step_avg:481.49ms
step:3680/4578 train_loss:3.2237 train_time:1767065ms step_avg:481.49ms
step:3681/4578 train_loss:3.3260 train_time:1767543ms step_avg:481.49ms
step:3682/4578 train_loss:3.4801 train_time:1768031ms step_avg:481.49ms
step:3683/4578 train_loss:3.6197 train_time:1768508ms step_avg:481.49ms
step:3684/4578 train_loss:3.3013 train_time:1768985ms step_avg:481.49ms
step:3685/4578 train_loss:3.5207 train_time:1769468ms step_avg:481.49ms
step:3686/4578 train_loss:3.5786 train_time:1769942ms step_avg:481.49ms
step:3687/4578 train_loss:3.1718 train_time:1770431ms step_avg:481.49ms
step:3688/4578 train_loss:3.5696 train_time:1770907ms step_avg:481.49ms
step:3689/4578 train_loss:3.2203 train_time:1771389ms step_avg:481.49ms
step:3690/4578 train_loss:3.3549 train_time:1771862ms step_avg:481.48ms
step:3691/4578 train_loss:3.3103 train_time:1772344ms step_avg:481.48ms
step:3692/4578 train_loss:3.1839 train_time:1772823ms step_avg:481.48ms
step:3693/4578 train_loss:3.3346 train_time:1773300ms step_avg:481.48ms
step:3694/4578 train_loss:3.3838 train_time:1773777ms step_avg:481.48ms
step:3695/4578 train_loss:3.3861 train_time:1774256ms step_avg:481.48ms
step:3696/4578 train_loss:3.5371 train_time:1774736ms step_avg:481.48ms
step:3697/4578 train_loss:3.1279 train_time:1775216ms step_avg:481.48ms
step:3698/4578 train_loss:3.3464 train_time:1775691ms step_avg:481.48ms
step:3699/4578 train_loss:3.4853 train_time:1776170ms step_avg:481.48ms
step:3700/4578 train_loss:3.4391 train_time:1776647ms step_avg:481.48ms
step:3701/4578 train_loss:3.4504 train_time:1777123ms step_avg:481.47ms
step:3702/4578 train_loss:3.4389 train_time:1777603ms step_avg:481.47ms
step:3703/4578 train_loss:3.3906 train_time:1778083ms step_avg:481.47ms
step:3704/4578 train_loss:3.1744 train_time:1778560ms step_avg:481.47ms
step:3705/4578 train_loss:3.4900 train_time:1779034ms step_avg:481.47ms
step:3706/4578 train_loss:3.6168 train_time:1779515ms step_avg:481.47ms
step:3707/4578 train_loss:3.5860 train_time:1779990ms step_avg:481.47ms
step:3708/4578 train_loss:3.4173 train_time:1780466ms step_avg:481.47ms
step:3709/4578 train_loss:3.3464 train_time:1780946ms step_avg:481.47ms
step:3710/4578 train_loss:3.6120 train_time:1781426ms step_avg:481.47ms
step:3711/4578 train_loss:3.1342 train_time:1781904ms step_avg:481.47ms
step:3712/4578 train_loss:3.5064 train_time:1782382ms step_avg:481.46ms
step:3713/4578 train_loss:3.2781 train_time:1782860ms step_avg:481.46ms
step:3714/4578 train_loss:3.4249 train_time:1783340ms step_avg:481.46ms
step:3715/4578 train_loss:3.9050 train_time:1783829ms step_avg:481.47ms
step:3716/4578 train_loss:3.7694 train_time:1784309ms step_avg:481.46ms
step:3717/4578 train_loss:3.6550 train_time:1784786ms step_avg:481.46ms
step:3718/4578 train_loss:3.3420 train_time:1785250ms step_avg:481.46ms
step:3719/4578 train_loss:3.1525 train_time:1785725ms step_avg:481.46ms
step:3720/4578 train_loss:3.5299 train_time:1786203ms step_avg:481.46ms
step:3721/4578 train_loss:3.1712 train_time:1786682ms step_avg:481.46ms
step:3722/4578 train_loss:3.4362 train_time:1787161ms step_avg:481.45ms
step:3723/4578 train_loss:3.2983 train_time:1787639ms step_avg:481.45ms
step:3724/4578 train_loss:3.2806 train_time:1788117ms step_avg:481.45ms
step:3725/4578 train_loss:3.5269 train_time:1788592ms step_avg:481.45ms
step:3726/4578 train_loss:3.3265 train_time:1789079ms step_avg:481.45ms
step:3727/4578 train_loss:3.5753 train_time:1789557ms step_avg:481.45ms
step:3728/4578 train_loss:3.3315 train_time:1790036ms step_avg:481.45ms
step:3729/4578 train_loss:3.2975 train_time:1790511ms step_avg:481.45ms
step:3730/4578 train_loss:3.4799 train_time:1790989ms step_avg:481.45ms
step:3731/4578 train_loss:3.4874 train_time:1791468ms step_avg:481.45ms
step:3732/4578 train_loss:3.2835 train_time:1791945ms step_avg:481.45ms
step:3733/4578 train_loss:3.2055 train_time:1792428ms step_avg:481.45ms
step:3734/4578 train_loss:3.4042 train_time:1792901ms step_avg:481.44ms
step:3735/4578 train_loss:3.2415 train_time:1793381ms step_avg:481.44ms
step:3736/4578 train_loss:3.2451 train_time:1793860ms step_avg:481.44ms
step:3737/4578 train_loss:3.3486 train_time:1794339ms step_avg:481.44ms
step:3738/4578 train_loss:3.4509 train_time:1794813ms step_avg:481.44ms
step:3739/4578 train_loss:3.2337 train_time:1795294ms step_avg:481.44ms
step:3740/4578 train_loss:3.3334 train_time:1795779ms step_avg:481.44ms
step:3741/4578 train_loss:3.4948 train_time:1796254ms step_avg:481.44ms
step:3742/4578 train_loss:3.3626 train_time:1796732ms step_avg:481.44ms
step:3743/4578 train_loss:3.3782 train_time:1797208ms step_avg:481.44ms
step:3744/4578 train_loss:3.4963 train_time:1797690ms step_avg:481.44ms
step:3745/4578 train_loss:3.2976 train_time:1798168ms step_avg:481.44ms
step:3746/4578 train_loss:3.2278 train_time:1798646ms step_avg:481.44ms
step:3747/4578 train_loss:3.3915 train_time:1799128ms step_avg:481.44ms
step:3748/4578 train_loss:3.3084 train_time:1799606ms step_avg:481.44ms
step:3749/4578 train_loss:3.2386 train_time:1800091ms step_avg:481.44ms
step:3750/4578 train_loss:3.4213 train_time:1800564ms step_avg:481.43ms
step:3750/4578 val_loss:3.3568 train_time:1800891ms step_avg:481.52ms
step:3751/4578 train_loss:3.3876 train_time:1801051ms step_avg:481.44ms
step:3752/4578 train_loss:3.5749 train_time:1801527ms step_avg:481.43ms
step:3753/4578 train_loss:3.2233 train_time:1802018ms step_avg:481.44ms
step:3754/4578 train_loss:3.3662 train_time:1802498ms step_avg:481.44ms
step:3755/4578 train_loss:3.4281 train_time:1802982ms step_avg:481.44ms
step:3756/4578 train_loss:3.5336 train_time:1803455ms step_avg:481.43ms
step:3757/4578 train_loss:3.4205 train_time:1803931ms step_avg:481.43ms
step:3758/4578 train_loss:3.2826 train_time:1804410ms step_avg:481.43ms
step:3759/4578 train_loss:3.5397 train_time:1804885ms step_avg:481.43ms
step:3760/4578 train_loss:3.5109 train_time:1805370ms step_avg:481.43ms
step:3761/4578 train_loss:3.1450 train_time:1805847ms step_avg:481.43ms
step:3762/4578 train_loss:3.3309 train_time:1806323ms step_avg:481.43ms
step:3763/4578 train_loss:3.2878 train_time:1806802ms step_avg:481.43ms
step:3764/4578 train_loss:3.4786 train_time:1807279ms step_avg:481.43ms
step:3765/4578 train_loss:3.3060 train_time:1807753ms step_avg:481.43ms
step:3766/4578 train_loss:3.3662 train_time:1808230ms step_avg:481.42ms
step:3767/4578 train_loss:3.3496 train_time:1808715ms step_avg:481.43ms
step:3768/4578 train_loss:3.2780 train_time:1809194ms step_avg:481.42ms
step:3769/4578 train_loss:3.4538 train_time:1809671ms step_avg:481.42ms
step:3770/4578 train_loss:3.2637 train_time:1810148ms step_avg:481.42ms
step:3771/4578 train_loss:3.2135 train_time:1810631ms step_avg:481.42ms
step:3772/4578 train_loss:3.3762 train_time:1811109ms step_avg:481.42ms
step:3773/4578 train_loss:3.3456 train_time:1811588ms step_avg:481.42ms
step:3774/4578 train_loss:3.3138 train_time:1812065ms step_avg:481.42ms
step:3775/4578 train_loss:3.4045 train_time:1812552ms step_avg:481.42ms
step:3776/4578 train_loss:3.5804 train_time:1813031ms step_avg:481.42ms
step:3777/4578 train_loss:3.4037 train_time:1813505ms step_avg:481.42ms
step:3778/4578 train_loss:3.4646 train_time:1813986ms step_avg:481.42ms
step:3779/4578 train_loss:3.4914 train_time:1814463ms step_avg:481.42ms
step:3780/4578 train_loss:3.3879 train_time:1814940ms step_avg:481.42ms
step:3781/4578 train_loss:3.3462 train_time:1815628ms step_avg:481.47ms
step:3782/4578 train_loss:3.4319 train_time:1816101ms step_avg:481.47ms
step:3783/4578 train_loss:3.4007 train_time:1816578ms step_avg:481.47ms
step:3784/4578 train_loss:3.4268 train_time:1817063ms step_avg:481.47ms
step:3785/4578 train_loss:3.2072 train_time:1817549ms step_avg:481.47ms
step:3786/4578 train_loss:3.2095 train_time:1818025ms step_avg:481.47ms
step:3787/4578 train_loss:3.3995 train_time:1818506ms step_avg:481.47ms
step:3788/4578 train_loss:3.3327 train_time:1818982ms step_avg:481.47ms
step:3789/4578 train_loss:3.2519 train_time:1819458ms step_avg:481.47ms
step:3790/4578 train_loss:3.3294 train_time:1819936ms step_avg:481.46ms
step:3791/4578 train_loss:3.2603 train_time:1820415ms step_avg:481.46ms
step:3792/4578 train_loss:3.4060 train_time:1820899ms step_avg:481.46ms
step:3793/4578 train_loss:3.4368 train_time:1821375ms step_avg:481.46ms
step:3794/4578 train_loss:3.3491 train_time:1821854ms step_avg:481.46ms
step:3795/4578 train_loss:3.2369 train_time:1822330ms step_avg:481.46ms
step:3796/4578 train_loss:3.1315 train_time:1822815ms step_avg:481.46ms
step:3797/4578 train_loss:3.2955 train_time:1823293ms step_avg:481.46ms
step:3798/4578 train_loss:3.2735 train_time:1823766ms step_avg:481.46ms
step:3799/4578 train_loss:3.3475 train_time:1824244ms step_avg:481.46ms
step:3800/4578 train_loss:3.3605 train_time:1825007ms step_avg:481.53ms
step:3801/4578 train_loss:3.2111 train_time:1825478ms step_avg:481.53ms
step:3802/4578 train_loss:3.2538 train_time:1825956ms step_avg:481.53ms
step:3803/4578 train_loss:3.4656 train_time:1826435ms step_avg:481.53ms
step:3804/4578 train_loss:3.4654 train_time:1826914ms step_avg:481.53ms
step:3805/4578 train_loss:3.2871 train_time:1827394ms step_avg:481.53ms
step:3806/4578 train_loss:3.4684 train_time:1827874ms step_avg:481.53ms
step:3807/4578 train_loss:3.5086 train_time:1828356ms step_avg:481.53ms
step:3808/4578 train_loss:3.3593 train_time:1828833ms step_avg:481.53ms
step:3809/4578 train_loss:3.2432 train_time:1829310ms step_avg:481.52ms
step:3810/4578 train_loss:3.3238 train_time:1829787ms step_avg:481.52ms
step:3811/4578 train_loss:3.4227 train_time:1830270ms step_avg:481.52ms
step:3812/4578 train_loss:3.2267 train_time:1830742ms step_avg:481.52ms
step:3813/4578 train_loss:3.5523 train_time:1831219ms step_avg:481.52ms
step:3814/4578 train_loss:3.3748 train_time:1831718ms step_avg:481.52ms
step:3815/4578 train_loss:3.1516 train_time:1832201ms step_avg:481.52ms
step:3816/4578 train_loss:3.6204 train_time:1832675ms step_avg:481.52ms
step:3817/4578 train_loss:3.4215 train_time:1833163ms step_avg:481.52ms
step:3818/4578 train_loss:3.4435 train_time:1833643ms step_avg:481.52ms
step:3819/4578 train_loss:3.2485 train_time:1834121ms step_avg:481.52ms
step:3820/4578 train_loss:3.3186 train_time:1834599ms step_avg:481.52ms
step:3821/4578 train_loss:3.3025 train_time:1835095ms step_avg:481.53ms
step:3822/4578 train_loss:3.4088 train_time:1835568ms step_avg:481.52ms
step:3823/4578 train_loss:3.2000 train_time:1836050ms step_avg:481.52ms
step:3824/4578 train_loss:3.3334 train_time:1836530ms step_avg:481.52ms
step:3825/4578 train_loss:3.3221 train_time:1837004ms step_avg:481.52ms
step:3826/4578 train_loss:3.5359 train_time:1837482ms step_avg:481.52ms
step:3827/4578 train_loss:3.3935 train_time:1837964ms step_avg:481.52ms
step:3828/4578 train_loss:3.9692 train_time:1838451ms step_avg:481.52ms
step:3829/4578 train_loss:3.4165 train_time:1838927ms step_avg:481.52ms
step:3830/4578 train_loss:3.2894 train_time:1839404ms step_avg:481.52ms
step:3831/4578 train_loss:3.3390 train_time:1839887ms step_avg:481.52ms
step:3832/4578 train_loss:3.5911 train_time:1840365ms step_avg:481.52ms
step:3833/4578 train_loss:3.2662 train_time:1840838ms step_avg:481.52ms
step:3834/4578 train_loss:3.3970 train_time:1841321ms step_avg:481.52ms
step:3835/4578 train_loss:3.2973 train_time:1841800ms step_avg:481.52ms
step:3836/4578 train_loss:3.0813 train_time:1842276ms step_avg:481.51ms
step:3837/4578 train_loss:3.5418 train_time:1842753ms step_avg:481.51ms
step:3838/4578 train_loss:3.4345 train_time:1843228ms step_avg:481.51ms
step:3839/4578 train_loss:3.3306 train_time:1843711ms step_avg:481.51ms
step:3840/4578 train_loss:3.4308 train_time:1844190ms step_avg:481.51ms
step:3841/4578 train_loss:3.4575 train_time:1844668ms step_avg:481.51ms
step:3842/4578 train_loss:3.3073 train_time:1845146ms step_avg:481.51ms
step:3843/4578 train_loss:3.2686 train_time:1845625ms step_avg:481.51ms
step:3844/4578 train_loss:3.5646 train_time:1846104ms step_avg:481.51ms
step:3845/4578 train_loss:3.3111 train_time:1846581ms step_avg:481.51ms
step:3846/4578 train_loss:3.1231 train_time:1847060ms step_avg:481.51ms
step:3847/4578 train_loss:3.4768 train_time:1847541ms step_avg:481.51ms
step:3848/4578 train_loss:3.2886 train_time:1848017ms step_avg:481.51ms
step:3849/4578 train_loss:3.3712 train_time:1848494ms step_avg:481.50ms
step:3850/4578 train_loss:3.3512 train_time:1848973ms step_avg:481.50ms
step:3851/4578 train_loss:3.2879 train_time:1849450ms step_avg:481.50ms
step:3852/4578 train_loss:3.4187 train_time:1849930ms step_avg:481.50ms
step:3853/4578 train_loss:3.1617 train_time:1850406ms step_avg:481.50ms
step:3854/4578 train_loss:3.1344 train_time:1850882ms step_avg:481.50ms
step:3855/4578 train_loss:3.3582 train_time:1851368ms step_avg:481.50ms
step:3856/4578 train_loss:3.3458 train_time:1851845ms step_avg:481.50ms
step:3857/4578 train_loss:3.2819 train_time:1852324ms step_avg:481.50ms
step:3858/4578 train_loss:3.3613 train_time:1852801ms step_avg:481.50ms
step:3859/4578 train_loss:3.3100 train_time:1853288ms step_avg:481.50ms
step:3860/4578 train_loss:3.4180 train_time:1853761ms step_avg:481.50ms
step:3861/4578 train_loss:3.6027 train_time:1854237ms step_avg:481.49ms
step:3862/4578 train_loss:3.4071 train_time:1854719ms step_avg:481.50ms
step:3863/4578 train_loss:3.4210 train_time:1855197ms step_avg:481.49ms
step:3864/4578 train_loss:3.4244 train_time:1855671ms step_avg:481.49ms
step:3865/4578 train_loss:3.3806 train_time:1856152ms step_avg:481.49ms
step:3866/4578 train_loss:3.4617 train_time:1856627ms step_avg:481.49ms
step:3867/4578 train_loss:3.2937 train_time:1857109ms step_avg:481.49ms
step:3868/4578 train_loss:3.4529 train_time:1857586ms step_avg:481.49ms
step:3869/4578 train_loss:3.6666 train_time:1858063ms step_avg:481.49ms
step:3870/4578 train_loss:3.4740 train_time:1858546ms step_avg:481.49ms
step:3871/4578 train_loss:3.3351 train_time:1859029ms step_avg:481.49ms
step:3872/4578 train_loss:3.4413 train_time:1859513ms step_avg:481.49ms
step:3873/4578 train_loss:3.3567 train_time:1859995ms step_avg:481.49ms
step:3874/4578 train_loss:3.4995 train_time:1860474ms step_avg:481.49ms
step:3875/4578 train_loss:3.3802 train_time:1860958ms step_avg:481.49ms
step:3875/4578 val_loss:3.3416 train_time:1861278ms step_avg:481.57ms
step:3876/4578 train_loss:3.4165 train_time:1861436ms step_avg:481.49ms
step:3877/4578 train_loss:3.3776 train_time:1861913ms step_avg:481.49ms
step:3878/4578 train_loss:3.4045 train_time:1862397ms step_avg:481.49ms
step:3879/4578 train_loss:3.3259 train_time:1862869ms step_avg:481.49ms
step:3880/4578 train_loss:3.2830 train_time:1863352ms step_avg:481.49ms
step:3881/4578 train_loss:3.3182 train_time:1863833ms step_avg:481.49ms
step:3882/4578 train_loss:3.2925 train_time:1864310ms step_avg:481.49ms
step:3883/4578 train_loss:3.2657 train_time:1864794ms step_avg:481.49ms
step:3884/4578 train_loss:3.2634 train_time:1865269ms step_avg:481.48ms
step:3885/4578 train_loss:3.2569 train_time:1865748ms step_avg:481.48ms
step:3886/4578 train_loss:3.2300 train_time:1866238ms step_avg:481.49ms
step:3887/4578 train_loss:3.3199 train_time:1866722ms step_avg:481.49ms
step:3888/4578 train_loss:3.3335 train_time:1867200ms step_avg:481.49ms
step:3889/4578 train_loss:3.3758 train_time:1867679ms step_avg:481.48ms
step:3890/4578 train_loss:3.1840 train_time:1868159ms step_avg:481.48ms
step:3891/4578 train_loss:3.4395 train_time:1868633ms step_avg:481.48ms
step:3892/4578 train_loss:3.3607 train_time:1869115ms step_avg:481.48ms
step:3893/4578 train_loss:3.7728 train_time:1869592ms step_avg:481.48ms
step:3894/4578 train_loss:3.2527 train_time:1870072ms step_avg:481.48ms
step:3895/4578 train_loss:3.3833 train_time:1870573ms step_avg:481.49ms
step:3896/4578 train_loss:3.5193 train_time:1871030ms step_avg:481.48ms
step:3897/4578 train_loss:3.8978 train_time:1871506ms step_avg:481.48ms
step:3898/4578 train_loss:3.1243 train_time:1871988ms step_avg:481.48ms
step:3899/4578 train_loss:3.3933 train_time:1872468ms step_avg:481.48ms
step:3900/4578 train_loss:3.5396 train_time:1872946ms step_avg:481.48ms
step:3901/4578 train_loss:3.4246 train_time:1873430ms step_avg:481.48ms
step:3902/4578 train_loss:3.5223 train_time:1873903ms step_avg:481.48ms
step:3903/4578 train_loss:3.3384 train_time:1874378ms step_avg:481.47ms
step:3904/4578 train_loss:3.3220 train_time:1874859ms step_avg:481.47ms
step:3905/4578 train_loss:3.2834 train_time:1875332ms step_avg:481.47ms
step:3906/4578 train_loss:3.3131 train_time:1875812ms step_avg:481.47ms
step:3907/4578 train_loss:3.4484 train_time:1876293ms step_avg:481.47ms
step:3908/4578 train_loss:3.4117 train_time:1876783ms step_avg:481.47ms
step:3909/4578 train_loss:3.3859 train_time:1877262ms step_avg:481.47ms
step:3910/4578 train_loss:3.3436 train_time:1877748ms step_avg:481.47ms
step:3911/4578 train_loss:3.2648 train_time:1878219ms step_avg:481.47ms
step:3912/4578 train_loss:3.2848 train_time:1878695ms step_avg:481.47ms
step:3913/4578 train_loss:3.3027 train_time:1879155ms step_avg:481.46ms
step:3914/4578 train_loss:3.5692 train_time:1879634ms step_avg:481.46ms
step:3915/4578 train_loss:3.2865 train_time:1880110ms step_avg:481.46ms
step:3916/4578 train_loss:3.2068 train_time:1880587ms step_avg:481.46ms
step:3917/4578 train_loss:3.2296 train_time:1881066ms step_avg:481.46ms
step:3918/4578 train_loss:3.3791 train_time:1881542ms step_avg:481.46ms
step:3919/4578 train_loss:3.6319 train_time:1882020ms step_avg:481.46ms
step:3920/4578 train_loss:3.2714 train_time:1882500ms step_avg:481.46ms
step:3921/4578 train_loss:3.2137 train_time:1882976ms step_avg:481.46ms
step:3922/4578 train_loss:3.4072 train_time:1883455ms step_avg:481.46ms
step:3923/4578 train_loss:3.2917 train_time:1883937ms step_avg:481.46ms
step:3924/4578 train_loss:3.3722 train_time:1884413ms step_avg:481.45ms
step:3925/4578 train_loss:3.4279 train_time:1884890ms step_avg:481.45ms
step:3926/4578 train_loss:3.4524 train_time:1885371ms step_avg:481.45ms
step:3927/4578 train_loss:3.3225 train_time:1885845ms step_avg:481.45ms
step:3928/4578 train_loss:3.4027 train_time:1886322ms step_avg:481.45ms
step:3929/4578 train_loss:3.2980 train_time:1886800ms step_avg:481.45ms
step:3930/4578 train_loss:3.6281 train_time:1887281ms step_avg:481.45ms
step:3931/4578 train_loss:3.3799 train_time:1887761ms step_avg:481.45ms
step:3932/4578 train_loss:3.4388 train_time:1888241ms step_avg:481.45ms
step:3933/4578 train_loss:3.3604 train_time:1888715ms step_avg:481.45ms
step:3934/4578 train_loss:3.3625 train_time:1889197ms step_avg:481.45ms
step:3935/4578 train_loss:3.4174 train_time:1889677ms step_avg:481.45ms
step:3936/4578 train_loss:3.4663 train_time:1890155ms step_avg:481.45ms
step:3937/4578 train_loss:3.4220 train_time:1890632ms step_avg:481.44ms
step:3938/4578 train_loss:3.4441 train_time:1891113ms step_avg:481.44ms
step:3939/4578 train_loss:3.3418 train_time:1891589ms step_avg:481.44ms
step:3940/4578 train_loss:3.2886 train_time:1892068ms step_avg:481.44ms
step:3941/4578 train_loss:3.2785 train_time:1892547ms step_avg:481.44ms
step:3942/4578 train_loss:3.4125 train_time:1893033ms step_avg:481.44ms
step:3943/4578 train_loss:3.5995 train_time:1893516ms step_avg:481.44ms
step:3944/4578 train_loss:3.4038 train_time:1893999ms step_avg:481.44ms
step:3945/4578 train_loss:3.0994 train_time:1894476ms step_avg:481.44ms
step:3946/4578 train_loss:3.3712 train_time:1894951ms step_avg:481.44ms
step:3947/4578 train_loss:3.2047 train_time:1895433ms step_avg:481.44ms
step:3948/4578 train_loss:3.2833 train_time:1895911ms step_avg:481.44ms
step:3949/4578 train_loss:3.2023 train_time:1896391ms step_avg:481.44ms
step:3950/4578 train_loss:3.4094 train_time:1896875ms step_avg:481.44ms
step:3951/4578 train_loss:3.3589 train_time:1897354ms step_avg:481.44ms
step:3952/4578 train_loss:3.0521 train_time:1897833ms step_avg:481.44ms
step:3953/4578 train_loss:3.2204 train_time:1898312ms step_avg:481.44ms
step:3954/4578 train_loss:3.4171 train_time:1898791ms step_avg:481.44ms
step:3955/4578 train_loss:3.3060 train_time:1899265ms step_avg:481.44ms
step:3956/4578 train_loss:3.2477 train_time:1899745ms step_avg:481.44ms
step:3957/4578 train_loss:3.2900 train_time:1900222ms step_avg:481.43ms
step:3958/4578 train_loss:3.0271 train_time:1900702ms step_avg:481.43ms
step:3959/4578 train_loss:3.3591 train_time:1901183ms step_avg:481.43ms
step:3960/4578 train_loss:3.4315 train_time:1901660ms step_avg:481.43ms
step:3961/4578 train_loss:3.2781 train_time:1902139ms step_avg:481.43ms
step:3962/4578 train_loss:3.3941 train_time:1902616ms step_avg:481.43ms
step:3963/4578 train_loss:3.4636 train_time:1903094ms step_avg:481.43ms
step:3964/4578 train_loss:3.3851 train_time:1903575ms step_avg:481.43ms
step:3965/4578 train_loss:3.2286 train_time:1904057ms step_avg:481.43ms
step:3966/4578 train_loss:3.4004 train_time:1904533ms step_avg:481.43ms
step:3967/4578 train_loss:3.4225 train_time:1905013ms step_avg:481.43ms
step:3968/4578 train_loss:3.2472 train_time:1905491ms step_avg:481.43ms
step:3969/4578 train_loss:3.3758 train_time:1905970ms step_avg:481.43ms
step:3970/4578 train_loss:3.3114 train_time:1906447ms step_avg:481.43ms
step:3971/4578 train_loss:3.5528 train_time:1906922ms step_avg:481.42ms
step:3972/4578 train_loss:3.3599 train_time:1907403ms step_avg:481.42ms
step:3973/4578 train_loss:3.4388 train_time:1907876ms step_avg:481.42ms
step:3974/4578 train_loss:3.3997 train_time:1908355ms step_avg:481.42ms
step:3975/4578 train_loss:3.3369 train_time:1908833ms step_avg:481.42ms
step:3976/4578 train_loss:3.4518 train_time:1909310ms step_avg:481.42ms
step:3977/4578 train_loss:3.2279 train_time:1909793ms step_avg:481.42ms
step:3978/4578 train_loss:3.3706 train_time:1910270ms step_avg:481.42ms
step:3979/4578 train_loss:3.4554 train_time:1910750ms step_avg:481.42ms
step:3980/4578 train_loss:3.3590 train_time:1911228ms step_avg:481.42ms
step:3981/4578 train_loss:3.3704 train_time:1911717ms step_avg:481.42ms
step:3982/4578 train_loss:3.7668 train_time:1912198ms step_avg:481.42ms
step:3983/4578 train_loss:3.2656 train_time:1912677ms step_avg:481.42ms
step:3984/4578 train_loss:3.3729 train_time:1913154ms step_avg:481.42ms
step:3985/4578 train_loss:3.3084 train_time:1913631ms step_avg:481.42ms
step:3986/4578 train_loss:3.4294 train_time:1914117ms step_avg:481.42ms
step:3987/4578 train_loss:3.2903 train_time:1914601ms step_avg:481.42ms
step:3988/4578 train_loss:3.3735 train_time:1915079ms step_avg:481.42ms
step:3989/4578 train_loss:2.5669 train_time:1915556ms step_avg:481.42ms
step:3990/4578 train_loss:3.3038 train_time:1916809ms step_avg:481.61ms
step:3991/4578 train_loss:3.3386 train_time:1917285ms step_avg:481.61ms
step:3992/4578 train_loss:3.2175 train_time:1917762ms step_avg:481.61ms
step:3993/4578 train_loss:3.3372 train_time:1918237ms step_avg:481.61ms
step:3994/4578 train_loss:3.5740 train_time:1918716ms step_avg:481.61ms
step:3995/4578 train_loss:3.1661 train_time:1919208ms step_avg:481.61ms
step:3996/4578 train_loss:3.2226 train_time:1919688ms step_avg:481.61ms
step:3997/4578 train_loss:3.3795 train_time:1920166ms step_avg:481.61ms
step:3998/4578 train_loss:3.2802 train_time:1920645ms step_avg:481.61ms
step:3999/4578 train_loss:3.2201 train_time:1921132ms step_avg:481.61ms
step:4000/4578 train_loss:3.4715 train_time:1921600ms step_avg:481.60ms
step:4000/4578 val_loss:3.3266 train_time:1921920ms step_avg:481.68ms
step:4001/4578 train_loss:3.3499 train_time:1922097ms step_avg:481.61ms
step:4002/4578 train_loss:3.6397 train_time:1922569ms step_avg:481.61ms
step:4003/4578 train_loss:3.2193 train_time:1923037ms step_avg:481.60ms
step:4004/4578 train_loss:3.3657 train_time:1923525ms step_avg:481.60ms
step:4005/4578 train_loss:3.3256 train_time:1924007ms step_avg:481.60ms
step:4006/4578 train_loss:3.2908 train_time:1924483ms step_avg:481.60ms
step:4007/4578 train_loss:3.2199 train_time:1924961ms step_avg:481.60ms
step:4008/4578 train_loss:3.4089 train_time:1925450ms step_avg:481.60ms
step:4009/4578 train_loss:3.2723 train_time:1925923ms step_avg:481.60ms
step:4010/4578 train_loss:3.3281 train_time:1926400ms step_avg:481.60ms
step:4011/4578 train_loss:3.3390 train_time:1926879ms step_avg:481.60ms
step:4012/4578 train_loss:3.1561 train_time:1927355ms step_avg:481.60ms
step:4013/4578 train_loss:3.4225 train_time:1927832ms step_avg:481.60ms
step:4014/4578 train_loss:3.3379 train_time:1928314ms step_avg:481.60ms
step:4015/4578 train_loss:3.3293 train_time:1928787ms step_avg:481.59ms
step:4016/4578 train_loss:3.4289 train_time:1929269ms step_avg:481.59ms
step:4017/4578 train_loss:3.5466 train_time:1929767ms step_avg:481.60ms
step:4018/4578 train_loss:3.1389 train_time:1930247ms step_avg:481.60ms
step:4019/4578 train_loss:3.4135 train_time:1930727ms step_avg:481.60ms
step:4020/4578 train_loss:3.2258 train_time:1931204ms step_avg:481.60ms
step:4021/4578 train_loss:3.4819 train_time:1931681ms step_avg:481.60ms
step:4022/4578 train_loss:3.5393 train_time:1932159ms step_avg:481.59ms
step:4023/4578 train_loss:3.5380 train_time:1932635ms step_avg:481.59ms
step:4024/4578 train_loss:3.4057 train_time:1933113ms step_avg:481.59ms
step:4025/4578 train_loss:3.3193 train_time:1933594ms step_avg:481.59ms
step:4026/4578 train_loss:3.1343 train_time:1934072ms step_avg:481.59ms
step:4027/4578 train_loss:3.4255 train_time:1934547ms step_avg:481.59ms
step:4028/4578 train_loss:3.3772 train_time:1935018ms step_avg:481.59ms
step:4029/4578 train_loss:3.2689 train_time:1935488ms step_avg:481.58ms
step:4030/4578 train_loss:3.2360 train_time:1935964ms step_avg:481.58ms
step:4031/4578 train_loss:3.3039 train_time:1936447ms step_avg:481.58ms
step:4032/4578 train_loss:3.4046 train_time:1936922ms step_avg:481.58ms
step:4033/4578 train_loss:3.3765 train_time:1937399ms step_avg:481.58ms
step:4034/4578 train_loss:3.3261 train_time:1937874ms step_avg:481.58ms
step:4035/4578 train_loss:3.3064 train_time:1938354ms step_avg:481.58ms
step:4036/4578 train_loss:3.2394 train_time:1938832ms step_avg:481.58ms
step:4037/4578 train_loss:3.3978 train_time:1939314ms step_avg:481.58ms
step:4038/4578 train_loss:3.2994 train_time:1939790ms step_avg:481.58ms
step:4039/4578 train_loss:3.3535 train_time:1940264ms step_avg:481.57ms
step:4040/4578 train_loss:3.2819 train_time:1940747ms step_avg:481.57ms
step:4041/4578 train_loss:3.3092 train_time:1941223ms step_avg:481.57ms
step:4042/4578 train_loss:3.4814 train_time:1941701ms step_avg:481.57ms
step:4043/4578 train_loss:3.3658 train_time:1942180ms step_avg:481.57ms
step:4044/4578 train_loss:3.3529 train_time:1942663ms step_avg:481.57ms
step:4045/4578 train_loss:3.4666 train_time:1943140ms step_avg:481.57ms
step:4046/4578 train_loss:3.2800 train_time:1943619ms step_avg:481.57ms
step:4047/4578 train_loss:3.3638 train_time:1944095ms step_avg:481.57ms
step:4048/4578 train_loss:3.5206 train_time:1944571ms step_avg:481.57ms
step:4049/4578 train_loss:3.3082 train_time:1945048ms step_avg:481.57ms
step:4050/4578 train_loss:3.4235 train_time:1945527ms step_avg:481.57ms
step:4051/4578 train_loss:3.1433 train_time:1946004ms step_avg:481.56ms
step:4052/4578 train_loss:3.1514 train_time:1946497ms step_avg:481.57ms
step:4053/4578 train_loss:3.4519 train_time:1946974ms step_avg:481.57ms
step:4054/4578 train_loss:3.2550 train_time:1947451ms step_avg:481.57ms
step:4055/4578 train_loss:3.4384 train_time:1947930ms step_avg:481.56ms
step:4056/4578 train_loss:3.4823 train_time:1948409ms step_avg:481.56ms
step:4057/4578 train_loss:3.2816 train_time:1948890ms step_avg:481.56ms
step:4058/4578 train_loss:3.1294 train_time:1949366ms step_avg:481.56ms
step:4059/4578 train_loss:3.4102 train_time:1949849ms step_avg:481.56ms
step:4060/4578 train_loss:3.1826 train_time:1950326ms step_avg:481.56ms
step:4061/4578 train_loss:3.3062 train_time:1950802ms step_avg:481.56ms
step:4062/4578 train_loss:3.4991 train_time:1951280ms step_avg:481.56ms
step:4063/4578 train_loss:3.5208 train_time:1951766ms step_avg:481.56ms
step:4064/4578 train_loss:2.7777 train_time:1952242ms step_avg:481.56ms
step:4065/4578 train_loss:3.2964 train_time:1952721ms step_avg:481.56ms
step:4066/4578 train_loss:3.1020 train_time:1953199ms step_avg:481.56ms
step:4067/4578 train_loss:3.5231 train_time:1953686ms step_avg:481.56ms
step:4068/4578 train_loss:3.3150 train_time:1954164ms step_avg:481.56ms
step:4069/4578 train_loss:3.3741 train_time:1954653ms step_avg:481.56ms
step:4070/4578 train_loss:3.3555 train_time:1955139ms step_avg:481.56ms
step:4071/4578 train_loss:3.1806 train_time:1955615ms step_avg:481.56ms
step:4072/4578 train_loss:3.5501 train_time:1956097ms step_avg:481.56ms
step:4073/4578 train_loss:3.4038 train_time:1956571ms step_avg:481.56ms
step:4074/4578 train_loss:3.3943 train_time:1957051ms step_avg:481.56ms
step:4075/4578 train_loss:3.3913 train_time:1957532ms step_avg:481.56ms
step:4076/4578 train_loss:3.3349 train_time:1958011ms step_avg:481.56ms
step:4077/4578 train_loss:3.2064 train_time:1958484ms step_avg:481.55ms
step:4078/4578 train_loss:3.4204 train_time:1958962ms step_avg:481.55ms
step:4079/4578 train_loss:3.4044 train_time:1959440ms step_avg:481.55ms
step:4080/4578 train_loss:3.1640 train_time:1959921ms step_avg:481.55ms
step:4081/4578 train_loss:3.3894 train_time:1960403ms step_avg:481.55ms
step:4082/4578 train_loss:3.2560 train_time:1960875ms step_avg:481.55ms
step:4083/4578 train_loss:3.2704 train_time:1961358ms step_avg:481.55ms
step:4084/4578 train_loss:3.4067 train_time:1961839ms step_avg:481.55ms
step:4085/4578 train_loss:3.4036 train_time:1962315ms step_avg:481.55ms
step:4086/4578 train_loss:3.2761 train_time:1962792ms step_avg:481.55ms
step:4087/4578 train_loss:3.4249 train_time:1963275ms step_avg:481.55ms
step:4088/4578 train_loss:3.4363 train_time:1963756ms step_avg:481.55ms
step:4089/4578 train_loss:3.3300 train_time:1964235ms step_avg:481.55ms
step:4090/4578 train_loss:3.3809 train_time:1964713ms step_avg:481.55ms
step:4091/4578 train_loss:3.2435 train_time:1965190ms step_avg:481.55ms
step:4092/4578 train_loss:3.3381 train_time:1965669ms step_avg:481.55ms
step:4093/4578 train_loss:3.3322 train_time:1966148ms step_avg:481.55ms
step:4094/4578 train_loss:3.6225 train_time:1966633ms step_avg:481.55ms
step:4095/4578 train_loss:3.3817 train_time:1967108ms step_avg:481.54ms
step:4096/4578 train_loss:3.2270 train_time:1967582ms step_avg:481.54ms
step:4097/4578 train_loss:3.3907 train_time:1968061ms step_avg:481.54ms
step:4098/4578 train_loss:3.1771 train_time:1968544ms step_avg:481.54ms
step:4099/4578 train_loss:3.2318 train_time:1969021ms step_avg:481.54ms
step:4100/4578 train_loss:3.2173 train_time:1969496ms step_avg:481.54ms
step:4101/4578 train_loss:3.2241 train_time:1969972ms step_avg:481.54ms
step:4102/4578 train_loss:3.4126 train_time:1970468ms step_avg:481.54ms
step:4103/4578 train_loss:3.3898 train_time:1970948ms step_avg:481.54ms
step:4104/4578 train_loss:3.1096 train_time:1971412ms step_avg:481.54ms
step:4105/4578 train_loss:3.2874 train_time:1971908ms step_avg:481.54ms
step:4106/4578 train_loss:3.2713 train_time:1972370ms step_avg:481.54ms
step:4107/4578 train_loss:3.4223 train_time:1972845ms step_avg:481.53ms
step:4108/4578 train_loss:3.3706 train_time:1973323ms step_avg:481.53ms
step:4109/4578 train_loss:3.3245 train_time:1973803ms step_avg:481.53ms
step:4110/4578 train_loss:3.5968 train_time:1974295ms step_avg:481.54ms
step:4111/4578 train_loss:3.5663 train_time:1974779ms step_avg:481.54ms
step:4112/4578 train_loss:3.1338 train_time:1975250ms step_avg:481.53ms
step:4113/4578 train_loss:3.2864 train_time:1975735ms step_avg:481.53ms
step:4114/4578 train_loss:3.1795 train_time:1976210ms step_avg:481.53ms
step:4115/4578 train_loss:3.4390 train_time:1976687ms step_avg:481.53ms
step:4116/4578 train_loss:3.4244 train_time:1977163ms step_avg:481.53ms
step:4117/4578 train_loss:3.8311 train_time:1977644ms step_avg:481.53ms
step:4118/4578 train_loss:3.2487 train_time:1978117ms step_avg:481.53ms
step:4119/4578 train_loss:3.4369 train_time:1978595ms step_avg:481.53ms
step:4120/4578 train_loss:3.3830 train_time:1979087ms step_avg:481.53ms
step:4121/4578 train_loss:3.3515 train_time:1979566ms step_avg:481.53ms
step:4122/4578 train_loss:3.4839 train_time:1980039ms step_avg:481.53ms
step:4123/4578 train_loss:3.3882 train_time:1980529ms step_avg:481.53ms
step:4124/4578 train_loss:3.1463 train_time:1981009ms step_avg:481.53ms
step:4125/4578 train_loss:3.2922 train_time:1981490ms step_avg:481.53ms
step:4125/4578 val_loss:3.3131 train_time:1981809ms step_avg:481.61ms
step:4126/4578 train_loss:3.5459 train_time:1981966ms step_avg:481.53ms
step:4127/4578 train_loss:3.3010 train_time:1982442ms step_avg:481.53ms
step:4128/4578 train_loss:3.3908 train_time:1982919ms step_avg:481.52ms
step:4129/4578 train_loss:3.2734 train_time:1983398ms step_avg:481.52ms
step:4130/4578 train_loss:3.1727 train_time:1983877ms step_avg:481.52ms
step:4131/4578 train_loss:3.4969 train_time:1984355ms step_avg:481.52ms
step:4132/4578 train_loss:3.4487 train_time:1984834ms step_avg:481.52ms
step:4133/4578 train_loss:3.2069 train_time:1985312ms step_avg:481.52ms
step:4134/4578 train_loss:3.5196 train_time:1985791ms step_avg:481.52ms
step:4135/4578 train_loss:3.3930 train_time:1986274ms step_avg:481.52ms
step:4136/4578 train_loss:3.3243 train_time:1986748ms step_avg:481.52ms
step:4137/4578 train_loss:3.4495 train_time:1987227ms step_avg:481.52ms
step:4138/4578 train_loss:3.2408 train_time:1987720ms step_avg:481.52ms
step:4139/4578 train_loss:3.3244 train_time:1988184ms step_avg:481.52ms
step:4140/4578 train_loss:3.4172 train_time:1988658ms step_avg:481.52ms
step:4141/4578 train_loss:3.5117 train_time:1989136ms step_avg:481.51ms
step:4142/4578 train_loss:3.3226 train_time:1989627ms step_avg:481.52ms
step:4143/4578 train_loss:3.3527 train_time:1990104ms step_avg:481.52ms
step:4144/4578 train_loss:3.2963 train_time:1990585ms step_avg:481.52ms
step:4145/4578 train_loss:3.2848 train_time:1991074ms step_avg:481.52ms
step:4146/4578 train_loss:3.3593 train_time:1991552ms step_avg:481.52ms
step:4147/4578 train_loss:3.2381 train_time:1992029ms step_avg:481.52ms
step:4148/4578 train_loss:3.4312 train_time:1992507ms step_avg:481.51ms
step:4149/4578 train_loss:3.2359 train_time:1992985ms step_avg:481.51ms
step:4150/4578 train_loss:3.2126 train_time:1993464ms step_avg:481.51ms
step:4151/4578 train_loss:3.2307 train_time:1993928ms step_avg:481.51ms
step:4152/4578 train_loss:3.1444 train_time:1994403ms step_avg:481.51ms
step:4153/4578 train_loss:3.1460 train_time:1994892ms step_avg:481.51ms
step:4154/4578 train_loss:3.4169 train_time:1995373ms step_avg:481.51ms
step:4155/4578 train_loss:3.5562 train_time:1995845ms step_avg:481.51ms
step:4156/4578 train_loss:3.3641 train_time:1996321ms step_avg:481.51ms
step:4157/4578 train_loss:3.2190 train_time:1996799ms step_avg:481.50ms
step:4158/4578 train_loss:3.3648 train_time:1997275ms step_avg:481.50ms
step:4159/4578 train_loss:3.2710 train_time:1997885ms step_avg:481.53ms
step:4160/4578 train_loss:3.1954 train_time:1998364ms step_avg:481.53ms
step:4161/4578 train_loss:3.4106 train_time:1998839ms step_avg:481.53ms
step:4162/4578 train_loss:3.2680 train_time:1999310ms step_avg:481.53ms
step:4163/4578 train_loss:3.4386 train_time:1999792ms step_avg:481.53ms
step:4164/4578 train_loss:3.1398 train_time:2000271ms step_avg:481.53ms
step:4165/4578 train_loss:3.2183 train_time:2000751ms step_avg:481.53ms
step:4166/4578 train_loss:3.2008 train_time:2001232ms step_avg:481.53ms
step:4167/4578 train_loss:3.3637 train_time:2001712ms step_avg:481.53ms
step:4168/4578 train_loss:3.3001 train_time:2002186ms step_avg:481.53ms
step:4169/4578 train_loss:3.3116 train_time:2002664ms step_avg:481.53ms
step:4170/4578 train_loss:3.1989 train_time:2003142ms step_avg:481.52ms
step:4171/4578 train_loss:3.4093 train_time:2003622ms step_avg:481.52ms
step:4172/4578 train_loss:3.3526 train_time:2004095ms step_avg:481.52ms
step:4173/4578 train_loss:3.4778 train_time:2004578ms step_avg:481.52ms
step:4174/4578 train_loss:3.5586 train_time:2005052ms step_avg:481.52ms
step:4175/4578 train_loss:3.3173 train_time:2005531ms step_avg:481.52ms
step:4176/4578 train_loss:3.4776 train_time:2006009ms step_avg:481.52ms
step:4177/4578 train_loss:3.3532 train_time:2006487ms step_avg:481.52ms
step:4178/4578 train_loss:3.2220 train_time:2006968ms step_avg:481.52ms
step:4179/4578 train_loss:3.4154 train_time:2007442ms step_avg:481.52ms
step:4180/4578 train_loss:3.3416 train_time:2008214ms step_avg:481.59ms
step:4181/4578 train_loss:3.2896 train_time:2008687ms step_avg:481.58ms
step:4182/4578 train_loss:3.3313 train_time:2009166ms step_avg:481.58ms
step:4183/4578 train_loss:3.3678 train_time:2009643ms step_avg:481.58ms
step:4184/4578 train_loss:3.6500 train_time:2010121ms step_avg:481.58ms
step:4185/4578 train_loss:3.3417 train_time:2010601ms step_avg:481.58ms
step:4186/4578 train_loss:3.1779 train_time:2011082ms step_avg:481.58ms
step:4187/4578 train_loss:3.3630 train_time:2011561ms step_avg:481.58ms
step:4188/4578 train_loss:3.3660 train_time:2012038ms step_avg:481.58ms
step:4189/4578 train_loss:3.3159 train_time:2012524ms step_avg:481.58ms
step:4190/4578 train_loss:3.1829 train_time:2013001ms step_avg:481.58ms
step:4191/4578 train_loss:3.4435 train_time:2013479ms step_avg:481.58ms
step:4192/4578 train_loss:3.3013 train_time:2013958ms step_avg:481.58ms
step:4193/4578 train_loss:3.3305 train_time:2014435ms step_avg:481.58ms
step:4194/4578 train_loss:3.4552 train_time:2014921ms step_avg:481.58ms
step:4195/4578 train_loss:3.2270 train_time:2015401ms step_avg:481.58ms
step:4196/4578 train_loss:3.3381 train_time:2015880ms step_avg:481.58ms
step:4197/4578 train_loss:3.7744 train_time:2016355ms step_avg:481.58ms
step:4198/4578 train_loss:2.8063 train_time:2016836ms step_avg:481.57ms
step:4199/4578 train_loss:3.5480 train_time:2017314ms step_avg:481.57ms
step:4200/4578 train_loss:3.4550 train_time:2017790ms step_avg:481.57ms
step:4201/4578 train_loss:3.1632 train_time:2018271ms step_avg:481.57ms
step:4202/4578 train_loss:3.3251 train_time:2018752ms step_avg:481.57ms
step:4203/4578 train_loss:3.3284 train_time:2019226ms step_avg:481.57ms
step:4204/4578 train_loss:3.1717 train_time:2019706ms step_avg:481.57ms
step:4205/4578 train_loss:3.2374 train_time:2020186ms step_avg:481.57ms
step:4206/4578 train_loss:3.2796 train_time:2020660ms step_avg:481.57ms
step:4207/4578 train_loss:4.0746 train_time:2021136ms step_avg:481.57ms
step:4208/4578 train_loss:3.3908 train_time:2021615ms step_avg:481.57ms
step:4209/4578 train_loss:3.4885 train_time:2022093ms step_avg:481.57ms
step:4210/4578 train_loss:3.3357 train_time:2022572ms step_avg:481.56ms
step:4211/4578 train_loss:3.6147 train_time:2023062ms step_avg:481.57ms
step:4212/4578 train_loss:3.3688 train_time:2023540ms step_avg:481.57ms
step:4213/4578 train_loss:3.4226 train_time:2024013ms step_avg:481.56ms
step:4214/4578 train_loss:3.1701 train_time:2024497ms step_avg:481.56ms
step:4215/4578 train_loss:3.2392 train_time:2024974ms step_avg:481.56ms
step:4216/4578 train_loss:3.4087 train_time:2025454ms step_avg:481.56ms
step:4217/4578 train_loss:3.2251 train_time:2025933ms step_avg:481.56ms
step:4218/4578 train_loss:3.3216 train_time:2026407ms step_avg:481.56ms
step:4219/4578 train_loss:3.4251 train_time:2026885ms step_avg:481.56ms
step:4220/4578 train_loss:3.1521 train_time:2027367ms step_avg:481.56ms
step:4221/4578 train_loss:3.2767 train_time:2027845ms step_avg:481.56ms
step:4222/4578 train_loss:3.3986 train_time:2028323ms step_avg:481.56ms
step:4223/4578 train_loss:3.3352 train_time:2028810ms step_avg:481.56ms
step:4224/4578 train_loss:3.5619 train_time:2029289ms step_avg:481.56ms
step:4225/4578 train_loss:3.2852 train_time:2029767ms step_avg:481.56ms
step:4226/4578 train_loss:3.7066 train_time:2030244ms step_avg:481.56ms
step:4227/4578 train_loss:3.4124 train_time:2030725ms step_avg:481.56ms
step:4228/4578 train_loss:3.3342 train_time:2031204ms step_avg:481.56ms
step:4229/4578 train_loss:3.2921 train_time:2031681ms step_avg:481.56ms
step:4230/4578 train_loss:3.2428 train_time:2032161ms step_avg:481.55ms
step:4231/4578 train_loss:3.4117 train_time:2032639ms step_avg:481.55ms
step:4232/4578 train_loss:3.2686 train_time:2033119ms step_avg:481.55ms
step:4233/4578 train_loss:3.3909 train_time:2033594ms step_avg:481.55ms
step:4234/4578 train_loss:3.4960 train_time:2034072ms step_avg:481.55ms
step:4235/4578 train_loss:3.3956 train_time:2034554ms step_avg:481.55ms
step:4236/4578 train_loss:3.2685 train_time:2035027ms step_avg:481.55ms
step:4237/4578 train_loss:3.3870 train_time:2035512ms step_avg:481.55ms
step:4238/4578 train_loss:3.2728 train_time:2035998ms step_avg:481.55ms
step:4239/4578 train_loss:3.3026 train_time:2036469ms step_avg:481.55ms
step:4240/4578 train_loss:3.3391 train_time:2036945ms step_avg:481.55ms
step:4241/4578 train_loss:3.3870 train_time:2037425ms step_avg:481.55ms
step:4242/4578 train_loss:3.2802 train_time:2037910ms step_avg:481.55ms
step:4243/4578 train_loss:3.4336 train_time:2038388ms step_avg:481.55ms
step:4244/4578 train_loss:3.2629 train_time:2038861ms step_avg:481.54ms
step:4245/4578 train_loss:3.2051 train_time:2039343ms step_avg:481.54ms
step:4246/4578 train_loss:3.5787 train_time:2039817ms step_avg:481.54ms
step:4247/4578 train_loss:3.0988 train_time:2040295ms step_avg:481.54ms
step:4248/4578 train_loss:3.0797 train_time:2040779ms step_avg:481.54ms
step:4249/4578 train_loss:3.3363 train_time:2041255ms step_avg:481.54ms
step:4250/4578 train_loss:3.8487 train_time:2041740ms step_avg:481.54ms
step:4250/4578 val_loss:3.3007 train_time:2042055ms step_avg:481.62ms
step:4251/4578 train_loss:3.2346 train_time:2042216ms step_avg:481.54ms
step:4252/4578 train_loss:3.6261 train_time:2042695ms step_avg:481.54ms
step:4253/4578 train_loss:3.3493 train_time:2043174ms step_avg:481.54ms
step:4254/4578 train_loss:3.1845 train_time:2043653ms step_avg:481.54ms
step:4255/4578 train_loss:3.2548 train_time:2044130ms step_avg:481.54ms
step:4256/4578 train_loss:3.1478 train_time:2044606ms step_avg:481.54ms
step:4257/4578 train_loss:3.4439 train_time:2045094ms step_avg:481.54ms
step:4258/4578 train_loss:3.4107 train_time:2045575ms step_avg:481.54ms
step:4259/4578 train_loss:3.3451 train_time:2046052ms step_avg:481.54ms
step:4260/4578 train_loss:3.4242 train_time:2046534ms step_avg:481.54ms
step:4261/4578 train_loss:3.3549 train_time:2047014ms step_avg:481.54ms
step:4262/4578 train_loss:3.3072 train_time:2047496ms step_avg:481.54ms
step:4263/4578 train_loss:3.3045 train_time:2047970ms step_avg:481.54ms
step:4264/4578 train_loss:3.4853 train_time:2048455ms step_avg:481.54ms
step:4265/4578 train_loss:3.1774 train_time:2048938ms step_avg:481.54ms
step:4266/4578 train_loss:3.2537 train_time:2049420ms step_avg:481.54ms
step:4267/4578 train_loss:3.2546 train_time:2049897ms step_avg:481.54ms
step:4268/4578 train_loss:3.2369 train_time:2050376ms step_avg:481.53ms
step:4269/4578 train_loss:3.9951 train_time:2050851ms step_avg:481.53ms
step:4270/4578 train_loss:3.2324 train_time:2051333ms step_avg:481.53ms
step:4271/4578 train_loss:3.3032 train_time:2051811ms step_avg:481.53ms
step:4272/4578 train_loss:3.3505 train_time:2052286ms step_avg:481.53ms
step:4273/4578 train_loss:3.4534 train_time:2052763ms step_avg:481.53ms
step:4274/4578 train_loss:3.4691 train_time:2053246ms step_avg:481.53ms
step:4275/4578 train_loss:3.3274 train_time:2053725ms step_avg:481.53ms
step:4276/4578 train_loss:3.5100 train_time:2054207ms step_avg:481.53ms
step:4277/4578 train_loss:3.2052 train_time:2054685ms step_avg:481.53ms
step:4278/4578 train_loss:3.2221 train_time:2055168ms step_avg:481.53ms
step:4279/4578 train_loss:3.1737 train_time:2055648ms step_avg:481.53ms
step:4280/4578 train_loss:3.2649 train_time:2056126ms step_avg:481.53ms
step:4281/4578 train_loss:3.4272 train_time:2056603ms step_avg:481.53ms
step:4282/4578 train_loss:3.4044 train_time:2057081ms step_avg:481.53ms
step:4283/4578 train_loss:3.3172 train_time:2057559ms step_avg:481.53ms
step:4284/4578 train_loss:3.4085 train_time:2058033ms step_avg:481.52ms
step:4285/4578 train_loss:3.3703 train_time:2058512ms step_avg:481.52ms
step:4286/4578 train_loss:3.3399 train_time:2059014ms step_avg:481.53ms
step:4287/4578 train_loss:3.2039 train_time:2059490ms step_avg:481.53ms
step:4288/4578 train_loss:3.3893 train_time:2059972ms step_avg:481.53ms
step:4289/4578 train_loss:3.3339 train_time:2060449ms step_avg:481.53ms
step:4290/4578 train_loss:3.3577 train_time:2060925ms step_avg:481.52ms
step:4291/4578 train_loss:3.2701 train_time:2061406ms step_avg:481.52ms
step:4292/4578 train_loss:3.3599 train_time:2061882ms step_avg:481.52ms
step:4293/4578 train_loss:3.3206 train_time:2062363ms step_avg:481.52ms
step:4294/4578 train_loss:3.1969 train_time:2062846ms step_avg:481.52ms
step:4295/4578 train_loss:3.4718 train_time:2063326ms step_avg:481.52ms
step:4296/4578 train_loss:3.3515 train_time:2063803ms step_avg:481.52ms
step:4297/4578 train_loss:3.2739 train_time:2064280ms step_avg:481.52ms
step:4298/4578 train_loss:3.3507 train_time:2064758ms step_avg:481.52ms
step:4299/4578 train_loss:3.4764 train_time:2065236ms step_avg:481.52ms
step:4300/4578 train_loss:3.2003 train_time:2065712ms step_avg:481.52ms
step:4301/4578 train_loss:3.1879 train_time:2066191ms step_avg:481.52ms
step:4302/4578 train_loss:3.2933 train_time:2066671ms step_avg:481.52ms
step:4303/4578 train_loss:3.2647 train_time:2067154ms step_avg:481.52ms
step:4304/4578 train_loss:3.2713 train_time:2067630ms step_avg:481.52ms
step:4305/4578 train_loss:3.3862 train_time:2068107ms step_avg:481.52ms
step:4306/4578 train_loss:3.2272 train_time:2068582ms step_avg:481.51ms
step:4307/4578 train_loss:4.2044 train_time:2069060ms step_avg:481.51ms
step:4308/4578 train_loss:3.3144 train_time:2069538ms step_avg:481.51ms
step:4309/4578 train_loss:3.3195 train_time:2070017ms step_avg:481.51ms
step:4310/4578 train_loss:3.4293 train_time:2070508ms step_avg:481.51ms
step:4311/4578 train_loss:3.5999 train_time:2070982ms step_avg:481.51ms
step:4312/4578 train_loss:3.2555 train_time:2071467ms step_avg:481.51ms
step:4313/4578 train_loss:3.1548 train_time:2071946ms step_avg:481.51ms
step:4314/4578 train_loss:3.4511 train_time:2072421ms step_avg:481.51ms
step:4315/4578 train_loss:3.2864 train_time:2072902ms step_avg:481.51ms
step:4316/4578 train_loss:3.3394 train_time:2073384ms step_avg:481.51ms
step:4317/4578 train_loss:3.2276 train_time:2073861ms step_avg:481.51ms
step:4318/4578 train_loss:3.2070 train_time:2074338ms step_avg:481.51ms
step:4319/4578 train_loss:3.4673 train_time:2074817ms step_avg:481.51ms
step:4320/4578 train_loss:3.4540 train_time:2075296ms step_avg:481.51ms
step:4321/4578 train_loss:3.2675 train_time:2075777ms step_avg:481.51ms
step:4322/4578 train_loss:3.3683 train_time:2076255ms step_avg:481.51ms
step:4323/4578 train_loss:3.3469 train_time:2076732ms step_avg:481.51ms
step:4324/4578 train_loss:3.1742 train_time:2077210ms step_avg:481.50ms
step:4325/4578 train_loss:3.0349 train_time:2077688ms step_avg:481.50ms
step:4326/4578 train_loss:3.1541 train_time:2078164ms step_avg:481.50ms
step:4327/4578 train_loss:3.1354 train_time:2078644ms step_avg:481.50ms
step:4328/4578 train_loss:3.2677 train_time:2079119ms step_avg:481.50ms
step:4329/4578 train_loss:3.1996 train_time:2079601ms step_avg:481.50ms
step:4330/4578 train_loss:3.1330 train_time:2080085ms step_avg:481.50ms
step:4331/4578 train_loss:3.3979 train_time:2080563ms step_avg:481.50ms
step:4332/4578 train_loss:3.2598 train_time:2081039ms step_avg:481.50ms
step:4333/4578 train_loss:3.4742 train_time:2081518ms step_avg:481.50ms
step:4334/4578 train_loss:4.0873 train_time:2081994ms step_avg:481.50ms
step:4335/4578 train_loss:3.2786 train_time:2082473ms step_avg:481.50ms
step:4336/4578 train_loss:3.3941 train_time:2082956ms step_avg:481.50ms
step:4337/4578 train_loss:3.4874 train_time:2083432ms step_avg:481.50ms
step:4338/4578 train_loss:3.1993 train_time:2083915ms step_avg:481.50ms
step:4339/4578 train_loss:3.2992 train_time:2084389ms step_avg:481.49ms
step:4340/4578 train_loss:3.0676 train_time:2084867ms step_avg:481.49ms
step:4341/4578 train_loss:3.2491 train_time:2085356ms step_avg:481.50ms
step:4342/4578 train_loss:3.3787 train_time:2085832ms step_avg:481.49ms
step:4343/4578 train_loss:3.4186 train_time:2086312ms step_avg:481.49ms
step:4344/4578 train_loss:3.3470 train_time:2086788ms step_avg:481.49ms
step:4345/4578 train_loss:3.3680 train_time:2087264ms step_avg:481.49ms
step:4346/4578 train_loss:3.3751 train_time:2087744ms step_avg:481.49ms
step:4347/4578 train_loss:3.1383 train_time:2088224ms step_avg:481.49ms
step:4348/4578 train_loss:3.2130 train_time:2088826ms step_avg:481.52ms
step:4349/4578 train_loss:3.0234 train_time:2089307ms step_avg:481.52ms
step:4350/4578 train_loss:3.2681 train_time:2089783ms step_avg:481.52ms
step:4351/4578 train_loss:3.3133 train_time:2090261ms step_avg:481.52ms
step:4352/4578 train_loss:3.2291 train_time:2090736ms step_avg:481.51ms
step:4353/4578 train_loss:3.4692 train_time:2091215ms step_avg:481.51ms
step:4354/4578 train_loss:3.4059 train_time:2091696ms step_avg:481.51ms
step:4355/4578 train_loss:3.1203 train_time:2092175ms step_avg:481.51ms
step:4356/4578 train_loss:3.0977 train_time:2092657ms step_avg:481.51ms
step:4357/4578 train_loss:3.1876 train_time:2093132ms step_avg:481.51ms
step:4358/4578 train_loss:3.2921 train_time:2093613ms step_avg:481.51ms
step:4359/4578 train_loss:3.4228 train_time:2094086ms step_avg:481.51ms
step:4360/4578 train_loss:3.4072 train_time:2094566ms step_avg:481.51ms
step:4361/4578 train_loss:3.4321 train_time:2095043ms step_avg:481.51ms
step:4362/4578 train_loss:3.6758 train_time:2095533ms step_avg:481.51ms
step:4363/4578 train_loss:3.3821 train_time:2096006ms step_avg:481.51ms
step:4364/4578 train_loss:3.3834 train_time:2096485ms step_avg:481.51ms
step:4365/4578 train_loss:3.4081 train_time:2096963ms step_avg:481.51ms
step:4366/4578 train_loss:3.2801 train_time:2097444ms step_avg:481.51ms
step:4367/4578 train_loss:3.2857 train_time:2097924ms step_avg:481.51ms
step:4368/4578 train_loss:3.2849 train_time:2098398ms step_avg:481.50ms
step:4369/4578 train_loss:3.4577 train_time:2098887ms step_avg:481.51ms
step:4370/4578 train_loss:3.3935 train_time:2099676ms step_avg:481.58ms
step:4371/4578 train_loss:3.5296 train_time:2100165ms step_avg:481.58ms
step:4372/4578 train_loss:3.0827 train_time:2100639ms step_avg:481.58ms
step:4373/4578 train_loss:3.2716 train_time:2101118ms step_avg:481.58ms
step:4374/4578 train_loss:3.3928 train_time:2101595ms step_avg:481.58ms
step:4375/4578 train_loss:3.2401 train_time:2102072ms step_avg:481.57ms
step:4375/4578 val_loss:3.2890 train_time:2102379ms step_avg:481.64ms
step:4376/4578 train_loss:3.4368 train_time:2102544ms step_avg:481.57ms
step:4377/4578 train_loss:3.1597 train_time:2103018ms step_avg:481.57ms
step:4378/4578 train_loss:3.2179 train_time:2103495ms step_avg:481.57ms
step:4379/4578 train_loss:3.3014 train_time:2103971ms step_avg:481.57ms
step:4380/4578 train_loss:3.1967 train_time:2104454ms step_avg:481.57ms
step:4381/4578 train_loss:3.2656 train_time:2104934ms step_avg:481.57ms
step:4382/4578 train_loss:3.5563 train_time:2105411ms step_avg:481.57ms
step:4383/4578 train_loss:3.4519 train_time:2105895ms step_avg:481.57ms
step:4384/4578 train_loss:3.3301 train_time:2106373ms step_avg:481.57ms
step:4385/4578 train_loss:3.3458 train_time:2106852ms step_avg:481.57ms
step:4386/4578 train_loss:3.3793 train_time:2107341ms step_avg:481.57ms
step:4387/4578 train_loss:3.2732 train_time:2107817ms step_avg:481.57ms
step:4388/4578 train_loss:3.3669 train_time:2108307ms step_avg:481.57ms
step:4389/4578 train_loss:3.2296 train_time:2108783ms step_avg:481.57ms
step:4390/4578 train_loss:3.4145 train_time:2109259ms step_avg:481.57ms
step:4391/4578 train_loss:3.4147 train_time:2109740ms step_avg:481.57ms
step:4392/4578 train_loss:3.2965 train_time:2110214ms step_avg:481.56ms
step:4393/4578 train_loss:4.5458 train_time:2110696ms step_avg:481.56ms
step:4394/4578 train_loss:3.2968 train_time:2111171ms step_avg:481.56ms
step:4395/4578 train_loss:3.5320 train_time:2111652ms step_avg:481.56ms
step:4396/4578 train_loss:3.2603 train_time:2112129ms step_avg:481.56ms
step:4397/4578 train_loss:3.2780 train_time:2112606ms step_avg:481.56ms
step:4398/4578 train_loss:3.2851 train_time:2113094ms step_avg:481.56ms
step:4399/4578 train_loss:3.3241 train_time:2113572ms step_avg:481.56ms
step:4400/4578 train_loss:3.2637 train_time:2114050ms step_avg:481.56ms
step:4401/4578 train_loss:3.1902 train_time:2114525ms step_avg:481.56ms
step:4402/4578 train_loss:3.2919 train_time:2115010ms step_avg:481.56ms
step:4403/4578 train_loss:3.1603 train_time:2115481ms step_avg:481.56ms
step:4404/4578 train_loss:3.1965 train_time:2115955ms step_avg:481.56ms
step:4405/4578 train_loss:3.4561 train_time:2116433ms step_avg:481.55ms
step:4406/4578 train_loss:3.2728 train_time:2116912ms step_avg:481.55ms
step:4407/4578 train_loss:3.2978 train_time:2117392ms step_avg:481.55ms
step:4408/4578 train_loss:3.3599 train_time:2117865ms step_avg:481.55ms
step:4409/4578 train_loss:3.2821 train_time:2118342ms step_avg:481.55ms
step:4410/4578 train_loss:3.3150 train_time:2118820ms step_avg:481.55ms
step:4411/4578 train_loss:3.5893 train_time:2119300ms step_avg:481.55ms
step:4412/4578 train_loss:3.3036 train_time:2119793ms step_avg:481.55ms
step:4413/4578 train_loss:3.3776 train_time:2120271ms step_avg:481.55ms
step:4414/4578 train_loss:3.4168 train_time:2120749ms step_avg:481.55ms
step:4415/4578 train_loss:3.3657 train_time:2121224ms step_avg:481.55ms
step:4416/4578 train_loss:3.2346 train_time:2121702ms step_avg:481.55ms
step:4417/4578 train_loss:3.3504 train_time:2122190ms step_avg:481.55ms
step:4418/4578 train_loss:3.2910 train_time:2122666ms step_avg:481.55ms
step:4419/4578 train_loss:3.4347 train_time:2123144ms step_avg:481.55ms
step:4420/4578 train_loss:3.1954 train_time:2123619ms step_avg:481.55ms
step:4421/4578 train_loss:3.3360 train_time:2124100ms step_avg:481.55ms
step:4422/4578 train_loss:3.2363 train_time:2124577ms step_avg:481.55ms
step:4423/4578 train_loss:3.2260 train_time:2125055ms step_avg:481.54ms
step:4424/4578 train_loss:3.2480 train_time:2125532ms step_avg:481.54ms
step:4425/4578 train_loss:3.2450 train_time:2126012ms step_avg:481.54ms
step:4426/4578 train_loss:3.3586 train_time:2126488ms step_avg:481.54ms
step:4427/4578 train_loss:3.3445 train_time:2126966ms step_avg:481.54ms
step:4428/4578 train_loss:3.6431 train_time:2127446ms step_avg:481.54ms
step:4429/4578 train_loss:3.3815 train_time:2127926ms step_avg:481.54ms
step:4430/4578 train_loss:3.1026 train_time:2128404ms step_avg:481.54ms
step:4431/4578 train_loss:3.1683 train_time:2128881ms step_avg:481.54ms
step:4432/4578 train_loss:3.2876 train_time:2129359ms step_avg:481.54ms
step:4433/4578 train_loss:3.2082 train_time:2129842ms step_avg:481.54ms
step:4434/4578 train_loss:3.4208 train_time:2130320ms step_avg:481.54ms
step:4435/4578 train_loss:3.4488 train_time:2130797ms step_avg:481.54ms
step:4436/4578 train_loss:3.3688 train_time:2131274ms step_avg:481.54ms
step:4437/4578 train_loss:3.1630 train_time:2131752ms step_avg:481.53ms
step:4438/4578 train_loss:3.4474 train_time:2132231ms step_avg:481.53ms
step:4439/4578 train_loss:3.2483 train_time:2132727ms step_avg:481.54ms
step:4440/4578 train_loss:3.2380 train_time:2133210ms step_avg:481.54ms
step:4441/4578 train_loss:3.3806 train_time:2133697ms step_avg:481.54ms
step:4442/4578 train_loss:3.4446 train_time:2134172ms step_avg:481.54ms
step:4443/4578 train_loss:3.3374 train_time:2134653ms step_avg:481.54ms
step:4444/4578 train_loss:3.3159 train_time:2135136ms step_avg:481.54ms
step:4445/4578 train_loss:3.1187 train_time:2135615ms step_avg:481.54ms
step:4446/4578 train_loss:3.3494 train_time:2136093ms step_avg:481.54ms
step:4447/4578 train_loss:3.3435 train_time:2136568ms step_avg:481.53ms
step:4448/4578 train_loss:3.1681 train_time:2137048ms step_avg:481.53ms
step:4449/4578 train_loss:3.5236 train_time:2137528ms step_avg:481.53ms
step:4450/4578 train_loss:3.4123 train_time:2138010ms step_avg:481.53ms
step:4451/4578 train_loss:3.4296 train_time:2138493ms step_avg:481.53ms
step:4452/4578 train_loss:3.4581 train_time:2138970ms step_avg:481.53ms
step:4453/4578 train_loss:3.1375 train_time:2139448ms step_avg:481.53ms
step:4454/4578 train_loss:3.2571 train_time:2139930ms step_avg:481.53ms
step:4455/4578 train_loss:3.3312 train_time:2140410ms step_avg:481.53ms
step:4456/4578 train_loss:3.0977 train_time:2140885ms step_avg:481.53ms
step:4457/4578 train_loss:3.3461 train_time:2141360ms step_avg:481.53ms
step:4458/4578 train_loss:3.2525 train_time:2141841ms step_avg:481.53ms
step:4459/4578 train_loss:3.2112 train_time:2142321ms step_avg:481.53ms
step:4460/4578 train_loss:3.4119 train_time:2142800ms step_avg:481.53ms
step:4461/4578 train_loss:4.3921 train_time:2143278ms step_avg:481.53ms
step:4462/4578 train_loss:3.2997 train_time:2143755ms step_avg:481.53ms
step:4463/4578 train_loss:3.5847 train_time:2144234ms step_avg:481.53ms
step:4464/4578 train_loss:3.3801 train_time:2144711ms step_avg:481.52ms
step:4465/4578 train_loss:3.3543 train_time:2145190ms step_avg:481.52ms
step:4466/4578 train_loss:3.3505 train_time:2145668ms step_avg:481.52ms
step:4467/4578 train_loss:3.2915 train_time:2146149ms step_avg:481.52ms
step:4468/4578 train_loss:3.2192 train_time:2146626ms step_avg:481.52ms
step:4469/4578 train_loss:3.5220 train_time:2147106ms step_avg:481.52ms
step:4470/4578 train_loss:3.4389 train_time:2147583ms step_avg:481.52ms
step:4471/4578 train_loss:3.2720 train_time:2148062ms step_avg:481.52ms
step:4472/4578 train_loss:3.1679 train_time:2148538ms step_avg:481.52ms
step:4473/4578 train_loss:3.3549 train_time:2149020ms step_avg:481.52ms
step:4474/4578 train_loss:3.1465 train_time:2149498ms step_avg:481.52ms
step:4475/4578 train_loss:3.2515 train_time:2149975ms step_avg:481.52ms
step:4476/4578 train_loss:3.3046 train_time:2150453ms step_avg:481.52ms
step:4477/4578 train_loss:3.3057 train_time:2150934ms step_avg:481.52ms
step:4478/4578 train_loss:3.0867 train_time:2151408ms step_avg:481.51ms
step:4479/4578 train_loss:3.2320 train_time:2151888ms step_avg:481.51ms
step:4480/4578 train_loss:3.3272 train_time:2152368ms step_avg:481.51ms
step:4481/4578 train_loss:3.3692 train_time:2152856ms step_avg:481.52ms
step:4482/4578 train_loss:3.3594 train_time:2153334ms step_avg:481.51ms
step:4483/4578 train_loss:3.3905 train_time:2153811ms step_avg:481.51ms
step:4484/4578 train_loss:3.2180 train_time:2154295ms step_avg:481.51ms
step:4485/4578 train_loss:3.3232 train_time:2154768ms step_avg:481.51ms
step:4486/4578 train_loss:3.4526 train_time:2155250ms step_avg:481.51ms
step:4487/4578 train_loss:3.2270 train_time:2155727ms step_avg:481.51ms
step:4488/4578 train_loss:3.3035 train_time:2156204ms step_avg:481.51ms
step:4489/4578 train_loss:3.4473 train_time:2156682ms step_avg:481.51ms
step:4490/4578 train_loss:3.2925 train_time:2157159ms step_avg:481.51ms
step:4491/4578 train_loss:3.2207 train_time:2157636ms step_avg:481.51ms
step:4492/4578 train_loss:3.1417 train_time:2158113ms step_avg:481.51ms
step:4493/4578 train_loss:3.1240 train_time:2158592ms step_avg:481.51ms
step:4494/4578 train_loss:3.2909 train_time:2159071ms step_avg:481.51ms
step:4495/4578 train_loss:3.1708 train_time:2159555ms step_avg:481.51ms
step:4496/4578 train_loss:3.2155 train_time:2160027ms step_avg:481.50ms
step:4497/4578 train_loss:3.4876 train_time:2160512ms step_avg:481.50ms
step:4498/4578 train_loss:3.2531 train_time:2160990ms step_avg:481.50ms
step:4499/4578 train_loss:3.0948 train_time:2161466ms step_avg:481.50ms
step:4500/4578 train_loss:3.3690 train_time:2161942ms step_avg:481.50ms
step:4500/4578 val_loss:3.2802 train_time:2162265ms step_avg:481.57ms
step:4501/4578 train_loss:3.2164 train_time:2162428ms step_avg:481.50ms
step:4502/4578 train_loss:3.1537 train_time:2162902ms step_avg:481.50ms
step:4503/4578 train_loss:3.4974 train_time:2163379ms step_avg:481.50ms
step:4504/4578 train_loss:3.3065 train_time:2163851ms step_avg:481.50ms
step:4505/4578 train_loss:3.3385 train_time:2164333ms step_avg:481.50ms
step:4506/4578 train_loss:3.2503 train_time:2164807ms step_avg:481.50ms
step:4507/4578 train_loss:3.3847 train_time:2165290ms step_avg:481.50ms
step:4508/4578 train_loss:2.8039 train_time:2165767ms step_avg:481.50ms
step:4509/4578 train_loss:3.2886 train_time:2166243ms step_avg:481.49ms
step:4510/4578 train_loss:3.1800 train_time:2166724ms step_avg:481.49ms
step:4511/4578 train_loss:3.2577 train_time:2167203ms step_avg:481.49ms
step:4512/4578 train_loss:3.2746 train_time:2167677ms step_avg:481.49ms
step:4513/4578 train_loss:3.1841 train_time:2168154ms step_avg:481.49ms
step:4514/4578 train_loss:3.1583 train_time:2168632ms step_avg:481.49ms
step:4515/4578 train_loss:3.4657 train_time:2169111ms step_avg:481.49ms
step:4516/4578 train_loss:3.0281 train_time:2169587ms step_avg:481.49ms
step:4517/4578 train_loss:3.2212 train_time:2170065ms step_avg:481.49ms
step:4518/4578 train_loss:3.2454 train_time:2170542ms step_avg:481.49ms
step:4519/4578 train_loss:3.2074 train_time:2171024ms step_avg:481.49ms
step:4520/4578 train_loss:3.1282 train_time:2171506ms step_avg:481.49ms
step:4521/4578 train_loss:3.2267 train_time:2171982ms step_avg:481.49ms
step:4522/4578 train_loss:3.4495 train_time:2172460ms step_avg:481.48ms
step:4523/4578 train_loss:4.0193 train_time:2172949ms step_avg:481.49ms
step:4524/4578 train_loss:3.4013 train_time:2173431ms step_avg:481.49ms
step:4525/4578 train_loss:3.2713 train_time:2173906ms step_avg:481.49ms
step:4526/4578 train_loss:3.2642 train_time:2174383ms step_avg:481.48ms
step:4527/4578 train_loss:3.3040 train_time:2174877ms step_avg:481.49ms
step:4528/4578 train_loss:3.1610 train_time:2175351ms step_avg:481.49ms
step:4529/4578 train_loss:3.1896 train_time:2175829ms step_avg:481.48ms
step:4530/4578 train_loss:4.3365 train_time:2176308ms step_avg:481.48ms
step:4531/4578 train_loss:3.4327 train_time:2176784ms step_avg:481.48ms
step:4532/4578 train_loss:3.1632 train_time:2177263ms step_avg:481.48ms
step:4533/4578 train_loss:3.1739 train_time:2177738ms step_avg:481.48ms
step:4534/4578 train_loss:3.3536 train_time:2178222ms step_avg:481.48ms
step:4535/4578 train_loss:3.5830 train_time:2178702ms step_avg:481.48ms
step:4536/4578 train_loss:3.4388 train_time:2179178ms step_avg:481.48ms
step:4537/4578 train_loss:3.3287 train_time:2179775ms step_avg:481.51ms
step:4538/4578 train_loss:3.1834 train_time:2180250ms step_avg:481.50ms
step:4539/4578 train_loss:3.3348 train_time:2180728ms step_avg:481.50ms
step:4540/4578 train_loss:3.8395 train_time:2181209ms step_avg:481.50ms
step:4541/4578 train_loss:3.3991 train_time:2181687ms step_avg:481.50ms
step:4542/4578 train_loss:3.2480 train_time:2182164ms step_avg:481.50ms
step:4543/4578 train_loss:3.3814 train_time:2182640ms step_avg:481.50ms
step:4544/4578 train_loss:3.1528 train_time:2183119ms step_avg:481.50ms
step:4545/4578 train_loss:3.4415 train_time:2183595ms step_avg:481.50ms
step:4546/4578 train_loss:3.5732 train_time:2184074ms step_avg:481.50ms
step:4547/4578 train_loss:3.2109 train_time:2184551ms step_avg:481.50ms
step:4548/4578 train_loss:3.3153 train_time:2185037ms step_avg:481.50ms
step:4549/4578 train_loss:3.3379 train_time:2185518ms step_avg:481.50ms
step:4550/4578 train_loss:3.2834 train_time:2185997ms step_avg:481.50ms
step:4551/4578 train_loss:3.2716 train_time:2186473ms step_avg:481.50ms
step:4552/4578 train_loss:3.2336 train_time:2186956ms step_avg:481.50ms
step:4553/4578 train_loss:3.3299 train_time:2187433ms step_avg:481.50ms
step:4554/4578 train_loss:3.2118 train_time:2187911ms step_avg:481.49ms
step:4555/4578 train_loss:3.4291 train_time:2188388ms step_avg:481.49ms
step:4556/4578 train_loss:3.0472 train_time:2188870ms step_avg:481.49ms
step:4557/4578 train_loss:3.3094 train_time:2189346ms step_avg:481.49ms
step:4558/4578 train_loss:3.3078 train_time:2189820ms step_avg:481.49ms
step:4559/4578 train_loss:3.3068 train_time:2190298ms step_avg:481.49ms
step:4560/4578 train_loss:3.5133 train_time:2191037ms step_avg:481.55ms
step:4561/4578 train_loss:3.1681 train_time:2191502ms step_avg:481.54ms
step:4562/4578 train_loss:3.3685 train_time:2191982ms step_avg:481.54ms
step:4563/4578 train_loss:3.2298 train_time:2192460ms step_avg:481.54ms
step:4564/4578 train_loss:3.2730 train_time:2192940ms step_avg:481.54ms
step:4565/4578 train_loss:3.4057 train_time:2193417ms step_avg:481.54ms
step:4566/4578 train_loss:3.5155 train_time:2193893ms step_avg:481.54ms
step:4567/4578 train_loss:3.3301 train_time:2194372ms step_avg:481.54ms
step:4568/4578 train_loss:3.2725 train_time:2194855ms step_avg:481.54ms
step:4569/4578 train_loss:3.4539 train_time:2195330ms step_avg:481.54ms
step:4570/4578 train_loss:3.1802 train_time:2195807ms step_avg:481.54ms
step:4571/4578 train_loss:3.1501 train_time:2196318ms step_avg:481.54ms
step:4572/4578 train_loss:3.4812 train_time:2196799ms step_avg:481.54ms
step:4573/4578 train_loss:3.1314 train_time:2197280ms step_avg:481.54ms
step:4574/4578 train_loss:3.2077 train_time:2197754ms step_avg:481.54ms
step:4575/4578 train_loss:3.3530 train_time:2198231ms step_avg:481.54ms
step:4576/4578 train_loss:3.3482 train_time:2198710ms step_avg:481.54ms
step:4577/4578 train_loss:3.3055 train_time:2199191ms step_avg:481.54ms
step:4578/4578 train_loss:3.2341 train_time:2199667ms step_avg:481.54ms
step:4578/4578 val_loss:3.2775 train_time:2199966ms step_avg:481.60ms
peak memory consumption: 40420 MiB
