W0526 20:43:56.637000 259 site-packages/torch/distributed/run.py:766] 
W0526 20:43:56.637000 259 site-packages/torch/distributed/run.py:766] *****************************************
W0526 20:43:56.637000 259 site-packages/torch/distributed/run.py:766] Setting OMP_NUM_THREADS environment variable for each process to be 1 in default, to avoid your system being overloaded, please further tune the variable for optimal performance in your application as needed. 
W0526 20:43:56.637000 259 site-packages/torch/distributed/run.py:766] *****************************************
/root/miniconda3/envs/llm_test/lib/python3.10/site-packages/torch/autograd/__init__.py:221: UserWarning: Cannot create tensor with interal format while allow_internel_format=False, tensor will be created with base format. (Triggered internally at build/CMakeFiles/torch_npu.dir/compiler_depend.ts:338.)
  torch.ones_like(out, memory_format=torch.preserve_format)
/root/miniconda3/envs/llm_test/lib/python3.10/site-packages/torch/autograd/__init__.py:221: UserWarning: Cannot create tensor with interal format while allow_internel_format=False, tensor will be created with base format. (Triggered internally at build/CMakeFiles/torch_npu.dir/compiler_depend.ts:338.)
  torch.ones_like(out, memory_format=torch.preserve_format)
/root/miniconda3/envs/llm_test/lib/python3.10/site-packages/torch/autograd/__init__.py:221: UserWarning: Cannot create tensor with interal format while allow_internel_format=False, tensor will be created with base format. (Triggered internally at build/CMakeFiles/torch_npu.dir/compiler_depend.ts:338.)
  torch.ones_like(out, memory_format=torch.preserve_format)
/root/miniconda3/envs/llm_test/lib/python3.10/site-packages/torch/autograd/__init__.py:221: UserWarning: Cannot create tensor with interal format while allow_internel_format=False, tensor will be created with base format. (Triggered internally at build/CMakeFiles/torch_npu.dir/compiler_depend.ts:338.)
  torch.ones_like(out, memory_format=torch.preserve_format)
/root/miniconda3/envs/llm_test/lib/python3.10/site-packages/torch/autograd/__init__.py:221: UserWarning: Cannot create tensor with interal format while allow_internel_format=False, tensor will be created with base format. (Triggered internally at build/CMakeFiles/torch_npu.dir/compiler_depend.ts:338.)
  torch.ones_like(out, memory_format=torch.preserve_format)
/root/miniconda3/envs/llm_test/lib/python3.10/site-packages/torch/autograd/__init__.py:221: UserWarning: Cannot create tensor with interal format while allow_internel_format=False, tensor will be created with base format. (Triggered internally at build/CMakeFiles/torch_npu.dir/compiler_depend.ts:338.)
  torch.ones_like(out, memory_format=torch.preserve_format)
/root/miniconda3/envs/llm_test/lib/python3.10/site-packages/torch/autograd/__init__.py:221: UserWarning: Cannot create tensor with interal format while allow_internel_format=False, tensor will be created with base format. (Triggered internally at build/CMakeFiles/torch_npu.dir/compiler_depend.ts:338.)
  torch.ones_like(out, memory_format=torch.preserve_format)
/root/miniconda3/envs/llm_test/lib/python3.10/site-packages/torch/autograd/__init__.py:221: UserWarning: Cannot create tensor with interal format while allow_internel_format=False, tensor will be created with base format. (Triggered internally at build/CMakeFiles/torch_npu.dir/compiler_depend.ts:338.)
  torch.ones_like(out, memory_format=torch.preserve_format)
/root/miniconda3/envs/llm_test/lib/python3.10/site-packages/torch/autograd/__init__.py:221: UserWarning: Cannot create tensor with interal format while allow_internel_format=False, tensor will be created with base format. (Triggered internally at build/CMakeFiles/torch_npu.dir/compiler_depend.ts:338.)
  torch.ones_like(out, memory_format=torch.preserve_format)
/root/miniconda3/envs/llm_test/lib/python3.10/site-packages/torch/autograd/__init__.py:221: UserWarning: Cannot create tensor with interal format while allow_internel_format=False, tensor will be created with base format. (Triggered internally at build/CMakeFiles/torch_npu.dir/compiler_depend.ts:338.)
  torch.ones_like(out, memory_format=torch.preserve_format)
/root/miniconda3/envs/llm_test/lib/python3.10/site-packages/torch/autograd/__init__.py:221: UserWarning: Cannot create tensor with interal format while allow_internel_format=False, tensor will be created with base format. (Triggered internally at build/CMakeFiles/torch_npu.dir/compiler_depend.ts:338.)
  torch.ones_like(out, memory_format=torch.preserve_format)
/root/miniconda3/envs/llm_test/lib/python3.10/site-packages/torch/distributed/distributed_c10d.py:4631: UserWarning: No device id is provided via `init_process_group` or `barrier `. Using the current device set by the user. 
  warnings.warn(  # warn only once
/root/miniconda3/envs/llm_test/lib/python3.10/site-packages/torch/autograd/__init__.py:221: UserWarning: Cannot create tensor with interal format while allow_internel_format=False, tensor will be created with base format. (Triggered internally at build/CMakeFiles/torch_npu.dir/compiler_depend.ts:338.)
  torch.ones_like(out, memory_format=torch.preserve_format)
/root/miniconda3/envs/llm_test/lib/python3.10/site-packages/torch/autograd/__init__.py:221: UserWarning: Cannot create tensor with interal format while allow_internel_format=False, tensor will be created with base format. (Triggered internally at build/CMakeFiles/torch_npu.dir/compiler_depend.ts:338.)
  torch.ones_like(out, memory_format=torch.preserve_format)
/root/miniconda3/envs/llm_test/lib/python3.10/site-packages/torch/autograd/__init__.py:221: UserWarning: Cannot create tensor with interal format while allow_internel_format=False, tensor will be created with base format. (Triggered internally at build/CMakeFiles/torch_npu.dir/compiler_depend.ts:338.)
  torch.ones_like(out, memory_format=torch.preserve_format)
/root/miniconda3/envs/llm_test/lib/python3.10/site-packages/torch/autograd/__init__.py:221: UserWarning: Cannot create tensor with interal format while allow_internel_format=False, tensor will be created with base format. (Triggered internally at build/CMakeFiles/torch_npu.dir/compiler_depend.ts:338.)
  torch.ones_like(out, memory_format=torch.preserve_format)
/root/miniconda3/envs/llm_test/lib/python3.10/site-packages/torch/autograd/__init__.py:221: UserWarning: Cannot create tensor with interal format while allow_internel_format=False, tensor will be created with base format. (Triggered internally at build/CMakeFiles/torch_npu.dir/compiler_depend.ts:338.)
  torch.ones_like(out, memory_format=torch.preserve_format)
/root/miniconda3/envs/llm_test/lib/python3.10/site-packages/torch/distributed/distributed_c10d.py:4631: UserWarning: No device id is provided via `init_process_group` or `barrier `. Using the current device set by the user. 
  warnings.warn(  # warn only once
/root/miniconda3/envs/llm_test/lib/python3.10/site-packages/torch/distributed/distributed_c10d.py:4631: UserWarning: No device id is provided via `init_process_group` or `barrier `. Using the current device set by the user. 
  warnings.warn(  # warn only once
/root/miniconda3/envs/llm_test/lib/python3.10/site-packages/torch/distributed/distributed_c10d.py:4631: UserWarning: No device id is provided via `init_process_group` or `barrier `. Using the current device set by the user. 
  warnings.warn(  # warn only once
/root/miniconda3/envs/llm_test/lib/python3.10/site-packages/torch/distributed/distributed_c10d.py:4631: UserWarning: No device id is provided via `init_process_group` or `barrier `. Using the current device set by the user. 
  warnings.warn(  # warn only once
/root/miniconda3/envs/llm_test/lib/python3.10/site-packages/torch/distributed/distributed_c10d.py:4631: UserWarning: No device id is provided via `init_process_group` or `barrier `. Using the current device set by the user. 
  warnings.warn(  # warn only once
/root/miniconda3/envs/llm_test/lib/python3.10/site-packages/torch/distributed/distributed_c10d.py:4631: UserWarning: No device id is provided via `init_process_group` or `barrier `. Using the current device set by the user. 
  warnings.warn(  # warn only once
/root/miniconda3/envs/llm_test/lib/python3.10/site-packages/torch/distributed/distributed_c10d.py:4631: UserWarning: No device id is provided via `init_process_group` or `barrier `. Using the current device set by the user. 
  warnings.warn(  # warn only once
/root/miniconda3/envs/llm_test/lib/python3.10/site-packages/torch/distributed/distributed_c10d.py:4631: UserWarning: No device id is provided via `init_process_group` or `barrier `. Using the current device set by the user. 
  warnings.warn(  # warn only once
/root/miniconda3/envs/llm_test/lib/python3.10/site-packages/torch/distributed/distributed_c10d.py:4631: UserWarning: No device id is provided via `init_process_group` or `barrier `. Using the current device set by the user. 
  warnings.warn(  # warn only once
/root/miniconda3/envs/llm_test/lib/python3.10/site-packages/torch/distributed/distributed_c10d.py:4631: UserWarning: No device id is provided via `init_process_group` or `barrier `. Using the current device set by the user. 
  warnings.warn(  # warn only once
/root/miniconda3/envs/llm_test/lib/python3.10/site-packages/torch/distributed/distributed_c10d.py:4631: UserWarning: No device id is provided via `init_process_group` or `barrier `. Using the current device set by the user. 
  warnings.warn(  # warn only once
/root/miniconda3/envs/llm_test/lib/python3.10/site-packages/torch/distributed/distributed_c10d.py:4631: UserWarning: No device id is provided via `init_process_group` or `barrier `. Using the current device set by the user. 
  warnings.warn(  # warn only once
/root/miniconda3/envs/llm_test/lib/python3.10/site-packages/torch/distributed/distributed_c10d.py:4631: UserWarning: No device id is provided via `init_process_group` or `barrier `. Using the current device set by the user. 
  warnings.warn(  # warn only once
/root/miniconda3/envs/llm_test/lib/python3.10/site-packages/torch/distributed/distributed_c10d.py:4631: UserWarning: No device id is provided via `init_process_group` or `barrier `. Using the current device set by the user. 
  warnings.warn(  # warn only once
/root/miniconda3/envs/llm_test/lib/python3.10/site-packages/torch/distributed/distributed_c10d.py:4631: UserWarning: No device id is provided via `init_process_group` or `barrier `. Using the current device set by the user. 
  warnings.warn(  # warn only once
/models/modded-nanogpt_record50_cautious_wd/npu_bench/record_021_batch_size/agent_outputs/default_agent/runs/seed_009
step:0/1770 val_loss:10.8258 train_time:0ms step_avg:nanms
step:1/1770 train_time:4973ms step_avg:nanms
step:2/1770 train_time:5889ms step_avg:nanms
step:3/1770 train_time:6648ms step_avg:nanms
step:4/1770 train_time:7616ms step_avg:nanms
step:5/1770 train_time:8496ms step_avg:nanms
step:6/1770 train_time:9437ms step_avg:nanms
step:7/1770 train_time:10371ms step_avg:nanms
step:8/1770 train_time:11321ms step_avg:nanms
step:9/1770 train_time:12272ms step_avg:nanms
step:10/1770 train_time:13215ms step_avg:nanms
step:11/1770 train_time:893ms step_avg:nanms
step:12/1770 train_time:1833ms step_avg:nanms
step:13/1770 train_time:2757ms step_avg:919.00ms
step:14/1770 train_time:3695ms step_avg:923.71ms
step:15/1770 train_time:4624ms step_avg:924.81ms
step:16/1770 train_time:5562ms step_avg:927.07ms
step:17/1770 train_time:6505ms step_avg:929.36ms
step:18/1770 train_time:7435ms step_avg:929.43ms
step:19/1770 train_time:8364ms step_avg:929.30ms
step:20/1770 train_time:9291ms step_avg:929.06ms
step:21/1770 train_time:10223ms step_avg:929.36ms
step:22/1770 train_time:11148ms step_avg:929.00ms
step:23/1770 train_time:12087ms step_avg:929.75ms
step:24/1770 train_time:13040ms step_avg:931.43ms
step:25/1770 train_time:13973ms step_avg:931.54ms
step:26/1770 train_time:14922ms step_avg:932.63ms
step:27/1770 train_time:15851ms step_avg:932.43ms
step:28/1770 train_time:16788ms step_avg:932.65ms
step:29/1770 train_time:17710ms step_avg:932.12ms
step:30/1770 train_time:18642ms step_avg:932.11ms
step:31/1770 train_time:19579ms step_avg:932.33ms
step:32/1770 train_time:20507ms step_avg:932.12ms
step:33/1770 train_time:21445ms step_avg:932.39ms
step:34/1770 train_time:22380ms step_avg:932.51ms
step:35/1770 train_time:23324ms step_avg:932.95ms
step:36/1770 train_time:24265ms step_avg:933.25ms
step:37/1770 train_time:25244ms step_avg:934.95ms
step:38/1770 train_time:26112ms step_avg:932.58ms
step:39/1770 train_time:27019ms step_avg:931.68ms
step:40/1770 train_time:27960ms step_avg:931.99ms
step:41/1770 train_time:28912ms step_avg:932.64ms
step:42/1770 train_time:29844ms step_avg:932.61ms
step:43/1770 train_time:30778ms step_avg:932.66ms
step:44/1770 train_time:31726ms step_avg:933.12ms
step:45/1770 train_time:32651ms step_avg:932.88ms
step:46/1770 train_time:33588ms step_avg:933.01ms
step:47/1770 train_time:34528ms step_avg:933.18ms
step:48/1770 train_time:35473ms step_avg:933.51ms
step:49/1770 train_time:36407ms step_avg:933.50ms
step:50/1770 train_time:37345ms step_avg:933.62ms
step:51/1770 train_time:38263ms step_avg:933.23ms
step:52/1770 train_time:39206ms step_avg:933.48ms
step:53/1770 train_time:40128ms step_avg:933.21ms
step:54/1770 train_time:41076ms step_avg:933.55ms
step:55/1770 train_time:42021ms step_avg:933.79ms
step:56/1770 train_time:42962ms step_avg:933.95ms
step:57/1770 train_time:43897ms step_avg:933.97ms
step:58/1770 train_time:44817ms step_avg:933.69ms
step:59/1770 train_time:45773ms step_avg:934.15ms
step:60/1770 train_time:46711ms step_avg:934.22ms
step:61/1770 train_time:47629ms step_avg:933.90ms
step:62/1770 train_time:48534ms step_avg:933.35ms
step:63/1770 train_time:49479ms step_avg:933.56ms
step:64/1770 train_time:50415ms step_avg:933.60ms
step:65/1770 train_time:51349ms step_avg:933.62ms
step:66/1770 train_time:52269ms step_avg:933.37ms
step:67/1770 train_time:53195ms step_avg:933.25ms
step:68/1770 train_time:54158ms step_avg:933.76ms
step:69/1770 train_time:55060ms step_avg:933.22ms
step:70/1770 train_time:55999ms step_avg:933.31ms
step:71/1770 train_time:56941ms step_avg:933.46ms
step:72/1770 train_time:57873ms step_avg:933.43ms
step:73/1770 train_time:58801ms step_avg:933.35ms
step:74/1770 train_time:59730ms step_avg:933.27ms
step:75/1770 train_time:60652ms step_avg:933.11ms
step:76/1770 train_time:61580ms step_avg:933.03ms
step:77/1770 train_time:62511ms step_avg:933.00ms
step:78/1770 train_time:63478ms step_avg:933.50ms
step:79/1770 train_time:64388ms step_avg:933.17ms
step:80/1770 train_time:65304ms step_avg:932.92ms
step:81/1770 train_time:66240ms step_avg:932.95ms
step:82/1770 train_time:67152ms step_avg:932.66ms
step:83/1770 train_time:68081ms step_avg:932.62ms
step:84/1770 train_time:69014ms step_avg:932.63ms
step:85/1770 train_time:69928ms step_avg:932.37ms
step:86/1770 train_time:70856ms step_avg:932.31ms
step:87/1770 train_time:71787ms step_avg:932.29ms
step:88/1770 train_time:72732ms step_avg:932.46ms
step:89/1770 train_time:73668ms step_avg:932.51ms
step:90/1770 train_time:74595ms step_avg:932.44ms
step:91/1770 train_time:75536ms step_avg:932.54ms
step:92/1770 train_time:76470ms step_avg:932.56ms
step:93/1770 train_time:77399ms step_avg:932.52ms
step:94/1770 train_time:78340ms step_avg:932.62ms
step:95/1770 train_time:79265ms step_avg:932.53ms
step:96/1770 train_time:80213ms step_avg:932.71ms
step:97/1770 train_time:81132ms step_avg:932.55ms
step:98/1770 train_time:82071ms step_avg:932.63ms
step:99/1770 train_time:83003ms step_avg:932.62ms
step:100/1770 train_time:83940ms step_avg:932.66ms
step:101/1770 train_time:84888ms step_avg:932.84ms
step:102/1770 train_time:85824ms step_avg:932.87ms
step:103/1770 train_time:86761ms step_avg:932.92ms
step:104/1770 train_time:87688ms step_avg:932.85ms
step:105/1770 train_time:88647ms step_avg:933.13ms
step:106/1770 train_time:89561ms step_avg:932.93ms
step:107/1770 train_time:90475ms step_avg:932.73ms
step:108/1770 train_time:91399ms step_avg:932.64ms
step:109/1770 train_time:92324ms step_avg:932.57ms
step:110/1770 train_time:93262ms step_avg:932.62ms
step:111/1770 train_time:94192ms step_avg:932.59ms
step:112/1770 train_time:95120ms step_avg:932.55ms
step:113/1770 train_time:96080ms step_avg:932.81ms
step:114/1770 train_time:97018ms step_avg:932.86ms
step:115/1770 train_time:97952ms step_avg:932.88ms
step:116/1770 train_time:98889ms step_avg:932.92ms
step:117/1770 train_time:99811ms step_avg:932.81ms
step:118/1770 train_time:100750ms step_avg:932.87ms
step:119/1770 train_time:101690ms step_avg:932.93ms
step:120/1770 train_time:102611ms step_avg:932.83ms
step:121/1770 train_time:103549ms step_avg:932.87ms
step:122/1770 train_time:104487ms step_avg:932.92ms
step:123/1770 train_time:105403ms step_avg:932.77ms
step:124/1770 train_time:106335ms step_avg:932.76ms
step:125/1770 train_time:107255ms step_avg:932.65ms
step:125/1770 val_loss:4.2626 train_time:108130ms step_avg:940.26ms
step:126/1770 train_time:108529ms step_avg:935.60ms
step:127/1770 train_time:109221ms step_avg:933.51ms
step:128/1770 train_time:110156ms step_avg:933.53ms
step:129/1770 train_time:111100ms step_avg:933.61ms
step:130/1770 train_time:112058ms step_avg:933.82ms
step:131/1770 train_time:112983ms step_avg:933.75ms
step:132/1770 train_time:113916ms step_avg:933.74ms
step:133/1770 train_time:124961ms step_avg:1015.94ms
step:134/1770 train_time:125622ms step_avg:1013.08ms
step:135/1770 train_time:126566ms step_avg:1012.53ms
step:136/1770 train_time:127486ms step_avg:1011.79ms
step:137/1770 train_time:128421ms step_avg:1011.19ms
step:138/1770 train_time:129351ms step_avg:1010.56ms
step:139/1770 train_time:130283ms step_avg:1009.94ms
step:140/1770 train_time:131229ms step_avg:1009.46ms
step:141/1770 train_time:132139ms step_avg:1008.70ms
step:142/1770 train_time:133069ms step_avg:1008.10ms
step:143/1770 train_time:134017ms step_avg:1007.64ms
step:144/1770 train_time:134942ms step_avg:1007.03ms
step:145/1770 train_time:135886ms step_avg:1006.56ms
step:146/1770 train_time:136795ms step_avg:1005.85ms
step:147/1770 train_time:137717ms step_avg:1005.24ms
step:148/1770 train_time:138665ms step_avg:1004.82ms
step:149/1770 train_time:139596ms step_avg:1004.29ms
step:150/1770 train_time:140522ms step_avg:1003.73ms
step:151/1770 train_time:141468ms step_avg:1003.32ms
step:152/1770 train_time:142399ms step_avg:1002.81ms
step:153/1770 train_time:143309ms step_avg:1002.16ms
step:154/1770 train_time:144247ms step_avg:1001.72ms
step:155/1770 train_time:145178ms step_avg:1001.22ms
step:156/1770 train_time:146123ms step_avg:1000.84ms
step:157/1770 train_time:147074ms step_avg:1000.50ms
step:158/1770 train_time:147997ms step_avg:999.98ms
step:159/1770 train_time:148929ms step_avg:999.52ms
step:160/1770 train_time:149860ms step_avg:999.07ms
step:161/1770 train_time:150786ms step_avg:998.58ms
step:162/1770 train_time:151732ms step_avg:998.24ms
step:163/1770 train_time:152665ms step_avg:997.81ms
step:164/1770 train_time:153592ms step_avg:997.35ms
step:165/1770 train_time:154519ms step_avg:996.90ms
step:166/1770 train_time:155437ms step_avg:996.39ms
step:167/1770 train_time:156378ms step_avg:996.04ms
step:168/1770 train_time:157296ms step_avg:995.55ms
step:169/1770 train_time:158242ms step_avg:995.23ms
step:170/1770 train_time:159169ms step_avg:994.81ms
step:171/1770 train_time:160100ms step_avg:994.41ms
step:172/1770 train_time:161053ms step_avg:994.15ms
step:173/1770 train_time:161987ms step_avg:993.79ms
step:174/1770 train_time:162907ms step_avg:993.33ms
step:175/1770 train_time:163836ms step_avg:992.95ms
step:176/1770 train_time:164785ms step_avg:992.68ms
step:177/1770 train_time:165704ms step_avg:992.24ms
step:178/1770 train_time:166653ms step_avg:991.98ms
step:179/1770 train_time:167603ms step_avg:991.73ms
step:180/1770 train_time:168552ms step_avg:991.48ms
step:181/1770 train_time:169475ms step_avg:991.08ms
step:182/1770 train_time:170408ms step_avg:990.74ms
step:183/1770 train_time:171348ms step_avg:990.45ms
step:184/1770 train_time:172264ms step_avg:990.02ms
step:185/1770 train_time:173176ms step_avg:989.58ms
step:186/1770 train_time:174113ms step_avg:989.28ms
step:187/1770 train_time:175046ms step_avg:988.96ms
step:188/1770 train_time:175983ms step_avg:988.67ms
step:189/1770 train_time:176929ms step_avg:988.43ms
step:190/1770 train_time:177862ms step_avg:988.12ms
step:191/1770 train_time:178810ms step_avg:987.90ms
step:192/1770 train_time:179736ms step_avg:987.56ms
step:193/1770 train_time:180665ms step_avg:987.24ms
step:194/1770 train_time:181605ms step_avg:986.98ms
step:195/1770 train_time:182540ms step_avg:986.70ms
step:196/1770 train_time:183444ms step_avg:986.26ms
step:197/1770 train_time:184381ms step_avg:985.99ms
step:198/1770 train_time:185320ms step_avg:985.74ms
step:199/1770 train_time:186251ms step_avg:985.45ms
step:200/1770 train_time:187192ms step_avg:985.22ms
step:201/1770 train_time:188135ms step_avg:985.00ms
step:202/1770 train_time:189072ms step_avg:984.75ms
step:203/1770 train_time:189998ms step_avg:984.45ms
step:204/1770 train_time:190906ms step_avg:984.05ms
step:205/1770 train_time:191840ms step_avg:983.80ms
step:206/1770 train_time:192769ms step_avg:983.52ms
step:207/1770 train_time:193707ms step_avg:983.28ms
step:208/1770 train_time:194633ms step_avg:983.00ms
step:209/1770 train_time:195565ms step_avg:982.74ms
step:210/1770 train_time:196516ms step_avg:982.58ms
step:211/1770 train_time:197445ms step_avg:982.31ms
step:212/1770 train_time:198375ms step_avg:982.06ms
step:213/1770 train_time:199304ms step_avg:981.79ms
step:214/1770 train_time:200242ms step_avg:981.58ms
step:215/1770 train_time:201173ms step_avg:981.33ms
step:216/1770 train_time:202089ms step_avg:981.01ms
step:217/1770 train_time:203023ms step_avg:980.79ms
step:218/1770 train_time:203970ms step_avg:980.62ms
step:219/1770 train_time:204911ms step_avg:980.44ms
step:220/1770 train_time:205841ms step_avg:980.20ms
step:221/1770 train_time:206793ms step_avg:980.06ms
step:222/1770 train_time:207721ms step_avg:979.81ms
step:223/1770 train_time:208642ms step_avg:979.54ms
step:224/1770 train_time:209583ms step_avg:979.36ms
step:225/1770 train_time:210528ms step_avg:979.20ms
step:226/1770 train_time:211463ms step_avg:978.99ms
step:227/1770 train_time:212400ms step_avg:978.80ms
step:228/1770 train_time:213334ms step_avg:978.60ms
step:229/1770 train_time:214251ms step_avg:978.32ms
step:230/1770 train_time:215182ms step_avg:978.10ms
step:231/1770 train_time:216120ms step_avg:977.92ms
step:232/1770 train_time:217070ms step_avg:977.79ms
step:233/1770 train_time:218007ms step_avg:977.61ms
step:234/1770 train_time:218931ms step_avg:977.37ms
step:235/1770 train_time:219872ms step_avg:977.21ms
step:236/1770 train_time:220811ms step_avg:977.04ms
step:237/1770 train_time:221743ms step_avg:976.84ms
step:238/1770 train_time:222681ms step_avg:976.67ms
step:239/1770 train_time:223631ms step_avg:976.55ms
step:240/1770 train_time:224554ms step_avg:976.32ms
step:241/1770 train_time:225498ms step_avg:976.18ms
step:242/1770 train_time:226458ms step_avg:976.11ms
step:243/1770 train_time:227387ms step_avg:975.91ms
step:244/1770 train_time:228317ms step_avg:975.71ms
step:245/1770 train_time:229271ms step_avg:975.62ms
step:246/1770 train_time:230204ms step_avg:975.44ms
step:247/1770 train_time:231125ms step_avg:975.21ms
step:248/1770 train_time:232044ms step_avg:974.98ms
step:249/1770 train_time:232970ms step_avg:974.77ms
step:250/1770 train_time:233904ms step_avg:974.60ms
step:250/1770 val_loss:3.8856 train_time:234772ms step_avg:978.22ms
step:251/1770 train_time:235194ms step_avg:975.91ms
step:252/1770 train_time:235992ms step_avg:975.17ms
step:253/1770 train_time:236918ms step_avg:974.97ms
step:254/1770 train_time:237846ms step_avg:974.78ms
step:255/1770 train_time:238770ms step_avg:974.57ms
step:256/1770 train_time:239717ms step_avg:974.46ms
step:257/1770 train_time:240648ms step_avg:974.28ms
step:258/1770 train_time:241585ms step_avg:974.13ms
step:259/1770 train_time:242523ms step_avg:973.99ms
step:260/1770 train_time:243449ms step_avg:973.80ms
step:261/1770 train_time:244354ms step_avg:973.52ms
step:262/1770 train_time:245314ms step_avg:973.47ms
step:263/1770 train_time:246235ms step_avg:973.26ms
step:264/1770 train_time:256928ms step_avg:1011.53ms
step:265/1770 train_time:257585ms step_avg:1010.14ms
step:266/1770 train_time:258525ms step_avg:1009.86ms
step:267/1770 train_time:259458ms step_avg:1009.56ms
step:268/1770 train_time:260383ms step_avg:1009.24ms
step:269/1770 train_time:261305ms step_avg:1008.90ms
step:270/1770 train_time:262238ms step_avg:1008.61ms
step:271/1770 train_time:263173ms step_avg:1008.33ms
step:272/1770 train_time:264097ms step_avg:1008.00ms
step:273/1770 train_time:265049ms step_avg:1007.79ms
step:274/1770 train_time:265962ms step_avg:1007.43ms
step:275/1770 train_time:266910ms step_avg:1007.21ms
step:276/1770 train_time:267836ms step_avg:1006.90ms
step:277/1770 train_time:268766ms step_avg:1006.61ms
step:278/1770 train_time:269697ms step_avg:1006.33ms
step:279/1770 train_time:270641ms step_avg:1006.10ms
step:280/1770 train_time:271568ms step_avg:1005.81ms
step:281/1770 train_time:272494ms step_avg:1005.51ms
step:282/1770 train_time:273403ms step_avg:1005.16ms
step:283/1770 train_time:274320ms step_avg:1004.84ms
step:284/1770 train_time:275266ms step_avg:1004.62ms
step:285/1770 train_time:276201ms step_avg:1004.37ms
step:286/1770 train_time:277138ms step_avg:1004.12ms
step:287/1770 train_time:278109ms step_avg:1004.00ms
step:288/1770 train_time:279040ms step_avg:1003.74ms
step:289/1770 train_time:279963ms step_avg:1003.45ms
step:290/1770 train_time:280878ms step_avg:1003.14ms
step:291/1770 train_time:281839ms step_avg:1002.99ms
step:292/1770 train_time:282760ms step_avg:1002.69ms
step:293/1770 train_time:283675ms step_avg:1002.39ms
step:294/1770 train_time:284614ms step_avg:1002.16ms
step:295/1770 train_time:285549ms step_avg:1001.92ms
step:296/1770 train_time:286478ms step_avg:1001.67ms
step:297/1770 train_time:287413ms step_avg:1001.44ms
step:298/1770 train_time:288346ms step_avg:1001.20ms
step:299/1770 train_time:289292ms step_avg:1001.01ms
step:300/1770 train_time:290208ms step_avg:1000.72ms
step:301/1770 train_time:291142ms step_avg:1000.49ms
step:302/1770 train_time:292092ms step_avg:1000.32ms
step:303/1770 train_time:293020ms step_avg:1000.07ms
step:304/1770 train_time:293961ms step_avg:999.87ms
step:305/1770 train_time:294887ms step_avg:999.62ms
step:306/1770 train_time:295819ms step_avg:999.39ms
step:307/1770 train_time:296741ms step_avg:999.13ms
step:308/1770 train_time:297678ms step_avg:998.92ms
step:309/1770 train_time:298613ms step_avg:998.70ms
step:310/1770 train_time:299561ms step_avg:998.54ms
step:311/1770 train_time:300470ms step_avg:998.24ms
step:312/1770 train_time:301429ms step_avg:998.11ms
step:313/1770 train_time:302354ms step_avg:997.87ms
step:314/1770 train_time:303280ms step_avg:997.63ms
step:315/1770 train_time:304194ms step_avg:997.36ms
step:316/1770 train_time:305131ms step_avg:997.16ms
step:317/1770 train_time:306064ms step_avg:996.95ms
step:318/1770 train_time:306987ms step_avg:996.71ms
step:319/1770 train_time:307913ms step_avg:996.48ms
step:320/1770 train_time:308845ms step_avg:996.27ms
step:321/1770 train_time:309782ms step_avg:996.08ms
step:322/1770 train_time:310714ms step_avg:995.88ms
step:323/1770 train_time:311669ms step_avg:995.75ms
step:324/1770 train_time:312598ms step_avg:995.53ms
step:325/1770 train_time:313565ms step_avg:995.44ms
step:326/1770 train_time:314467ms step_avg:995.15ms
step:327/1770 train_time:315402ms step_avg:994.96ms
step:328/1770 train_time:316345ms step_avg:994.79ms
step:329/1770 train_time:317268ms step_avg:994.57ms
step:330/1770 train_time:318181ms step_avg:994.32ms
step:331/1770 train_time:319107ms step_avg:994.10ms
step:332/1770 train_time:320071ms step_avg:994.01ms
step:333/1770 train_time:320997ms step_avg:993.80ms
step:334/1770 train_time:321937ms step_avg:993.63ms
step:335/1770 train_time:322858ms step_avg:993.41ms
step:336/1770 train_time:323796ms step_avg:993.24ms
step:337/1770 train_time:324735ms step_avg:993.07ms
step:338/1770 train_time:325659ms step_avg:992.86ms
step:339/1770 train_time:326587ms step_avg:992.67ms
step:340/1770 train_time:327517ms step_avg:992.48ms
step:341/1770 train_time:328431ms step_avg:992.24ms
step:342/1770 train_time:329367ms step_avg:992.07ms
step:343/1770 train_time:330322ms step_avg:991.96ms
step:344/1770 train_time:331271ms step_avg:991.83ms
step:345/1770 train_time:332206ms step_avg:991.66ms
step:346/1770 train_time:333151ms step_avg:991.52ms
step:347/1770 train_time:334097ms step_avg:991.39ms
step:348/1770 train_time:335033ms step_avg:991.22ms
step:349/1770 train_time:335954ms step_avg:991.01ms
step:350/1770 train_time:336889ms step_avg:990.85ms
step:351/1770 train_time:337828ms step_avg:990.70ms
step:352/1770 train_time:338745ms step_avg:990.48ms
step:353/1770 train_time:339669ms step_avg:990.29ms
step:354/1770 train_time:340595ms step_avg:990.10ms
step:355/1770 train_time:341555ms step_avg:990.02ms
step:356/1770 train_time:342510ms step_avg:989.91ms
step:357/1770 train_time:343441ms step_avg:989.74ms
step:358/1770 train_time:344381ms step_avg:989.60ms
step:359/1770 train_time:345299ms step_avg:989.40ms
step:360/1770 train_time:346240ms step_avg:989.26ms
step:361/1770 train_time:347194ms step_avg:989.16ms
step:362/1770 train_time:348118ms step_avg:988.97ms
step:363/1770 train_time:349058ms step_avg:988.83ms
step:364/1770 train_time:349985ms step_avg:988.66ms
step:365/1770 train_time:350922ms step_avg:988.51ms
step:366/1770 train_time:351849ms step_avg:988.34ms
step:367/1770 train_time:352800ms step_avg:988.24ms
step:368/1770 train_time:353739ms step_avg:988.10ms
step:369/1770 train_time:354688ms step_avg:987.99ms
step:370/1770 train_time:355608ms step_avg:987.80ms
step:371/1770 train_time:356531ms step_avg:987.62ms
step:372/1770 train_time:357457ms step_avg:987.45ms
step:373/1770 train_time:358385ms step_avg:987.29ms
step:374/1770 train_time:359330ms step_avg:987.17ms
step:375/1770 train_time:360246ms step_avg:986.97ms
step:375/1770 val_loss:3.7105 train_time:361119ms step_avg:989.37ms
step:376/1770 train_time:361505ms step_avg:987.72ms
step:377/1770 train_time:362187ms step_avg:986.88ms
step:378/1770 train_time:363122ms step_avg:986.74ms
step:379/1770 train_time:364048ms step_avg:986.58ms
step:380/1770 train_time:364980ms step_avg:986.43ms
step:381/1770 train_time:365912ms step_avg:986.29ms
step:382/1770 train_time:366835ms step_avg:986.11ms
step:383/1770 train_time:367758ms step_avg:985.95ms
step:384/1770 train_time:368700ms step_avg:985.83ms
step:385/1770 train_time:369651ms step_avg:985.73ms
step:386/1770 train_time:370578ms step_avg:985.58ms
step:387/1770 train_time:371478ms step_avg:985.35ms
step:388/1770 train_time:372410ms step_avg:985.21ms
step:389/1770 train_time:373348ms step_avg:985.09ms
step:390/1770 train_time:374273ms step_avg:984.93ms
step:391/1770 train_time:375211ms step_avg:984.81ms
step:392/1770 train_time:376157ms step_avg:984.70ms
step:393/1770 train_time:377101ms step_avg:984.60ms
step:394/1770 train_time:378015ms step_avg:984.41ms
step:395/1770 train_time:389202ms step_avg:1010.91ms
step:396/1770 train_time:389862ms step_avg:1010.01ms
step:397/1770 train_time:390784ms step_avg:1009.78ms
step:398/1770 train_time:391733ms step_avg:1009.62ms
step:399/1770 train_time:392672ms step_avg:1009.44ms
step:400/1770 train_time:393613ms step_avg:1009.26ms
step:401/1770 train_time:394520ms step_avg:1009.00ms
step:402/1770 train_time:395456ms step_avg:1008.82ms
step:403/1770 train_time:396384ms step_avg:1008.61ms
step:404/1770 train_time:397315ms step_avg:1008.41ms
step:405/1770 train_time:398262ms step_avg:1008.26ms
step:406/1770 train_time:399198ms step_avg:1008.08ms
step:407/1770 train_time:400150ms step_avg:1007.93ms
step:408/1770 train_time:401062ms step_avg:1007.69ms
step:409/1770 train_time:402001ms step_avg:1007.52ms
step:410/1770 train_time:402945ms step_avg:1007.36ms
step:411/1770 train_time:403876ms step_avg:1007.17ms
step:412/1770 train_time:404802ms step_avg:1006.97ms
step:413/1770 train_time:405726ms step_avg:1006.77ms
step:414/1770 train_time:406666ms step_avg:1006.60ms
step:415/1770 train_time:407584ms step_avg:1006.38ms
step:416/1770 train_time:408524ms step_avg:1006.22ms
step:417/1770 train_time:409459ms step_avg:1006.04ms
step:418/1770 train_time:410403ms step_avg:1005.89ms
step:419/1770 train_time:411351ms step_avg:1005.75ms
step:420/1770 train_time:412280ms step_avg:1005.56ms
step:421/1770 train_time:413202ms step_avg:1005.36ms
step:422/1770 train_time:414138ms step_avg:1005.19ms
step:423/1770 train_time:415069ms step_avg:1005.01ms
step:424/1770 train_time:416019ms step_avg:1004.88ms
step:425/1770 train_time:416953ms step_avg:1004.71ms
step:426/1770 train_time:417884ms step_avg:1004.53ms
step:427/1770 train_time:418815ms step_avg:1004.35ms
step:428/1770 train_time:419749ms step_avg:1004.18ms
step:429/1770 train_time:420675ms step_avg:1004.00ms
step:430/1770 train_time:421600ms step_avg:1003.81ms
step:431/1770 train_time:422518ms step_avg:1003.61ms
step:432/1770 train_time:423456ms step_avg:1003.45ms
step:433/1770 train_time:424366ms step_avg:1003.23ms
step:434/1770 train_time:425334ms step_avg:1003.15ms
step:435/1770 train_time:426290ms step_avg:1003.04ms
step:436/1770 train_time:427236ms step_avg:1002.90ms
step:437/1770 train_time:428154ms step_avg:1002.70ms
step:438/1770 train_time:429090ms step_avg:1002.55ms
step:439/1770 train_time:430017ms step_avg:1002.37ms
step:440/1770 train_time:430946ms step_avg:1002.20ms
step:441/1770 train_time:431882ms step_avg:1002.05ms
step:442/1770 train_time:432828ms step_avg:1001.92ms
step:443/1770 train_time:433737ms step_avg:1001.70ms
step:444/1770 train_time:434677ms step_avg:1001.56ms
step:445/1770 train_time:435630ms step_avg:1001.45ms
step:446/1770 train_time:436558ms step_avg:1001.28ms
step:447/1770 train_time:437506ms step_avg:1001.16ms
step:448/1770 train_time:438440ms step_avg:1001.00ms
step:449/1770 train_time:439387ms step_avg:1000.88ms
step:450/1770 train_time:440316ms step_avg:1000.72ms
step:451/1770 train_time:441247ms step_avg:1000.56ms
step:452/1770 train_time:442181ms step_avg:1000.41ms
step:453/1770 train_time:443110ms step_avg:1000.25ms
step:454/1770 train_time:444050ms step_avg:1000.11ms
step:455/1770 train_time:445001ms step_avg:1000.00ms
step:456/1770 train_time:445914ms step_avg:999.81ms
step:457/1770 train_time:446873ms step_avg:999.72ms
step:458/1770 train_time:447807ms step_avg:999.57ms
step:459/1770 train_time:448743ms step_avg:999.43ms
step:460/1770 train_time:449670ms step_avg:999.27ms
step:461/1770 train_time:450624ms step_avg:999.17ms
step:462/1770 train_time:451546ms step_avg:999.00ms
step:463/1770 train_time:452448ms step_avg:998.78ms
step:464/1770 train_time:453397ms step_avg:998.67ms
step:465/1770 train_time:454300ms step_avg:998.46ms
step:466/1770 train_time:455225ms step_avg:998.30ms
step:467/1770 train_time:456152ms step_avg:998.15ms
step:468/1770 train_time:457096ms step_avg:998.03ms
step:469/1770 train_time:458011ms step_avg:997.85ms
step:470/1770 train_time:458938ms step_avg:997.69ms
step:471/1770 train_time:459877ms step_avg:997.56ms
step:472/1770 train_time:460833ms step_avg:997.48ms
step:473/1770 train_time:461742ms step_avg:997.28ms
step:474/1770 train_time:462671ms step_avg:997.14ms
step:475/1770 train_time:463605ms step_avg:997.00ms
step:476/1770 train_time:464546ms step_avg:996.88ms
step:477/1770 train_time:465470ms step_avg:996.72ms
step:478/1770 train_time:466433ms step_avg:996.65ms
step:479/1770 train_time:467354ms step_avg:996.49ms
step:480/1770 train_time:468293ms step_avg:996.37ms
step:481/1770 train_time:469204ms step_avg:996.19ms
step:482/1770 train_time:470137ms step_avg:996.05ms
step:483/1770 train_time:471072ms step_avg:995.92ms
step:484/1770 train_time:471996ms step_avg:995.77ms
step:485/1770 train_time:472934ms step_avg:995.65ms
step:486/1770 train_time:473866ms step_avg:995.52ms
step:487/1770 train_time:474794ms step_avg:995.38ms
step:488/1770 train_time:475738ms step_avg:995.27ms
step:489/1770 train_time:476686ms step_avg:995.17ms
step:490/1770 train_time:477611ms step_avg:995.02ms
step:491/1770 train_time:478550ms step_avg:994.91ms
step:492/1770 train_time:479475ms step_avg:994.76ms
step:493/1770 train_time:480416ms step_avg:994.65ms
step:494/1770 train_time:481358ms step_avg:994.54ms
step:495/1770 train_time:482314ms step_avg:994.46ms
step:496/1770 train_time:483257ms step_avg:994.35ms
step:497/1770 train_time:484204ms step_avg:994.26ms
step:498/1770 train_time:485134ms step_avg:994.13ms
step:499/1770 train_time:486060ms step_avg:993.99ms
step:500/1770 train_time:486990ms step_avg:993.86ms
step:500/1770 val_loss:3.5917 train_time:487871ms step_avg:995.66ms
step:501/1770 train_time:488246ms step_avg:994.39ms
step:502/1770 train_time:488929ms step_avg:993.76ms
step:503/1770 train_time:489866ms step_avg:993.64ms
step:504/1770 train_time:490809ms step_avg:993.54ms
step:505/1770 train_time:491746ms step_avg:993.43ms
step:506/1770 train_time:492690ms step_avg:993.33ms
step:507/1770 train_time:493616ms step_avg:993.19ms
step:508/1770 train_time:494569ms step_avg:993.11ms
step:509/1770 train_time:495492ms step_avg:992.97ms
step:510/1770 train_time:496423ms step_avg:992.85ms
step:511/1770 train_time:497359ms step_avg:992.73ms
step:512/1770 train_time:498287ms step_avg:992.60ms
step:513/1770 train_time:499220ms step_avg:992.48ms
step:514/1770 train_time:500152ms step_avg:992.37ms
step:515/1770 train_time:501074ms step_avg:992.22ms
step:516/1770 train_time:502005ms step_avg:992.10ms
step:517/1770 train_time:502946ms step_avg:992.00ms
step:518/1770 train_time:503879ms step_avg:991.89ms
step:519/1770 train_time:504816ms step_avg:991.78ms
step:520/1770 train_time:505746ms step_avg:991.66ms
step:521/1770 train_time:506659ms step_avg:991.51ms
step:522/1770 train_time:507596ms step_avg:991.40ms
step:523/1770 train_time:508535ms step_avg:991.30ms
step:524/1770 train_time:509458ms step_avg:991.16ms
step:525/1770 train_time:510372ms step_avg:991.01ms
step:526/1770 train_time:521279ms step_avg:1010.23ms
step:527/1770 train_time:521934ms step_avg:1009.54ms
step:528/1770 train_time:522875ms step_avg:1009.41ms
step:529/1770 train_time:523796ms step_avg:1009.24ms
step:530/1770 train_time:524743ms step_avg:1009.12ms
step:531/1770 train_time:525669ms step_avg:1008.96ms
step:532/1770 train_time:526618ms step_avg:1008.85ms
step:533/1770 train_time:527558ms step_avg:1008.71ms
step:534/1770 train_time:528499ms step_avg:1008.59ms
step:535/1770 train_time:529435ms step_avg:1008.45ms
step:536/1770 train_time:530363ms step_avg:1008.29ms
step:537/1770 train_time:531283ms step_avg:1008.13ms
step:538/1770 train_time:532213ms step_avg:1007.98ms
step:539/1770 train_time:533151ms step_avg:1007.85ms
step:540/1770 train_time:534080ms step_avg:1007.70ms
step:541/1770 train_time:535004ms step_avg:1007.54ms
step:542/1770 train_time:535938ms step_avg:1007.40ms
step:543/1770 train_time:536895ms step_avg:1007.31ms
step:544/1770 train_time:537828ms step_avg:1007.17ms
step:545/1770 train_time:538743ms step_avg:1007.00ms
step:546/1770 train_time:539688ms step_avg:1006.88ms
step:547/1770 train_time:540611ms step_avg:1006.72ms
step:548/1770 train_time:541551ms step_avg:1006.60ms
step:549/1770 train_time:542496ms step_avg:1006.49ms
step:550/1770 train_time:543410ms step_avg:1006.32ms
step:551/1770 train_time:544350ms step_avg:1006.19ms
step:552/1770 train_time:545288ms step_avg:1006.07ms
step:553/1770 train_time:546198ms step_avg:1005.89ms
step:554/1770 train_time:547131ms step_avg:1005.75ms
step:555/1770 train_time:548067ms step_avg:1005.63ms
step:556/1770 train_time:548999ms step_avg:1005.49ms
step:557/1770 train_time:549936ms step_avg:1005.37ms
step:558/1770 train_time:550870ms step_avg:1005.24ms
step:559/1770 train_time:551805ms step_avg:1005.11ms
step:560/1770 train_time:552763ms step_avg:1005.02ms
step:561/1770 train_time:553676ms step_avg:1004.86ms
step:562/1770 train_time:554615ms step_avg:1004.74ms
step:563/1770 train_time:555535ms step_avg:1004.58ms
step:564/1770 train_time:556471ms step_avg:1004.46ms
step:565/1770 train_time:557412ms step_avg:1004.35ms
step:566/1770 train_time:558345ms step_avg:1004.22ms
step:567/1770 train_time:559271ms step_avg:1004.08ms
step:568/1770 train_time:560198ms step_avg:1003.94ms
step:569/1770 train_time:561132ms step_avg:1003.81ms
step:570/1770 train_time:562067ms step_avg:1003.69ms
step:571/1770 train_time:562992ms step_avg:1003.55ms
step:572/1770 train_time:563929ms step_avg:1003.43ms
step:573/1770 train_time:564864ms step_avg:1003.31ms
step:574/1770 train_time:565820ms step_avg:1003.23ms
step:575/1770 train_time:566760ms step_avg:1003.12ms
step:576/1770 train_time:567704ms step_avg:1003.01ms
step:577/1770 train_time:568635ms step_avg:1002.88ms
step:578/1770 train_time:569577ms step_avg:1002.78ms
step:579/1770 train_time:570525ms step_avg:1002.68ms
step:580/1770 train_time:571465ms step_avg:1002.57ms
step:581/1770 train_time:572394ms step_avg:1002.44ms
step:582/1770 train_time:573314ms step_avg:1002.30ms
step:583/1770 train_time:574256ms step_avg:1002.19ms
step:584/1770 train_time:575174ms step_avg:1002.05ms
step:585/1770 train_time:576108ms step_avg:1001.93ms
step:586/1770 train_time:577039ms step_avg:1001.80ms
step:587/1770 train_time:577976ms step_avg:1001.69ms
step:588/1770 train_time:578908ms step_avg:1001.57ms
step:589/1770 train_time:579849ms step_avg:1001.47ms
step:590/1770 train_time:580785ms step_avg:1001.35ms
step:591/1770 train_time:581724ms step_avg:1001.25ms
step:592/1770 train_time:582661ms step_avg:1001.13ms
step:593/1770 train_time:583583ms step_avg:1001.00ms
step:594/1770 train_time:584532ms step_avg:1000.91ms
step:595/1770 train_time:585459ms step_avg:1000.78ms
step:596/1770 train_time:586391ms step_avg:1000.67ms
step:597/1770 train_time:587328ms step_avg:1000.56ms
step:598/1770 train_time:588259ms step_avg:1000.44ms
step:599/1770 train_time:589191ms step_avg:1000.32ms
step:600/1770 train_time:590123ms step_avg:1000.21ms
step:601/1770 train_time:591048ms step_avg:1000.08ms
step:602/1770 train_time:591977ms step_avg:999.96ms
step:603/1770 train_time:592925ms step_avg:999.87ms
step:604/1770 train_time:593853ms step_avg:999.75ms
step:605/1770 train_time:594783ms step_avg:999.64ms
step:606/1770 train_time:595711ms step_avg:999.52ms
step:607/1770 train_time:596660ms step_avg:999.43ms
step:608/1770 train_time:597588ms step_avg:999.31ms
step:609/1770 train_time:598547ms step_avg:999.24ms
step:610/1770 train_time:599479ms step_avg:999.13ms
step:611/1770 train_time:600409ms step_avg:999.02ms
step:612/1770 train_time:601347ms step_avg:998.92ms
step:613/1770 train_time:602303ms step_avg:998.84ms
step:614/1770 train_time:603250ms step_avg:998.76ms
step:615/1770 train_time:604170ms step_avg:998.63ms
step:616/1770 train_time:605111ms step_avg:998.53ms
step:617/1770 train_time:606032ms step_avg:998.41ms
step:618/1770 train_time:606974ms step_avg:998.31ms
step:619/1770 train_time:607906ms step_avg:998.20ms
step:620/1770 train_time:608840ms step_avg:998.10ms
step:621/1770 train_time:609778ms step_avg:998.00ms
step:622/1770 train_time:610720ms step_avg:997.91ms
step:623/1770 train_time:611655ms step_avg:997.81ms
step:624/1770 train_time:612596ms step_avg:997.71ms
step:625/1770 train_time:613526ms step_avg:997.60ms
step:625/1770 val_loss:3.5143 train_time:614388ms step_avg:999.01ms
step:626/1770 train_time:614789ms step_avg:998.03ms
step:627/1770 train_time:615479ms step_avg:997.53ms
step:628/1770 train_time:616425ms step_avg:997.45ms
step:629/1770 train_time:617348ms step_avg:997.33ms
step:630/1770 train_time:618291ms step_avg:997.24ms
step:631/1770 train_time:619214ms step_avg:997.12ms
step:632/1770 train_time:620161ms step_avg:997.04ms
step:633/1770 train_time:621103ms step_avg:996.95ms
step:634/1770 train_time:622046ms step_avg:996.87ms
step:635/1770 train_time:622979ms step_avg:996.77ms
step:636/1770 train_time:623920ms step_avg:996.68ms
step:637/1770 train_time:624832ms step_avg:996.54ms
step:638/1770 train_time:625788ms step_avg:996.48ms
step:639/1770 train_time:626725ms step_avg:996.38ms
step:640/1770 train_time:627678ms step_avg:996.31ms
step:641/1770 train_time:628607ms step_avg:996.21ms
step:642/1770 train_time:629559ms step_avg:996.14ms
step:643/1770 train_time:630519ms step_avg:996.08ms
step:644/1770 train_time:631466ms step_avg:996.00ms
step:645/1770 train_time:632387ms step_avg:995.88ms
step:646/1770 train_time:633313ms step_avg:995.77ms
step:647/1770 train_time:634230ms step_avg:995.65ms
step:648/1770 train_time:635170ms step_avg:995.56ms
step:649/1770 train_time:636090ms step_avg:995.45ms
step:650/1770 train_time:637024ms step_avg:995.35ms
step:651/1770 train_time:637967ms step_avg:995.27ms
step:652/1770 train_time:638882ms step_avg:995.14ms
step:653/1770 train_time:639811ms step_avg:995.04ms
step:654/1770 train_time:640741ms step_avg:994.94ms
step:655/1770 train_time:641698ms step_avg:994.88ms
step:656/1770 train_time:642608ms step_avg:994.75ms
step:657/1770 train_time:653218ms step_avg:1009.61ms
step:658/1770 train_time:653869ms step_avg:1009.06ms
step:659/1770 train_time:654811ms step_avg:1008.95ms
step:660/1770 train_time:655757ms step_avg:1008.86ms
step:661/1770 train_time:656678ms step_avg:1008.72ms
step:662/1770 train_time:657605ms step_avg:1008.60ms
step:663/1770 train_time:658566ms step_avg:1008.52ms
step:664/1770 train_time:659501ms step_avg:1008.41ms
step:665/1770 train_time:660417ms step_avg:1008.27ms
step:666/1770 train_time:661341ms step_avg:1008.14ms
step:667/1770 train_time:662258ms step_avg:1008.00ms
step:668/1770 train_time:663185ms step_avg:1007.88ms
step:669/1770 train_time:664111ms step_avg:1007.76ms
step:670/1770 train_time:665047ms step_avg:1007.65ms
step:671/1770 train_time:665994ms step_avg:1007.55ms
step:672/1770 train_time:666942ms step_avg:1007.47ms
step:673/1770 train_time:667888ms step_avg:1007.37ms
step:674/1770 train_time:668820ms step_avg:1007.26ms
step:675/1770 train_time:669775ms step_avg:1007.18ms
step:676/1770 train_time:670698ms step_avg:1007.05ms
step:677/1770 train_time:671625ms step_avg:1006.93ms
step:678/1770 train_time:672548ms step_avg:1006.81ms
step:679/1770 train_time:673469ms step_avg:1006.68ms
step:680/1770 train_time:674408ms step_avg:1006.58ms
step:681/1770 train_time:675332ms step_avg:1006.46ms
step:682/1770 train_time:676257ms step_avg:1006.33ms
step:683/1770 train_time:677210ms step_avg:1006.26ms
step:684/1770 train_time:678159ms step_avg:1006.17ms
step:685/1770 train_time:679073ms step_avg:1006.03ms
step:686/1770 train_time:680016ms step_avg:1005.94ms
step:687/1770 train_time:680950ms step_avg:1005.83ms
step:688/1770 train_time:681892ms step_avg:1005.74ms
step:689/1770 train_time:682833ms step_avg:1005.64ms
step:690/1770 train_time:683751ms step_avg:1005.52ms
step:691/1770 train_time:684705ms step_avg:1005.44ms
step:692/1770 train_time:685635ms step_avg:1005.33ms
step:693/1770 train_time:686574ms step_avg:1005.23ms
step:694/1770 train_time:687511ms step_avg:1005.13ms
step:695/1770 train_time:688439ms step_avg:1005.02ms
step:696/1770 train_time:689364ms step_avg:1004.90ms
step:697/1770 train_time:690294ms step_avg:1004.80ms
step:698/1770 train_time:691221ms step_avg:1004.68ms
step:699/1770 train_time:692169ms step_avg:1004.60ms
step:700/1770 train_time:693112ms step_avg:1004.51ms
step:701/1770 train_time:694029ms step_avg:1004.38ms
step:702/1770 train_time:694953ms step_avg:1004.27ms
step:703/1770 train_time:695876ms step_avg:1004.15ms
step:704/1770 train_time:696803ms step_avg:1004.04ms
step:705/1770 train_time:697741ms step_avg:1003.94ms
step:706/1770 train_time:698663ms step_avg:1003.83ms
step:707/1770 train_time:699581ms step_avg:1003.70ms
step:708/1770 train_time:700528ms step_avg:1003.62ms
step:709/1770 train_time:701457ms step_avg:1003.52ms
step:710/1770 train_time:702385ms step_avg:1003.41ms
step:711/1770 train_time:703311ms step_avg:1003.30ms
step:712/1770 train_time:704246ms step_avg:1003.20ms
step:713/1770 train_time:705177ms step_avg:1003.10ms
step:714/1770 train_time:706134ms step_avg:1003.03ms
step:715/1770 train_time:707068ms step_avg:1002.93ms
step:716/1770 train_time:707998ms step_avg:1002.83ms
step:717/1770 train_time:708923ms step_avg:1002.72ms
step:718/1770 train_time:709845ms step_avg:1002.61ms
step:719/1770 train_time:710795ms step_avg:1002.53ms
step:720/1770 train_time:711716ms step_avg:1002.42ms
step:721/1770 train_time:712652ms step_avg:1002.32ms
step:722/1770 train_time:713575ms step_avg:1002.21ms
step:723/1770 train_time:714511ms step_avg:1002.12ms
step:724/1770 train_time:715444ms step_avg:1002.02ms
step:725/1770 train_time:716374ms step_avg:1001.92ms
step:726/1770 train_time:717307ms step_avg:1001.83ms
step:727/1770 train_time:718241ms step_avg:1001.73ms
step:728/1770 train_time:719192ms step_avg:1001.66ms
step:729/1770 train_time:720140ms step_avg:1001.59ms
step:730/1770 train_time:721072ms step_avg:1001.49ms
step:731/1770 train_time:722005ms step_avg:1001.39ms
step:732/1770 train_time:722948ms step_avg:1001.31ms
step:733/1770 train_time:723883ms step_avg:1001.22ms
step:734/1770 train_time:724808ms step_avg:1001.12ms
step:735/1770 train_time:725735ms step_avg:1001.01ms
step:736/1770 train_time:726660ms step_avg:1000.91ms
step:737/1770 train_time:727603ms step_avg:1000.83ms
step:738/1770 train_time:728539ms step_avg:1000.74ms
step:739/1770 train_time:729480ms step_avg:1000.66ms
step:740/1770 train_time:730414ms step_avg:1000.57ms
step:741/1770 train_time:731359ms step_avg:1000.49ms
step:742/1770 train_time:732293ms step_avg:1000.40ms
step:743/1770 train_time:733222ms step_avg:1000.30ms
step:744/1770 train_time:734162ms step_avg:1000.22ms
step:745/1770 train_time:735109ms step_avg:1000.15ms
step:746/1770 train_time:736037ms step_avg:1000.05ms
step:747/1770 train_time:736980ms step_avg:999.97ms
step:748/1770 train_time:737923ms step_avg:999.90ms
step:749/1770 train_time:738853ms step_avg:999.80ms
step:750/1770 train_time:739775ms step_avg:999.70ms
step:750/1770 val_loss:3.4634 train_time:740646ms step_avg:1000.87ms
step:751/1770 train_time:741036ms step_avg:1000.05ms
step:752/1770 train_time:741706ms step_avg:999.60ms
step:753/1770 train_time:742644ms step_avg:999.52ms
step:754/1770 train_time:743579ms step_avg:999.43ms
step:755/1770 train_time:744511ms step_avg:999.34ms
step:756/1770 train_time:745445ms step_avg:999.26ms
step:757/1770 train_time:746377ms step_avg:999.17ms
step:758/1770 train_time:747313ms step_avg:999.08ms
step:759/1770 train_time:748267ms step_avg:999.02ms
step:760/1770 train_time:749193ms step_avg:998.92ms
step:761/1770 train_time:750122ms step_avg:998.83ms
step:762/1770 train_time:751044ms step_avg:998.73ms
step:763/1770 train_time:751970ms step_avg:998.63ms
step:764/1770 train_time:752899ms step_avg:998.54ms
step:765/1770 train_time:753832ms step_avg:998.45ms
step:766/1770 train_time:754767ms step_avg:998.37ms
step:767/1770 train_time:755725ms step_avg:998.32ms
step:768/1770 train_time:756648ms step_avg:998.22ms
step:769/1770 train_time:757583ms step_avg:998.13ms
step:770/1770 train_time:758517ms step_avg:998.05ms
step:771/1770 train_time:759460ms step_avg:997.98ms
step:772/1770 train_time:760398ms step_avg:997.90ms
step:773/1770 train_time:761342ms step_avg:997.83ms
step:774/1770 train_time:762274ms step_avg:997.74ms
step:775/1770 train_time:763218ms step_avg:997.67ms
step:776/1770 train_time:764145ms step_avg:997.58ms
step:777/1770 train_time:765076ms step_avg:997.49ms
step:778/1770 train_time:766002ms step_avg:997.40ms
step:779/1770 train_time:766924ms step_avg:997.30ms
step:780/1770 train_time:767861ms step_avg:997.22ms
step:781/1770 train_time:768794ms step_avg:997.14ms
step:782/1770 train_time:769720ms step_avg:997.05ms
step:783/1770 train_time:770653ms step_avg:996.96ms
step:784/1770 train_time:771600ms step_avg:996.90ms
step:785/1770 train_time:772546ms step_avg:996.83ms
step:786/1770 train_time:773496ms step_avg:996.77ms
step:787/1770 train_time:774441ms step_avg:996.71ms
step:788/1770 train_time:785415ms step_avg:1009.53ms
step:789/1770 train_time:786217ms step_avg:1009.26ms
step:790/1770 train_time:787150ms step_avg:1009.17ms
step:791/1770 train_time:788079ms step_avg:1009.06ms
step:792/1770 train_time:789009ms step_avg:1008.96ms
step:793/1770 train_time:789933ms step_avg:1008.85ms
step:794/1770 train_time:790895ms step_avg:1008.79ms
step:795/1770 train_time:791829ms step_avg:1008.70ms
step:796/1770 train_time:792736ms step_avg:1008.57ms
step:797/1770 train_time:793681ms step_avg:1008.49ms
step:798/1770 train_time:794600ms step_avg:1008.38ms
step:799/1770 train_time:795540ms step_avg:1008.29ms
step:800/1770 train_time:796461ms step_avg:1008.18ms
step:801/1770 train_time:797396ms step_avg:1008.09ms
step:802/1770 train_time:798330ms step_avg:1007.99ms
step:803/1770 train_time:799240ms step_avg:1007.87ms
step:804/1770 train_time:800205ms step_avg:1007.81ms
step:805/1770 train_time:801129ms step_avg:1007.71ms
step:806/1770 train_time:802072ms step_avg:1007.63ms
step:807/1770 train_time:803021ms step_avg:1007.55ms
step:808/1770 train_time:803961ms step_avg:1007.47ms
step:809/1770 train_time:804893ms step_avg:1007.37ms
step:810/1770 train_time:805826ms step_avg:1007.28ms
step:811/1770 train_time:806787ms step_avg:1007.22ms
step:812/1770 train_time:807741ms step_avg:1007.16ms
step:813/1770 train_time:808636ms step_avg:1007.02ms
step:814/1770 train_time:809561ms step_avg:1006.92ms
step:815/1770 train_time:810466ms step_avg:1006.79ms
step:816/1770 train_time:811399ms step_avg:1006.70ms
step:817/1770 train_time:812334ms step_avg:1006.61ms
step:818/1770 train_time:813257ms step_avg:1006.51ms
step:819/1770 train_time:814191ms step_avg:1006.42ms
step:820/1770 train_time:815118ms step_avg:1006.32ms
step:821/1770 train_time:816075ms step_avg:1006.26ms
step:822/1770 train_time:816979ms step_avg:1006.13ms
step:823/1770 train_time:817938ms step_avg:1006.07ms
step:824/1770 train_time:818875ms step_avg:1005.99ms
step:825/1770 train_time:819798ms step_avg:1005.89ms
step:826/1770 train_time:820716ms step_avg:1005.78ms
step:827/1770 train_time:821642ms step_avg:1005.68ms
step:828/1770 train_time:822594ms step_avg:1005.62ms
step:829/1770 train_time:823521ms step_avg:1005.52ms
step:830/1770 train_time:824462ms step_avg:1005.44ms
step:831/1770 train_time:825408ms step_avg:1005.37ms
step:832/1770 train_time:826337ms step_avg:1005.28ms
step:833/1770 train_time:827261ms step_avg:1005.18ms
step:834/1770 train_time:828204ms step_avg:1005.10ms
step:835/1770 train_time:829116ms step_avg:1004.99ms
step:836/1770 train_time:830041ms step_avg:1004.89ms
step:837/1770 train_time:830993ms step_avg:1004.83ms
step:838/1770 train_time:831909ms step_avg:1004.72ms
step:839/1770 train_time:832856ms step_avg:1004.65ms
step:840/1770 train_time:833788ms step_avg:1004.56ms
step:841/1770 train_time:834719ms step_avg:1004.47ms
step:842/1770 train_time:835661ms step_avg:1004.40ms
step:843/1770 train_time:836578ms step_avg:1004.30ms
step:844/1770 train_time:837521ms step_avg:1004.22ms
step:845/1770 train_time:838458ms step_avg:1004.14ms
step:846/1770 train_time:839381ms step_avg:1004.04ms
step:847/1770 train_time:840311ms step_avg:1003.96ms
step:848/1770 train_time:841241ms step_avg:1003.87ms
step:849/1770 train_time:842176ms step_avg:1003.79ms
step:850/1770 train_time:843123ms step_avg:1003.72ms
step:851/1770 train_time:844053ms step_avg:1003.63ms
step:852/1770 train_time:844984ms step_avg:1003.54ms
step:853/1770 train_time:845946ms step_avg:1003.49ms
step:854/1770 train_time:846892ms step_avg:1003.43ms
step:855/1770 train_time:847814ms step_avg:1003.33ms
step:856/1770 train_time:848755ms step_avg:1003.26ms
step:857/1770 train_time:849676ms step_avg:1003.16ms
step:858/1770 train_time:850597ms step_avg:1003.06ms
step:859/1770 train_time:851528ms step_avg:1002.98ms
step:860/1770 train_time:852474ms step_avg:1002.91ms
step:861/1770 train_time:853399ms step_avg:1002.82ms
step:862/1770 train_time:854328ms step_avg:1002.73ms
step:863/1770 train_time:855283ms step_avg:1002.68ms
step:864/1770 train_time:856212ms step_avg:1002.59ms
step:865/1770 train_time:857132ms step_avg:1002.49ms
step:866/1770 train_time:858090ms step_avg:1002.44ms
step:867/1770 train_time:859022ms step_avg:1002.36ms
step:868/1770 train_time:859954ms step_avg:1002.28ms
step:869/1770 train_time:860881ms step_avg:1002.19ms
step:870/1770 train_time:861810ms step_avg:1002.10ms
step:871/1770 train_time:862730ms step_avg:1002.01ms
step:872/1770 train_time:863671ms step_avg:1001.94ms
step:873/1770 train_time:864594ms step_avg:1001.85ms
step:874/1770 train_time:865523ms step_avg:1001.76ms
step:875/1770 train_time:866466ms step_avg:1001.69ms
step:875/1770 val_loss:3.4174 train_time:867332ms step_avg:1002.70ms
step:876/1770 train_time:867743ms step_avg:1002.01ms
step:877/1770 train_time:868408ms step_avg:1001.62ms
step:878/1770 train_time:869343ms step_avg:1001.55ms
step:879/1770 train_time:870281ms step_avg:1001.47ms
step:880/1770 train_time:871226ms step_avg:1001.41ms
step:881/1770 train_time:872167ms step_avg:1001.34ms
step:882/1770 train_time:873084ms step_avg:1001.24ms
step:883/1770 train_time:874014ms step_avg:1001.16ms
step:884/1770 train_time:874958ms step_avg:1001.10ms
step:885/1770 train_time:875888ms step_avg:1001.01ms
step:886/1770 train_time:876845ms step_avg:1000.96ms
step:887/1770 train_time:877766ms step_avg:1000.87ms
step:888/1770 train_time:878703ms step_avg:1000.80ms
step:889/1770 train_time:879655ms step_avg:1000.74ms
step:890/1770 train_time:880578ms step_avg:1000.66ms
step:891/1770 train_time:881520ms step_avg:1000.59ms
step:892/1770 train_time:882433ms step_avg:1000.49ms
step:893/1770 train_time:883368ms step_avg:1000.42ms
step:894/1770 train_time:884305ms step_avg:1000.35ms
step:895/1770 train_time:885232ms step_avg:1000.26ms
step:896/1770 train_time:886164ms step_avg:1000.18ms
step:897/1770 train_time:887093ms step_avg:1000.10ms
step:898/1770 train_time:888024ms step_avg:1000.03ms
step:899/1770 train_time:888940ms step_avg:999.93ms
step:900/1770 train_time:889882ms step_avg:999.87ms
step:901/1770 train_time:890808ms step_avg:999.78ms
step:902/1770 train_time:891737ms step_avg:999.70ms
step:903/1770 train_time:892659ms step_avg:999.62ms
step:904/1770 train_time:893579ms step_avg:999.53ms
step:905/1770 train_time:894525ms step_avg:999.47ms
step:906/1770 train_time:895462ms step_avg:999.40ms
step:907/1770 train_time:896370ms step_avg:999.30ms
step:908/1770 train_time:897309ms step_avg:999.23ms
step:909/1770 train_time:898248ms step_avg:999.16ms
step:910/1770 train_time:899194ms step_avg:999.10ms
step:911/1770 train_time:900142ms step_avg:999.05ms
step:912/1770 train_time:901085ms step_avg:998.99ms
step:913/1770 train_time:902009ms step_avg:998.90ms
step:914/1770 train_time:902950ms step_avg:998.84ms
step:915/1770 train_time:903904ms step_avg:998.79ms
step:916/1770 train_time:904849ms step_avg:998.73ms
step:917/1770 train_time:905782ms step_avg:998.66ms
step:918/1770 train_time:906719ms step_avg:998.59ms
step:919/1770 train_time:917621ms step_avg:1009.48ms
step:920/1770 train_time:918282ms step_avg:1009.10ms
step:921/1770 train_time:919221ms step_avg:1009.02ms
step:922/1770 train_time:920148ms step_avg:1008.93ms
step:923/1770 train_time:921082ms step_avg:1008.85ms
step:924/1770 train_time:922016ms step_avg:1008.77ms
step:925/1770 train_time:922964ms step_avg:1008.70ms
step:926/1770 train_time:923912ms step_avg:1008.64ms
step:927/1770 train_time:924839ms step_avg:1008.55ms
step:928/1770 train_time:925772ms step_avg:1008.47ms
step:929/1770 train_time:926689ms step_avg:1008.37ms
step:930/1770 train_time:927616ms step_avg:1008.28ms
step:931/1770 train_time:928554ms step_avg:1008.20ms
step:932/1770 train_time:929483ms step_avg:1008.12ms
step:933/1770 train_time:930398ms step_avg:1008.01ms
step:934/1770 train_time:931341ms step_avg:1007.95ms
step:935/1770 train_time:932266ms step_avg:1007.86ms
step:936/1770 train_time:933208ms step_avg:1007.78ms
step:937/1770 train_time:934129ms step_avg:1007.69ms
step:938/1770 train_time:935056ms step_avg:1007.60ms
step:939/1770 train_time:936001ms step_avg:1007.54ms
step:940/1770 train_time:936944ms step_avg:1007.47ms
step:941/1770 train_time:937867ms step_avg:1007.38ms
step:942/1770 train_time:938797ms step_avg:1007.29ms
step:943/1770 train_time:939728ms step_avg:1007.21ms
step:944/1770 train_time:940647ms step_avg:1007.12ms
step:945/1770 train_time:941588ms step_avg:1007.05ms
step:946/1770 train_time:942517ms step_avg:1006.96ms
step:947/1770 train_time:943446ms step_avg:1006.88ms
step:948/1770 train_time:944369ms step_avg:1006.79ms
step:949/1770 train_time:945304ms step_avg:1006.71ms
step:950/1770 train_time:946252ms step_avg:1006.65ms
step:951/1770 train_time:947175ms step_avg:1006.56ms
step:952/1770 train_time:948104ms step_avg:1006.48ms
step:953/1770 train_time:949047ms step_avg:1006.41ms
step:954/1770 train_time:949962ms step_avg:1006.32ms
step:955/1770 train_time:950898ms step_avg:1006.24ms
step:956/1770 train_time:951819ms step_avg:1006.15ms
step:957/1770 train_time:952755ms step_avg:1006.08ms
step:958/1770 train_time:953698ms step_avg:1006.01ms
step:959/1770 train_time:954645ms step_avg:1005.95ms
step:960/1770 train_time:955572ms step_avg:1005.87ms
step:961/1770 train_time:956496ms step_avg:1005.78ms
step:962/1770 train_time:957433ms step_avg:1005.71ms
step:963/1770 train_time:958362ms step_avg:1005.63ms
step:964/1770 train_time:959299ms step_avg:1005.55ms
step:965/1770 train_time:960246ms step_avg:1005.49ms
step:966/1770 train_time:961167ms step_avg:1005.41ms
step:967/1770 train_time:962126ms step_avg:1005.36ms
step:968/1770 train_time:963057ms step_avg:1005.28ms
step:969/1770 train_time:964007ms step_avg:1005.22ms
step:970/1770 train_time:964931ms step_avg:1005.14ms
step:971/1770 train_time:965868ms step_avg:1005.07ms
step:972/1770 train_time:966784ms step_avg:1004.97ms
step:973/1770 train_time:967732ms step_avg:1004.91ms
step:974/1770 train_time:968669ms step_avg:1004.84ms
step:975/1770 train_time:969591ms step_avg:1004.76ms
step:976/1770 train_time:970526ms step_avg:1004.69ms
step:977/1770 train_time:971455ms step_avg:1004.61ms
step:978/1770 train_time:972382ms step_avg:1004.53ms
step:979/1770 train_time:973334ms step_avg:1004.47ms
step:980/1770 train_time:974257ms step_avg:1004.39ms
step:981/1770 train_time:975181ms step_avg:1004.31ms
step:982/1770 train_time:976116ms step_avg:1004.23ms
step:983/1770 train_time:977053ms step_avg:1004.17ms
step:984/1770 train_time:977990ms step_avg:1004.10ms
step:985/1770 train_time:978910ms step_avg:1004.01ms
step:986/1770 train_time:979859ms step_avg:1003.95ms
step:987/1770 train_time:980794ms step_avg:1003.88ms
step:988/1770 train_time:981724ms step_avg:1003.81ms
step:989/1770 train_time:982646ms step_avg:1003.72ms
step:990/1770 train_time:983583ms step_avg:1003.66ms
step:991/1770 train_time:984533ms step_avg:1003.60ms
step:992/1770 train_time:985461ms step_avg:1003.52ms
step:993/1770 train_time:986369ms step_avg:1003.43ms
step:994/1770 train_time:987296ms step_avg:1003.35ms
step:995/1770 train_time:988233ms step_avg:1003.28ms
step:996/1770 train_time:989194ms step_avg:1003.24ms
step:997/1770 train_time:990121ms step_avg:1003.16ms
step:998/1770 train_time:991049ms step_avg:1003.09ms
step:999/1770 train_time:991978ms step_avg:1003.01ms
step:1000/1770 train_time:992903ms step_avg:1002.93ms
step:1000/1770 val_loss:3.3821 train_time:993782ms step_avg:1003.82ms
step:1001/1770 train_time:994174ms step_avg:1003.20ms
step:1002/1770 train_time:994870ms step_avg:1002.89ms
step:1003/1770 train_time:995809ms step_avg:1002.83ms
step:1004/1770 train_time:996742ms step_avg:1002.76ms
step:1005/1770 train_time:997671ms step_avg:1002.68ms
step:1006/1770 train_time:998620ms step_avg:1002.63ms
step:1007/1770 train_time:999558ms step_avg:1002.57ms
step:1008/1770 train_time:1000493ms step_avg:1002.50ms
step:1009/1770 train_time:1001432ms step_avg:1002.43ms
step:1010/1770 train_time:1002356ms step_avg:1002.36ms
step:1011/1770 train_time:1003294ms step_avg:1002.29ms
step:1012/1770 train_time:1004218ms step_avg:1002.21ms
step:1013/1770 train_time:1005162ms step_avg:1002.16ms
step:1014/1770 train_time:1006084ms step_avg:1002.08ms
step:1015/1770 train_time:1007019ms step_avg:1002.01ms
step:1016/1770 train_time:1007959ms step_avg:1001.95ms
step:1017/1770 train_time:1008886ms step_avg:1001.87ms
step:1018/1770 train_time:1009813ms step_avg:1001.80ms
step:1019/1770 train_time:1010770ms step_avg:1001.75ms
step:1020/1770 train_time:1011714ms step_avg:1001.70ms
step:1021/1770 train_time:1012636ms step_avg:1001.62ms
step:1022/1770 train_time:1013573ms step_avg:1001.55ms
step:1023/1770 train_time:1014502ms step_avg:1001.48ms
step:1024/1770 train_time:1015445ms step_avg:1001.42ms
step:1025/1770 train_time:1016369ms step_avg:1001.35ms
step:1026/1770 train_time:1017316ms step_avg:1001.30ms
step:1027/1770 train_time:1018252ms step_avg:1001.23ms
step:1028/1770 train_time:1019187ms step_avg:1001.17ms
step:1029/1770 train_time:1020137ms step_avg:1001.12ms
step:1030/1770 train_time:1021076ms step_avg:1001.06ms
step:1031/1770 train_time:1022007ms step_avg:1000.99ms
step:1032/1770 train_time:1022939ms step_avg:1000.92ms
step:1033/1770 train_time:1023883ms step_avg:1000.86ms
step:1034/1770 train_time:1024813ms step_avg:1000.79ms
step:1035/1770 train_time:1025739ms step_avg:1000.72ms
step:1036/1770 train_time:1026682ms step_avg:1000.66ms
step:1037/1770 train_time:1027588ms step_avg:1000.57ms
step:1038/1770 train_time:1028540ms step_avg:1000.53ms
step:1039/1770 train_time:1029466ms step_avg:1000.45ms
step:1040/1770 train_time:1030402ms step_avg:1000.39ms
step:1041/1770 train_time:1031339ms step_avg:1000.33ms
step:1042/1770 train_time:1032267ms step_avg:1000.26ms
step:1043/1770 train_time:1033201ms step_avg:1000.19ms
step:1044/1770 train_time:1034118ms step_avg:1000.11ms
step:1045/1770 train_time:1035067ms step_avg:1000.06ms
step:1046/1770 train_time:1035986ms step_avg:999.99ms
step:1047/1770 train_time:1036931ms step_avg:999.93ms
step:1048/1770 train_time:1037879ms step_avg:999.88ms
step:1049/1770 train_time:1038802ms step_avg:999.81ms
step:1050/1770 train_time:1049589ms step_avg:1009.22ms
step:1051/1770 train_time:1050703ms step_avg:1009.32ms
step:1052/1770 train_time:1051629ms step_avg:1009.24ms
step:1053/1770 train_time:1052560ms step_avg:1009.17ms
step:1054/1770 train_time:1053486ms step_avg:1009.09ms
step:1055/1770 train_time:1054446ms step_avg:1009.04ms
step:1056/1770 train_time:1055386ms step_avg:1008.97ms
step:1057/1770 train_time:1056321ms step_avg:1008.90ms
step:1058/1770 train_time:1057260ms step_avg:1008.84ms
step:1059/1770 train_time:1058190ms step_avg:1008.76ms
step:1060/1770 train_time:1059122ms step_avg:1008.69ms
step:1061/1770 train_time:1060079ms step_avg:1008.64ms
step:1062/1770 train_time:1061017ms step_avg:1008.57ms
step:1063/1770 train_time:1061943ms step_avg:1008.49ms
step:1064/1770 train_time:1062878ms step_avg:1008.42ms
step:1065/1770 train_time:1063807ms step_avg:1008.35ms
step:1066/1770 train_time:1064734ms step_avg:1008.27ms
step:1067/1770 train_time:1065683ms step_avg:1008.21ms
step:1068/1770 train_time:1066634ms step_avg:1008.16ms
step:1069/1770 train_time:1067553ms step_avg:1008.08ms
step:1070/1770 train_time:1068495ms step_avg:1008.01ms
step:1071/1770 train_time:1069418ms step_avg:1007.93ms
step:1072/1770 train_time:1070360ms step_avg:1007.87ms
step:1073/1770 train_time:1071312ms step_avg:1007.82ms
step:1074/1770 train_time:1072249ms step_avg:1007.75ms
step:1075/1770 train_time:1073172ms step_avg:1007.67ms
step:1076/1770 train_time:1074107ms step_avg:1007.60ms
step:1077/1770 train_time:1075056ms step_avg:1007.55ms
step:1078/1770 train_time:1075995ms step_avg:1007.49ms
step:1079/1770 train_time:1076914ms step_avg:1007.40ms
step:1080/1770 train_time:1077862ms step_avg:1007.35ms
step:1081/1770 train_time:1078814ms step_avg:1007.30ms
step:1082/1770 train_time:1079728ms step_avg:1007.21ms
step:1083/1770 train_time:1080673ms step_avg:1007.15ms
step:1084/1770 train_time:1081610ms step_avg:1007.09ms
step:1085/1770 train_time:1082544ms step_avg:1007.02ms
step:1086/1770 train_time:1083463ms step_avg:1006.94ms
step:1087/1770 train_time:1084423ms step_avg:1006.89ms
step:1088/1770 train_time:1085318ms step_avg:1006.79ms
step:1089/1770 train_time:1086259ms step_avg:1006.73ms
step:1090/1770 train_time:1087215ms step_avg:1006.68ms
step:1091/1770 train_time:1088148ms step_avg:1006.61ms
step:1092/1770 train_time:1089078ms step_avg:1006.54ms
step:1093/1770 train_time:1090004ms step_avg:1006.47ms
step:1094/1770 train_time:1090918ms step_avg:1006.38ms
step:1095/1770 train_time:1091852ms step_avg:1006.32ms
step:1096/1770 train_time:1092802ms step_avg:1006.26ms
step:1097/1770 train_time:1093728ms step_avg:1006.19ms
step:1098/1770 train_time:1094674ms step_avg:1006.13ms
step:1099/1770 train_time:1095604ms step_avg:1006.06ms
step:1100/1770 train_time:1096505ms step_avg:1005.97ms
step:1101/1770 train_time:1097452ms step_avg:1005.91ms
step:1102/1770 train_time:1098377ms step_avg:1005.84ms
step:1103/1770 train_time:1099295ms step_avg:1005.76ms
step:1104/1770 train_time:1100232ms step_avg:1005.70ms
step:1105/1770 train_time:1101179ms step_avg:1005.64ms
step:1106/1770 train_time:1102117ms step_avg:1005.58ms
step:1107/1770 train_time:1103053ms step_avg:1005.52ms
step:1108/1770 train_time:1104005ms step_avg:1005.47ms
step:1109/1770 train_time:1104933ms step_avg:1005.40ms
step:1110/1770 train_time:1105831ms step_avg:1005.30ms
step:1111/1770 train_time:1106785ms step_avg:1005.25ms
step:1112/1770 train_time:1107712ms step_avg:1005.18ms
step:1113/1770 train_time:1108645ms step_avg:1005.12ms
step:1114/1770 train_time:1109569ms step_avg:1005.04ms
step:1115/1770 train_time:1110511ms step_avg:1004.99ms
step:1116/1770 train_time:1111444ms step_avg:1004.92ms
step:1117/1770 train_time:1112370ms step_avg:1004.85ms
step:1118/1770 train_time:1113311ms step_avg:1004.79ms
step:1119/1770 train_time:1114235ms step_avg:1004.72ms
step:1120/1770 train_time:1115188ms step_avg:1004.67ms
step:1121/1770 train_time:1116130ms step_avg:1004.62ms
step:1122/1770 train_time:1117089ms step_avg:1004.58ms
step:1123/1770 train_time:1118043ms step_avg:1004.53ms
step:1124/1770 train_time:1118975ms step_avg:1004.47ms
step:1125/1770 train_time:1119892ms step_avg:1004.39ms
step:1125/1770 val_loss:3.3457 train_time:1120762ms step_avg:1005.17ms
step:1126/1770 train_time:1121136ms step_avg:1004.60ms
step:1127/1770 train_time:1121852ms step_avg:1004.34ms
step:1128/1770 train_time:1122786ms step_avg:1004.28ms
step:1129/1770 train_time:1123735ms step_avg:1004.23ms
step:1130/1770 train_time:1124667ms step_avg:1004.17ms
step:1131/1770 train_time:1125595ms step_avg:1004.10ms
step:1132/1770 train_time:1126537ms step_avg:1004.04ms
step:1133/1770 train_time:1127469ms step_avg:1003.98ms
step:1134/1770 train_time:1128438ms step_avg:1003.95ms
step:1135/1770 train_time:1129380ms step_avg:1003.89ms
step:1136/1770 train_time:1130304ms step_avg:1003.82ms
step:1137/1770 train_time:1131242ms step_avg:1003.76ms
step:1138/1770 train_time:1132174ms step_avg:1003.70ms
step:1139/1770 train_time:1133110ms step_avg:1003.64ms
step:1140/1770 train_time:1134038ms step_avg:1003.57ms
step:1141/1770 train_time:1134965ms step_avg:1003.51ms
step:1142/1770 train_time:1135918ms step_avg:1003.46ms
step:1143/1770 train_time:1136847ms step_avg:1003.40ms
step:1144/1770 train_time:1137785ms step_avg:1003.34ms
step:1145/1770 train_time:1138724ms step_avg:1003.28ms
step:1146/1770 train_time:1139644ms step_avg:1003.21ms
step:1147/1770 train_time:1140583ms step_avg:1003.15ms
step:1148/1770 train_time:1141508ms step_avg:1003.08ms
step:1149/1770 train_time:1142446ms step_avg:1003.03ms
step:1150/1770 train_time:1143401ms step_avg:1002.98ms
step:1151/1770 train_time:1144326ms step_avg:1002.92ms
step:1152/1770 train_time:1145267ms step_avg:1002.86ms
step:1153/1770 train_time:1146207ms step_avg:1002.81ms
step:1154/1770 train_time:1147129ms step_avg:1002.74ms
step:1155/1770 train_time:1148057ms step_avg:1002.67ms
step:1156/1770 train_time:1148995ms step_avg:1002.61ms
step:1157/1770 train_time:1149925ms step_avg:1002.55ms
step:1158/1770 train_time:1150847ms step_avg:1002.48ms
step:1159/1770 train_time:1151783ms step_avg:1002.42ms
step:1160/1770 train_time:1152722ms step_avg:1002.37ms
step:1161/1770 train_time:1153677ms step_avg:1002.33ms
step:1162/1770 train_time:1154629ms step_avg:1002.28ms
step:1163/1770 train_time:1155564ms step_avg:1002.22ms
step:1164/1770 train_time:1156499ms step_avg:1002.17ms
step:1165/1770 train_time:1157420ms step_avg:1002.10ms
step:1166/1770 train_time:1158385ms step_avg:1002.06ms
step:1167/1770 train_time:1159320ms step_avg:1002.01ms
step:1168/1770 train_time:1160247ms step_avg:1001.94ms
step:1169/1770 train_time:1161182ms step_avg:1001.88ms
step:1170/1770 train_time:1162108ms step_avg:1001.82ms
step:1171/1770 train_time:1163055ms step_avg:1001.77ms
step:1172/1770 train_time:1163977ms step_avg:1001.70ms
step:1173/1770 train_time:1164922ms step_avg:1001.65ms
step:1174/1770 train_time:1165820ms step_avg:1001.56ms
step:1175/1770 train_time:1166766ms step_avg:1001.52ms
step:1176/1770 train_time:1167706ms step_avg:1001.46ms
step:1177/1770 train_time:1168638ms step_avg:1001.40ms
step:1178/1770 train_time:1169568ms step_avg:1001.34ms
step:1179/1770 train_time:1170485ms step_avg:1001.27ms
step:1180/1770 train_time:1171444ms step_avg:1001.23ms
step:1181/1770 train_time:1172373ms step_avg:1001.17ms
step:1182/1770 train_time:1183107ms step_avg:1009.48ms
step:1183/1770 train_time:1183782ms step_avg:1009.19ms
step:1184/1770 train_time:1184735ms step_avg:1009.14ms
step:1185/1770 train_time:1185677ms step_avg:1009.09ms
step:1186/1770 train_time:1186622ms step_avg:1009.03ms
step:1187/1770 train_time:1187565ms step_avg:1008.98ms
step:1188/1770 train_time:1188495ms step_avg:1008.91ms
step:1189/1770 train_time:1189421ms step_avg:1008.84ms
step:1190/1770 train_time:1190356ms step_avg:1008.78ms
step:1191/1770 train_time:1191304ms step_avg:1008.72ms
step:1192/1770 train_time:1192243ms step_avg:1008.67ms
step:1193/1770 train_time:1193169ms step_avg:1008.60ms
step:1194/1770 train_time:1194107ms step_avg:1008.54ms
step:1195/1770 train_time:1195028ms step_avg:1008.46ms
step:1196/1770 train_time:1195961ms step_avg:1008.40ms
step:1197/1770 train_time:1196901ms step_avg:1008.34ms
step:1198/1770 train_time:1197834ms step_avg:1008.28ms
step:1199/1770 train_time:1198770ms step_avg:1008.22ms
step:1200/1770 train_time:1199695ms step_avg:1008.15ms
step:1201/1770 train_time:1200645ms step_avg:1008.10ms
step:1202/1770 train_time:1201599ms step_avg:1008.05ms
step:1203/1770 train_time:1202508ms step_avg:1007.97ms
step:1204/1770 train_time:1203430ms step_avg:1007.90ms
step:1205/1770 train_time:1204369ms step_avg:1007.84ms
step:1206/1770 train_time:1205310ms step_avg:1007.78ms
step:1207/1770 train_time:1206243ms step_avg:1007.72ms
step:1208/1770 train_time:1207172ms step_avg:1007.66ms
step:1209/1770 train_time:1208096ms step_avg:1007.59ms
step:1210/1770 train_time:1209032ms step_avg:1007.53ms
step:1211/1770 train_time:1209966ms step_avg:1007.47ms
step:1212/1770 train_time:1210900ms step_avg:1007.40ms
step:1213/1770 train_time:1211838ms step_avg:1007.35ms
step:1214/1770 train_time:1212775ms step_avg:1007.29ms
step:1215/1770 train_time:1213720ms step_avg:1007.24ms
step:1216/1770 train_time:1214643ms step_avg:1007.17ms
step:1217/1770 train_time:1215593ms step_avg:1007.12ms
step:1218/1770 train_time:1216526ms step_avg:1007.06ms
step:1219/1770 train_time:1217438ms step_avg:1006.98ms
step:1220/1770 train_time:1218386ms step_avg:1006.93ms
step:1221/1770 train_time:1219330ms step_avg:1006.88ms
step:1222/1770 train_time:1220281ms step_avg:1006.83ms
step:1223/1770 train_time:1221208ms step_avg:1006.77ms
step:1224/1770 train_time:1222146ms step_avg:1006.71ms
step:1225/1770 train_time:1223077ms step_avg:1006.65ms
step:1226/1770 train_time:1224043ms step_avg:1006.61ms
step:1227/1770 train_time:1224963ms step_avg:1006.54ms
step:1228/1770 train_time:1225897ms step_avg:1006.48ms
step:1229/1770 train_time:1226803ms step_avg:1006.40ms
step:1230/1770 train_time:1227749ms step_avg:1006.35ms
step:1231/1770 train_time:1228679ms step_avg:1006.29ms
step:1232/1770 train_time:1229626ms step_avg:1006.24ms
step:1233/1770 train_time:1230570ms step_avg:1006.19ms
step:1234/1770 train_time:1231499ms step_avg:1006.13ms
step:1235/1770 train_time:1232417ms step_avg:1006.05ms
step:1236/1770 train_time:1233385ms step_avg:1006.02ms
step:1237/1770 train_time:1234301ms step_avg:1005.95ms
step:1238/1770 train_time:1235244ms step_avg:1005.90ms
step:1239/1770 train_time:1236200ms step_avg:1005.86ms
step:1240/1770 train_time:1237110ms step_avg:1005.78ms
step:1241/1770 train_time:1238052ms step_avg:1005.73ms
step:1242/1770 train_time:1238960ms step_avg:1005.65ms
step:1243/1770 train_time:1239891ms step_avg:1005.59ms
step:1244/1770 train_time:1240830ms step_avg:1005.54ms
step:1245/1770 train_time:1241762ms step_avg:1005.48ms
step:1246/1770 train_time:1242694ms step_avg:1005.42ms
step:1247/1770 train_time:1243627ms step_avg:1005.36ms
step:1248/1770 train_time:1244562ms step_avg:1005.30ms
step:1249/1770 train_time:1245497ms step_avg:1005.24ms
step:1250/1770 train_time:1246424ms step_avg:1005.18ms
step:1250/1770 val_loss:3.3047 train_time:1247296ms step_avg:1005.88ms
step:1251/1770 train_time:1247703ms step_avg:1005.40ms
step:1252/1770 train_time:1248436ms step_avg:1005.18ms
step:1253/1770 train_time:1249381ms step_avg:1005.13ms
step:1254/1770 train_time:1250325ms step_avg:1005.08ms
step:1255/1770 train_time:1251278ms step_avg:1005.04ms
step:1256/1770 train_time:1252211ms step_avg:1004.98ms
step:1257/1770 train_time:1253141ms step_avg:1004.92ms
step:1258/1770 train_time:1254063ms step_avg:1004.86ms
step:1259/1770 train_time:1255015ms step_avg:1004.82ms
step:1260/1770 train_time:1255959ms step_avg:1004.77ms
step:1261/1770 train_time:1256897ms step_avg:1004.71ms
step:1262/1770 train_time:1257833ms step_avg:1004.66ms
step:1263/1770 train_time:1258774ms step_avg:1004.61ms
step:1264/1770 train_time:1259705ms step_avg:1004.55ms
step:1265/1770 train_time:1260644ms step_avg:1004.50ms
step:1266/1770 train_time:1261571ms step_avg:1004.44ms
step:1267/1770 train_time:1262486ms step_avg:1004.36ms
step:1268/1770 train_time:1263432ms step_avg:1004.32ms
step:1269/1770 train_time:1264369ms step_avg:1004.26ms
step:1270/1770 train_time:1265308ms step_avg:1004.21ms
step:1271/1770 train_time:1266235ms step_avg:1004.15ms
step:1272/1770 train_time:1267186ms step_avg:1004.11ms
step:1273/1770 train_time:1268117ms step_avg:1004.05ms
step:1274/1770 train_time:1269052ms step_avg:1004.00ms
step:1275/1770 train_time:1269969ms step_avg:1003.93ms
step:1276/1770 train_time:1270902ms step_avg:1003.87ms
step:1277/1770 train_time:1271830ms step_avg:1003.81ms
step:1278/1770 train_time:1272743ms step_avg:1003.74ms
step:1279/1770 train_time:1273681ms step_avg:1003.69ms
step:1280/1770 train_time:1274616ms step_avg:1003.63ms
step:1281/1770 train_time:1275556ms step_avg:1003.58ms
step:1282/1770 train_time:1276491ms step_avg:1003.53ms
step:1283/1770 train_time:1277433ms step_avg:1003.48ms
step:1284/1770 train_time:1278371ms step_avg:1003.43ms
step:1285/1770 train_time:1279310ms step_avg:1003.38ms
step:1286/1770 train_time:1280244ms step_avg:1003.33ms
step:1287/1770 train_time:1281146ms step_avg:1003.25ms
step:1288/1770 train_time:1282071ms step_avg:1003.19ms
step:1289/1770 train_time:1282996ms step_avg:1003.12ms
step:1290/1770 train_time:1283929ms step_avg:1003.07ms
step:1291/1770 train_time:1284869ms step_avg:1003.02ms
step:1292/1770 train_time:1285795ms step_avg:1002.96ms
step:1293/1770 train_time:1286760ms step_avg:1002.93ms
step:1294/1770 train_time:1287706ms step_avg:1002.89ms
step:1295/1770 train_time:1288659ms step_avg:1002.85ms
step:1296/1770 train_time:1289564ms step_avg:1002.77ms
step:1297/1770 train_time:1290490ms step_avg:1002.71ms
step:1298/1770 train_time:1291407ms step_avg:1002.65ms
step:1299/1770 train_time:1292325ms step_avg:1002.58ms
step:1300/1770 train_time:1293270ms step_avg:1002.53ms
step:1301/1770 train_time:1294194ms step_avg:1002.47ms
step:1302/1770 train_time:1295101ms step_avg:1002.40ms
step:1303/1770 train_time:1296049ms step_avg:1002.36ms
step:1304/1770 train_time:1296989ms step_avg:1002.31ms
step:1305/1770 train_time:1297920ms step_avg:1002.25ms
step:1306/1770 train_time:1298869ms step_avg:1002.21ms
step:1307/1770 train_time:1299805ms step_avg:1002.16ms
step:1308/1770 train_time:1300733ms step_avg:1002.11ms
step:1309/1770 train_time:1301668ms step_avg:1002.05ms
step:1310/1770 train_time:1302605ms step_avg:1002.00ms
step:1311/1770 train_time:1303551ms step_avg:1001.96ms
step:1312/1770 train_time:1304483ms step_avg:1001.91ms
step:1313/1770 train_time:1315691ms step_avg:1009.74ms
step:1314/1770 train_time:1316364ms step_avg:1009.48ms
step:1315/1770 train_time:1317310ms step_avg:1009.43ms
step:1316/1770 train_time:1318244ms step_avg:1009.38ms
step:1317/1770 train_time:1319187ms step_avg:1009.32ms
step:1318/1770 train_time:1320140ms step_avg:1009.28ms
step:1319/1770 train_time:1321075ms step_avg:1009.22ms
step:1320/1770 train_time:1322014ms step_avg:1009.17ms
step:1321/1770 train_time:1322956ms step_avg:1009.12ms
step:1322/1770 train_time:1323883ms step_avg:1009.06ms
step:1323/1770 train_time:1324839ms step_avg:1009.02ms
step:1324/1770 train_time:1325741ms step_avg:1008.94ms
step:1325/1770 train_time:1326665ms step_avg:1008.87ms
step:1326/1770 train_time:1327606ms step_avg:1008.82ms
step:1327/1770 train_time:1328536ms step_avg:1008.76ms
step:1328/1770 train_time:1329459ms step_avg:1008.69ms
step:1329/1770 train_time:1330399ms step_avg:1008.64ms
step:1330/1770 train_time:1331351ms step_avg:1008.60ms
step:1331/1770 train_time:1332255ms step_avg:1008.52ms
step:1332/1770 train_time:1333200ms step_avg:1008.47ms
step:1333/1770 train_time:1334128ms step_avg:1008.41ms
step:1334/1770 train_time:1335065ms step_avg:1008.36ms
step:1335/1770 train_time:1336000ms step_avg:1008.30ms
step:1336/1770 train_time:1336939ms step_avg:1008.25ms
step:1337/1770 train_time:1337860ms step_avg:1008.18ms
step:1338/1770 train_time:1338799ms step_avg:1008.13ms
step:1339/1770 train_time:1339740ms step_avg:1008.08ms
step:1340/1770 train_time:1340674ms step_avg:1008.03ms
step:1341/1770 train_time:1341618ms step_avg:1007.98ms
step:1342/1770 train_time:1342554ms step_avg:1007.92ms
step:1343/1770 train_time:1343499ms step_avg:1007.88ms
step:1344/1770 train_time:1344457ms step_avg:1007.84ms
step:1345/1770 train_time:1345372ms step_avg:1007.77ms
step:1346/1770 train_time:1346322ms step_avg:1007.73ms
step:1347/1770 train_time:1347257ms step_avg:1007.67ms
step:1348/1770 train_time:1348195ms step_avg:1007.62ms
step:1349/1770 train_time:1349126ms step_avg:1007.56ms
step:1350/1770 train_time:1350102ms step_avg:1007.54ms
step:1351/1770 train_time:1351022ms step_avg:1007.47ms
step:1352/1770 train_time:1351976ms step_avg:1007.43ms
step:1353/1770 train_time:1352912ms step_avg:1007.38ms
step:1354/1770 train_time:1353814ms step_avg:1007.30ms
step:1355/1770 train_time:1354777ms step_avg:1007.27ms
step:1356/1770 train_time:1355698ms step_avg:1007.20ms
step:1357/1770 train_time:1356645ms step_avg:1007.16ms
step:1358/1770 train_time:1357584ms step_avg:1007.11ms
step:1359/1770 train_time:1358541ms step_avg:1007.07ms
step:1360/1770 train_time:1359443ms step_avg:1006.99ms
step:1361/1770 train_time:1360373ms step_avg:1006.94ms
step:1362/1770 train_time:1361322ms step_avg:1006.89ms
step:1363/1770 train_time:1362255ms step_avg:1006.84ms
step:1364/1770 train_time:1363189ms step_avg:1006.79ms
step:1365/1770 train_time:1364114ms step_avg:1006.73ms
step:1366/1770 train_time:1365051ms step_avg:1006.67ms
step:1367/1770 train_time:1365983ms step_avg:1006.62ms
step:1368/1770 train_time:1366923ms step_avg:1006.57ms
step:1369/1770 train_time:1367867ms step_avg:1006.52ms
step:1370/1770 train_time:1368813ms step_avg:1006.48ms
step:1371/1770 train_time:1369732ms step_avg:1006.42ms
step:1372/1770 train_time:1370670ms step_avg:1006.37ms
step:1373/1770 train_time:1371601ms step_avg:1006.31ms
step:1374/1770 train_time:1372549ms step_avg:1006.27ms
step:1375/1770 train_time:1373476ms step_avg:1006.21ms
step:1375/1770 val_loss:3.2678 train_time:1374341ms step_avg:1006.84ms
step:1376/1770 train_time:1374749ms step_avg:1006.40ms
step:1377/1770 train_time:1375417ms step_avg:1006.16ms
step:1378/1770 train_time:1376359ms step_avg:1006.11ms
step:1379/1770 train_time:1377288ms step_avg:1006.05ms
step:1380/1770 train_time:1378217ms step_avg:1006.00ms
step:1381/1770 train_time:1379154ms step_avg:1005.95ms
step:1382/1770 train_time:1380090ms step_avg:1005.90ms
step:1383/1770 train_time:1381036ms step_avg:1005.85ms
step:1384/1770 train_time:1381974ms step_avg:1005.80ms
step:1385/1770 train_time:1382892ms step_avg:1005.74ms
step:1386/1770 train_time:1383838ms step_avg:1005.70ms
step:1387/1770 train_time:1384751ms step_avg:1005.63ms
step:1388/1770 train_time:1385685ms step_avg:1005.58ms
step:1389/1770 train_time:1386638ms step_avg:1005.54ms
step:1390/1770 train_time:1387567ms step_avg:1005.48ms
step:1391/1770 train_time:1388511ms step_avg:1005.44ms
step:1392/1770 train_time:1389435ms step_avg:1005.38ms
step:1393/1770 train_time:1390357ms step_avg:1005.32ms
step:1394/1770 train_time:1391296ms step_avg:1005.27ms
step:1395/1770 train_time:1392204ms step_avg:1005.20ms
step:1396/1770 train_time:1393140ms step_avg:1005.15ms
step:1397/1770 train_time:1394083ms step_avg:1005.11ms
step:1398/1770 train_time:1395017ms step_avg:1005.06ms
step:1399/1770 train_time:1395943ms step_avg:1005.00ms
step:1400/1770 train_time:1396877ms step_avg:1004.95ms
step:1401/1770 train_time:1397810ms step_avg:1004.90ms
step:1402/1770 train_time:1398749ms step_avg:1004.85ms
step:1403/1770 train_time:1399672ms step_avg:1004.79ms
step:1404/1770 train_time:1400623ms step_avg:1004.75ms
step:1405/1770 train_time:1401540ms step_avg:1004.69ms
step:1406/1770 train_time:1402497ms step_avg:1004.65ms
step:1407/1770 train_time:1403433ms step_avg:1004.60ms
step:1408/1770 train_time:1404376ms step_avg:1004.56ms
step:1409/1770 train_time:1405294ms step_avg:1004.50ms
step:1410/1770 train_time:1406244ms step_avg:1004.46ms
step:1411/1770 train_time:1407196ms step_avg:1004.42ms
step:1412/1770 train_time:1408122ms step_avg:1004.37ms
step:1413/1770 train_time:1409082ms step_avg:1004.33ms
step:1414/1770 train_time:1410003ms step_avg:1004.28ms
step:1415/1770 train_time:1410934ms step_avg:1004.22ms
step:1416/1770 train_time:1411876ms step_avg:1004.18ms
step:1417/1770 train_time:1412805ms step_avg:1004.13ms
step:1418/1770 train_time:1413746ms step_avg:1004.08ms
step:1419/1770 train_time:1414666ms step_avg:1004.02ms
step:1420/1770 train_time:1415597ms step_avg:1003.97ms
step:1421/1770 train_time:1416537ms step_avg:1003.92ms
step:1422/1770 train_time:1417490ms step_avg:1003.89ms
step:1423/1770 train_time:1418426ms step_avg:1003.84ms
step:1424/1770 train_time:1419343ms step_avg:1003.78ms
step:1425/1770 train_time:1420292ms step_avg:1003.74ms
step:1426/1770 train_time:1421243ms step_avg:1003.70ms
step:1427/1770 train_time:1422170ms step_avg:1003.65ms
step:1428/1770 train_time:1423100ms step_avg:1003.60ms
step:1429/1770 train_time:1424006ms step_avg:1003.53ms
step:1430/1770 train_time:1424946ms step_avg:1003.48ms
step:1431/1770 train_time:1425878ms step_avg:1003.43ms
step:1432/1770 train_time:1426820ms step_avg:1003.39ms
step:1433/1770 train_time:1427746ms step_avg:1003.33ms
step:1434/1770 train_time:1428672ms step_avg:1003.28ms
step:1435/1770 train_time:1429622ms step_avg:1003.24ms
step:1436/1770 train_time:1430549ms step_avg:1003.19ms
step:1437/1770 train_time:1431479ms step_avg:1003.14ms
step:1438/1770 train_time:1432412ms step_avg:1003.09ms
step:1439/1770 train_time:1433361ms step_avg:1003.05ms
step:1440/1770 train_time:1434307ms step_avg:1003.01ms
step:1441/1770 train_time:1435237ms step_avg:1002.96ms
step:1442/1770 train_time:1436191ms step_avg:1002.93ms
step:1443/1770 train_time:1437088ms step_avg:1002.85ms
step:1444/1770 train_time:1447565ms step_avg:1009.46ms
step:1445/1770 train_time:1448534ms step_avg:1009.43ms
step:1446/1770 train_time:1449464ms step_avg:1009.38ms
step:1447/1770 train_time:1450416ms step_avg:1009.34ms
step:1448/1770 train_time:1451349ms step_avg:1009.28ms
step:1449/1770 train_time:1452267ms step_avg:1009.22ms
step:1450/1770 train_time:1453206ms step_avg:1009.17ms
step:1451/1770 train_time:1454118ms step_avg:1009.10ms
step:1452/1770 train_time:1455054ms step_avg:1009.05ms
step:1453/1770 train_time:1455982ms step_avg:1009.00ms
step:1454/1770 train_time:1456914ms step_avg:1008.94ms
step:1455/1770 train_time:1457845ms step_avg:1008.89ms
step:1456/1770 train_time:1458780ms step_avg:1008.84ms
step:1457/1770 train_time:1459699ms step_avg:1008.78ms
step:1458/1770 train_time:1460652ms step_avg:1008.74ms
step:1459/1770 train_time:1461599ms step_avg:1008.70ms
step:1460/1770 train_time:1462520ms step_avg:1008.63ms
step:1461/1770 train_time:1463463ms step_avg:1008.59ms
step:1462/1770 train_time:1464380ms step_avg:1008.53ms
step:1463/1770 train_time:1465328ms step_avg:1008.48ms
step:1464/1770 train_time:1466249ms step_avg:1008.42ms
step:1465/1770 train_time:1467177ms step_avg:1008.37ms
step:1466/1770 train_time:1468119ms step_avg:1008.32ms
step:1467/1770 train_time:1469078ms step_avg:1008.29ms
step:1468/1770 train_time:1469974ms step_avg:1008.21ms
step:1469/1770 train_time:1470912ms step_avg:1008.16ms
step:1470/1770 train_time:1471835ms step_avg:1008.11ms
step:1471/1770 train_time:1472772ms step_avg:1008.06ms
step:1472/1770 train_time:1473715ms step_avg:1008.01ms
step:1473/1770 train_time:1474638ms step_avg:1007.95ms
step:1474/1770 train_time:1475577ms step_avg:1007.91ms
step:1475/1770 train_time:1476519ms step_avg:1007.86ms
step:1476/1770 train_time:1477478ms step_avg:1007.83ms
step:1477/1770 train_time:1478388ms step_avg:1007.76ms
step:1478/1770 train_time:1479307ms step_avg:1007.70ms
step:1479/1770 train_time:1480238ms step_avg:1007.65ms
step:1480/1770 train_time:1481164ms step_avg:1007.59ms
step:1481/1770 train_time:1482105ms step_avg:1007.55ms
step:1482/1770 train_time:1483048ms step_avg:1007.51ms
step:1483/1770 train_time:1483992ms step_avg:1007.46ms
step:1484/1770 train_time:1484921ms step_avg:1007.41ms
step:1485/1770 train_time:1485868ms step_avg:1007.37ms
step:1486/1770 train_time:1486817ms step_avg:1007.33ms
step:1487/1770 train_time:1487768ms step_avg:1007.29ms
step:1488/1770 train_time:1488712ms step_avg:1007.25ms
step:1489/1770 train_time:1489631ms step_avg:1007.19ms
step:1490/1770 train_time:1490561ms step_avg:1007.14ms
step:1491/1770 train_time:1491492ms step_avg:1007.08ms
step:1492/1770 train_time:1492417ms step_avg:1007.03ms
step:1493/1770 train_time:1493365ms step_avg:1006.99ms
step:1494/1770 train_time:1494278ms step_avg:1006.93ms
step:1495/1770 train_time:1495230ms step_avg:1006.89ms
step:1496/1770 train_time:1496189ms step_avg:1006.86ms
step:1497/1770 train_time:1497121ms step_avg:1006.81ms
step:1498/1770 train_time:1498057ms step_avg:1006.76ms
step:1499/1770 train_time:1498992ms step_avg:1006.71ms
step:1500/1770 train_time:1499925ms step_avg:1006.66ms
step:1500/1770 val_loss:3.2348 train_time:1500796ms step_avg:1007.25ms
step:1501/1770 train_time:1501189ms step_avg:1006.83ms
step:1502/1770 train_time:1501882ms step_avg:1006.62ms
step:1503/1770 train_time:1502840ms step_avg:1006.59ms
step:1504/1770 train_time:1503751ms step_avg:1006.53ms
step:1505/1770 train_time:1504682ms step_avg:1006.48ms
step:1506/1770 train_time:1505626ms step_avg:1006.43ms
step:1507/1770 train_time:1506552ms step_avg:1006.38ms
step:1508/1770 train_time:1507480ms step_avg:1006.33ms
step:1509/1770 train_time:1508402ms step_avg:1006.27ms
step:1510/1770 train_time:1509344ms step_avg:1006.23ms
step:1511/1770 train_time:1510272ms step_avg:1006.18ms
step:1512/1770 train_time:1511196ms step_avg:1006.12ms
step:1513/1770 train_time:1512137ms step_avg:1006.08ms
step:1514/1770 train_time:1513084ms step_avg:1006.04ms
step:1515/1770 train_time:1514022ms step_avg:1005.99ms
step:1516/1770 train_time:1514937ms step_avg:1005.93ms
step:1517/1770 train_time:1515861ms step_avg:1005.88ms
step:1518/1770 train_time:1516811ms step_avg:1005.84ms
step:1519/1770 train_time:1517751ms step_avg:1005.80ms
step:1520/1770 train_time:1518683ms step_avg:1005.75ms
step:1521/1770 train_time:1519626ms step_avg:1005.71ms
step:1522/1770 train_time:1520551ms step_avg:1005.66ms
step:1523/1770 train_time:1521480ms step_avg:1005.60ms
step:1524/1770 train_time:1522410ms step_avg:1005.56ms
step:1525/1770 train_time:1523340ms step_avg:1005.50ms
step:1526/1770 train_time:1524290ms step_avg:1005.47ms
step:1527/1770 train_time:1525196ms step_avg:1005.40ms
step:1528/1770 train_time:1526141ms step_avg:1005.36ms
step:1529/1770 train_time:1527077ms step_avg:1005.32ms
step:1530/1770 train_time:1528027ms step_avg:1005.28ms
step:1531/1770 train_time:1528965ms step_avg:1005.24ms
step:1532/1770 train_time:1529862ms step_avg:1005.17ms
step:1533/1770 train_time:1530795ms step_avg:1005.12ms
step:1534/1770 train_time:1531727ms step_avg:1005.07ms
step:1535/1770 train_time:1532652ms step_avg:1005.02ms
step:1536/1770 train_time:1533590ms step_avg:1004.97ms
step:1537/1770 train_time:1534530ms step_avg:1004.93ms
step:1538/1770 train_time:1535467ms step_avg:1004.89ms
step:1539/1770 train_time:1536393ms step_avg:1004.83ms
step:1540/1770 train_time:1537316ms step_avg:1004.78ms
step:1541/1770 train_time:1538255ms step_avg:1004.74ms
step:1542/1770 train_time:1539191ms step_avg:1004.69ms
step:1543/1770 train_time:1540138ms step_avg:1004.66ms
step:1544/1770 train_time:1541073ms step_avg:1004.61ms
step:1545/1770 train_time:1542006ms step_avg:1004.56ms
step:1546/1770 train_time:1542931ms step_avg:1004.51ms
step:1547/1770 train_time:1543864ms step_avg:1004.47ms
step:1548/1770 train_time:1544797ms step_avg:1004.42ms
step:1549/1770 train_time:1545727ms step_avg:1004.37ms
step:1550/1770 train_time:1546663ms step_avg:1004.33ms
step:1551/1770 train_time:1547609ms step_avg:1004.29ms
step:1552/1770 train_time:1548566ms step_avg:1004.26ms
step:1553/1770 train_time:1549489ms step_avg:1004.21ms
step:1554/1770 train_time:1550420ms step_avg:1004.16ms
step:1555/1770 train_time:1551353ms step_avg:1004.11ms
step:1556/1770 train_time:1552311ms step_avg:1004.08ms
step:1557/1770 train_time:1553236ms step_avg:1004.03ms
step:1558/1770 train_time:1554188ms step_avg:1004.00ms
step:1559/1770 train_time:1555117ms step_avg:1003.95ms
step:1560/1770 train_time:1556045ms step_avg:1003.90ms
step:1561/1770 train_time:1556966ms step_avg:1003.85ms
step:1562/1770 train_time:1557895ms step_avg:1003.80ms
step:1563/1770 train_time:1558828ms step_avg:1003.75ms
step:1564/1770 train_time:1559772ms step_avg:1003.71ms
step:1565/1770 train_time:1560705ms step_avg:1003.67ms
step:1566/1770 train_time:1561628ms step_avg:1003.62ms
step:1567/1770 train_time:1562562ms step_avg:1003.57ms
step:1568/1770 train_time:1563531ms step_avg:1003.55ms
step:1569/1770 train_time:1564462ms step_avg:1003.50ms
step:1570/1770 train_time:1565394ms step_avg:1003.46ms
step:1571/1770 train_time:1566315ms step_avg:1003.40ms
step:1572/1770 train_time:1567256ms step_avg:1003.37ms
step:1573/1770 train_time:1568191ms step_avg:1003.32ms
step:1574/1770 train_time:1569130ms step_avg:1003.28ms
step:1575/1770 train_time:1580149ms step_avg:1009.68ms
step:1576/1770 train_time:1580807ms step_avg:1009.46ms
step:1577/1770 train_time:1581767ms step_avg:1009.42ms
step:1578/1770 train_time:1582680ms step_avg:1009.36ms
step:1579/1770 train_time:1583603ms step_avg:1009.31ms
step:1580/1770 train_time:1584539ms step_avg:1009.26ms
step:1581/1770 train_time:1585489ms step_avg:1009.22ms
step:1582/1770 train_time:1586434ms step_avg:1009.18ms
step:1583/1770 train_time:1587365ms step_avg:1009.13ms
step:1584/1770 train_time:1588321ms step_avg:1009.10ms
step:1585/1770 train_time:1589242ms step_avg:1009.04ms
step:1586/1770 train_time:1590159ms step_avg:1008.98ms
step:1587/1770 train_time:1591083ms step_avg:1008.93ms
step:1588/1770 train_time:1592035ms step_avg:1008.89ms
step:1589/1770 train_time:1592976ms step_avg:1008.85ms
step:1590/1770 train_time:1593911ms step_avg:1008.80ms
step:1591/1770 train_time:1594835ms step_avg:1008.75ms
step:1592/1770 train_time:1595761ms step_avg:1008.70ms
step:1593/1770 train_time:1596705ms step_avg:1008.66ms
step:1594/1770 train_time:1597653ms step_avg:1008.62ms
step:1595/1770 train_time:1598586ms step_avg:1008.57ms
step:1596/1770 train_time:1599538ms step_avg:1008.54ms
step:1597/1770 train_time:1600450ms step_avg:1008.48ms
step:1598/1770 train_time:1601363ms step_avg:1008.42ms
step:1599/1770 train_time:1602284ms step_avg:1008.36ms
step:1600/1770 train_time:1603222ms step_avg:1008.32ms
step:1601/1770 train_time:1604142ms step_avg:1008.26ms
step:1602/1770 train_time:1605082ms step_avg:1008.22ms
step:1603/1770 train_time:1606004ms step_avg:1008.16ms
step:1604/1770 train_time:1606928ms step_avg:1008.11ms
step:1605/1770 train_time:1607861ms step_avg:1008.06ms
step:1606/1770 train_time:1608828ms step_avg:1008.04ms
step:1607/1770 train_time:1609754ms step_avg:1007.99ms
step:1608/1770 train_time:1610669ms step_avg:1007.93ms
step:1609/1770 train_time:1611601ms step_avg:1007.88ms
step:1610/1770 train_time:1612535ms step_avg:1007.83ms
step:1611/1770 train_time:1613453ms step_avg:1007.78ms
step:1612/1770 train_time:1614387ms step_avg:1007.73ms
step:1613/1770 train_time:1615318ms step_avg:1007.68ms
step:1614/1770 train_time:1616244ms step_avg:1007.63ms
step:1615/1770 train_time:1617197ms step_avg:1007.60ms
step:1616/1770 train_time:1618120ms step_avg:1007.55ms
step:1617/1770 train_time:1619064ms step_avg:1007.51ms
step:1618/1770 train_time:1619985ms step_avg:1007.45ms
step:1619/1770 train_time:1620914ms step_avg:1007.40ms
step:1620/1770 train_time:1621857ms step_avg:1007.36ms
step:1621/1770 train_time:1622781ms step_avg:1007.31ms
step:1622/1770 train_time:1623733ms step_avg:1007.28ms
step:1623/1770 train_time:1624669ms step_avg:1007.23ms
step:1624/1770 train_time:1625603ms step_avg:1007.19ms
step:1625/1770 train_time:1626540ms step_avg:1007.15ms
step:1625/1770 val_loss:3.2061 train_time:1627419ms step_avg:1007.69ms
step:1626/1770 train_time:1627856ms step_avg:1007.34ms
step:1627/1770 train_time:1628703ms step_avg:1007.24ms
step:1628/1770 train_time:1629655ms step_avg:1007.20ms
step:1629/1770 train_time:1630582ms step_avg:1007.15ms
step:1630/1770 train_time:1631532ms step_avg:1007.12ms
step:1631/1770 train_time:1632462ms step_avg:1007.07ms
step:1632/1770 train_time:1633387ms step_avg:1007.02ms
step:1633/1770 train_time:1634303ms step_avg:1006.96ms
step:1634/1770 train_time:1635230ms step_avg:1006.91ms
step:1635/1770 train_time:1636169ms step_avg:1006.87ms
step:1636/1770 train_time:1637092ms step_avg:1006.82ms
step:1637/1770 train_time:1638020ms step_avg:1006.77ms
step:1638/1770 train_time:1638965ms step_avg:1006.74ms
step:1639/1770 train_time:1639903ms step_avg:1006.69ms
step:1640/1770 train_time:1640832ms step_avg:1006.65ms
step:1641/1770 train_time:1641779ms step_avg:1006.61ms
step:1642/1770 train_time:1642715ms step_avg:1006.57ms
step:1643/1770 train_time:1643664ms step_avg:1006.53ms
step:1644/1770 train_time:1644613ms step_avg:1006.50ms
step:1645/1770 train_time:1645554ms step_avg:1006.45ms
step:1646/1770 train_time:1646481ms step_avg:1006.41ms
step:1647/1770 train_time:1647421ms step_avg:1006.37ms
step:1648/1770 train_time:1648358ms step_avg:1006.32ms
step:1649/1770 train_time:1649294ms step_avg:1006.28ms
step:1650/1770 train_time:1650226ms step_avg:1006.24ms
step:1651/1770 train_time:1651161ms step_avg:1006.19ms
step:1652/1770 train_time:1652078ms step_avg:1006.14ms
step:1653/1770 train_time:1653007ms step_avg:1006.09ms
step:1654/1770 train_time:1653925ms step_avg:1006.04ms
step:1655/1770 train_time:1654866ms step_avg:1006.00ms
step:1656/1770 train_time:1655778ms step_avg:1005.94ms
step:1657/1770 train_time:1656710ms step_avg:1005.90ms
step:1658/1770 train_time:1657647ms step_avg:1005.85ms
step:1659/1770 train_time:1658557ms step_avg:1005.80ms
step:1660/1770 train_time:1659492ms step_avg:1005.75ms
step:1661/1770 train_time:1660420ms step_avg:1005.71ms
step:1662/1770 train_time:1661350ms step_avg:1005.66ms
step:1663/1770 train_time:1662278ms step_avg:1005.61ms
step:1664/1770 train_time:1663235ms step_avg:1005.58ms
step:1665/1770 train_time:1664149ms step_avg:1005.53ms
step:1666/1770 train_time:1665084ms step_avg:1005.49ms
step:1667/1770 train_time:1666029ms step_avg:1005.45ms
step:1668/1770 train_time:1666975ms step_avg:1005.41ms
step:1669/1770 train_time:1667926ms step_avg:1005.38ms
step:1670/1770 train_time:1668843ms step_avg:1005.33ms
step:1671/1770 train_time:1669786ms step_avg:1005.29ms
step:1672/1770 train_time:1670715ms step_avg:1005.24ms
step:1673/1770 train_time:1671639ms step_avg:1005.19ms
step:1674/1770 train_time:1672558ms step_avg:1005.14ms
step:1675/1770 train_time:1673511ms step_avg:1005.11ms
step:1676/1770 train_time:1674425ms step_avg:1005.06ms
step:1677/1770 train_time:1675371ms step_avg:1005.02ms
step:1678/1770 train_time:1676326ms step_avg:1004.99ms
step:1679/1770 train_time:1677241ms step_avg:1004.94ms
step:1680/1770 train_time:1678173ms step_avg:1004.89ms
step:1681/1770 train_time:1679113ms step_avg:1004.86ms
step:1682/1770 train_time:1680046ms step_avg:1004.81ms
step:1683/1770 train_time:1680991ms step_avg:1004.78ms
step:1684/1770 train_time:1681924ms step_avg:1004.73ms
step:1685/1770 train_time:1682887ms step_avg:1004.71ms
step:1686/1770 train_time:1683825ms step_avg:1004.67ms
step:1687/1770 train_time:1684754ms step_avg:1004.62ms
step:1688/1770 train_time:1685681ms step_avg:1004.58ms
step:1689/1770 train_time:1686607ms step_avg:1004.53ms
step:1690/1770 train_time:1687567ms step_avg:1004.50ms
step:1691/1770 train_time:1688524ms step_avg:1004.48ms
step:1692/1770 train_time:1689446ms step_avg:1004.43ms
step:1693/1770 train_time:1690388ms step_avg:1004.39ms
step:1694/1770 train_time:1691303ms step_avg:1004.34ms
step:1695/1770 train_time:1692311ms step_avg:1004.34ms
step:1696/1770 train_time:1693172ms step_avg:1004.25ms
step:1697/1770 train_time:1694119ms step_avg:1004.22ms
step:1698/1770 train_time:1695050ms step_avg:1004.18ms
step:1699/1770 train_time:1695971ms step_avg:1004.13ms
step:1700/1770 train_time:1696910ms step_avg:1004.09ms
step:1701/1770 train_time:1697848ms step_avg:1004.05ms
step:1702/1770 train_time:1698778ms step_avg:1004.01ms
step:1703/1770 train_time:1699716ms step_avg:1003.97ms
step:1704/1770 train_time:1700641ms step_avg:1003.92ms
step:1705/1770 train_time:1701568ms step_avg:1003.87ms
step:1706/1770 train_time:1712964ms step_avg:1010.00ms
step:1707/1770 train_time:1713647ms step_avg:1009.81ms
step:1708/1770 train_time:1714569ms step_avg:1009.76ms
step:1709/1770 train_time:1715501ms step_avg:1009.71ms
step:1710/1770 train_time:1716444ms step_avg:1009.67ms
step:1711/1770 train_time:1717378ms step_avg:1009.63ms
step:1712/1770 train_time:1718322ms step_avg:1009.59ms
step:1713/1770 train_time:1719259ms step_avg:1009.55ms
step:1714/1770 train_time:1720181ms step_avg:1009.50ms
step:1715/1770 train_time:1721099ms step_avg:1009.44ms
step:1716/1770 train_time:1722036ms step_avg:1009.40ms
step:1717/1770 train_time:1722979ms step_avg:1009.36ms
step:1718/1770 train_time:1723900ms step_avg:1009.31ms
step:1719/1770 train_time:1724833ms step_avg:1009.26ms
step:1720/1770 train_time:1725761ms step_avg:1009.22ms
step:1721/1770 train_time:1726706ms step_avg:1009.18ms
step:1722/1770 train_time:1727642ms step_avg:1009.14ms
step:1723/1770 train_time:1728550ms step_avg:1009.08ms
step:1724/1770 train_time:1729474ms step_avg:1009.03ms
step:1725/1770 train_time:1730434ms step_avg:1009.00ms
step:1726/1770 train_time:1731340ms step_avg:1008.94ms
step:1727/1770 train_time:1732299ms step_avg:1008.91ms
step:1728/1770 train_time:1733225ms step_avg:1008.86ms
step:1729/1770 train_time:1734159ms step_avg:1008.82ms
step:1730/1770 train_time:1735092ms step_avg:1008.77ms
step:1731/1770 train_time:1736012ms step_avg:1008.72ms
step:1732/1770 train_time:1736953ms step_avg:1008.68ms
step:1733/1770 train_time:1737885ms step_avg:1008.64ms
step:1734/1770 train_time:1738805ms step_avg:1008.59ms
step:1735/1770 train_time:1739726ms step_avg:1008.54ms
step:1736/1770 train_time:1740661ms step_avg:1008.49ms
step:1737/1770 train_time:1741610ms step_avg:1008.46ms
step:1738/1770 train_time:1742547ms step_avg:1008.42ms
step:1739/1770 train_time:1743500ms step_avg:1008.39ms
step:1740/1770 train_time:1744419ms step_avg:1008.33ms
step:1741/1770 train_time:1745364ms step_avg:1008.30ms
step:1742/1770 train_time:1746311ms step_avg:1008.26ms
step:1743/1770 train_time:1747257ms step_avg:1008.23ms
step:1744/1770 train_time:1748188ms step_avg:1008.18ms
step:1745/1770 train_time:1749135ms step_avg:1008.15ms
step:1746/1770 train_time:1750070ms step_avg:1008.10ms
step:1747/1770 train_time:1751000ms step_avg:1008.06ms
step:1748/1770 train_time:1751924ms step_avg:1008.01ms
step:1749/1770 train_time:1752864ms step_avg:1007.97ms
step:1750/1770 train_time:1753794ms step_avg:1007.93ms
step:1750/1770 val_loss:3.1836 train_time:1754657ms step_avg:1008.42ms
step:1751/1770 train_time:1755096ms step_avg:1008.10ms
step:1752/1770 train_time:1755796ms step_avg:1007.92ms
step:1753/1770 train_time:1756734ms step_avg:1007.88ms
step:1754/1770 train_time:1757669ms step_avg:1007.84ms
step:1755/1770 train_time:1758606ms step_avg:1007.80ms
step:1756/1770 train_time:1759507ms step_avg:1007.74ms
step:1757/1770 train_time:1760464ms step_avg:1007.71ms
step:1758/1770 train_time:1761375ms step_avg:1007.65ms
step:1759/1770 train_time:1762319ms step_avg:1007.62ms
step:1760/1770 train_time:1763233ms step_avg:1007.56ms
step:1761/1770 train_time:1764158ms step_avg:1007.51ms
step:1762/1770 train_time:1765112ms step_avg:1007.48ms
step:1763/1770 train_time:1766056ms step_avg:1007.45ms
step:1764/1770 train_time:1766997ms step_avg:1007.41ms
step:1765/1770 train_time:1767925ms step_avg:1007.36ms
step:1766/1770 train_time:1768839ms step_avg:1007.31ms
step:1767/1770 train_time:1769752ms step_avg:1007.26ms
step:1768/1770 train_time:1770688ms step_avg:1007.22ms
step:1769/1770 train_time:1771635ms step_avg:1007.18ms
step:1770/1770 train_time:1772574ms step_avg:1007.14ms
step:1770/1770 val_loss:3.1808 train_time:1773437ms step_avg:1007.63ms
peak memory allocated: 47481 MiB reserved: 48788 MiB
total training time: 1773.44s (1773437ms)
p:1243/1770 train_time:1239891ms step_avg:1005.59ms
step:1244/1770 train_time:1240830ms step_avg:1005.54ms
step:1245/1770 train_time:1241762ms step_avg:1005.48ms
step:1246/1770 train_time:1242694ms step_avg:1005.42ms
step:1247/1770 train_time:1243627ms step_avg:1005.36ms
step:1248/1770 train_time:1244562ms step_avg:1005.30ms
step:1249/1770 train_time:1245497ms step_avg:1005.24ms
step:1250/1770 train_time:1246424ms step_avg:1005.18ms
step:1250/1770 val_loss:3.3047 train_time:1247296ms step_avg:1005.88ms
step:1251/1770 train_time:1247703ms step_avg:1005.40ms
step:1252/1770 train_time:1248436ms step_avg:1005.18ms
step:1253/1770 train_time:1249381ms step_avg:1005.13ms
step:1254/1770 train_time:1250325ms step_avg:1005.08ms
step:1255/1770 train_time:1251278ms step_avg:1005.04ms
step:1256/1770 train_time:1252211ms step_avg:1004.98ms
step:1257/1770 train_time:1253141ms step_avg:1004.92ms
step:1258/1770 train_time:1254063ms step_avg:1004.86ms
step:1259/1770 train_time:1255015ms step_avg:1004.82ms
step:1260/1770 train_time:1255959ms step_avg:1004.77ms
step:1261/1770 train_time:1256897ms step_avg:1004.71ms
step:1262/1770 train_time:1257833ms step_avg:1004.66ms
step:1263/1770 train_time:1258774ms step_avg:1004.61ms
step:1264/1770 train_time:1259705ms step_avg:1004.55ms
step:1265/1770 train_time:1260644ms step_avg:1004.50ms
step:1266/1770 train_time:1261571ms step_avg:1004.44ms
step:1267/1770 train_time:1262486ms step_avg:1004.36ms
step:1268/1770 train_time:1263432ms step_avg:1004.32ms
step:1269/1770 train_time:1264369ms step_avg:1004.26ms
step:1270/1770 train_time:1265308ms step_avg:1004.21ms
step:1271/1770 train_time:1266235ms step_avg:1004.15ms
step:1272/1770 train_time:1267186ms step_avg:1004.11ms
step:1273/1770 train_time:1268117ms step_avg:1004.05ms
step:1274/1770 train_time:1269052ms step_avg:1004.00ms
step:1275/1770 train_time:1269969ms step_avg:1003.93ms
step:1276/1770 train_time:1270902ms step_avg:1003.87ms
step:1277/1770 train_time:1271830ms step_avg:1003.81ms
step:1278/1770 train_time:1272743ms step_avg:1003.74ms
step:1279/1770 train_time:1273681ms step_avg:1003.69ms
step:1280/1770 train_time:1274616ms step_avg:1003.63ms
step:1281/1770 train_time:1275556ms step_avg:1003.58ms
step:1282/1770 train_time:1276491ms step_avg:1003.53ms
step:1283/1770 train_time:1277433ms step_avg:1003.48ms
step:1284/1770 train_time:1278371ms step_avg:1003.43ms
step:1285/1770 train_time:1279310ms step_avg:1003.38ms
step:1286/1770 train_time:1280244ms step_avg:1003.33ms
step:1287/1770 train_time:1281146ms step_avg:1003.25ms
step:1288/1770 train_time:1282071ms step_avg:1003.19ms
step:1289/1770 train_time:1282996ms step_avg:1003.12ms
step:1290/1770 train_time:1283929ms step_avg:1003.07ms
step:1291/1770 train_time:1284869ms step_avg:1003.02ms
step:1292/1770 train_time:1285795ms step_avg:1002.96ms
step:1293/1770 train_time:1286760ms step_avg:1002.93ms
step:1294/1770 train_time:1287706ms step_avg:1002.89ms
step:1295/1770 train_time:1288659ms step_avg:1002.85ms
step:1296/1770 train_time:1289564ms step_avg:1002.77ms
step:1297/1770 train_time:1290490ms step_avg:1002.71ms
step:1298/1770 train_time:1291407ms step_avg:1002.65ms
step:1299/1770 train_time:1292325ms step_avg:1002.58ms
step:1300/1770 train_time:1293270ms step_avg:1002.53ms
step:1301/1770 train_time:1294194ms step_avg:1002.47ms
step:1302/1770 train_time:1295101ms step_avg:1002.40ms
step:1303/1770 train_time:1296049ms step_avg:1002.36ms
step:1304/1770 train_time:1296989ms step_avg:1002.31ms
step:1305/1770 train_time:1297920ms step_avg:1002.25ms
step:1306/1770 train_time:1298869ms step_avg:1002.21ms
step:1307/1770 train_time:1299805ms step_avg:1002.16ms
step:1308/1770 train_time:1300733ms step_avg:1002.11ms
step:1309/1770 train_time:1301668ms step_avg:1002.05ms
step:1310/1770 train_time:1302605ms step_avg:1002.00ms
step:1311/1770 train_time:1303551ms step_avg:1001.96ms
step:1312/1770 train_time:1304483ms step_avg:1001.91ms
step:1313/1770 train_time:1315691ms step_avg:1009.74ms
step:1314/1770 train_time:1316364ms step_avg:1009.48ms
step:1315/1770 train_time:1317310ms step_avg:1009.43ms
step:1316/1770 train_time:1318244ms step_avg:1009.38ms
step:1317/1770 train_time:1319187ms step_avg:1009.32ms
step:1318/1770 train_time:1320140ms step_avg:1009.28ms
step:1319/1770 train_time:1321075ms step_avg:1009.22ms
step:1320/1770 train_time:1322014ms step_avg:1009.17ms
step:1321/1770 train_time:1322956ms step_avg:1009.12ms
step:1322/1770 train_time:1323883ms step_avg:1009.06ms
step:1323/1770 train_time:1324839ms step_avg:1009.02ms
step:1324/1770 train_time:1325741ms step_avg:1008.94ms
step:1325/1770 train_time:1326665ms step_avg:1008.87ms
step:1326/1770 train_time:1327606ms step_avg:1008.82ms
step:1327/1770 train_time:1328536ms step_avg:1008.76ms
step:1328/1770 train_time:1329459ms step_avg:1008.69ms
step:1329/1770 train_time:1330399ms step_avg:1008.64ms
step:1330/1770 train_time:1331351ms step_avg:1008.60ms
step:1331/1770 train_time:1332255ms step_avg:1008.52ms
step:1332/1770 train_time:1333200ms step_avg:1008.47ms
step:1333/1770 train_time:1334128ms step_avg:1008.41ms
step:1334/1770 train_time:1335065ms step_avg:1008.36ms
step:1335/1770 train_time:1336000ms step_avg:1008.30ms
step:1336/1770 train_time:1336939ms step_avg:1008.25ms
step:1337/1770 train_time:1337860ms step_avg:1008.18ms
step:1338/1770 train_time:1338799ms step_avg:1008.13ms
step:1339/1770 train_time:1339740ms step_avg:1008.08ms
step:1340/1770 train_time:1340674ms step_avg:1008.03ms
step:1341/1770 train_time:1341618ms step_avg:1007.98ms
step:1342/1770 train_time:1342554ms step_avg:1007.92ms
step:1343/1770 train_time:1343499ms step_avg:1007.88ms
step:1344/1770 train_time:1344457ms step_avg:1007.84ms
step:1345/1770 train_time:1345372ms step_avg:1007.77ms
step:1346/1770 train_time:1346322ms step_avg:1007.73ms
step:1347/1770 train_time:1347257ms step_avg:1007.67ms
step:1348/1770 train_time:1348195ms step_avg:1007.62ms
step:1349/1770 train_time:1349126ms step_avg:1007.56ms
step:1350/1770 train_time:1350102ms step_avg:1007.54ms
step:1351/1770 train_time:1351022ms step_avg:1007.47ms
step:1352/1770 train_time:1351976ms step_avg:1007.43ms
step:1353/1770 train_time:1352912ms step_avg:1007.38ms
step:1354/1770 train_time:1353814ms step_avg:1007.30ms
step:1355/1770 train_time:1354777ms step_avg:1007.27ms
step:1356/1770 train_time:1355698ms step_avg:1007.20ms
step:1357/1770 train_time:1356645ms step_avg:1007.16ms
step:1358/1770 train_time:1357584ms step_avg:1007.11ms
step:1359/1770 train_time:1358541ms step_avg:1007.07ms
step:1360/1770 train_time:1359443ms step_avg:1006.99ms
step:1361/1770 train_time:1360373ms step_avg:1006.94ms
step:1362/1770 train_time:1361322ms step_avg:1006.89ms
step:1363/1770 train_time:1362255ms step_avg:1006.84ms
step:1364/1770 train_time:1363189ms step_avg:1006.79ms
step:1365/1770 train_time:1364114ms step_avg:1006.73ms
step:1366/1770 train_time:1365051ms step_avg:1006.67ms
step:1367/1770 train_time:1365983ms step_avg:1006.62ms
step:1368/1770 train_time:1366923ms step_avg:1006.57ms
step:1369/1770 train_time:1367867ms step_avg:1006.52ms
step:1370/1770 train_time:1368813ms step_avg:1006.48ms
step:1371/1770 train_time:1369732ms step_avg:1006.42ms
step:1372/1770 train_time:1370670ms step_avg:1006.37ms
step:1373/1770 train_time:1371601ms step_avg:1006.31ms
step:1374/1770 train_time:1372549ms step_avg:1006.27ms
step:1375/1770 train_time:1373476ms step_avg:1006.21ms
step:1375/1770 val_loss:3.2678 train_time:1374341ms step_avg:1006.84ms
step:1376/1770 train_time:1374749ms step_avg:1006.40ms
step:1377/1770 train_time:1375417ms step_avg:1006.16ms
step:1378/1770 train_time:1376359ms step_avg:1006.11ms
step:1379/1770 train_time:1377288ms step_avg:1006.05ms
step:1380/1770 train_time:1378217ms step_avg:1006.00ms
step:1381/1770 train_time:1379154ms step_avg:1005.95ms
step:1382/1770 train_time:1380090ms step_avg:1005.90ms
step:1383/1770 train_time:1381036ms step_avg:1005.85ms
step:1384/1770 train_time:1381974ms step_avg:1005.80ms
step:1385/1770 train_time:1382892ms step_avg:1005.74ms
step:1386/1770 train_time:1383838ms step_avg:1005.70ms
step:1387/1770 train_time:1384751ms step_avg:1005.63ms
step:1388/1770 train_time:1385685ms step_avg:1005.58ms
step:1389/1770 train_time:1386638ms step_avg:1005.54ms
step:1390/1770 train_time:1387567ms step_avg:1005.48ms
step:1391/1770 train_time:1388511ms step_avg:1005.44ms
step:1392/1770 train_time:1389435ms step_avg:1005.38ms
step:1393/1770 train_time:1390357ms step_avg:1005.32ms
step:1394/1770 train_time:1391296ms step_avg:1005.27ms
step:1395/1770 train_time:1392204ms step_avg:1005.20ms
step:1396/1770 train_time:1393140ms step_avg:1005.15ms
step:1397/1770 train_time:1394083ms step_avg:1005.11ms
step:1398/1770 train_time:1395017ms step_avg:1005.06ms
step:1399/1770 train_time:1395943ms step_avg:1005.00ms
step:1400/1770 train_time:1396877ms step_avg:1004.95ms
step:1401/1770 train_time:1397810ms step_avg:1004.90ms
step:1402/1770 train_time:1398749ms step_avg:1004.85ms
step:1403/1770 train_time:1399672ms step_avg:1004.79ms
step:1404/1770 train_time:1400623ms step_avg:1004.75ms
step:1405/1770 train_time:1401540ms step_avg:1004.69ms
step:1406/1770 train_time:1402497ms step_avg:1004.65ms
step:1407/1770 train_time:1403433ms step_avg:1004.60ms
step:1408/1770 train_time:1404376ms step_avg:1004.56ms
step:1409/1770 train_time:1405294ms step_avg:1004.50ms
step:1410/1770 train_time:1406244ms step_avg:1004.46ms
step:1411/1770 train_time:1407196ms step_avg:1004.42ms
step:1412/1770 train_time:1408122ms step_avg:1004.37ms
step:1413/1770 train_time:1409082ms step_avg:1004.33ms
step:1414/1770 train_time:1410003ms step_avg:1004.28ms
step:1415/1770 train_time:1410934ms step_avg:1004.22ms
step:1416/1770 train_time:1411876ms step_avg:1004.18ms
step:1417/1770 train_time:1412805ms step_avg:1004.13ms
step:1418/1770 train_time:1413746ms step_avg:1004.08ms
step:1419/1770 train_time:1414666ms step_avg:1004.02ms
step:1420/1770 train_time:1415597ms step_avg:1003.97ms
step:1421/1770 train_time:1416537ms step_avg:1003.92ms
step:1422/1770 train_time:1417490ms step_avg:1003.89ms
step:1423/1770 train_time:1418426ms step_avg:1003.84ms
step:1424/1770 train_time:1419343ms step_avg:1003.78ms
step:1425/1770 train_time:1420292ms step_avg:1003.74ms
step:1426/1770 train_time:1421243ms step_avg:1003.70ms
step:1427/1770 train_time:1422170ms step_avg:1003.65ms
step:1428/1770 train_time:1423100ms step_avg:1003.60ms
step:1429/1770 train_time:1424006ms step_avg:1003.53ms
step:1430/1770 train_time:1424946ms step_avg:1003.48ms
step:1431/1770 train_time:1425878ms step_avg:1003.43ms
step:1432/1770 train_time:1426820ms step_avg:1003.39ms
step:1433/1770 train_time:1427746ms step_avg:1003.33ms
step:1434/1770 train_time:1428672ms step_avg:1003.28ms
step:1435/1770 train_time:1429622ms step_avg:1003.24ms
step:1436/1770 train_time:1430549ms step_avg:1003.19ms
step:1437/1770 train_time:1431479ms step_avg:1003.14ms
step:1438/1770 train_time:1432412ms step_avg:1003.09ms
step:1439/1770 train_time:1433361ms step_avg:1003.05ms
step:1440/1770 train_time:1434307ms step_avg:1003.01ms
step:1441/1770 train_time:1435237ms step_avg:1002.96ms
step:1442/1770 train_time:1436191ms step_avg:1002.93ms
step:1443/1770 train_time:1437088ms step_avg:1002.85ms
step:1444/1770 train_time:1447565ms step_avg:1009.46ms
step:1445/1770 train_time:1448534ms step_avg:1009.43ms
step:1446/1770 train_time:1449464ms step_avg:1009.38ms
step:1447/1770 train_time:1450416ms step_avg:1009.34ms
step:1448/1770 train_time:1451349ms step_avg:1009.28ms
step:1449/1770 train_time:1452267ms step_avg:1009.22ms
step:1450/1770 train_time:1453206ms step_avg:1009.17ms
step:1451/1770 train_time:1454118ms step_avg:1009.10ms
step:1452/1770 train_time:1455054ms step_avg:1009.05ms
step:1453/1770 train_time:1455982ms step_avg:1009.00ms
step:1454/1770 train_time:1456914ms step_avg:1008.94ms
step:1455/1770 train_time:1457845ms step_avg:1008.89ms
step:1456/1770 train_time:1458780ms step_avg:1008.84ms
step:1457/1770 train_time:1459699ms step_avg:1008.78ms
step:1458/1770 train_time:1460652ms step_avg:1008.74ms
step:1459/1770 train_time:1461599ms step_avg:1008.70ms
step:1460/1770 train_time:1462520ms step_avg:1008.63ms
step:1461/1770 train_time:1463463ms step_avg:1008.59ms
step:1462/1770 train_time:1464380ms step_avg:1008.53ms
step:1463/1770 train_time:1465328ms step_avg:1008.48ms
step:1464/1770 train_time:1466249ms step_avg:1008.42ms
step:1465/1770 train_time:1467177ms step_avg:1008.37ms
step:1466/1770 train_time:1468119ms step_avg:1008.32ms
step:1467/1770 train_time:1469078ms step_avg:1008.29ms
step:1468/1770 train_time:1469974ms step_avg:1008.21ms
step:1469/1770 train_time:1470912ms step_avg:1008.16ms
step:1470/1770 train_time:1471835ms step_avg:1008.11ms
step:1471/1770 train_time:1472772ms step_avg:1008.06ms
step:1472/1770 train_time:1473715ms step_avg:1008.01ms
step:1473/1770 train_time:1474638ms step_avg:1007.95ms
step:1474/1770 train_time:1475577ms step_avg:1007.91ms
step:1475/1770 train_time:1476519ms step_avg:1007.86ms
step:1476/1770 train_time:1477478ms step_avg:1007.83ms
step:1477/1770 train_time:1478388ms step_avg:1007.76ms
step:1478/1770 train_time:1479307ms step_avg:1007.70ms
step:1479/1770 train_time:1480238ms step_avg:1007.65ms
step:1480/1770 train_time:1481164ms step_avg:1007.59ms
step:1481/1770 train_time:1482105ms step_avg:1007.55ms
step:1482/1770 train_time:1483048ms step_avg:1007.51ms
step:1483/1770 train_time:1483992ms step_avg:1007.46ms
step:1484/1770 train_time:1484921ms step_avg:1007.41ms
step:1485/1770 train_time:1485868ms step_avg:1007.37ms
step:1486/1770 train_time:1486817ms step_avg:1007.33ms
step:1487/1770 train_time:1487768ms step_avg:1007.29ms
step:1488/1770 train_time:1488712ms step_avg:1007.25ms
step:1489/1770 train_time:1489631ms step_avg:1007.19ms
step:1490/1770 train_time:1490561ms step_avg:1007.14ms
step:1491/1770 train_time:1491492ms step_avg:1007.08ms
step:1492/1770 train_time:1492417ms step_avg:1007.03ms
step:1493/1770 train_time:1493365ms step_avg:1006.99ms
step:1494/1770 train_time:1494278ms step_avg:1006.93ms
step:1495/1770 train_time:1495230ms step_avg:1006.89ms
step:1496/1770 train_time:1496189ms step_avg:1006.86ms
step:1497/1770 train_time:1497121ms step_avg:1006.81ms
step:1498/1770 train_time:1498057ms step_avg:1006.76ms
step:1499/1770 train_time:1498992ms step_avg:1006.71ms
step:1500/1770 train_time:1499925ms step_avg:1006.66ms
step:1500/1770 val_loss:3.2348 train_time:1500796ms step_avg:1007.25ms
step:1501/1770 train_time:1501189ms step_avg:1006.83ms
step:1502/1770 train_time:1501882ms step_avg:1006.62ms
step:1503/1770 train_time:1502840ms step_avg:1006.59ms
step:1504/1770 train_time:1503751ms step_avg:1006.53ms
step:1505/1770 train_time:1504682ms step_avg:1006.48ms
step:1506/1770 train_time:1505626ms step_avg:1006.43ms
step:1507/1770 train_time:1506552ms step_avg:1006.38ms
step:1508/1770 train_time:1507480ms step_avg:1006.33ms
step:1509/1770 train_time:1508402ms step_avg:1006.27ms
step:1510/1770 train_time:1509344ms step_avg:1006.23ms
step:1511/1770 train_time:1510272ms step_avg:1006.18ms
step:1512/1770 train_time:1511196ms step_avg:1006.12ms
step:1513/1770 train_time:1512137ms step_avg:1006.08ms
step:1514/1770 train_time:1513084ms step_avg:1006.04ms
step:1515/1770 train_time:1514022ms step_avg:1005.99ms
step:1516/1770 train_time:1514937ms step_avg:1005.93ms
step:1517/1770 train_time:1515861ms step_avg:1005.88ms
step:1518/1770 train_time:1516811ms step_avg:1005.84ms
step:1519/1770 train_time:1517751ms step_avg:1005.80ms
step:1520/1770 train_time:1518683ms step_avg:1005.75ms
step:1521/1770 train_time:1519626ms step_avg:1005.71ms
step:1522/1770 train_time:1520551ms step_avg:1005.66ms
step:1523/1770 train_time:1521480ms step_avg:1005.60ms
step:1524/1770 train_time:1522410ms step_avg:1005.56ms
step:1525/1770 train_time:1523340ms step_avg:1005.50ms
step:1526/1770 train_time:1524290ms step_avg:1005.47ms
step:1527/1770 train_time:1525196ms step_avg:1005.40ms
step:1528/1770 train_time:1526141ms step_avg:1005.36ms
step:1529/1770 train_time:1527077ms step_avg:1005.32ms
step:1530/1770 train_time:1528027ms step_avg:1005.28ms
step:1531/1770 train_time:1528965ms step_avg:1005.24ms
step:1532/1770 train_time:1529862ms step_avg:1005.17ms
step:1533/1770 train_time:1530795ms step_avg:1005.12ms
step:1534/1770 train_time:1531727ms step_avg:1005.07ms
step:1535/1770 train_time:1532652ms step_avg:1005.02ms
step:1536/1770 train_time:1533590ms step_avg:1004.97ms
step:1537/1770 train_time:1534530ms step_avg:1004.93ms
step:1538/1770 train_time:1535467ms step_avg:1004.89ms
step:1539/1770 train_time:1536393ms step_avg:1004.83ms
step:1540/1770 train_time:1537316ms step_avg:1004.78ms
step:1541/1770 train_time:1538255ms step_avg:1004.74ms
step:1542/1770 train_time:1539191ms step_avg:1004.69ms
step:1543/1770 train_time:1540138ms step_avg:1004.66ms
step:1544/1770 train_time:1541073ms step_avg:1004.61ms
step:1545/1770 train_time:1542006ms step_avg:1004.56ms
step:1546/1770 train_time:1542931ms step_avg:1004.51ms
step:1547/1770 train_time:1543864ms step_avg:1004.47ms
step:1548/1770 train_time:1544797ms step_avg:1004.42ms
step:1549/1770 train_time:1545727ms step_avg:1004.37ms
step:1550/1770 train_time:1546663ms step_avg:1004.33ms
step:1551/1770 train_time:1547609ms step_avg:1004.29ms
step:1552/1770 train_time:1548566ms step_avg:1004.26ms
step:1553/1770 train_time:1549489ms step_avg:1004.21ms
step:1554/1770 train_time:1550420ms step_avg:1004.16ms
step:1555/1770 train_time:1551353ms step_avg:1004.11ms
step:1556/1770 train_time:1552311ms step_avg:1004.08ms
step:1557/1770 train_time:1553236ms step_avg:1004.03ms
step:1558/1770 train_time:1554188ms step_avg:1004.00ms
step:1559/1770 train_time:1555117ms step_avg:1003.95ms
step:1560/1770 train_time:1556045ms step_avg:1003.90ms
step:1561/1770 train_time:1556966ms step_avg:1003.85ms
step:1562/1770 train_time:1557895ms step_avg:1003.80ms
step:1563/1770 train_time:1558828ms step_avg:1003.75ms
step:1564/1770 train_time:1559772ms step_avg:1003.71ms
step:1565/1770 train_time:1560705ms step_avg:1003.67ms
step:1566/1770 train_time:1561628ms step_avg:1003.62ms
step:1567/1770 train_time:1562562ms step_avg:1003.57ms
step:1568/1770 train_time:1563531ms step_avg:1003.55ms
step:1569/1770 train_time:1564462ms step_avg:1003.50ms
step:1570/1770 train_time:1565394ms step_avg:1003.46ms
step:1571/1770 train_time:1566315ms step_avg:1003.40ms
step:1572/1770 train_time:1567256ms step_avg:1003.37ms
step:1573/1770 train_time:1568191ms step_avg:1003.32ms
step:1574/1770 train_time:1569130ms step_avg:1003.28ms
step:1575/1770 train_time:1580149ms step_avg:1009.68ms
step:1576/1770 train_time:1580807ms step_avg:1009.46ms
step:1577/1770 train_time:1581767ms step_avg:1009.42ms
step:1578/1770 train_time:1582680ms step_avg:1009.36ms
step:1579/1770 train_time:1583603ms step_avg:1009.31ms
step:1580/1770 train_time:1584539ms step_avg:1009.26ms
step:1581/1770 train_time:1585489ms step_avg:1009.22ms
step:1582/1770 train_time:1586434ms step_avg:1009.18ms
step:1583/1770 train_time:1587365ms step_avg:1009.13ms
step:1584/1770 train_time:1588321ms step_avg:1009.10ms
step:1585/1770 train_time:1589242ms step_avg:1009.04ms
step:1586/1770 train_time:1590159ms step_avg:1008.98ms
step:1587/1770 train_time:1591083ms step_avg:1008.93ms
step:1588/1770 train_time:1592035ms step_avg:1008.89ms
step:1589/1770 train_time:1592976ms step_avg:1008.85ms
step:1590/1770 train_time:1593911ms step_avg:1008.80ms
step:1591/1770 train_time:1594835ms step_avg:1008.75ms
step:1592/1770 train_time:1595761ms step_avg:1008.70ms
step:1593/1770 train_time:1596705ms step_avg:1008.66ms
step:1594/1770 train_time:1597653ms step_avg:1008.62ms
step:1595/1770 train_time:1598586ms step_avg:1008.57ms
step:1596/1770 train_time:1599538ms step_avg:1008.54ms
step:1597/1770 train_time:1600450ms step_avg:1008.48ms
step:1598/1770 train_time:1601363ms step_avg:1008.42ms
step:1599/1770 train_time:1602284ms step_avg:1008.36ms
step:1600/1770 train_time:1603222ms step_avg:1008.32ms
step:1601/1770 train_time:1604142ms step_avg:1008.26ms
step:1602/1770 train_time:1605082ms step_avg:1008.22ms
step:1603/1770 train_time:1606004ms step_avg:1008.16ms
step:1604/1770 train_time:1606928ms step_avg:1008.11ms
step:1605/1770 train_time:1607861ms step_avg:1008.06ms
step:1606/1770 train_time:1608828ms step_avg:1008.04ms
step:1607/1770 train_time:1609754ms step_avg:1007.99ms
step:1608/1770 train_time:1610669ms step_avg:1007.93ms
step:1609/1770 train_time:1611601ms step_avg:1007.88ms
step:1610/1770 train_time:1612535ms step_avg:1007.83ms
step:1611/1770 train_time:1613453ms step_avg:1007.78ms
step:1612/1770 train_time:1614387ms step_avg:1007.73ms
step:1613/1770 train_time:1615318ms step_avg:1007.68ms
step:1614/1770 train_time:1616244ms step_avg:1007.63ms
step:1615/1770 train_time:1617197ms step_avg:1007.60ms
step:1616/1770 train_time:1618120ms step_avg:1007.55ms
step:1617/1770 train_time:1619064ms step_avg:1007.51ms
step:1618/1770 train_time:1619985ms step_avg:1007.45ms
step:1619/1770 train_time:1620914ms step_avg:1007.40ms
step:1620/1770 train_time:1621857ms step_avg:1007.36ms
step:1621/1770 train_time:1622781ms step_avg:1007.31ms
step:1622/1770 train_time:1623733ms step_avg:1007.28ms
step:1623/1770 train_time:1624669ms step_avg:1007.23ms
step:1624/1770 train_time:1625603ms step_avg:1007.19ms
step:1625/1770 train_time:1626540ms step_avg:1007.15ms
step:1625/1770 val_loss:3.2061 train_time:1627419ms step_avg:1007.69ms
step:1626/1770 train_time:1627856ms step_avg:1007.34ms
step:1627/1770 train_time:1628703ms step_avg:1007.24ms
step:1628/1770 train_time:1629655ms step_avg:1007.20ms
step:1629/1770 train_time:1630582ms step_avg:1007.15ms
step:1630/1770 train_time:1631532ms step_avg:1007.12ms
step:1631/1770 train_time:1632462ms step_avg:1007.07ms
step:1632/1770 train_time:1633387ms step_avg:1007.02ms
step:1633/1770 train_time:1634303ms step_avg:1006.96ms
step:1634/1770 train_time:1635230ms step_avg:1006.91ms
step:1635/1770 train_time:1636169ms step_avg:1006.87ms
step:1636/1770 train_time:1637092ms step_avg:1006.82ms
step:1637/1770 train_time:1638020ms step_avg:1006.77ms
step:1638/1770 train_time:1638965ms step_avg:1006.74ms
step:1639/1770 train_time:1639903ms step_avg:1006.69ms
step:1640/1770 train_time:1640832ms step_avg:1006.65ms
step:1641/1770 train_time:1641779ms step_avg:1006.61ms
step:1642/1770 train_time:1642715ms step_avg:1006.57ms
step:1643/1770 train_time:1643664ms step_avg:1006.53ms
step:1644/1770 train_time:1644613ms step_avg:1006.50ms
step:1645/1770 train_time:1645554ms step_avg:1006.45ms
step:1646/1770 train_time:1646481ms step_avg:1006.41ms
step:1647/1770 train_time:1647421ms step_avg:1006.37ms
step:1648/1770 train_time:1648358ms step_avg:1006.32ms
step:1649/1770 train_time:1649294ms step_avg:1006.28ms
step:1650/1770 train_time:1650226ms step_avg:1006.24ms
step:1651/1770 train_time:1651161ms step_avg:1006.19ms
step:1652/1770 train_time:1652078ms step_avg:1006.14ms
step:1653/1770 train_time:1653007ms step_avg:1006.09ms
step:1654/1770 train_time:1653925ms step_avg:1006.04ms
step:1655/1770 train_time:1654866ms step_avg:1006.00ms
step:1656/1770 train_time:1655778ms step_avg:1005.94ms
step:1657/1770 train_time:1656710ms step_avg:1005.90ms
step:1658/1770 train_time:1657647ms step_avg:1005.85ms
step:1659/1770 train_time:1658557ms step_avg:1005.80ms
step:1660/1770 train_time:1659492ms step_avg:1005.75ms
step:1661/1770 train_time:1660420ms step_avg:1005.71ms
step:1662/1770 train_time:1661350ms step_avg:1005.66ms
step:1663/1770 train_time:1662278ms step_avg:1005.61ms
step:1664/1770 train_time:1663235ms step_avg:1005.58ms
step:1665/1770 train_time:1664149ms step_avg:1005.53ms
step:1666/1770 train_time:1665084ms step_avg:1005.49ms
step:1667/1770 train_time:1666029ms step_avg:1005.45ms
step:1668/1770 train_time:1666975ms step_avg:1005.41ms
step:1669/1770 train_time:1667926ms step_avg:1005.38ms
step:1670/1770 train_time:1668843ms step_avg:1005.33ms
step:1671/1770 train_time:1669786ms step_avg:1005.29ms
step:1672/1770 train_time:1670715ms step_avg:1005.24ms
step:1673/1770 train_time:1671639ms step_avg:1005.19ms
step:1674/1770 train_time:1672558ms step_avg:1005.14ms
step:1675/1770 train_time:1673511ms step_avg:1005.11ms
step:1676/1770 train_time:1674425ms step_avg:1005.06ms
step:1677/1770 train_time:1675371ms step_avg:1005.02ms
step:1678/1770 train_time:1676326ms step_avg:1004.99ms
step:1679/1770 train_time:1677241ms step_avg:1004.94ms
step:1680/1770 train_time:1678173ms step_avg:1004.89ms
step:1681/1770 train_time:1679113ms step_avg:1004.86ms
step:1682/1770 train_time:1680046ms step_avg:1004.81ms
step:1683/1770 train_time:1680991ms step_avg:1004.78ms
step:1684/1770 train_time:1681924ms step_avg:1004.73ms
step:1685/1770 train_time:1682887ms step_avg:1004.71ms
step:1686/1770 train_time:1683825ms step_avg:1004.67ms
step:1687/1770 train_time:1684754ms step_avg:1004.62ms
step:1688/1770 train_time:1685681ms step_avg:1004.58ms
step:1689/1770 train_time:1686607ms step_avg:1004.53ms
step:1690/1770 train_time:1687567ms step_avg:1004.50ms
step:1691/1770 train_time:1688524ms step_avg:1004.48ms
step:1692/1770 train_time:1689446ms step_avg:1004.43ms
step:1693/1770 train_time:1690388ms step_avg:1004.39ms
step:1694/1770 train_time:1691303ms step_avg:1004.34ms
step:1695/1770 train_time:1692311ms step_avg:1004.34ms
step:1696/1770 train_time:1693172ms step_avg:1004.25ms
step:1697/1770 train_time:1694119ms step_avg:1004.22ms
step:1698/1770 train_time:1695050ms step_avg:1004.18ms
step:1699/1770 train_time:1695971ms step_avg:1004.13ms
step:1700/1770 train_time:1696910ms step_avg:1004.09ms
step:1701/1770 train_time:1697848ms step_avg:1004.05ms
step:1702/1770 train_time:1698778ms step_avg:1004.01ms
step:1703/1770 train_time:1699716ms step_avg:1003.97ms
step:1704/1770 train_time:1700641ms step_avg:1003.92ms
step:1705/1770 train_time:1701568ms step_avg:1003.87ms
step:1706/1770 train_time:1712964ms step_avg:1010.00ms
step:1707/1770 train_time:1713647ms step_avg:1009.81ms
step:1708/1770 train_time:1714569ms step_avg:1009.76ms
step:1709/1770 train_time:1715501ms step_avg:1009.71ms
step:1710/1770 train_time:1716444ms step_avg:1009.67ms
step:1711/1770 train_time:1717378ms step_avg:1009.63ms
step:1712/1770 train_time:1718322ms step_avg:1009.59ms
step:1713/1770 train_time:1719259ms step_avg:1009.55ms
step:1714/1770 train_time:1720181ms step_avg:1009.50ms
step:1715/1770 train_time:1721099ms step_avg:1009.44ms
step:1716/1770 train_time:1722036ms step_avg:1009.40ms
step:1717/1770 train_time:1722979ms step_avg:1009.36ms
step:1718/1770 train_time:1723900ms step_avg:1009.31ms
step:1719/1770 train_time:1724833ms step_avg:1009.26ms
step:1720/1770 train_time:1725761ms step_avg:1009.22ms
step:1721/1770 train_time:1726706ms step_avg:1009.18ms
step:1722/1770 train_time:1727642ms step_avg:1009.14ms
step:1723/1770 train_time:1728550ms step_avg:1009.08ms
step:1724/1770 train_time:1729474ms step_avg:1009.03ms
step:1725/1770 train_time:1730434ms step_avg:1009.00ms
step:1726/1770 train_time:1731340ms step_avg:1008.94ms
step:1727/1770 train_time:1732299ms step_avg:1008.91ms
step:1728/1770 train_time:1733225ms step_avg:1008.86ms
step:1729/1770 train_time:1734159ms step_avg:1008.82ms
step:1730/1770 train_time:1735092ms step_avg:1008.77ms
step:1731/1770 train_time:1736012ms step_avg:1008.72ms
step:1732/1770 train_time:1736953ms step_avg:1008.68ms
step:1733/1770 train_time:1737885ms step_avg:1008.64ms
step:1734/1770 train_time:1738805ms step_avg:1008.59ms
step:1735/1770 train_time:1739726ms step_avg:1008.54ms
step:1736/1770 train_time:1740661ms step_avg:1008.49ms
step:1737/1770 train_time:1741610ms step_avg:1008.46ms
step:1738/1770 train_time:1742547ms step_avg:1008.42ms
step:1739/1770 train_time:1743500ms step_avg:1008.39ms
step:1740/1770 train_time:1744419ms step_avg:1008.33ms
step:1741/1770 train_time:1745364ms step_avg:1008.30ms
step:1742/1770 train_time:1746311ms step_avg:1008.26ms
step:1743/1770 train_time:1747257ms step_avg:1008.23ms
step:1744/1770 train_time:1748188ms step_avg:1008.18ms
step:1745/1770 train_time:1749135ms step_avg:1008.15ms
step:1746/1770 train_time:1750070ms step_avg:1008.10ms
step:1747/1770 train_time:1751000ms step_avg:1008.06ms
step:1748/1770 train_time:1751924ms step_avg:1008.01ms
step:1749/1770 train_time:1752864ms step_avg:1007.97ms
step:1750/1770 train_time:1753794ms step_avg:1007.93ms
step:1750/1770 val_loss:3.1836 train_time:1754657ms step_avg:1008.42ms
step:1751/1770 train_time:1755096ms step_avg:1008.10ms
step:1752/1770 train_time:1755796ms step_avg:1007.92ms
step:1753/1770 train_time:1756734ms step_avg:1007.88ms
step:1754/1770 train_time:1757669ms step_avg:1007.84ms
step:1755/1770 train_time:1758606ms step_avg:1007.80ms
step:1756/1770 train_time:1759507ms step_avg:1007.74ms
step:1757/1770 train_time:1760464ms step_avg:1007.71ms
step:1758/1770 train_time:1761375ms step_avg:1007.65ms
step:1759/1770 train_time:1762319ms step_avg:1007.62ms
step:1760/1770 train_time:1763233ms step_avg:1007.56ms
step:1761/1770 train_time:1764158ms step_avg:1007.51ms
step:1762/1770 train_time:1765112ms step_avg:1007.48ms
step:1763/1770 train_time:1766056ms step_avg:1007.45ms
step:1764/1770 train_time:1766997ms step_avg:1007.41ms
step:1765/1770 train_time:1767925ms step_avg:1007.36ms
step:1766/1770 train_time:1768839ms step_avg:1007.31ms
step:1767/1770 train_time:1769752ms step_avg:1007.26ms
step:1768/1770 train_time:1770688ms step_avg:1007.22ms
step:1769/1770 train_time:1771635ms step_avg:1007.18ms
step:1770/1770 train_time:1772574ms step_avg:1007.14ms
step:1770/1770 val_loss:3.1808 train_time:1773437ms step_avg:1007.63ms
peak memory allocated: 47481 MiB reserved: 48788 MiB
total training time: 1773.44s (1773437ms)
