W0524 20:57:54.081000 56 site-packages/torch/distributed/run.py:766] 
W0524 20:57:54.081000 56 site-packages/torch/distributed/run.py:766] *****************************************
W0524 20:57:54.081000 56 site-packages/torch/distributed/run.py:766] Setting OMP_NUM_THREADS environment variable for each process to be 1 in default, to avoid your system being overloaded, please further tune the variable for optimal performance in your application as needed. 
W0524 20:57:54.081000 56 site-packages/torch/distributed/run.py:766] *****************************************
/root/miniconda3/envs/llm_test/lib/python3.10/site-packages/torch/autograd/__init__.py:221: UserWarning: Cannot create tensor with interal format while allow_internel_format=False, tensor will be created with base format. (Triggered internally at build/CMakeFiles/torch_npu.dir/compiler_depend.ts:338.)
  torch.ones_like(out, memory_format=torch.preserve_format)
/root/miniconda3/envs/llm_test/lib/python3.10/site-packages/torch/autograd/__init__.py:221: UserWarning: Cannot create tensor with interal format while allow_internel_format=False, tensor will be created with base format. (Triggered internally at build/CMakeFiles/torch_npu.dir/compiler_depend.ts:338.)
  torch.ones_like(out, memory_format=torch.preserve_format)
using device: npu:2
using device: npu:8
/root/miniconda3/envs/llm_test/lib/python3.10/site-packages/torch/autograd/__init__.py:221: UserWarning: Cannot create tensor with interal format while allow_internel_format=False, tensor will be created with base format. (Triggered internally at build/CMakeFiles/torch_npu.dir/compiler_depend.ts:338.)
  torch.ones_like(out, memory_format=torch.preserve_format)
/root/miniconda3/envs/llm_test/lib/python3.10/site-packages/torch/autograd/__init__.py:221: UserWarning: Cannot create tensor with interal format while allow_internel_format=False, tensor will be created with base format. (Triggered internally at build/CMakeFiles/torch_npu.dir/compiler_depend.ts:338.)
  torch.ones_like(out, memory_format=torch.preserve_format)
/root/miniconda3/envs/llm_test/lib/python3.10/site-packages/torch/autograd/__init__.py:221: UserWarning: Cannot create tensor with interal format while allow_internel_format=False, tensor will be created with base format. (Triggered internally at build/CMakeFiles/torch_npu.dir/compiler_depend.ts:338.)
  torch.ones_like(out, memory_format=torch.preserve_format)
using device: npu:15
using device: npu:5
using device: npu:12
/root/miniconda3/envs/llm_test/lib/python3.10/site-packages/torch/autograd/__init__.py:221: UserWarning: Cannot create tensor with interal format while allow_internel_format=False, tensor will be created with base format. (Triggered internally at build/CMakeFiles/torch_npu.dir/compiler_depend.ts:338.)
  torch.ones_like(out, memory_format=torch.preserve_format)
/root/miniconda3/envs/llm_test/lib/python3.10/site-packages/torch/autograd/__init__.py:221: UserWarning: Cannot create tensor with interal format while allow_internel_format=False, tensor will be created with base format. (Triggered internally at build/CMakeFiles/torch_npu.dir/compiler_depend.ts:338.)
  torch.ones_like(out, memory_format=torch.preserve_format)
/root/miniconda3/envs/llm_test/lib/python3.10/site-packages/torch/autograd/__init__.py:221: UserWarning: Cannot create tensor with interal format while allow_internel_format=False, tensor will be created with base format. (Triggered internally at build/CMakeFiles/torch_npu.dir/compiler_depend.ts:338.)
  torch.ones_like(out, memory_format=torch.preserve_format)
/root/miniconda3/envs/llm_test/lib/python3.10/site-packages/torch/autograd/__init__.py:221: UserWarning: Cannot create tensor with interal format while allow_internel_format=False, tensor will be created with base format. (Triggered internally at build/CMakeFiles/torch_npu.dir/compiler_depend.ts:338.)
  torch.ones_like(out, memory_format=torch.preserve_format)
/root/miniconda3/envs/llm_test/lib/python3.10/site-packages/torch/autograd/__init__.py:221: UserWarning: Cannot create tensor with interal format while allow_internel_format=False, tensor will be created with base format. (Triggered internally at build/CMakeFiles/torch_npu.dir/compiler_depend.ts:338.)
  torch.ones_like(out, memory_format=torch.preserve_format)
/root/miniconda3/envs/llm_test/lib/python3.10/site-packages/torch/autograd/__init__.py:221: UserWarning: Cannot create tensor with interal format while allow_internel_format=False, tensor will be created with base format. (Triggered internally at build/CMakeFiles/torch_npu.dir/compiler_depend.ts:338.)
  torch.ones_like(out, memory_format=torch.preserve_format)
using device: npu:0
/root/miniconda3/envs/llm_test/lib/python3.10/site-packages/torch/autograd/__init__.py:221: UserWarning: Cannot create tensor with interal format while allow_internel_format=False, tensor will be created with base format. (Triggered internally at build/CMakeFiles/torch_npu.dir/compiler_depend.ts:338.)
  torch.ones_like(out, memory_format=torch.preserve_format)
/root/miniconda3/envs/llm_test/lib/python3.10/site-packages/torch/autograd/__init__.py:221: UserWarning: Cannot create tensor with interal format while allow_internel_format=False, tensor will be created with base format. (Triggered internally at build/CMakeFiles/torch_npu.dir/compiler_depend.ts:338.)
  torch.ones_like(out, memory_format=torch.preserve_format)
/root/miniconda3/envs/llm_test/lib/python3.10/site-packages/torch/autograd/__init__.py:221: UserWarning: Cannot create tensor with interal format while allow_internel_format=False, tensor will be created with base format. (Triggered internally at build/CMakeFiles/torch_npu.dir/compiler_depend.ts:338.)
  torch.ones_like(out, memory_format=torch.preserve_format)
/root/miniconda3/envs/llm_test/lib/python3.10/site-packages/torch/autograd/__init__.py:221: UserWarning: Cannot create tensor with interal format while allow_internel_format=False, tensor will be created with base format. (Triggered internally at build/CMakeFiles/torch_npu.dir/compiler_depend.ts:338.)
  torch.ones_like(out, memory_format=torch.preserve_format)
/root/miniconda3/envs/llm_test/lib/python3.10/site-packages/torch/autograd/__init__.py:221: UserWarning: Cannot create tensor with interal format while allow_internel_format=False, tensor will be created with base format. (Triggered internally at build/CMakeFiles/torch_npu.dir/compiler_depend.ts:338.)
  torch.ones_like(out, memory_format=torch.preserve_format)
using device: npu:13
using device: npu:9
using device: npu:14
using device: npu:10
using device: npu:3
using device: npu:11
using device: npu:4
using device: npu:1
using device: npu:6
using device: npu:7
Training DataLoader: total number of tokens: 10255324043 across 103 files
Validation DataLoader: total number of tokens: 100000000 across 1 files
train_accumulation_steps: 1
val_steps: 20
step:0/6200 val_loss:10.9958 train_time:308ms step_avg:nanms
step:1/6200 train_loss:10.9991 train_time:4021ms step_avg:nanms
step:2/6200 train_loss:8.8718 train_time:5623ms step_avg:nanms
step:3/6200 train_loss:7.7294 train_time:6097ms step_avg:nanms
step:4/6200 train_loss:7.4723 train_time:6493ms step_avg:nanms
step:5/6200 train_loss:7.3897 train_time:6895ms step_avg:nanms
step:6/6200 train_loss:7.3065 train_time:7279ms step_avg:nanms
step:7/6200 train_loss:7.2413 train_time:7683ms step_avg:nanms
step:8/6200 train_loss:7.0291 train_time:8066ms step_avg:nanms
step:9/6200 train_loss:7.0870 train_time:8468ms step_avg:nanms
step:10/6200 train_loss:6.7863 train_time:8859ms step_avg:nanms
step:11/6200 train_loss:6.8249 train_time:169ms step_avg:nanms
step:12/6200 train_loss:6.5078 train_time:554ms step_avg:nanms
step:13/6200 train_loss:6.5829 train_time:942ms step_avg:314.06ms
step:14/6200 train_loss:6.4448 train_time:1333ms step_avg:333.35ms
step:15/6200 train_loss:6.3677 train_time:1717ms step_avg:343.48ms
step:16/6200 train_loss:6.3072 train_time:2105ms step_avg:350.90ms
step:17/6200 train_loss:6.4942 train_time:2496ms step_avg:356.55ms
step:18/6200 train_loss:6.4871 train_time:2893ms step_avg:361.67ms
step:19/6200 train_loss:6.3651 train_time:3276ms step_avg:363.98ms
step:20/6200 train_loss:6.4269 train_time:3688ms step_avg:368.76ms
step:21/6200 train_loss:6.1577 train_time:4062ms step_avg:369.24ms
step:22/6200 train_loss:6.2344 train_time:4444ms step_avg:370.31ms
step:23/6200 train_loss:6.7665 train_time:4836ms step_avg:371.97ms
step:24/6200 train_loss:6.2109 train_time:5222ms step_avg:373.00ms
step:25/6200 train_loss:6.6722 train_time:5609ms step_avg:373.94ms
step:26/6200 train_loss:6.0764 train_time:6002ms step_avg:375.14ms
step:27/6200 train_loss:5.9616 train_time:6391ms step_avg:375.93ms
step:28/6200 train_loss:6.2508 train_time:6778ms step_avg:376.53ms
step:29/6200 train_loss:5.6708 train_time:7168ms step_avg:377.28ms
step:30/6200 train_loss:6.0880 train_time:7554ms step_avg:377.70ms
step:31/6200 train_loss:6.0893 train_time:7945ms step_avg:378.35ms
step:32/6200 train_loss:5.8020 train_time:8333ms step_avg:378.78ms
step:33/6200 train_loss:5.9419 train_time:8723ms step_avg:379.27ms
step:34/6200 train_loss:6.0522 train_time:9115ms step_avg:379.81ms
step:35/6200 train_loss:6.1443 train_time:9504ms step_avg:380.16ms
step:36/6200 train_loss:6.1078 train_time:9892ms step_avg:380.44ms
step:37/6200 train_loss:5.9958 train_time:10281ms step_avg:380.78ms
step:38/6200 train_loss:6.0945 train_time:10675ms step_avg:381.24ms
step:39/6200 train_loss:5.8051 train_time:11060ms step_avg:381.36ms
step:40/6200 train_loss:5.8939 train_time:11446ms step_avg:381.55ms
step:41/6200 train_loss:5.7752 train_time:11835ms step_avg:381.78ms
step:42/6200 train_loss:5.8891 train_time:12223ms step_avg:381.98ms
step:43/6200 train_loss:5.4950 train_time:12621ms step_avg:382.44ms
step:44/6200 train_loss:5.9258 train_time:13002ms step_avg:382.42ms
step:45/6200 train_loss:5.8197 train_time:13397ms step_avg:382.76ms
step:46/6200 train_loss:5.8325 train_time:13787ms step_avg:382.98ms
step:47/6200 train_loss:5.7601 train_time:14173ms step_avg:383.06ms
step:48/6200 train_loss:5.6766 train_time:14563ms step_avg:383.23ms
step:49/6200 train_loss:5.8259 train_time:14954ms step_avg:383.43ms
step:50/6200 train_loss:5.5967 train_time:15340ms step_avg:383.50ms
step:51/6200 train_loss:5.8516 train_time:15726ms step_avg:383.55ms
step:52/6200 train_loss:5.8009 train_time:16122ms step_avg:383.85ms
step:53/6200 train_loss:5.6958 train_time:16510ms step_avg:383.96ms
step:54/6200 train_loss:5.7108 train_time:16898ms step_avg:384.05ms
step:55/6200 train_loss:5.6557 train_time:17289ms step_avg:384.21ms
step:56/6200 train_loss:5.9886 train_time:17680ms step_avg:384.35ms
step:57/6200 train_loss:5.7689 train_time:18075ms step_avg:384.58ms
step:58/6200 train_loss:5.5414 train_time:18465ms step_avg:384.70ms
step:59/6200 train_loss:5.8012 train_time:18851ms step_avg:384.72ms
step:60/6200 train_loss:5.6873 train_time:19255ms step_avg:385.10ms
step:61/6200 train_loss:5.8106 train_time:19633ms step_avg:384.97ms
step:62/6200 train_loss:5.5467 train_time:20017ms step_avg:384.94ms
step:63/6200 train_loss:5.7657 train_time:20406ms step_avg:385.02ms
step:64/6200 train_loss:5.7295 train_time:20793ms step_avg:385.06ms
step:65/6200 train_loss:4.8614 train_time:21186ms step_avg:385.19ms
step:66/6200 train_loss:5.6470 train_time:21587ms step_avg:385.48ms
step:67/6200 train_loss:5.7662 train_time:21977ms step_avg:385.56ms
step:68/6200 train_loss:5.5645 train_time:22361ms step_avg:385.53ms
step:69/6200 train_loss:5.8658 train_time:22762ms step_avg:385.79ms
step:70/6200 train_loss:5.4130 train_time:23140ms step_avg:385.67ms
step:71/6200 train_loss:5.5094 train_time:23527ms step_avg:385.69ms
step:72/6200 train_loss:5.5161 train_time:23918ms step_avg:385.78ms
step:73/6200 train_loss:5.6812 train_time:24303ms step_avg:385.77ms
step:74/6200 train_loss:5.4337 train_time:24697ms step_avg:385.88ms
step:75/6200 train_loss:5.9046 train_time:25087ms step_avg:385.95ms
step:76/6200 train_loss:5.6041 train_time:25475ms step_avg:385.99ms
step:77/6200 train_loss:5.6236 train_time:25868ms step_avg:386.09ms
step:78/6200 train_loss:5.7247 train_time:26252ms step_avg:386.06ms
step:79/6200 train_loss:5.3400 train_time:26661ms step_avg:386.40ms
step:80/6200 train_loss:5.6544 train_time:27031ms step_avg:386.16ms
step:81/6200 train_loss:5.6289 train_time:27430ms step_avg:386.34ms
step:82/6200 train_loss:5.4801 train_time:27815ms step_avg:386.31ms
step:83/6200 train_loss:5.5526 train_time:28200ms step_avg:386.30ms
step:84/6200 train_loss:5.5388 train_time:28588ms step_avg:386.32ms
step:85/6200 train_loss:5.4102 train_time:28974ms step_avg:386.32ms
step:86/6200 train_loss:5.4542 train_time:29363ms step_avg:386.36ms
step:87/6200 train_loss:5.6910 train_time:29750ms step_avg:386.36ms
step:88/6200 train_loss:5.5169 train_time:30138ms step_avg:386.38ms
step:89/6200 train_loss:5.5719 train_time:30528ms step_avg:386.43ms
step:90/6200 train_loss:5.6635 train_time:30917ms step_avg:386.46ms
step:91/6200 train_loss:5.4801 train_time:31312ms step_avg:386.57ms
step:92/6200 train_loss:5.6114 train_time:31694ms step_avg:386.52ms
step:93/6200 train_loss:5.6864 train_time:32084ms step_avg:386.55ms
step:94/6200 train_loss:5.4143 train_time:32474ms step_avg:386.59ms
step:95/6200 train_loss:5.4412 train_time:32861ms step_avg:386.60ms
step:96/6200 train_loss:5.4465 train_time:33247ms step_avg:386.60ms
step:97/6200 train_loss:5.4535 train_time:33637ms step_avg:386.63ms
step:98/6200 train_loss:5.4769 train_time:34034ms step_avg:386.76ms
step:99/6200 train_loss:5.3846 train_time:34427ms step_avg:386.82ms
step:100/6200 train_loss:5.4126 train_time:34813ms step_avg:386.81ms
step:101/6200 train_loss:5.4406 train_time:35197ms step_avg:386.78ms
step:102/6200 train_loss:5.4421 train_time:35583ms step_avg:386.77ms
step:103/6200 train_loss:5.4201 train_time:35975ms step_avg:386.83ms
step:104/6200 train_loss:5.2992 train_time:36362ms step_avg:386.83ms
step:105/6200 train_loss:5.1674 train_time:36751ms step_avg:386.85ms
step:106/6200 train_loss:5.4106 train_time:37139ms step_avg:386.86ms
step:107/6200 train_loss:5.1975 train_time:37528ms step_avg:386.88ms
step:108/6200 train_loss:5.3349 train_time:37917ms step_avg:386.91ms
step:109/6200 train_loss:5.2519 train_time:38303ms step_avg:386.90ms
step:110/6200 train_loss:5.3892 train_time:38692ms step_avg:386.92ms
step:111/6200 train_loss:5.2687 train_time:39081ms step_avg:386.94ms
step:112/6200 train_loss:5.3068 train_time:39472ms step_avg:386.98ms
step:113/6200 train_loss:5.4021 train_time:39859ms step_avg:386.98ms
step:114/6200 train_loss:5.2988 train_time:40252ms step_avg:387.03ms
step:115/6200 train_loss:5.2217 train_time:40637ms step_avg:387.02ms
step:116/6200 train_loss:5.4115 train_time:41027ms step_avg:387.05ms
step:117/6200 train_loss:5.2623 train_time:41413ms step_avg:387.04ms
step:118/6200 train_loss:5.1129 train_time:41804ms step_avg:387.07ms
step:119/6200 train_loss:5.3302 train_time:42189ms step_avg:387.06ms
step:120/6200 train_loss:5.2489 train_time:42579ms step_avg:387.08ms
step:121/6200 train_loss:5.2390 train_time:42966ms step_avg:387.08ms
step:122/6200 train_loss:5.0212 train_time:43363ms step_avg:387.17ms
step:123/6200 train_loss:5.2941 train_time:43743ms step_avg:387.10ms
step:124/6200 train_loss:5.1374 train_time:44132ms step_avg:387.12ms
step:125/6200 train_loss:5.4830 train_time:44521ms step_avg:387.14ms
step:125/6200 val_loss:5.1979 train_time:44757ms step_avg:389.20ms
step:126/6200 train_loss:5.2682 train_time:44923ms step_avg:387.26ms
step:127/6200 train_loss:5.2719 train_time:45308ms step_avg:387.25ms
step:128/6200 train_loss:5.2412 train_time:45690ms step_avg:387.20ms
step:129/6200 train_loss:5.1803 train_time:46078ms step_avg:387.21ms
step:130/6200 train_loss:5.6538 train_time:46467ms step_avg:387.22ms
step:131/6200 train_loss:5.2331 train_time:46854ms step_avg:387.23ms
step:132/6200 train_loss:4.9870 train_time:47243ms step_avg:387.24ms
step:133/6200 train_loss:5.0240 train_time:47630ms step_avg:387.24ms
step:134/6200 train_loss:5.1513 train_time:48018ms step_avg:387.24ms
step:135/6200 train_loss:5.0784 train_time:48408ms step_avg:387.26ms
step:136/6200 train_loss:5.1265 train_time:48795ms step_avg:387.26ms
step:137/6200 train_loss:4.9498 train_time:49184ms step_avg:387.28ms
step:138/6200 train_loss:5.1072 train_time:49569ms step_avg:387.26ms
step:139/6200 train_loss:5.0517 train_time:49956ms step_avg:387.26ms
step:140/6200 train_loss:5.1154 train_time:50346ms step_avg:387.27ms
step:141/6200 train_loss:5.4004 train_time:50738ms step_avg:387.31ms
step:142/6200 train_loss:5.1346 train_time:51124ms step_avg:387.30ms
step:143/6200 train_loss:5.0951 train_time:51510ms step_avg:387.29ms
step:144/6200 train_loss:5.1472 train_time:51899ms step_avg:387.30ms
step:145/6200 train_loss:5.0695 train_time:52286ms step_avg:387.31ms
step:146/6200 train_loss:4.9491 train_time:52673ms step_avg:387.30ms
step:147/6200 train_loss:4.8678 train_time:53063ms step_avg:387.32ms
step:148/6200 train_loss:5.0367 train_time:53453ms step_avg:387.34ms
step:149/6200 train_loss:5.0392 train_time:53840ms step_avg:387.34ms
step:150/6200 train_loss:5.2822 train_time:54232ms step_avg:387.37ms
step:151/6200 train_loss:5.0786 train_time:54616ms step_avg:387.35ms
step:152/6200 train_loss:4.9989 train_time:55006ms step_avg:387.37ms
step:153/6200 train_loss:5.0230 train_time:55393ms step_avg:387.36ms
step:154/6200 train_loss:5.1373 train_time:55780ms step_avg:387.36ms
step:155/6200 train_loss:5.2121 train_time:56175ms step_avg:387.42ms
step:156/6200 train_loss:4.9369 train_time:56560ms step_avg:387.40ms
step:157/6200 train_loss:5.0854 train_time:56954ms step_avg:387.44ms
step:158/6200 train_loss:5.1438 train_time:57337ms step_avg:387.41ms
step:159/6200 train_loss:4.9388 train_time:57723ms step_avg:387.40ms
step:160/6200 train_loss:5.0277 train_time:58111ms step_avg:387.41ms
step:161/6200 train_loss:4.8921 train_time:58499ms step_avg:387.41ms
step:162/6200 train_loss:5.0430 train_time:58887ms step_avg:387.41ms
step:163/6200 train_loss:5.0739 train_time:59277ms step_avg:387.43ms
step:164/6200 train_loss:4.9754 train_time:59664ms step_avg:387.43ms
step:165/6200 train_loss:4.8488 train_time:60054ms step_avg:387.45ms
step:166/6200 train_loss:4.9105 train_time:60441ms step_avg:387.44ms
step:167/6200 train_loss:5.0954 train_time:60832ms step_avg:387.47ms
step:168/6200 train_loss:4.7602 train_time:61222ms step_avg:387.48ms
step:169/6200 train_loss:5.2313 train_time:61609ms step_avg:387.48ms
step:170/6200 train_loss:4.7714 train_time:62001ms step_avg:387.51ms
step:171/6200 train_loss:4.6924 train_time:62389ms step_avg:387.51ms
step:172/6200 train_loss:4.8286 train_time:62773ms step_avg:387.49ms
step:173/6200 train_loss:4.8563 train_time:63162ms step_avg:387.50ms
step:174/6200 train_loss:4.9140 train_time:63550ms step_avg:387.50ms
step:175/6200 train_loss:5.0108 train_time:63942ms step_avg:387.53ms
step:176/6200 train_loss:4.9999 train_time:64327ms step_avg:387.51ms
step:177/6200 train_loss:4.7699 train_time:64714ms step_avg:387.51ms
step:178/6200 train_loss:4.7466 train_time:65105ms step_avg:387.53ms
step:179/6200 train_loss:4.7964 train_time:65490ms step_avg:387.52ms
step:180/6200 train_loss:4.7723 train_time:65886ms step_avg:387.56ms
step:181/6200 train_loss:4.8606 train_time:66272ms step_avg:387.55ms
step:182/6200 train_loss:4.7440 train_time:66661ms step_avg:387.56ms
step:183/6200 train_loss:4.8192 train_time:67058ms step_avg:387.62ms
step:184/6200 train_loss:4.7559 train_time:67436ms step_avg:387.56ms
step:185/6200 train_loss:4.7650 train_time:67820ms step_avg:387.54ms
step:186/6200 train_loss:5.0882 train_time:68207ms step_avg:387.54ms
step:187/6200 train_loss:4.8682 train_time:68595ms step_avg:387.54ms
step:188/6200 train_loss:5.1650 train_time:68985ms step_avg:387.55ms
step:189/6200 train_loss:4.7622 train_time:69375ms step_avg:387.57ms
step:190/6200 train_loss:4.7380 train_time:70358ms step_avg:390.88ms
step:191/6200 train_loss:4.9457 train_time:70729ms step_avg:390.77ms
step:192/6200 train_loss:4.7449 train_time:71117ms step_avg:390.76ms
step:193/6200 train_loss:4.7251 train_time:71505ms step_avg:390.74ms
step:194/6200 train_loss:4.9800 train_time:71893ms step_avg:390.72ms
step:195/6200 train_loss:4.7839 train_time:72283ms step_avg:390.72ms
step:196/6200 train_loss:5.1324 train_time:72671ms step_avg:390.70ms
step:197/6200 train_loss:4.9234 train_time:73059ms step_avg:390.69ms
step:198/6200 train_loss:4.6850 train_time:73450ms step_avg:390.69ms
step:199/6200 train_loss:4.6859 train_time:73835ms step_avg:390.66ms
step:200/6200 train_loss:4.6906 train_time:74226ms step_avg:390.66ms
step:201/6200 train_loss:4.7473 train_time:74612ms step_avg:390.64ms
step:202/6200 train_loss:4.6790 train_time:74998ms step_avg:390.61ms
step:203/6200 train_loss:4.8457 train_time:75392ms step_avg:390.63ms
step:204/6200 train_loss:4.8133 train_time:75778ms step_avg:390.61ms
step:205/6200 train_loss:4.9100 train_time:76164ms step_avg:390.58ms
step:206/6200 train_loss:4.7593 train_time:76554ms step_avg:390.58ms
step:207/6200 train_loss:4.6277 train_time:76945ms step_avg:390.59ms
step:208/6200 train_loss:4.7896 train_time:77329ms step_avg:390.55ms
step:209/6200 train_loss:4.7552 train_time:77717ms step_avg:390.54ms
step:210/6200 train_loss:4.8597 train_time:78106ms step_avg:390.53ms
step:211/6200 train_loss:4.7975 train_time:78497ms step_avg:390.53ms
step:212/6200 train_loss:4.7144 train_time:78883ms step_avg:390.51ms
step:213/6200 train_loss:4.8181 train_time:79276ms step_avg:390.52ms
step:214/6200 train_loss:4.5445 train_time:79665ms step_avg:390.51ms
step:215/6200 train_loss:4.6700 train_time:80053ms step_avg:390.50ms
step:216/6200 train_loss:4.6612 train_time:80439ms step_avg:390.48ms
step:217/6200 train_loss:4.5968 train_time:80826ms step_avg:390.46ms
step:218/6200 train_loss:4.7570 train_time:81220ms step_avg:390.48ms
step:219/6200 train_loss:4.6062 train_time:81608ms step_avg:390.47ms
step:220/6200 train_loss:4.7075 train_time:81993ms step_avg:390.44ms
step:221/6200 train_loss:4.6836 train_time:82383ms step_avg:390.44ms
step:222/6200 train_loss:4.6785 train_time:82782ms step_avg:390.48ms
step:223/6200 train_loss:4.5525 train_time:83169ms step_avg:390.47ms
step:224/6200 train_loss:4.7386 train_time:83557ms step_avg:390.45ms
step:225/6200 train_loss:4.7787 train_time:83945ms step_avg:390.44ms
step:226/6200 train_loss:4.5240 train_time:84332ms step_avg:390.42ms
step:227/6200 train_loss:4.4664 train_time:84732ms step_avg:390.47ms
step:228/6200 train_loss:4.5785 train_time:85111ms step_avg:390.42ms
step:229/6200 train_loss:4.7595 train_time:85505ms step_avg:390.43ms
step:230/6200 train_loss:4.5554 train_time:85881ms step_avg:390.37ms
step:231/6200 train_loss:4.7153 train_time:86268ms step_avg:390.35ms
step:232/6200 train_loss:4.7160 train_time:86655ms step_avg:390.34ms
step:233/6200 train_loss:4.4254 train_time:87046ms step_avg:390.34ms
step:234/6200 train_loss:4.7019 train_time:87433ms step_avg:390.33ms
step:235/6200 train_loss:4.4955 train_time:87820ms step_avg:390.31ms
step:236/6200 train_loss:4.2941 train_time:88210ms step_avg:390.31ms
step:237/6200 train_loss:4.7423 train_time:88597ms step_avg:390.30ms
step:238/6200 train_loss:4.6673 train_time:88988ms step_avg:390.30ms
step:239/6200 train_loss:4.5051 train_time:89379ms step_avg:390.30ms
step:240/6200 train_loss:4.7888 train_time:89769ms step_avg:390.30ms
step:241/6200 train_loss:4.6699 train_time:90158ms step_avg:390.29ms
step:242/6200 train_loss:4.5324 train_time:90549ms step_avg:390.30ms
step:243/6200 train_loss:4.4750 train_time:90935ms step_avg:390.28ms
step:244/6200 train_loss:4.5581 train_time:91329ms step_avg:390.30ms
step:245/6200 train_loss:4.5738 train_time:91714ms step_avg:390.27ms
step:246/6200 train_loss:4.7570 train_time:92099ms step_avg:390.25ms
step:247/6200 train_loss:4.7460 train_time:92488ms step_avg:390.24ms
step:248/6200 train_loss:4.6046 train_time:92873ms step_avg:390.22ms
step:249/6200 train_loss:4.6924 train_time:93261ms step_avg:390.21ms
step:250/6200 train_loss:4.3935 train_time:93659ms step_avg:390.25ms
step:250/6200 val_loss:4.5794 train_time:93880ms step_avg:391.17ms
step:251/6200 train_loss:4.4916 train_time:94038ms step_avg:390.20ms
step:252/6200 train_loss:4.5962 train_time:94427ms step_avg:390.20ms
step:253/6200 train_loss:4.5496 train_time:94818ms step_avg:390.20ms
step:254/6200 train_loss:4.3799 train_time:95200ms step_avg:390.16ms
step:255/6200 train_loss:4.5465 train_time:95590ms step_avg:390.16ms
step:256/6200 train_loss:4.6165 train_time:95977ms step_avg:390.15ms
step:257/6200 train_loss:4.7997 train_time:96362ms step_avg:390.13ms
step:258/6200 train_loss:4.4603 train_time:96753ms step_avg:390.13ms
step:259/6200 train_loss:4.4210 train_time:97139ms step_avg:390.11ms
step:260/6200 train_loss:4.5678 train_time:97526ms step_avg:390.10ms
step:261/6200 train_loss:4.5448 train_time:97913ms step_avg:390.09ms
step:262/6200 train_loss:4.6189 train_time:98301ms step_avg:390.08ms
step:263/6200 train_loss:4.4883 train_time:98689ms step_avg:390.08ms
step:264/6200 train_loss:4.5156 train_time:99079ms step_avg:390.08ms
step:265/6200 train_loss:4.5049 train_time:99470ms step_avg:390.08ms
step:266/6200 train_loss:4.2179 train_time:99862ms step_avg:390.09ms
step:267/6200 train_loss:4.4229 train_time:100241ms step_avg:390.04ms
step:268/6200 train_loss:4.3000 train_time:100630ms step_avg:390.04ms
step:269/6200 train_loss:4.3787 train_time:101024ms step_avg:390.06ms
step:270/6200 train_loss:4.4043 train_time:101411ms step_avg:390.04ms
step:271/6200 train_loss:4.5919 train_time:101795ms step_avg:390.02ms
step:272/6200 train_loss:4.5191 train_time:102186ms step_avg:390.02ms
step:273/6200 train_loss:4.4422 train_time:102577ms step_avg:390.03ms
step:274/6200 train_loss:4.4903 train_time:102963ms step_avg:390.01ms
step:275/6200 train_loss:4.5571 train_time:103355ms step_avg:390.02ms
step:276/6200 train_loss:4.5200 train_time:103747ms step_avg:390.03ms
step:277/6200 train_loss:4.4700 train_time:104127ms step_avg:389.99ms
step:278/6200 train_loss:4.3149 train_time:104523ms step_avg:390.01ms
step:279/6200 train_loss:4.7205 train_time:104909ms step_avg:390.00ms
step:280/6200 train_loss:4.4674 train_time:105293ms step_avg:389.97ms
step:281/6200 train_loss:4.9949 train_time:105680ms step_avg:389.96ms
step:282/6200 train_loss:4.4495 train_time:106074ms step_avg:389.98ms
step:283/6200 train_loss:4.4690 train_time:106461ms step_avg:389.97ms
step:284/6200 train_loss:4.4496 train_time:106843ms step_avg:389.94ms
step:285/6200 train_loss:4.4891 train_time:107233ms step_avg:389.94ms
step:286/6200 train_loss:4.5347 train_time:107620ms step_avg:389.93ms
step:287/6200 train_loss:4.6625 train_time:108008ms step_avg:389.92ms
step:288/6200 train_loss:4.4176 train_time:108399ms step_avg:389.92ms
step:289/6200 train_loss:4.5297 train_time:108786ms step_avg:389.91ms
step:290/6200 train_loss:4.3745 train_time:109170ms step_avg:389.89ms
step:291/6200 train_loss:4.4152 train_time:109563ms step_avg:389.90ms
step:292/6200 train_loss:4.4961 train_time:109953ms step_avg:389.91ms
step:293/6200 train_loss:4.4891 train_time:110341ms step_avg:389.90ms
step:294/6200 train_loss:4.4583 train_time:110730ms step_avg:389.90ms
step:295/6200 train_loss:4.4713 train_time:111126ms step_avg:389.92ms
step:296/6200 train_loss:4.3122 train_time:111509ms step_avg:389.89ms
step:297/6200 train_loss:4.3487 train_time:111897ms step_avg:389.88ms
step:298/6200 train_loss:4.3011 train_time:112287ms step_avg:389.89ms
step:299/6200 train_loss:4.4508 train_time:112677ms step_avg:389.89ms
step:300/6200 train_loss:4.4059 train_time:113062ms step_avg:389.87ms
step:301/6200 train_loss:4.6085 train_time:113452ms step_avg:389.87ms
step:302/6200 train_loss:4.3998 train_time:113841ms step_avg:389.87ms
step:303/6200 train_loss:4.3920 train_time:114233ms step_avg:389.87ms
step:304/6200 train_loss:4.3708 train_time:114622ms step_avg:389.87ms
step:305/6200 train_loss:4.4548 train_time:115010ms step_avg:389.86ms
step:306/6200 train_loss:5.3952 train_time:115401ms step_avg:389.87ms
step:307/6200 train_loss:4.3246 train_time:115839ms step_avg:390.03ms
step:308/6200 train_loss:4.3299 train_time:116186ms step_avg:389.88ms
step:309/6200 train_loss:4.4832 train_time:116569ms step_avg:389.86ms
step:310/6200 train_loss:4.2436 train_time:116956ms step_avg:389.85ms
step:311/6200 train_loss:4.4786 train_time:117357ms step_avg:389.89ms
step:312/6200 train_loss:4.2104 train_time:117736ms step_avg:389.85ms
step:313/6200 train_loss:4.3053 train_time:118123ms step_avg:389.85ms
step:314/6200 train_loss:4.4844 train_time:118513ms step_avg:389.85ms
step:315/6200 train_loss:4.6724 train_time:118905ms step_avg:389.85ms
step:316/6200 train_loss:4.4812 train_time:119294ms step_avg:389.85ms
step:317/6200 train_loss:4.3850 train_time:119679ms step_avg:389.83ms
step:318/6200 train_loss:4.3508 train_time:120067ms step_avg:389.83ms
step:319/6200 train_loss:4.3386 train_time:120459ms step_avg:389.83ms
step:320/6200 train_loss:4.3776 train_time:120844ms step_avg:389.82ms
step:321/6200 train_loss:4.5691 train_time:121232ms step_avg:389.81ms
step:322/6200 train_loss:4.3993 train_time:121621ms step_avg:389.81ms
step:323/6200 train_loss:4.4153 train_time:122016ms step_avg:389.83ms
step:324/6200 train_loss:4.5398 train_time:122395ms step_avg:389.79ms
step:325/6200 train_loss:4.4425 train_time:122783ms step_avg:389.79ms
step:326/6200 train_loss:4.4244 train_time:123171ms step_avg:389.78ms
step:327/6200 train_loss:4.3145 train_time:123559ms step_avg:389.78ms
step:328/6200 train_loss:5.2302 train_time:123949ms step_avg:389.78ms
step:329/6200 train_loss:4.5169 train_time:124340ms step_avg:389.78ms
step:330/6200 train_loss:4.2747 train_time:124728ms step_avg:389.77ms
step:331/6200 train_loss:4.2801 train_time:125117ms step_avg:389.77ms
step:332/6200 train_loss:4.2028 train_time:125503ms step_avg:389.76ms
step:333/6200 train_loss:4.3481 train_time:125893ms step_avg:389.76ms
step:334/6200 train_loss:4.2820 train_time:126282ms step_avg:389.76ms
step:335/6200 train_loss:4.3062 train_time:126668ms step_avg:389.75ms
step:336/6200 train_loss:4.4473 train_time:127054ms step_avg:389.73ms
step:337/6200 train_loss:4.5896 train_time:127442ms step_avg:389.73ms
step:338/6200 train_loss:5.3439 train_time:127834ms step_avg:389.74ms
step:339/6200 train_loss:4.3549 train_time:128221ms step_avg:389.73ms
step:340/6200 train_loss:4.2398 train_time:128610ms step_avg:389.73ms
step:341/6200 train_loss:4.3597 train_time:128998ms step_avg:389.72ms
step:342/6200 train_loss:4.3371 train_time:129392ms step_avg:389.74ms
step:343/6200 train_loss:4.2425 train_time:129777ms step_avg:389.72ms
step:344/6200 train_loss:4.1366 train_time:130164ms step_avg:389.71ms
step:345/6200 train_loss:4.2592 train_time:130558ms step_avg:389.73ms
step:346/6200 train_loss:4.1832 train_time:130946ms step_avg:389.72ms
step:347/6200 train_loss:4.1420 train_time:131332ms step_avg:389.71ms
step:348/6200 train_loss:4.3002 train_time:131719ms step_avg:389.70ms
step:349/6200 train_loss:4.2476 train_time:132107ms step_avg:389.70ms
step:350/6200 train_loss:4.1502 train_time:132504ms step_avg:389.72ms
step:351/6200 train_loss:3.6696 train_time:132895ms step_avg:389.72ms
step:352/6200 train_loss:4.1198 train_time:133283ms step_avg:389.72ms
step:353/6200 train_loss:4.5479 train_time:133670ms step_avg:389.71ms
step:354/6200 train_loss:4.1755 train_time:134095ms step_avg:389.81ms
step:355/6200 train_loss:4.1950 train_time:134450ms step_avg:389.71ms
step:356/6200 train_loss:4.2819 train_time:134836ms step_avg:389.70ms
step:357/6200 train_loss:4.3179 train_time:135223ms step_avg:389.69ms
step:358/6200 train_loss:4.3212 train_time:135603ms step_avg:389.66ms
step:359/6200 train_loss:4.0077 train_time:135989ms step_avg:389.65ms
step:360/6200 train_loss:4.8920 train_time:136380ms step_avg:389.66ms
step:361/6200 train_loss:3.8112 train_time:136767ms step_avg:389.65ms
step:362/6200 train_loss:4.2600 train_time:137155ms step_avg:389.64ms
step:363/6200 train_loss:4.3292 train_time:137544ms step_avg:389.64ms
step:364/6200 train_loss:4.1454 train_time:137932ms step_avg:389.64ms
step:365/6200 train_loss:4.1486 train_time:138321ms step_avg:389.64ms
step:366/6200 train_loss:4.2750 train_time:138709ms step_avg:389.63ms
step:367/6200 train_loss:4.2654 train_time:139108ms step_avg:389.66ms
step:368/6200 train_loss:4.2924 train_time:139492ms step_avg:389.64ms
step:369/6200 train_loss:4.1773 train_time:139881ms step_avg:389.64ms
step:370/6200 train_loss:4.0679 train_time:140266ms step_avg:389.63ms
step:371/6200 train_loss:4.2979 train_time:140655ms step_avg:389.63ms
step:372/6200 train_loss:4.1319 train_time:141043ms step_avg:389.62ms
step:373/6200 train_loss:4.0936 train_time:141432ms step_avg:389.62ms
step:374/6200 train_loss:4.2891 train_time:141827ms step_avg:389.64ms
step:375/6200 train_loss:4.2246 train_time:142210ms step_avg:389.62ms
step:375/6200 val_loss:4.2015 train_time:142440ms step_avg:390.25ms
step:376/6200 train_loss:4.1680 train_time:142597ms step_avg:389.61ms
step:377/6200 train_loss:4.1764 train_time:142983ms step_avg:389.60ms
step:378/6200 train_loss:4.1274 train_time:143376ms step_avg:389.61ms
step:379/6200 train_loss:4.2863 train_time:143996ms step_avg:390.23ms
step:380/6200 train_loss:4.3041 train_time:144741ms step_avg:391.19ms
step:381/6200 train_loss:4.3348 train_time:145145ms step_avg:391.23ms
step:382/6200 train_loss:4.2621 train_time:145532ms step_avg:391.22ms
step:383/6200 train_loss:4.1344 train_time:145922ms step_avg:391.21ms
step:384/6200 train_loss:4.1272 train_time:146315ms step_avg:391.22ms
step:385/6200 train_loss:4.1207 train_time:146698ms step_avg:391.19ms
step:386/6200 train_loss:4.0980 train_time:147085ms step_avg:391.18ms
step:387/6200 train_loss:4.3188 train_time:147487ms step_avg:391.21ms
step:388/6200 train_loss:4.5647 train_time:147870ms step_avg:391.19ms
step:389/6200 train_loss:4.2459 train_time:148254ms step_avg:391.17ms
step:390/6200 train_loss:4.0801 train_time:148641ms step_avg:391.16ms
step:391/6200 train_loss:4.1521 train_time:149033ms step_avg:391.16ms
step:392/6200 train_loss:4.1900 train_time:149425ms step_avg:391.16ms
step:393/6200 train_loss:4.3202 train_time:149812ms step_avg:391.15ms
step:394/6200 train_loss:4.1330 train_time:150199ms step_avg:391.14ms
step:395/6200 train_loss:4.1040 train_time:150595ms step_avg:391.16ms
step:396/6200 train_loss:3.9216 train_time:150984ms step_avg:391.15ms
step:397/6200 train_loss:4.2507 train_time:151362ms step_avg:391.12ms
step:398/6200 train_loss:4.2638 train_time:151751ms step_avg:391.11ms
step:399/6200 train_loss:4.3026 train_time:152140ms step_avg:391.10ms
step:400/6200 train_loss:4.1457 train_time:152529ms step_avg:391.10ms
step:401/6200 train_loss:4.3111 train_time:152926ms step_avg:391.12ms
step:402/6200 train_loss:4.1760 train_time:153310ms step_avg:391.10ms
step:403/6200 train_loss:4.3342 train_time:153699ms step_avg:391.09ms
step:404/6200 train_loss:4.3561 train_time:154085ms step_avg:391.08ms
step:405/6200 train_loss:4.1756 train_time:154476ms step_avg:391.08ms
step:406/6200 train_loss:4.1549 train_time:154868ms step_avg:391.08ms
step:407/6200 train_loss:4.3781 train_time:155257ms step_avg:391.07ms
step:408/6200 train_loss:4.1868 train_time:155653ms step_avg:391.09ms
step:409/6200 train_loss:4.1153 train_time:156035ms step_avg:391.06ms
step:410/6200 train_loss:4.2920 train_time:156423ms step_avg:391.06ms
step:411/6200 train_loss:4.1012 train_time:156816ms step_avg:391.06ms
step:412/6200 train_loss:4.0736 train_time:157200ms step_avg:391.05ms
step:413/6200 train_loss:4.6208 train_time:157590ms step_avg:391.04ms
step:414/6200 train_loss:4.1109 train_time:157978ms step_avg:391.03ms
step:415/6200 train_loss:4.2523 train_time:158366ms step_avg:391.03ms
step:416/6200 train_loss:4.0622 train_time:158759ms step_avg:391.03ms
step:417/6200 train_loss:4.1238 train_time:159142ms step_avg:391.01ms
step:418/6200 train_loss:4.3143 train_time:159533ms step_avg:391.01ms
step:419/6200 train_loss:4.0018 train_time:159919ms step_avg:391.00ms
step:420/6200 train_loss:4.0615 train_time:160317ms step_avg:391.02ms
step:421/6200 train_loss:3.9285 train_time:160701ms step_avg:391.00ms
step:422/6200 train_loss:3.9078 train_time:161086ms step_avg:390.98ms
step:423/6200 train_loss:4.1258 train_time:161474ms step_avg:390.98ms
step:424/6200 train_loss:4.0733 train_time:161862ms step_avg:390.97ms
step:425/6200 train_loss:4.0372 train_time:162251ms step_avg:390.97ms
step:426/6200 train_loss:4.0137 train_time:162637ms step_avg:390.95ms
step:427/6200 train_loss:4.0576 train_time:163028ms step_avg:390.95ms
step:428/6200 train_loss:4.0542 train_time:163418ms step_avg:390.95ms
step:429/6200 train_loss:4.0823 train_time:163804ms step_avg:390.94ms
step:430/6200 train_loss:4.1098 train_time:164197ms step_avg:390.95ms
step:431/6200 train_loss:4.1426 train_time:164584ms step_avg:390.94ms
step:432/6200 train_loss:3.9883 train_time:164970ms step_avg:390.92ms
step:433/6200 train_loss:4.1012 train_time:165357ms step_avg:390.92ms
step:434/6200 train_loss:4.2065 train_time:165743ms step_avg:390.90ms
step:435/6200 train_loss:4.0846 train_time:166135ms step_avg:390.91ms
step:436/6200 train_loss:4.1394 train_time:166518ms step_avg:390.89ms
step:437/6200 train_loss:3.8574 train_time:166907ms step_avg:390.88ms
step:438/6200 train_loss:3.9619 train_time:167299ms step_avg:390.88ms
step:439/6200 train_loss:4.0672 train_time:167692ms step_avg:390.89ms
step:440/6200 train_loss:3.9921 train_time:168077ms step_avg:390.88ms
step:441/6200 train_loss:4.3614 train_time:168466ms step_avg:390.87ms
step:442/6200 train_loss:3.9812 train_time:168862ms step_avg:390.89ms
step:443/6200 train_loss:4.0786 train_time:169249ms step_avg:390.87ms
step:444/6200 train_loss:3.9727 train_time:169646ms step_avg:390.89ms
step:445/6200 train_loss:4.0152 train_time:170028ms step_avg:390.87ms
step:446/6200 train_loss:4.0871 train_time:170416ms step_avg:390.86ms
step:447/6200 train_loss:4.0894 train_time:170807ms step_avg:390.86ms
step:448/6200 train_loss:4.1460 train_time:171190ms step_avg:390.84ms
step:449/6200 train_loss:4.1558 train_time:171576ms step_avg:390.83ms
step:450/6200 train_loss:4.0583 train_time:171963ms step_avg:390.83ms
step:451/6200 train_loss:4.0488 train_time:172352ms step_avg:390.82ms
step:452/6200 train_loss:4.0065 train_time:172742ms step_avg:390.82ms
step:453/6200 train_loss:3.9060 train_time:173131ms step_avg:390.82ms
step:454/6200 train_loss:3.9336 train_time:173521ms step_avg:390.81ms
step:455/6200 train_loss:3.9243 train_time:173909ms step_avg:390.81ms
step:456/6200 train_loss:4.2055 train_time:174294ms step_avg:390.79ms
step:457/6200 train_loss:4.0377 train_time:174685ms step_avg:390.80ms
step:458/6200 train_loss:4.0631 train_time:175077ms step_avg:390.80ms
step:459/6200 train_loss:4.2342 train_time:175463ms step_avg:390.79ms
step:460/6200 train_loss:3.8737 train_time:175851ms step_avg:390.78ms
step:461/6200 train_loss:4.1508 train_time:176239ms step_avg:390.77ms
step:462/6200 train_loss:4.0542 train_time:176627ms step_avg:390.77ms
step:463/6200 train_loss:4.0931 train_time:177017ms step_avg:390.77ms
step:464/6200 train_loss:4.1248 train_time:177403ms step_avg:390.76ms
step:465/6200 train_loss:3.9971 train_time:177791ms step_avg:390.75ms
step:466/6200 train_loss:4.0265 train_time:178179ms step_avg:390.74ms
step:467/6200 train_loss:4.1933 train_time:178576ms step_avg:390.76ms
step:468/6200 train_loss:4.3806 train_time:178960ms step_avg:390.74ms
step:469/6200 train_loss:3.9714 train_time:179347ms step_avg:390.73ms
step:470/6200 train_loss:3.9685 train_time:179737ms step_avg:390.73ms
step:471/6200 train_loss:4.0778 train_time:180128ms step_avg:390.73ms
step:472/6200 train_loss:4.0301 train_time:180515ms step_avg:390.73ms
step:473/6200 train_loss:4.1151 train_time:180905ms step_avg:390.72ms
step:474/6200 train_loss:3.9841 train_time:181289ms step_avg:390.71ms
step:475/6200 train_loss:3.8587 train_time:181675ms step_avg:390.70ms
step:476/6200 train_loss:4.1701 train_time:182062ms step_avg:390.69ms
step:477/6200 train_loss:3.9939 train_time:182451ms step_avg:390.69ms
step:478/6200 train_loss:4.0606 train_time:182844ms step_avg:390.69ms
step:479/6200 train_loss:4.1901 train_time:183227ms step_avg:390.68ms
step:480/6200 train_loss:4.0539 train_time:183619ms step_avg:390.68ms
step:481/6200 train_loss:4.0050 train_time:184011ms step_avg:390.68ms
step:482/6200 train_loss:4.0693 train_time:184397ms step_avg:390.67ms
step:483/6200 train_loss:3.8320 train_time:184785ms step_avg:390.67ms
step:484/6200 train_loss:4.0385 train_time:185168ms step_avg:390.65ms
step:485/6200 train_loss:4.0214 train_time:185557ms step_avg:390.65ms
step:486/6200 train_loss:3.9942 train_time:185954ms step_avg:390.66ms
step:487/6200 train_loss:3.9214 train_time:186336ms step_avg:390.64ms
step:488/6200 train_loss:3.9852 train_time:186722ms step_avg:390.63ms
step:489/6200 train_loss:4.0935 train_time:187106ms step_avg:390.62ms
step:490/6200 train_loss:4.1153 train_time:187495ms step_avg:390.62ms
step:491/6200 train_loss:4.0055 train_time:187887ms step_avg:390.62ms
step:492/6200 train_loss:3.8893 train_time:188273ms step_avg:390.61ms
step:493/6200 train_loss:4.2963 train_time:188660ms step_avg:390.60ms
step:494/6200 train_loss:3.8280 train_time:189048ms step_avg:390.60ms
step:495/6200 train_loss:4.0717 train_time:189436ms step_avg:390.59ms
step:496/6200 train_loss:4.1010 train_time:189825ms step_avg:390.59ms
step:497/6200 train_loss:3.8826 train_time:190212ms step_avg:390.58ms
step:498/6200 train_loss:3.9968 train_time:190610ms step_avg:390.60ms
step:499/6200 train_loss:4.0852 train_time:190996ms step_avg:390.59ms
step:500/6200 train_loss:4.1262 train_time:191387ms step_avg:390.59ms
step:500/6200 val_loss:4.0141 train_time:191608ms step_avg:391.04ms
step:501/6200 train_loss:4.1882 train_time:191767ms step_avg:390.56ms
step:502/6200 train_loss:3.9376 train_time:192153ms step_avg:390.55ms
step:503/6200 train_loss:4.1312 train_time:192543ms step_avg:390.55ms
step:504/6200 train_loss:3.9714 train_time:192933ms step_avg:390.55ms
step:505/6200 train_loss:4.0536 train_time:193317ms step_avg:390.54ms
step:506/6200 train_loss:4.0129 train_time:193705ms step_avg:390.53ms
step:507/6200 train_loss:3.8670 train_time:194092ms step_avg:390.53ms
step:508/6200 train_loss:4.1697 train_time:194480ms step_avg:390.52ms
step:509/6200 train_loss:4.3512 train_time:194869ms step_avg:390.52ms
step:510/6200 train_loss:3.9986 train_time:195259ms step_avg:390.52ms
step:511/6200 train_loss:3.9984 train_time:195646ms step_avg:390.51ms
step:512/6200 train_loss:3.9492 train_time:196044ms step_avg:390.53ms
step:513/6200 train_loss:4.0859 train_time:196427ms step_avg:390.51ms
step:514/6200 train_loss:4.0508 train_time:196814ms step_avg:390.50ms
step:515/6200 train_loss:4.0394 train_time:197203ms step_avg:390.50ms
step:516/6200 train_loss:4.0231 train_time:197597ms step_avg:390.51ms
step:517/6200 train_loss:4.1592 train_time:197985ms step_avg:390.50ms
step:518/6200 train_loss:3.8640 train_time:198371ms step_avg:390.49ms
step:519/6200 train_loss:4.1682 train_time:198761ms step_avg:390.49ms
step:520/6200 train_loss:4.1267 train_time:199150ms step_avg:390.49ms
step:521/6200 train_loss:4.0070 train_time:199539ms step_avg:390.49ms
step:522/6200 train_loss:3.8776 train_time:199926ms step_avg:390.48ms
step:523/6200 train_loss:3.9155 train_time:200315ms step_avg:390.48ms
step:524/6200 train_loss:5.3428 train_time:200703ms step_avg:390.47ms
step:525/6200 train_loss:3.9381 train_time:201092ms step_avg:390.47ms
step:526/6200 train_loss:4.0487 train_time:201484ms step_avg:390.47ms
step:527/6200 train_loss:3.9282 train_time:201868ms step_avg:390.46ms
step:528/6200 train_loss:3.7975 train_time:202265ms step_avg:390.47ms
step:529/6200 train_loss:3.9146 train_time:202646ms step_avg:390.46ms
step:530/6200 train_loss:4.1686 train_time:203032ms step_avg:390.45ms
step:531/6200 train_loss:3.9191 train_time:203452ms step_avg:390.50ms
step:532/6200 train_loss:4.1385 train_time:203809ms step_avg:390.44ms
step:533/6200 train_loss:4.0619 train_time:204199ms step_avg:390.44ms
step:534/6200 train_loss:3.9486 train_time:204597ms step_avg:390.45ms
step:535/6200 train_loss:3.9243 train_time:204985ms step_avg:390.45ms
step:536/6200 train_loss:3.8586 train_time:205378ms step_avg:390.45ms
step:537/6200 train_loss:4.0056 train_time:205764ms step_avg:390.44ms
step:538/6200 train_loss:4.0118 train_time:206154ms step_avg:390.44ms
step:539/6200 train_loss:3.9326 train_time:206539ms step_avg:390.43ms
step:540/6200 train_loss:4.5587 train_time:206923ms step_avg:390.42ms
step:541/6200 train_loss:3.9789 train_time:207312ms step_avg:390.42ms
step:542/6200 train_loss:4.1194 train_time:207702ms step_avg:390.42ms
step:543/6200 train_loss:3.8919 train_time:208091ms step_avg:390.41ms
step:544/6200 train_loss:3.9288 train_time:208482ms step_avg:390.42ms
step:545/6200 train_loss:3.9773 train_time:208877ms step_avg:390.42ms
step:546/6200 train_loss:3.8535 train_time:209255ms step_avg:390.40ms
step:547/6200 train_loss:3.9511 train_time:209646ms step_avg:390.40ms
step:548/6200 train_loss:3.9112 train_time:210030ms step_avg:390.39ms
step:549/6200 train_loss:3.9955 train_time:210421ms step_avg:390.39ms
step:550/6200 train_loss:3.9475 train_time:210808ms step_avg:390.39ms
step:551/6200 train_loss:3.9787 train_time:211196ms step_avg:390.38ms
step:552/6200 train_loss:3.9355 train_time:211586ms step_avg:390.38ms
step:553/6200 train_loss:3.8695 train_time:211975ms step_avg:390.38ms
step:554/6200 train_loss:4.2279 train_time:212368ms step_avg:390.38ms
step:555/6200 train_loss:3.9791 train_time:212751ms step_avg:390.37ms
step:556/6200 train_loss:3.9841 train_time:213141ms step_avg:390.37ms
step:557/6200 train_loss:3.9903 train_time:213532ms step_avg:390.37ms
step:558/6200 train_loss:3.5186 train_time:213917ms step_avg:390.36ms
step:559/6200 train_loss:3.9230 train_time:214307ms step_avg:390.36ms
step:560/6200 train_loss:3.9148 train_time:214697ms step_avg:390.36ms
step:561/6200 train_loss:4.1003 train_time:215089ms step_avg:390.36ms
step:562/6200 train_loss:3.9003 train_time:215473ms step_avg:390.35ms
step:563/6200 train_loss:3.7644 train_time:215870ms step_avg:390.36ms
step:564/6200 train_loss:4.0789 train_time:216260ms step_avg:390.36ms
step:565/6200 train_loss:3.7604 train_time:216644ms step_avg:390.35ms
step:566/6200 train_loss:3.9799 train_time:217035ms step_avg:390.35ms
step:567/6200 train_loss:3.8629 train_time:217428ms step_avg:390.36ms
step:568/6200 train_loss:3.8923 train_time:218058ms step_avg:390.79ms
step:569/6200 train_loss:3.8395 train_time:218446ms step_avg:390.78ms
step:570/6200 train_loss:3.8838 train_time:219319ms step_avg:391.64ms
step:571/6200 train_loss:3.9367 train_time:219723ms step_avg:391.66ms
step:572/6200 train_loss:4.0349 train_time:220109ms step_avg:391.65ms
step:573/6200 train_loss:3.9023 train_time:220498ms step_avg:391.65ms
step:574/6200 train_loss:3.9142 train_time:220894ms step_avg:391.66ms
step:575/6200 train_loss:4.1474 train_time:221288ms step_avg:391.66ms
step:576/6200 train_loss:3.9737 train_time:221666ms step_avg:391.64ms
step:577/6200 train_loss:4.0447 train_time:222064ms step_avg:391.65ms
step:578/6200 train_loss:3.9509 train_time:222454ms step_avg:391.65ms
step:579/6200 train_loss:3.8618 train_time:222833ms step_avg:391.62ms
step:580/6200 train_loss:4.0659 train_time:223225ms step_avg:391.62ms
step:581/6200 train_loss:3.9338 train_time:223623ms step_avg:391.63ms
step:582/6200 train_loss:3.9838 train_time:224005ms step_avg:391.62ms
step:583/6200 train_loss:4.0250 train_time:224402ms step_avg:391.63ms
step:584/6200 train_loss:3.9267 train_time:224787ms step_avg:391.61ms
step:585/6200 train_loss:3.8944 train_time:225177ms step_avg:391.61ms
step:586/6200 train_loss:4.1302 train_time:225566ms step_avg:391.61ms
step:587/6200 train_loss:3.8580 train_time:225954ms step_avg:391.60ms
step:588/6200 train_loss:3.9883 train_time:226342ms step_avg:391.59ms
step:589/6200 train_loss:3.9520 train_time:226727ms step_avg:391.58ms
step:590/6200 train_loss:4.2597 train_time:227115ms step_avg:391.58ms
step:591/6200 train_loss:4.0340 train_time:227503ms step_avg:391.57ms
step:592/6200 train_loss:3.6837 train_time:227894ms step_avg:391.57ms
step:593/6200 train_loss:3.8831 train_time:228292ms step_avg:391.58ms
step:594/6200 train_loss:3.9690 train_time:228681ms step_avg:391.58ms
step:595/6200 train_loss:3.7545 train_time:229061ms step_avg:391.56ms
step:596/6200 train_loss:4.2130 train_time:229453ms step_avg:391.56ms
step:597/6200 train_loss:4.0748 train_time:229836ms step_avg:391.54ms
step:598/6200 train_loss:3.8323 train_time:230248ms step_avg:391.58ms
step:599/6200 train_loss:3.9738 train_time:230624ms step_avg:391.55ms
step:600/6200 train_loss:3.8187 train_time:231011ms step_avg:391.54ms
step:601/6200 train_loss:3.8065 train_time:231403ms step_avg:391.55ms
step:602/6200 train_loss:4.0071 train_time:231806ms step_avg:391.56ms
step:603/6200 train_loss:3.9324 train_time:232186ms step_avg:391.55ms
step:604/6200 train_loss:4.1175 train_time:232571ms step_avg:391.53ms
step:605/6200 train_loss:3.9050 train_time:232970ms step_avg:391.55ms
step:606/6200 train_loss:3.9568 train_time:233346ms step_avg:391.52ms
step:607/6200 train_loss:3.9751 train_time:233732ms step_avg:391.51ms
step:608/6200 train_loss:4.2618 train_time:234122ms step_avg:391.51ms
step:609/6200 train_loss:3.9886 train_time:234509ms step_avg:391.50ms
step:610/6200 train_loss:3.8475 train_time:234901ms step_avg:391.50ms
step:611/6200 train_loss:4.1356 train_time:235286ms step_avg:391.49ms
step:612/6200 train_loss:3.8425 train_time:235676ms step_avg:391.49ms
step:613/6200 train_loss:3.9570 train_time:236067ms step_avg:391.49ms
step:614/6200 train_loss:4.0171 train_time:236464ms step_avg:391.50ms
step:615/6200 train_loss:3.9382 train_time:236842ms step_avg:391.47ms
step:616/6200 train_loss:4.0308 train_time:237230ms step_avg:391.47ms
step:617/6200 train_loss:3.9292 train_time:237628ms step_avg:391.48ms
step:618/6200 train_loss:3.7745 train_time:238023ms step_avg:391.48ms
step:619/6200 train_loss:3.9604 train_time:238410ms step_avg:391.48ms
step:620/6200 train_loss:3.9299 train_time:238798ms step_avg:391.47ms
step:621/6200 train_loss:3.7548 train_time:239190ms step_avg:391.47ms
step:622/6200 train_loss:4.3511 train_time:239575ms step_avg:391.46ms
step:623/6200 train_loss:3.7759 train_time:239961ms step_avg:391.45ms
step:624/6200 train_loss:3.9468 train_time:240349ms step_avg:391.45ms
step:625/6200 train_loss:4.0177 train_time:240739ms step_avg:391.45ms
step:625/6200 val_loss:3.9062 train_time:240971ms step_avg:391.82ms
step:626/6200 train_loss:4.0153 train_time:241138ms step_avg:391.46ms
step:627/6200 train_loss:4.0896 train_time:241524ms step_avg:391.45ms
step:628/6200 train_loss:3.8643 train_time:241906ms step_avg:391.43ms
step:629/6200 train_loss:3.9851 train_time:242308ms step_avg:391.45ms
step:630/6200 train_loss:3.7997 train_time:242692ms step_avg:391.44ms
step:631/6200 train_loss:3.9669 train_time:243080ms step_avg:391.43ms
step:632/6200 train_loss:3.9773 train_time:243463ms step_avg:391.42ms
step:633/6200 train_loss:4.0308 train_time:243856ms step_avg:391.42ms
step:634/6200 train_loss:3.8395 train_time:244240ms step_avg:391.41ms
step:635/6200 train_loss:3.9696 train_time:244628ms step_avg:391.40ms
step:636/6200 train_loss:4.1671 train_time:245018ms step_avg:391.40ms
step:637/6200 train_loss:3.8151 train_time:245409ms step_avg:391.40ms
step:638/6200 train_loss:3.7237 train_time:245797ms step_avg:391.40ms
step:639/6200 train_loss:4.0325 train_time:246187ms step_avg:391.39ms
step:640/6200 train_loss:4.0455 train_time:246577ms step_avg:391.39ms
step:641/6200 train_loss:3.8915 train_time:246961ms step_avg:391.38ms
step:642/6200 train_loss:3.7863 train_time:247351ms step_avg:391.38ms
step:643/6200 train_loss:3.9954 train_time:247739ms step_avg:391.37ms
step:644/6200 train_loss:3.9468 train_time:248132ms step_avg:391.38ms
step:645/6200 train_loss:3.7450 train_time:248524ms step_avg:391.38ms
step:646/6200 train_loss:4.0089 train_time:248917ms step_avg:391.38ms
step:647/6200 train_loss:4.0144 train_time:249299ms step_avg:391.36ms
step:648/6200 train_loss:3.8856 train_time:249686ms step_avg:391.36ms
step:649/6200 train_loss:4.0022 train_time:250076ms step_avg:391.36ms
step:650/6200 train_loss:4.0441 train_time:250463ms step_avg:391.35ms
step:651/6200 train_loss:3.8703 train_time:250851ms step_avg:391.34ms
step:652/6200 train_loss:4.1273 train_time:251240ms step_avg:391.34ms
step:653/6200 train_loss:3.8967 train_time:251635ms step_avg:391.34ms
step:654/6200 train_loss:3.8992 train_time:252019ms step_avg:391.33ms
step:655/6200 train_loss:3.5622 train_time:252405ms step_avg:391.33ms
step:656/6200 train_loss:3.9733 train_time:252795ms step_avg:391.32ms
step:657/6200 train_loss:3.8282 train_time:253184ms step_avg:391.32ms
step:658/6200 train_loss:3.7891 train_time:253573ms step_avg:391.32ms
step:659/6200 train_loss:3.9124 train_time:253961ms step_avg:391.31ms
step:660/6200 train_loss:3.8724 train_time:254351ms step_avg:391.31ms
step:661/6200 train_loss:3.9444 train_time:254741ms step_avg:391.31ms
step:662/6200 train_loss:3.9008 train_time:255130ms step_avg:391.30ms
step:663/6200 train_loss:3.8601 train_time:255515ms step_avg:391.29ms
step:664/6200 train_loss:3.8226 train_time:255904ms step_avg:391.29ms
step:665/6200 train_loss:3.9902 train_time:256294ms step_avg:391.29ms
step:666/6200 train_loss:3.5731 train_time:256682ms step_avg:391.28ms
step:667/6200 train_loss:4.1421 train_time:257073ms step_avg:391.28ms
step:668/6200 train_loss:3.9144 train_time:257461ms step_avg:391.28ms
step:669/6200 train_loss:3.9980 train_time:257852ms step_avg:391.28ms
step:670/6200 train_loss:3.7977 train_time:258245ms step_avg:391.28ms
step:671/6200 train_loss:3.6906 train_time:258635ms step_avg:391.28ms
step:672/6200 train_loss:3.8437 train_time:259021ms step_avg:391.27ms
step:673/6200 train_loss:3.8776 train_time:259410ms step_avg:391.27ms
step:674/6200 train_loss:4.5255 train_time:259800ms step_avg:391.26ms
step:675/6200 train_loss:3.9389 train_time:260188ms step_avg:391.26ms
step:676/6200 train_loss:3.9743 train_time:260577ms step_avg:391.26ms
step:677/6200 train_loss:3.7401 train_time:260968ms step_avg:391.26ms
step:678/6200 train_loss:3.7717 train_time:261358ms step_avg:391.25ms
step:679/6200 train_loss:3.8235 train_time:261744ms step_avg:391.25ms
step:680/6200 train_loss:3.9524 train_time:262131ms step_avg:391.24ms
step:681/6200 train_loss:3.8507 train_time:262517ms step_avg:391.23ms
step:682/6200 train_loss:3.8897 train_time:262909ms step_avg:391.23ms
step:683/6200 train_loss:4.1302 train_time:263293ms step_avg:391.22ms
step:684/6200 train_loss:4.0385 train_time:263681ms step_avg:391.22ms
step:685/6200 train_loss:3.9156 train_time:264068ms step_avg:391.21ms
step:686/6200 train_loss:4.0039 train_time:264457ms step_avg:391.21ms
step:687/6200 train_loss:3.9585 train_time:264846ms step_avg:391.21ms
step:688/6200 train_loss:3.9253 train_time:265235ms step_avg:391.20ms
step:689/6200 train_loss:3.4884 train_time:265623ms step_avg:391.20ms
step:690/6200 train_loss:3.6448 train_time:266037ms step_avg:391.23ms
step:691/6200 train_loss:3.8803 train_time:266397ms step_avg:391.18ms
step:692/6200 train_loss:3.6263 train_time:266797ms step_avg:391.20ms
step:693/6200 train_loss:4.0241 train_time:267183ms step_avg:391.19ms
step:694/6200 train_loss:3.8852 train_time:267571ms step_avg:391.19ms
step:695/6200 train_loss:3.7523 train_time:267955ms step_avg:391.18ms
step:696/6200 train_loss:3.6369 train_time:268345ms step_avg:391.17ms
step:697/6200 train_loss:4.2487 train_time:268734ms step_avg:391.17ms
step:698/6200 train_loss:3.8093 train_time:269121ms step_avg:391.16ms
step:699/6200 train_loss:3.8809 train_time:269542ms step_avg:391.21ms
step:700/6200 train_loss:3.8399 train_time:269931ms step_avg:391.20ms
step:701/6200 train_loss:3.8708 train_time:270289ms step_avg:391.16ms
step:702/6200 train_loss:3.8031 train_time:270673ms step_avg:391.15ms
step:703/6200 train_loss:3.7844 train_time:271064ms step_avg:391.15ms
step:704/6200 train_loss:3.7479 train_time:271455ms step_avg:391.14ms
step:705/6200 train_loss:4.0013 train_time:271847ms step_avg:391.15ms
step:706/6200 train_loss:3.8695 train_time:272232ms step_avg:391.14ms
step:707/6200 train_loss:3.8628 train_time:272632ms step_avg:391.15ms
step:708/6200 train_loss:3.9696 train_time:273030ms step_avg:391.16ms
step:709/6200 train_loss:3.8900 train_time:273423ms step_avg:391.16ms
step:710/6200 train_loss:3.8942 train_time:273806ms step_avg:391.15ms
step:711/6200 train_loss:3.7577 train_time:274187ms step_avg:391.14ms
step:712/6200 train_loss:3.8967 train_time:274578ms step_avg:391.14ms
step:713/6200 train_loss:4.0316 train_time:274963ms step_avg:391.13ms
step:714/6200 train_loss:3.7879 train_time:275352ms step_avg:391.13ms
step:715/6200 train_loss:3.9273 train_time:275749ms step_avg:391.13ms
step:716/6200 train_loss:3.9361 train_time:276135ms step_avg:391.13ms
step:717/6200 train_loss:3.8517 train_time:276527ms step_avg:391.13ms
step:718/6200 train_loss:4.1033 train_time:276922ms step_avg:391.13ms
step:719/6200 train_loss:3.7671 train_time:277304ms step_avg:391.12ms
step:720/6200 train_loss:3.7917 train_time:277699ms step_avg:391.13ms
step:721/6200 train_loss:4.1999 train_time:278088ms step_avg:391.12ms
step:722/6200 train_loss:3.6363 train_time:278465ms step_avg:391.10ms
step:723/6200 train_loss:4.0897 train_time:278863ms step_avg:391.11ms
step:724/6200 train_loss:4.0675 train_time:279247ms step_avg:391.10ms
step:725/6200 train_loss:3.8454 train_time:279641ms step_avg:391.11ms
step:726/6200 train_loss:3.8928 train_time:280024ms step_avg:391.10ms
step:727/6200 train_loss:3.7329 train_time:280414ms step_avg:391.09ms
step:728/6200 train_loss:3.5757 train_time:280809ms step_avg:391.10ms
step:729/6200 train_loss:3.9132 train_time:281190ms step_avg:391.08ms
step:730/6200 train_loss:3.8847 train_time:281577ms step_avg:391.08ms
step:731/6200 train_loss:3.9753 train_time:281963ms step_avg:391.07ms
step:732/6200 train_loss:3.8800 train_time:282348ms step_avg:391.06ms
step:733/6200 train_loss:3.8864 train_time:282749ms step_avg:391.08ms
step:734/6200 train_loss:4.2806 train_time:283142ms step_avg:391.08ms
step:735/6200 train_loss:3.6487 train_time:283519ms step_avg:391.06ms
step:736/6200 train_loss:3.9027 train_time:283907ms step_avg:391.06ms
step:737/6200 train_loss:4.1581 train_time:284303ms step_avg:391.06ms
step:738/6200 train_loss:3.8921 train_time:284685ms step_avg:391.05ms
step:739/6200 train_loss:3.8221 train_time:285069ms step_avg:391.04ms
step:740/6200 train_loss:3.9323 train_time:285470ms step_avg:391.05ms
step:741/6200 train_loss:4.3389 train_time:285861ms step_avg:391.05ms
step:742/6200 train_loss:3.8324 train_time:286239ms step_avg:391.04ms
step:743/6200 train_loss:3.7531 train_time:286631ms step_avg:391.04ms
step:744/6200 train_loss:3.7584 train_time:287020ms step_avg:391.04ms
step:745/6200 train_loss:3.9801 train_time:287406ms step_avg:391.03ms
step:746/6200 train_loss:3.8863 train_time:287797ms step_avg:391.03ms
step:747/6200 train_loss:3.9079 train_time:288175ms step_avg:391.01ms
step:748/6200 train_loss:3.8372 train_time:288570ms step_avg:391.02ms
step:749/6200 train_loss:3.8628 train_time:288956ms step_avg:391.01ms
step:750/6200 train_loss:3.7844 train_time:289348ms step_avg:391.01ms
step:750/6200 val_loss:3.8409 train_time:289571ms step_avg:391.31ms
step:751/6200 train_loss:3.8390 train_time:289736ms step_avg:391.01ms
step:752/6200 train_loss:3.7653 train_time:290125ms step_avg:391.00ms
step:753/6200 train_loss:3.8343 train_time:290516ms step_avg:391.00ms
step:754/6200 train_loss:3.7802 train_time:290906ms step_avg:391.00ms
step:755/6200 train_loss:3.8133 train_time:291292ms step_avg:391.00ms
step:756/6200 train_loss:4.0357 train_time:291681ms step_avg:390.99ms
step:757/6200 train_loss:3.7931 train_time:292295ms step_avg:391.29ms
step:758/6200 train_loss:3.9579 train_time:292690ms step_avg:391.30ms
step:759/6200 train_loss:3.8878 train_time:293082ms step_avg:391.30ms
step:760/6200 train_loss:3.8282 train_time:293734ms step_avg:391.64ms
step:761/6200 train_loss:3.8340 train_time:294390ms step_avg:392.00ms
step:762/6200 train_loss:3.7216 train_time:294780ms step_avg:391.99ms
step:763/6200 train_loss:3.8979 train_time:295178ms step_avg:392.00ms
step:764/6200 train_loss:3.8047 train_time:295555ms step_avg:391.98ms
step:765/6200 train_loss:3.6217 train_time:295946ms step_avg:391.98ms
step:766/6200 train_loss:4.0826 train_time:296337ms step_avg:391.98ms
step:767/6200 train_loss:3.9450 train_time:296724ms step_avg:391.97ms
step:768/6200 train_loss:3.9075 train_time:297120ms step_avg:391.98ms
step:769/6200 train_loss:3.7886 train_time:297499ms step_avg:391.96ms
step:770/6200 train_loss:4.0165 train_time:297889ms step_avg:391.96ms
step:771/6200 train_loss:3.9391 train_time:298277ms step_avg:391.95ms
step:772/6200 train_loss:4.2183 train_time:298666ms step_avg:391.95ms
step:773/6200 train_loss:3.7283 train_time:299048ms step_avg:391.94ms
step:774/6200 train_loss:3.8350 train_time:299440ms step_avg:391.94ms
step:775/6200 train_loss:3.9818 train_time:299826ms step_avg:391.93ms
step:776/6200 train_loss:3.9406 train_time:300215ms step_avg:391.93ms
step:777/6200 train_loss:3.8164 train_time:300601ms step_avg:391.92ms
step:778/6200 train_loss:3.6735 train_time:300988ms step_avg:391.91ms
step:779/6200 train_loss:3.8548 train_time:301384ms step_avg:391.92ms
step:780/6200 train_loss:3.7527 train_time:301775ms step_avg:391.92ms
step:781/6200 train_loss:3.9078 train_time:302165ms step_avg:391.91ms
step:782/6200 train_loss:3.9549 train_time:302554ms step_avg:391.91ms
step:783/6200 train_loss:3.8048 train_time:302939ms step_avg:391.90ms
step:784/6200 train_loss:3.8730 train_time:303325ms step_avg:391.89ms
step:785/6200 train_loss:3.8381 train_time:303712ms step_avg:391.89ms
step:786/6200 train_loss:3.7873 train_time:304110ms step_avg:391.89ms
step:787/6200 train_loss:3.6922 train_time:304511ms step_avg:391.91ms
step:788/6200 train_loss:4.1626 train_time:304898ms step_avg:391.90ms
step:789/6200 train_loss:3.6835 train_time:305273ms step_avg:391.88ms
step:790/6200 train_loss:3.7565 train_time:305675ms step_avg:391.89ms
step:791/6200 train_loss:3.8951 train_time:306050ms step_avg:391.87ms
step:792/6200 train_loss:3.8219 train_time:306442ms step_avg:391.87ms
step:793/6200 train_loss:3.7540 train_time:306832ms step_avg:391.87ms
step:794/6200 train_loss:3.6430 train_time:307215ms step_avg:391.86ms
step:795/6200 train_loss:3.7725 train_time:307603ms step_avg:391.85ms
step:796/6200 train_loss:3.8316 train_time:307989ms step_avg:391.84ms
step:797/6200 train_loss:3.8576 train_time:308387ms step_avg:391.85ms
step:798/6200 train_loss:3.7405 train_time:308782ms step_avg:391.86ms
step:799/6200 train_loss:3.9915 train_time:309160ms step_avg:391.84ms
step:800/6200 train_loss:3.8085 train_time:309549ms step_avg:391.83ms
step:801/6200 train_loss:3.8211 train_time:309934ms step_avg:391.83ms
step:802/6200 train_loss:3.9265 train_time:310329ms step_avg:391.83ms
step:803/6200 train_loss:3.9242 train_time:310722ms step_avg:391.83ms
step:804/6200 train_loss:3.9613 train_time:311126ms step_avg:391.85ms
step:805/6200 train_loss:3.9059 train_time:311499ms step_avg:391.82ms
step:806/6200 train_loss:3.7488 train_time:311890ms step_avg:391.82ms
step:807/6200 train_loss:3.5961 train_time:312283ms step_avg:391.82ms
step:808/6200 train_loss:3.9017 train_time:312662ms step_avg:391.81ms
step:809/6200 train_loss:3.9039 train_time:313053ms step_avg:391.81ms
step:810/6200 train_loss:3.7438 train_time:313436ms step_avg:391.80ms
step:811/6200 train_loss:3.8027 train_time:313824ms step_avg:391.79ms
step:812/6200 train_loss:3.9236 train_time:314219ms step_avg:391.79ms
step:813/6200 train_loss:3.8736 train_time:314608ms step_avg:391.79ms
step:814/6200 train_loss:3.8456 train_time:314999ms step_avg:391.79ms
step:815/6200 train_loss:3.8948 train_time:315386ms step_avg:391.78ms
step:816/6200 train_loss:3.8212 train_time:315782ms step_avg:391.79ms
step:817/6200 train_loss:3.8581 train_time:316166ms step_avg:391.78ms
step:818/6200 train_loss:4.2026 train_time:316548ms step_avg:391.77ms
step:819/6200 train_loss:3.7945 train_time:316947ms step_avg:391.78ms
step:820/6200 train_loss:4.0625 train_time:317329ms step_avg:391.76ms
step:821/6200 train_loss:3.6704 train_time:317719ms step_avg:391.76ms
step:822/6200 train_loss:3.7684 train_time:318113ms step_avg:391.77ms
step:823/6200 train_loss:4.0634 train_time:318506ms step_avg:391.77ms
step:824/6200 train_loss:3.8176 train_time:318893ms step_avg:391.76ms
step:825/6200 train_loss:3.7816 train_time:319282ms step_avg:391.76ms
step:826/6200 train_loss:3.9365 train_time:319664ms step_avg:391.75ms
step:827/6200 train_loss:3.7665 train_time:320055ms step_avg:391.74ms
step:828/6200 train_loss:4.2184 train_time:320442ms step_avg:391.74ms
step:829/6200 train_loss:3.8276 train_time:320828ms step_avg:391.73ms
step:830/6200 train_loss:3.9199 train_time:321210ms step_avg:391.72ms
step:831/6200 train_loss:3.7821 train_time:321602ms step_avg:391.72ms
step:832/6200 train_loss:3.7663 train_time:321990ms step_avg:391.71ms
step:833/6200 train_loss:3.7156 train_time:322390ms step_avg:391.73ms
step:834/6200 train_loss:3.8133 train_time:322771ms step_avg:391.71ms
step:835/6200 train_loss:3.7016 train_time:323162ms step_avg:391.71ms
step:836/6200 train_loss:3.6591 train_time:323543ms step_avg:391.70ms
step:837/6200 train_loss:4.0430 train_time:323941ms step_avg:391.71ms
step:838/6200 train_loss:3.6803 train_time:324322ms step_avg:391.69ms
step:839/6200 train_loss:3.7921 train_time:324717ms step_avg:391.70ms
step:840/6200 train_loss:3.7020 train_time:325112ms step_avg:391.70ms
step:841/6200 train_loss:3.8046 train_time:325498ms step_avg:391.69ms
step:842/6200 train_loss:3.8183 train_time:325886ms step_avg:391.69ms
step:843/6200 train_loss:3.8771 train_time:326270ms step_avg:391.68ms
step:844/6200 train_loss:3.8078 train_time:326662ms step_avg:391.68ms
step:845/6200 train_loss:3.7027 train_time:327049ms step_avg:391.68ms
step:846/6200 train_loss:3.9893 train_time:327441ms step_avg:391.68ms
step:847/6200 train_loss:3.7231 train_time:327831ms step_avg:391.67ms
step:848/6200 train_loss:3.6844 train_time:328216ms step_avg:391.67ms
step:849/6200 train_loss:3.8220 train_time:328603ms step_avg:391.66ms
step:850/6200 train_loss:3.7511 train_time:328987ms step_avg:391.65ms
step:851/6200 train_loss:3.8344 train_time:329382ms step_avg:391.66ms
step:852/6200 train_loss:3.9414 train_time:329774ms step_avg:391.66ms
step:853/6200 train_loss:3.7337 train_time:330166ms step_avg:391.66ms
step:854/6200 train_loss:3.8123 train_time:330558ms step_avg:391.66ms
step:855/6200 train_loss:4.0270 train_time:330942ms step_avg:391.65ms
step:856/6200 train_loss:3.7417 train_time:331330ms step_avg:391.64ms
step:857/6200 train_loss:3.7053 train_time:331715ms step_avg:391.64ms
step:858/6200 train_loss:3.8523 train_time:332104ms step_avg:391.63ms
step:859/6200 train_loss:3.6371 train_time:332489ms step_avg:391.62ms
step:860/6200 train_loss:3.8270 train_time:332877ms step_avg:391.62ms
step:861/6200 train_loss:3.7469 train_time:333262ms step_avg:391.61ms
step:862/6200 train_loss:3.9200 train_time:333651ms step_avg:391.61ms
step:863/6200 train_loss:3.7893 train_time:334040ms step_avg:391.61ms
step:864/6200 train_loss:3.8356 train_time:334432ms step_avg:391.61ms
step:865/6200 train_loss:3.7249 train_time:334821ms step_avg:391.60ms
step:866/6200 train_loss:3.8225 train_time:335210ms step_avg:391.60ms
step:867/6200 train_loss:4.2325 train_time:335599ms step_avg:391.60ms
step:868/6200 train_loss:3.6693 train_time:335985ms step_avg:391.59ms
step:869/6200 train_loss:3.9635 train_time:336380ms step_avg:391.59ms
step:870/6200 train_loss:3.7817 train_time:336767ms step_avg:391.59ms
step:871/6200 train_loss:3.7361 train_time:337160ms step_avg:391.59ms
step:872/6200 train_loss:3.5979 train_time:337543ms step_avg:391.58ms
step:873/6200 train_loss:3.9897 train_time:337938ms step_avg:391.58ms
step:874/6200 train_loss:3.6739 train_time:338323ms step_avg:391.58ms
step:875/6200 train_loss:3.2916 train_time:338713ms step_avg:391.58ms
step:875/6200 val_loss:3.7878 train_time:338944ms step_avg:391.84ms
step:876/6200 train_loss:3.8635 train_time:339105ms step_avg:391.58ms
step:877/6200 train_loss:3.8577 train_time:339500ms step_avg:391.58ms
step:878/6200 train_loss:3.8532 train_time:339884ms step_avg:391.57ms
step:879/6200 train_loss:3.7330 train_time:340275ms step_avg:391.57ms
step:880/6200 train_loss:3.8286 train_time:340655ms step_avg:391.56ms
step:881/6200 train_loss:3.4745 train_time:341046ms step_avg:391.56ms
step:882/6200 train_loss:3.8468 train_time:341434ms step_avg:391.55ms
step:883/6200 train_loss:4.2788 train_time:341821ms step_avg:391.55ms
step:884/6200 train_loss:4.1347 train_time:342211ms step_avg:391.55ms
step:885/6200 train_loss:3.9343 train_time:342598ms step_avg:391.54ms
step:886/6200 train_loss:3.8080 train_time:342986ms step_avg:391.54ms
step:887/6200 train_loss:3.8450 train_time:343375ms step_avg:391.53ms
step:888/6200 train_loss:4.7090 train_time:343763ms step_avg:391.53ms
step:889/6200 train_loss:4.1030 train_time:344159ms step_avg:391.53ms
step:890/6200 train_loss:3.7135 train_time:344542ms step_avg:391.52ms
step:891/6200 train_loss:3.7438 train_time:344930ms step_avg:391.52ms
step:892/6200 train_loss:3.7023 train_time:345314ms step_avg:391.51ms
step:893/6200 train_loss:3.8987 train_time:345705ms step_avg:391.51ms
step:894/6200 train_loss:3.6443 train_time:346093ms step_avg:391.51ms
step:895/6200 train_loss:3.7225 train_time:346481ms step_avg:391.50ms
step:896/6200 train_loss:3.7541 train_time:346869ms step_avg:391.50ms
step:897/6200 train_loss:3.7755 train_time:347263ms step_avg:391.50ms
step:898/6200 train_loss:3.8031 train_time:347650ms step_avg:391.50ms
step:899/6200 train_loss:3.9310 train_time:348037ms step_avg:391.49ms
step:900/6200 train_loss:3.7353 train_time:348426ms step_avg:391.49ms
step:901/6200 train_loss:3.6258 train_time:348813ms step_avg:391.49ms
step:902/6200 train_loss:3.8585 train_time:349201ms step_avg:391.48ms
step:903/6200 train_loss:3.7311 train_time:349589ms step_avg:391.48ms
step:904/6200 train_loss:3.7469 train_time:349977ms step_avg:391.47ms
step:905/6200 train_loss:3.7858 train_time:350367ms step_avg:391.47ms
step:906/6200 train_loss:3.8000 train_time:350756ms step_avg:391.47ms
step:907/6200 train_loss:3.8056 train_time:351144ms step_avg:391.46ms
step:908/6200 train_loss:3.7680 train_time:351532ms step_avg:391.46ms
step:909/6200 train_loss:3.7178 train_time:351921ms step_avg:391.46ms
step:910/6200 train_loss:3.7351 train_time:352309ms step_avg:391.45ms
step:911/6200 train_loss:3.7636 train_time:352696ms step_avg:391.45ms
step:912/6200 train_loss:3.8119 train_time:353087ms step_avg:391.45ms
step:913/6200 train_loss:4.0533 train_time:353474ms step_avg:391.44ms
step:914/6200 train_loss:3.6351 train_time:353858ms step_avg:391.44ms
step:915/6200 train_loss:3.8882 train_time:354245ms step_avg:391.43ms
step:916/6200 train_loss:3.9225 train_time:354634ms step_avg:391.43ms
step:917/6200 train_loss:3.8239 train_time:355026ms step_avg:391.43ms
step:918/6200 train_loss:3.8381 train_time:355414ms step_avg:391.42ms
step:919/6200 train_loss:4.1646 train_time:355803ms step_avg:391.42ms
step:920/6200 train_loss:3.6388 train_time:356189ms step_avg:391.42ms
step:921/6200 train_loss:3.7542 train_time:356582ms step_avg:391.42ms
step:922/6200 train_loss:3.7767 train_time:356972ms step_avg:391.42ms
step:923/6200 train_loss:3.7781 train_time:357363ms step_avg:391.42ms
step:924/6200 train_loss:3.8612 train_time:357749ms step_avg:391.41ms
step:925/6200 train_loss:3.8975 train_time:358139ms step_avg:391.41ms
step:926/6200 train_loss:3.8890 train_time:358528ms step_avg:391.41ms
step:927/6200 train_loss:3.8475 train_time:358918ms step_avg:391.40ms
step:928/6200 train_loss:3.9320 train_time:359313ms step_avg:391.41ms
step:929/6200 train_loss:4.0044 train_time:359697ms step_avg:391.40ms
step:930/6200 train_loss:3.6959 train_time:360085ms step_avg:391.40ms
step:931/6200 train_loss:3.6300 train_time:360473ms step_avg:391.39ms
step:932/6200 train_loss:3.7448 train_time:360863ms step_avg:391.39ms
step:933/6200 train_loss:3.9707 train_time:361250ms step_avg:391.39ms
step:934/6200 train_loss:3.5831 train_time:361645ms step_avg:391.39ms
step:935/6200 train_loss:3.8246 train_time:362028ms step_avg:391.38ms
step:936/6200 train_loss:3.6510 train_time:362416ms step_avg:391.38ms
step:937/6200 train_loss:3.7499 train_time:362808ms step_avg:391.38ms
step:938/6200 train_loss:3.8254 train_time:363204ms step_avg:391.38ms
step:939/6200 train_loss:3.7103 train_time:363586ms step_avg:391.37ms
step:940/6200 train_loss:3.9746 train_time:363974ms step_avg:391.37ms
step:941/6200 train_loss:3.7263 train_time:364362ms step_avg:391.37ms
step:942/6200 train_loss:3.7911 train_time:364756ms step_avg:391.37ms
step:943/6200 train_loss:3.5347 train_time:365140ms step_avg:391.36ms
step:944/6200 train_loss:3.8734 train_time:365532ms step_avg:391.36ms
step:945/6200 train_loss:3.4947 train_time:365922ms step_avg:391.36ms
step:946/6200 train_loss:3.6176 train_time:366409ms step_avg:391.46ms
step:947/6200 train_loss:4.1502 train_time:366799ms step_avg:391.46ms
step:948/6200 train_loss:4.0540 train_time:367205ms step_avg:391.48ms
step:949/6200 train_loss:3.7940 train_time:367585ms step_avg:391.46ms
step:950/6200 train_loss:3.8087 train_time:368646ms step_avg:392.18ms
step:951/6200 train_loss:3.7284 train_time:369034ms step_avg:392.17ms
step:952/6200 train_loss:3.6841 train_time:369429ms step_avg:392.18ms
step:953/6200 train_loss:3.7384 train_time:369815ms step_avg:392.17ms
step:954/6200 train_loss:3.8898 train_time:370199ms step_avg:392.16ms
step:955/6200 train_loss:3.7373 train_time:370582ms step_avg:392.15ms
step:956/6200 train_loss:3.7596 train_time:370976ms step_avg:392.15ms
step:957/6200 train_loss:3.6907 train_time:371361ms step_avg:392.14ms
step:958/6200 train_loss:3.7688 train_time:371748ms step_avg:392.14ms
step:959/6200 train_loss:3.7752 train_time:372139ms step_avg:392.14ms
step:960/6200 train_loss:3.8898 train_time:372525ms step_avg:392.13ms
step:961/6200 train_loss:3.5499 train_time:372920ms step_avg:392.13ms
step:962/6200 train_loss:3.9952 train_time:373322ms step_avg:392.14ms
step:963/6200 train_loss:3.9974 train_time:373707ms step_avg:392.14ms
step:964/6200 train_loss:3.8584 train_time:374094ms step_avg:392.13ms
step:965/6200 train_loss:3.6472 train_time:374483ms step_avg:392.13ms
step:966/6200 train_loss:3.6917 train_time:374875ms step_avg:392.13ms
step:967/6200 train_loss:3.9810 train_time:375261ms step_avg:392.12ms
step:968/6200 train_loss:3.7406 train_time:375648ms step_avg:392.12ms
step:969/6200 train_loss:3.7494 train_time:376040ms step_avg:392.12ms
step:970/6200 train_loss:3.7669 train_time:376427ms step_avg:392.11ms
step:971/6200 train_loss:3.6646 train_time:376825ms step_avg:392.12ms
step:972/6200 train_loss:3.7713 train_time:377209ms step_avg:392.11ms
step:973/6200 train_loss:3.7414 train_time:377594ms step_avg:392.10ms
step:974/6200 train_loss:3.7740 train_time:377982ms step_avg:392.10ms
step:975/6200 train_loss:3.9042 train_time:378370ms step_avg:392.09ms
step:976/6200 train_loss:3.7512 train_time:378760ms step_avg:392.09ms
step:977/6200 train_loss:4.1133 train_time:379152ms step_avg:392.09ms
step:978/6200 train_loss:3.9090 train_time:379540ms step_avg:392.09ms
step:979/6200 train_loss:3.6148 train_time:379929ms step_avg:392.08ms
step:980/6200 train_loss:4.2943 train_time:380314ms step_avg:392.08ms
step:981/6200 train_loss:3.7317 train_time:380705ms step_avg:392.07ms
step:982/6200 train_loss:3.7738 train_time:381099ms step_avg:392.08ms
step:983/6200 train_loss:3.7282 train_time:381487ms step_avg:392.07ms
step:984/6200 train_loss:3.7937 train_time:381871ms step_avg:392.06ms
step:985/6200 train_loss:3.8531 train_time:382264ms step_avg:392.07ms
step:986/6200 train_loss:3.9139 train_time:382653ms step_avg:392.06ms
step:987/6200 train_loss:3.6813 train_time:383037ms step_avg:392.05ms
step:988/6200 train_loss:3.7472 train_time:383424ms step_avg:392.05ms
step:989/6200 train_loss:3.7359 train_time:383813ms step_avg:392.05ms
step:990/6200 train_loss:3.6745 train_time:384205ms step_avg:392.05ms
step:991/6200 train_loss:3.9401 train_time:384598ms step_avg:392.05ms
step:992/6200 train_loss:3.6007 train_time:384978ms step_avg:392.04ms
step:993/6200 train_loss:3.7146 train_time:385366ms step_avg:392.03ms
step:994/6200 train_loss:3.7356 train_time:385753ms step_avg:392.03ms
step:995/6200 train_loss:3.8655 train_time:386142ms step_avg:392.02ms
step:996/6200 train_loss:3.7294 train_time:386529ms step_avg:392.02ms
step:997/6200 train_loss:3.6492 train_time:386920ms step_avg:392.02ms
step:998/6200 train_loss:4.0607 train_time:387306ms step_avg:392.01ms
step:999/6200 train_loss:3.7015 train_time:387696ms step_avg:392.01ms
step:1000/6200 train_loss:3.9298 train_time:388085ms step_avg:392.00ms
step:1000/6200 val_loss:3.7420 train_time:388318ms step_avg:392.24ms
step:1001/6200 train_loss:3.6414 train_time:388478ms step_avg:392.01ms
step:1002/6200 train_loss:3.6550 train_time:388867ms step_avg:392.00ms
step:1003/6200 train_loss:3.6815 train_time:389251ms step_avg:392.00ms
step:1004/6200 train_loss:4.0450 train_time:389650ms step_avg:392.00ms
step:1005/6200 train_loss:3.8740 train_time:390036ms step_avg:392.00ms
step:1006/6200 train_loss:3.6368 train_time:390427ms step_avg:392.00ms
step:1007/6200 train_loss:3.6798 train_time:390819ms step_avg:392.00ms
step:1008/6200 train_loss:3.6452 train_time:391203ms step_avg:391.99ms
step:1009/6200 train_loss:3.8637 train_time:391594ms step_avg:391.99ms
step:1010/6200 train_loss:3.9523 train_time:391980ms step_avg:391.98ms
step:1011/6200 train_loss:3.8661 train_time:392369ms step_avg:391.98ms
step:1012/6200 train_loss:3.8178 train_time:392756ms step_avg:391.97ms
step:1013/6200 train_loss:3.6595 train_time:393148ms step_avg:391.97ms
step:1014/6200 train_loss:3.8728 train_time:393537ms step_avg:391.97ms
step:1015/6200 train_loss:3.8411 train_time:393926ms step_avg:391.97ms
step:1016/6200 train_loss:3.5208 train_time:394313ms step_avg:391.96ms
step:1017/6200 train_loss:3.7126 train_time:394702ms step_avg:391.96ms
step:1018/6200 train_loss:3.6613 train_time:395090ms step_avg:391.95ms
step:1019/6200 train_loss:3.6714 train_time:395477ms step_avg:391.95ms
step:1020/6200 train_loss:3.6390 train_time:395870ms step_avg:391.95ms
step:1021/6200 train_loss:3.6377 train_time:396268ms step_avg:391.96ms
step:1022/6200 train_loss:3.6003 train_time:396647ms step_avg:391.94ms
step:1023/6200 train_loss:3.8019 train_time:397033ms step_avg:391.94ms
step:1024/6200 train_loss:3.7695 train_time:397422ms step_avg:391.94ms
step:1025/6200 train_loss:3.7384 train_time:397810ms step_avg:391.93ms
step:1026/6200 train_loss:3.6882 train_time:398197ms step_avg:391.93ms
step:1027/6200 train_loss:3.7741 train_time:398585ms step_avg:391.92ms
step:1028/6200 train_loss:3.7126 train_time:398975ms step_avg:391.92ms
step:1029/6200 train_loss:3.6467 train_time:399366ms step_avg:391.92ms
step:1030/6200 train_loss:3.6838 train_time:399753ms step_avg:391.91ms
step:1031/6200 train_loss:3.7252 train_time:400150ms step_avg:391.92ms
step:1032/6200 train_loss:3.6379 train_time:400541ms step_avg:391.92ms
step:1033/6200 train_loss:3.8713 train_time:400929ms step_avg:391.91ms
step:1034/6200 train_loss:3.7291 train_time:401318ms step_avg:391.91ms
step:1035/6200 train_loss:3.5602 train_time:401706ms step_avg:391.91ms
step:1036/6200 train_loss:3.6216 train_time:402096ms step_avg:391.91ms
step:1037/6200 train_loss:3.8169 train_time:402481ms step_avg:391.90ms
step:1038/6200 train_loss:4.1661 train_time:402868ms step_avg:391.90ms
step:1039/6200 train_loss:3.8991 train_time:403255ms step_avg:391.89ms
step:1040/6200 train_loss:3.8667 train_time:403644ms step_avg:391.89ms
step:1041/6200 train_loss:3.7782 train_time:404034ms step_avg:391.89ms
step:1042/6200 train_loss:3.6073 train_time:404426ms step_avg:391.89ms
step:1043/6200 train_loss:3.6614 train_time:404812ms step_avg:391.88ms
step:1044/6200 train_loss:3.6778 train_time:405200ms step_avg:391.88ms
step:1045/6200 train_loss:3.8116 train_time:405586ms step_avg:391.87ms
step:1046/6200 train_loss:3.8842 train_time:405982ms step_avg:391.87ms
step:1047/6200 train_loss:3.7309 train_time:406366ms step_avg:391.87ms
step:1048/6200 train_loss:3.9675 train_time:406755ms step_avg:391.86ms
step:1049/6200 train_loss:3.7849 train_time:407141ms step_avg:391.86ms
step:1050/6200 train_loss:3.7715 train_time:407529ms step_avg:391.85ms
step:1051/6200 train_loss:3.6038 train_time:407916ms step_avg:391.85ms
step:1052/6200 train_loss:3.8316 train_time:408304ms step_avg:391.85ms
step:1053/6200 train_loss:3.5998 train_time:408697ms step_avg:391.85ms
step:1054/6200 train_loss:4.0575 train_time:409084ms step_avg:391.84ms
step:1055/6200 train_loss:3.6091 train_time:409475ms step_avg:391.84ms
step:1056/6200 train_loss:3.7169 train_time:409863ms step_avg:391.84ms
step:1057/6200 train_loss:3.8504 train_time:410254ms step_avg:391.84ms
step:1058/6200 train_loss:3.7516 train_time:410643ms step_avg:391.83ms
step:1059/6200 train_loss:3.6121 train_time:411032ms step_avg:391.83ms
step:1060/6200 train_loss:3.8617 train_time:411421ms step_avg:391.83ms
step:1061/6200 train_loss:3.7849 train_time:411811ms step_avg:391.83ms
step:1062/6200 train_loss:3.6769 train_time:412201ms step_avg:391.83ms
step:1063/6200 train_loss:3.6321 train_time:412595ms step_avg:391.83ms
step:1064/6200 train_loss:3.7893 train_time:412976ms step_avg:391.82ms
step:1065/6200 train_loss:3.5814 train_time:413363ms step_avg:391.81ms
step:1066/6200 train_loss:3.5846 train_time:413780ms step_avg:391.84ms
step:1067/6200 train_loss:3.7229 train_time:414138ms step_avg:391.80ms
step:1068/6200 train_loss:3.5527 train_time:414527ms step_avg:391.80ms
step:1069/6200 train_loss:3.6695 train_time:414916ms step_avg:391.80ms
step:1070/6200 train_loss:3.3917 train_time:415303ms step_avg:391.80ms
step:1071/6200 train_loss:3.9121 train_time:415690ms step_avg:391.79ms
step:1072/6200 train_loss:3.7860 train_time:416080ms step_avg:391.79ms
step:1073/6200 train_loss:3.6788 train_time:416473ms step_avg:391.79ms
step:1074/6200 train_loss:3.8460 train_time:416857ms step_avg:391.78ms
step:1075/6200 train_loss:3.7329 train_time:417243ms step_avg:391.78ms
step:1076/6200 train_loss:3.6196 train_time:417633ms step_avg:391.78ms
step:1077/6200 train_loss:4.0081 train_time:418022ms step_avg:391.77ms
step:1078/6200 train_loss:3.6848 train_time:418409ms step_avg:391.77ms
step:1079/6200 train_loss:3.3785 train_time:418800ms step_avg:391.77ms
step:1080/6200 train_loss:3.5840 train_time:419187ms step_avg:391.76ms
step:1081/6200 train_loss:3.7271 train_time:419576ms step_avg:391.76ms
step:1082/6200 train_loss:3.8249 train_time:419967ms step_avg:391.76ms
step:1083/6200 train_loss:3.8755 train_time:420354ms step_avg:391.76ms
step:1084/6200 train_loss:3.8813 train_time:420743ms step_avg:391.75ms
step:1085/6200 train_loss:3.6816 train_time:421130ms step_avg:391.75ms
step:1086/6200 train_loss:3.7956 train_time:421518ms step_avg:391.75ms
step:1087/6200 train_loss:3.6237 train_time:421906ms step_avg:391.74ms
step:1088/6200 train_loss:3.8124 train_time:422295ms step_avg:391.74ms
step:1089/6200 train_loss:3.6551 train_time:422689ms step_avg:391.74ms
step:1090/6200 train_loss:3.6174 train_time:423077ms step_avg:391.74ms
step:1091/6200 train_loss:3.8752 train_time:423461ms step_avg:391.73ms
step:1092/6200 train_loss:3.6804 train_time:423853ms step_avg:391.73ms
step:1093/6200 train_loss:3.8056 train_time:424240ms step_avg:391.73ms
step:1094/6200 train_loss:3.7120 train_time:424629ms step_avg:391.72ms
step:1095/6200 train_loss:3.7814 train_time:425020ms step_avg:391.72ms
step:1096/6200 train_loss:3.6618 train_time:425408ms step_avg:391.72ms
step:1097/6200 train_loss:3.6988 train_time:425792ms step_avg:391.71ms
step:1098/6200 train_loss:3.7653 train_time:426181ms step_avg:391.71ms
step:1099/6200 train_loss:3.8649 train_time:426569ms step_avg:391.71ms
step:1100/6200 train_loss:3.7222 train_time:426959ms step_avg:391.71ms
step:1101/6200 train_loss:3.8256 train_time:427348ms step_avg:391.70ms
step:1102/6200 train_loss:3.7185 train_time:427737ms step_avg:391.70ms
step:1103/6200 train_loss:3.5807 train_time:428123ms step_avg:391.70ms
step:1104/6200 train_loss:3.6985 train_time:428514ms step_avg:391.69ms
step:1105/6200 train_loss:3.7018 train_time:428903ms step_avg:391.69ms
step:1106/6200 train_loss:3.8927 train_time:429297ms step_avg:391.69ms
step:1107/6200 train_loss:3.4461 train_time:429689ms step_avg:391.69ms
step:1108/6200 train_loss:3.9240 train_time:430073ms step_avg:391.69ms
step:1109/6200 train_loss:3.7482 train_time:430460ms step_avg:391.68ms
step:1110/6200 train_loss:3.6944 train_time:430855ms step_avg:391.69ms
step:1111/6200 train_loss:3.7390 train_time:431244ms step_avg:391.68ms
step:1112/6200 train_loss:3.8027 train_time:431632ms step_avg:391.68ms
step:1113/6200 train_loss:3.8743 train_time:432017ms step_avg:391.67ms
step:1114/6200 train_loss:3.7307 train_time:432405ms step_avg:391.67ms
step:1115/6200 train_loss:3.7352 train_time:432795ms step_avg:391.67ms
step:1116/6200 train_loss:3.5411 train_time:433191ms step_avg:391.67ms
step:1117/6200 train_loss:3.6945 train_time:433577ms step_avg:391.67ms
step:1118/6200 train_loss:3.7299 train_time:433966ms step_avg:391.67ms
step:1119/6200 train_loss:4.1727 train_time:434355ms step_avg:391.66ms
step:1120/6200 train_loss:3.8302 train_time:434738ms step_avg:391.66ms
step:1121/6200 train_loss:3.7488 train_time:435126ms step_avg:391.65ms
step:1122/6200 train_loss:3.6906 train_time:435516ms step_avg:391.65ms
step:1123/6200 train_loss:3.7308 train_time:435904ms step_avg:391.65ms
step:1124/6200 train_loss:3.9558 train_time:436292ms step_avg:391.64ms
step:1125/6200 train_loss:3.5820 train_time:436693ms step_avg:391.65ms
step:1125/6200 val_loss:3.7084 train_time:436919ms step_avg:391.86ms
step:1126/6200 train_loss:3.4029 train_time:437079ms step_avg:391.65ms
step:1127/6200 train_loss:3.8407 train_time:437468ms step_avg:391.65ms
step:1128/6200 train_loss:4.2299 train_time:437856ms step_avg:391.64ms
step:1129/6200 train_loss:3.5753 train_time:438246ms step_avg:391.64ms
step:1130/6200 train_loss:3.8719 train_time:438632ms step_avg:391.64ms
step:1131/6200 train_loss:3.7898 train_time:439020ms step_avg:391.63ms
step:1132/6200 train_loss:3.7232 train_time:439412ms step_avg:391.63ms
step:1133/6200 train_loss:3.7444 train_time:439798ms step_avg:391.63ms
step:1134/6200 train_loss:3.9651 train_time:440185ms step_avg:391.62ms
step:1135/6200 train_loss:3.7327 train_time:440588ms step_avg:391.63ms
step:1136/6200 train_loss:3.7074 train_time:440974ms step_avg:391.63ms
step:1137/6200 train_loss:3.8805 train_time:441364ms step_avg:391.63ms
step:1138/6200 train_loss:3.7767 train_time:441749ms step_avg:391.62ms
step:1139/6200 train_loss:3.5651 train_time:442138ms step_avg:391.62ms
step:1140/6200 train_loss:4.0372 train_time:443100ms step_avg:392.12ms
step:1141/6200 train_loss:3.7298 train_time:443493ms step_avg:392.12ms
step:1142/6200 train_loss:3.9416 train_time:443877ms step_avg:392.12ms
step:1143/6200 train_loss:3.8287 train_time:444265ms step_avg:392.11ms
step:1144/6200 train_loss:3.7384 train_time:444653ms step_avg:392.11ms
step:1145/6200 train_loss:3.6808 train_time:445043ms step_avg:392.11ms
step:1146/6200 train_loss:3.7399 train_time:445435ms step_avg:392.11ms
step:1147/6200 train_loss:4.0184 train_time:445822ms step_avg:392.10ms
step:1148/6200 train_loss:3.8345 train_time:446210ms step_avg:392.10ms
step:1149/6200 train_loss:3.7047 train_time:446607ms step_avg:392.10ms
step:1150/6200 train_loss:3.5564 train_time:446990ms step_avg:392.10ms
step:1151/6200 train_loss:3.5989 train_time:447375ms step_avg:392.09ms
step:1152/6200 train_loss:3.6425 train_time:447764ms step_avg:392.09ms
step:1153/6200 train_loss:4.0673 train_time:448155ms step_avg:392.09ms
step:1154/6200 train_loss:3.8425 train_time:448542ms step_avg:392.08ms
step:1155/6200 train_loss:3.8618 train_time:448937ms step_avg:392.08ms
step:1156/6200 train_loss:3.5346 train_time:449325ms step_avg:392.08ms
step:1157/6200 train_loss:3.9171 train_time:449713ms step_avg:392.08ms
step:1158/6200 train_loss:3.7722 train_time:450104ms step_avg:392.08ms
step:1159/6200 train_loss:3.5614 train_time:450492ms step_avg:392.07ms
step:1160/6200 train_loss:3.6377 train_time:450880ms step_avg:392.07ms
step:1161/6200 train_loss:3.5532 train_time:451275ms step_avg:392.07ms
step:1162/6200 train_loss:3.5348 train_time:451660ms step_avg:392.07ms
step:1163/6200 train_loss:3.5965 train_time:452054ms step_avg:392.07ms
step:1164/6200 train_loss:3.7993 train_time:452435ms step_avg:392.06ms
step:1165/6200 train_loss:3.6875 train_time:452821ms step_avg:392.05ms
step:1166/6200 train_loss:3.5871 train_time:453211ms step_avg:392.05ms
step:1167/6200 train_loss:3.6606 train_time:453598ms step_avg:392.05ms
step:1168/6200 train_loss:3.6578 train_time:453988ms step_avg:392.05ms
step:1169/6200 train_loss:3.8753 train_time:454377ms step_avg:392.04ms
step:1170/6200 train_loss:3.6143 train_time:454765ms step_avg:392.04ms
step:1171/6200 train_loss:3.6897 train_time:455163ms step_avg:392.04ms
step:1172/6200 train_loss:3.6630 train_time:455546ms step_avg:392.04ms
step:1173/6200 train_loss:3.6884 train_time:455937ms step_avg:392.04ms
step:1174/6200 train_loss:3.8808 train_time:456322ms step_avg:392.03ms
step:1175/6200 train_loss:3.5916 train_time:456710ms step_avg:392.03ms
step:1176/6200 train_loss:3.7168 train_time:457100ms step_avg:392.02ms
step:1177/6200 train_loss:3.8195 train_time:457488ms step_avg:392.02ms
step:1178/6200 train_loss:3.6319 train_time:457877ms step_avg:392.02ms
step:1179/6200 train_loss:3.7819 train_time:458265ms step_avg:392.01ms
step:1180/6200 train_loss:3.6449 train_time:458652ms step_avg:392.01ms
step:1181/6200 train_loss:3.6408 train_time:459039ms step_avg:392.01ms
step:1182/6200 train_loss:3.4508 train_time:459431ms step_avg:392.01ms
step:1183/6200 train_loss:3.7547 train_time:459820ms step_avg:392.00ms
step:1184/6200 train_loss:3.5414 train_time:460212ms step_avg:392.00ms
step:1185/6200 train_loss:3.9316 train_time:460601ms step_avg:392.00ms
step:1186/6200 train_loss:3.9173 train_time:460986ms step_avg:391.99ms
step:1187/6200 train_loss:3.6616 train_time:461371ms step_avg:391.99ms
step:1188/6200 train_loss:3.6698 train_time:461765ms step_avg:391.99ms
step:1189/6200 train_loss:3.7005 train_time:462154ms step_avg:391.99ms
step:1190/6200 train_loss:3.5064 train_time:462539ms step_avg:391.98ms
step:1191/6200 train_loss:3.7752 train_time:462925ms step_avg:391.98ms
step:1192/6200 train_loss:4.1433 train_time:463313ms step_avg:391.97ms
step:1193/6200 train_loss:3.6703 train_time:463705ms step_avg:391.97ms
step:1194/6200 train_loss:3.5986 train_time:464092ms step_avg:391.97ms
step:1195/6200 train_loss:3.8664 train_time:464483ms step_avg:391.97ms
step:1196/6200 train_loss:3.6637 train_time:464870ms step_avg:391.96ms
step:1197/6200 train_loss:3.5804 train_time:465265ms step_avg:391.97ms
step:1198/6200 train_loss:3.5498 train_time:465647ms step_avg:391.96ms
step:1199/6200 train_loss:3.5401 train_time:466043ms step_avg:391.96ms
step:1200/6200 train_loss:3.6937 train_time:466427ms step_avg:391.96ms
step:1201/6200 train_loss:3.7405 train_time:466814ms step_avg:391.95ms
step:1202/6200 train_loss:3.8977 train_time:467205ms step_avg:391.95ms
step:1203/6200 train_loss:3.7902 train_time:467592ms step_avg:391.95ms
step:1204/6200 train_loss:3.7357 train_time:467977ms step_avg:391.94ms
step:1205/6200 train_loss:3.6304 train_time:468368ms step_avg:391.94ms
step:1206/6200 train_loss:3.6726 train_time:468756ms step_avg:391.94ms
step:1207/6200 train_loss:3.7979 train_time:469143ms step_avg:391.93ms
step:1208/6200 train_loss:3.8621 train_time:469532ms step_avg:391.93ms
step:1209/6200 train_loss:3.6268 train_time:469920ms step_avg:391.93ms
step:1210/6200 train_loss:3.5087 train_time:470308ms step_avg:391.92ms
step:1211/6200 train_loss:3.4550 train_time:470702ms step_avg:391.92ms
step:1212/6200 train_loss:3.7507 train_time:471090ms step_avg:391.92ms
step:1213/6200 train_loss:3.8191 train_time:471471ms step_avg:391.91ms
step:1214/6200 train_loss:3.6832 train_time:471861ms step_avg:391.91ms
step:1215/6200 train_loss:3.5700 train_time:472248ms step_avg:391.91ms
step:1216/6200 train_loss:3.8875 train_time:472636ms step_avg:391.90ms
step:1217/6200 train_loss:3.6059 train_time:473025ms step_avg:391.90ms
step:1218/6200 train_loss:3.6842 train_time:473407ms step_avg:391.89ms
step:1219/6200 train_loss:3.7164 train_time:473795ms step_avg:391.89ms
step:1220/6200 train_loss:3.7338 train_time:474182ms step_avg:391.89ms
step:1221/6200 train_loss:3.6827 train_time:474570ms step_avg:391.88ms
step:1222/6200 train_loss:3.9158 train_time:474957ms step_avg:391.88ms
step:1223/6200 train_loss:3.6604 train_time:475355ms step_avg:391.88ms
step:1224/6200 train_loss:3.5715 train_time:475742ms step_avg:391.88ms
step:1225/6200 train_loss:3.4940 train_time:476123ms step_avg:391.87ms
step:1226/6200 train_loss:3.6107 train_time:476520ms step_avg:391.87ms
step:1227/6200 train_loss:3.6028 train_time:476898ms step_avg:391.86ms
step:1228/6200 train_loss:3.6335 train_time:477285ms step_avg:391.86ms
step:1229/6200 train_loss:3.7110 train_time:477674ms step_avg:391.86ms
step:1230/6200 train_loss:3.6452 train_time:478065ms step_avg:391.86ms
step:1231/6200 train_loss:3.9023 train_time:478451ms step_avg:391.85ms
step:1232/6200 train_loss:3.9660 train_time:478848ms step_avg:391.86ms
step:1233/6200 train_loss:3.8703 train_time:479234ms step_avg:391.85ms
step:1234/6200 train_loss:3.7738 train_time:479625ms step_avg:391.85ms
step:1235/6200 train_loss:3.9413 train_time:480007ms step_avg:391.84ms
step:1236/6200 train_loss:3.6568 train_time:480399ms step_avg:391.84ms
step:1237/6200 train_loss:3.5990 train_time:480797ms step_avg:391.85ms
step:1238/6200 train_loss:3.5251 train_time:481176ms step_avg:391.84ms
step:1239/6200 train_loss:3.5533 train_time:481568ms step_avg:391.84ms
step:1240/6200 train_loss:3.6291 train_time:481951ms step_avg:391.83ms
step:1241/6200 train_loss:3.5543 train_time:482338ms step_avg:391.83ms
step:1242/6200 train_loss:3.7595 train_time:482726ms step_avg:391.82ms
step:1243/6200 train_loss:3.6240 train_time:483115ms step_avg:391.82ms
step:1244/6200 train_loss:3.7141 train_time:483505ms step_avg:391.82ms
step:1245/6200 train_loss:3.7735 train_time:483895ms step_avg:391.82ms
step:1246/6200 train_loss:3.5366 train_time:484284ms step_avg:391.82ms
step:1247/6200 train_loss:3.6196 train_time:484672ms step_avg:391.81ms
step:1248/6200 train_loss:3.7394 train_time:485061ms step_avg:391.81ms
step:1249/6200 train_loss:3.8687 train_time:485449ms step_avg:391.81ms
step:1250/6200 train_loss:3.7455 train_time:485836ms step_avg:391.80ms
step:1250/6200 val_loss:3.6757 train_time:486070ms step_avg:391.99ms
step:1251/6200 train_loss:3.6209 train_time:486229ms step_avg:391.80ms
step:1252/6200 train_loss:3.7028 train_time:486613ms step_avg:391.80ms
step:1253/6200 train_loss:3.6888 train_time:487002ms step_avg:391.80ms
step:1254/6200 train_loss:3.6904 train_time:487397ms step_avg:391.80ms
step:1255/6200 train_loss:3.8626 train_time:487790ms step_avg:391.80ms
step:1256/6200 train_loss:3.7633 train_time:488177ms step_avg:391.80ms
step:1257/6200 train_loss:3.7951 train_time:488560ms step_avg:391.79ms
step:1258/6200 train_loss:3.7525 train_time:488954ms step_avg:391.79ms
step:1259/6200 train_loss:3.6586 train_time:489341ms step_avg:391.79ms
step:1260/6200 train_loss:3.6483 train_time:489730ms step_avg:391.78ms
step:1261/6200 train_loss:3.5239 train_time:490119ms step_avg:391.78ms
step:1262/6200 train_loss:3.4350 train_time:490503ms step_avg:391.78ms
step:1263/6200 train_loss:3.7907 train_time:490898ms step_avg:391.78ms
step:1264/6200 train_loss:3.4929 train_time:491280ms step_avg:391.77ms
step:1265/6200 train_loss:3.8285 train_time:491667ms step_avg:391.77ms
step:1266/6200 train_loss:3.7364 train_time:492054ms step_avg:391.76ms
step:1267/6200 train_loss:3.7320 train_time:492443ms step_avg:391.76ms
step:1268/6200 train_loss:3.8108 train_time:492842ms step_avg:391.77ms
step:1269/6200 train_loss:3.6251 train_time:493218ms step_avg:391.75ms
step:1270/6200 train_loss:3.6504 train_time:493614ms step_avg:391.76ms
step:1271/6200 train_loss:3.5854 train_time:493996ms step_avg:391.75ms
step:1272/6200 train_loss:3.5837 train_time:494390ms step_avg:391.75ms
step:1273/6200 train_loss:3.6089 train_time:494772ms step_avg:391.74ms
step:1274/6200 train_loss:3.6666 train_time:495161ms step_avg:391.74ms
step:1275/6200 train_loss:3.6517 train_time:495550ms step_avg:391.74ms
step:1276/6200 train_loss:3.7740 train_time:495937ms step_avg:391.74ms
step:1277/6200 train_loss:3.7845 train_time:496332ms step_avg:391.74ms
step:1278/6200 train_loss:3.7561 train_time:496717ms step_avg:391.73ms
step:1279/6200 train_loss:3.6420 train_time:497105ms step_avg:391.73ms
step:1280/6200 train_loss:3.4788 train_time:497493ms step_avg:391.73ms
step:1281/6200 train_loss:3.5661 train_time:497882ms step_avg:391.72ms
step:1282/6200 train_loss:3.7932 train_time:498270ms step_avg:391.72ms
step:1283/6200 train_loss:3.7011 train_time:498662ms step_avg:391.72ms
step:1284/6200 train_loss:3.7697 train_time:499052ms step_avg:391.72ms
step:1285/6200 train_loss:3.7313 train_time:499446ms step_avg:391.72ms
step:1286/6200 train_loss:3.6913 train_time:499834ms step_avg:391.72ms
step:1287/6200 train_loss:3.5403 train_time:500215ms step_avg:391.71ms
step:1288/6200 train_loss:3.6158 train_time:500605ms step_avg:391.71ms
step:1289/6200 train_loss:3.5946 train_time:500994ms step_avg:391.71ms
step:1290/6200 train_loss:3.5524 train_time:501385ms step_avg:391.71ms
step:1291/6200 train_loss:3.6997 train_time:501768ms step_avg:391.70ms
step:1292/6200 train_loss:3.7269 train_time:502164ms step_avg:391.70ms
step:1293/6200 train_loss:3.7531 train_time:502552ms step_avg:391.70ms
step:1294/6200 train_loss:3.7809 train_time:502942ms step_avg:391.70ms
step:1295/6200 train_loss:3.4358 train_time:503327ms step_avg:391.69ms
step:1296/6200 train_loss:3.5524 train_time:503715ms step_avg:391.69ms
step:1297/6200 train_loss:3.7565 train_time:504108ms step_avg:391.69ms
step:1298/6200 train_loss:3.5026 train_time:504496ms step_avg:391.69ms
step:1299/6200 train_loss:3.7614 train_time:504887ms step_avg:391.69ms
step:1300/6200 train_loss:3.6811 train_time:505274ms step_avg:391.69ms
step:1301/6200 train_loss:3.8146 train_time:505667ms step_avg:391.69ms
step:1302/6200 train_loss:3.7707 train_time:506052ms step_avg:391.68ms
step:1303/6200 train_loss:3.9180 train_time:506445ms step_avg:391.68ms
step:1304/6200 train_loss:3.5566 train_time:506836ms step_avg:391.68ms
step:1305/6200 train_loss:4.0504 train_time:507220ms step_avg:391.68ms
step:1306/6200 train_loss:3.6497 train_time:507616ms step_avg:391.68ms
step:1307/6200 train_loss:3.8306 train_time:508001ms step_avg:391.67ms
step:1308/6200 train_loss:3.9947 train_time:508383ms step_avg:391.67ms
step:1309/6200 train_loss:3.6098 train_time:508780ms step_avg:391.67ms
step:1310/6200 train_loss:3.5463 train_time:509165ms step_avg:391.67ms
step:1311/6200 train_loss:3.7257 train_time:509548ms step_avg:391.66ms
step:1312/6200 train_loss:3.6667 train_time:509935ms step_avg:391.65ms
step:1313/6200 train_loss:3.6556 train_time:510323ms step_avg:391.65ms
step:1314/6200 train_loss:3.7473 train_time:510715ms step_avg:391.65ms
step:1315/6200 train_loss:3.3872 train_time:511101ms step_avg:391.65ms
step:1316/6200 train_loss:3.5807 train_time:511487ms step_avg:391.64ms
step:1317/6200 train_loss:3.6830 train_time:511884ms step_avg:391.65ms
step:1318/6200 train_loss:3.7938 train_time:512271ms step_avg:391.64ms
step:1319/6200 train_loss:3.4608 train_time:512658ms step_avg:391.64ms
step:1320/6200 train_loss:3.6549 train_time:513053ms step_avg:391.64ms
step:1321/6200 train_loss:3.8162 train_time:513435ms step_avg:391.64ms
step:1322/6200 train_loss:3.7723 train_time:513828ms step_avg:391.64ms
step:1323/6200 train_loss:3.6602 train_time:514225ms step_avg:391.64ms
step:1324/6200 train_loss:3.6843 train_time:514620ms step_avg:391.64ms
step:1325/6200 train_loss:3.9196 train_time:515008ms step_avg:391.64ms
step:1326/6200 train_loss:3.9733 train_time:515403ms step_avg:391.64ms
step:1327/6200 train_loss:3.7228 train_time:515787ms step_avg:391.64ms
step:1328/6200 train_loss:3.5368 train_time:516172ms step_avg:391.63ms
step:1329/6200 train_loss:3.9344 train_time:516567ms step_avg:391.64ms
step:1330/6200 train_loss:3.7127 train_time:517468ms step_avg:392.02ms
step:1331/6200 train_loss:3.9269 train_time:517893ms step_avg:392.05ms
step:1332/6200 train_loss:3.6449 train_time:518286ms step_avg:392.05ms
step:1333/6200 train_loss:3.8827 train_time:518670ms step_avg:392.04ms
step:1334/6200 train_loss:3.7887 train_time:519057ms step_avg:392.04ms
step:1335/6200 train_loss:3.6910 train_time:519458ms step_avg:392.04ms
step:1336/6200 train_loss:3.6081 train_time:519835ms step_avg:392.03ms
step:1337/6200 train_loss:3.7103 train_time:520232ms step_avg:392.04ms
step:1338/6200 train_loss:3.8963 train_time:520612ms step_avg:392.03ms
step:1339/6200 train_loss:3.7855 train_time:521002ms step_avg:392.03ms
step:1340/6200 train_loss:3.6278 train_time:521398ms step_avg:392.03ms
step:1341/6200 train_loss:3.5682 train_time:521781ms step_avg:392.02ms
step:1342/6200 train_loss:3.9353 train_time:522169ms step_avg:392.02ms
step:1343/6200 train_loss:3.7444 train_time:522559ms step_avg:392.02ms
step:1344/6200 train_loss:3.7667 train_time:522943ms step_avg:392.01ms
step:1345/6200 train_loss:3.7693 train_time:523336ms step_avg:392.01ms
step:1346/6200 train_loss:3.7543 train_time:523721ms step_avg:392.01ms
step:1347/6200 train_loss:3.5762 train_time:524115ms step_avg:392.01ms
step:1348/6200 train_loss:3.5450 train_time:524498ms step_avg:392.00ms
step:1349/6200 train_loss:3.6910 train_time:524890ms step_avg:392.00ms
step:1350/6200 train_loss:3.5757 train_time:525280ms step_avg:392.00ms
step:1351/6200 train_loss:3.7664 train_time:525665ms step_avg:391.99ms
step:1352/6200 train_loss:3.6495 train_time:526056ms step_avg:391.99ms
step:1353/6200 train_loss:3.6142 train_time:526442ms step_avg:391.99ms
step:1354/6200 train_loss:3.7526 train_time:526837ms step_avg:391.99ms
step:1355/6200 train_loss:3.6117 train_time:527227ms step_avg:391.99ms
step:1356/6200 train_loss:3.4194 train_time:527613ms step_avg:391.99ms
step:1357/6200 train_loss:3.7475 train_time:528004ms step_avg:391.99ms
step:1358/6200 train_loss:3.8287 train_time:528397ms step_avg:391.99ms
step:1359/6200 train_loss:3.5076 train_time:528779ms step_avg:391.98ms
step:1360/6200 train_loss:3.8731 train_time:529171ms step_avg:391.98ms
step:1361/6200 train_loss:3.7962 train_time:529553ms step_avg:391.97ms
step:1362/6200 train_loss:3.5566 train_time:529940ms step_avg:391.97ms
step:1363/6200 train_loss:3.7049 train_time:530330ms step_avg:391.97ms
step:1364/6200 train_loss:3.5422 train_time:530737ms step_avg:391.98ms
step:1365/6200 train_loss:3.5675 train_time:531114ms step_avg:391.97ms
step:1366/6200 train_loss:3.7046 train_time:531504ms step_avg:391.96ms
step:1367/6200 train_loss:3.7589 train_time:531890ms step_avg:391.96ms
step:1368/6200 train_loss:3.7117 train_time:532281ms step_avg:391.96ms
step:1369/6200 train_loss:3.8099 train_time:532671ms step_avg:391.96ms
step:1370/6200 train_loss:3.7236 train_time:533054ms step_avg:391.95ms
step:1371/6200 train_loss:4.0060 train_time:533440ms step_avg:391.95ms
step:1372/6200 train_loss:3.6303 train_time:533825ms step_avg:391.94ms
step:1373/6200 train_loss:3.6164 train_time:534210ms step_avg:391.94ms
step:1374/6200 train_loss:3.6923 train_time:534605ms step_avg:391.94ms
step:1375/6200 train_loss:3.5226 train_time:534990ms step_avg:391.93ms
step:1375/6200 val_loss:3.6518 train_time:535218ms step_avg:392.10ms
step:1376/6200 train_loss:3.9559 train_time:535380ms step_avg:391.93ms
step:1377/6200 train_loss:3.6501 train_time:535764ms step_avg:391.93ms
step:1378/6200 train_loss:3.8653 train_time:536151ms step_avg:391.92ms
step:1379/6200 train_loss:3.9187 train_time:536544ms step_avg:391.92ms
step:1380/6200 train_loss:3.6738 train_time:536934ms step_avg:391.92ms
step:1381/6200 train_loss:3.6831 train_time:537320ms step_avg:391.92ms
step:1382/6200 train_loss:3.7312 train_time:537707ms step_avg:391.92ms
step:1383/6200 train_loss:3.5621 train_time:538095ms step_avg:391.91ms
step:1384/6200 train_loss:3.7607 train_time:538485ms step_avg:391.91ms
step:1385/6200 train_loss:3.8506 train_time:538870ms step_avg:391.91ms
step:1386/6200 train_loss:3.6075 train_time:539258ms step_avg:391.90ms
step:1387/6200 train_loss:3.7502 train_time:539649ms step_avg:391.90ms
step:1388/6200 train_loss:3.6175 train_time:540035ms step_avg:391.90ms
step:1389/6200 train_loss:3.6224 train_time:540426ms step_avg:391.90ms
step:1390/6200 train_loss:3.3882 train_time:540812ms step_avg:391.89ms
step:1391/6200 train_loss:3.6915 train_time:541201ms step_avg:391.89ms
step:1392/6200 train_loss:3.5458 train_time:541589ms step_avg:391.89ms
step:1393/6200 train_loss:3.6776 train_time:541980ms step_avg:391.89ms
step:1394/6200 train_loss:3.6920 train_time:542367ms step_avg:391.88ms
step:1395/6200 train_loss:3.7199 train_time:542755ms step_avg:391.88ms
step:1396/6200 train_loss:3.7113 train_time:543143ms step_avg:391.88ms
step:1397/6200 train_loss:3.6813 train_time:543533ms step_avg:391.88ms
step:1398/6200 train_loss:3.4727 train_time:543923ms step_avg:391.88ms
step:1399/6200 train_loss:3.6643 train_time:544315ms step_avg:391.88ms
step:1400/6200 train_loss:3.6887 train_time:544703ms step_avg:391.87ms
step:1401/6200 train_loss:3.6554 train_time:545089ms step_avg:391.87ms
step:1402/6200 train_loss:3.6151 train_time:545475ms step_avg:391.86ms
step:1403/6200 train_loss:3.5896 train_time:545867ms step_avg:391.86ms
step:1404/6200 train_loss:3.6989 train_time:546259ms step_avg:391.86ms
step:1405/6200 train_loss:3.6739 train_time:546640ms step_avg:391.86ms
step:1406/6200 train_loss:3.7304 train_time:547031ms step_avg:391.86ms
step:1407/6200 train_loss:3.6602 train_time:547418ms step_avg:391.85ms
step:1408/6200 train_loss:3.6017 train_time:547804ms step_avg:391.85ms
step:1409/6200 train_loss:3.4562 train_time:548192ms step_avg:391.85ms
step:1410/6200 train_loss:3.6331 train_time:548585ms step_avg:391.85ms
step:1411/6200 train_loss:3.6020 train_time:548972ms step_avg:391.84ms
step:1412/6200 train_loss:3.6904 train_time:549359ms step_avg:391.84ms
step:1413/6200 train_loss:3.5874 train_time:549746ms step_avg:391.84ms
step:1414/6200 train_loss:3.5166 train_time:550138ms step_avg:391.84ms
step:1415/6200 train_loss:3.7212 train_time:550528ms step_avg:391.83ms
step:1416/6200 train_loss:3.9171 train_time:550919ms step_avg:391.83ms
step:1417/6200 train_loss:3.5558 train_time:551302ms step_avg:391.83ms
step:1418/6200 train_loss:3.5649 train_time:551695ms step_avg:391.83ms
step:1419/6200 train_loss:3.5605 train_time:552080ms step_avg:391.82ms
step:1420/6200 train_loss:3.6598 train_time:552472ms step_avg:391.82ms
step:1421/6200 train_loss:3.7363 train_time:552863ms step_avg:391.82ms
step:1422/6200 train_loss:3.5298 train_time:553249ms step_avg:391.82ms
step:1423/6200 train_loss:3.6962 train_time:553636ms step_avg:391.82ms
step:1424/6200 train_loss:3.7777 train_time:554023ms step_avg:391.81ms
step:1425/6200 train_loss:3.7763 train_time:554412ms step_avg:391.81ms
step:1426/6200 train_loss:3.3026 train_time:554800ms step_avg:391.81ms
step:1427/6200 train_loss:3.6693 train_time:555189ms step_avg:391.81ms
step:1428/6200 train_loss:3.7216 train_time:555581ms step_avg:391.81ms
step:1429/6200 train_loss:3.7314 train_time:555969ms step_avg:391.80ms
step:1430/6200 train_loss:3.6443 train_time:556353ms step_avg:391.80ms
step:1431/6200 train_loss:3.8619 train_time:556745ms step_avg:391.80ms
step:1432/6200 train_loss:3.7498 train_time:557131ms step_avg:391.79ms
step:1433/6200 train_loss:3.6493 train_time:557519ms step_avg:391.79ms
step:1434/6200 train_loss:3.6516 train_time:557912ms step_avg:391.79ms
step:1435/6200 train_loss:3.5943 train_time:558296ms step_avg:391.79ms
step:1436/6200 train_loss:3.2788 train_time:558685ms step_avg:391.78ms
step:1437/6200 train_loss:3.5335 train_time:559077ms step_avg:391.79ms
step:1438/6200 train_loss:3.7061 train_time:559472ms step_avg:391.79ms
step:1439/6200 train_loss:3.7123 train_time:559852ms step_avg:391.78ms
step:1440/6200 train_loss:3.7187 train_time:560246ms step_avg:391.78ms
step:1441/6200 train_loss:3.5526 train_time:560627ms step_avg:391.77ms
step:1442/6200 train_loss:3.6511 train_time:561013ms step_avg:391.77ms
step:1443/6200 train_loss:3.9419 train_time:561402ms step_avg:391.77ms
step:1444/6200 train_loss:3.7259 train_time:561790ms step_avg:391.76ms
step:1445/6200 train_loss:3.7102 train_time:562180ms step_avg:391.76ms
step:1446/6200 train_loss:3.6872 train_time:562570ms step_avg:391.76ms
step:1447/6200 train_loss:3.5231 train_time:562959ms step_avg:391.76ms
step:1448/6200 train_loss:3.6041 train_time:563344ms step_avg:391.76ms
step:1449/6200 train_loss:3.6321 train_time:563731ms step_avg:391.75ms
step:1450/6200 train_loss:3.8520 train_time:564126ms step_avg:391.75ms
step:1451/6200 train_loss:3.7497 train_time:564509ms step_avg:391.75ms
step:1452/6200 train_loss:3.5261 train_time:564898ms step_avg:391.75ms
step:1453/6200 train_loss:3.7747 train_time:565287ms step_avg:391.74ms
step:1454/6200 train_loss:3.5255 train_time:565677ms step_avg:391.74ms
step:1455/6200 train_loss:3.6475 train_time:566066ms step_avg:391.74ms
step:1456/6200 train_loss:3.6933 train_time:566454ms step_avg:391.74ms
step:1457/6200 train_loss:3.5370 train_time:566841ms step_avg:391.74ms
step:1458/6200 train_loss:3.5072 train_time:567229ms step_avg:391.73ms
step:1459/6200 train_loss:3.6863 train_time:567622ms step_avg:391.73ms
step:1460/6200 train_loss:3.6426 train_time:568006ms step_avg:391.73ms
step:1461/6200 train_loss:3.5526 train_time:568394ms step_avg:391.73ms
step:1462/6200 train_loss:3.9050 train_time:568784ms step_avg:391.72ms
step:1463/6200 train_loss:3.7229 train_time:569177ms step_avg:391.73ms
step:1464/6200 train_loss:3.8816 train_time:569567ms step_avg:391.72ms
step:1465/6200 train_loss:3.6430 train_time:569955ms step_avg:391.72ms
step:1466/6200 train_loss:3.6557 train_time:570347ms step_avg:391.72ms
step:1467/6200 train_loss:3.5540 train_time:570732ms step_avg:391.72ms
step:1468/6200 train_loss:3.7674 train_time:571118ms step_avg:391.71ms
step:1469/6200 train_loss:3.7020 train_time:571503ms step_avg:391.71ms
step:1470/6200 train_loss:3.5288 train_time:571890ms step_avg:391.71ms
step:1471/6200 train_loss:3.7672 train_time:572278ms step_avg:391.70ms
step:1472/6200 train_loss:3.6187 train_time:572664ms step_avg:391.70ms
step:1473/6200 train_loss:3.5622 train_time:573053ms step_avg:391.70ms
step:1474/6200 train_loss:3.7790 train_time:573446ms step_avg:391.70ms
step:1475/6200 train_loss:3.6258 train_time:573833ms step_avg:391.70ms
step:1476/6200 train_loss:3.3562 train_time:574222ms step_avg:391.69ms
step:1477/6200 train_loss:3.5567 train_time:574611ms step_avg:391.69ms
step:1478/6200 train_loss:3.4852 train_time:574998ms step_avg:391.69ms
step:1479/6200 train_loss:3.6677 train_time:575387ms step_avg:391.69ms
step:1480/6200 train_loss:3.6719 train_time:575776ms step_avg:391.68ms
step:1481/6200 train_loss:3.7014 train_time:576171ms step_avg:391.69ms
step:1482/6200 train_loss:3.8044 train_time:576560ms step_avg:391.68ms
step:1483/6200 train_loss:3.7115 train_time:576944ms step_avg:391.68ms
step:1484/6200 train_loss:3.5780 train_time:577365ms step_avg:391.70ms
step:1485/6200 train_loss:3.6091 train_time:577721ms step_avg:391.68ms
step:1486/6200 train_loss:3.5710 train_time:578111ms step_avg:391.67ms
step:1487/6200 train_loss:3.6213 train_time:578500ms step_avg:391.67ms
step:1488/6200 train_loss:3.6028 train_time:578888ms step_avg:391.67ms
step:1489/6200 train_loss:3.5831 train_time:579278ms step_avg:391.67ms
step:1490/6200 train_loss:3.7482 train_time:579664ms step_avg:391.67ms
step:1491/6200 train_loss:3.5523 train_time:580052ms step_avg:391.66ms
step:1492/6200 train_loss:3.3980 train_time:580447ms step_avg:391.66ms
step:1493/6200 train_loss:3.6614 train_time:580829ms step_avg:391.66ms
step:1494/6200 train_loss:3.8504 train_time:581219ms step_avg:391.66ms
step:1495/6200 train_loss:3.6616 train_time:581609ms step_avg:391.66ms
step:1496/6200 train_loss:3.5212 train_time:582015ms step_avg:391.67ms
step:1497/6200 train_loss:3.5936 train_time:582394ms step_avg:391.66ms
step:1498/6200 train_loss:3.5847 train_time:582782ms step_avg:391.65ms
step:1499/6200 train_loss:3.6167 train_time:583162ms step_avg:391.65ms
step:1500/6200 train_loss:3.5560 train_time:583550ms step_avg:391.64ms
step:1500/6200 val_loss:3.6254 train_time:583780ms step_avg:391.80ms
step:1501/6200 train_loss:3.5084 train_time:583946ms step_avg:391.65ms
step:1502/6200 train_loss:3.5399 train_time:584335ms step_avg:391.65ms
step:1503/6200 train_loss:3.7037 train_time:584723ms step_avg:391.64ms
step:1504/6200 train_loss:3.5298 train_time:585113ms step_avg:391.64ms
step:1505/6200 train_loss:3.6004 train_time:585490ms step_avg:391.63ms
step:1506/6200 train_loss:3.5151 train_time:585878ms step_avg:391.63ms
step:1507/6200 train_loss:3.6507 train_time:586266ms step_avg:391.63ms
step:1508/6200 train_loss:3.5508 train_time:586654ms step_avg:391.62ms
step:1509/6200 train_loss:4.2281 train_time:587050ms step_avg:391.63ms
step:1510/6200 train_loss:3.5376 train_time:587438ms step_avg:391.63ms
step:1511/6200 train_loss:3.6460 train_time:587824ms step_avg:391.62ms
step:1512/6200 train_loss:3.6747 train_time:588216ms step_avg:391.62ms
step:1513/6200 train_loss:3.9103 train_time:588812ms step_avg:391.76ms
step:1514/6200 train_loss:3.5291 train_time:589200ms step_avg:391.76ms
step:1515/6200 train_loss:3.5095 train_time:589588ms step_avg:391.75ms
step:1516/6200 train_loss:3.6592 train_time:589980ms step_avg:391.75ms
step:1517/6200 train_loss:3.5734 train_time:590372ms step_avg:391.75ms
step:1518/6200 train_loss:3.7332 train_time:590756ms step_avg:391.75ms
step:1519/6200 train_loss:3.5281 train_time:591149ms step_avg:391.75ms
step:1520/6200 train_loss:3.7175 train_time:591895ms step_avg:391.98ms
step:1521/6200 train_loss:3.5582 train_time:592277ms step_avg:391.98ms
step:1522/6200 train_loss:3.5864 train_time:592665ms step_avg:391.97ms
step:1523/6200 train_loss:3.6958 train_time:593054ms step_avg:391.97ms
step:1524/6200 train_loss:3.6335 train_time:593443ms step_avg:391.97ms
step:1525/6200 train_loss:3.7725 train_time:593837ms step_avg:391.97ms
step:1526/6200 train_loss:3.5989 train_time:594224ms step_avg:391.97ms
step:1527/6200 train_loss:3.6488 train_time:594609ms step_avg:391.96ms
step:1528/6200 train_loss:3.6364 train_time:594998ms step_avg:391.96ms
step:1529/6200 train_loss:4.0383 train_time:595389ms step_avg:391.96ms
step:1530/6200 train_loss:3.8119 train_time:595778ms step_avg:391.96ms
step:1531/6200 train_loss:3.4517 train_time:596165ms step_avg:391.96ms
step:1532/6200 train_loss:3.5622 train_time:596566ms step_avg:391.96ms
step:1533/6200 train_loss:3.6293 train_time:596942ms step_avg:391.95ms
step:1534/6200 train_loss:3.5909 train_time:597330ms step_avg:391.95ms
step:1535/6200 train_loss:3.6907 train_time:597719ms step_avg:391.95ms
step:1536/6200 train_loss:3.6296 train_time:598109ms step_avg:391.95ms
step:1537/6200 train_loss:3.5251 train_time:598496ms step_avg:391.94ms
step:1538/6200 train_loss:3.5674 train_time:598887ms step_avg:391.94ms
step:1539/6200 train_loss:3.9815 train_time:599276ms step_avg:391.94ms
step:1540/6200 train_loss:3.5907 train_time:599667ms step_avg:391.94ms
step:1541/6200 train_loss:3.6689 train_time:600056ms step_avg:391.94ms
step:1542/6200 train_loss:3.5956 train_time:600442ms step_avg:391.93ms
step:1543/6200 train_loss:3.5536 train_time:600835ms step_avg:391.93ms
step:1544/6200 train_loss:3.4886 train_time:601223ms step_avg:391.93ms
step:1545/6200 train_loss:3.6370 train_time:601611ms step_avg:391.93ms
step:1546/6200 train_loss:3.7302 train_time:602001ms step_avg:391.93ms
step:1547/6200 train_loss:3.5113 train_time:602389ms step_avg:391.93ms
step:1548/6200 train_loss:3.5953 train_time:602778ms step_avg:391.92ms
step:1549/6200 train_loss:3.5534 train_time:603166ms step_avg:391.92ms
step:1550/6200 train_loss:3.6839 train_time:603551ms step_avg:391.92ms
step:1551/6200 train_loss:3.5506 train_time:603941ms step_avg:391.91ms
step:1552/6200 train_loss:3.5622 train_time:604327ms step_avg:391.91ms
step:1553/6200 train_loss:3.6442 train_time:604716ms step_avg:391.91ms
step:1554/6200 train_loss:3.5244 train_time:605103ms step_avg:391.91ms
step:1555/6200 train_loss:3.6086 train_time:605492ms step_avg:391.90ms
step:1556/6200 train_loss:3.5300 train_time:605891ms step_avg:391.91ms
step:1557/6200 train_loss:3.5579 train_time:606270ms step_avg:391.90ms
step:1558/6200 train_loss:3.6434 train_time:606661ms step_avg:391.90ms
step:1559/6200 train_loss:3.4739 train_time:607047ms step_avg:391.90ms
step:1560/6200 train_loss:3.5758 train_time:607436ms step_avg:391.89ms
step:1561/6200 train_loss:3.7743 train_time:607824ms step_avg:391.89ms
step:1562/6200 train_loss:3.4966 train_time:608212ms step_avg:391.89ms
step:1563/6200 train_loss:3.5978 train_time:608610ms step_avg:391.89ms
step:1564/6200 train_loss:3.8155 train_time:608991ms step_avg:391.89ms
step:1565/6200 train_loss:3.4700 train_time:609376ms step_avg:391.88ms
step:1566/6200 train_loss:3.4773 train_time:609764ms step_avg:391.88ms
step:1567/6200 train_loss:3.5863 train_time:610149ms step_avg:391.87ms
step:1568/6200 train_loss:3.5859 train_time:610541ms step_avg:391.88ms
step:1569/6200 train_loss:3.4848 train_time:610933ms step_avg:391.87ms
step:1570/6200 train_loss:3.7718 train_time:611318ms step_avg:391.87ms
step:1571/6200 train_loss:3.7151 train_time:611708ms step_avg:391.87ms
step:1572/6200 train_loss:3.4241 train_time:612096ms step_avg:391.87ms
step:1573/6200 train_loss:3.6304 train_time:612486ms step_avg:391.87ms
step:1574/6200 train_loss:3.5681 train_time:612881ms step_avg:391.87ms
step:1575/6200 train_loss:3.5812 train_time:613269ms step_avg:391.86ms
step:1576/6200 train_loss:3.7013 train_time:613657ms step_avg:391.86ms
step:1577/6200 train_loss:3.5943 train_time:614047ms step_avg:391.86ms
step:1578/6200 train_loss:3.6109 train_time:614435ms step_avg:391.86ms
step:1579/6200 train_loss:3.5506 train_time:614824ms step_avg:391.86ms
step:1580/6200 train_loss:3.4624 train_time:615217ms step_avg:391.86ms
step:1581/6200 train_loss:3.5355 train_time:615607ms step_avg:391.86ms
step:1582/6200 train_loss:3.6105 train_time:615995ms step_avg:391.85ms
step:1583/6200 train_loss:3.5781 train_time:616380ms step_avg:391.85ms
step:1584/6200 train_loss:4.0374 train_time:616771ms step_avg:391.85ms
step:1585/6200 train_loss:3.5743 train_time:617165ms step_avg:391.85ms
step:1586/6200 train_loss:3.6651 train_time:617548ms step_avg:391.84ms
step:1587/6200 train_loss:3.3766 train_time:617938ms step_avg:391.84ms
step:1588/6200 train_loss:3.7451 train_time:618324ms step_avg:391.84ms
step:1589/6200 train_loss:3.5914 train_time:618716ms step_avg:391.84ms
step:1590/6200 train_loss:3.7251 train_time:619102ms step_avg:391.84ms
step:1591/6200 train_loss:3.5789 train_time:619492ms step_avg:391.84ms
step:1592/6200 train_loss:3.6077 train_time:619882ms step_avg:391.83ms
step:1593/6200 train_loss:3.6376 train_time:620272ms step_avg:391.83ms
step:1594/6200 train_loss:3.6098 train_time:620663ms step_avg:391.83ms
step:1595/6200 train_loss:3.6813 train_time:621052ms step_avg:391.83ms
step:1596/6200 train_loss:3.9714 train_time:621438ms step_avg:391.83ms
step:1597/6200 train_loss:3.5375 train_time:621826ms step_avg:391.82ms
step:1598/6200 train_loss:3.5996 train_time:622226ms step_avg:391.83ms
step:1599/6200 train_loss:3.6988 train_time:622612ms step_avg:391.83ms
step:1600/6200 train_loss:3.7306 train_time:623008ms step_avg:391.83ms
step:1601/6200 train_loss:3.5876 train_time:623397ms step_avg:391.83ms
step:1602/6200 train_loss:4.0080 train_time:623782ms step_avg:391.82ms
step:1603/6200 train_loss:3.7499 train_time:624165ms step_avg:391.82ms
step:1604/6200 train_loss:3.4101 train_time:624553ms step_avg:391.82ms
step:1605/6200 train_loss:3.6191 train_time:624945ms step_avg:391.82ms
step:1606/6200 train_loss:3.4479 train_time:625337ms step_avg:391.81ms
step:1607/6200 train_loss:3.7758 train_time:625722ms step_avg:391.81ms
step:1608/6200 train_loss:3.5629 train_time:626113ms step_avg:391.81ms
step:1609/6200 train_loss:3.6450 train_time:626503ms step_avg:391.81ms
step:1610/6200 train_loss:3.6289 train_time:626889ms step_avg:391.81ms
step:1611/6200 train_loss:4.0161 train_time:627284ms step_avg:391.81ms
step:1612/6200 train_loss:3.8181 train_time:627667ms step_avg:391.80ms
step:1613/6200 train_loss:3.7314 train_time:628061ms step_avg:391.80ms
step:1614/6200 train_loss:3.5684 train_time:628448ms step_avg:391.80ms
step:1615/6200 train_loss:3.6576 train_time:628838ms step_avg:391.80ms
step:1616/6200 train_loss:3.5095 train_time:629227ms step_avg:391.80ms
step:1617/6200 train_loss:3.6082 train_time:629617ms step_avg:391.80ms
step:1618/6200 train_loss:3.7790 train_time:630002ms step_avg:391.79ms
step:1619/6200 train_loss:3.8095 train_time:630404ms step_avg:391.80ms
step:1620/6200 train_loss:3.5202 train_time:630779ms step_avg:391.79ms
step:1621/6200 train_loss:3.7040 train_time:631166ms step_avg:391.79ms
step:1622/6200 train_loss:3.6579 train_time:631562ms step_avg:391.79ms
step:1623/6200 train_loss:3.4771 train_time:631946ms step_avg:391.78ms
step:1624/6200 train_loss:3.6563 train_time:632333ms step_avg:391.78ms
step:1625/6200 train_loss:3.5242 train_time:632722ms step_avg:391.78ms
step:1625/6200 val_loss:3.6099 train_time:632954ms step_avg:391.92ms
step:1626/6200 train_loss:3.6309 train_time:633112ms step_avg:391.78ms
step:1627/6200 train_loss:3.6030 train_time:633502ms step_avg:391.78ms
step:1628/6200 train_loss:3.5426 train_time:633889ms step_avg:391.77ms
step:1629/6200 train_loss:3.6331 train_time:634278ms step_avg:391.77ms
step:1630/6200 train_loss:3.6375 train_time:634665ms step_avg:391.77ms
step:1631/6200 train_loss:3.6246 train_time:635053ms step_avg:391.77ms
step:1632/6200 train_loss:3.4957 train_time:635444ms step_avg:391.77ms
step:1633/6200 train_loss:3.3909 train_time:635831ms step_avg:391.76ms
step:1634/6200 train_loss:3.5821 train_time:636216ms step_avg:391.76ms
step:1635/6200 train_loss:3.6097 train_time:636604ms step_avg:391.76ms
step:1636/6200 train_loss:3.4448 train_time:636996ms step_avg:391.76ms
step:1637/6200 train_loss:3.6706 train_time:637382ms step_avg:391.75ms
step:1638/6200 train_loss:3.7844 train_time:637773ms step_avg:391.75ms
step:1639/6200 train_loss:3.8328 train_time:638166ms step_avg:391.75ms
step:1640/6200 train_loss:4.1878 train_time:638550ms step_avg:391.75ms
step:1641/6200 train_loss:3.6765 train_time:638944ms step_avg:391.75ms
step:1642/6200 train_loss:3.6470 train_time:639334ms step_avg:391.75ms
step:1643/6200 train_loss:3.7990 train_time:639723ms step_avg:391.75ms
step:1644/6200 train_loss:3.7479 train_time:640108ms step_avg:391.74ms
step:1645/6200 train_loss:3.4790 train_time:640497ms step_avg:391.74ms
step:1646/6200 train_loss:3.6392 train_time:640887ms step_avg:391.74ms
step:1647/6200 train_loss:3.2727 train_time:641275ms step_avg:391.74ms
step:1648/6200 train_loss:3.6565 train_time:641668ms step_avg:391.74ms
step:1649/6200 train_loss:3.6086 train_time:642057ms step_avg:391.74ms
step:1650/6200 train_loss:3.5398 train_time:642446ms step_avg:391.74ms
step:1651/6200 train_loss:3.5389 train_time:642835ms step_avg:391.73ms
step:1652/6200 train_loss:3.5831 train_time:643223ms step_avg:391.73ms
step:1653/6200 train_loss:3.6081 train_time:643612ms step_avg:391.73ms
step:1654/6200 train_loss:3.8269 train_time:644001ms step_avg:391.73ms
step:1655/6200 train_loss:3.5109 train_time:644389ms step_avg:391.73ms
step:1656/6200 train_loss:3.5333 train_time:644783ms step_avg:391.73ms
step:1657/6200 train_loss:3.6010 train_time:645170ms step_avg:391.72ms
step:1658/6200 train_loss:3.5900 train_time:645554ms step_avg:391.72ms
step:1659/6200 train_loss:3.5234 train_time:645947ms step_avg:391.72ms
step:1660/6200 train_loss:3.5423 train_time:646332ms step_avg:391.72ms
step:1661/6200 train_loss:3.5606 train_time:646733ms step_avg:391.72ms
step:1662/6200 train_loss:3.6452 train_time:647115ms step_avg:391.72ms
step:1663/6200 train_loss:3.5670 train_time:647505ms step_avg:391.71ms
step:1664/6200 train_loss:3.5944 train_time:647894ms step_avg:391.71ms
step:1665/6200 train_loss:3.6625 train_time:648279ms step_avg:391.71ms
step:1666/6200 train_loss:3.6368 train_time:648670ms step_avg:391.71ms
step:1667/6200 train_loss:3.9784 train_time:649054ms step_avg:391.70ms
step:1668/6200 train_loss:3.4240 train_time:649444ms step_avg:391.70ms
step:1669/6200 train_loss:3.6084 train_time:649832ms step_avg:391.70ms
step:1670/6200 train_loss:3.4754 train_time:650216ms step_avg:391.70ms
step:1671/6200 train_loss:3.3892 train_time:650604ms step_avg:391.69ms
step:1672/6200 train_loss:3.7589 train_time:650999ms step_avg:391.70ms
step:1673/6200 train_loss:3.9028 train_time:651381ms step_avg:391.69ms
step:1674/6200 train_loss:3.5468 train_time:651771ms step_avg:391.69ms
step:1675/6200 train_loss:3.4859 train_time:652157ms step_avg:391.69ms
step:1676/6200 train_loss:3.5024 train_time:652550ms step_avg:391.69ms
step:1677/6200 train_loss:3.7024 train_time:652942ms step_avg:391.69ms
step:1678/6200 train_loss:3.5316 train_time:653329ms step_avg:391.68ms
step:1679/6200 train_loss:3.5780 train_time:653713ms step_avg:391.68ms
step:1680/6200 train_loss:3.6000 train_time:654099ms step_avg:391.68ms
step:1681/6200 train_loss:3.1392 train_time:654486ms step_avg:391.67ms
step:1682/6200 train_loss:3.5914 train_time:654879ms step_avg:391.67ms
step:1683/6200 train_loss:3.6905 train_time:655275ms step_avg:391.68ms
step:1684/6200 train_loss:3.6821 train_time:655652ms step_avg:391.67ms
step:1685/6200 train_loss:3.6711 train_time:656040ms step_avg:391.67ms
step:1686/6200 train_loss:3.5074 train_time:656429ms step_avg:391.66ms
step:1687/6200 train_loss:3.6538 train_time:656821ms step_avg:391.66ms
step:1688/6200 train_loss:3.5174 train_time:657206ms step_avg:391.66ms
step:1689/6200 train_loss:3.4986 train_time:657593ms step_avg:391.66ms
step:1690/6200 train_loss:3.5735 train_time:657980ms step_avg:391.65ms
step:1691/6200 train_loss:3.4571 train_time:658370ms step_avg:391.65ms
step:1692/6200 train_loss:3.6144 train_time:658758ms step_avg:391.65ms
step:1693/6200 train_loss:3.5637 train_time:659145ms step_avg:391.65ms
step:1694/6200 train_loss:3.5149 train_time:659534ms step_avg:391.65ms
step:1695/6200 train_loss:4.0846 train_time:659921ms step_avg:391.64ms
step:1696/6200 train_loss:3.7770 train_time:660317ms step_avg:391.65ms
step:1697/6200 train_loss:3.6153 train_time:660699ms step_avg:391.64ms
step:1698/6200 train_loss:3.5553 train_time:661087ms step_avg:391.64ms
step:1699/6200 train_loss:3.3484 train_time:661476ms step_avg:391.64ms
step:1700/6200 train_loss:3.6095 train_time:661873ms step_avg:391.64ms
step:1701/6200 train_loss:3.6215 train_time:662259ms step_avg:391.64ms
step:1702/6200 train_loss:3.6091 train_time:662861ms step_avg:391.76ms
step:1703/6200 train_loss:3.4115 train_time:663250ms step_avg:391.76ms
step:1704/6200 train_loss:3.8676 train_time:663635ms step_avg:391.76ms
step:1705/6200 train_loss:3.5337 train_time:664026ms step_avg:391.76ms
step:1706/6200 train_loss:4.0717 train_time:664411ms step_avg:391.75ms
step:1707/6200 train_loss:3.5046 train_time:664802ms step_avg:391.75ms
step:1708/6200 train_loss:3.3580 train_time:665196ms step_avg:391.75ms
step:1709/6200 train_loss:3.7105 train_time:665581ms step_avg:391.75ms
step:1710/6200 train_loss:3.4817 train_time:666583ms step_avg:392.11ms
step:1711/6200 train_loss:3.5065 train_time:666978ms step_avg:392.11ms
step:1712/6200 train_loss:3.5617 train_time:667368ms step_avg:392.11ms
step:1713/6200 train_loss:3.6863 train_time:667755ms step_avg:392.11ms
step:1714/6200 train_loss:3.8084 train_time:668143ms step_avg:392.10ms
step:1715/6200 train_loss:3.4990 train_time:668534ms step_avg:392.10ms
step:1716/6200 train_loss:3.5763 train_time:668927ms step_avg:392.10ms
step:1717/6200 train_loss:3.4426 train_time:669313ms step_avg:392.10ms
step:1718/6200 train_loss:3.4922 train_time:669714ms step_avg:392.10ms
step:1719/6200 train_loss:3.7616 train_time:670093ms step_avg:392.10ms
step:1720/6200 train_loss:3.5346 train_time:670478ms step_avg:392.09ms
step:1721/6200 train_loss:3.5335 train_time:670871ms step_avg:392.09ms
step:1722/6200 train_loss:3.4223 train_time:671254ms step_avg:392.09ms
step:1723/6200 train_loss:3.7067 train_time:671641ms step_avg:392.08ms
step:1724/6200 train_loss:3.5665 train_time:672031ms step_avg:392.08ms
step:1725/6200 train_loss:3.7141 train_time:672419ms step_avg:392.08ms
step:1726/6200 train_loss:3.7340 train_time:672804ms step_avg:392.08ms
step:1727/6200 train_loss:3.6772 train_time:673198ms step_avg:392.08ms
step:1728/6200 train_loss:3.5749 train_time:673583ms step_avg:392.07ms
step:1729/6200 train_loss:3.5219 train_time:673972ms step_avg:392.07ms
step:1730/6200 train_loss:3.5517 train_time:674360ms step_avg:392.07ms
step:1731/6200 train_loss:4.2329 train_time:674747ms step_avg:392.07ms
step:1732/6200 train_loss:3.7422 train_time:675144ms step_avg:392.07ms
step:1733/6200 train_loss:3.8250 train_time:675531ms step_avg:392.07ms
step:1734/6200 train_loss:3.4442 train_time:675923ms step_avg:392.07ms
step:1735/6200 train_loss:3.6122 train_time:676314ms step_avg:392.07ms
step:1736/6200 train_loss:3.6229 train_time:676699ms step_avg:392.06ms
step:1737/6200 train_loss:3.5144 train_time:677092ms step_avg:392.06ms
step:1738/6200 train_loss:3.6496 train_time:677479ms step_avg:392.06ms
step:1739/6200 train_loss:3.5381 train_time:677859ms step_avg:392.05ms
step:1740/6200 train_loss:3.5873 train_time:678251ms step_avg:392.05ms
step:1741/6200 train_loss:3.8118 train_time:678636ms step_avg:392.05ms
step:1742/6200 train_loss:3.4573 train_time:679028ms step_avg:392.05ms
step:1743/6200 train_loss:3.3465 train_time:679416ms step_avg:392.05ms
step:1744/6200 train_loss:3.0631 train_time:679800ms step_avg:392.04ms
step:1745/6200 train_loss:3.6060 train_time:680195ms step_avg:392.04ms
step:1746/6200 train_loss:3.5768 train_time:680580ms step_avg:392.04ms
step:1747/6200 train_loss:3.5627 train_time:681012ms step_avg:392.06ms
step:1748/6200 train_loss:3.5484 train_time:681361ms step_avg:392.04ms
step:1749/6200 train_loss:4.0356 train_time:681756ms step_avg:392.04ms
step:1750/6200 train_loss:3.6084 train_time:682145ms step_avg:392.04ms
step:1750/6200 val_loss:3.5888 train_time:682369ms step_avg:392.17ms
step:1751/6200 train_loss:3.5441 train_time:682529ms step_avg:392.03ms
step:1752/6200 train_loss:3.5547 train_time:682915ms step_avg:392.03ms
step:1753/6200 train_loss:3.4642 train_time:683305ms step_avg:392.03ms
step:1754/6200 train_loss:3.1353 train_time:683691ms step_avg:392.02ms
step:1755/6200 train_loss:3.4115 train_time:684082ms step_avg:392.02ms
step:1756/6200 train_loss:3.3677 train_time:684475ms step_avg:392.02ms
step:1757/6200 train_loss:3.5138 train_time:684861ms step_avg:392.02ms
step:1758/6200 train_loss:3.5021 train_time:685247ms step_avg:392.02ms
step:1759/6200 train_loss:3.4727 train_time:685634ms step_avg:392.01ms
step:1760/6200 train_loss:5.4500 train_time:686027ms step_avg:392.02ms
step:1761/6200 train_loss:3.6271 train_time:686412ms step_avg:392.01ms
step:1762/6200 train_loss:3.6436 train_time:686803ms step_avg:392.01ms
step:1763/6200 train_loss:3.6096 train_time:687198ms step_avg:392.01ms
step:1764/6200 train_loss:3.5966 train_time:687587ms step_avg:392.01ms
step:1765/6200 train_loss:3.4996 train_time:687971ms step_avg:392.01ms
step:1766/6200 train_loss:3.6193 train_time:688357ms step_avg:392.00ms
step:1767/6200 train_loss:3.7279 train_time:688742ms step_avg:392.00ms
step:1768/6200 train_loss:3.6516 train_time:689140ms step_avg:392.00ms
step:1769/6200 train_loss:3.6619 train_time:689525ms step_avg:392.00ms
step:1770/6200 train_loss:3.5981 train_time:689911ms step_avg:391.99ms
step:1771/6200 train_loss:4.1552 train_time:690300ms step_avg:391.99ms
step:1772/6200 train_loss:3.5090 train_time:690686ms step_avg:391.99ms
step:1773/6200 train_loss:3.4835 train_time:691080ms step_avg:391.99ms
step:1774/6200 train_loss:3.8463 train_time:691471ms step_avg:391.99ms
step:1775/6200 train_loss:3.3450 train_time:691854ms step_avg:391.99ms
step:1776/6200 train_loss:3.6572 train_time:692253ms step_avg:391.99ms
step:1777/6200 train_loss:3.5121 train_time:692635ms step_avg:391.98ms
step:1778/6200 train_loss:3.9709 train_time:693020ms step_avg:391.98ms
step:1779/6200 train_loss:3.7058 train_time:693410ms step_avg:391.98ms
step:1780/6200 train_loss:3.5718 train_time:693798ms step_avg:391.98ms
step:1781/6200 train_loss:3.6846 train_time:694183ms step_avg:391.97ms
step:1782/6200 train_loss:3.5896 train_time:694570ms step_avg:391.97ms
step:1783/6200 train_loss:3.3582 train_time:694973ms step_avg:391.98ms
step:1784/6200 train_loss:3.6304 train_time:695360ms step_avg:391.97ms
step:1785/6200 train_loss:3.6787 train_time:695748ms step_avg:391.97ms
step:1786/6200 train_loss:3.5958 train_time:696137ms step_avg:391.97ms
step:1787/6200 train_loss:3.7644 train_time:696525ms step_avg:391.97ms
step:1788/6200 train_loss:3.5272 train_time:696913ms step_avg:391.96ms
step:1789/6200 train_loss:3.5673 train_time:697290ms step_avg:391.96ms
step:1790/6200 train_loss:3.6834 train_time:697677ms step_avg:391.95ms
step:1791/6200 train_loss:3.6095 train_time:698065ms step_avg:391.95ms
step:1792/6200 train_loss:3.6003 train_time:698459ms step_avg:391.95ms
step:1793/6200 train_loss:3.5320 train_time:698843ms step_avg:391.95ms
step:1794/6200 train_loss:3.4309 train_time:699234ms step_avg:391.95ms
step:1795/6200 train_loss:3.4927 train_time:699624ms step_avg:391.95ms
step:1796/6200 train_loss:3.4606 train_time:700014ms step_avg:391.95ms
step:1797/6200 train_loss:3.6900 train_time:700405ms step_avg:391.94ms
step:1798/6200 train_loss:3.6083 train_time:700792ms step_avg:391.94ms
step:1799/6200 train_loss:3.5296 train_time:701179ms step_avg:391.94ms
step:1800/6200 train_loss:3.6061 train_time:701571ms step_avg:391.94ms
step:1801/6200 train_loss:3.6317 train_time:701957ms step_avg:391.94ms
step:1802/6200 train_loss:3.6001 train_time:702348ms step_avg:391.94ms
step:1803/6200 train_loss:3.5161 train_time:702735ms step_avg:391.93ms
step:1804/6200 train_loss:3.4951 train_time:703125ms step_avg:391.93ms
step:1805/6200 train_loss:3.7498 train_time:703519ms step_avg:391.93ms
step:1806/6200 train_loss:3.6032 train_time:703910ms step_avg:391.93ms
step:1807/6200 train_loss:3.6744 train_time:704294ms step_avg:391.93ms
step:1808/6200 train_loss:3.6971 train_time:704682ms step_avg:391.93ms
step:1809/6200 train_loss:3.4846 train_time:705068ms step_avg:391.92ms
step:1810/6200 train_loss:3.6829 train_time:705455ms step_avg:391.92ms
step:1811/6200 train_loss:3.7117 train_time:705842ms step_avg:391.92ms
step:1812/6200 train_loss:3.5942 train_time:706231ms step_avg:391.91ms
step:1813/6200 train_loss:3.5404 train_time:706618ms step_avg:391.91ms
step:1814/6200 train_loss:3.5586 train_time:707012ms step_avg:391.91ms
step:1815/6200 train_loss:3.6277 train_time:707404ms step_avg:391.91ms
step:1816/6200 train_loss:3.7005 train_time:707787ms step_avg:391.91ms
step:1817/6200 train_loss:3.5663 train_time:708175ms step_avg:391.91ms
step:1818/6200 train_loss:3.7342 train_time:708566ms step_avg:391.91ms
step:1819/6200 train_loss:3.5231 train_time:708954ms step_avg:391.90ms
step:1820/6200 train_loss:3.5916 train_time:709341ms step_avg:391.90ms
step:1821/6200 train_loss:3.4916 train_time:709729ms step_avg:391.90ms
step:1822/6200 train_loss:3.3301 train_time:710116ms step_avg:391.90ms
step:1823/6200 train_loss:3.3493 train_time:710509ms step_avg:391.90ms
step:1824/6200 train_loss:3.5083 train_time:710898ms step_avg:391.90ms
step:1825/6200 train_loss:3.6300 train_time:711281ms step_avg:391.89ms
step:1826/6200 train_loss:3.5779 train_time:711670ms step_avg:391.89ms
step:1827/6200 train_loss:3.5664 train_time:712058ms step_avg:391.89ms
step:1828/6200 train_loss:3.5509 train_time:712447ms step_avg:391.88ms
step:1829/6200 train_loss:3.5617 train_time:712836ms step_avg:391.88ms
step:1830/6200 train_loss:3.6539 train_time:713228ms step_avg:391.88ms
step:1831/6200 train_loss:3.3207 train_time:713616ms step_avg:391.88ms
step:1832/6200 train_loss:3.5618 train_time:714000ms step_avg:391.88ms
step:1833/6200 train_loss:3.5400 train_time:714388ms step_avg:391.88ms
step:1834/6200 train_loss:4.1030 train_time:714778ms step_avg:391.87ms
step:1835/6200 train_loss:3.6218 train_time:715167ms step_avg:391.87ms
step:1836/6200 train_loss:3.5913 train_time:715555ms step_avg:391.87ms
step:1837/6200 train_loss:3.8776 train_time:715942ms step_avg:391.87ms
step:1838/6200 train_loss:3.5806 train_time:716328ms step_avg:391.86ms
step:1839/6200 train_loss:3.4538 train_time:716720ms step_avg:391.86ms
step:1840/6200 train_loss:3.5452 train_time:717109ms step_avg:391.86ms
step:1841/6200 train_loss:3.4556 train_time:717496ms step_avg:391.86ms
step:1842/6200 train_loss:3.5673 train_time:717884ms step_avg:391.86ms
step:1843/6200 train_loss:3.6348 train_time:718271ms step_avg:391.86ms
step:1844/6200 train_loss:3.5511 train_time:718660ms step_avg:391.85ms
step:1845/6200 train_loss:3.5814 train_time:719048ms step_avg:391.85ms
step:1846/6200 train_loss:3.5365 train_time:719442ms step_avg:391.85ms
step:1847/6200 train_loss:3.5662 train_time:719828ms step_avg:391.85ms
step:1848/6200 train_loss:3.4581 train_time:720220ms step_avg:391.85ms
step:1849/6200 train_loss:3.8359 train_time:720600ms step_avg:391.84ms
step:1850/6200 train_loss:3.4837 train_time:720989ms step_avg:391.84ms
step:1851/6200 train_loss:3.5819 train_time:721378ms step_avg:391.84ms
step:1852/6200 train_loss:3.4228 train_time:721765ms step_avg:391.84ms
step:1853/6200 train_loss:3.6290 train_time:722152ms step_avg:391.84ms
step:1854/6200 train_loss:3.6642 train_time:722543ms step_avg:391.83ms
step:1855/6200 train_loss:3.5564 train_time:722935ms step_avg:391.83ms
step:1856/6200 train_loss:3.5323 train_time:723320ms step_avg:391.83ms
step:1857/6200 train_loss:3.6328 train_time:723711ms step_avg:391.83ms
step:1858/6200 train_loss:3.6762 train_time:724102ms step_avg:391.83ms
step:1859/6200 train_loss:3.5002 train_time:724489ms step_avg:391.83ms
step:1860/6200 train_loss:3.5807 train_time:724881ms step_avg:391.83ms
step:1861/6200 train_loss:3.5569 train_time:725265ms step_avg:391.82ms
step:1862/6200 train_loss:3.5367 train_time:725653ms step_avg:391.82ms
step:1863/6200 train_loss:3.4817 train_time:726040ms step_avg:391.82ms
step:1864/6200 train_loss:3.5943 train_time:726429ms step_avg:391.82ms
step:1865/6200 train_loss:3.7194 train_time:726816ms step_avg:391.81ms
step:1866/6200 train_loss:3.3499 train_time:727210ms step_avg:391.82ms
step:1867/6200 train_loss:3.5345 train_time:727594ms step_avg:391.81ms
step:1868/6200 train_loss:3.4935 train_time:727987ms step_avg:391.81ms
step:1869/6200 train_loss:3.3211 train_time:728373ms step_avg:391.81ms
step:1870/6200 train_loss:3.6179 train_time:728761ms step_avg:391.81ms
step:1871/6200 train_loss:3.5721 train_time:729151ms step_avg:391.81ms
step:1872/6200 train_loss:3.5355 train_time:729538ms step_avg:391.80ms
step:1873/6200 train_loss:3.6436 train_time:729932ms step_avg:391.80ms
step:1874/6200 train_loss:3.4616 train_time:730320ms step_avg:391.80ms
step:1875/6200 train_loss:3.7268 train_time:730706ms step_avg:391.80ms
step:1875/6200 val_loss:3.5734 train_time:730935ms step_avg:391.92ms
step:1876/6200 train_loss:3.5623 train_time:731095ms step_avg:391.80ms
step:1877/6200 train_loss:3.5247 train_time:731480ms step_avg:391.79ms
step:1878/6200 train_loss:3.6825 train_time:731871ms step_avg:391.79ms
step:1879/6200 train_loss:3.6721 train_time:732259ms step_avg:391.79ms
step:1880/6200 train_loss:3.5306 train_time:732647ms step_avg:391.79ms
step:1881/6200 train_loss:3.5567 train_time:733038ms step_avg:391.79ms
step:1882/6200 train_loss:3.4774 train_time:733427ms step_avg:391.79ms
step:1883/6200 train_loss:3.7038 train_time:733816ms step_avg:391.79ms
step:1884/6200 train_loss:3.5443 train_time:734206ms step_avg:391.79ms
step:1885/6200 train_loss:3.0377 train_time:734598ms step_avg:391.79ms
step:1886/6200 train_loss:3.8898 train_time:734986ms step_avg:391.78ms
step:1887/6200 train_loss:3.5042 train_time:735369ms step_avg:391.78ms
step:1888/6200 train_loss:3.4298 train_time:735757ms step_avg:391.78ms
step:1889/6200 train_loss:3.5782 train_time:736146ms step_avg:391.78ms
step:1890/6200 train_loss:3.6354 train_time:736535ms step_avg:391.77ms
step:1891/6200 train_loss:3.3978 train_time:737157ms step_avg:391.90ms
step:1892/6200 train_loss:3.8362 train_time:737548ms step_avg:391.90ms
step:1893/6200 train_loss:3.4702 train_time:737938ms step_avg:391.89ms
step:1894/6200 train_loss:3.5105 train_time:738321ms step_avg:391.89ms
step:1895/6200 train_loss:3.6604 train_time:738709ms step_avg:391.89ms
step:1896/6200 train_loss:3.3962 train_time:739101ms step_avg:391.89ms
step:1897/6200 train_loss:3.5745 train_time:739491ms step_avg:391.89ms
step:1898/6200 train_loss:3.6425 train_time:739888ms step_avg:391.89ms
step:1899/6200 train_loss:3.6681 train_time:740275ms step_avg:391.89ms
step:1900/6200 train_loss:3.5065 train_time:741202ms step_avg:392.17ms
step:1901/6200 train_loss:3.6847 train_time:741617ms step_avg:392.18ms
step:1902/6200 train_loss:3.4999 train_time:742005ms step_avg:392.18ms
step:1903/6200 train_loss:3.6043 train_time:742396ms step_avg:392.18ms
step:1904/6200 train_loss:3.4932 train_time:742781ms step_avg:392.18ms
step:1905/6200 train_loss:3.7262 train_time:743170ms step_avg:392.17ms
step:1906/6200 train_loss:3.5692 train_time:743563ms step_avg:392.17ms
step:1907/6200 train_loss:3.5918 train_time:743948ms step_avg:392.17ms
step:1908/6200 train_loss:3.6080 train_time:744340ms step_avg:392.17ms
step:1909/6200 train_loss:3.4067 train_time:744727ms step_avg:392.17ms
step:1910/6200 train_loss:3.5740 train_time:745117ms step_avg:392.17ms
step:1911/6200 train_loss:3.6257 train_time:745502ms step_avg:392.16ms
step:1912/6200 train_loss:3.5445 train_time:745894ms step_avg:392.16ms
step:1913/6200 train_loss:3.5042 train_time:746283ms step_avg:392.16ms
step:1914/6200 train_loss:3.0805 train_time:746680ms step_avg:392.16ms
step:1915/6200 train_loss:3.4586 train_time:747066ms step_avg:392.16ms
step:1916/6200 train_loss:3.7103 train_time:747455ms step_avg:392.16ms
step:1917/6200 train_loss:3.7331 train_time:747839ms step_avg:392.15ms
step:1918/6200 train_loss:3.5732 train_time:748224ms step_avg:392.15ms
step:1919/6200 train_loss:3.5657 train_time:748612ms step_avg:392.15ms
step:1920/6200 train_loss:3.8018 train_time:749005ms step_avg:392.15ms
step:1921/6200 train_loss:3.5031 train_time:749412ms step_avg:392.16ms
step:1922/6200 train_loss:3.5566 train_time:749777ms step_avg:392.14ms
step:1923/6200 train_loss:3.5842 train_time:750167ms step_avg:392.14ms
step:1924/6200 train_loss:3.6424 train_time:750552ms step_avg:392.14ms
step:1925/6200 train_loss:3.2723 train_time:750940ms step_avg:392.14ms
step:1926/6200 train_loss:3.4550 train_time:751329ms step_avg:392.13ms
step:1927/6200 train_loss:3.4158 train_time:751720ms step_avg:392.13ms
step:1928/6200 train_loss:3.4966 train_time:752105ms step_avg:392.13ms
step:1929/6200 train_loss:3.2809 train_time:752494ms step_avg:392.13ms
step:1930/6200 train_loss:3.4782 train_time:752880ms step_avg:392.13ms
step:1931/6200 train_loss:3.7360 train_time:753273ms step_avg:392.13ms
step:1932/6200 train_loss:3.6007 train_time:753661ms step_avg:392.12ms
step:1933/6200 train_loss:3.6964 train_time:754049ms step_avg:392.12ms
step:1934/6200 train_loss:3.5319 train_time:754439ms step_avg:392.12ms
step:1935/6200 train_loss:3.5243 train_time:754823ms step_avg:392.12ms
step:1936/6200 train_loss:3.6101 train_time:755217ms step_avg:392.12ms
step:1937/6200 train_loss:3.5310 train_time:755601ms step_avg:392.11ms
step:1938/6200 train_loss:3.6440 train_time:755991ms step_avg:392.11ms
step:1939/6200 train_loss:3.5042 train_time:756379ms step_avg:392.11ms
step:1940/6200 train_loss:3.6573 train_time:756765ms step_avg:392.11ms
step:1941/6200 train_loss:3.8152 train_time:757152ms step_avg:392.10ms
step:1942/6200 train_loss:3.5819 train_time:757543ms step_avg:392.10ms
step:1943/6200 train_loss:3.5254 train_time:757929ms step_avg:392.10ms
step:1944/6200 train_loss:3.7546 train_time:758326ms step_avg:392.10ms
step:1945/6200 train_loss:3.4141 train_time:758712ms step_avg:392.10ms
step:1946/6200 train_loss:3.5997 train_time:759099ms step_avg:392.10ms
step:1947/6200 train_loss:3.5644 train_time:759486ms step_avg:392.09ms
step:1948/6200 train_loss:3.4705 train_time:759875ms step_avg:392.09ms
step:1949/6200 train_loss:3.5112 train_time:760266ms step_avg:392.09ms
step:1950/6200 train_loss:3.4623 train_time:760652ms step_avg:392.09ms
step:1951/6200 train_loss:3.4954 train_time:761046ms step_avg:392.09ms
step:1952/6200 train_loss:3.4709 train_time:761434ms step_avg:392.09ms
step:1953/6200 train_loss:3.7054 train_time:761823ms step_avg:392.09ms
step:1954/6200 train_loss:3.6941 train_time:762212ms step_avg:392.08ms
step:1955/6200 train_loss:3.5405 train_time:762599ms step_avg:392.08ms
step:1956/6200 train_loss:3.4294 train_time:762990ms step_avg:392.08ms
step:1957/6200 train_loss:3.3667 train_time:763375ms step_avg:392.08ms
step:1958/6200 train_loss:3.7997 train_time:763762ms step_avg:392.07ms
step:1959/6200 train_loss:3.5752 train_time:764153ms step_avg:392.07ms
step:1960/6200 train_loss:3.6864 train_time:764546ms step_avg:392.07ms
step:1961/6200 train_loss:3.4588 train_time:764935ms step_avg:392.07ms
step:1962/6200 train_loss:3.6433 train_time:765319ms step_avg:392.07ms
step:1963/6200 train_loss:3.6490 train_time:765707ms step_avg:392.07ms
step:1964/6200 train_loss:3.5716 train_time:766098ms step_avg:392.07ms
step:1965/6200 train_loss:3.4841 train_time:766487ms step_avg:392.07ms
step:1966/6200 train_loss:3.7671 train_time:766877ms step_avg:392.06ms
step:1967/6200 train_loss:3.4928 train_time:767265ms step_avg:392.06ms
step:1968/6200 train_loss:3.5274 train_time:767653ms step_avg:392.06ms
step:1969/6200 train_loss:3.5936 train_time:768051ms step_avg:392.06ms
step:1970/6200 train_loss:3.4130 train_time:768441ms step_avg:392.06ms
step:1971/6200 train_loss:3.1945 train_time:768830ms step_avg:392.06ms
step:1972/6200 train_loss:3.2680 train_time:769221ms step_avg:392.06ms
step:1973/6200 train_loss:3.5543 train_time:769611ms step_avg:392.06ms
step:1974/6200 train_loss:3.4748 train_time:769992ms step_avg:392.05ms
step:1975/6200 train_loss:3.3728 train_time:770379ms step_avg:392.05ms
step:1976/6200 train_loss:3.6363 train_time:770766ms step_avg:392.05ms
step:1977/6200 train_loss:3.4853 train_time:771158ms step_avg:392.05ms
step:1978/6200 train_loss:4.0867 train_time:771545ms step_avg:392.05ms
step:1979/6200 train_loss:3.5224 train_time:771932ms step_avg:392.04ms
step:1980/6200 train_loss:3.5538 train_time:772320ms step_avg:392.04ms
step:1981/6200 train_loss:3.5509 train_time:772708ms step_avg:392.04ms
step:1982/6200 train_loss:3.6061 train_time:773097ms step_avg:392.04ms
step:1983/6200 train_loss:3.5672 train_time:773486ms step_avg:392.04ms
step:1984/6200 train_loss:3.4511 train_time:773876ms step_avg:392.03ms
step:1985/6200 train_loss:3.6448 train_time:774263ms step_avg:392.03ms
step:1986/6200 train_loss:3.6961 train_time:774653ms step_avg:392.03ms
step:1987/6200 train_loss:3.4558 train_time:775046ms step_avg:392.03ms
step:1988/6200 train_loss:3.5191 train_time:775432ms step_avg:392.03ms
step:1989/6200 train_loss:3.5957 train_time:775826ms step_avg:392.03ms
step:1990/6200 train_loss:3.6760 train_time:776213ms step_avg:392.03ms
step:1991/6200 train_loss:3.4457 train_time:776607ms step_avg:392.03ms
step:1992/6200 train_loss:3.4344 train_time:776985ms step_avg:392.02ms
step:1993/6200 train_loss:3.7735 train_time:777370ms step_avg:392.02ms
step:1994/6200 train_loss:3.4551 train_time:777761ms step_avg:392.02ms
step:1995/6200 train_loss:3.4995 train_time:778150ms step_avg:392.02ms
step:1996/6200 train_loss:3.5700 train_time:778536ms step_avg:392.01ms
step:1997/6200 train_loss:3.5000 train_time:778925ms step_avg:392.01ms
step:1998/6200 train_loss:3.4812 train_time:779312ms step_avg:392.01ms
step:1999/6200 train_loss:3.4755 train_time:779702ms step_avg:392.01ms
step:2000/6200 train_loss:3.5464 train_time:780090ms step_avg:392.00ms
step:2000/6200 val_loss:3.5571 train_time:780324ms step_avg:392.12ms
step:2001/6200 train_loss:3.6637 train_time:780486ms step_avg:392.01ms
step:2002/6200 train_loss:3.5769 train_time:780874ms step_avg:392.01ms
step:2003/6200 train_loss:3.9233 train_time:781264ms step_avg:392.00ms
step:2004/6200 train_loss:3.6396 train_time:781645ms step_avg:392.00ms
step:2005/6200 train_loss:3.4637 train_time:782040ms step_avg:392.00ms
step:2006/6200 train_loss:3.5245 train_time:782422ms step_avg:392.00ms
step:2007/6200 train_loss:3.3683 train_time:782813ms step_avg:391.99ms
step:2008/6200 train_loss:3.6505 train_time:783207ms step_avg:392.00ms
step:2009/6200 train_loss:3.5666 train_time:783589ms step_avg:391.99ms
step:2010/6200 train_loss:3.5390 train_time:783978ms step_avg:391.99ms
step:2011/6200 train_loss:3.5977 train_time:784363ms step_avg:391.99ms
step:2012/6200 train_loss:3.6310 train_time:784751ms step_avg:391.98ms
step:2013/6200 train_loss:3.4723 train_time:785141ms step_avg:391.98ms
step:2014/6200 train_loss:3.5710 train_time:785527ms step_avg:391.98ms
step:2015/6200 train_loss:3.5115 train_time:785921ms step_avg:391.98ms
step:2016/6200 train_loss:3.4950 train_time:786312ms step_avg:391.98ms
step:2017/6200 train_loss:3.8079 train_time:786694ms step_avg:391.98ms
step:2018/6200 train_loss:3.4788 train_time:787087ms step_avg:391.98ms
step:2019/6200 train_loss:3.7507 train_time:787479ms step_avg:391.98ms
step:2020/6200 train_loss:3.5291 train_time:787860ms step_avg:391.97ms
step:2021/6200 train_loss:3.2432 train_time:788247ms step_avg:391.97ms
step:2022/6200 train_loss:3.5150 train_time:788636ms step_avg:391.97ms
step:2023/6200 train_loss:3.4995 train_time:789027ms step_avg:391.97ms
step:2024/6200 train_loss:3.5827 train_time:789417ms step_avg:391.96ms
step:2025/6200 train_loss:3.7039 train_time:789805ms step_avg:391.96ms
step:2026/6200 train_loss:3.5164 train_time:790192ms step_avg:391.96ms
step:2027/6200 train_loss:3.0050 train_time:790582ms step_avg:391.96ms
step:2028/6200 train_loss:3.4645 train_time:790968ms step_avg:391.96ms
step:2029/6200 train_loss:3.6256 train_time:791360ms step_avg:391.96ms
step:2030/6200 train_loss:3.5001 train_time:791751ms step_avg:391.96ms
step:2031/6200 train_loss:3.6036 train_time:792147ms step_avg:391.96ms
step:2032/6200 train_loss:3.3805 train_time:792533ms step_avg:391.95ms
step:2033/6200 train_loss:3.6174 train_time:792927ms step_avg:391.96ms
step:2034/6200 train_loss:3.4322 train_time:793313ms step_avg:391.95ms
step:2035/6200 train_loss:3.6101 train_time:793700ms step_avg:391.95ms
step:2036/6200 train_loss:3.6228 train_time:794092ms step_avg:391.95ms
step:2037/6200 train_loss:3.6492 train_time:794475ms step_avg:391.95ms
step:2038/6200 train_loss:3.4341 train_time:794861ms step_avg:391.94ms
step:2039/6200 train_loss:3.7740 train_time:795251ms step_avg:391.94ms
step:2040/6200 train_loss:3.6034 train_time:795639ms step_avg:391.94ms
step:2041/6200 train_loss:3.6671 train_time:796035ms step_avg:391.94ms
step:2042/6200 train_loss:3.4544 train_time:796422ms step_avg:391.94ms
step:2043/6200 train_loss:3.5427 train_time:796816ms step_avg:391.94ms
step:2044/6200 train_loss:3.6140 train_time:797196ms step_avg:391.94ms
step:2045/6200 train_loss:3.5918 train_time:797586ms step_avg:391.93ms
step:2046/6200 train_loss:3.3302 train_time:797981ms step_avg:391.94ms
step:2047/6200 train_loss:3.3911 train_time:798362ms step_avg:391.93ms
step:2048/6200 train_loss:3.5637 train_time:798757ms step_avg:391.93ms
step:2049/6200 train_loss:3.4736 train_time:799144ms step_avg:391.93ms
step:2050/6200 train_loss:3.3821 train_time:799536ms step_avg:391.93ms
step:2051/6200 train_loss:3.6669 train_time:799922ms step_avg:391.93ms
step:2052/6200 train_loss:3.5851 train_time:800310ms step_avg:391.92ms
step:2053/6200 train_loss:3.5253 train_time:800699ms step_avg:391.92ms
step:2054/6200 train_loss:3.5290 train_time:801088ms step_avg:391.92ms
step:2055/6200 train_loss:3.5781 train_time:801474ms step_avg:391.92ms
step:2056/6200 train_loss:3.4962 train_time:801862ms step_avg:391.92ms
step:2057/6200 train_loss:3.8431 train_time:802253ms step_avg:391.92ms
step:2058/6200 train_loss:3.7448 train_time:802648ms step_avg:391.92ms
step:2059/6200 train_loss:3.5219 train_time:803028ms step_avg:391.91ms
step:2060/6200 train_loss:3.6691 train_time:803419ms step_avg:391.91ms
step:2061/6200 train_loss:3.6232 train_time:803806ms step_avg:391.91ms
step:2062/6200 train_loss:3.6297 train_time:804195ms step_avg:391.91ms
step:2063/6200 train_loss:3.5623 train_time:804593ms step_avg:391.91ms
step:2064/6200 train_loss:3.8660 train_time:804981ms step_avg:391.91ms
step:2065/6200 train_loss:3.6170 train_time:805367ms step_avg:391.91ms
step:2066/6200 train_loss:3.6680 train_time:805755ms step_avg:391.90ms
step:2067/6200 train_loss:3.5035 train_time:806143ms step_avg:391.90ms
step:2068/6200 train_loss:3.4426 train_time:806538ms step_avg:391.90ms
step:2069/6200 train_loss:3.5002 train_time:806920ms step_avg:391.90ms
step:2070/6200 train_loss:3.7414 train_time:807305ms step_avg:391.90ms
step:2071/6200 train_loss:3.6997 train_time:807691ms step_avg:391.89ms
step:2072/6200 train_loss:3.6004 train_time:808082ms step_avg:391.89ms
step:2073/6200 train_loss:3.5563 train_time:808465ms step_avg:391.89ms
step:2074/6200 train_loss:3.5843 train_time:808850ms step_avg:391.88ms
step:2075/6200 train_loss:3.5617 train_time:809240ms step_avg:391.88ms
step:2076/6200 train_loss:3.3164 train_time:809627ms step_avg:391.88ms
step:2077/6200 train_loss:3.7076 train_time:810022ms step_avg:391.88ms
step:2078/6200 train_loss:3.3909 train_time:810409ms step_avg:391.88ms
step:2079/6200 train_loss:3.3828 train_time:810791ms step_avg:391.88ms
step:2080/6200 train_loss:3.4634 train_time:811402ms step_avg:391.98ms
step:2081/6200 train_loss:3.5504 train_time:811793ms step_avg:391.98ms
step:2082/6200 train_loss:3.4022 train_time:812181ms step_avg:391.98ms
step:2083/6200 train_loss:3.6501 train_time:812565ms step_avg:391.98ms
step:2084/6200 train_loss:3.4571 train_time:812950ms step_avg:391.97ms
step:2085/6200 train_loss:3.4029 train_time:813340ms step_avg:391.97ms
step:2086/6200 train_loss:3.5860 train_time:813727ms step_avg:391.97ms
step:2087/6200 train_loss:3.6428 train_time:814116ms step_avg:391.97ms
step:2088/6200 train_loss:3.5580 train_time:814508ms step_avg:391.97ms
step:2089/6200 train_loss:3.8151 train_time:814896ms step_avg:391.97ms
step:2090/6200 train_loss:3.6388 train_time:815596ms step_avg:392.11ms
step:2091/6200 train_loss:3.6593 train_time:816011ms step_avg:392.12ms
step:2092/6200 train_loss:3.4383 train_time:816399ms step_avg:392.12ms
step:2093/6200 train_loss:3.5792 train_time:816787ms step_avg:392.12ms
step:2094/6200 train_loss:3.5201 train_time:817203ms step_avg:392.13ms
step:2095/6200 train_loss:3.1028 train_time:817565ms step_avg:392.12ms
step:2096/6200 train_loss:3.4939 train_time:817953ms step_avg:392.12ms
step:2097/6200 train_loss:3.6829 train_time:818343ms step_avg:392.11ms
step:2098/6200 train_loss:3.5406 train_time:818730ms step_avg:392.11ms
step:2099/6200 train_loss:3.3488 train_time:819123ms step_avg:392.11ms
step:2100/6200 train_loss:3.4878 train_time:819515ms step_avg:392.11ms
step:2101/6200 train_loss:3.4782 train_time:819898ms step_avg:392.11ms
step:2102/6200 train_loss:3.7151 train_time:820286ms step_avg:392.11ms
step:2103/6200 train_loss:3.4477 train_time:820675ms step_avg:392.10ms
step:2104/6200 train_loss:3.4892 train_time:821065ms step_avg:392.10ms
step:2105/6200 train_loss:3.8120 train_time:821456ms step_avg:392.10ms
step:2106/6200 train_loss:3.3276 train_time:821844ms step_avg:392.10ms
step:2107/6200 train_loss:3.8865 train_time:822231ms step_avg:392.10ms
step:2108/6200 train_loss:3.4500 train_time:822617ms step_avg:392.10ms
step:2109/6200 train_loss:3.5848 train_time:823006ms step_avg:392.09ms
step:2110/6200 train_loss:3.6796 train_time:823393ms step_avg:392.09ms
step:2111/6200 train_loss:3.3877 train_time:823781ms step_avg:392.09ms
step:2112/6200 train_loss:3.7089 train_time:824174ms step_avg:392.09ms
step:2113/6200 train_loss:3.6150 train_time:824581ms step_avg:392.10ms
step:2114/6200 train_loss:3.5748 train_time:824945ms step_avg:392.08ms
step:2115/6200 train_loss:3.4899 train_time:825337ms step_avg:392.08ms
step:2116/6200 train_loss:3.6055 train_time:825726ms step_avg:392.08ms
step:2117/6200 train_loss:3.4565 train_time:826111ms step_avg:392.08ms
step:2118/6200 train_loss:3.6351 train_time:826501ms step_avg:392.08ms
step:2119/6200 train_loss:3.5210 train_time:826896ms step_avg:392.08ms
step:2120/6200 train_loss:3.4974 train_time:827278ms step_avg:392.07ms
step:2121/6200 train_loss:3.4001 train_time:827663ms step_avg:392.07ms
step:2122/6200 train_loss:3.5511 train_time:828051ms step_avg:392.07ms
step:2123/6200 train_loss:3.6162 train_time:828443ms step_avg:392.07ms
step:2124/6200 train_loss:3.5297 train_time:828829ms step_avg:392.07ms
step:2125/6200 train_loss:3.5186 train_time:829221ms step_avg:392.07ms
step:2125/6200 val_loss:3.5457 train_time:829451ms step_avg:392.18ms
step:2126/6200 train_loss:3.4512 train_time:829614ms step_avg:392.07ms
step:2127/6200 train_loss:3.6596 train_time:829995ms step_avg:392.06ms
step:2128/6200 train_loss:3.5765 train_time:830394ms step_avg:392.07ms
step:2129/6200 train_loss:3.5918 train_time:830775ms step_avg:392.06ms
step:2130/6200 train_loss:3.4590 train_time:831172ms step_avg:392.06ms
step:2131/6200 train_loss:3.4349 train_time:831558ms step_avg:392.06ms
step:2132/6200 train_loss:3.7045 train_time:831953ms step_avg:392.06ms
step:2133/6200 train_loss:3.6105 train_time:832347ms step_avg:392.06ms
step:2134/6200 train_loss:3.3872 train_time:832732ms step_avg:392.06ms
step:2135/6200 train_loss:3.5621 train_time:833121ms step_avg:392.06ms
step:2136/6200 train_loss:3.5016 train_time:833515ms step_avg:392.06ms
step:2137/6200 train_loss:3.6923 train_time:833904ms step_avg:392.06ms
step:2138/6200 train_loss:3.4279 train_time:834293ms step_avg:392.06ms
step:2139/6200 train_loss:3.4976 train_time:834676ms step_avg:392.05ms
step:2140/6200 train_loss:3.6186 train_time:835071ms step_avg:392.05ms
step:2141/6200 train_loss:3.8190 train_time:835460ms step_avg:392.05ms
step:2142/6200 train_loss:4.3137 train_time:835850ms step_avg:392.05ms
step:2143/6200 train_loss:3.5250 train_time:836251ms step_avg:392.05ms
step:2144/6200 train_loss:3.3345 train_time:836636ms step_avg:392.05ms
step:2145/6200 train_loss:3.5741 train_time:837040ms step_avg:392.06ms
step:2146/6200 train_loss:3.7284 train_time:837415ms step_avg:392.05ms
step:2147/6200 train_loss:3.5661 train_time:837811ms step_avg:392.05ms
step:2148/6200 train_loss:3.4932 train_time:838195ms step_avg:392.05ms
step:2149/6200 train_loss:3.5345 train_time:838590ms step_avg:392.05ms
step:2150/6200 train_loss:3.4245 train_time:838975ms step_avg:392.04ms
step:2151/6200 train_loss:3.5080 train_time:839363ms step_avg:392.04ms
step:2152/6200 train_loss:3.6345 train_time:839752ms step_avg:392.04ms
step:2153/6200 train_loss:3.5317 train_time:840140ms step_avg:392.04ms
step:2154/6200 train_loss:3.5156 train_time:840529ms step_avg:392.04ms
step:2155/6200 train_loss:3.4764 train_time:840912ms step_avg:392.03ms
step:2156/6200 train_loss:3.3480 train_time:841300ms step_avg:392.03ms
step:2157/6200 train_loss:3.5165 train_time:841695ms step_avg:392.03ms
step:2158/6200 train_loss:3.5814 train_time:842087ms step_avg:392.03ms
step:2159/6200 train_loss:3.5656 train_time:842476ms step_avg:392.03ms
step:2160/6200 train_loss:3.6745 train_time:842864ms step_avg:392.03ms
step:2161/6200 train_loss:3.5898 train_time:843251ms step_avg:392.03ms
step:2162/6200 train_loss:3.4985 train_time:843640ms step_avg:392.03ms
step:2163/6200 train_loss:3.5378 train_time:844025ms step_avg:392.02ms
step:2164/6200 train_loss:3.5991 train_time:844416ms step_avg:392.02ms
step:2165/6200 train_loss:3.5549 train_time:844807ms step_avg:392.02ms
step:2166/6200 train_loss:3.5524 train_time:845199ms step_avg:392.02ms
step:2167/6200 train_loss:3.5176 train_time:845593ms step_avg:392.02ms
step:2168/6200 train_loss:3.4000 train_time:845983ms step_avg:392.02ms
step:2169/6200 train_loss:3.4355 train_time:846371ms step_avg:392.02ms
step:2170/6200 train_loss:3.4997 train_time:846756ms step_avg:392.02ms
step:2171/6200 train_loss:3.6662 train_time:847143ms step_avg:392.01ms
step:2172/6200 train_loss:3.6048 train_time:847529ms step_avg:392.01ms
step:2173/6200 train_loss:3.4470 train_time:847916ms step_avg:392.01ms
step:2174/6200 train_loss:3.5219 train_time:848305ms step_avg:392.01ms
step:2175/6200 train_loss:3.4440 train_time:848704ms step_avg:392.01ms
step:2176/6200 train_loss:3.5351 train_time:849102ms step_avg:392.01ms
step:2177/6200 train_loss:3.3940 train_time:849545ms step_avg:392.04ms
step:2178/6200 train_loss:3.6620 train_time:849909ms step_avg:392.02ms
step:2179/6200 train_loss:3.5343 train_time:850266ms step_avg:392.01ms
step:2180/6200 train_loss:3.3995 train_time:850666ms step_avg:392.01ms
step:2181/6200 train_loss:3.6837 train_time:851046ms step_avg:392.01ms
step:2182/6200 train_loss:3.5365 train_time:851421ms step_avg:392.00ms
step:2183/6200 train_loss:3.5523 train_time:851811ms step_avg:392.00ms
step:2184/6200 train_loss:3.4565 train_time:852202ms step_avg:392.00ms
step:2185/6200 train_loss:3.4166 train_time:852595ms step_avg:392.00ms
step:2186/6200 train_loss:3.5193 train_time:852982ms step_avg:392.00ms
step:2187/6200 train_loss:3.4406 train_time:853377ms step_avg:392.00ms
step:2188/6200 train_loss:3.3707 train_time:853755ms step_avg:391.99ms
step:2189/6200 train_loss:3.4690 train_time:854145ms step_avg:391.99ms
step:2190/6200 train_loss:3.4285 train_time:854532ms step_avg:391.99ms
step:2191/6200 train_loss:3.5594 train_time:854966ms step_avg:392.01ms
step:2192/6200 train_loss:3.5357 train_time:855306ms step_avg:391.98ms
step:2193/6200 train_loss:3.8759 train_time:855698ms step_avg:391.98ms
step:2194/6200 train_loss:3.5304 train_time:856087ms step_avg:391.98ms
step:2195/6200 train_loss:3.6275 train_time:856473ms step_avg:391.98ms
step:2196/6200 train_loss:3.6771 train_time:856861ms step_avg:391.98ms
step:2197/6200 train_loss:3.4441 train_time:857255ms step_avg:391.98ms
step:2198/6200 train_loss:3.5903 train_time:857640ms step_avg:391.97ms
step:2199/6200 train_loss:3.4465 train_time:858038ms step_avg:391.98ms
step:2200/6200 train_loss:3.4297 train_time:858417ms step_avg:391.97ms
step:2201/6200 train_loss:3.5276 train_time:858806ms step_avg:391.97ms
step:2202/6200 train_loss:3.4896 train_time:859191ms step_avg:391.97ms
step:2203/6200 train_loss:3.5238 train_time:859585ms step_avg:391.97ms
step:2204/6200 train_loss:4.4352 train_time:859970ms step_avg:391.96ms
step:2205/6200 train_loss:3.5934 train_time:860354ms step_avg:391.96ms
step:2206/6200 train_loss:3.4523 train_time:860746ms step_avg:391.96ms
step:2207/6200 train_loss:3.4910 train_time:861142ms step_avg:391.96ms
step:2208/6200 train_loss:3.6320 train_time:861539ms step_avg:391.97ms
step:2209/6200 train_loss:3.3611 train_time:861920ms step_avg:391.96ms
step:2210/6200 train_loss:3.5089 train_time:862309ms step_avg:391.96ms
step:2211/6200 train_loss:3.4755 train_time:862704ms step_avg:391.96ms
step:2212/6200 train_loss:3.5561 train_time:863091ms step_avg:391.96ms
step:2213/6200 train_loss:3.5669 train_time:863475ms step_avg:391.95ms
step:2214/6200 train_loss:3.4799 train_time:863867ms step_avg:391.95ms
step:2215/6200 train_loss:3.5540 train_time:864255ms step_avg:391.95ms
step:2216/6200 train_loss:3.7300 train_time:864642ms step_avg:391.95ms
step:2217/6200 train_loss:3.5585 train_time:865031ms step_avg:391.95ms
step:2218/6200 train_loss:3.3982 train_time:865422ms step_avg:391.95ms
step:2219/6200 train_loss:3.4986 train_time:865814ms step_avg:391.95ms
step:2220/6200 train_loss:3.3645 train_time:866203ms step_avg:391.95ms
step:2221/6200 train_loss:3.7920 train_time:866586ms step_avg:391.94ms
step:2222/6200 train_loss:3.6532 train_time:866973ms step_avg:391.94ms
step:2223/6200 train_loss:3.8496 train_time:867368ms step_avg:391.94ms
step:2224/6200 train_loss:3.4199 train_time:867759ms step_avg:391.94ms
step:2225/6200 train_loss:3.4998 train_time:868146ms step_avg:391.94ms
step:2226/6200 train_loss:3.3962 train_time:868539ms step_avg:391.94ms
step:2227/6200 train_loss:3.7451 train_time:868925ms step_avg:391.94ms
step:2228/6200 train_loss:3.6910 train_time:869338ms step_avg:391.95ms
step:2229/6200 train_loss:3.3214 train_time:869703ms step_avg:391.93ms
step:2230/6200 train_loss:3.7813 train_time:870100ms step_avg:391.94ms
step:2231/6200 train_loss:3.4697 train_time:870482ms step_avg:391.93ms
step:2232/6200 train_loss:3.4641 train_time:870868ms step_avg:391.93ms
step:2233/6200 train_loss:3.6234 train_time:871259ms step_avg:391.93ms
step:2234/6200 train_loss:3.7178 train_time:871640ms step_avg:391.92ms
step:2235/6200 train_loss:3.5564 train_time:872053ms step_avg:391.93ms
step:2236/6200 train_loss:3.4585 train_time:872426ms step_avg:391.93ms
step:2237/6200 train_loss:3.2648 train_time:872811ms step_avg:391.92ms
step:2238/6200 train_loss:3.5400 train_time:873198ms step_avg:391.92ms
step:2239/6200 train_loss:3.5649 train_time:873599ms step_avg:391.92ms
step:2240/6200 train_loss:3.3459 train_time:873986ms step_avg:391.92ms
step:2241/6200 train_loss:3.4491 train_time:874370ms step_avg:391.92ms
step:2242/6200 train_loss:3.4983 train_time:874761ms step_avg:391.92ms
step:2243/6200 train_loss:3.5665 train_time:875151ms step_avg:391.92ms
step:2244/6200 train_loss:3.3405 train_time:875537ms step_avg:391.91ms
step:2245/6200 train_loss:3.6048 train_time:875923ms step_avg:391.91ms
step:2246/6200 train_loss:3.6244 train_time:876312ms step_avg:391.91ms
step:2247/6200 train_loss:3.2892 train_time:876753ms step_avg:391.93ms
step:2248/6200 train_loss:3.3256 train_time:877095ms step_avg:391.91ms
step:2249/6200 train_loss:3.6637 train_time:877478ms step_avg:391.91ms
step:2250/6200 train_loss:3.5946 train_time:877867ms step_avg:391.90ms
step:2250/6200 val_loss:3.5344 train_time:878091ms step_avg:392.00ms
step:2251/6200 train_loss:3.4620 train_time:878263ms step_avg:391.91ms
step:2252/6200 train_loss:3.4610 train_time:878653ms step_avg:391.91ms
step:2253/6200 train_loss:3.5363 train_time:879037ms step_avg:391.90ms
step:2254/6200 train_loss:3.5531 train_time:879428ms step_avg:391.90ms
step:2255/6200 train_loss:3.6208 train_time:879818ms step_avg:391.90ms
step:2256/6200 train_loss:3.4848 train_time:880212ms step_avg:391.90ms
step:2257/6200 train_loss:3.6591 train_time:880591ms step_avg:391.90ms
step:2258/6200 train_loss:3.5330 train_time:880974ms step_avg:391.89ms
step:2259/6200 train_loss:4.3348 train_time:881363ms step_avg:391.89ms
step:2260/6200 train_loss:3.4996 train_time:881755ms step_avg:391.89ms
step:2261/6200 train_loss:3.5433 train_time:882141ms step_avg:391.89ms
step:2262/6200 train_loss:3.5396 train_time:882525ms step_avg:391.88ms
step:2263/6200 train_loss:3.4171 train_time:882909ms step_avg:391.88ms
step:2264/6200 train_loss:3.5597 train_time:883302ms step_avg:391.88ms
step:2265/6200 train_loss:3.3945 train_time:883704ms step_avg:391.89ms
step:2266/6200 train_loss:3.7135 train_time:884090ms step_avg:391.88ms
step:2267/6200 train_loss:3.3214 train_time:884476ms step_avg:391.88ms
step:2268/6200 train_loss:3.4150 train_time:884870ms step_avg:391.88ms
step:2269/6200 train_loss:3.3402 train_time:885521ms step_avg:392.00ms
step:2270/6200 train_loss:3.4764 train_time:885912ms step_avg:392.00ms
step:2271/6200 train_loss:3.9960 train_time:886289ms step_avg:391.99ms
step:2272/6200 train_loss:3.6015 train_time:886679ms step_avg:391.99ms
step:2273/6200 train_loss:3.6024 train_time:887061ms step_avg:391.98ms
step:2274/6200 train_loss:3.4983 train_time:887450ms step_avg:391.98ms
step:2275/6200 train_loss:3.4424 train_time:887841ms step_avg:391.98ms
step:2276/6200 train_loss:3.4685 train_time:888223ms step_avg:391.98ms
step:2277/6200 train_loss:3.3320 train_time:888613ms step_avg:391.98ms
step:2278/6200 train_loss:3.4146 train_time:889011ms step_avg:391.98ms
step:2279/6200 train_loss:3.8364 train_time:889398ms step_avg:391.98ms
step:2280/6200 train_loss:3.3840 train_time:890382ms step_avg:392.24ms
step:2281/6200 train_loss:3.5640 train_time:891060ms step_avg:392.36ms
step:2282/6200 train_loss:3.3759 train_time:891445ms step_avg:392.36ms
step:2283/6200 train_loss:3.5054 train_time:891832ms step_avg:392.36ms
step:2284/6200 train_loss:3.4337 train_time:892220ms step_avg:392.36ms
step:2285/6200 train_loss:3.5651 train_time:892615ms step_avg:392.36ms
step:2286/6200 train_loss:3.5501 train_time:893012ms step_avg:392.36ms
step:2287/6200 train_loss:3.3621 train_time:893391ms step_avg:392.35ms
step:2288/6200 train_loss:3.5562 train_time:893785ms step_avg:392.36ms
step:2289/6200 train_loss:3.5625 train_time:894173ms step_avg:392.35ms
step:2290/6200 train_loss:3.7636 train_time:894563ms step_avg:392.35ms
step:2291/6200 train_loss:3.3615 train_time:894951ms step_avg:392.35ms
step:2292/6200 train_loss:4.1815 train_time:895332ms step_avg:392.35ms
step:2293/6200 train_loss:3.4929 train_time:895726ms step_avg:392.35ms
step:2294/6200 train_loss:3.4163 train_time:896115ms step_avg:392.34ms
step:2295/6200 train_loss:3.5776 train_time:896499ms step_avg:392.34ms
step:2296/6200 train_loss:3.4940 train_time:896913ms step_avg:392.35ms
step:2297/6200 train_loss:3.5280 train_time:897285ms step_avg:392.34ms
step:2298/6200 train_loss:3.9725 train_time:897673ms step_avg:392.34ms
step:2299/6200 train_loss:3.5731 train_time:898057ms step_avg:392.34ms
step:2300/6200 train_loss:3.3245 train_time:898447ms step_avg:392.33ms
step:2301/6200 train_loss:3.7556 train_time:898836ms step_avg:392.33ms
step:2302/6200 train_loss:3.3856 train_time:899229ms step_avg:392.33ms
step:2303/6200 train_loss:3.5386 train_time:899624ms step_avg:392.33ms
step:2304/6200 train_loss:3.4947 train_time:900012ms step_avg:392.33ms
step:2305/6200 train_loss:3.4424 train_time:900399ms step_avg:392.33ms
step:2306/6200 train_loss:3.7661 train_time:900793ms step_avg:392.33ms
step:2307/6200 train_loss:3.3561 train_time:901185ms step_avg:392.33ms
step:2308/6200 train_loss:3.5834 train_time:901564ms step_avg:392.33ms
step:2309/6200 train_loss:3.5511 train_time:901964ms step_avg:392.33ms
step:2310/6200 train_loss:3.6660 train_time:902356ms step_avg:392.33ms
step:2311/6200 train_loss:3.3599 train_time:902742ms step_avg:392.33ms
step:2312/6200 train_loss:3.5593 train_time:903124ms step_avg:392.32ms
step:2313/6200 train_loss:3.6072 train_time:903509ms step_avg:392.32ms
step:2314/6200 train_loss:3.5820 train_time:903907ms step_avg:392.32ms
step:2315/6200 train_loss:3.4398 train_time:904292ms step_avg:392.32ms
step:2316/6200 train_loss:3.5162 train_time:904683ms step_avg:392.32ms
step:2317/6200 train_loss:3.3602 train_time:905065ms step_avg:392.31ms
step:2318/6200 train_loss:3.5546 train_time:905462ms step_avg:392.31ms
step:2319/6200 train_loss:3.5005 train_time:905850ms step_avg:392.31ms
step:2320/6200 train_loss:3.1701 train_time:906242ms step_avg:392.31ms
step:2321/6200 train_loss:3.4668 train_time:906626ms step_avg:392.31ms
step:2322/6200 train_loss:3.6228 train_time:907025ms step_avg:392.31ms
step:2323/6200 train_loss:3.5125 train_time:907405ms step_avg:392.31ms
step:2324/6200 train_loss:3.5421 train_time:907789ms step_avg:392.30ms
step:2325/6200 train_loss:3.5641 train_time:908186ms step_avg:392.30ms
step:2326/6200 train_loss:3.6419 train_time:908576ms step_avg:392.30ms
step:2327/6200 train_loss:3.6425 train_time:908968ms step_avg:392.30ms
step:2328/6200 train_loss:3.3690 train_time:909354ms step_avg:392.30ms
step:2329/6200 train_loss:3.4702 train_time:909743ms step_avg:392.30ms
step:2330/6200 train_loss:3.4515 train_time:910136ms step_avg:392.30ms
step:2331/6200 train_loss:3.4060 train_time:910515ms step_avg:392.29ms
step:2332/6200 train_loss:3.1975 train_time:910914ms step_avg:392.30ms
step:2333/6200 train_loss:3.5145 train_time:911296ms step_avg:392.29ms
step:2334/6200 train_loss:3.5017 train_time:911682ms step_avg:392.29ms
step:2335/6200 train_loss:3.6006 train_time:912073ms step_avg:392.29ms
step:2336/6200 train_loss:3.3872 train_time:912464ms step_avg:392.29ms
step:2337/6200 train_loss:3.5496 train_time:912851ms step_avg:392.29ms
step:2338/6200 train_loss:3.4939 train_time:913251ms step_avg:392.29ms
step:2339/6200 train_loss:3.4292 train_time:913623ms step_avg:392.28ms
step:2340/6200 train_loss:3.6454 train_time:914025ms step_avg:392.29ms
step:2341/6200 train_loss:3.5321 train_time:914419ms step_avg:392.29ms
step:2342/6200 train_loss:3.4888 train_time:914795ms step_avg:392.28ms
step:2343/6200 train_loss:3.4946 train_time:915180ms step_avg:392.28ms
step:2344/6200 train_loss:3.5790 train_time:915567ms step_avg:392.27ms
step:2345/6200 train_loss:3.4944 train_time:915955ms step_avg:392.27ms
step:2346/6200 train_loss:3.5601 train_time:916343ms step_avg:392.27ms
step:2347/6200 train_loss:3.5687 train_time:916731ms step_avg:392.27ms
step:2348/6200 train_loss:3.5247 train_time:917129ms step_avg:392.27ms
step:2349/6200 train_loss:3.5659 train_time:917520ms step_avg:392.27ms
step:2350/6200 train_loss:3.3646 train_time:917901ms step_avg:392.27ms
step:2351/6200 train_loss:3.3413 train_time:918289ms step_avg:392.26ms
step:2352/6200 train_loss:3.4830 train_time:918679ms step_avg:392.26ms
step:2353/6200 train_loss:3.5133 train_time:919070ms step_avg:392.26ms
step:2354/6200 train_loss:3.5978 train_time:919462ms step_avg:392.26ms
step:2355/6200 train_loss:3.4872 train_time:919846ms step_avg:392.26ms
step:2356/6200 train_loss:3.3359 train_time:920233ms step_avg:392.26ms
step:2357/6200 train_loss:3.6497 train_time:920660ms step_avg:392.27ms
step:2358/6200 train_loss:3.3394 train_time:921009ms step_avg:392.25ms
step:2359/6200 train_loss:3.4313 train_time:921392ms step_avg:392.25ms
step:2360/6200 train_loss:3.3747 train_time:921787ms step_avg:392.25ms
step:2361/6200 train_loss:3.3640 train_time:922175ms step_avg:392.25ms
step:2362/6200 train_loss:3.4807 train_time:922615ms step_avg:392.27ms
step:2363/6200 train_loss:3.3269 train_time:922950ms step_avg:392.24ms
step:2364/6200 train_loss:3.5087 train_time:923339ms step_avg:392.24ms
step:2365/6200 train_loss:3.4584 train_time:923727ms step_avg:392.24ms
step:2366/6200 train_loss:3.5161 train_time:924112ms step_avg:392.24ms
step:2367/6200 train_loss:3.5974 train_time:924498ms step_avg:392.23ms
step:2368/6200 train_loss:3.5124 train_time:924895ms step_avg:392.24ms
step:2369/6200 train_loss:3.5276 train_time:925280ms step_avg:392.23ms
step:2370/6200 train_loss:3.6152 train_time:925671ms step_avg:392.23ms
step:2371/6200 train_loss:3.4296 train_time:926059ms step_avg:392.23ms
step:2372/6200 train_loss:3.6675 train_time:926449ms step_avg:392.23ms
step:2373/6200 train_loss:3.4888 train_time:926829ms step_avg:392.23ms
step:2374/6200 train_loss:4.1929 train_time:927216ms step_avg:392.22ms
step:2375/6200 train_loss:3.4478 train_time:927605ms step_avg:392.22ms
step:2375/6200 val_loss:3.5234 train_time:927835ms step_avg:392.32ms
step:2376/6200 train_loss:3.3986 train_time:927998ms step_avg:392.22ms
step:2377/6200 train_loss:3.7298 train_time:928387ms step_avg:392.22ms
step:2378/6200 train_loss:3.6248 train_time:928776ms step_avg:392.22ms
step:2379/6200 train_loss:3.6503 train_time:929160ms step_avg:392.22ms
step:2380/6200 train_loss:3.5653 train_time:929550ms step_avg:392.22ms
step:2381/6200 train_loss:3.4267 train_time:929957ms step_avg:392.22ms
step:2382/6200 train_loss:3.5826 train_time:930333ms step_avg:392.21ms
step:2383/6200 train_loss:3.6078 train_time:930726ms step_avg:392.21ms
step:2384/6200 train_loss:3.4536 train_time:931113ms step_avg:392.21ms
step:2385/6200 train_loss:3.3953 train_time:931497ms step_avg:392.21ms
step:2386/6200 train_loss:3.5773 train_time:931885ms step_avg:392.21ms
step:2387/6200 train_loss:3.5868 train_time:932273ms step_avg:392.21ms
step:2388/6200 train_loss:3.6377 train_time:932662ms step_avg:392.20ms
step:2389/6200 train_loss:3.5450 train_time:933050ms step_avg:392.20ms
step:2390/6200 train_loss:3.6279 train_time:933469ms step_avg:392.21ms
step:2391/6200 train_loss:3.4418 train_time:933830ms step_avg:392.20ms
step:2392/6200 train_loss:3.4191 train_time:934223ms step_avg:392.20ms
step:2393/6200 train_loss:3.6572 train_time:934606ms step_avg:392.20ms
step:2394/6200 train_loss:3.4307 train_time:935027ms step_avg:392.21ms
step:2395/6200 train_loss:3.6396 train_time:935384ms step_avg:392.19ms
step:2396/6200 train_loss:3.6899 train_time:935773ms step_avg:392.19ms
step:2397/6200 train_loss:3.8740 train_time:936161ms step_avg:392.19ms
step:2398/6200 train_loss:3.7905 train_time:936554ms step_avg:392.19ms
step:2399/6200 train_loss:3.5706 train_time:936986ms step_avg:392.21ms
step:2400/6200 train_loss:3.4195 train_time:937324ms step_avg:392.19ms
step:2401/6200 train_loss:3.4523 train_time:937716ms step_avg:392.19ms
step:2402/6200 train_loss:3.6251 train_time:938102ms step_avg:392.18ms
step:2403/6200 train_loss:3.4268 train_time:938491ms step_avg:392.18ms
step:2404/6200 train_loss:3.5105 train_time:938893ms step_avg:392.19ms
step:2405/6200 train_loss:3.8231 train_time:939278ms step_avg:392.18ms
step:2406/6200 train_loss:3.4658 train_time:939661ms step_avg:392.18ms
step:2407/6200 train_loss:3.6166 train_time:940054ms step_avg:392.18ms
step:2408/6200 train_loss:3.4956 train_time:940442ms step_avg:392.18ms
step:2409/6200 train_loss:3.5424 train_time:940838ms step_avg:392.18ms
step:2410/6200 train_loss:3.6099 train_time:941228ms step_avg:392.18ms
step:2411/6200 train_loss:3.4585 train_time:941616ms step_avg:392.18ms
step:2412/6200 train_loss:3.6315 train_time:942001ms step_avg:392.17ms
step:2413/6200 train_loss:3.6054 train_time:942388ms step_avg:392.17ms
step:2414/6200 train_loss:3.4735 train_time:942776ms step_avg:392.17ms
step:2415/6200 train_loss:3.4557 train_time:943169ms step_avg:392.17ms
step:2416/6200 train_loss:3.5989 train_time:943557ms step_avg:392.17ms
step:2417/6200 train_loss:3.4090 train_time:943955ms step_avg:392.17ms
step:2418/6200 train_loss:3.3485 train_time:944331ms step_avg:392.16ms
step:2419/6200 train_loss:3.6831 train_time:944776ms step_avg:392.19ms
step:2420/6200 train_loss:3.5046 train_time:945100ms step_avg:392.16ms
step:2421/6200 train_loss:3.5083 train_time:945492ms step_avg:392.16ms
step:2422/6200 train_loss:3.5314 train_time:945878ms step_avg:392.15ms
step:2423/6200 train_loss:3.7275 train_time:946265ms step_avg:392.15ms
step:2424/6200 train_loss:3.5303 train_time:946651ms step_avg:392.15ms
step:2425/6200 train_loss:3.7642 train_time:947053ms step_avg:392.15ms
step:2426/6200 train_loss:3.6395 train_time:947437ms step_avg:392.15ms
step:2427/6200 train_loss:3.5254 train_time:947824ms step_avg:392.15ms
step:2428/6200 train_loss:3.5539 train_time:948213ms step_avg:392.15ms
step:2429/6200 train_loss:3.5333 train_time:948595ms step_avg:392.14ms
step:2430/6200 train_loss:3.5482 train_time:948994ms step_avg:392.15ms
step:2431/6200 train_loss:3.5142 train_time:949381ms step_avg:392.14ms
step:2432/6200 train_loss:3.5099 train_time:949770ms step_avg:392.14ms
step:2433/6200 train_loss:3.5557 train_time:950157ms step_avg:392.14ms
step:2434/6200 train_loss:3.3913 train_time:950546ms step_avg:392.14ms
step:2435/6200 train_loss:3.3318 train_time:950923ms step_avg:392.13ms
step:2436/6200 train_loss:3.5619 train_time:951324ms step_avg:392.14ms
step:2437/6200 train_loss:3.3271 train_time:951710ms step_avg:392.13ms
step:2438/6200 train_loss:3.5029 train_time:952103ms step_avg:392.13ms
step:2439/6200 train_loss:3.6001 train_time:952487ms step_avg:392.13ms
step:2440/6200 train_loss:3.6107 train_time:952876ms step_avg:392.13ms
step:2441/6200 train_loss:3.5054 train_time:953271ms step_avg:392.13ms
step:2442/6200 train_loss:3.4671 train_time:953661ms step_avg:392.13ms
step:2443/6200 train_loss:3.6165 train_time:954042ms step_avg:392.13ms
step:2444/6200 train_loss:3.3865 train_time:954434ms step_avg:392.13ms
step:2445/6200 train_loss:3.4984 train_time:954826ms step_avg:392.13ms
step:2446/6200 train_loss:3.5025 train_time:955218ms step_avg:392.13ms
step:2447/6200 train_loss:3.4843 train_time:955603ms step_avg:392.12ms
step:2448/6200 train_loss:3.4923 train_time:955988ms step_avg:392.12ms
step:2449/6200 train_loss:3.8020 train_time:956377ms step_avg:392.12ms
step:2450/6200 train_loss:3.5438 train_time:956773ms step_avg:392.12ms
step:2451/6200 train_loss:3.4637 train_time:957168ms step_avg:392.12ms
step:2452/6200 train_loss:3.4218 train_time:957567ms step_avg:392.12ms
step:2453/6200 train_loss:3.7860 train_time:957938ms step_avg:392.12ms
step:2454/6200 train_loss:3.4628 train_time:958330ms step_avg:392.12ms
step:2455/6200 train_loss:3.6442 train_time:958718ms step_avg:392.11ms
step:2456/6200 train_loss:3.5820 train_time:959109ms step_avg:392.11ms
step:2457/6200 train_loss:3.5099 train_time:959495ms step_avg:392.11ms
step:2458/6200 train_loss:3.3152 train_time:959879ms step_avg:392.11ms
step:2459/6200 train_loss:3.4968 train_time:960275ms step_avg:392.11ms
step:2460/6200 train_loss:3.4832 train_time:960676ms step_avg:392.11ms
step:2461/6200 train_loss:3.5876 train_time:961070ms step_avg:392.11ms
step:2462/6200 train_loss:3.3914 train_time:961457ms step_avg:392.11ms
step:2463/6200 train_loss:3.7386 train_time:961855ms step_avg:392.11ms
step:2464/6200 train_loss:3.5312 train_time:962234ms step_avg:392.11ms
step:2465/6200 train_loss:3.6360 train_time:962625ms step_avg:392.11ms
step:2466/6200 train_loss:3.7205 train_time:963026ms step_avg:392.11ms
step:2467/6200 train_loss:3.5138 train_time:963400ms step_avg:392.10ms
step:2468/6200 train_loss:3.4477 train_time:963820ms step_avg:392.12ms
step:2469/6200 train_loss:3.5183 train_time:964175ms step_avg:392.10ms
step:2470/6200 train_loss:3.5402 train_time:964946ms step_avg:392.25ms
step:2471/6200 train_loss:3.5053 train_time:965354ms step_avg:392.26ms
step:2472/6200 train_loss:3.4920 train_time:965727ms step_avg:392.25ms
step:2473/6200 train_loss:3.5392 train_time:966133ms step_avg:392.26ms
step:2474/6200 train_loss:3.6242 train_time:966522ms step_avg:392.26ms
step:2475/6200 train_loss:4.0475 train_time:966910ms step_avg:392.26ms
step:2476/6200 train_loss:3.4097 train_time:967291ms step_avg:392.25ms
step:2477/6200 train_loss:3.7290 train_time:967681ms step_avg:392.25ms
step:2478/6200 train_loss:3.6816 train_time:968066ms step_avg:392.25ms
step:2479/6200 train_loss:3.3671 train_time:968454ms step_avg:392.25ms
step:2480/6200 train_loss:3.3381 train_time:968836ms step_avg:392.24ms
step:2481/6200 train_loss:3.5608 train_time:969232ms step_avg:392.24ms
step:2482/6200 train_loss:3.5071 train_time:969622ms step_avg:392.24ms
step:2483/6200 train_loss:3.4161 train_time:970016ms step_avg:392.24ms
step:2484/6200 train_loss:3.4847 train_time:970407ms step_avg:392.24ms
step:2485/6200 train_loss:3.5676 train_time:970789ms step_avg:392.24ms
step:2486/6200 train_loss:3.2547 train_time:971174ms step_avg:392.24ms
step:2487/6200 train_loss:3.5969 train_time:971563ms step_avg:392.23ms
step:2488/6200 train_loss:3.4139 train_time:971959ms step_avg:392.24ms
step:2489/6200 train_loss:3.3930 train_time:972339ms step_avg:392.23ms
step:2490/6200 train_loss:3.5511 train_time:972731ms step_avg:392.23ms
step:2491/6200 train_loss:3.5935 train_time:973116ms step_avg:392.23ms
step:2492/6200 train_loss:3.8313 train_time:973506ms step_avg:392.23ms
step:2493/6200 train_loss:3.5332 train_time:973899ms step_avg:392.23ms
step:2494/6200 train_loss:3.3935 train_time:974284ms step_avg:392.22ms
step:2495/6200 train_loss:3.6462 train_time:974674ms step_avg:392.22ms
step:2496/6200 train_loss:3.6497 train_time:975062ms step_avg:392.22ms
step:2497/6200 train_loss:3.4747 train_time:975451ms step_avg:392.22ms
step:2498/6200 train_loss:3.5354 train_time:975839ms step_avg:392.22ms
step:2499/6200 train_loss:3.5664 train_time:976232ms step_avg:392.22ms
step:2500/6200 train_loss:3.6269 train_time:976611ms step_avg:392.21ms
step:2500/6200 val_loss:3.5137 train_time:976841ms step_avg:392.31ms
step:2501/6200 train_loss:3.6674 train_time:977006ms step_avg:392.21ms
step:2502/6200 train_loss:3.6037 train_time:977405ms step_avg:392.22ms
step:2503/6200 train_loss:3.6333 train_time:977809ms step_avg:392.22ms
step:2504/6200 train_loss:3.3822 train_time:978171ms step_avg:392.21ms
step:2505/6200 train_loss:3.6233 train_time:978596ms step_avg:392.22ms
step:2506/6200 train_loss:3.5694 train_time:978951ms step_avg:392.21ms
step:2507/6200 train_loss:3.4549 train_time:979331ms step_avg:392.20ms
step:2508/6200 train_loss:3.3899 train_time:979733ms step_avg:392.21ms
step:2509/6200 train_loss:3.5244 train_time:980129ms step_avg:392.21ms
step:2510/6200 train_loss:3.5886 train_time:980512ms step_avg:392.20ms
step:2511/6200 train_loss:3.4882 train_time:980903ms step_avg:392.20ms
step:2512/6200 train_loss:3.6275 train_time:981283ms step_avg:392.20ms
step:2513/6200 train_loss:3.5555 train_time:981681ms step_avg:392.20ms
step:2514/6200 train_loss:3.5294 train_time:982058ms step_avg:392.20ms
step:2515/6200 train_loss:3.5507 train_time:982451ms step_avg:392.20ms
step:2516/6200 train_loss:3.5582 train_time:982843ms step_avg:392.20ms
step:2517/6200 train_loss:3.5345 train_time:983231ms step_avg:392.19ms
step:2518/6200 train_loss:3.3770 train_time:983617ms step_avg:392.19ms
step:2519/6200 train_loss:3.4965 train_time:984030ms step_avg:392.20ms
step:2520/6200 train_loss:3.5686 train_time:984385ms step_avg:392.19ms
step:2521/6200 train_loss:3.6237 train_time:984786ms step_avg:392.19ms
step:2522/6200 train_loss:3.4677 train_time:985170ms step_avg:392.19ms
step:2523/6200 train_loss:3.2835 train_time:985559ms step_avg:392.18ms
step:2524/6200 train_loss:3.5162 train_time:985953ms step_avg:392.19ms
step:2525/6200 train_loss:3.3940 train_time:986342ms step_avg:392.18ms
step:2526/6200 train_loss:3.6545 train_time:986725ms step_avg:392.18ms
step:2527/6200 train_loss:3.4372 train_time:987117ms step_avg:392.18ms
step:2528/6200 train_loss:3.5362 train_time:987506ms step_avg:392.18ms
step:2529/6200 train_loss:3.4477 train_time:987891ms step_avg:392.18ms
step:2530/6200 train_loss:3.5811 train_time:988281ms step_avg:392.17ms
step:2531/6200 train_loss:3.5978 train_time:988678ms step_avg:392.18ms
step:2532/6200 train_loss:3.4293 train_time:989068ms step_avg:392.18ms
step:2533/6200 train_loss:3.6198 train_time:989488ms step_avg:392.19ms
step:2534/6200 train_loss:3.4793 train_time:989845ms step_avg:392.17ms
step:2535/6200 train_loss:3.4203 train_time:990231ms step_avg:392.17ms
step:2536/6200 train_loss:3.5632 train_time:990625ms step_avg:392.17ms
step:2537/6200 train_loss:3.5795 train_time:991001ms step_avg:392.16ms
step:2538/6200 train_loss:3.4049 train_time:991400ms step_avg:392.17ms
step:2539/6200 train_loss:3.8290 train_time:991786ms step_avg:392.17ms
step:2540/6200 train_loss:3.5027 train_time:992173ms step_avg:392.16ms
step:2541/6200 train_loss:3.4679 train_time:992560ms step_avg:392.16ms
step:2542/6200 train_loss:3.5451 train_time:992947ms step_avg:392.16ms
step:2543/6200 train_loss:3.9574 train_time:993341ms step_avg:392.16ms
step:2544/6200 train_loss:3.5374 train_time:993731ms step_avg:392.16ms
step:2545/6200 train_loss:3.7001 train_time:994117ms step_avg:392.16ms
step:2546/6200 train_loss:3.4579 train_time:994509ms step_avg:392.16ms
step:2547/6200 train_loss:3.4809 train_time:994891ms step_avg:392.15ms
step:2548/6200 train_loss:3.4164 train_time:995283ms step_avg:392.15ms
step:2549/6200 train_loss:3.6292 train_time:995670ms step_avg:392.15ms
step:2550/6200 train_loss:3.4790 train_time:996062ms step_avg:392.15ms
step:2551/6200 train_loss:3.4434 train_time:996445ms step_avg:392.15ms
step:2552/6200 train_loss:3.5239 train_time:996835ms step_avg:392.15ms
step:2553/6200 train_loss:3.5277 train_time:997221ms step_avg:392.14ms
step:2554/6200 train_loss:3.5045 train_time:997612ms step_avg:392.14ms
step:2555/6200 train_loss:3.7535 train_time:998000ms step_avg:392.14ms
step:2556/6200 train_loss:3.5865 train_time:998390ms step_avg:392.14ms
step:2557/6200 train_loss:3.5991 train_time:998777ms step_avg:392.14ms
step:2558/6200 train_loss:3.5648 train_time:999167ms step_avg:392.14ms
step:2559/6200 train_loss:3.4653 train_time:999548ms step_avg:392.13ms
step:2560/6200 train_loss:3.6339 train_time:999939ms step_avg:392.13ms
step:2561/6200 train_loss:3.5304 train_time:1000337ms step_avg:392.14ms
step:2562/6200 train_loss:3.5089 train_time:1000728ms step_avg:392.13ms
step:2563/6200 train_loss:3.5222 train_time:1001109ms step_avg:392.13ms
step:2564/6200 train_loss:3.5535 train_time:1001492ms step_avg:392.13ms
step:2565/6200 train_loss:3.4385 train_time:1001877ms step_avg:392.12ms
step:2566/6200 train_loss:3.5045 train_time:1002275ms step_avg:392.13ms
step:2567/6200 train_loss:3.4957 train_time:1002669ms step_avg:392.13ms
step:2568/6200 train_loss:3.4596 train_time:1003053ms step_avg:392.12ms
step:2569/6200 train_loss:3.7164 train_time:1003442ms step_avg:392.12ms
step:2570/6200 train_loss:3.6220 train_time:1003833ms step_avg:392.12ms
step:2571/6200 train_loss:3.6687 train_time:1004222ms step_avg:392.12ms
step:2572/6200 train_loss:3.3335 train_time:1004609ms step_avg:392.12ms
step:2573/6200 train_loss:3.4702 train_time:1005005ms step_avg:392.12ms
step:2574/6200 train_loss:3.0566 train_time:1005393ms step_avg:392.12ms
step:2575/6200 train_loss:3.4302 train_time:1005779ms step_avg:392.12ms
step:2576/6200 train_loss:3.1643 train_time:1006168ms step_avg:392.12ms
step:2577/6200 train_loss:3.4606 train_time:1006556ms step_avg:392.11ms
step:2578/6200 train_loss:3.5411 train_time:1006945ms step_avg:392.11ms
step:2579/6200 train_loss:3.3962 train_time:1007374ms step_avg:392.13ms
step:2580/6200 train_loss:3.5222 train_time:1007718ms step_avg:392.11ms
step:2581/6200 train_loss:3.5364 train_time:1008106ms step_avg:392.11ms
step:2582/6200 train_loss:3.6266 train_time:1008497ms step_avg:392.11ms
step:2583/6200 train_loss:3.4499 train_time:1008895ms step_avg:392.11ms
step:2584/6200 train_loss:3.6950 train_time:1009281ms step_avg:392.11ms
step:2585/6200 train_loss:3.5536 train_time:1009665ms step_avg:392.10ms
step:2586/6200 train_loss:3.7837 train_time:1010052ms step_avg:392.10ms
step:2587/6200 train_loss:3.6840 train_time:1010449ms step_avg:392.10ms
step:2588/6200 train_loss:3.3585 train_time:1010832ms step_avg:392.10ms
step:2589/6200 train_loss:3.4755 train_time:1011225ms step_avg:392.10ms
step:2590/6200 train_loss:3.6085 train_time:1011624ms step_avg:392.10ms
step:2591/6200 train_loss:3.4224 train_time:1012002ms step_avg:392.10ms
step:2592/6200 train_loss:3.8903 train_time:1012386ms step_avg:392.09ms
step:2593/6200 train_loss:3.6051 train_time:1012774ms step_avg:392.09ms
step:2594/6200 train_loss:3.4873 train_time:1013164ms step_avg:392.09ms
step:2595/6200 train_loss:3.5029 train_time:1013557ms step_avg:392.09ms
step:2596/6200 train_loss:3.9356 train_time:1013943ms step_avg:392.09ms
step:2597/6200 train_loss:3.5915 train_time:1014329ms step_avg:392.09ms
step:2598/6200 train_loss:3.4786 train_time:1014718ms step_avg:392.09ms
step:2599/6200 train_loss:3.4288 train_time:1015111ms step_avg:392.09ms
step:2600/6200 train_loss:3.6503 train_time:1015509ms step_avg:392.09ms
step:2601/6200 train_loss:3.9814 train_time:1015895ms step_avg:392.09ms
step:2602/6200 train_loss:3.0849 train_time:1016283ms step_avg:392.08ms
step:2603/6200 train_loss:3.4730 train_time:1016666ms step_avg:392.08ms
step:2604/6200 train_loss:3.4114 train_time:1017060ms step_avg:392.08ms
step:2605/6200 train_loss:3.6607 train_time:1017448ms step_avg:392.08ms
step:2606/6200 train_loss:3.5264 train_time:1017832ms step_avg:392.08ms
step:2607/6200 train_loss:3.5625 train_time:1018222ms step_avg:392.08ms
step:2608/6200 train_loss:3.4246 train_time:1018612ms step_avg:392.08ms
step:2609/6200 train_loss:3.4143 train_time:1019002ms step_avg:392.07ms
step:2610/6200 train_loss:3.6342 train_time:1019388ms step_avg:392.07ms
step:2611/6200 train_loss:3.6127 train_time:1019779ms step_avg:392.07ms
step:2612/6200 train_loss:3.2244 train_time:1020168ms step_avg:392.07ms
step:2613/6200 train_loss:3.6273 train_time:1020552ms step_avg:392.07ms
step:2614/6200 train_loss:3.5834 train_time:1020939ms step_avg:392.07ms
step:2615/6200 train_loss:3.4668 train_time:1021333ms step_avg:392.07ms
step:2616/6200 train_loss:3.6277 train_time:1021721ms step_avg:392.06ms
step:2617/6200 train_loss:3.4857 train_time:1022108ms step_avg:392.06ms
step:2618/6200 train_loss:3.5753 train_time:1022505ms step_avg:392.06ms
step:2619/6200 train_loss:3.3415 train_time:1022909ms step_avg:392.07ms
step:2620/6200 train_loss:3.6757 train_time:1023274ms step_avg:392.06ms
step:2621/6200 train_loss:3.6461 train_time:1023669ms step_avg:392.06ms
step:2622/6200 train_loss:3.7435 train_time:1024050ms step_avg:392.06ms
step:2623/6200 train_loss:3.6901 train_time:1024441ms step_avg:392.06ms
step:2624/6200 train_loss:3.5099 train_time:1024826ms step_avg:392.05ms
step:2625/6200 train_loss:3.6912 train_time:1025218ms step_avg:392.05ms
step:2625/6200 val_loss:3.5026 train_time:1025441ms step_avg:392.14ms
step:2626/6200 train_loss:3.4820 train_time:1025608ms step_avg:392.05ms
step:2627/6200 train_loss:3.5550 train_time:1025995ms step_avg:392.05ms
step:2628/6200 train_loss:3.5094 train_time:1026386ms step_avg:392.05ms
step:2629/6200 train_loss:3.4723 train_time:1026782ms step_avg:392.05ms
step:2630/6200 train_loss:3.6938 train_time:1027158ms step_avg:392.05ms
step:2631/6200 train_loss:3.6207 train_time:1027546ms step_avg:392.04ms
step:2632/6200 train_loss:3.8720 train_time:1027939ms step_avg:392.04ms
step:2633/6200 train_loss:3.5268 train_time:1028330ms step_avg:392.04ms
step:2634/6200 train_loss:3.5237 train_time:1028717ms step_avg:392.04ms
step:2635/6200 train_loss:3.4021 train_time:1029102ms step_avg:392.04ms
step:2636/6200 train_loss:3.5632 train_time:1029492ms step_avg:392.04ms
step:2637/6200 train_loss:3.1380 train_time:1029876ms step_avg:392.03ms
step:2638/6200 train_loss:3.5896 train_time:1030263ms step_avg:392.03ms
step:2639/6200 train_loss:3.5110 train_time:1030657ms step_avg:392.03ms
step:2640/6200 train_loss:3.2301 train_time:1031052ms step_avg:392.04ms
step:2641/6200 train_loss:3.4852 train_time:1031442ms step_avg:392.03ms
step:2642/6200 train_loss:3.5679 train_time:1031835ms step_avg:392.03ms
step:2643/6200 train_loss:3.3508 train_time:1032231ms step_avg:392.04ms
step:2644/6200 train_loss:3.4417 train_time:1032620ms step_avg:392.04ms
step:2645/6200 train_loss:3.6058 train_time:1033005ms step_avg:392.03ms
step:2646/6200 train_loss:3.4374 train_time:1033392ms step_avg:392.03ms
step:2647/6200 train_loss:3.4754 train_time:1034038ms step_avg:392.13ms
step:2648/6200 train_loss:3.7536 train_time:1034390ms step_avg:392.11ms
step:2649/6200 train_loss:3.6043 train_time:1034773ms step_avg:392.11ms
step:2650/6200 train_loss:3.4581 train_time:1035161ms step_avg:392.11ms
step:2651/6200 train_loss:3.4375 train_time:1035548ms step_avg:392.10ms
step:2652/6200 train_loss:3.5671 train_time:1035937ms step_avg:392.10ms
step:2653/6200 train_loss:3.4636 train_time:1036329ms step_avg:392.10ms
step:2654/6200 train_loss:3.3247 train_time:1036719ms step_avg:392.10ms
step:2655/6200 train_loss:3.5027 train_time:1037110ms step_avg:392.10ms
step:2656/6200 train_loss:3.3478 train_time:1037495ms step_avg:392.10ms
step:2657/6200 train_loss:3.5426 train_time:1037882ms step_avg:392.10ms
step:2658/6200 train_loss:3.3888 train_time:1038284ms step_avg:392.10ms
step:2659/6200 train_loss:3.4488 train_time:1038660ms step_avg:392.10ms
step:2660/6200 train_loss:3.6020 train_time:1039208ms step_avg:392.15ms
step:2661/6200 train_loss:3.5272 train_time:1039606ms step_avg:392.16ms
step:2662/6200 train_loss:3.4676 train_time:1039997ms step_avg:392.16ms
step:2663/6200 train_loss:3.6155 train_time:1040382ms step_avg:392.15ms
step:2664/6200 train_loss:3.5251 train_time:1040797ms step_avg:392.16ms
step:2665/6200 train_loss:3.4182 train_time:1041151ms step_avg:392.15ms
step:2666/6200 train_loss:3.4950 train_time:1041538ms step_avg:392.15ms
step:2667/6200 train_loss:3.4372 train_time:1041929ms step_avg:392.14ms
step:2668/6200 train_loss:3.6060 train_time:1042321ms step_avg:392.15ms
step:2669/6200 train_loss:3.4158 train_time:1042704ms step_avg:392.14ms
step:2670/6200 train_loss:3.6073 train_time:1043102ms step_avg:392.14ms
step:2671/6200 train_loss:3.3461 train_time:1043490ms step_avg:392.14ms
step:2672/6200 train_loss:3.4080 train_time:1043877ms step_avg:392.14ms
step:2673/6200 train_loss:3.4516 train_time:1044269ms step_avg:392.14ms
step:2674/6200 train_loss:3.5514 train_time:1044655ms step_avg:392.14ms
step:2675/6200 train_loss:3.4616 train_time:1045041ms step_avg:392.14ms
step:2676/6200 train_loss:3.5006 train_time:1045428ms step_avg:392.13ms
step:2677/6200 train_loss:3.4431 train_time:1045816ms step_avg:392.13ms
step:2678/6200 train_loss:3.5581 train_time:1046208ms step_avg:392.13ms
step:2679/6200 train_loss:3.5882 train_time:1046595ms step_avg:392.13ms
step:2680/6200 train_loss:3.3975 train_time:1046984ms step_avg:392.13ms
step:2681/6200 train_loss:3.3307 train_time:1047370ms step_avg:392.13ms
step:2682/6200 train_loss:3.3622 train_time:1047758ms step_avg:392.13ms
step:2683/6200 train_loss:3.4699 train_time:1048152ms step_avg:392.13ms
step:2684/6200 train_loss:3.5883 train_time:1048540ms step_avg:392.12ms
step:2685/6200 train_loss:3.6465 train_time:1048929ms step_avg:392.12ms
step:2686/6200 train_loss:3.5215 train_time:1049318ms step_avg:392.12ms
step:2687/6200 train_loss:3.4735 train_time:1049707ms step_avg:392.12ms
step:2688/6200 train_loss:3.8235 train_time:1050094ms step_avg:392.12ms
step:2689/6200 train_loss:3.5172 train_time:1050479ms step_avg:392.12ms
step:2690/6200 train_loss:3.4842 train_time:1050868ms step_avg:392.11ms
step:2691/6200 train_loss:3.4157 train_time:1051264ms step_avg:392.12ms
step:2692/6200 train_loss:3.5075 train_time:1051649ms step_avg:392.11ms
step:2693/6200 train_loss:3.3478 train_time:1052032ms step_avg:392.11ms
step:2694/6200 train_loss:3.9699 train_time:1052419ms step_avg:392.11ms
step:2695/6200 train_loss:3.5602 train_time:1052807ms step_avg:392.11ms
step:2696/6200 train_loss:3.4604 train_time:1053203ms step_avg:392.11ms
step:2697/6200 train_loss:3.5463 train_time:1053588ms step_avg:392.11ms
step:2698/6200 train_loss:3.4449 train_time:1053983ms step_avg:392.11ms
step:2699/6200 train_loss:3.5878 train_time:1054365ms step_avg:392.10ms
step:2700/6200 train_loss:3.6949 train_time:1054751ms step_avg:392.10ms
step:2701/6200 train_loss:3.4747 train_time:1055144ms step_avg:392.10ms
step:2702/6200 train_loss:3.4124 train_time:1055532ms step_avg:392.10ms
step:2703/6200 train_loss:3.3916 train_time:1055913ms step_avg:392.10ms
step:2704/6200 train_loss:3.4200 train_time:1056306ms step_avg:392.10ms
step:2705/6200 train_loss:3.4204 train_time:1056697ms step_avg:392.10ms
step:2706/6200 train_loss:3.7058 train_time:1057081ms step_avg:392.09ms
step:2707/6200 train_loss:3.5346 train_time:1057465ms step_avg:392.09ms
step:2708/6200 train_loss:3.5424 train_time:1057858ms step_avg:392.09ms
step:2709/6200 train_loss:3.5723 train_time:1058245ms step_avg:392.09ms
step:2710/6200 train_loss:3.6801 train_time:1058631ms step_avg:392.09ms
step:2711/6200 train_loss:3.5119 train_time:1059025ms step_avg:392.09ms
step:2712/6200 train_loss:3.5431 train_time:1059415ms step_avg:392.09ms
step:2713/6200 train_loss:3.3194 train_time:1059800ms step_avg:392.08ms
step:2714/6200 train_loss:3.6180 train_time:1060191ms step_avg:392.08ms
step:2715/6200 train_loss:3.3475 train_time:1060584ms step_avg:392.08ms
step:2716/6200 train_loss:3.3235 train_time:1060970ms step_avg:392.08ms
step:2717/6200 train_loss:3.7289 train_time:1061357ms step_avg:392.08ms
step:2718/6200 train_loss:3.4540 train_time:1061743ms step_avg:392.08ms
step:2719/6200 train_loss:3.5109 train_time:1062140ms step_avg:392.08ms
step:2720/6200 train_loss:3.3560 train_time:1062531ms step_avg:392.08ms
step:2721/6200 train_loss:3.5793 train_time:1062914ms step_avg:392.07ms
step:2722/6200 train_loss:3.7022 train_time:1063303ms step_avg:392.07ms
step:2723/6200 train_loss:3.4077 train_time:1063692ms step_avg:392.07ms
step:2724/6200 train_loss:3.4784 train_time:1064080ms step_avg:392.07ms
step:2725/6200 train_loss:3.6026 train_time:1064465ms step_avg:392.07ms
step:2726/6200 train_loss:3.4668 train_time:1064892ms step_avg:392.08ms
step:2727/6200 train_loss:3.4990 train_time:1065247ms step_avg:392.07ms
step:2728/6200 train_loss:3.6717 train_time:1065635ms step_avg:392.07ms
step:2729/6200 train_loss:3.5943 train_time:1066026ms step_avg:392.07ms
step:2730/6200 train_loss:3.4093 train_time:1066421ms step_avg:392.07ms
step:2731/6200 train_loss:3.4788 train_time:1066805ms step_avg:392.06ms
step:2732/6200 train_loss:3.3737 train_time:1067198ms step_avg:392.06ms
step:2733/6200 train_loss:3.3990 train_time:1067591ms step_avg:392.06ms
step:2734/6200 train_loss:3.3926 train_time:1067983ms step_avg:392.06ms
step:2735/6200 train_loss:3.4351 train_time:1068372ms step_avg:392.06ms
step:2736/6200 train_loss:3.2952 train_time:1068761ms step_avg:392.06ms
step:2737/6200 train_loss:3.5456 train_time:1069145ms step_avg:392.06ms
step:2738/6200 train_loss:3.4665 train_time:1069534ms step_avg:392.06ms
step:2739/6200 train_loss:3.8178 train_time:1069924ms step_avg:392.06ms
step:2740/6200 train_loss:3.5423 train_time:1070306ms step_avg:392.05ms
step:2741/6200 train_loss:3.4940 train_time:1070695ms step_avg:392.05ms
step:2742/6200 train_loss:3.4449 train_time:1071084ms step_avg:392.05ms
step:2743/6200 train_loss:3.4707 train_time:1071473ms step_avg:392.05ms
step:2744/6200 train_loss:3.4006 train_time:1071857ms step_avg:392.05ms
step:2745/6200 train_loss:3.4343 train_time:1072253ms step_avg:392.05ms
step:2746/6200 train_loss:3.3135 train_time:1072661ms step_avg:392.05ms
step:2747/6200 train_loss:3.3891 train_time:1073028ms step_avg:392.05ms
step:2748/6200 train_loss:3.5533 train_time:1073416ms step_avg:392.04ms
step:2749/6200 train_loss:3.5068 train_time:1073800ms step_avg:392.04ms
step:2750/6200 train_loss:3.5818 train_time:1074188ms step_avg:392.04ms
step:2750/6200 val_loss:3.4949 train_time:1074418ms step_avg:392.12ms
step:2751/6200 train_loss:3.5841 train_time:1074580ms step_avg:392.04ms
step:2752/6200 train_loss:3.5801 train_time:1074988ms step_avg:392.05ms
step:2753/6200 train_loss:3.6462 train_time:1075366ms step_avg:392.04ms
step:2754/6200 train_loss:3.4065 train_time:1075755ms step_avg:392.04ms
step:2755/6200 train_loss:3.4729 train_time:1076138ms step_avg:392.04ms
step:2756/6200 train_loss:3.5939 train_time:1076524ms step_avg:392.03ms
step:2757/6200 train_loss:3.5142 train_time:1076917ms step_avg:392.03ms
step:2758/6200 train_loss:3.1414 train_time:1077324ms step_avg:392.04ms
step:2759/6200 train_loss:3.4815 train_time:1077697ms step_avg:392.03ms
step:2760/6200 train_loss:3.5151 train_time:1078082ms step_avg:392.03ms
step:2761/6200 train_loss:3.5744 train_time:1078472ms step_avg:392.03ms
step:2762/6200 train_loss:3.5292 train_time:1078860ms step_avg:392.03ms
step:2763/6200 train_loss:3.4024 train_time:1079254ms step_avg:392.03ms
step:2764/6200 train_loss:3.4779 train_time:1079640ms step_avg:392.03ms
step:2765/6200 train_loss:3.5392 train_time:1080028ms step_avg:392.02ms
step:2766/6200 train_loss:3.3119 train_time:1080422ms step_avg:392.03ms
step:2767/6200 train_loss:3.4987 train_time:1080805ms step_avg:392.02ms
step:2768/6200 train_loss:3.6122 train_time:1081191ms step_avg:392.02ms
step:2769/6200 train_loss:3.3541 train_time:1081575ms step_avg:392.02ms
step:2770/6200 train_loss:3.5928 train_time:1081972ms step_avg:392.02ms
step:2771/6200 train_loss:3.6037 train_time:1082357ms step_avg:392.02ms
step:2772/6200 train_loss:3.4508 train_time:1082745ms step_avg:392.01ms
step:2773/6200 train_loss:3.2925 train_time:1083135ms step_avg:392.01ms
step:2774/6200 train_loss:3.4340 train_time:1083534ms step_avg:392.02ms
step:2775/6200 train_loss:3.6781 train_time:1083920ms step_avg:392.01ms
step:2776/6200 train_loss:3.4864 train_time:1084305ms step_avg:392.01ms
step:2777/6200 train_loss:3.6373 train_time:1084693ms step_avg:392.01ms
step:2778/6200 train_loss:3.5139 train_time:1085081ms step_avg:392.01ms
step:2779/6200 train_loss:3.4002 train_time:1085468ms step_avg:392.01ms
step:2780/6200 train_loss:3.3525 train_time:1085861ms step_avg:392.01ms
step:2781/6200 train_loss:3.4312 train_time:1086263ms step_avg:392.01ms
step:2782/6200 train_loss:3.4992 train_time:1086666ms step_avg:392.02ms
step:2783/6200 train_loss:3.5077 train_time:1087043ms step_avg:392.01ms
step:2784/6200 train_loss:3.5089 train_time:1087422ms step_avg:392.01ms
step:2785/6200 train_loss:3.4952 train_time:1087805ms step_avg:392.00ms
step:2786/6200 train_loss:3.4738 train_time:1088191ms step_avg:392.00ms
step:2787/6200 train_loss:3.4005 train_time:1088582ms step_avg:392.00ms
step:2788/6200 train_loss:3.6094 train_time:1088973ms step_avg:392.00ms
step:2789/6200 train_loss:3.5302 train_time:1089389ms step_avg:392.01ms
step:2790/6200 train_loss:3.4675 train_time:1089745ms step_avg:391.99ms
step:2791/6200 train_loss:3.4758 train_time:1090140ms step_avg:392.00ms
step:2792/6200 train_loss:3.4004 train_time:1090528ms step_avg:391.99ms
step:2793/6200 train_loss:3.4374 train_time:1090915ms step_avg:391.99ms
step:2794/6200 train_loss:3.5714 train_time:1091305ms step_avg:391.99ms
step:2795/6200 train_loss:3.3723 train_time:1091695ms step_avg:391.99ms
step:2796/6200 train_loss:3.5880 train_time:1092084ms step_avg:391.99ms
step:2797/6200 train_loss:3.4503 train_time:1092498ms step_avg:392.00ms
step:2798/6200 train_loss:3.4760 train_time:1092882ms step_avg:391.99ms
step:2799/6200 train_loss:3.3095 train_time:1093271ms step_avg:391.99ms
step:2800/6200 train_loss:3.7244 train_time:1093635ms step_avg:391.98ms
step:2801/6200 train_loss:3.6230 train_time:1094024ms step_avg:391.98ms
step:2802/6200 train_loss:3.7050 train_time:1094412ms step_avg:391.98ms
step:2803/6200 train_loss:3.4086 train_time:1094799ms step_avg:391.98ms
step:2804/6200 train_loss:3.5710 train_time:1095189ms step_avg:391.98ms
step:2805/6200 train_loss:3.5601 train_time:1095576ms step_avg:391.98ms
step:2806/6200 train_loss:3.3012 train_time:1095973ms step_avg:391.98ms
step:2807/6200 train_loss:3.7573 train_time:1096366ms step_avg:391.98ms
step:2808/6200 train_loss:3.4597 train_time:1096753ms step_avg:391.98ms
step:2809/6200 train_loss:3.4448 train_time:1097144ms step_avg:391.98ms
step:2810/6200 train_loss:3.7541 train_time:1097531ms step_avg:391.98ms
step:2811/6200 train_loss:3.4569 train_time:1097923ms step_avg:391.98ms
step:2812/6200 train_loss:3.5386 train_time:1098305ms step_avg:391.97ms
step:2813/6200 train_loss:3.3501 train_time:1098699ms step_avg:391.97ms
step:2814/6200 train_loss:3.5798 train_time:1099085ms step_avg:391.97ms
step:2815/6200 train_loss:3.5060 train_time:1099473ms step_avg:391.97ms
step:2816/6200 train_loss:3.5039 train_time:1099875ms step_avg:391.97ms
step:2817/6200 train_loss:2.9517 train_time:1100265ms step_avg:391.97ms
step:2818/6200 train_loss:3.4762 train_time:1100641ms step_avg:391.97ms
step:2819/6200 train_loss:3.3971 train_time:1101040ms step_avg:391.97ms
step:2820/6200 train_loss:3.6615 train_time:1101433ms step_avg:391.97ms
step:2821/6200 train_loss:3.6603 train_time:1101826ms step_avg:391.97ms
step:2822/6200 train_loss:3.5385 train_time:1102204ms step_avg:391.96ms
step:2823/6200 train_loss:3.6348 train_time:1102595ms step_avg:391.96ms
step:2824/6200 train_loss:3.5758 train_time:1102982ms step_avg:391.96ms
step:2825/6200 train_loss:3.2267 train_time:1103369ms step_avg:391.96ms
step:2826/6200 train_loss:3.5631 train_time:1103763ms step_avg:391.96ms
step:2827/6200 train_loss:3.6406 train_time:1104139ms step_avg:391.96ms
step:2828/6200 train_loss:3.2106 train_time:1104525ms step_avg:391.95ms
step:2829/6200 train_loss:3.4809 train_time:1104916ms step_avg:391.95ms
step:2830/6200 train_loss:3.5309 train_time:1105304ms step_avg:391.95ms
step:2831/6200 train_loss:3.4444 train_time:1105692ms step_avg:391.95ms
step:2832/6200 train_loss:3.5705 train_time:1106080ms step_avg:391.95ms
step:2833/6200 train_loss:3.4516 train_time:1106468ms step_avg:391.95ms
step:2834/6200 train_loss:3.4336 train_time:1106865ms step_avg:391.95ms
step:2835/6200 train_loss:3.2023 train_time:1107242ms step_avg:391.94ms
step:2836/6200 train_loss:3.6688 train_time:1107895ms step_avg:392.04ms
step:2837/6200 train_loss:3.5397 train_time:1108244ms step_avg:392.02ms
step:2838/6200 train_loss:3.4725 train_time:1108630ms step_avg:392.02ms
step:2839/6200 train_loss:3.4051 train_time:1109019ms step_avg:392.02ms
step:2840/6200 train_loss:3.4205 train_time:1109408ms step_avg:392.02ms
step:2841/6200 train_loss:3.5437 train_time:1109803ms step_avg:392.02ms
step:2842/6200 train_loss:3.4225 train_time:1110189ms step_avg:392.02ms
step:2843/6200 train_loss:3.5146 train_time:1110580ms step_avg:392.02ms
step:2844/6200 train_loss:3.5955 train_time:1110961ms step_avg:392.01ms
step:2845/6200 train_loss:3.4720 train_time:1111348ms step_avg:392.01ms
step:2846/6200 train_loss:3.4301 train_time:1111740ms step_avg:392.01ms
step:2847/6200 train_loss:3.4519 train_time:1112125ms step_avg:392.01ms
step:2848/6200 train_loss:3.9486 train_time:1112515ms step_avg:392.01ms
step:2849/6200 train_loss:3.4502 train_time:1112902ms step_avg:392.01ms
step:2850/6200 train_loss:3.4422 train_time:1113917ms step_avg:392.22ms
step:2851/6200 train_loss:3.5691 train_time:1114312ms step_avg:392.23ms
step:2852/6200 train_loss:3.5328 train_time:1114699ms step_avg:392.22ms
step:2853/6200 train_loss:3.4634 train_time:1115087ms step_avg:392.22ms
step:2854/6200 train_loss:3.5171 train_time:1115479ms step_avg:392.22ms
step:2855/6200 train_loss:3.5059 train_time:1115864ms step_avg:392.22ms
step:2856/6200 train_loss:3.3890 train_time:1116253ms step_avg:392.22ms
step:2857/6200 train_loss:3.4680 train_time:1116643ms step_avg:392.22ms
step:2858/6200 train_loss:3.5117 train_time:1117019ms step_avg:392.21ms
step:2859/6200 train_loss:3.2296 train_time:1117410ms step_avg:392.21ms
step:2860/6200 train_loss:3.4995 train_time:1117795ms step_avg:392.21ms
step:2861/6200 train_loss:3.4376 train_time:1118188ms step_avg:392.21ms
step:2862/6200 train_loss:3.4443 train_time:1118574ms step_avg:392.21ms
step:2863/6200 train_loss:3.5247 train_time:1118964ms step_avg:392.21ms
step:2864/6200 train_loss:3.7619 train_time:1119354ms step_avg:392.21ms
step:2865/6200 train_loss:3.5583 train_time:1119740ms step_avg:392.20ms
step:2866/6200 train_loss:3.5124 train_time:1120129ms step_avg:392.20ms
step:2867/6200 train_loss:3.5328 train_time:1120518ms step_avg:392.20ms
step:2868/6200 train_loss:3.6812 train_time:1120910ms step_avg:392.20ms
step:2869/6200 train_loss:3.4900 train_time:1121294ms step_avg:392.20ms
step:2870/6200 train_loss:3.3732 train_time:1121684ms step_avg:392.20ms
step:2871/6200 train_loss:3.6236 train_time:1122072ms step_avg:392.20ms
step:2872/6200 train_loss:3.4780 train_time:1122465ms step_avg:392.20ms
step:2873/6200 train_loss:3.4807 train_time:1122852ms step_avg:392.19ms
step:2874/6200 train_loss:3.3279 train_time:1123240ms step_avg:392.19ms
step:2875/6200 train_loss:3.4569 train_time:1123628ms step_avg:392.19ms
step:2875/6200 val_loss:3.4888 train_time:1123862ms step_avg:392.27ms
step:2876/6200 train_loss:3.4224 train_time:1124020ms step_avg:392.19ms
step:2877/6200 train_loss:3.3965 train_time:1124406ms step_avg:392.19ms
step:2878/6200 train_loss:3.4815 train_time:1124792ms step_avg:392.19ms
step:2879/6200 train_loss:3.6309 train_time:1125185ms step_avg:392.19ms
step:2880/6200 train_loss:3.4684 train_time:1125568ms step_avg:392.18ms
step:2881/6200 train_loss:3.5114 train_time:1125961ms step_avg:392.18ms
step:2882/6200 train_loss:3.5159 train_time:1126402ms step_avg:392.20ms
step:2883/6200 train_loss:3.6307 train_time:1126737ms step_avg:392.18ms
step:2884/6200 train_loss:3.4891 train_time:1127124ms step_avg:392.18ms
step:2885/6200 train_loss:3.3355 train_time:1127516ms step_avg:392.18ms
step:2886/6200 train_loss:3.3293 train_time:1127907ms step_avg:392.18ms
step:2887/6200 train_loss:3.4276 train_time:1128291ms step_avg:392.18ms
step:2888/6200 train_loss:3.4679 train_time:1128680ms step_avg:392.18ms
step:2889/6200 train_loss:3.4722 train_time:1129068ms step_avg:392.17ms
step:2890/6200 train_loss:3.7921 train_time:1129457ms step_avg:392.17ms
step:2891/6200 train_loss:3.4341 train_time:1129845ms step_avg:392.17ms
step:2892/6200 train_loss:3.4946 train_time:1130234ms step_avg:392.17ms
step:2893/6200 train_loss:3.4251 train_time:1130625ms step_avg:392.17ms
step:2894/6200 train_loss:3.4583 train_time:1131015ms step_avg:392.17ms
step:2895/6200 train_loss:3.4229 train_time:1131401ms step_avg:392.17ms
step:2896/6200 train_loss:3.4999 train_time:1131789ms step_avg:392.17ms
step:2897/6200 train_loss:3.6745 train_time:1132178ms step_avg:392.16ms
step:2898/6200 train_loss:3.3946 train_time:1132564ms step_avg:392.16ms
step:2899/6200 train_loss:3.4898 train_time:1132952ms step_avg:392.16ms
step:2900/6200 train_loss:3.2298 train_time:1133339ms step_avg:392.16ms
step:2901/6200 train_loss:3.6617 train_time:1133727ms step_avg:392.16ms
step:2902/6200 train_loss:3.5187 train_time:1134117ms step_avg:392.16ms
step:2903/6200 train_loss:3.4571 train_time:1134504ms step_avg:392.15ms
step:2904/6200 train_loss:3.4691 train_time:1134905ms step_avg:392.16ms
step:2905/6200 train_loss:3.4599 train_time:1135304ms step_avg:392.16ms
step:2906/6200 train_loss:3.4418 train_time:1135684ms step_avg:392.16ms
step:2907/6200 train_loss:3.2887 train_time:1136063ms step_avg:392.15ms
step:2908/6200 train_loss:3.5754 train_time:1136462ms step_avg:392.15ms
step:2909/6200 train_loss:3.4892 train_time:1136837ms step_avg:392.15ms
step:2910/6200 train_loss:3.7931 train_time:1137222ms step_avg:392.15ms
step:2911/6200 train_loss:3.2663 train_time:1137613ms step_avg:392.14ms
step:2912/6200 train_loss:3.3934 train_time:1138001ms step_avg:392.14ms
step:2913/6200 train_loss:3.4366 train_time:1138390ms step_avg:392.14ms
step:2914/6200 train_loss:3.9223 train_time:1138777ms step_avg:392.14ms
step:2915/6200 train_loss:3.5230 train_time:1139165ms step_avg:392.14ms
step:2916/6200 train_loss:3.3648 train_time:1139555ms step_avg:392.14ms
step:2917/6200 train_loss:3.4606 train_time:1139942ms step_avg:392.14ms
step:2918/6200 train_loss:3.4338 train_time:1140334ms step_avg:392.14ms
step:2919/6200 train_loss:3.4689 train_time:1140723ms step_avg:392.14ms
step:2920/6200 train_loss:3.3221 train_time:1141108ms step_avg:392.13ms
step:2921/6200 train_loss:3.4769 train_time:1141498ms step_avg:392.13ms
step:2922/6200 train_loss:3.4724 train_time:1141895ms step_avg:392.13ms
step:2923/6200 train_loss:3.5074 train_time:1142284ms step_avg:392.13ms
step:2924/6200 train_loss:3.4316 train_time:1142675ms step_avg:392.13ms
step:2925/6200 train_loss:3.5867 train_time:1143060ms step_avg:392.13ms
step:2926/6200 train_loss:3.4853 train_time:1143447ms step_avg:392.13ms
step:2927/6200 train_loss:3.4669 train_time:1143834ms step_avg:392.13ms
step:2928/6200 train_loss:3.6537 train_time:1144230ms step_avg:392.13ms
step:2929/6200 train_loss:3.4476 train_time:1144611ms step_avg:392.12ms
step:2930/6200 train_loss:3.3997 train_time:1145000ms step_avg:392.12ms
step:2931/6200 train_loss:3.6074 train_time:1145405ms step_avg:392.13ms
step:2932/6200 train_loss:3.6891 train_time:1145804ms step_avg:392.13ms
step:2933/6200 train_loss:3.7393 train_time:1146180ms step_avg:392.12ms
step:2934/6200 train_loss:3.6326 train_time:1146570ms step_avg:392.12ms
step:2935/6200 train_loss:3.4285 train_time:1146956ms step_avg:392.12ms
step:2936/6200 train_loss:3.5180 train_time:1147351ms step_avg:392.12ms
step:2937/6200 train_loss:3.4438 train_time:1147738ms step_avg:392.12ms
step:2938/6200 train_loss:3.4434 train_time:1148126ms step_avg:392.12ms
step:2939/6200 train_loss:3.5567 train_time:1148518ms step_avg:392.12ms
step:2940/6200 train_loss:3.4149 train_time:1148887ms step_avg:392.11ms
step:2941/6200 train_loss:3.5865 train_time:1149282ms step_avg:392.11ms
step:2942/6200 train_loss:3.6783 train_time:1149677ms step_avg:392.11ms
step:2943/6200 train_loss:3.4199 train_time:1150058ms step_avg:392.11ms
step:2944/6200 train_loss:3.2863 train_time:1150446ms step_avg:392.11ms
step:2945/6200 train_loss:3.3178 train_time:1150837ms step_avg:392.11ms
step:2946/6200 train_loss:3.4993 train_time:1151223ms step_avg:392.11ms
step:2947/6200 train_loss:3.5586 train_time:1151625ms step_avg:392.11ms
step:2948/6200 train_loss:3.4305 train_time:1152003ms step_avg:392.10ms
step:2949/6200 train_loss:3.4151 train_time:1152390ms step_avg:392.10ms
step:2950/6200 train_loss:3.5212 train_time:1152778ms step_avg:392.10ms
step:2951/6200 train_loss:3.4905 train_time:1153166ms step_avg:392.10ms
step:2952/6200 train_loss:3.6768 train_time:1153559ms step_avg:392.10ms
step:2953/6200 train_loss:3.5488 train_time:1153950ms step_avg:392.10ms
step:2954/6200 train_loss:3.5674 train_time:1154334ms step_avg:392.10ms
step:2955/6200 train_loss:3.5230 train_time:1154731ms step_avg:392.10ms
step:2956/6200 train_loss:3.3730 train_time:1155118ms step_avg:392.10ms
step:2957/6200 train_loss:3.4787 train_time:1155507ms step_avg:392.10ms
step:2958/6200 train_loss:3.4744 train_time:1155899ms step_avg:392.10ms
step:2959/6200 train_loss:3.4411 train_time:1156283ms step_avg:392.09ms
step:2960/6200 train_loss:3.5869 train_time:1156668ms step_avg:392.09ms
step:2961/6200 train_loss:3.4432 train_time:1157063ms step_avg:392.09ms
step:2962/6200 train_loss:3.5514 train_time:1157462ms step_avg:392.09ms
step:2963/6200 train_loss:3.4356 train_time:1157845ms step_avg:392.09ms
step:2964/6200 train_loss:3.4598 train_time:1158236ms step_avg:392.09ms
step:2965/6200 train_loss:3.4127 train_time:1158631ms step_avg:392.09ms
step:2966/6200 train_loss:3.6248 train_time:1159017ms step_avg:392.09ms
step:2967/6200 train_loss:3.2948 train_time:1159394ms step_avg:392.08ms
step:2968/6200 train_loss:3.9712 train_time:1159782ms step_avg:392.08ms
step:2969/6200 train_loss:3.4841 train_time:1160168ms step_avg:392.08ms
step:2970/6200 train_loss:3.4062 train_time:1160565ms step_avg:392.08ms
step:2971/6200 train_loss:3.6407 train_time:1160945ms step_avg:392.08ms
step:2972/6200 train_loss:3.6016 train_time:1161336ms step_avg:392.08ms
step:2973/6200 train_loss:3.3687 train_time:1161724ms step_avg:392.08ms
step:2974/6200 train_loss:3.4840 train_time:1162127ms step_avg:392.08ms
step:2975/6200 train_loss:3.3404 train_time:1162502ms step_avg:392.07ms
step:2976/6200 train_loss:3.4020 train_time:1162888ms step_avg:392.07ms
step:2977/6200 train_loss:3.2015 train_time:1163279ms step_avg:392.07ms
step:2978/6200 train_loss:3.6979 train_time:1163671ms step_avg:392.07ms
step:2979/6200 train_loss:3.5060 train_time:1164064ms step_avg:392.07ms
step:2980/6200 train_loss:3.6550 train_time:1164448ms step_avg:392.07ms
step:2981/6200 train_loss:3.5017 train_time:1164835ms step_avg:392.07ms
step:2982/6200 train_loss:3.6158 train_time:1165224ms step_avg:392.07ms
step:2983/6200 train_loss:3.5735 train_time:1165615ms step_avg:392.07ms
step:2984/6200 train_loss:3.4159 train_time:1166004ms step_avg:392.07ms
step:2985/6200 train_loss:3.4785 train_time:1166393ms step_avg:392.06ms
step:2986/6200 train_loss:3.5542 train_time:1166781ms step_avg:392.06ms
step:2987/6200 train_loss:3.4979 train_time:1167172ms step_avg:392.06ms
step:2988/6200 train_loss:3.7508 train_time:1167571ms step_avg:392.07ms
step:2989/6200 train_loss:3.3122 train_time:1167956ms step_avg:392.06ms
step:2990/6200 train_loss:3.5618 train_time:1168340ms step_avg:392.06ms
step:2991/6200 train_loss:3.4980 train_time:1168727ms step_avg:392.06ms
step:2992/6200 train_loss:3.5601 train_time:1169127ms step_avg:392.06ms
step:2993/6200 train_loss:3.4530 train_time:1169516ms step_avg:392.06ms
step:2994/6200 train_loss:3.6555 train_time:1169904ms step_avg:392.06ms
step:2995/6200 train_loss:3.3521 train_time:1170294ms step_avg:392.06ms
step:2996/6200 train_loss:3.3904 train_time:1170681ms step_avg:392.06ms
step:2997/6200 train_loss:3.3968 train_time:1171071ms step_avg:392.06ms
step:2998/6200 train_loss:3.4297 train_time:1171464ms step_avg:392.06ms
step:2999/6200 train_loss:3.5611 train_time:1171855ms step_avg:392.06ms
step:3000/6200 train_loss:3.3711 train_time:1172245ms step_avg:392.06ms
step:3000/6200 val_loss:3.4804 train_time:1172461ms step_avg:392.13ms
step:3001/6200 train_loss:3.4697 train_time:1172629ms step_avg:392.05ms
step:3002/6200 train_loss:3.3081 train_time:1173011ms step_avg:392.05ms
step:3003/6200 train_loss:3.4467 train_time:1173400ms step_avg:392.05ms
step:3004/6200 train_loss:3.5052 train_time:1173792ms step_avg:392.05ms
step:3005/6200 train_loss:4.2517 train_time:1174180ms step_avg:392.05ms
step:3006/6200 train_loss:3.3703 train_time:1174570ms step_avg:392.05ms
step:3007/6200 train_loss:3.5185 train_time:1174957ms step_avg:392.04ms
step:3008/6200 train_loss:3.2952 train_time:1175342ms step_avg:392.04ms
step:3009/6200 train_loss:3.6147 train_time:1175733ms step_avg:392.04ms
step:3010/6200 train_loss:3.5883 train_time:1176123ms step_avg:392.04ms
step:3011/6200 train_loss:3.5912 train_time:1176509ms step_avg:392.04ms
step:3012/6200 train_loss:3.5434 train_time:1176899ms step_avg:392.04ms
step:3013/6200 train_loss:3.3740 train_time:1177293ms step_avg:392.04ms
step:3014/6200 train_loss:3.4760 train_time:1177682ms step_avg:392.04ms
step:3015/6200 train_loss:3.5735 train_time:1178069ms step_avg:392.04ms
step:3016/6200 train_loss:3.3398 train_time:1178484ms step_avg:392.04ms
step:3017/6200 train_loss:3.4060 train_time:1178850ms step_avg:392.04ms
step:3018/6200 train_loss:3.5424 train_time:1179238ms step_avg:392.03ms
step:3019/6200 train_loss:3.6443 train_time:1179622ms step_avg:392.03ms
step:3020/6200 train_loss:3.4140 train_time:1180014ms step_avg:392.03ms
step:3021/6200 train_loss:3.7257 train_time:1180398ms step_avg:392.03ms
step:3022/6200 train_loss:3.4465 train_time:1180785ms step_avg:392.03ms
step:3023/6200 train_loss:3.3434 train_time:1181178ms step_avg:392.03ms
step:3024/6200 train_loss:3.5106 train_time:1181567ms step_avg:392.03ms
step:3025/6200 train_loss:3.6451 train_time:1182182ms step_avg:392.10ms
step:3026/6200 train_loss:3.4521 train_time:1182571ms step_avg:392.10ms
step:3027/6200 train_loss:3.5453 train_time:1182958ms step_avg:392.10ms
step:3028/6200 train_loss:3.3695 train_time:1183346ms step_avg:392.10ms
step:3029/6200 train_loss:3.2144 train_time:1183742ms step_avg:392.10ms
step:3030/6200 train_loss:3.5711 train_time:1184122ms step_avg:392.09ms
step:3031/6200 train_loss:3.3815 train_time:1184510ms step_avg:392.09ms
step:3032/6200 train_loss:3.2095 train_time:1184902ms step_avg:392.09ms
step:3033/6200 train_loss:3.6010 train_time:1185296ms step_avg:392.09ms
step:3034/6200 train_loss:3.7075 train_time:1185676ms step_avg:392.09ms
step:3035/6200 train_loss:3.3941 train_time:1186064ms step_avg:392.09ms
step:3036/6200 train_loss:3.4339 train_time:1186462ms step_avg:392.09ms
step:3037/6200 train_loss:3.4505 train_time:1186844ms step_avg:392.09ms
step:3038/6200 train_loss:3.3407 train_time:1187232ms step_avg:392.08ms
step:3039/6200 train_loss:3.5119 train_time:1187624ms step_avg:392.08ms
step:3040/6200 train_loss:3.5758 train_time:1188178ms step_avg:392.14ms
step:3041/6200 train_loss:3.5704 train_time:1188566ms step_avg:392.14ms
step:3042/6200 train_loss:3.1229 train_time:1188951ms step_avg:392.13ms
step:3043/6200 train_loss:3.4795 train_time:1189349ms step_avg:392.14ms
step:3044/6200 train_loss:3.4527 train_time:1189728ms step_avg:392.13ms
step:3045/6200 train_loss:3.5050 train_time:1190114ms step_avg:392.13ms
step:3046/6200 train_loss:3.6669 train_time:1190510ms step_avg:392.13ms
step:3047/6200 train_loss:3.4181 train_time:1190891ms step_avg:392.13ms
step:3048/6200 train_loss:3.4927 train_time:1191285ms step_avg:392.13ms
step:3049/6200 train_loss:3.5270 train_time:1191675ms step_avg:392.13ms
step:3050/6200 train_loss:3.4733 train_time:1192058ms step_avg:392.12ms
step:3051/6200 train_loss:3.5106 train_time:1192448ms step_avg:392.12ms
step:3052/6200 train_loss:3.3813 train_time:1192837ms step_avg:392.12ms
step:3053/6200 train_loss:3.4306 train_time:1193225ms step_avg:392.12ms
step:3054/6200 train_loss:3.6523 train_time:1193614ms step_avg:392.12ms
step:3055/6200 train_loss:3.5867 train_time:1194002ms step_avg:392.12ms
step:3056/6200 train_loss:3.5578 train_time:1194394ms step_avg:392.12ms
step:3057/6200 train_loss:3.4076 train_time:1194782ms step_avg:392.12ms
step:3058/6200 train_loss:3.4098 train_time:1195172ms step_avg:392.12ms
step:3059/6200 train_loss:3.6315 train_time:1195568ms step_avg:392.12ms
step:3060/6200 train_loss:3.3903 train_time:1195950ms step_avg:392.11ms
step:3061/6200 train_loss:3.5236 train_time:1196336ms step_avg:392.11ms
step:3062/6200 train_loss:3.5450 train_time:1196727ms step_avg:392.11ms
step:3063/6200 train_loss:3.4407 train_time:1197112ms step_avg:392.11ms
step:3064/6200 train_loss:3.4838 train_time:1197501ms step_avg:392.11ms
step:3065/6200 train_loss:3.5021 train_time:1197891ms step_avg:392.11ms
step:3066/6200 train_loss:3.4342 train_time:1198277ms step_avg:392.11ms
step:3067/6200 train_loss:3.3247 train_time:1198668ms step_avg:392.11ms
step:3068/6200 train_loss:3.4520 train_time:1199060ms step_avg:392.11ms
step:3069/6200 train_loss:3.3944 train_time:1199442ms step_avg:392.10ms
step:3070/6200 train_loss:3.3589 train_time:1199832ms step_avg:392.10ms
step:3071/6200 train_loss:3.5019 train_time:1200221ms step_avg:392.10ms
step:3072/6200 train_loss:3.5124 train_time:1200611ms step_avg:392.10ms
step:3073/6200 train_loss:3.4009 train_time:1200998ms step_avg:392.10ms
step:3074/6200 train_loss:3.4337 train_time:1201387ms step_avg:392.10ms
step:3075/6200 train_loss:3.4110 train_time:1201776ms step_avg:392.10ms
step:3076/6200 train_loss:3.4235 train_time:1202176ms step_avg:392.10ms
step:3077/6200 train_loss:3.6350 train_time:1202560ms step_avg:392.10ms
step:3078/6200 train_loss:3.3147 train_time:1202949ms step_avg:392.10ms
step:3079/6200 train_loss:4.3144 train_time:1203338ms step_avg:392.09ms
step:3080/6200 train_loss:3.4110 train_time:1203737ms step_avg:392.10ms
step:3081/6200 train_loss:3.5257 train_time:1204113ms step_avg:392.09ms
step:3082/6200 train_loss:3.6310 train_time:1204500ms step_avg:392.09ms
step:3083/6200 train_loss:3.3655 train_time:1204888ms step_avg:392.09ms
step:3084/6200 train_loss:3.4300 train_time:1205273ms step_avg:392.09ms
step:3085/6200 train_loss:3.4253 train_time:1205665ms step_avg:392.09ms
step:3086/6200 train_loss:3.4734 train_time:1206060ms step_avg:392.09ms
step:3087/6200 train_loss:3.4804 train_time:1206446ms step_avg:392.08ms
step:3088/6200 train_loss:3.3022 train_time:1206835ms step_avg:392.08ms
step:3089/6200 train_loss:3.5299 train_time:1207224ms step_avg:392.08ms
step:3090/6200 train_loss:3.4144 train_time:1207612ms step_avg:392.08ms
step:3091/6200 train_loss:3.6988 train_time:1208002ms step_avg:392.08ms
step:3092/6200 train_loss:3.4647 train_time:1208392ms step_avg:392.08ms
step:3093/6200 train_loss:3.4111 train_time:1208790ms step_avg:392.08ms
step:3094/6200 train_loss:3.4673 train_time:1209176ms step_avg:392.08ms
step:3095/6200 train_loss:3.4128 train_time:1209565ms step_avg:392.08ms
step:3096/6200 train_loss:3.4120 train_time:1209948ms step_avg:392.08ms
step:3097/6200 train_loss:3.8822 train_time:1210349ms step_avg:392.08ms
step:3098/6200 train_loss:3.4205 train_time:1210760ms step_avg:392.09ms
step:3099/6200 train_loss:3.4969 train_time:1211120ms step_avg:392.08ms
step:3100/6200 train_loss:3.5535 train_time:1211503ms step_avg:392.07ms
step:3101/6200 train_loss:3.4849 train_time:1211892ms step_avg:392.07ms
step:3102/6200 train_loss:3.5734 train_time:1212286ms step_avg:392.07ms
step:3103/6200 train_loss:3.4192 train_time:1212680ms step_avg:392.07ms
step:3104/6200 train_loss:3.9615 train_time:1213058ms step_avg:392.07ms
step:3105/6200 train_loss:3.6136 train_time:1213445ms step_avg:392.07ms
step:3106/6200 train_loss:3.1086 train_time:1213834ms step_avg:392.07ms
step:3107/6200 train_loss:3.3858 train_time:1214222ms step_avg:392.06ms
step:3108/6200 train_loss:3.2280 train_time:1214610ms step_avg:392.06ms
step:3109/6200 train_loss:3.6727 train_time:1215001ms step_avg:392.06ms
step:3110/6200 train_loss:3.4821 train_time:1215388ms step_avg:392.06ms
step:3111/6200 train_loss:3.6347 train_time:1215792ms step_avg:392.06ms
step:3112/6200 train_loss:3.4750 train_time:1216200ms step_avg:392.07ms
step:3113/6200 train_loss:3.5807 train_time:1216551ms step_avg:392.06ms
step:3114/6200 train_loss:3.5725 train_time:1216937ms step_avg:392.05ms
step:3115/6200 train_loss:3.4988 train_time:1217331ms step_avg:392.06ms
step:3116/6200 train_loss:3.3777 train_time:1217716ms step_avg:392.05ms
step:3117/6200 train_loss:3.3896 train_time:1218103ms step_avg:392.05ms
step:3118/6200 train_loss:3.4773 train_time:1218494ms step_avg:392.05ms
step:3119/6200 train_loss:3.9061 train_time:1218883ms step_avg:392.05ms
step:3120/6200 train_loss:3.4847 train_time:1219278ms step_avg:392.05ms
step:3121/6200 train_loss:3.4033 train_time:1219676ms step_avg:392.05ms
step:3122/6200 train_loss:3.5803 train_time:1220061ms step_avg:392.05ms
step:3123/6200 train_loss:3.6093 train_time:1220451ms step_avg:392.05ms
step:3124/6200 train_loss:3.6020 train_time:1220845ms step_avg:392.05ms
step:3125/6200 train_loss:3.3165 train_time:1221232ms step_avg:392.05ms
step:3125/6200 val_loss:3.4714 train_time:1221448ms step_avg:392.12ms
step:3126/6200 train_loss:3.4715 train_time:1221622ms step_avg:392.05ms
step:3127/6200 train_loss:3.4730 train_time:1222009ms step_avg:392.05ms
step:3128/6200 train_loss:3.5706 train_time:1222396ms step_avg:392.04ms
step:3129/6200 train_loss:3.4951 train_time:1222786ms step_avg:392.04ms
step:3130/6200 train_loss:3.2739 train_time:1223173ms step_avg:392.04ms
step:3131/6200 train_loss:3.3439 train_time:1223561ms step_avg:392.04ms
step:3132/6200 train_loss:3.4934 train_time:1223951ms step_avg:392.04ms
step:3133/6200 train_loss:3.5167 train_time:1224339ms step_avg:392.04ms
step:3134/6200 train_loss:3.3290 train_time:1224732ms step_avg:392.04ms
step:3135/6200 train_loss:3.5173 train_time:1225118ms step_avg:392.04ms
step:3136/6200 train_loss:3.3275 train_time:1225494ms step_avg:392.03ms
step:3137/6200 train_loss:3.6867 train_time:1225885ms step_avg:392.03ms
step:3138/6200 train_loss:3.9121 train_time:1226273ms step_avg:392.03ms
step:3139/6200 train_loss:3.7453 train_time:1226659ms step_avg:392.03ms
step:3140/6200 train_loss:3.4368 train_time:1227046ms step_avg:392.03ms
step:3141/6200 train_loss:3.4685 train_time:1227437ms step_avg:392.03ms
step:3142/6200 train_loss:3.3822 train_time:1227823ms step_avg:392.03ms
step:3143/6200 train_loss:3.5769 train_time:1228211ms step_avg:392.02ms
step:3144/6200 train_loss:3.2993 train_time:1228607ms step_avg:392.03ms
step:3145/6200 train_loss:3.5257 train_time:1228991ms step_avg:392.02ms
step:3146/6200 train_loss:3.6434 train_time:1229380ms step_avg:392.02ms
step:3147/6200 train_loss:3.4543 train_time:1229764ms step_avg:392.02ms
step:3148/6200 train_loss:3.6639 train_time:1230156ms step_avg:392.02ms
step:3149/6200 train_loss:4.0585 train_time:1230544ms step_avg:392.02ms
step:3150/6200 train_loss:3.3698 train_time:1230933ms step_avg:392.02ms
step:3151/6200 train_loss:3.4641 train_time:1231319ms step_avg:392.01ms
step:3152/6200 train_loss:3.5853 train_time:1231705ms step_avg:392.01ms
step:3153/6200 train_loss:3.3827 train_time:1232094ms step_avg:392.01ms
step:3154/6200 train_loss:3.5339 train_time:1232483ms step_avg:392.01ms
step:3155/6200 train_loss:3.3063 train_time:1232873ms step_avg:392.01ms
step:3156/6200 train_loss:3.4137 train_time:1233261ms step_avg:392.01ms
step:3157/6200 train_loss:3.5167 train_time:1233651ms step_avg:392.01ms
step:3158/6200 train_loss:3.5597 train_time:1234037ms step_avg:392.01ms
step:3159/6200 train_loss:3.4659 train_time:1234425ms step_avg:392.01ms
step:3160/6200 train_loss:3.4116 train_time:1234816ms step_avg:392.01ms
step:3161/6200 train_loss:3.5350 train_time:1235203ms step_avg:392.00ms
step:3162/6200 train_loss:3.7502 train_time:1235596ms step_avg:392.00ms
step:3163/6200 train_loss:3.6788 train_time:1235988ms step_avg:392.00ms
step:3164/6200 train_loss:3.5567 train_time:1236381ms step_avg:392.00ms
step:3165/6200 train_loss:3.5219 train_time:1236771ms step_avg:392.00ms
step:3166/6200 train_loss:3.4829 train_time:1237156ms step_avg:392.00ms
step:3167/6200 train_loss:3.3301 train_time:1237548ms step_avg:392.00ms
step:3168/6200 train_loss:3.2778 train_time:1237938ms step_avg:392.00ms
step:3169/6200 train_loss:3.2918 train_time:1238324ms step_avg:392.00ms
step:3170/6200 train_loss:3.4939 train_time:1238712ms step_avg:392.00ms
step:3171/6200 train_loss:3.2656 train_time:1239109ms step_avg:392.00ms
step:3172/6200 train_loss:3.4565 train_time:1239493ms step_avg:392.00ms
step:3173/6200 train_loss:3.5818 train_time:1239882ms step_avg:392.00ms
step:3174/6200 train_loss:3.4886 train_time:1240281ms step_avg:392.00ms
step:3175/6200 train_loss:3.5214 train_time:1240669ms step_avg:392.00ms
step:3176/6200 train_loss:3.5567 train_time:1241054ms step_avg:391.99ms
step:3177/6200 train_loss:3.3472 train_time:1241439ms step_avg:391.99ms
step:3178/6200 train_loss:3.4714 train_time:1241843ms step_avg:392.00ms
step:3179/6200 train_loss:3.6843 train_time:1242218ms step_avg:391.99ms
step:3180/6200 train_loss:3.4633 train_time:1242603ms step_avg:391.99ms
step:3181/6200 train_loss:3.4327 train_time:1242993ms step_avg:391.99ms
step:3182/6200 train_loss:3.4142 train_time:1243386ms step_avg:391.99ms
step:3183/6200 train_loss:3.6075 train_time:1243771ms step_avg:391.99ms
step:3184/6200 train_loss:3.5470 train_time:1244160ms step_avg:391.98ms
step:3185/6200 train_loss:3.4339 train_time:1244547ms step_avg:391.98ms
step:3186/6200 train_loss:3.6648 train_time:1244936ms step_avg:391.98ms
step:3187/6200 train_loss:3.5763 train_time:1245327ms step_avg:391.98ms
step:3188/6200 train_loss:3.3713 train_time:1245722ms step_avg:391.98ms
step:3189/6200 train_loss:3.6118 train_time:1246111ms step_avg:391.98ms
step:3190/6200 train_loss:3.4470 train_time:1246494ms step_avg:391.98ms
step:3191/6200 train_loss:3.3840 train_time:1246883ms step_avg:391.98ms
step:3192/6200 train_loss:3.4172 train_time:1247270ms step_avg:391.98ms
step:3193/6200 train_loss:3.3594 train_time:1247706ms step_avg:391.99ms
step:3194/6200 train_loss:4.0966 train_time:1248075ms step_avg:391.98ms
step:3195/6200 train_loss:3.4954 train_time:1248440ms step_avg:391.97ms
step:3196/6200 train_loss:3.2674 train_time:1248837ms step_avg:391.98ms
step:3197/6200 train_loss:3.4635 train_time:1249226ms step_avg:391.98ms
step:3198/6200 train_loss:3.2921 train_time:1249611ms step_avg:391.97ms
step:3199/6200 train_loss:3.3096 train_time:1249996ms step_avg:391.97ms
step:3200/6200 train_loss:3.2662 train_time:1250385ms step_avg:391.97ms
step:3201/6200 train_loss:3.4246 train_time:1250784ms step_avg:391.97ms
step:3202/6200 train_loss:3.4841 train_time:1251170ms step_avg:391.97ms
step:3203/6200 train_loss:3.3772 train_time:1251560ms step_avg:391.97ms
step:3204/6200 train_loss:3.4070 train_time:1251943ms step_avg:391.97ms
step:3205/6200 train_loss:3.4638 train_time:1252330ms step_avg:391.97ms
step:3206/6200 train_loss:3.7052 train_time:1252720ms step_avg:391.97ms
step:3207/6200 train_loss:3.2166 train_time:1253118ms step_avg:391.97ms
step:3208/6200 train_loss:3.6323 train_time:1253504ms step_avg:391.97ms
step:3209/6200 train_loss:3.5782 train_time:1253888ms step_avg:391.96ms
step:3210/6200 train_loss:3.6193 train_time:1254275ms step_avg:391.96ms
step:3211/6200 train_loss:3.3314 train_time:1254678ms step_avg:391.96ms
step:3212/6200 train_loss:3.3023 train_time:1255066ms step_avg:391.96ms
step:3213/6200 train_loss:3.3557 train_time:1255481ms step_avg:391.97ms
step:3214/6200 train_loss:3.7733 train_time:1256112ms step_avg:392.04ms
step:3215/6200 train_loss:3.2550 train_time:1256513ms step_avg:392.05ms
step:3216/6200 train_loss:3.4377 train_time:1256896ms step_avg:392.04ms
step:3217/6200 train_loss:3.3593 train_time:1257287ms step_avg:392.04ms
step:3218/6200 train_loss:3.4226 train_time:1257677ms step_avg:392.04ms
step:3219/6200 train_loss:3.4453 train_time:1258068ms step_avg:392.04ms
step:3220/6200 train_loss:3.6204 train_time:1258455ms step_avg:392.04ms
step:3221/6200 train_loss:3.5332 train_time:1258836ms step_avg:392.04ms
step:3222/6200 train_loss:3.4240 train_time:1259227ms step_avg:392.04ms
step:3223/6200 train_loss:3.3868 train_time:1259616ms step_avg:392.04ms
step:3224/6200 train_loss:3.3466 train_time:1260011ms step_avg:392.04ms
step:3225/6200 train_loss:3.3381 train_time:1260410ms step_avg:392.04ms
step:3226/6200 train_loss:3.4554 train_time:1260778ms step_avg:392.03ms
step:3227/6200 train_loss:3.2980 train_time:1261169ms step_avg:392.03ms
step:3228/6200 train_loss:3.3709 train_time:1261552ms step_avg:392.03ms
step:3229/6200 train_loss:3.4961 train_time:1261944ms step_avg:392.03ms
step:3230/6200 train_loss:3.2967 train_time:1262552ms step_avg:392.10ms
step:3231/6200 train_loss:3.2245 train_time:1263320ms step_avg:392.21ms
step:3232/6200 train_loss:3.3997 train_time:1263710ms step_avg:392.21ms
step:3233/6200 train_loss:3.6722 train_time:1264099ms step_avg:392.21ms
step:3234/6200 train_loss:3.7563 train_time:1264489ms step_avg:392.21ms
step:3235/6200 train_loss:3.6122 train_time:1264876ms step_avg:392.21ms
step:3236/6200 train_loss:3.3964 train_time:1265263ms step_avg:392.21ms
step:3237/6200 train_loss:3.7100 train_time:1265651ms step_avg:392.21ms
step:3238/6200 train_loss:3.4973 train_time:1266047ms step_avg:392.21ms
step:3239/6200 train_loss:3.5814 train_time:1266435ms step_avg:392.21ms
step:3240/6200 train_loss:3.2903 train_time:1266819ms step_avg:392.20ms
step:3241/6200 train_loss:3.4529 train_time:1267208ms step_avg:392.20ms
step:3242/6200 train_loss:3.5027 train_time:1267607ms step_avg:392.21ms
step:3243/6200 train_loss:3.6220 train_time:1267993ms step_avg:392.20ms
step:3244/6200 train_loss:3.5314 train_time:1268376ms step_avg:392.20ms
step:3245/6200 train_loss:3.5963 train_time:1268762ms step_avg:392.20ms
step:3246/6200 train_loss:3.3644 train_time:1269149ms step_avg:392.20ms
step:3247/6200 train_loss:3.5254 train_time:1269541ms step_avg:392.20ms
step:3248/6200 train_loss:3.4836 train_time:1269929ms step_avg:392.20ms
step:3249/6200 train_loss:3.3440 train_time:1270318ms step_avg:392.19ms
step:3250/6200 train_loss:3.2352 train_time:1270704ms step_avg:392.19ms
step:3250/6200 val_loss:3.4625 train_time:1270935ms step_avg:392.26ms
step:3251/6200 train_loss:3.4188 train_time:1271100ms step_avg:392.19ms
step:3252/6200 train_loss:3.4394 train_time:1271484ms step_avg:392.19ms
step:3253/6200 train_loss:3.5468 train_time:1271877ms step_avg:392.19ms
step:3254/6200 train_loss:3.5036 train_time:1272260ms step_avg:392.19ms
step:3255/6200 train_loss:3.6595 train_time:1272650ms step_avg:392.19ms
step:3256/6200 train_loss:3.4586 train_time:1273037ms step_avg:392.19ms
step:3257/6200 train_loss:3.6036 train_time:1273428ms step_avg:392.19ms
step:3258/6200 train_loss:3.4589 train_time:1273817ms step_avg:392.19ms
step:3259/6200 train_loss:3.4169 train_time:1274201ms step_avg:392.18ms
step:3260/6200 train_loss:3.5875 train_time:1274590ms step_avg:392.18ms
step:3261/6200 train_loss:3.2994 train_time:1274979ms step_avg:392.18ms
step:3262/6200 train_loss:3.2287 train_time:1275366ms step_avg:392.18ms
step:3263/6200 train_loss:3.3408 train_time:1275758ms step_avg:392.18ms
step:3264/6200 train_loss:3.4265 train_time:1276145ms step_avg:392.18ms
step:3265/6200 train_loss:3.4390 train_time:1276541ms step_avg:392.18ms
step:3266/6200 train_loss:3.4171 train_time:1276929ms step_avg:392.18ms
step:3267/6200 train_loss:3.3644 train_time:1277316ms step_avg:392.18ms
step:3268/6200 train_loss:3.5698 train_time:1277709ms step_avg:392.18ms
step:3269/6200 train_loss:3.4483 train_time:1278095ms step_avg:392.17ms
step:3270/6200 train_loss:3.5169 train_time:1278482ms step_avg:392.17ms
step:3271/6200 train_loss:3.3643 train_time:1278916ms step_avg:392.19ms
step:3272/6200 train_loss:3.1832 train_time:1279309ms step_avg:392.19ms
step:3273/6200 train_loss:3.4863 train_time:1279646ms step_avg:392.17ms
step:3274/6200 train_loss:3.4900 train_time:1280036ms step_avg:392.17ms
step:3275/6200 train_loss:3.4268 train_time:1280429ms step_avg:392.17ms
step:3276/6200 train_loss:3.4516 train_time:1280812ms step_avg:392.17ms
step:3277/6200 train_loss:3.4240 train_time:1281202ms step_avg:392.16ms
step:3278/6200 train_loss:3.5340 train_time:1281593ms step_avg:392.16ms
step:3279/6200 train_loss:3.6113 train_time:1281982ms step_avg:392.16ms
step:3280/6200 train_loss:3.4885 train_time:1282370ms step_avg:392.16ms
step:3281/6200 train_loss:3.5326 train_time:1282758ms step_avg:392.16ms
step:3282/6200 train_loss:3.4026 train_time:1283144ms step_avg:392.16ms
step:3283/6200 train_loss:3.3852 train_time:1283539ms step_avg:392.16ms
step:3284/6200 train_loss:3.5487 train_time:1283925ms step_avg:392.16ms
step:3285/6200 train_loss:3.5343 train_time:1284311ms step_avg:392.16ms
step:3286/6200 train_loss:3.4950 train_time:1284698ms step_avg:392.15ms
step:3287/6200 train_loss:3.6172 train_time:1285094ms step_avg:392.16ms
step:3288/6200 train_loss:3.4174 train_time:1285479ms step_avg:392.15ms
step:3289/6200 train_loss:3.5339 train_time:1285869ms step_avg:392.15ms
step:3290/6200 train_loss:3.5290 train_time:1286255ms step_avg:392.15ms
step:3291/6200 train_loss:3.3475 train_time:1286643ms step_avg:392.15ms
step:3292/6200 train_loss:3.5258 train_time:1287034ms step_avg:392.15ms
step:3293/6200 train_loss:3.3563 train_time:1287422ms step_avg:392.15ms
step:3294/6200 train_loss:3.4483 train_time:1287812ms step_avg:392.15ms
step:3295/6200 train_loss:3.4807 train_time:1288200ms step_avg:392.15ms
step:3296/6200 train_loss:3.5045 train_time:1288587ms step_avg:392.14ms
step:3297/6200 train_loss:3.5476 train_time:1288978ms step_avg:392.14ms
step:3298/6200 train_loss:3.4480 train_time:1289376ms step_avg:392.15ms
step:3299/6200 train_loss:3.5121 train_time:1289754ms step_avg:392.14ms
step:3300/6200 train_loss:3.3429 train_time:1290142ms step_avg:392.14ms
step:3301/6200 train_loss:3.4088 train_time:1290532ms step_avg:392.14ms
step:3302/6200 train_loss:3.5548 train_time:1290918ms step_avg:392.14ms
step:3303/6200 train_loss:3.4300 train_time:1291306ms step_avg:392.14ms
step:3304/6200 train_loss:3.4620 train_time:1291699ms step_avg:392.14ms
step:3305/6200 train_loss:3.5284 train_time:1292088ms step_avg:392.14ms
step:3306/6200 train_loss:3.5541 train_time:1292477ms step_avg:392.13ms
step:3307/6200 train_loss:3.4572 train_time:1292866ms step_avg:392.13ms
step:3308/6200 train_loss:3.4925 train_time:1293260ms step_avg:392.13ms
step:3309/6200 train_loss:3.6006 train_time:1293645ms step_avg:392.13ms
step:3310/6200 train_loss:3.4027 train_time:1294033ms step_avg:392.13ms
step:3311/6200 train_loss:3.4566 train_time:1294418ms step_avg:392.13ms
step:3312/6200 train_loss:3.5919 train_time:1294807ms step_avg:392.13ms
step:3313/6200 train_loss:3.4505 train_time:1295198ms step_avg:392.13ms
step:3314/6200 train_loss:3.7609 train_time:1295584ms step_avg:392.13ms
step:3315/6200 train_loss:3.4832 train_time:1295975ms step_avg:392.13ms
step:3316/6200 train_loss:3.3843 train_time:1296362ms step_avg:392.12ms
step:3317/6200 train_loss:3.0722 train_time:1296748ms step_avg:392.12ms
step:3318/6200 train_loss:3.5898 train_time:1297136ms step_avg:392.12ms
step:3319/6200 train_loss:3.4331 train_time:1297533ms step_avg:392.12ms
step:3320/6200 train_loss:3.4794 train_time:1297920ms step_avg:392.12ms
step:3321/6200 train_loss:3.4947 train_time:1298302ms step_avg:392.12ms
step:3322/6200 train_loss:3.5093 train_time:1298692ms step_avg:392.12ms
step:3323/6200 train_loss:3.4606 train_time:1299081ms step_avg:392.12ms
step:3324/6200 train_loss:3.3501 train_time:1299473ms step_avg:392.12ms
step:3325/6200 train_loss:3.2212 train_time:1299859ms step_avg:392.11ms
step:3326/6200 train_loss:3.4795 train_time:1300248ms step_avg:392.11ms
step:3327/6200 train_loss:3.4068 train_time:1300659ms step_avg:392.12ms
step:3328/6200 train_loss:3.3225 train_time:1301025ms step_avg:392.11ms
step:3329/6200 train_loss:3.2866 train_time:1301418ms step_avg:392.11ms
step:3330/6200 train_loss:3.4586 train_time:1301805ms step_avg:392.11ms
step:3331/6200 train_loss:3.5622 train_time:1302198ms step_avg:392.11ms
step:3332/6200 train_loss:3.8590 train_time:1302579ms step_avg:392.11ms
step:3333/6200 train_loss:3.5264 train_time:1302967ms step_avg:392.11ms
step:3334/6200 train_loss:3.3323 train_time:1303355ms step_avg:392.10ms
step:3335/6200 train_loss:3.4431 train_time:1303746ms step_avg:392.10ms
step:3336/6200 train_loss:3.5218 train_time:1304135ms step_avg:392.10ms
step:3337/6200 train_loss:3.4496 train_time:1304524ms step_avg:392.10ms
step:3338/6200 train_loss:3.6485 train_time:1304914ms step_avg:392.10ms
step:3339/6200 train_loss:3.5479 train_time:1305298ms step_avg:392.10ms
step:3340/6200 train_loss:3.4569 train_time:1305687ms step_avg:392.10ms
step:3341/6200 train_loss:3.5172 train_time:1306074ms step_avg:392.10ms
step:3342/6200 train_loss:3.4993 train_time:1306461ms step_avg:392.10ms
step:3343/6200 train_loss:3.5895 train_time:1306853ms step_avg:392.10ms
step:3344/6200 train_loss:3.4285 train_time:1307239ms step_avg:392.09ms
step:3345/6200 train_loss:3.2987 train_time:1307628ms step_avg:392.09ms
step:3346/6200 train_loss:3.4523 train_time:1308016ms step_avg:392.09ms
step:3347/6200 train_loss:3.3802 train_time:1308403ms step_avg:392.09ms
step:3348/6200 train_loss:3.4284 train_time:1308793ms step_avg:392.09ms
step:3349/6200 train_loss:3.4743 train_time:1309212ms step_avg:392.10ms
step:3350/6200 train_loss:3.6117 train_time:1309592ms step_avg:392.09ms
step:3351/6200 train_loss:3.3137 train_time:1309979ms step_avg:392.09ms
step:3352/6200 train_loss:3.3765 train_time:1310367ms step_avg:392.09ms
step:3353/6200 train_loss:3.4931 train_time:1310770ms step_avg:392.09ms
step:3354/6200 train_loss:3.3833 train_time:1311146ms step_avg:392.09ms
step:3355/6200 train_loss:3.6398 train_time:1311510ms step_avg:392.08ms
step:3356/6200 train_loss:3.3423 train_time:1311899ms step_avg:392.08ms
step:3357/6200 train_loss:3.5623 train_time:1312289ms step_avg:392.08ms
step:3358/6200 train_loss:3.3360 train_time:1312675ms step_avg:392.08ms
step:3359/6200 train_loss:3.6007 train_time:1313064ms step_avg:392.08ms
step:3360/6200 train_loss:3.3107 train_time:1313458ms step_avg:392.08ms
step:3361/6200 train_loss:3.8576 train_time:1313843ms step_avg:392.07ms
step:3362/6200 train_loss:3.6234 train_time:1314233ms step_avg:392.07ms
step:3363/6200 train_loss:3.5861 train_time:1314619ms step_avg:392.07ms
step:3364/6200 train_loss:3.4251 train_time:1315009ms step_avg:392.07ms
step:3365/6200 train_loss:3.7321 train_time:1315397ms step_avg:392.07ms
step:3366/6200 train_loss:3.4387 train_time:1315793ms step_avg:392.07ms
step:3367/6200 train_loss:3.5694 train_time:1316179ms step_avg:392.07ms
step:3368/6200 train_loss:3.3804 train_time:1316610ms step_avg:392.08ms
step:3369/6200 train_loss:3.4205 train_time:1316950ms step_avg:392.07ms
step:3370/6200 train_loss:3.3823 train_time:1317338ms step_avg:392.06ms
step:3371/6200 train_loss:3.4125 train_time:1317730ms step_avg:392.06ms
step:3372/6200 train_loss:3.3649 train_time:1318118ms step_avg:392.06ms
step:3373/6200 train_loss:3.4125 train_time:1318506ms step_avg:392.06ms
step:3374/6200 train_loss:3.4870 train_time:1318895ms step_avg:392.06ms
step:3375/6200 train_loss:3.3399 train_time:1319280ms step_avg:392.06ms
step:3375/6200 val_loss:3.4578 train_time:1319514ms step_avg:392.13ms
step:3376/6200 train_loss:3.4617 train_time:1319672ms step_avg:392.06ms
step:3377/6200 train_loss:3.5175 train_time:1320059ms step_avg:392.06ms
step:3378/6200 train_loss:3.4584 train_time:1320446ms step_avg:392.06ms
step:3379/6200 train_loss:3.3174 train_time:1320834ms step_avg:392.06ms
step:3380/6200 train_loss:3.4563 train_time:1321243ms step_avg:392.06ms
step:3381/6200 train_loss:3.3356 train_time:1321643ms step_avg:392.06ms
step:3382/6200 train_loss:3.5575 train_time:1321997ms step_avg:392.05ms
step:3383/6200 train_loss:3.3601 train_time:1322389ms step_avg:392.05ms
step:3384/6200 train_loss:3.5735 train_time:1322775ms step_avg:392.05ms
step:3385/6200 train_loss:3.4330 train_time:1323172ms step_avg:392.05ms
step:3386/6200 train_loss:3.4348 train_time:1323554ms step_avg:392.05ms
step:3387/6200 train_loss:3.3666 train_time:1323941ms step_avg:392.05ms
step:3388/6200 train_loss:3.5183 train_time:1324331ms step_avg:392.05ms
step:3389/6200 train_loss:3.5273 train_time:1324719ms step_avg:392.04ms
step:3390/6200 train_loss:3.4805 train_time:1325107ms step_avg:392.04ms
step:3391/6200 train_loss:3.4963 train_time:1325494ms step_avg:392.04ms
step:3392/6200 train_loss:3.4382 train_time:1325883ms step_avg:392.04ms
step:3393/6200 train_loss:3.6340 train_time:1326282ms step_avg:392.04ms
step:3394/6200 train_loss:3.3172 train_time:1326670ms step_avg:392.04ms
step:3395/6200 train_loss:3.3659 train_time:1327060ms step_avg:392.04ms
step:3396/6200 train_loss:3.3748 train_time:1327448ms step_avg:392.04ms
step:3397/6200 train_loss:3.3462 train_time:1327841ms step_avg:392.04ms
step:3398/6200 train_loss:3.3992 train_time:1328222ms step_avg:392.04ms
step:3399/6200 train_loss:3.3767 train_time:1328651ms step_avg:392.05ms
step:3400/6200 train_loss:3.4389 train_time:1328998ms step_avg:392.03ms
step:3401/6200 train_loss:3.7141 train_time:1329378ms step_avg:392.03ms
step:3402/6200 train_loss:3.4725 train_time:1329765ms step_avg:392.03ms
step:3403/6200 train_loss:3.6931 train_time:1330384ms step_avg:392.10ms
step:3404/6200 train_loss:3.5127 train_time:1330760ms step_avg:392.09ms
step:3405/6200 train_loss:3.4858 train_time:1331153ms step_avg:392.09ms
step:3406/6200 train_loss:3.4328 train_time:1331544ms step_avg:392.09ms
step:3407/6200 train_loss:3.5483 train_time:1331929ms step_avg:392.09ms
step:3408/6200 train_loss:3.4344 train_time:1332319ms step_avg:392.09ms
step:3409/6200 train_loss:3.4265 train_time:1332708ms step_avg:392.09ms
step:3410/6200 train_loss:3.4714 train_time:1333095ms step_avg:392.09ms
step:3411/6200 train_loss:3.3383 train_time:1333482ms step_avg:392.09ms
step:3412/6200 train_loss:3.3583 train_time:1333875ms step_avg:392.09ms
step:3413/6200 train_loss:3.4704 train_time:1334260ms step_avg:392.08ms
step:3414/6200 train_loss:3.6661 train_time:1334648ms step_avg:392.08ms
step:3415/6200 train_loss:3.3790 train_time:1335038ms step_avg:392.08ms
step:3416/6200 train_loss:3.5311 train_time:1335428ms step_avg:392.08ms
step:3417/6200 train_loss:3.6260 train_time:1335830ms step_avg:392.08ms
step:3418/6200 train_loss:3.6267 train_time:1336220ms step_avg:392.08ms
step:3419/6200 train_loss:3.5210 train_time:1336592ms step_avg:392.08ms
step:3420/6200 train_loss:3.5892 train_time:1337355ms step_avg:392.19ms
step:3421/6200 train_loss:3.3218 train_time:1337776ms step_avg:392.19ms
step:3422/6200 train_loss:3.4295 train_time:1338139ms step_avg:392.19ms
step:3423/6200 train_loss:3.3391 train_time:1338535ms step_avg:392.19ms
step:3424/6200 train_loss:3.6202 train_time:1338926ms step_avg:392.19ms
step:3425/6200 train_loss:3.7682 train_time:1339317ms step_avg:392.19ms
step:3426/6200 train_loss:3.4691 train_time:1339700ms step_avg:392.18ms
step:3427/6200 train_loss:3.4591 train_time:1340075ms step_avg:392.18ms
step:3428/6200 train_loss:3.4399 train_time:1340468ms step_avg:392.18ms
step:3429/6200 train_loss:3.3540 train_time:1340860ms step_avg:392.18ms
step:3430/6200 train_loss:3.3984 train_time:1341248ms step_avg:392.18ms
step:3431/6200 train_loss:3.5177 train_time:1341633ms step_avg:392.18ms
step:3432/6200 train_loss:3.6632 train_time:1342031ms step_avg:392.18ms
step:3433/6200 train_loss:3.3789 train_time:1342414ms step_avg:392.17ms
step:3434/6200 train_loss:3.7073 train_time:1342802ms step_avg:392.17ms
step:3435/6200 train_loss:3.5237 train_time:1343190ms step_avg:392.17ms
step:3436/6200 train_loss:3.3637 train_time:1343579ms step_avg:392.17ms
step:3437/6200 train_loss:3.3735 train_time:1343965ms step_avg:392.17ms
step:3438/6200 train_loss:3.4445 train_time:1344356ms step_avg:392.17ms
step:3439/6200 train_loss:3.5839 train_time:1344746ms step_avg:392.17ms
step:3440/6200 train_loss:3.3358 train_time:1345134ms step_avg:392.17ms
step:3441/6200 train_loss:3.5742 train_time:1345522ms step_avg:392.17ms
step:3442/6200 train_loss:3.4359 train_time:1345957ms step_avg:392.18ms
step:3443/6200 train_loss:3.6112 train_time:1346306ms step_avg:392.17ms
step:3444/6200 train_loss:3.5255 train_time:1346689ms step_avg:392.16ms
step:3445/6200 train_loss:3.4501 train_time:1347089ms step_avg:392.17ms
step:3446/6200 train_loss:3.3421 train_time:1347479ms step_avg:392.17ms
step:3447/6200 train_loss:3.7134 train_time:1347868ms step_avg:392.16ms
step:3448/6200 train_loss:3.4813 train_time:1348251ms step_avg:392.16ms
step:3449/6200 train_loss:3.3377 train_time:1348642ms step_avg:392.16ms
step:3450/6200 train_loss:3.6361 train_time:1349030ms step_avg:392.16ms
step:3451/6200 train_loss:3.6075 train_time:1349435ms step_avg:392.16ms
step:3452/6200 train_loss:3.5327 train_time:1349817ms step_avg:392.16ms
step:3453/6200 train_loss:3.3759 train_time:1350207ms step_avg:392.16ms
step:3454/6200 train_loss:3.6791 train_time:1350595ms step_avg:392.16ms
step:3455/6200 train_loss:3.3531 train_time:1350987ms step_avg:392.16ms
step:3456/6200 train_loss:3.6096 train_time:1351377ms step_avg:392.16ms
step:3457/6200 train_loss:3.3950 train_time:1351766ms step_avg:392.16ms
step:3458/6200 train_loss:3.5003 train_time:1352153ms step_avg:392.16ms
step:3459/6200 train_loss:3.5326 train_time:1352544ms step_avg:392.16ms
step:3460/6200 train_loss:3.3851 train_time:1352929ms step_avg:392.15ms
step:3461/6200 train_loss:3.4716 train_time:1353337ms step_avg:392.16ms
step:3462/6200 train_loss:3.4603 train_time:1353709ms step_avg:392.15ms
step:3463/6200 train_loss:3.4125 train_time:1354095ms step_avg:392.15ms
step:3464/6200 train_loss:3.4254 train_time:1354480ms step_avg:392.15ms
step:3465/6200 train_loss:3.3446 train_time:1354868ms step_avg:392.15ms
step:3466/6200 train_loss:3.4310 train_time:1355262ms step_avg:392.15ms
step:3467/6200 train_loss:3.5184 train_time:1355648ms step_avg:392.15ms
step:3468/6200 train_loss:3.4917 train_time:1356035ms step_avg:392.14ms
step:3469/6200 train_loss:3.4904 train_time:1356438ms step_avg:392.15ms
step:3470/6200 train_loss:3.5303 train_time:1356815ms step_avg:392.14ms
step:3471/6200 train_loss:3.3826 train_time:1357204ms step_avg:392.14ms
step:3472/6200 train_loss:3.6611 train_time:1357596ms step_avg:392.14ms
step:3473/6200 train_loss:4.3040 train_time:1357978ms step_avg:392.14ms
step:3474/6200 train_loss:3.5063 train_time:1358365ms step_avg:392.14ms
step:3475/6200 train_loss:3.5082 train_time:1358752ms step_avg:392.14ms
step:3476/6200 train_loss:3.4631 train_time:1359134ms step_avg:392.13ms
step:3477/6200 train_loss:3.4646 train_time:1359520ms step_avg:392.13ms
step:3478/6200 train_loss:3.3081 train_time:1359908ms step_avg:392.13ms
step:3479/6200 train_loss:3.4403 train_time:1360295ms step_avg:392.13ms
step:3480/6200 train_loss:3.2136 train_time:1360683ms step_avg:392.13ms
step:3481/6200 train_loss:3.6464 train_time:1361086ms step_avg:392.13ms
step:3482/6200 train_loss:3.4368 train_time:1361462ms step_avg:392.13ms
step:3483/6200 train_loss:3.4536 train_time:1361848ms step_avg:392.12ms
step:3484/6200 train_loss:3.4867 train_time:1362237ms step_avg:392.12ms
step:3485/6200 train_loss:3.4665 train_time:1362628ms step_avg:392.12ms
step:3486/6200 train_loss:3.4762 train_time:1363012ms step_avg:392.12ms
step:3487/6200 train_loss:3.7223 train_time:1363412ms step_avg:392.12ms
step:3488/6200 train_loss:3.4443 train_time:1363808ms step_avg:392.12ms
step:3489/6200 train_loss:3.3882 train_time:1364195ms step_avg:392.12ms
step:3490/6200 train_loss:3.6401 train_time:1364583ms step_avg:392.12ms
step:3491/6200 train_loss:3.5380 train_time:1364972ms step_avg:392.12ms
step:3492/6200 train_loss:3.4249 train_time:1365360ms step_avg:392.12ms
step:3493/6200 train_loss:3.2596 train_time:1365750ms step_avg:392.12ms
step:3494/6200 train_loss:3.6482 train_time:1366140ms step_avg:392.12ms
step:3495/6200 train_loss:3.4558 train_time:1366533ms step_avg:392.12ms
step:3496/6200 train_loss:3.5349 train_time:1366903ms step_avg:392.11ms
step:3497/6200 train_loss:3.5720 train_time:1367298ms step_avg:392.11ms
step:3498/6200 train_loss:3.3807 train_time:1367679ms step_avg:392.11ms
step:3499/6200 train_loss:3.5635 train_time:1368075ms step_avg:392.11ms
step:3500/6200 train_loss:3.4500 train_time:1368465ms step_avg:392.11ms
step:3500/6200 val_loss:3.4492 train_time:1368690ms step_avg:392.17ms
step:3501/6200 train_loss:3.4288 train_time:1368853ms step_avg:392.11ms
step:3502/6200 train_loss:3.6316 train_time:1369241ms step_avg:392.11ms
step:3503/6200 train_loss:3.3626 train_time:1369626ms step_avg:392.11ms
step:3504/6200 train_loss:3.4362 train_time:1370013ms step_avg:392.10ms
step:3505/6200 train_loss:3.5174 train_time:1370404ms step_avg:392.10ms
step:3506/6200 train_loss:3.5978 train_time:1370803ms step_avg:392.11ms
step:3507/6200 train_loss:3.3075 train_time:1371186ms step_avg:392.10ms
step:3508/6200 train_loss:3.4818 train_time:1371567ms step_avg:392.10ms
step:3509/6200 train_loss:3.3330 train_time:1371954ms step_avg:392.10ms
step:3510/6200 train_loss:3.7613 train_time:1372357ms step_avg:392.10ms
step:3511/6200 train_loss:3.4072 train_time:1372745ms step_avg:392.10ms
step:3512/6200 train_loss:3.2958 train_time:1373137ms step_avg:392.10ms
step:3513/6200 train_loss:3.4735 train_time:1373522ms step_avg:392.10ms
step:3514/6200 train_loss:3.3476 train_time:1373909ms step_avg:392.10ms
step:3515/6200 train_loss:3.3495 train_time:1374282ms step_avg:392.09ms
step:3516/6200 train_loss:3.4642 train_time:1374673ms step_avg:392.09ms
step:3517/6200 train_loss:3.4139 train_time:1375066ms step_avg:392.09ms
step:3518/6200 train_loss:3.5287 train_time:1375453ms step_avg:392.09ms
step:3519/6200 train_loss:3.3871 train_time:1375840ms step_avg:392.09ms
step:3520/6200 train_loss:3.3125 train_time:1376227ms step_avg:392.09ms
step:3521/6200 train_loss:3.6695 train_time:1376612ms step_avg:392.09ms
step:3522/6200 train_loss:3.5702 train_time:1377001ms step_avg:392.08ms
step:3523/6200 train_loss:3.4376 train_time:1377392ms step_avg:392.08ms
step:3524/6200 train_loss:3.3478 train_time:1377778ms step_avg:392.08ms
step:3525/6200 train_loss:3.5221 train_time:1378164ms step_avg:392.08ms
step:3526/6200 train_loss:3.3678 train_time:1378553ms step_avg:392.08ms
step:3527/6200 train_loss:3.5927 train_time:1378938ms step_avg:392.08ms
step:3528/6200 train_loss:3.4670 train_time:1379327ms step_avg:392.08ms
step:3529/6200 train_loss:3.1854 train_time:1379728ms step_avg:392.08ms
step:3530/6200 train_loss:3.6100 train_time:1380116ms step_avg:392.08ms
step:3531/6200 train_loss:3.4056 train_time:1380503ms step_avg:392.08ms
step:3532/6200 train_loss:3.2701 train_time:1380896ms step_avg:392.08ms
step:3533/6200 train_loss:3.3197 train_time:1381283ms step_avg:392.08ms
step:3534/6200 train_loss:3.3620 train_time:1381670ms step_avg:392.07ms
step:3535/6200 train_loss:3.3374 train_time:1382047ms step_avg:392.07ms
step:3536/6200 train_loss:3.2952 train_time:1382437ms step_avg:392.07ms
step:3537/6200 train_loss:3.5554 train_time:1382823ms step_avg:392.07ms
step:3538/6200 train_loss:3.4787 train_time:1383210ms step_avg:392.07ms
step:3539/6200 train_loss:3.3707 train_time:1383603ms step_avg:392.07ms
step:3540/6200 train_loss:3.3905 train_time:1383989ms step_avg:392.06ms
step:3541/6200 train_loss:3.6435 train_time:1384377ms step_avg:392.06ms
step:3542/6200 train_loss:3.3915 train_time:1384763ms step_avg:392.06ms
step:3543/6200 train_loss:3.5373 train_time:1385155ms step_avg:392.06ms
step:3544/6200 train_loss:3.6371 train_time:1385542ms step_avg:392.06ms
step:3545/6200 train_loss:3.6040 train_time:1385935ms step_avg:392.06ms
step:3546/6200 train_loss:3.5472 train_time:1386323ms step_avg:392.06ms
step:3547/6200 train_loss:3.3571 train_time:1386709ms step_avg:392.06ms
step:3548/6200 train_loss:3.3730 train_time:1387098ms step_avg:392.06ms
step:3549/6200 train_loss:3.4667 train_time:1387495ms step_avg:392.06ms
step:3550/6200 train_loss:3.5824 train_time:1387876ms step_avg:392.06ms
step:3551/6200 train_loss:3.3652 train_time:1388264ms step_avg:392.05ms
step:3552/6200 train_loss:3.2829 train_time:1388656ms step_avg:392.05ms
step:3553/6200 train_loss:3.4644 train_time:1389043ms step_avg:392.05ms
step:3554/6200 train_loss:3.5581 train_time:1389457ms step_avg:392.06ms
step:3555/6200 train_loss:3.4851 train_time:1389817ms step_avg:392.05ms
step:3556/6200 train_loss:3.4009 train_time:1390211ms step_avg:392.05ms
step:3557/6200 train_loss:3.2558 train_time:1390594ms step_avg:392.05ms
step:3558/6200 train_loss:3.3193 train_time:1390983ms step_avg:392.05ms
step:3559/6200 train_loss:3.5172 train_time:1391375ms step_avg:392.05ms
step:3560/6200 train_loss:4.0141 train_time:1391763ms step_avg:392.05ms
step:3561/6200 train_loss:3.5027 train_time:1392147ms step_avg:392.04ms
step:3562/6200 train_loss:3.4852 train_time:1392537ms step_avg:392.04ms
step:3563/6200 train_loss:3.3052 train_time:1392930ms step_avg:392.04ms
step:3564/6200 train_loss:3.7279 train_time:1393317ms step_avg:392.04ms
step:3565/6200 train_loss:3.3634 train_time:1393699ms step_avg:392.04ms
step:3566/6200 train_loss:3.2224 train_time:1394089ms step_avg:392.04ms
step:3567/6200 train_loss:3.4471 train_time:1394479ms step_avg:392.04ms
step:3568/6200 train_loss:3.6314 train_time:1394867ms step_avg:392.04ms
step:3569/6200 train_loss:3.4654 train_time:1395255ms step_avg:392.04ms
step:3570/6200 train_loss:3.4668 train_time:1395644ms step_avg:392.03ms
step:3571/6200 train_loss:3.5784 train_time:1396039ms step_avg:392.04ms
step:3572/6200 train_loss:3.7697 train_time:1396428ms step_avg:392.03ms
step:3573/6200 train_loss:3.2851 train_time:1396811ms step_avg:392.03ms
step:3574/6200 train_loss:3.4834 train_time:1397200ms step_avg:392.03ms
step:3575/6200 train_loss:3.6496 train_time:1397591ms step_avg:392.03ms
step:3576/6200 train_loss:3.6472 train_time:1397981ms step_avg:392.03ms
step:3577/6200 train_loss:3.3994 train_time:1398373ms step_avg:392.03ms
step:3578/6200 train_loss:3.3925 train_time:1398756ms step_avg:392.03ms
step:3579/6200 train_loss:3.5298 train_time:1399158ms step_avg:392.03ms
step:3580/6200 train_loss:3.4614 train_time:1399551ms step_avg:392.03ms
step:3581/6200 train_loss:3.3960 train_time:1399936ms step_avg:392.03ms
step:3582/6200 train_loss:3.3642 train_time:1400326ms step_avg:392.03ms
step:3583/6200 train_loss:3.3152 train_time:1400710ms step_avg:392.03ms
step:3584/6200 train_loss:3.4022 train_time:1401095ms step_avg:392.02ms
step:3585/6200 train_loss:3.5355 train_time:1401484ms step_avg:392.02ms
step:3586/6200 train_loss:3.4163 train_time:1401873ms step_avg:392.02ms
step:3587/6200 train_loss:3.3940 train_time:1402265ms step_avg:392.02ms
step:3588/6200 train_loss:3.3917 train_time:1402656ms step_avg:392.02ms
step:3589/6200 train_loss:3.3883 train_time:1403042ms step_avg:392.02ms
step:3590/6200 train_loss:3.5458 train_time:1403430ms step_avg:392.02ms
step:3591/6200 train_loss:3.7452 train_time:1403818ms step_avg:392.02ms
step:3592/6200 train_loss:3.5143 train_time:1404440ms step_avg:392.08ms
step:3593/6200 train_loss:3.5591 train_time:1404830ms step_avg:392.08ms
step:3594/6200 train_loss:3.4629 train_time:1405219ms step_avg:392.08ms
step:3595/6200 train_loss:3.4994 train_time:1405609ms step_avg:392.08ms
step:3596/6200 train_loss:3.2397 train_time:1405996ms step_avg:392.08ms
step:3597/6200 train_loss:3.4023 train_time:1406385ms step_avg:392.08ms
step:3598/6200 train_loss:3.7696 train_time:1406771ms step_avg:392.08ms
step:3599/6200 train_loss:3.4566 train_time:1407158ms step_avg:392.08ms
step:3600/6200 train_loss:3.2697 train_time:1407548ms step_avg:392.07ms
step:3601/6200 train_loss:3.4576 train_time:1407939ms step_avg:392.07ms
step:3602/6200 train_loss:3.5794 train_time:1408325ms step_avg:392.07ms
step:3603/6200 train_loss:3.4992 train_time:1408712ms step_avg:392.07ms
step:3604/6200 train_loss:3.4705 train_time:1409103ms step_avg:392.07ms
step:3605/6200 train_loss:3.7501 train_time:1409494ms step_avg:392.07ms
step:3606/6200 train_loss:3.3474 train_time:1409880ms step_avg:392.07ms
step:3607/6200 train_loss:3.3231 train_time:1410272ms step_avg:392.07ms
step:3608/6200 train_loss:3.8742 train_time:1410657ms step_avg:392.07ms
step:3609/6200 train_loss:3.3805 train_time:1411048ms step_avg:392.07ms
step:3610/6200 train_loss:3.3676 train_time:1411810ms step_avg:392.17ms
step:3611/6200 train_loss:3.2852 train_time:1412195ms step_avg:392.17ms
step:3612/6200 train_loss:3.4179 train_time:1412582ms step_avg:392.17ms
step:3613/6200 train_loss:3.5555 train_time:1412972ms step_avg:392.17ms
step:3614/6200 train_loss:3.4623 train_time:1413360ms step_avg:392.16ms
step:3615/6200 train_loss:3.9560 train_time:1413747ms step_avg:392.16ms
step:3616/6200 train_loss:3.2754 train_time:1414136ms step_avg:392.16ms
step:3617/6200 train_loss:3.4121 train_time:1414527ms step_avg:392.16ms
step:3618/6200 train_loss:3.3498 train_time:1414914ms step_avg:392.16ms
step:3619/6200 train_loss:3.6357 train_time:1415302ms step_avg:392.16ms
step:3620/6200 train_loss:3.4759 train_time:1415691ms step_avg:392.16ms
step:3621/6200 train_loss:3.3189 train_time:1416082ms step_avg:392.16ms
step:3622/6200 train_loss:3.4217 train_time:1416470ms step_avg:392.16ms
step:3623/6200 train_loss:3.4423 train_time:1416860ms step_avg:392.16ms
step:3624/6200 train_loss:3.3356 train_time:1417247ms step_avg:392.15ms
step:3625/6200 train_loss:3.5129 train_time:1417635ms step_avg:392.15ms
step:3625/6200 val_loss:3.4455 train_time:1417866ms step_avg:392.22ms
step:3626/6200 train_loss:3.6467 train_time:1418027ms step_avg:392.15ms
step:3627/6200 train_loss:3.6188 train_time:1418416ms step_avg:392.15ms
step:3628/6200 train_loss:3.3585 train_time:1418801ms step_avg:392.15ms
step:3629/6200 train_loss:3.2428 train_time:1419188ms step_avg:392.15ms
step:3630/6200 train_loss:3.5128 train_time:1419581ms step_avg:392.15ms
step:3631/6200 train_loss:3.3326 train_time:1419966ms step_avg:392.15ms
step:3632/6200 train_loss:3.6261 train_time:1420354ms step_avg:392.15ms
step:3633/6200 train_loss:3.4359 train_time:1420743ms step_avg:392.15ms
step:3634/6200 train_loss:3.4711 train_time:1421132ms step_avg:392.14ms
step:3635/6200 train_loss:3.3232 train_time:1421523ms step_avg:392.14ms
step:3636/6200 train_loss:3.4069 train_time:1421910ms step_avg:392.14ms
step:3637/6200 train_loss:3.4647 train_time:1422298ms step_avg:392.14ms
step:3638/6200 train_loss:3.3934 train_time:1422684ms step_avg:392.14ms
step:3639/6200 train_loss:3.5157 train_time:1423080ms step_avg:392.14ms
step:3640/6200 train_loss:3.4933 train_time:1423463ms step_avg:392.14ms
step:3641/6200 train_loss:3.3799 train_time:1423851ms step_avg:392.14ms
step:3642/6200 train_loss:3.3761 train_time:1424249ms step_avg:392.14ms
step:3643/6200 train_loss:3.4426 train_time:1424627ms step_avg:392.14ms
step:3644/6200 train_loss:3.5096 train_time:1425017ms step_avg:392.13ms
step:3645/6200 train_loss:3.3298 train_time:1425402ms step_avg:392.13ms
step:3646/6200 train_loss:3.5539 train_time:1425792ms step_avg:392.13ms
step:3647/6200 train_loss:3.3927 train_time:1426178ms step_avg:392.13ms
step:3648/6200 train_loss:3.4709 train_time:1426566ms step_avg:392.13ms
step:3649/6200 train_loss:3.5711 train_time:1426953ms step_avg:392.13ms
step:3650/6200 train_loss:3.4604 train_time:1427344ms step_avg:392.13ms
step:3651/6200 train_loss:3.5843 train_time:1427732ms step_avg:392.13ms
step:3652/6200 train_loss:3.6708 train_time:1428120ms step_avg:392.13ms
step:3653/6200 train_loss:3.3522 train_time:1428512ms step_avg:392.13ms
step:3654/6200 train_loss:3.4896 train_time:1428899ms step_avg:392.12ms
step:3655/6200 train_loss:3.5621 train_time:1429284ms step_avg:392.12ms
step:3656/6200 train_loss:3.3829 train_time:1429674ms step_avg:392.12ms
step:3657/6200 train_loss:3.6109 train_time:1430065ms step_avg:392.12ms
step:3658/6200 train_loss:3.4813 train_time:1430452ms step_avg:392.12ms
step:3659/6200 train_loss:3.4377 train_time:1430840ms step_avg:392.12ms
step:3660/6200 train_loss:3.3676 train_time:1431227ms step_avg:392.12ms
step:3661/6200 train_loss:3.4714 train_time:1431617ms step_avg:392.12ms
step:3662/6200 train_loss:3.3909 train_time:1432004ms step_avg:392.11ms
step:3663/6200 train_loss:3.6405 train_time:1432396ms step_avg:392.11ms
step:3664/6200 train_loss:3.5136 train_time:1432781ms step_avg:392.11ms
step:3665/6200 train_loss:3.3838 train_time:1433174ms step_avg:392.11ms
step:3666/6200 train_loss:3.2791 train_time:1433559ms step_avg:392.11ms
step:3667/6200 train_loss:3.6225 train_time:1433945ms step_avg:392.11ms
step:3668/6200 train_loss:3.3529 train_time:1434335ms step_avg:392.11ms
step:3669/6200 train_loss:3.5394 train_time:1434722ms step_avg:392.11ms
step:3670/6200 train_loss:3.4333 train_time:1435115ms step_avg:392.11ms
step:3671/6200 train_loss:3.5956 train_time:1435498ms step_avg:392.11ms
step:3672/6200 train_loss:3.5702 train_time:1435886ms step_avg:392.10ms
step:3673/6200 train_loss:3.3850 train_time:1436285ms step_avg:392.11ms
step:3674/6200 train_loss:3.2940 train_time:1436675ms step_avg:392.11ms
step:3675/6200 train_loss:3.3916 train_time:1437066ms step_avg:392.11ms
step:3676/6200 train_loss:3.4881 train_time:1437450ms step_avg:392.10ms
step:3677/6200 train_loss:3.3845 train_time:1437838ms step_avg:392.10ms
step:3678/6200 train_loss:3.5296 train_time:1438228ms step_avg:392.10ms
step:3679/6200 train_loss:3.4111 train_time:1438622ms step_avg:392.10ms
step:3680/6200 train_loss:3.3080 train_time:1439015ms step_avg:392.10ms
step:3681/6200 train_loss:3.4030 train_time:1439398ms step_avg:392.10ms
step:3682/6200 train_loss:3.5698 train_time:1439784ms step_avg:392.10ms
step:3683/6200 train_loss:3.7156 train_time:1440172ms step_avg:392.10ms
step:3684/6200 train_loss:3.3758 train_time:1440561ms step_avg:392.10ms
step:3685/6200 train_loss:3.5915 train_time:1440953ms step_avg:392.10ms
step:3686/6200 train_loss:3.6556 train_time:1441362ms step_avg:392.10ms
step:3687/6200 train_loss:3.2361 train_time:1441747ms step_avg:392.10ms
step:3688/6200 train_loss:3.6513 train_time:1442117ms step_avg:392.09ms
step:3689/6200 train_loss:3.2929 train_time:1442507ms step_avg:392.09ms
step:3690/6200 train_loss:3.4289 train_time:1442894ms step_avg:392.09ms
step:3691/6200 train_loss:3.3770 train_time:1443283ms step_avg:392.09ms
step:3692/6200 train_loss:3.2646 train_time:1443673ms step_avg:392.09ms
step:3693/6200 train_loss:3.4138 train_time:1444060ms step_avg:392.09ms
step:3694/6200 train_loss:3.4729 train_time:1444454ms step_avg:392.09ms
step:3695/6200 train_loss:3.4615 train_time:1444835ms step_avg:392.09ms
step:3696/6200 train_loss:3.6217 train_time:1445224ms step_avg:392.08ms
step:3697/6200 train_loss:3.2055 train_time:1445612ms step_avg:392.08ms
step:3698/6200 train_loss:3.4323 train_time:1445999ms step_avg:392.08ms
step:3699/6200 train_loss:3.5593 train_time:1446387ms step_avg:392.08ms
step:3700/6200 train_loss:3.5039 train_time:1446774ms step_avg:392.08ms
step:3701/6200 train_loss:3.5337 train_time:1447162ms step_avg:392.08ms
step:3702/6200 train_loss:3.5101 train_time:1447591ms step_avg:392.09ms
step:3703/6200 train_loss:3.4733 train_time:1447984ms step_avg:392.09ms
step:3704/6200 train_loss:3.2610 train_time:1448328ms step_avg:392.08ms
step:3705/6200 train_loss:3.5589 train_time:1448715ms step_avg:392.07ms
step:3706/6200 train_loss:3.7039 train_time:1449104ms step_avg:392.07ms
step:3707/6200 train_loss:3.6530 train_time:1449497ms step_avg:392.07ms
step:3708/6200 train_loss:3.4949 train_time:1449882ms step_avg:392.07ms
step:3709/6200 train_loss:3.4291 train_time:1450270ms step_avg:392.07ms
step:3710/6200 train_loss:3.6924 train_time:1450667ms step_avg:392.07ms
step:3711/6200 train_loss:3.2137 train_time:1451048ms step_avg:392.07ms
step:3712/6200 train_loss:3.5920 train_time:1451440ms step_avg:392.07ms
step:3713/6200 train_loss:3.3577 train_time:1451831ms step_avg:392.07ms
step:3714/6200 train_loss:3.4903 train_time:1452226ms step_avg:392.07ms
step:3715/6200 train_loss:3.9959 train_time:1452613ms step_avg:392.07ms
step:3716/6200 train_loss:3.8561 train_time:1453003ms step_avg:392.07ms
step:3717/6200 train_loss:3.7322 train_time:1453393ms step_avg:392.07ms
step:3718/6200 train_loss:3.4273 train_time:1453778ms step_avg:392.07ms
step:3719/6200 train_loss:3.2330 train_time:1454168ms step_avg:392.06ms
step:3720/6200 train_loss:3.6215 train_time:1454558ms step_avg:392.06ms
step:3721/6200 train_loss:3.2534 train_time:1454943ms step_avg:392.06ms
step:3722/6200 train_loss:3.5258 train_time:1455336ms step_avg:392.06ms
step:3723/6200 train_loss:3.3916 train_time:1455718ms step_avg:392.06ms
step:3724/6200 train_loss:3.3473 train_time:1456106ms step_avg:392.06ms
step:3725/6200 train_loss:3.5813 train_time:1456512ms step_avg:392.06ms
step:3726/6200 train_loss:3.4000 train_time:1456886ms step_avg:392.06ms
step:3727/6200 train_loss:3.6591 train_time:1457274ms step_avg:392.06ms
step:3728/6200 train_loss:3.4064 train_time:1457662ms step_avg:392.06ms
step:3729/6200 train_loss:3.3681 train_time:1458050ms step_avg:392.05ms
step:3730/6200 train_loss:3.5697 train_time:1458437ms step_avg:392.05ms
step:3731/6200 train_loss:3.5688 train_time:1458829ms step_avg:392.05ms
step:3732/6200 train_loss:3.3578 train_time:1459220ms step_avg:392.05ms
step:3733/6200 train_loss:3.3132 train_time:1459608ms step_avg:392.05ms
step:3734/6200 train_loss:3.4820 train_time:1459995ms step_avg:392.05ms
step:3735/6200 train_loss:3.3265 train_time:1460401ms step_avg:392.05ms
step:3736/6200 train_loss:3.3241 train_time:1460778ms step_avg:392.05ms
step:3737/6200 train_loss:3.4238 train_time:1461164ms step_avg:392.05ms
step:3738/6200 train_loss:3.5292 train_time:1461557ms step_avg:392.05ms
step:3739/6200 train_loss:3.2999 train_time:1461940ms step_avg:392.05ms
step:3740/6200 train_loss:3.4134 train_time:1462331ms step_avg:392.05ms
step:3741/6200 train_loss:3.5741 train_time:1462719ms step_avg:392.04ms
step:3742/6200 train_loss:3.4500 train_time:1463108ms step_avg:392.04ms
step:3743/6200 train_loss:3.4590 train_time:1463493ms step_avg:392.04ms
step:3744/6200 train_loss:3.5684 train_time:1463884ms step_avg:392.04ms
step:3745/6200 train_loss:3.3987 train_time:1464273ms step_avg:392.04ms
step:3746/6200 train_loss:3.3222 train_time:1464659ms step_avg:392.04ms
step:3747/6200 train_loss:3.4813 train_time:1465051ms step_avg:392.04ms
step:3748/6200 train_loss:3.3984 train_time:1465437ms step_avg:392.04ms
step:3749/6200 train_loss:3.3146 train_time:1465827ms step_avg:392.04ms
step:3750/6200 train_loss:3.4982 train_time:1466213ms step_avg:392.04ms
step:3750/6200 val_loss:3.4399 train_time:1466445ms step_avg:392.10ms
step:3751/6200 train_loss:3.4817 train_time:1466603ms step_avg:392.04ms
step:3752/6200 train_loss:3.6493 train_time:1466990ms step_avg:392.03ms
step:3753/6200 train_loss:3.3065 train_time:1467382ms step_avg:392.03ms
step:3754/6200 train_loss:3.4459 train_time:1467766ms step_avg:392.03ms
step:3755/6200 train_loss:3.5196 train_time:1468158ms step_avg:392.03ms
step:3756/6200 train_loss:3.6149 train_time:1468543ms step_avg:392.03ms
step:3757/6200 train_loss:3.5110 train_time:1468932ms step_avg:392.03ms
step:3758/6200 train_loss:3.3662 train_time:1469322ms step_avg:392.03ms
step:3759/6200 train_loss:3.6102 train_time:1469708ms step_avg:392.03ms
step:3760/6200 train_loss:3.5905 train_time:1470097ms step_avg:392.03ms
step:3761/6200 train_loss:3.2262 train_time:1470487ms step_avg:392.03ms
step:3762/6200 train_loss:3.4148 train_time:1470874ms step_avg:392.02ms
step:3763/6200 train_loss:3.3743 train_time:1471263ms step_avg:392.02ms
step:3764/6200 train_loss:3.5561 train_time:1471653ms step_avg:392.02ms
step:3765/6200 train_loss:3.3894 train_time:1472041ms step_avg:392.02ms
step:3766/6200 train_loss:3.4474 train_time:1472432ms step_avg:392.02ms
step:3767/6200 train_loss:3.4303 train_time:1472815ms step_avg:392.02ms
step:3768/6200 train_loss:3.3533 train_time:1473206ms step_avg:392.02ms
step:3769/6200 train_loss:3.5338 train_time:1473596ms step_avg:392.02ms
step:3770/6200 train_loss:3.3602 train_time:1473987ms step_avg:392.02ms
step:3771/6200 train_loss:3.2920 train_time:1474370ms step_avg:392.02ms
step:3772/6200 train_loss:3.4582 train_time:1474811ms step_avg:392.03ms
step:3773/6200 train_loss:3.4342 train_time:1475163ms step_avg:392.02ms
step:3774/6200 train_loss:3.3994 train_time:1475539ms step_avg:392.01ms
step:3775/6200 train_loss:3.4838 train_time:1475927ms step_avg:392.01ms
step:3776/6200 train_loss:3.6570 train_time:1476313ms step_avg:392.01ms
step:3777/6200 train_loss:3.4874 train_time:1476702ms step_avg:392.01ms
step:3778/6200 train_loss:3.5541 train_time:1477090ms step_avg:392.01ms
step:3779/6200 train_loss:3.5883 train_time:1477482ms step_avg:392.01ms
step:3780/6200 train_loss:3.4801 train_time:1477868ms step_avg:392.01ms
step:3781/6200 train_loss:3.4331 train_time:1478483ms step_avg:392.07ms
step:3782/6200 train_loss:3.5048 train_time:1478871ms step_avg:392.07ms
step:3783/6200 train_loss:3.5002 train_time:1479258ms step_avg:392.06ms
step:3784/6200 train_loss:3.5096 train_time:1479645ms step_avg:392.06ms
step:3785/6200 train_loss:3.2930 train_time:1480035ms step_avg:392.06ms
step:3786/6200 train_loss:3.2941 train_time:1480426ms step_avg:392.06ms
step:3787/6200 train_loss:3.4772 train_time:1480815ms step_avg:392.06ms
step:3788/6200 train_loss:3.4322 train_time:1481203ms step_avg:392.06ms
step:3789/6200 train_loss:3.3343 train_time:1481591ms step_avg:392.06ms
step:3790/6200 train_loss:3.4237 train_time:1481975ms step_avg:392.06ms
step:3791/6200 train_loss:3.3404 train_time:1482362ms step_avg:392.06ms
step:3792/6200 train_loss:3.4920 train_time:1482754ms step_avg:392.06ms
step:3793/6200 train_loss:3.5252 train_time:1483140ms step_avg:392.05ms
step:3794/6200 train_loss:3.4323 train_time:1483529ms step_avg:392.05ms
step:3795/6200 train_loss:3.3300 train_time:1483916ms step_avg:392.05ms
step:3796/6200 train_loss:3.2156 train_time:1484310ms step_avg:392.05ms
step:3797/6200 train_loss:3.3769 train_time:1484698ms step_avg:392.05ms
step:3798/6200 train_loss:3.3460 train_time:1485084ms step_avg:392.05ms
step:3799/6200 train_loss:3.4306 train_time:1485471ms step_avg:392.05ms
step:3800/6200 train_loss:3.4415 train_time:1486093ms step_avg:392.11ms
step:3801/6200 train_loss:3.3002 train_time:1487129ms step_avg:392.28ms
step:3802/6200 train_loss:3.3288 train_time:1487529ms step_avg:392.28ms
step:3803/6200 train_loss:3.5546 train_time:1487918ms step_avg:392.28ms
step:3804/6200 train_loss:3.5479 train_time:1488306ms step_avg:392.28ms
step:3805/6200 train_loss:3.3779 train_time:1488684ms step_avg:392.28ms
step:3806/6200 train_loss:3.5546 train_time:1489069ms step_avg:392.27ms
step:3807/6200 train_loss:3.6019 train_time:1489459ms step_avg:392.27ms
step:3808/6200 train_loss:3.4455 train_time:1489848ms step_avg:392.27ms
step:3809/6200 train_loss:3.3306 train_time:1490238ms step_avg:392.27ms
step:3810/6200 train_loss:3.4147 train_time:1490631ms step_avg:392.27ms
step:3811/6200 train_loss:3.5055 train_time:1491014ms step_avg:392.27ms
step:3812/6200 train_loss:3.3204 train_time:1491402ms step_avg:392.27ms
step:3813/6200 train_loss:3.6374 train_time:1491791ms step_avg:392.27ms
step:3814/6200 train_loss:3.4513 train_time:1492177ms step_avg:392.27ms
step:3815/6200 train_loss:3.2707 train_time:1492566ms step_avg:392.26ms
step:3816/6200 train_loss:3.7185 train_time:1492954ms step_avg:392.26ms
step:3817/6200 train_loss:3.5221 train_time:1493341ms step_avg:392.26ms
step:3818/6200 train_loss:3.5245 train_time:1493729ms step_avg:392.26ms
step:3819/6200 train_loss:3.3516 train_time:1494122ms step_avg:392.26ms
step:3820/6200 train_loss:3.4057 train_time:1494506ms step_avg:392.26ms
step:3821/6200 train_loss:3.3913 train_time:1494897ms step_avg:392.26ms
step:3822/6200 train_loss:3.5007 train_time:1495286ms step_avg:392.26ms
step:3823/6200 train_loss:3.3006 train_time:1495682ms step_avg:392.26ms
step:3824/6200 train_loss:3.4159 train_time:1496067ms step_avg:392.26ms
step:3825/6200 train_loss:3.4133 train_time:1496456ms step_avg:392.26ms
step:3826/6200 train_loss:3.6242 train_time:1496843ms step_avg:392.25ms
step:3827/6200 train_loss:3.4833 train_time:1497234ms step_avg:392.25ms
step:3828/6200 train_loss:4.0494 train_time:1497628ms step_avg:392.25ms
step:3829/6200 train_loss:3.5079 train_time:1498014ms step_avg:392.25ms
step:3830/6200 train_loss:3.3784 train_time:1498405ms step_avg:392.25ms
step:3831/6200 train_loss:3.4289 train_time:1498791ms step_avg:392.25ms
step:3832/6200 train_loss:3.6839 train_time:1499176ms step_avg:392.25ms
step:3833/6200 train_loss:3.3481 train_time:1499564ms step_avg:392.25ms
step:3834/6200 train_loss:3.4947 train_time:1499953ms step_avg:392.25ms
step:3835/6200 train_loss:3.3920 train_time:1500338ms step_avg:392.25ms
step:3836/6200 train_loss:3.1628 train_time:1500727ms step_avg:392.24ms
step:3837/6200 train_loss:3.6313 train_time:1501131ms step_avg:392.25ms
step:3838/6200 train_loss:3.5110 train_time:1501516ms step_avg:392.25ms
step:3839/6200 train_loss:3.4333 train_time:1501910ms step_avg:392.25ms
step:3840/6200 train_loss:3.5307 train_time:1502294ms step_avg:392.24ms
step:3841/6200 train_loss:3.5521 train_time:1502681ms step_avg:392.24ms
step:3842/6200 train_loss:3.3866 train_time:1503069ms step_avg:392.24ms
step:3843/6200 train_loss:3.3474 train_time:1503454ms step_avg:392.24ms
step:3844/6200 train_loss:3.6595 train_time:1503841ms step_avg:392.24ms
step:3845/6200 train_loss:3.4109 train_time:1504218ms step_avg:392.23ms
step:3846/6200 train_loss:3.2093 train_time:1504610ms step_avg:392.23ms
step:3847/6200 train_loss:3.5748 train_time:1504995ms step_avg:392.23ms
step:3848/6200 train_loss:3.3788 train_time:1505381ms step_avg:392.23ms
step:3849/6200 train_loss:3.4492 train_time:1505769ms step_avg:392.23ms
step:3850/6200 train_loss:3.4554 train_time:1506160ms step_avg:392.23ms
step:3851/6200 train_loss:3.3714 train_time:1506549ms step_avg:392.23ms
step:3852/6200 train_loss:3.5080 train_time:1506944ms step_avg:392.23ms
step:3853/6200 train_loss:3.2374 train_time:1507333ms step_avg:392.23ms
step:3854/6200 train_loss:3.2355 train_time:1507719ms step_avg:392.23ms
step:3855/6200 train_loss:3.4482 train_time:1508108ms step_avg:392.23ms
step:3856/6200 train_loss:3.4415 train_time:1508505ms step_avg:392.23ms
step:3857/6200 train_loss:3.3791 train_time:1508887ms step_avg:392.22ms
step:3858/6200 train_loss:3.4489 train_time:1509275ms step_avg:392.22ms
step:3859/6200 train_loss:3.3980 train_time:1509663ms step_avg:392.22ms
step:3860/6200 train_loss:3.6093 train_time:1510056ms step_avg:392.22ms
step:3861/6200 train_loss:3.7036 train_time:1510444ms step_avg:392.22ms
step:3862/6200 train_loss:3.5135 train_time:1510830ms step_avg:392.22ms
step:3863/6200 train_loss:3.5131 train_time:1511219ms step_avg:392.22ms
step:3864/6200 train_loss:3.5106 train_time:1511610ms step_avg:392.22ms
step:3865/6200 train_loss:3.4770 train_time:1511984ms step_avg:392.21ms
step:3866/6200 train_loss:3.5534 train_time:1512374ms step_avg:392.21ms
step:3867/6200 train_loss:3.3834 train_time:1512761ms step_avg:392.21ms
step:3868/6200 train_loss:3.5562 train_time:1513152ms step_avg:392.21ms
step:3869/6200 train_loss:3.7613 train_time:1513540ms step_avg:392.21ms
step:3870/6200 train_loss:3.5588 train_time:1513926ms step_avg:392.21ms
step:3871/6200 train_loss:3.4271 train_time:1514315ms step_avg:392.21ms
step:3872/6200 train_loss:3.5465 train_time:1514703ms step_avg:392.21ms
step:3873/6200 train_loss:3.4603 train_time:1515096ms step_avg:392.21ms
step:3874/6200 train_loss:3.5969 train_time:1515488ms step_avg:392.21ms
step:3875/6200 train_loss:3.4671 train_time:1515876ms step_avg:392.21ms
step:3875/6200 val_loss:3.4352 train_time:1516102ms step_avg:392.26ms
step:3876/6200 train_loss:3.5267 train_time:1516262ms step_avg:392.20ms
step:3877/6200 train_loss:3.4609 train_time:1516655ms step_avg:392.20ms
step:3878/6200 train_loss:3.5061 train_time:1517045ms step_avg:392.20ms
step:3879/6200 train_loss:3.4214 train_time:1517429ms step_avg:392.20ms
step:3880/6200 train_loss:3.3773 train_time:1517819ms step_avg:392.20ms
step:3881/6200 train_loss:3.4023 train_time:1518212ms step_avg:392.20ms
step:3882/6200 train_loss:3.3811 train_time:1518596ms step_avg:392.20ms
step:3883/6200 train_loss:3.3648 train_time:1518987ms step_avg:392.20ms
step:3884/6200 train_loss:3.3591 train_time:1519384ms step_avg:392.20ms
step:3885/6200 train_loss:3.3359 train_time:1519772ms step_avg:392.20ms
step:3886/6200 train_loss:3.3213 train_time:1520159ms step_avg:392.20ms
step:3887/6200 train_loss:3.4148 train_time:1520542ms step_avg:392.20ms
step:3888/6200 train_loss:3.4343 train_time:1520934ms step_avg:392.20ms
step:3889/6200 train_loss:3.4830 train_time:1521319ms step_avg:392.19ms
step:3890/6200 train_loss:3.2752 train_time:1521712ms step_avg:392.19ms
step:3891/6200 train_loss:3.5325 train_time:1522095ms step_avg:392.19ms
step:3892/6200 train_loss:3.4588 train_time:1522489ms step_avg:392.19ms
step:3893/6200 train_loss:3.8562 train_time:1522875ms step_avg:392.19ms
step:3894/6200 train_loss:3.3423 train_time:1523261ms step_avg:392.19ms
step:3895/6200 train_loss:3.4945 train_time:1523650ms step_avg:392.19ms
step:3896/6200 train_loss:3.6225 train_time:1524035ms step_avg:392.19ms
step:3897/6200 train_loss:3.9946 train_time:1524428ms step_avg:392.19ms
step:3898/6200 train_loss:3.2199 train_time:1524820ms step_avg:392.19ms
step:3899/6200 train_loss:3.4859 train_time:1525207ms step_avg:392.18ms
step:3900/6200 train_loss:3.6373 train_time:1525595ms step_avg:392.18ms
step:3901/6200 train_loss:3.5223 train_time:1525987ms step_avg:392.18ms
step:3902/6200 train_loss:3.6140 train_time:1526376ms step_avg:392.18ms
step:3903/6200 train_loss:3.4312 train_time:1526758ms step_avg:392.18ms
step:3904/6200 train_loss:3.4057 train_time:1527153ms step_avg:392.18ms
step:3905/6200 train_loss:3.3793 train_time:1527539ms step_avg:392.18ms
step:3906/6200 train_loss:3.4065 train_time:1527927ms step_avg:392.18ms
step:3907/6200 train_loss:3.5426 train_time:1528315ms step_avg:392.18ms
step:3908/6200 train_loss:3.4983 train_time:1528712ms step_avg:392.18ms
step:3909/6200 train_loss:3.4862 train_time:1529098ms step_avg:392.18ms
step:3910/6200 train_loss:3.4346 train_time:1529489ms step_avg:392.18ms
step:3911/6200 train_loss:3.3572 train_time:1529876ms step_avg:392.18ms
step:3912/6200 train_loss:3.3790 train_time:1530263ms step_avg:392.17ms
step:3913/6200 train_loss:3.4058 train_time:1530659ms step_avg:392.17ms
step:3914/6200 train_loss:3.6617 train_time:1531044ms step_avg:392.17ms
step:3915/6200 train_loss:3.3877 train_time:1531426ms step_avg:392.17ms
step:3916/6200 train_loss:3.3000 train_time:1531814ms step_avg:392.17ms
step:3917/6200 train_loss:3.3083 train_time:1532203ms step_avg:392.17ms
step:3918/6200 train_loss:3.4791 train_time:1532611ms step_avg:392.17ms
step:3919/6200 train_loss:3.7280 train_time:1532995ms step_avg:392.17ms
step:3920/6200 train_loss:3.3773 train_time:1533369ms step_avg:392.17ms
step:3921/6200 train_loss:3.3040 train_time:1533766ms step_avg:392.17ms
step:3922/6200 train_loss:3.5038 train_time:1534150ms step_avg:392.17ms
step:3923/6200 train_loss:3.3907 train_time:1534543ms step_avg:392.17ms
step:3924/6200 train_loss:3.4689 train_time:1534929ms step_avg:392.16ms
step:3925/6200 train_loss:3.5218 train_time:1535317ms step_avg:392.16ms
step:3926/6200 train_loss:3.5484 train_time:1535702ms step_avg:392.16ms
step:3927/6200 train_loss:3.4161 train_time:1536091ms step_avg:392.16ms
step:3928/6200 train_loss:3.5027 train_time:1536478ms step_avg:392.16ms
step:3929/6200 train_loss:3.3945 train_time:1536868ms step_avg:392.16ms
step:3930/6200 train_loss:3.7237 train_time:1537268ms step_avg:392.16ms
step:3931/6200 train_loss:3.4731 train_time:1537647ms step_avg:392.16ms
step:3932/6200 train_loss:3.5368 train_time:1538031ms step_avg:392.15ms
step:3933/6200 train_loss:3.4495 train_time:1538419ms step_avg:392.15ms
step:3934/6200 train_loss:3.4696 train_time:1538810ms step_avg:392.15ms
step:3935/6200 train_loss:3.5206 train_time:1539200ms step_avg:392.15ms
step:3936/6200 train_loss:3.5659 train_time:1539586ms step_avg:392.15ms
step:3937/6200 train_loss:3.5073 train_time:1539973ms step_avg:392.15ms
step:3938/6200 train_loss:3.5454 train_time:1540360ms step_avg:392.15ms
step:3939/6200 train_loss:3.4483 train_time:1540749ms step_avg:392.15ms
step:3940/6200 train_loss:3.3900 train_time:1541139ms step_avg:392.15ms
step:3941/6200 train_loss:3.3727 train_time:1541525ms step_avg:392.15ms
step:3942/6200 train_loss:3.5090 train_time:1541915ms step_avg:392.15ms
step:3943/6200 train_loss:3.6959 train_time:1542302ms step_avg:392.14ms
step:3944/6200 train_loss:3.5150 train_time:1542694ms step_avg:392.14ms
step:3945/6200 train_loss:3.1905 train_time:1543080ms step_avg:392.14ms
step:3946/6200 train_loss:3.4758 train_time:1543467ms step_avg:392.14ms
step:3947/6200 train_loss:3.2940 train_time:1543857ms step_avg:392.14ms
step:3948/6200 train_loss:3.3903 train_time:1544250ms step_avg:392.14ms
step:3949/6200 train_loss:3.3050 train_time:1544645ms step_avg:392.14ms
step:3950/6200 train_loss:3.4968 train_time:1545027ms step_avg:392.14ms
step:3951/6200 train_loss:3.4582 train_time:1545434ms step_avg:392.14ms
step:3952/6200 train_loss:3.1679 train_time:1545801ms step_avg:392.14ms
step:3953/6200 train_loss:3.3095 train_time:1546214ms step_avg:392.14ms
step:3954/6200 train_loss:3.5093 train_time:1546597ms step_avg:392.14ms
step:3955/6200 train_loss:3.4080 train_time:1546967ms step_avg:392.13ms
step:3956/6200 train_loss:3.3453 train_time:1547356ms step_avg:392.13ms
step:3957/6200 train_loss:3.3889 train_time:1547744ms step_avg:392.13ms
step:3958/6200 train_loss:3.1300 train_time:1548136ms step_avg:392.13ms
step:3959/6200 train_loss:3.4652 train_time:1548522ms step_avg:392.13ms
step:3960/6200 train_loss:3.5281 train_time:1548911ms step_avg:392.13ms
step:3961/6200 train_loss:3.3740 train_time:1549301ms step_avg:392.13ms
step:3962/6200 train_loss:3.4962 train_time:1549688ms step_avg:392.13ms
step:3963/6200 train_loss:3.5543 train_time:1550075ms step_avg:392.13ms
step:3964/6200 train_loss:3.4856 train_time:1550484ms step_avg:392.13ms
step:3965/6200 train_loss:3.3263 train_time:1550876ms step_avg:392.13ms
step:3966/6200 train_loss:3.5140 train_time:1551262ms step_avg:392.13ms
step:3967/6200 train_loss:3.5246 train_time:1551628ms step_avg:392.12ms
step:3968/6200 train_loss:3.3490 train_time:1552016ms step_avg:392.12ms
step:3969/6200 train_loss:3.4665 train_time:1552402ms step_avg:392.12ms
step:3970/6200 train_loss:3.4045 train_time:1552881ms step_avg:392.14ms
step:3971/6200 train_loss:3.6462 train_time:1553302ms step_avg:392.15ms
step:3972/6200 train_loss:3.4707 train_time:1553683ms step_avg:392.15ms
step:3973/6200 train_loss:3.5351 train_time:1554071ms step_avg:392.14ms
step:3974/6200 train_loss:3.5005 train_time:1554460ms step_avg:392.14ms
step:3975/6200 train_loss:3.4325 train_time:1554853ms step_avg:392.14ms
step:3976/6200 train_loss:3.5574 train_time:1555237ms step_avg:392.14ms
step:3977/6200 train_loss:3.3352 train_time:1555606ms step_avg:392.14ms
step:3978/6200 train_loss:3.4700 train_time:1555993ms step_avg:392.14ms
step:3979/6200 train_loss:3.5576 train_time:1556381ms step_avg:392.13ms
step:3980/6200 train_loss:3.4535 train_time:1556773ms step_avg:392.13ms
step:3981/6200 train_loss:3.4780 train_time:1557158ms step_avg:392.13ms
step:3982/6200 train_loss:3.8740 train_time:1557548ms step_avg:392.13ms
step:3983/6200 train_loss:3.3622 train_time:1557935ms step_avg:392.13ms
step:3984/6200 train_loss:3.4650 train_time:1558323ms step_avg:392.13ms
step:3985/6200 train_loss:3.4127 train_time:1558714ms step_avg:392.13ms
step:3986/6200 train_loss:3.5210 train_time:1559123ms step_avg:392.13ms
step:3987/6200 train_loss:3.3967 train_time:1559491ms step_avg:392.13ms
step:3988/6200 train_loss:3.4810 train_time:1559880ms step_avg:392.13ms
step:3989/6200 train_loss:2.6640 train_time:1560271ms step_avg:392.13ms
step:3990/6200 train_loss:3.4009 train_time:1560819ms step_avg:392.17ms
step:3991/6200 train_loss:3.4419 train_time:1561225ms step_avg:392.17ms
step:3992/6200 train_loss:3.3296 train_time:1561617ms step_avg:392.17ms
step:3993/6200 train_loss:3.4413 train_time:1562011ms step_avg:392.17ms
step:3994/6200 train_loss:3.6810 train_time:1562403ms step_avg:392.17ms
step:3995/6200 train_loss:3.2653 train_time:1562761ms step_avg:392.16ms
step:3996/6200 train_loss:3.3142 train_time:1563161ms step_avg:392.16ms
step:3997/6200 train_loss:3.4718 train_time:1563564ms step_avg:392.17ms
step:3998/6200 train_loss:3.3704 train_time:1563952ms step_avg:392.16ms
step:3999/6200 train_loss:3.3260 train_time:1564322ms step_avg:392.16ms
step:4000/6200 train_loss:3.5561 train_time:1564707ms step_avg:392.16ms
step:4000/6200 val_loss:3.4287 train_time:1564938ms step_avg:392.21ms
step:4001/6200 train_loss:3.4447 train_time:1565096ms step_avg:392.16ms
step:4002/6200 train_loss:3.7365 train_time:1565481ms step_avg:392.15ms
step:4003/6200 train_loss:3.3203 train_time:1565869ms step_avg:392.15ms
step:4004/6200 train_loss:3.4704 train_time:1566281ms step_avg:392.16ms
step:4005/6200 train_loss:3.4278 train_time:1566647ms step_avg:392.15ms
step:4006/6200 train_loss:3.4011 train_time:1567034ms step_avg:392.15ms
step:4007/6200 train_loss:3.3332 train_time:1567420ms step_avg:392.15ms
step:4008/6200 train_loss:3.5126 train_time:1567837ms step_avg:392.16ms
step:4009/6200 train_loss:3.3791 train_time:1568211ms step_avg:392.15ms
step:4010/6200 train_loss:3.4342 train_time:1568600ms step_avg:392.15ms
step:4011/6200 train_loss:3.4463 train_time:1568976ms step_avg:392.15ms
step:4012/6200 train_loss:3.2576 train_time:1569363ms step_avg:392.14ms
step:4013/6200 train_loss:3.5179 train_time:1569775ms step_avg:392.15ms
step:4014/6200 train_loss:3.4490 train_time:1570143ms step_avg:392.14ms
step:4015/6200 train_loss:3.4341 train_time:1570534ms step_avg:392.14ms
step:4016/6200 train_loss:3.5231 train_time:1570918ms step_avg:392.14ms
step:4017/6200 train_loss:3.6566 train_time:1571310ms step_avg:392.14ms
step:4018/6200 train_loss:3.2722 train_time:1571698ms step_avg:392.14ms
step:4019/6200 train_loss:3.5289 train_time:1572086ms step_avg:392.14ms
step:4020/6200 train_loss:3.3268 train_time:1572473ms step_avg:392.14ms
step:4021/6200 train_loss:3.5772 train_time:1572864ms step_avg:392.14ms
step:4022/6200 train_loss:3.6405 train_time:1573254ms step_avg:392.14ms
step:4023/6200 train_loss:3.6330 train_time:1573642ms step_avg:392.14ms
step:4024/6200 train_loss:3.5206 train_time:1574028ms step_avg:392.13ms
step:4025/6200 train_loss:3.4206 train_time:1574418ms step_avg:392.13ms
step:4026/6200 train_loss:3.2356 train_time:1574808ms step_avg:392.13ms
step:4027/6200 train_loss:3.5350 train_time:1575244ms step_avg:392.14ms
step:4028/6200 train_loss:3.4883 train_time:1575584ms step_avg:392.13ms
step:4029/6200 train_loss:3.3677 train_time:1575973ms step_avg:392.13ms
step:4030/6200 train_loss:3.3385 train_time:1576361ms step_avg:392.13ms
step:4031/6200 train_loss:3.4039 train_time:1576750ms step_avg:392.13ms
step:4032/6200 train_loss:3.5034 train_time:1577141ms step_avg:392.13ms
step:4033/6200 train_loss:3.4821 train_time:1577530ms step_avg:392.13ms
step:4034/6200 train_loss:3.4446 train_time:1577919ms step_avg:392.13ms
step:4035/6200 train_loss:3.4024 train_time:1578305ms step_avg:392.13ms
step:4036/6200 train_loss:3.3658 train_time:1578697ms step_avg:392.13ms
step:4037/6200 train_loss:3.5023 train_time:1579086ms step_avg:392.12ms
step:4038/6200 train_loss:3.4018 train_time:1579474ms step_avg:392.12ms
step:4039/6200 train_loss:3.4557 train_time:1579862ms step_avg:392.12ms
step:4040/6200 train_loss:3.3930 train_time:1580250ms step_avg:392.12ms
step:4041/6200 train_loss:3.4004 train_time:1580638ms step_avg:392.12ms
step:4042/6200 train_loss:3.5863 train_time:1581030ms step_avg:392.12ms
step:4043/6200 train_loss:3.4677 train_time:1581421ms step_avg:392.12ms
step:4044/6200 train_loss:3.4507 train_time:1581804ms step_avg:392.12ms
step:4045/6200 train_loss:3.5727 train_time:1582196ms step_avg:392.12ms
step:4046/6200 train_loss:3.3854 train_time:1582610ms step_avg:392.12ms
step:4047/6200 train_loss:3.4651 train_time:1582984ms step_avg:392.12ms
step:4048/6200 train_loss:3.6258 train_time:1583367ms step_avg:392.12ms
step:4049/6200 train_loss:3.4038 train_time:1583751ms step_avg:392.11ms
step:4050/6200 train_loss:3.5214 train_time:1584137ms step_avg:392.11ms
step:4051/6200 train_loss:3.2581 train_time:1584528ms step_avg:392.11ms
step:4052/6200 train_loss:3.2521 train_time:1584919ms step_avg:392.11ms
step:4053/6200 train_loss:3.5489 train_time:1585307ms step_avg:392.11ms
step:4054/6200 train_loss:3.3721 train_time:1585697ms step_avg:392.11ms
step:4055/6200 train_loss:3.5461 train_time:1586085ms step_avg:392.11ms
step:4056/6200 train_loss:3.5910 train_time:1586475ms step_avg:392.11ms
step:4057/6200 train_loss:3.3940 train_time:1586863ms step_avg:392.11ms
step:4058/6200 train_loss:3.2347 train_time:1587250ms step_avg:392.11ms
step:4059/6200 train_loss:3.5170 train_time:1587641ms step_avg:392.11ms
step:4060/6200 train_loss:3.3018 train_time:1588032ms step_avg:392.11ms
step:4061/6200 train_loss:3.4049 train_time:1588417ms step_avg:392.10ms
step:4062/6200 train_loss:3.6255 train_time:1588806ms step_avg:392.10ms
step:4063/6200 train_loss:3.6358 train_time:1589194ms step_avg:392.10ms
step:4064/6200 train_loss:2.8831 train_time:1589583ms step_avg:392.10ms
step:4065/6200 train_loss:3.3900 train_time:1589975ms step_avg:392.10ms
step:4066/6200 train_loss:3.2032 train_time:1590367ms step_avg:392.10ms
step:4067/6200 train_loss:3.6354 train_time:1590748ms step_avg:392.10ms
step:4068/6200 train_loss:3.4226 train_time:1591137ms step_avg:392.10ms
step:4069/6200 train_loss:3.4715 train_time:1591527ms step_avg:392.10ms
step:4070/6200 train_loss:3.4582 train_time:1591916ms step_avg:392.10ms
step:4071/6200 train_loss:3.2925 train_time:1592303ms step_avg:392.10ms
step:4072/6200 train_loss:3.6542 train_time:1592693ms step_avg:392.10ms
step:4073/6200 train_loss:3.5047 train_time:1593080ms step_avg:392.09ms
step:4074/6200 train_loss:3.5110 train_time:1593470ms step_avg:392.09ms
step:4075/6200 train_loss:3.4986 train_time:1593856ms step_avg:392.09ms
step:4076/6200 train_loss:3.4386 train_time:1594244ms step_avg:392.09ms
step:4077/6200 train_loss:3.3306 train_time:1594634ms step_avg:392.09ms
step:4078/6200 train_loss:3.5252 train_time:1595021ms step_avg:392.09ms
step:4079/6200 train_loss:3.5164 train_time:1595411ms step_avg:392.09ms
step:4080/6200 train_loss:3.2653 train_time:1595798ms step_avg:392.09ms
step:4081/6200 train_loss:3.4975 train_time:1596186ms step_avg:392.09ms
step:4082/6200 train_loss:3.3602 train_time:1596580ms step_avg:392.09ms
step:4083/6200 train_loss:3.3947 train_time:1596969ms step_avg:392.09ms
step:4084/6200 train_loss:3.5240 train_time:1597354ms step_avg:392.08ms
step:4085/6200 train_loss:3.5144 train_time:1597743ms step_avg:392.08ms
step:4086/6200 train_loss:3.3984 train_time:1598129ms step_avg:392.08ms
step:4087/6200 train_loss:3.5352 train_time:1598519ms step_avg:392.08ms
step:4088/6200 train_loss:3.5457 train_time:1598908ms step_avg:392.08ms
step:4089/6200 train_loss:3.4433 train_time:1599332ms step_avg:392.09ms
step:4090/6200 train_loss:3.4806 train_time:1599709ms step_avg:392.09ms
step:4091/6200 train_loss:3.3640 train_time:1600074ms step_avg:392.08ms
step:4092/6200 train_loss:3.4490 train_time:1600465ms step_avg:392.08ms
step:4093/6200 train_loss:3.4418 train_time:1600858ms step_avg:392.08ms
step:4094/6200 train_loss:3.7309 train_time:1601239ms step_avg:392.08ms
step:4095/6200 train_loss:3.4912 train_time:1601626ms step_avg:392.07ms
step:4096/6200 train_loss:3.3297 train_time:1602016ms step_avg:392.07ms
step:4097/6200 train_loss:3.5206 train_time:1602405ms step_avg:392.07ms
step:4098/6200 train_loss:3.2731 train_time:1602796ms step_avg:392.07ms
step:4099/6200 train_loss:3.3534 train_time:1603180ms step_avg:392.07ms
step:4100/6200 train_loss:3.3285 train_time:1603568ms step_avg:392.07ms
step:4101/6200 train_loss:3.3296 train_time:1603955ms step_avg:392.07ms
step:4102/6200 train_loss:3.5171 train_time:1604350ms step_avg:392.07ms
step:4103/6200 train_loss:3.5066 train_time:1604740ms step_avg:392.07ms
step:4104/6200 train_loss:3.2110 train_time:1605125ms step_avg:392.07ms
step:4105/6200 train_loss:3.3913 train_time:1605513ms step_avg:392.07ms
step:4106/6200 train_loss:3.3778 train_time:1605899ms step_avg:392.07ms
step:4107/6200 train_loss:3.5390 train_time:1606285ms step_avg:392.06ms
step:4108/6200 train_loss:3.4784 train_time:1606674ms step_avg:392.06ms
step:4109/6200 train_loss:3.4298 train_time:1607062ms step_avg:392.06ms
step:4110/6200 train_loss:3.6988 train_time:1607452ms step_avg:392.06ms
step:4111/6200 train_loss:3.7028 train_time:1607838ms step_avg:392.06ms
step:4112/6200 train_loss:3.2377 train_time:1608260ms step_avg:392.07ms
step:4113/6200 train_loss:3.3976 train_time:1608617ms step_avg:392.06ms
step:4114/6200 train_loss:3.2911 train_time:1609008ms step_avg:392.06ms
step:4115/6200 train_loss:3.5475 train_time:1609393ms step_avg:392.06ms
step:4116/6200 train_loss:3.5185 train_time:1609778ms step_avg:392.06ms
step:4117/6200 train_loss:3.9542 train_time:1610169ms step_avg:392.05ms
step:4118/6200 train_loss:3.3461 train_time:1610556ms step_avg:392.05ms
step:4119/6200 train_loss:3.5491 train_time:1610945ms step_avg:392.05ms
step:4120/6200 train_loss:3.4921 train_time:1611344ms step_avg:392.05ms
step:4121/6200 train_loss:3.4583 train_time:1611727ms step_avg:392.05ms
step:4122/6200 train_loss:3.5901 train_time:1612112ms step_avg:392.05ms
step:4123/6200 train_loss:3.4952 train_time:1612499ms step_avg:392.05ms
step:4124/6200 train_loss:3.2577 train_time:1612893ms step_avg:392.05ms
step:4125/6200 train_loss:3.3972 train_time:1613279ms step_avg:392.05ms
step:4125/6200 val_loss:3.4239 train_time:1613505ms step_avg:392.10ms
step:4126/6200 train_loss:3.6477 train_time:1613666ms step_avg:392.05ms
step:4127/6200 train_loss:3.4032 train_time:1614053ms step_avg:392.05ms
step:4128/6200 train_loss:3.4991 train_time:1614443ms step_avg:392.05ms
step:4129/6200 train_loss:3.3903 train_time:1614830ms step_avg:392.04ms
step:4130/6200 train_loss:3.2787 train_time:1615220ms step_avg:392.04ms
step:4131/6200 train_loss:3.6129 train_time:1615611ms step_avg:392.04ms
step:4132/6200 train_loss:3.5698 train_time:1616004ms step_avg:392.04ms
step:4133/6200 train_loss:3.3115 train_time:1616391ms step_avg:392.04ms
step:4134/6200 train_loss:3.6338 train_time:1616780ms step_avg:392.04ms
step:4135/6200 train_loss:3.5022 train_time:1617165ms step_avg:392.04ms
step:4136/6200 train_loss:3.4327 train_time:1617552ms step_avg:392.04ms
step:4137/6200 train_loss:3.5718 train_time:1617943ms step_avg:392.04ms
step:4138/6200 train_loss:3.3466 train_time:1618333ms step_avg:392.04ms
step:4139/6200 train_loss:3.4286 train_time:1618723ms step_avg:392.04ms
step:4140/6200 train_loss:3.5385 train_time:1619110ms step_avg:392.04ms
step:4141/6200 train_loss:3.6217 train_time:1619503ms step_avg:392.04ms
step:4142/6200 train_loss:3.4347 train_time:1619885ms step_avg:392.03ms
step:4143/6200 train_loss:3.4579 train_time:1620273ms step_avg:392.03ms
step:4144/6200 train_loss:3.4011 train_time:1620662ms step_avg:392.03ms
step:4145/6200 train_loss:3.3893 train_time:1621053ms step_avg:392.03ms
step:4146/6200 train_loss:3.4780 train_time:1621438ms step_avg:392.03ms
step:4147/6200 train_loss:3.3516 train_time:1621824ms step_avg:392.03ms
step:4148/6200 train_loss:3.5398 train_time:1622216ms step_avg:392.03ms
step:4149/6200 train_loss:3.3460 train_time:1622606ms step_avg:392.03ms
step:4150/6200 train_loss:3.3191 train_time:1622990ms step_avg:392.03ms
step:4151/6200 train_loss:3.3339 train_time:1623378ms step_avg:392.03ms
step:4152/6200 train_loss:3.2736 train_time:1623766ms step_avg:392.02ms
step:4153/6200 train_loss:3.2568 train_time:1624153ms step_avg:392.02ms
step:4154/6200 train_loss:3.5226 train_time:1624542ms step_avg:392.02ms
step:4155/6200 train_loss:3.6689 train_time:1624933ms step_avg:392.02ms
step:4156/6200 train_loss:3.4701 train_time:1625324ms step_avg:392.02ms
step:4157/6200 train_loss:3.2853 train_time:1625711ms step_avg:392.02ms
step:4158/6200 train_loss:3.4712 train_time:1626106ms step_avg:392.02ms
step:4159/6200 train_loss:3.3862 train_time:1626751ms step_avg:392.08ms
step:4160/6200 train_loss:3.3118 train_time:1627149ms step_avg:392.08ms
step:4161/6200 train_loss:3.5282 train_time:1627530ms step_avg:392.08ms
step:4162/6200 train_loss:3.3833 train_time:1627917ms step_avg:392.08ms
step:4163/6200 train_loss:3.5378 train_time:1628305ms step_avg:392.08ms
step:4164/6200 train_loss:3.2539 train_time:1628694ms step_avg:392.08ms
step:4165/6200 train_loss:3.3349 train_time:1629086ms step_avg:392.08ms
step:4166/6200 train_loss:3.3296 train_time:1629471ms step_avg:392.08ms
step:4167/6200 train_loss:3.4667 train_time:1629860ms step_avg:392.08ms
step:4168/6200 train_loss:3.4081 train_time:1630247ms step_avg:392.07ms
step:4169/6200 train_loss:3.4289 train_time:1630639ms step_avg:392.07ms
step:4170/6200 train_loss:3.3105 train_time:1631026ms step_avg:392.07ms
step:4171/6200 train_loss:3.5169 train_time:1631437ms step_avg:392.08ms
step:4172/6200 train_loss:3.4740 train_time:1631809ms step_avg:392.07ms
step:4173/6200 train_loss:3.5864 train_time:1632197ms step_avg:392.07ms
step:4174/6200 train_loss:3.6674 train_time:1632590ms step_avg:392.07ms
step:4175/6200 train_loss:3.4295 train_time:1632978ms step_avg:392.07ms
step:4176/6200 train_loss:3.5899 train_time:1633372ms step_avg:392.07ms
step:4177/6200 train_loss:3.4704 train_time:1633753ms step_avg:392.07ms
step:4178/6200 train_loss:3.3293 train_time:1634143ms step_avg:392.07ms
step:4179/6200 train_loss:3.5141 train_time:1634534ms step_avg:392.07ms
step:4180/6200 train_loss:3.4523 train_time:1635198ms step_avg:392.13ms
step:4181/6200 train_loss:3.4010 train_time:1635836ms step_avg:392.19ms
step:4182/6200 train_loss:3.4457 train_time:1636221ms step_avg:392.19ms
step:4183/6200 train_loss:3.5022 train_time:1636609ms step_avg:392.19ms
step:4184/6200 train_loss:3.7327 train_time:1637014ms step_avg:392.19ms
step:4185/6200 train_loss:3.4686 train_time:1637393ms step_avg:392.19ms
step:4186/6200 train_loss:3.2981 train_time:1637790ms step_avg:392.19ms
step:4187/6200 train_loss:3.4742 train_time:1638179ms step_avg:392.19ms
step:4188/6200 train_loss:3.4696 train_time:1638572ms step_avg:392.19ms
step:4189/6200 train_loss:3.4319 train_time:1638950ms step_avg:392.19ms
step:4190/6200 train_loss:3.2896 train_time:1639337ms step_avg:392.19ms
step:4191/6200 train_loss:3.5471 train_time:1639723ms step_avg:392.18ms
step:4192/6200 train_loss:3.4216 train_time:1640110ms step_avg:392.18ms
step:4193/6200 train_loss:3.4280 train_time:1640503ms step_avg:392.18ms
step:4194/6200 train_loss:3.5676 train_time:1640886ms step_avg:392.18ms
step:4195/6200 train_loss:3.3663 train_time:1641273ms step_avg:392.18ms
step:4196/6200 train_loss:3.4341 train_time:1641661ms step_avg:392.18ms
step:4197/6200 train_loss:3.9008 train_time:1642053ms step_avg:392.18ms
step:4198/6200 train_loss:2.9125 train_time:1642441ms step_avg:392.18ms
step:4199/6200 train_loss:3.6486 train_time:1642830ms step_avg:392.18ms
step:4200/6200 train_loss:3.5681 train_time:1643220ms step_avg:392.18ms
step:4201/6200 train_loss:3.2900 train_time:1643610ms step_avg:392.18ms
step:4202/6200 train_loss:3.4296 train_time:1643999ms step_avg:392.18ms
step:4203/6200 train_loss:3.4302 train_time:1644383ms step_avg:392.17ms
step:4204/6200 train_loss:3.2989 train_time:1644773ms step_avg:392.17ms
step:4205/6200 train_loss:3.3558 train_time:1645164ms step_avg:392.17ms
step:4206/6200 train_loss:3.3933 train_time:1645553ms step_avg:392.17ms
step:4207/6200 train_loss:4.1801 train_time:1645940ms step_avg:392.17ms
step:4208/6200 train_loss:3.5030 train_time:1646327ms step_avg:392.17ms
step:4209/6200 train_loss:3.6103 train_time:1646719ms step_avg:392.17ms
step:4210/6200 train_loss:3.4635 train_time:1647107ms step_avg:392.17ms
step:4211/6200 train_loss:3.7325 train_time:1647493ms step_avg:392.17ms
step:4212/6200 train_loss:3.4804 train_time:1647881ms step_avg:392.17ms
step:4213/6200 train_loss:3.5352 train_time:1648271ms step_avg:392.17ms
step:4214/6200 train_loss:3.2744 train_time:1648660ms step_avg:392.16ms
step:4215/6200 train_loss:3.3701 train_time:1649049ms step_avg:392.16ms
step:4216/6200 train_loss:3.5298 train_time:1649437ms step_avg:392.16ms
step:4217/6200 train_loss:3.3266 train_time:1649827ms step_avg:392.16ms
step:4218/6200 train_loss:3.4405 train_time:1650216ms step_avg:392.16ms
step:4219/6200 train_loss:3.5328 train_time:1650603ms step_avg:392.16ms
step:4220/6200 train_loss:3.2568 train_time:1650995ms step_avg:392.16ms
step:4221/6200 train_loss:3.3951 train_time:1651401ms step_avg:392.16ms
step:4222/6200 train_loss:3.5207 train_time:1651784ms step_avg:392.16ms
step:4223/6200 train_loss:3.4598 train_time:1652172ms step_avg:392.16ms
step:4224/6200 train_loss:3.6864 train_time:1652557ms step_avg:392.16ms
step:4225/6200 train_loss:3.3932 train_time:1652946ms step_avg:392.16ms
step:4226/6200 train_loss:3.8461 train_time:1653331ms step_avg:392.16ms
step:4227/6200 train_loss:3.5158 train_time:1653735ms step_avg:392.16ms
step:4228/6200 train_loss:3.4527 train_time:1654125ms step_avg:392.16ms
step:4229/6200 train_loss:3.4199 train_time:1654511ms step_avg:392.16ms
step:4230/6200 train_loss:3.3595 train_time:1654902ms step_avg:392.16ms
step:4231/6200 train_loss:3.5287 train_time:1655288ms step_avg:392.16ms
step:4232/6200 train_loss:3.3801 train_time:1655682ms step_avg:392.16ms
step:4233/6200 train_loss:3.5025 train_time:1656067ms step_avg:392.15ms
step:4234/6200 train_loss:3.6113 train_time:1656454ms step_avg:392.15ms
step:4235/6200 train_loss:3.5138 train_time:1656842ms step_avg:392.15ms
step:4236/6200 train_loss:3.3828 train_time:1657230ms step_avg:392.15ms
step:4237/6200 train_loss:3.4990 train_time:1657605ms step_avg:392.15ms
step:4238/6200 train_loss:3.3898 train_time:1657995ms step_avg:392.15ms
step:4239/6200 train_loss:3.4065 train_time:1658392ms step_avg:392.15ms
step:4240/6200 train_loss:3.4624 train_time:1658779ms step_avg:392.15ms
step:4241/6200 train_loss:3.4852 train_time:1659173ms step_avg:392.15ms
step:4242/6200 train_loss:3.3844 train_time:1659555ms step_avg:392.14ms
step:4243/6200 train_loss:3.5591 train_time:1659956ms step_avg:392.15ms
step:4244/6200 train_loss:3.3850 train_time:1660337ms step_avg:392.14ms
step:4245/6200 train_loss:3.3273 train_time:1660727ms step_avg:392.14ms
step:4246/6200 train_loss:3.6882 train_time:1661115ms step_avg:392.14ms
step:4247/6200 train_loss:3.2164 train_time:1661509ms step_avg:392.14ms
step:4248/6200 train_loss:3.1969 train_time:1661893ms step_avg:392.14ms
step:4249/6200 train_loss:3.4552 train_time:1662283ms step_avg:392.14ms
step:4250/6200 train_loss:4.1216 train_time:1662671ms step_avg:392.14ms
step:4250/6200 val_loss:3.4199 train_time:1662883ms step_avg:392.19ms
step:4251/6200 train_loss:3.3614 train_time:1663055ms step_avg:392.14ms
step:4252/6200 train_loss:3.7336 train_time:1663445ms step_avg:392.14ms
step:4253/6200 train_loss:3.4769 train_time:1663834ms step_avg:392.14ms
step:4254/6200 train_loss:3.3031 train_time:1664222ms step_avg:392.14ms
step:4255/6200 train_loss:3.3764 train_time:1664612ms step_avg:392.13ms
step:4256/6200 train_loss:3.2704 train_time:1665003ms step_avg:392.13ms
step:4257/6200 train_loss:3.5631 train_time:1665385ms step_avg:392.13ms
step:4258/6200 train_loss:3.5442 train_time:1665772ms step_avg:392.13ms
step:4259/6200 train_loss:3.4669 train_time:1666162ms step_avg:392.13ms
step:4260/6200 train_loss:3.5590 train_time:1666553ms step_avg:392.13ms
step:4261/6200 train_loss:3.4762 train_time:1666940ms step_avg:392.13ms
step:4262/6200 train_loss:3.4376 train_time:1667323ms step_avg:392.13ms
step:4263/6200 train_loss:3.4299 train_time:1667717ms step_avg:392.13ms
step:4264/6200 train_loss:3.6095 train_time:1668091ms step_avg:392.12ms
step:4265/6200 train_loss:3.2971 train_time:1668489ms step_avg:392.12ms
step:4266/6200 train_loss:3.3793 train_time:1668873ms step_avg:392.12ms
step:4267/6200 train_loss:3.3811 train_time:1669264ms step_avg:392.12ms
step:4268/6200 train_loss:3.3605 train_time:1669657ms step_avg:392.12ms
step:4269/6200 train_loss:4.1115 train_time:1670036ms step_avg:392.12ms
step:4270/6200 train_loss:3.3388 train_time:1670423ms step_avg:392.12ms
step:4271/6200 train_loss:3.4442 train_time:1670809ms step_avg:392.12ms
step:4272/6200 train_loss:3.4810 train_time:1671202ms step_avg:392.12ms
step:4273/6200 train_loss:3.5719 train_time:1671592ms step_avg:392.12ms
step:4274/6200 train_loss:3.5967 train_time:1671980ms step_avg:392.12ms
step:4275/6200 train_loss:3.4539 train_time:1672368ms step_avg:392.11ms
step:4276/6200 train_loss:3.6219 train_time:1672758ms step_avg:392.11ms
step:4277/6200 train_loss:3.3275 train_time:1673142ms step_avg:392.11ms
step:4278/6200 train_loss:3.3434 train_time:1673532ms step_avg:392.11ms
step:4279/6200 train_loss:3.2942 train_time:1673918ms step_avg:392.11ms
step:4280/6200 train_loss:3.3890 train_time:1674309ms step_avg:392.11ms
step:4281/6200 train_loss:3.5388 train_time:1674694ms step_avg:392.11ms
step:4282/6200 train_loss:3.5247 train_time:1675081ms step_avg:392.11ms
step:4283/6200 train_loss:3.4430 train_time:1675472ms step_avg:392.11ms
step:4284/6200 train_loss:3.5279 train_time:1675856ms step_avg:392.10ms
step:4285/6200 train_loss:3.4871 train_time:1676243ms step_avg:392.10ms
step:4286/6200 train_loss:3.4615 train_time:1676632ms step_avg:392.10ms
step:4287/6200 train_loss:3.3309 train_time:1677021ms step_avg:392.10ms
step:4288/6200 train_loss:3.5129 train_time:1677406ms step_avg:392.10ms
step:4289/6200 train_loss:3.4715 train_time:1677796ms step_avg:392.10ms
step:4290/6200 train_loss:3.4842 train_time:1678189ms step_avg:392.10ms
step:4291/6200 train_loss:3.3851 train_time:1678573ms step_avg:392.10ms
step:4292/6200 train_loss:3.4846 train_time:1678962ms step_avg:392.10ms
step:4293/6200 train_loss:3.4421 train_time:1679352ms step_avg:392.10ms
step:4294/6200 train_loss:3.3161 train_time:1679742ms step_avg:392.10ms
step:4295/6200 train_loss:3.5943 train_time:1680129ms step_avg:392.10ms
step:4296/6200 train_loss:3.4763 train_time:1680514ms step_avg:392.09ms
step:4297/6200 train_loss:3.3941 train_time:1680904ms step_avg:392.09ms
step:4298/6200 train_loss:3.4723 train_time:1681292ms step_avg:392.09ms
step:4299/6200 train_loss:3.6038 train_time:1681681ms step_avg:392.09ms
step:4300/6200 train_loss:3.3214 train_time:1682068ms step_avg:392.09ms
step:4301/6200 train_loss:3.3166 train_time:1682456ms step_avg:392.09ms
step:4302/6200 train_loss:3.4117 train_time:1682847ms step_avg:392.09ms
step:4303/6200 train_loss:3.3684 train_time:1683230ms step_avg:392.09ms
step:4304/6200 train_loss:3.3936 train_time:1683619ms step_avg:392.09ms
step:4305/6200 train_loss:3.5152 train_time:1684018ms step_avg:392.09ms
step:4306/6200 train_loss:3.3458 train_time:1684403ms step_avg:392.09ms
step:4307/6200 train_loss:4.3920 train_time:1684790ms step_avg:392.09ms
step:4308/6200 train_loss:3.4556 train_time:1685174ms step_avg:392.08ms
step:4309/6200 train_loss:3.4449 train_time:1685560ms step_avg:392.08ms
step:4310/6200 train_loss:3.5398 train_time:1685948ms step_avg:392.08ms
step:4311/6200 train_loss:3.7188 train_time:1686338ms step_avg:392.08ms
step:4312/6200 train_loss:3.3825 train_time:1686724ms step_avg:392.08ms
step:4313/6200 train_loss:3.2676 train_time:1687112ms step_avg:392.08ms
step:4314/6200 train_loss:3.5681 train_time:1687501ms step_avg:392.08ms
step:4315/6200 train_loss:3.4212 train_time:1687893ms step_avg:392.08ms
step:4316/6200 train_loss:3.4813 train_time:1688279ms step_avg:392.08ms
step:4317/6200 train_loss:3.3420 train_time:1688666ms step_avg:392.07ms
step:4318/6200 train_loss:3.3352 train_time:1689057ms step_avg:392.07ms
step:4319/6200 train_loss:3.5705 train_time:1689442ms step_avg:392.07ms
step:4320/6200 train_loss:3.5863 train_time:1689833ms step_avg:392.07ms
step:4321/6200 train_loss:3.3868 train_time:1690218ms step_avg:392.07ms
step:4322/6200 train_loss:3.4786 train_time:1690606ms step_avg:392.07ms
step:4323/6200 train_loss:3.4756 train_time:1690999ms step_avg:392.07ms
step:4324/6200 train_loss:3.3037 train_time:1691384ms step_avg:392.07ms
step:4325/6200 train_loss:3.1452 train_time:1691776ms step_avg:392.07ms
step:4326/6200 train_loss:3.2830 train_time:1692163ms step_avg:392.07ms
step:4327/6200 train_loss:3.2499 train_time:1692555ms step_avg:392.07ms
step:4328/6200 train_loss:3.3823 train_time:1692942ms step_avg:392.07ms
step:4329/6200 train_loss:3.3257 train_time:1693333ms step_avg:392.07ms
step:4330/6200 train_loss:3.2616 train_time:1693719ms step_avg:392.06ms
step:4331/6200 train_loss:3.5276 train_time:1694108ms step_avg:392.06ms
step:4332/6200 train_loss:3.3961 train_time:1694499ms step_avg:392.06ms
step:4333/6200 train_loss:3.5965 train_time:1694892ms step_avg:392.06ms
step:4334/6200 train_loss:4.2421 train_time:1695283ms step_avg:392.06ms
step:4335/6200 train_loss:3.3986 train_time:1695670ms step_avg:392.06ms
step:4336/6200 train_loss:3.5229 train_time:1696061ms step_avg:392.06ms
step:4337/6200 train_loss:3.6101 train_time:1696443ms step_avg:392.06ms
step:4338/6200 train_loss:3.3224 train_time:1696856ms step_avg:392.06ms
step:4339/6200 train_loss:3.4213 train_time:1697243ms step_avg:392.06ms
step:4340/6200 train_loss:3.1909 train_time:1697608ms step_avg:392.06ms
step:4341/6200 train_loss:3.3785 train_time:1697999ms step_avg:392.06ms
step:4342/6200 train_loss:3.5078 train_time:1698389ms step_avg:392.06ms
step:4343/6200 train_loss:3.5366 train_time:1698799ms step_avg:392.06ms
step:4344/6200 train_loss:3.4661 train_time:1699187ms step_avg:392.06ms
step:4345/6200 train_loss:3.4927 train_time:1699558ms step_avg:392.05ms
step:4346/6200 train_loss:3.5022 train_time:1699950ms step_avg:392.05ms
step:4347/6200 train_loss:3.2481 train_time:1700335ms step_avg:392.05ms
step:4348/6200 train_loss:3.3336 train_time:1700725ms step_avg:392.05ms
step:4349/6200 train_loss:3.1422 train_time:1701134ms step_avg:392.06ms
step:4350/6200 train_loss:3.3877 train_time:1701521ms step_avg:392.06ms
step:4351/6200 train_loss:3.4399 train_time:1701907ms step_avg:392.05ms
step:4352/6200 train_loss:3.3411 train_time:1702272ms step_avg:392.05ms
step:4353/6200 train_loss:3.5909 train_time:1702660ms step_avg:392.05ms
step:4354/6200 train_loss:3.5185 train_time:1703053ms step_avg:392.05ms
step:4355/6200 train_loss:3.2486 train_time:1703441ms step_avg:392.05ms
step:4356/6200 train_loss:3.2165 train_time:1703824ms step_avg:392.04ms
step:4357/6200 train_loss:3.3181 train_time:1704211ms step_avg:392.04ms
step:4358/6200 train_loss:3.4265 train_time:1704599ms step_avg:392.04ms
step:4359/6200 train_loss:3.5518 train_time:1705013ms step_avg:392.05ms
step:4360/6200 train_loss:3.5470 train_time:1705384ms step_avg:392.04ms
step:4361/6200 train_loss:3.5644 train_time:1705767ms step_avg:392.04ms
step:4362/6200 train_loss:3.8076 train_time:1706154ms step_avg:392.04ms
step:4363/6200 train_loss:3.5124 train_time:1706539ms step_avg:392.04ms
step:4364/6200 train_loss:3.4917 train_time:1706927ms step_avg:392.04ms
step:4365/6200 train_loss:3.5324 train_time:1707315ms step_avg:392.04ms
step:4366/6200 train_loss:3.4105 train_time:1707707ms step_avg:392.04ms
step:4367/6200 train_loss:3.4125 train_time:1708098ms step_avg:392.04ms
step:4368/6200 train_loss:3.4095 train_time:1708507ms step_avg:392.04ms
step:4369/6200 train_loss:3.5698 train_time:1708872ms step_avg:392.03ms
step:4370/6200 train_loss:3.5047 train_time:1709805ms step_avg:392.16ms
step:4371/6200 train_loss:3.6482 train_time:1710496ms step_avg:392.23ms
step:4372/6200 train_loss:3.2022 train_time:1710884ms step_avg:392.22ms
step:4373/6200 train_loss:3.3850 train_time:1711298ms step_avg:392.23ms
step:4374/6200 train_loss:3.5158 train_time:1711690ms step_avg:392.23ms
step:4375/6200 train_loss:3.3503 train_time:1712065ms step_avg:392.23ms
step:4375/6200 val_loss:3.4140 train_time:1712273ms step_avg:392.27ms
step:4376/6200 train_loss:3.5464 train_time:1712440ms step_avg:392.22ms
step:4377/6200 train_loss:3.2912 train_time:1712826ms step_avg:392.22ms
step:4378/6200 train_loss:3.3367 train_time:1713207ms step_avg:392.22ms
step:4379/6200 train_loss:3.4292 train_time:1713594ms step_avg:392.22ms
step:4380/6200 train_loss:3.3372 train_time:1713983ms step_avg:392.22ms
step:4381/6200 train_loss:3.3983 train_time:1714373ms step_avg:392.22ms
step:4382/6200 train_loss:3.6939 train_time:1714760ms step_avg:392.21ms
step:4383/6200 train_loss:3.5870 train_time:1715148ms step_avg:392.21ms
step:4384/6200 train_loss:3.4485 train_time:1715537ms step_avg:392.21ms
step:4385/6200 train_loss:3.4760 train_time:1715927ms step_avg:392.21ms
step:4386/6200 train_loss:3.5030 train_time:1716318ms step_avg:392.21ms
step:4387/6200 train_loss:3.3909 train_time:1716707ms step_avg:392.21ms
step:4388/6200 train_loss:3.4892 train_time:1717093ms step_avg:392.21ms
step:4389/6200 train_loss:3.3743 train_time:1717496ms step_avg:392.21ms
step:4390/6200 train_loss:3.5349 train_time:1717887ms step_avg:392.21ms
step:4391/6200 train_loss:3.5269 train_time:1718269ms step_avg:392.21ms
step:4392/6200 train_loss:3.4205 train_time:1718662ms step_avg:392.21ms
step:4393/6200 train_loss:4.6692 train_time:1719040ms step_avg:392.21ms
step:4394/6200 train_loss:3.4180 train_time:1719429ms step_avg:392.21ms
step:4395/6200 train_loss:3.6776 train_time:1719819ms step_avg:392.21ms
step:4396/6200 train_loss:3.3995 train_time:1720227ms step_avg:392.21ms
step:4397/6200 train_loss:3.4078 train_time:1720612ms step_avg:392.21ms
step:4398/6200 train_loss:3.4023 train_time:1720978ms step_avg:392.20ms
step:4399/6200 train_loss:3.4501 train_time:1721366ms step_avg:392.20ms
step:4400/6200 train_loss:3.3835 train_time:1721758ms step_avg:392.20ms
step:4401/6200 train_loss:3.3117 train_time:1722146ms step_avg:392.20ms
step:4402/6200 train_loss:3.4086 train_time:1722536ms step_avg:392.20ms
step:4403/6200 train_loss:3.2620 train_time:1722945ms step_avg:392.20ms
step:4404/6200 train_loss:3.3162 train_time:1723319ms step_avg:392.20ms
step:4405/6200 train_loss:3.5802 train_time:1723733ms step_avg:392.20ms
step:4406/6200 train_loss:3.3985 train_time:1724092ms step_avg:392.20ms
step:4407/6200 train_loss:3.4100 train_time:1724486ms step_avg:392.20ms
step:4408/6200 train_loss:3.4809 train_time:1724865ms step_avg:392.19ms
step:4409/6200 train_loss:3.4187 train_time:1725251ms step_avg:392.19ms
step:4410/6200 train_loss:3.4437 train_time:1725660ms step_avg:392.20ms
step:4411/6200 train_loss:3.7011 train_time:1726046ms step_avg:392.19ms
step:4412/6200 train_loss:3.4290 train_time:1726432ms step_avg:392.19ms
step:4413/6200 train_loss:3.5117 train_time:1726822ms step_avg:392.19ms
step:4414/6200 train_loss:3.5329 train_time:1727210ms step_avg:392.19ms
step:4415/6200 train_loss:3.4984 train_time:1727597ms step_avg:392.19ms
step:4416/6200 train_loss:3.3613 train_time:1727990ms step_avg:392.19ms
step:4417/6200 train_loss:3.4799 train_time:1728371ms step_avg:392.19ms
step:4418/6200 train_loss:3.4137 train_time:1728763ms step_avg:392.19ms
step:4419/6200 train_loss:3.5677 train_time:1729150ms step_avg:392.19ms
step:4420/6200 train_loss:3.3116 train_time:1729541ms step_avg:392.19ms
step:4421/6200 train_loss:3.4614 train_time:1729929ms step_avg:392.19ms
step:4422/6200 train_loss:3.3564 train_time:1730321ms step_avg:392.19ms
step:4423/6200 train_loss:3.3477 train_time:1730713ms step_avg:392.19ms
step:4424/6200 train_loss:3.3743 train_time:1731099ms step_avg:392.18ms
step:4425/6200 train_loss:3.3699 train_time:1731490ms step_avg:392.18ms
step:4426/6200 train_loss:3.4957 train_time:1731886ms step_avg:392.18ms
step:4427/6200 train_loss:3.4692 train_time:1732273ms step_avg:392.18ms
step:4428/6200 train_loss:3.7495 train_time:1732660ms step_avg:392.18ms
step:4429/6200 train_loss:3.5177 train_time:1733043ms step_avg:392.18ms
step:4430/6200 train_loss:3.2201 train_time:1733433ms step_avg:392.18ms
step:4431/6200 train_loss:3.2827 train_time:1733828ms step_avg:392.18ms
step:4432/6200 train_loss:3.4302 train_time:1734224ms step_avg:392.18ms
step:4433/6200 train_loss:3.3362 train_time:1734611ms step_avg:392.18ms
step:4434/6200 train_loss:3.5465 train_time:1734999ms step_avg:392.18ms
step:4435/6200 train_loss:3.5737 train_time:1735414ms step_avg:392.18ms
step:4436/6200 train_loss:3.5007 train_time:1735790ms step_avg:392.18ms
step:4437/6200 train_loss:3.2861 train_time:1736166ms step_avg:392.18ms
step:4438/6200 train_loss:3.5704 train_time:1736556ms step_avg:392.18ms
step:4439/6200 train_loss:3.3694 train_time:1736942ms step_avg:392.17ms
step:4440/6200 train_loss:3.3503 train_time:1737330ms step_avg:392.17ms
step:4441/6200 train_loss:3.5082 train_time:1737723ms step_avg:392.17ms
step:4442/6200 train_loss:3.5723 train_time:1738108ms step_avg:392.17ms
step:4443/6200 train_loss:3.4890 train_time:1738496ms step_avg:392.17ms
step:4444/6200 train_loss:3.4433 train_time:1738890ms step_avg:392.17ms
step:4445/6200 train_loss:3.2491 train_time:1739266ms step_avg:392.17ms
step:4446/6200 train_loss:3.4797 train_time:1739648ms step_avg:392.17ms
step:4447/6200 train_loss:3.4547 train_time:1740035ms step_avg:392.16ms
step:4448/6200 train_loss:3.2996 train_time:1740427ms step_avg:392.16ms
step:4449/6200 train_loss:3.6395 train_time:1740816ms step_avg:392.16ms
step:4450/6200 train_loss:3.5390 train_time:1741203ms step_avg:392.16ms
step:4451/6200 train_loss:3.5736 train_time:1741589ms step_avg:392.16ms
step:4452/6200 train_loss:3.5780 train_time:1741983ms step_avg:392.16ms
step:4453/6200 train_loss:3.2740 train_time:1742367ms step_avg:392.16ms
step:4454/6200 train_loss:3.3990 train_time:1742759ms step_avg:392.16ms
step:4455/6200 train_loss:3.4458 train_time:1743143ms step_avg:392.16ms
step:4456/6200 train_loss:3.2226 train_time:1743534ms step_avg:392.16ms
step:4457/6200 train_loss:3.4793 train_time:1743927ms step_avg:392.16ms
step:4458/6200 train_loss:3.3862 train_time:1744311ms step_avg:392.16ms
step:4459/6200 train_loss:3.3374 train_time:1744713ms step_avg:392.16ms
step:4460/6200 train_loss:3.5320 train_time:1745100ms step_avg:392.16ms
step:4461/6200 train_loss:4.5190 train_time:1745480ms step_avg:392.15ms
step:4462/6200 train_loss:3.4255 train_time:1745875ms step_avg:392.16ms
step:4463/6200 train_loss:3.7200 train_time:1746258ms step_avg:392.15ms
step:4464/6200 train_loss:3.5090 train_time:1746645ms step_avg:392.15ms
step:4465/6200 train_loss:3.4821 train_time:1747035ms step_avg:392.15ms
step:4466/6200 train_loss:3.4741 train_time:1747421ms step_avg:392.15ms
step:4467/6200 train_loss:3.4237 train_time:1747814ms step_avg:392.15ms
step:4468/6200 train_loss:3.3464 train_time:1748200ms step_avg:392.15ms
step:4469/6200 train_loss:3.6478 train_time:1748586ms step_avg:392.15ms
step:4470/6200 train_loss:3.5642 train_time:1748978ms step_avg:392.15ms
step:4471/6200 train_loss:3.3898 train_time:1749364ms step_avg:392.15ms
step:4472/6200 train_loss:3.2941 train_time:1749752ms step_avg:392.15ms
step:4473/6200 train_loss:3.4782 train_time:1750140ms step_avg:392.14ms
step:4474/6200 train_loss:3.2770 train_time:1750535ms step_avg:392.15ms
step:4475/6200 train_loss:3.3783 train_time:1750918ms step_avg:392.14ms
step:4476/6200 train_loss:3.4323 train_time:1751308ms step_avg:392.14ms
step:4477/6200 train_loss:3.4385 train_time:1751694ms step_avg:392.14ms
step:4478/6200 train_loss:3.2000 train_time:1752103ms step_avg:392.14ms
step:4479/6200 train_loss:3.3627 train_time:1752491ms step_avg:392.14ms
step:4480/6200 train_loss:3.4494 train_time:1752865ms step_avg:392.14ms
step:4481/6200 train_loss:3.4921 train_time:1753251ms step_avg:392.14ms
step:4482/6200 train_loss:3.4879 train_time:1753639ms step_avg:392.14ms
step:4483/6200 train_loss:3.5078 train_time:1754027ms step_avg:392.14ms
step:4484/6200 train_loss:3.3550 train_time:1754418ms step_avg:392.14ms
step:4485/6200 train_loss:3.4305 train_time:1754806ms step_avg:392.14ms
step:4486/6200 train_loss:3.5390 train_time:1755195ms step_avg:392.13ms
step:4487/6200 train_loss:3.3519 train_time:1755583ms step_avg:392.13ms
step:4488/6200 train_loss:3.4228 train_time:1755974ms step_avg:392.13ms
step:4489/6200 train_loss:3.5774 train_time:1756360ms step_avg:392.13ms
step:4490/6200 train_loss:3.4213 train_time:1756747ms step_avg:392.13ms
step:4491/6200 train_loss:3.3371 train_time:1757151ms step_avg:392.13ms
step:4492/6200 train_loss:3.2734 train_time:1757524ms step_avg:392.13ms
step:4493/6200 train_loss:3.2530 train_time:1757913ms step_avg:392.13ms
step:4494/6200 train_loss:3.4290 train_time:1758301ms step_avg:392.13ms
step:4495/6200 train_loss:3.2852 train_time:1758689ms step_avg:392.13ms
step:4496/6200 train_loss:3.3346 train_time:1759073ms step_avg:392.13ms
step:4497/6200 train_loss:3.6198 train_time:1759469ms step_avg:392.13ms
step:4498/6200 train_loss:3.3741 train_time:1759851ms step_avg:392.12ms
step:4499/6200 train_loss:3.2146 train_time:1760239ms step_avg:392.12ms
step:4500/6200 train_loss:3.4983 train_time:1760632ms step_avg:392.12ms
step:4500/6200 val_loss:3.4066 train_time:1760864ms step_avg:392.17ms
step:4501/6200 train_loss:3.3533 train_time:1761022ms step_avg:392.12ms
step:4502/6200 train_loss:3.2749 train_time:1761410ms step_avg:392.12ms
step:4503/6200 train_loss:3.6051 train_time:1761803ms step_avg:392.12ms
step:4504/6200 train_loss:3.4333 train_time:1762186ms step_avg:392.12ms
step:4505/6200 train_loss:3.4533 train_time:1762578ms step_avg:392.12ms
step:4506/6200 train_loss:3.3735 train_time:1762968ms step_avg:392.12ms
step:4507/6200 train_loss:3.5150 train_time:1763354ms step_avg:392.12ms
step:4508/6200 train_loss:2.9526 train_time:1763743ms step_avg:392.12ms
step:4509/6200 train_loss:3.4046 train_time:1764133ms step_avg:392.12ms
step:4510/6200 train_loss:3.3077 train_time:1764522ms step_avg:392.12ms
step:4511/6200 train_loss:3.3865 train_time:1764910ms step_avg:392.12ms
step:4512/6200 train_loss:3.4149 train_time:1765299ms step_avg:392.11ms
step:4513/6200 train_loss:3.2998 train_time:1765690ms step_avg:392.11ms
step:4514/6200 train_loss:3.2801 train_time:1766075ms step_avg:392.11ms
step:4515/6200 train_loss:3.6060 train_time:1766464ms step_avg:392.11ms
step:4516/6200 train_loss:3.1529 train_time:1766853ms step_avg:392.11ms
step:4517/6200 train_loss:3.3366 train_time:1767240ms step_avg:392.11ms
step:4518/6200 train_loss:3.3727 train_time:1767630ms step_avg:392.11ms
step:4519/6200 train_loss:3.3347 train_time:1768021ms step_avg:392.11ms
step:4520/6200 train_loss:3.2357 train_time:1768412ms step_avg:392.11ms
step:4521/6200 train_loss:3.3352 train_time:1768804ms step_avg:392.11ms
step:4522/6200 train_loss:3.5640 train_time:1769192ms step_avg:392.11ms
step:4523/6200 train_loss:4.1406 train_time:1769581ms step_avg:392.11ms
step:4524/6200 train_loss:3.5160 train_time:1769969ms step_avg:392.11ms
step:4525/6200 train_loss:3.3896 train_time:1770356ms step_avg:392.11ms
step:4526/6200 train_loss:3.3899 train_time:1770745ms step_avg:392.10ms
step:4527/6200 train_loss:3.4283 train_time:1771135ms step_avg:392.10ms
step:4528/6200 train_loss:3.2797 train_time:1771526ms step_avg:392.10ms
step:4529/6200 train_loss:3.3119 train_time:1771913ms step_avg:392.10ms
step:4530/6200 train_loss:4.4504 train_time:1772301ms step_avg:392.10ms
step:4531/6200 train_loss:3.5347 train_time:1772689ms step_avg:392.10ms
step:4532/6200 train_loss:3.2910 train_time:1773084ms step_avg:392.10ms
step:4533/6200 train_loss:3.3061 train_time:1773505ms step_avg:392.11ms
step:4534/6200 train_loss:3.4770 train_time:1773885ms step_avg:392.11ms
step:4535/6200 train_loss:3.7034 train_time:1774251ms step_avg:392.10ms
step:4536/6200 train_loss:3.5610 train_time:1774638ms step_avg:392.10ms
step:4537/6200 train_loss:3.4633 train_time:1775023ms step_avg:392.10ms
step:4538/6200 train_loss:3.2982 train_time:1775411ms step_avg:392.10ms
step:4539/6200 train_loss:3.4417 train_time:1775799ms step_avg:392.10ms
step:4540/6200 train_loss:3.9646 train_time:1776187ms step_avg:392.09ms
step:4541/6200 train_loss:3.5297 train_time:1776578ms step_avg:392.09ms
step:4542/6200 train_loss:3.3762 train_time:1776965ms step_avg:392.09ms
step:4543/6200 train_loss:3.5002 train_time:1777356ms step_avg:392.09ms
step:4544/6200 train_loss:3.2956 train_time:1777739ms step_avg:392.09ms
step:4545/6200 train_loss:3.5613 train_time:1778126ms step_avg:392.09ms
step:4546/6200 train_loss:3.6985 train_time:1778517ms step_avg:392.09ms
step:4547/6200 train_loss:3.3492 train_time:1778903ms step_avg:392.09ms
step:4548/6200 train_loss:3.4444 train_time:1779291ms step_avg:392.09ms
step:4549/6200 train_loss:3.4537 train_time:1779679ms step_avg:392.09ms
step:4550/6200 train_loss:3.4165 train_time:1780068ms step_avg:392.09ms
step:4551/6200 train_loss:3.4110 train_time:1780457ms step_avg:392.08ms
step:4552/6200 train_loss:3.3566 train_time:1780846ms step_avg:392.08ms
step:4553/6200 train_loss:3.4455 train_time:1781236ms step_avg:392.08ms
step:4554/6200 train_loss:3.3403 train_time:1781624ms step_avg:392.08ms
step:4555/6200 train_loss:3.5498 train_time:1782012ms step_avg:392.08ms
step:4556/6200 train_loss:3.1796 train_time:1782401ms step_avg:392.08ms
step:4557/6200 train_loss:3.4503 train_time:1782794ms step_avg:392.08ms
step:4558/6200 train_loss:3.4301 train_time:1783183ms step_avg:392.08ms
step:4559/6200 train_loss:3.4332 train_time:1783576ms step_avg:392.08ms
step:4560/6200 train_loss:3.6303 train_time:1784186ms step_avg:392.13ms
step:4561/6200 train_loss:3.2922 train_time:1784950ms step_avg:392.21ms
step:4562/6200 train_loss:3.4892 train_time:1785338ms step_avg:392.21ms
step:4563/6200 train_loss:3.3573 train_time:1785726ms step_avg:392.21ms
step:4564/6200 train_loss:3.3959 train_time:1786115ms step_avg:392.21ms
step:4565/6200 train_loss:3.5277 train_time:1786507ms step_avg:392.21ms
step:4566/6200 train_loss:3.6354 train_time:1786899ms step_avg:392.21ms
step:4567/6200 train_loss:3.4541 train_time:1787283ms step_avg:392.21ms
step:4568/6200 train_loss:3.3921 train_time:1787677ms step_avg:392.21ms
step:4569/6200 train_loss:3.5774 train_time:1788069ms step_avg:392.21ms
step:4570/6200 train_loss:3.3057 train_time:1788455ms step_avg:392.21ms
step:4571/6200 train_loss:3.2642 train_time:1788844ms step_avg:392.20ms
step:4572/6200 train_loss:3.6074 train_time:1789234ms step_avg:392.20ms
step:4573/6200 train_loss:3.2570 train_time:1789622ms step_avg:392.20ms
step:4574/6200 train_loss:3.3276 train_time:1790014ms step_avg:392.20ms
step:4575/6200 train_loss:3.4701 train_time:1790402ms step_avg:392.20ms
step:4576/6200 train_loss:3.4760 train_time:1790790ms step_avg:392.20ms
step:4577/6200 train_loss:3.4166 train_time:1791181ms step_avg:392.20ms
step:4578/6200 train_loss:3.3537 train_time:1791567ms step_avg:392.20ms
step:4579/6200 train_loss:3.4207 train_time:1791957ms step_avg:392.20ms
step:4580/6200 train_loss:3.4154 train_time:1792347ms step_avg:392.20ms
step:4581/6200 train_loss:3.3325 train_time:1792736ms step_avg:392.20ms
step:4582/6200 train_loss:3.4132 train_time:1793126ms step_avg:392.20ms
step:4583/6200 train_loss:3.3257 train_time:1793515ms step_avg:392.20ms
step:4584/6200 train_loss:3.3098 train_time:1793906ms step_avg:392.20ms
step:4585/6200 train_loss:3.4967 train_time:1794296ms step_avg:392.20ms
step:4586/6200 train_loss:3.5358 train_time:1794688ms step_avg:392.20ms
step:4587/6200 train_loss:3.3084 train_time:1795073ms step_avg:392.19ms
step:4588/6200 train_loss:3.2594 train_time:1795460ms step_avg:392.19ms
step:4589/6200 train_loss:3.3446 train_time:1795849ms step_avg:392.19ms
step:4590/6200 train_loss:3.5344 train_time:1796239ms step_avg:392.19ms
step:4591/6200 train_loss:3.5502 train_time:1796630ms step_avg:392.19ms
step:4592/6200 train_loss:3.4663 train_time:1797033ms step_avg:392.19ms
step:4593/6200 train_loss:3.4179 train_time:1797410ms step_avg:392.19ms
step:4594/6200 train_loss:3.6166 train_time:1797798ms step_avg:392.19ms
step:4595/6200 train_loss:3.4323 train_time:1798190ms step_avg:392.19ms
step:4596/6200 train_loss:3.1721 train_time:1798583ms step_avg:392.19ms
step:4597/6200 train_loss:3.5009 train_time:1798972ms step_avg:392.19ms
step:4598/6200 train_loss:3.3636 train_time:1799358ms step_avg:392.19ms
step:4599/6200 train_loss:3.4808 train_time:1799746ms step_avg:392.19ms
step:4600/6200 train_loss:3.4921 train_time:1800134ms step_avg:392.19ms
step:4601/6200 train_loss:3.3841 train_time:1800525ms step_avg:392.19ms
step:4602/6200 train_loss:3.3369 train_time:1800915ms step_avg:392.19ms
step:4603/6200 train_loss:3.3436 train_time:1801307ms step_avg:392.19ms
step:4604/6200 train_loss:3.2928 train_time:1801700ms step_avg:392.19ms
step:4605/6200 train_loss:3.4412 train_time:1802089ms step_avg:392.18ms
step:4606/6200 train_loss:3.4094 train_time:1802484ms step_avg:392.19ms
step:4607/6200 train_loss:3.4585 train_time:1802865ms step_avg:392.18ms
step:4608/6200 train_loss:3.4492 train_time:1803252ms step_avg:392.18ms
step:4609/6200 train_loss:3.5281 train_time:1803643ms step_avg:392.18ms
step:4610/6200 train_loss:3.3246 train_time:1804034ms step_avg:392.18ms
step:4611/6200 train_loss:3.4180 train_time:1804422ms step_avg:392.18ms
step:4612/6200 train_loss:3.6467 train_time:1804814ms step_avg:392.18ms
step:4613/6200 train_loss:3.3754 train_time:1805199ms step_avg:392.18ms
step:4614/6200 train_loss:3.1414 train_time:1805586ms step_avg:392.18ms
step:4615/6200 train_loss:3.4023 train_time:1805980ms step_avg:392.18ms
step:4616/6200 train_loss:3.2935 train_time:1806366ms step_avg:392.18ms
step:4617/6200 train_loss:3.4852 train_time:1806762ms step_avg:392.18ms
step:4618/6200 train_loss:3.2879 train_time:1807147ms step_avg:392.18ms
step:4619/6200 train_loss:3.4841 train_time:1807538ms step_avg:392.18ms
step:4620/6200 train_loss:3.5541 train_time:1807925ms step_avg:392.17ms
step:4621/6200 train_loss:3.6018 train_time:1808313ms step_avg:392.17ms
step:4622/6200 train_loss:3.1291 train_time:1808706ms step_avg:392.17ms
step:4623/6200 train_loss:3.4138 train_time:1809095ms step_avg:392.17ms
step:4624/6200 train_loss:3.4063 train_time:1809483ms step_avg:392.17ms
step:4625/6200 train_loss:3.2412 train_time:1809871ms step_avg:392.17ms
step:4625/6200 val_loss:3.3951 train_time:1810101ms step_avg:392.22ms
step:4626/6200 train_loss:3.4822 train_time:1810267ms step_avg:392.17ms
step:4627/6200 train_loss:3.4010 train_time:1810650ms step_avg:392.17ms
step:4628/6200 train_loss:3.2247 train_time:1811038ms step_avg:392.17ms
step:4629/6200 train_loss:3.3602 train_time:1811430ms step_avg:392.17ms
step:4630/6200 train_loss:3.4583 train_time:1811821ms step_avg:392.17ms
step:4631/6200 train_loss:3.6569 train_time:1812208ms step_avg:392.17ms
step:4632/6200 train_loss:3.2734 train_time:1812594ms step_avg:392.17ms
step:4633/6200 train_loss:3.5637 train_time:1812987ms step_avg:392.17ms
step:4634/6200 train_loss:3.3759 train_time:1813374ms step_avg:392.17ms
step:4635/6200 train_loss:3.3394 train_time:1813761ms step_avg:392.16ms
step:4636/6200 train_loss:3.4750 train_time:1814153ms step_avg:392.16ms
step:4637/6200 train_loss:3.2596 train_time:1814543ms step_avg:392.16ms
step:4638/6200 train_loss:3.4969 train_time:1814931ms step_avg:392.16ms
step:4639/6200 train_loss:3.3902 train_time:1815321ms step_avg:392.16ms
step:4640/6200 train_loss:3.3938 train_time:1815707ms step_avg:392.16ms
step:4641/6200 train_loss:3.2332 train_time:1816099ms step_avg:392.16ms
step:4642/6200 train_loss:3.3695 train_time:1816484ms step_avg:392.16ms
step:4643/6200 train_loss:3.3514 train_time:1816870ms step_avg:392.16ms
step:4644/6200 train_loss:3.7059 train_time:1817261ms step_avg:392.16ms
step:4645/6200 train_loss:3.4016 train_time:1817649ms step_avg:392.16ms
step:4646/6200 train_loss:3.3808 train_time:1818040ms step_avg:392.16ms
step:4647/6200 train_loss:3.3555 train_time:1818427ms step_avg:392.16ms
step:4648/6200 train_loss:3.5217 train_time:1818819ms step_avg:392.16ms
step:4649/6200 train_loss:3.5027 train_time:1819205ms step_avg:392.15ms
step:4650/6200 train_loss:3.4355 train_time:1819598ms step_avg:392.15ms
step:4651/6200 train_loss:3.3125 train_time:1819987ms step_avg:392.15ms
step:4652/6200 train_loss:3.5547 train_time:1820376ms step_avg:392.15ms
step:4653/6200 train_loss:3.6272 train_time:1820764ms step_avg:392.15ms
step:4654/6200 train_loss:3.4110 train_time:1821155ms step_avg:392.15ms
step:4655/6200 train_loss:3.3492 train_time:1821542ms step_avg:392.15ms
step:4656/6200 train_loss:3.5152 train_time:1821935ms step_avg:392.15ms
step:4657/6200 train_loss:3.3055 train_time:1822319ms step_avg:392.15ms
step:4658/6200 train_loss:3.2336 train_time:1822713ms step_avg:392.15ms
step:4659/6200 train_loss:3.3369 train_time:1823095ms step_avg:392.15ms
step:4660/6200 train_loss:3.2712 train_time:1823484ms step_avg:392.15ms
step:4661/6200 train_loss:3.3118 train_time:1823873ms step_avg:392.15ms
step:4662/6200 train_loss:3.2869 train_time:1824262ms step_avg:392.15ms
step:4663/6200 train_loss:3.4894 train_time:1824653ms step_avg:392.15ms
step:4664/6200 train_loss:3.3176 train_time:1825041ms step_avg:392.14ms
step:4665/6200 train_loss:3.2995 train_time:1825424ms step_avg:392.14ms
step:4666/6200 train_loss:3.5276 train_time:1825811ms step_avg:392.14ms
step:4667/6200 train_loss:3.3836 train_time:1826200ms step_avg:392.14ms
step:4668/6200 train_loss:3.3916 train_time:1826588ms step_avg:392.14ms
step:4669/6200 train_loss:3.3872 train_time:1826977ms step_avg:392.14ms
step:4670/6200 train_loss:3.4785 train_time:1827365ms step_avg:392.14ms
step:4671/6200 train_loss:3.5271 train_time:1827756ms step_avg:392.14ms
step:4672/6200 train_loss:3.4162 train_time:1828141ms step_avg:392.14ms
step:4673/6200 train_loss:3.4383 train_time:1828533ms step_avg:392.14ms
step:4674/6200 train_loss:3.4566 train_time:1828919ms step_avg:392.14ms
step:4675/6200 train_loss:3.3443 train_time:1829308ms step_avg:392.13ms
step:4676/6200 train_loss:3.5909 train_time:1829754ms step_avg:392.15ms
step:4677/6200 train_loss:3.2133 train_time:1830090ms step_avg:392.13ms
step:4678/6200 train_loss:3.2454 train_time:1830475ms step_avg:392.13ms
step:4679/6200 train_loss:3.4574 train_time:1830862ms step_avg:392.13ms
step:4680/6200 train_loss:3.2843 train_time:1831251ms step_avg:392.13ms
step:4681/6200 train_loss:3.2864 train_time:1831642ms step_avg:392.13ms
step:4682/6200 train_loss:3.3494 train_time:1832029ms step_avg:392.13ms
step:4683/6200 train_loss:3.2326 train_time:1832416ms step_avg:392.13ms
step:4684/6200 train_loss:3.3459 train_time:1832805ms step_avg:392.13ms
step:4685/6200 train_loss:3.6048 train_time:1833195ms step_avg:392.13ms
step:4686/6200 train_loss:3.6824 train_time:1833584ms step_avg:392.13ms
step:4687/6200 train_loss:3.3545 train_time:1833974ms step_avg:392.13ms
step:4688/6200 train_loss:3.2486 train_time:1834362ms step_avg:392.13ms
step:4689/6200 train_loss:3.6190 train_time:1834753ms step_avg:392.13ms
step:4690/6200 train_loss:3.2722 train_time:1835145ms step_avg:392.13ms
step:4691/6200 train_loss:3.1678 train_time:1835536ms step_avg:392.12ms
step:4692/6200 train_loss:3.3489 train_time:1835925ms step_avg:392.12ms
step:4693/6200 train_loss:3.2706 train_time:1836310ms step_avg:392.12ms
step:4694/6200 train_loss:3.3224 train_time:1836699ms step_avg:392.12ms
step:4695/6200 train_loss:3.3462 train_time:1837093ms step_avg:392.12ms
step:4696/6200 train_loss:3.4143 train_time:1837478ms step_avg:392.12ms
step:4697/6200 train_loss:3.5387 train_time:1837866ms step_avg:392.12ms
step:4698/6200 train_loss:3.3377 train_time:1838256ms step_avg:392.12ms
step:4699/6200 train_loss:3.4766 train_time:1838644ms step_avg:392.12ms
step:4700/6200 train_loss:3.4302 train_time:1839036ms step_avg:392.12ms
step:4701/6200 train_loss:3.3894 train_time:1839431ms step_avg:392.12ms
step:4702/6200 train_loss:3.4018 train_time:1839818ms step_avg:392.12ms
step:4703/6200 train_loss:3.3980 train_time:1840205ms step_avg:392.12ms
step:4704/6200 train_loss:3.4662 train_time:1840593ms step_avg:392.12ms
step:4705/6200 train_loss:3.3449 train_time:1840986ms step_avg:392.12ms
step:4706/6200 train_loss:3.2788 train_time:1841373ms step_avg:392.12ms
step:4707/6200 train_loss:3.4664 train_time:1841761ms step_avg:392.11ms
step:4708/6200 train_loss:3.3799 train_time:1842151ms step_avg:392.11ms
step:4709/6200 train_loss:3.3910 train_time:1842539ms step_avg:392.11ms
step:4710/6200 train_loss:3.3352 train_time:1842929ms step_avg:392.11ms
step:4711/6200 train_loss:3.3046 train_time:1843315ms step_avg:392.11ms
step:4712/6200 train_loss:3.4335 train_time:1843705ms step_avg:392.11ms
step:4713/6200 train_loss:3.4384 train_time:1844094ms step_avg:392.11ms
step:4714/6200 train_loss:3.3145 train_time:1844481ms step_avg:392.11ms
step:4715/6200 train_loss:3.5033 train_time:1844870ms step_avg:392.11ms
step:4716/6200 train_loss:3.4801 train_time:1845258ms step_avg:392.11ms
step:4717/6200 train_loss:3.4009 train_time:1845649ms step_avg:392.11ms
step:4718/6200 train_loss:3.2789 train_time:1846038ms step_avg:392.11ms
step:4719/6200 train_loss:3.2544 train_time:1846425ms step_avg:392.11ms
step:4720/6200 train_loss:3.3689 train_time:1846815ms step_avg:392.11ms
step:4721/6200 train_loss:3.4662 train_time:1847201ms step_avg:392.10ms
step:4722/6200 train_loss:3.3645 train_time:1847592ms step_avg:392.10ms
step:4723/6200 train_loss:3.2792 train_time:1847980ms step_avg:392.10ms
step:4724/6200 train_loss:3.3907 train_time:1848369ms step_avg:392.10ms
step:4725/6200 train_loss:3.3291 train_time:1848759ms step_avg:392.10ms
step:4726/6200 train_loss:3.8455 train_time:1849147ms step_avg:392.10ms
step:4727/6200 train_loss:3.3641 train_time:1849535ms step_avg:392.10ms
step:4728/6200 train_loss:3.4637 train_time:1849927ms step_avg:392.10ms
step:4729/6200 train_loss:3.1851 train_time:1850313ms step_avg:392.10ms
step:4730/6200 train_loss:3.4258 train_time:1850703ms step_avg:392.10ms
step:4731/6200 train_loss:3.2466 train_time:1851093ms step_avg:392.10ms
step:4732/6200 train_loss:3.3657 train_time:1851485ms step_avg:392.10ms
step:4733/6200 train_loss:3.2830 train_time:1851872ms step_avg:392.10ms
step:4734/6200 train_loss:3.2986 train_time:1852261ms step_avg:392.10ms
step:4735/6200 train_loss:3.4964 train_time:1852651ms step_avg:392.10ms
step:4736/6200 train_loss:3.4013 train_time:1853039ms step_avg:392.09ms
step:4737/6200 train_loss:3.5805 train_time:1853426ms step_avg:392.09ms
step:4738/6200 train_loss:3.4944 train_time:1853815ms step_avg:392.09ms
step:4739/6200 train_loss:3.2975 train_time:1854204ms step_avg:392.09ms
step:4740/6200 train_loss:3.3588 train_time:1854599ms step_avg:392.09ms
step:4741/6200 train_loss:3.4422 train_time:1854987ms step_avg:392.09ms
step:4742/6200 train_loss:3.3416 train_time:1855375ms step_avg:392.09ms
step:4743/6200 train_loss:3.2486 train_time:1855809ms step_avg:392.10ms
step:4744/6200 train_loss:3.3113 train_time:1856152ms step_avg:392.09ms
step:4745/6200 train_loss:3.3611 train_time:1856541ms step_avg:392.09ms
step:4746/6200 train_loss:3.3229 train_time:1856937ms step_avg:392.09ms
step:4747/6200 train_loss:3.3340 train_time:1857323ms step_avg:392.09ms
step:4748/6200 train_loss:3.5432 train_time:1857713ms step_avg:392.09ms
step:4749/6200 train_loss:3.2828 train_time:1858101ms step_avg:392.09ms
step:4750/6200 train_loss:3.3401 train_time:1858868ms step_avg:392.17ms
step:4750/6200 val_loss:3.3818 train_time:1859097ms step_avg:392.21ms
step:4751/6200 train_loss:3.2432 train_time:1859259ms step_avg:392.17ms
step:4752/6200 train_loss:3.2657 train_time:1859646ms step_avg:392.16ms
step:4753/6200 train_loss:3.3441 train_time:1860037ms step_avg:392.16ms
step:4754/6200 train_loss:3.6464 train_time:1860429ms step_avg:392.16ms
step:4755/6200 train_loss:3.2406 train_time:1860815ms step_avg:392.16ms
step:4756/6200 train_loss:3.5895 train_time:1861216ms step_avg:392.17ms
step:4757/6200 train_loss:3.6169 train_time:1861607ms step_avg:392.16ms
step:4758/6200 train_loss:3.4041 train_time:1861993ms step_avg:392.16ms
step:4759/6200 train_loss:3.5140 train_time:1862386ms step_avg:392.16ms
step:4760/6200 train_loss:3.4431 train_time:1862779ms step_avg:392.16ms
step:4761/6200 train_loss:3.2596 train_time:1863165ms step_avg:392.16ms
step:4762/6200 train_loss:3.3926 train_time:1863553ms step_avg:392.16ms
step:4763/6200 train_loss:3.5329 train_time:1863940ms step_avg:392.16ms
step:4764/6200 train_loss:3.3409 train_time:1864330ms step_avg:392.16ms
step:4765/6200 train_loss:3.3653 train_time:1864718ms step_avg:392.16ms
step:4766/6200 train_loss:3.2476 train_time:1865109ms step_avg:392.16ms
step:4767/6200 train_loss:3.4249 train_time:1865500ms step_avg:392.16ms
step:4768/6200 train_loss:3.9392 train_time:1865918ms step_avg:392.16ms
step:4769/6200 train_loss:3.4765 train_time:1866298ms step_avg:392.16ms
step:4770/6200 train_loss:3.3631 train_time:1866665ms step_avg:392.16ms
step:4771/6200 train_loss:3.3554 train_time:1867052ms step_avg:392.16ms
step:4772/6200 train_loss:3.3773 train_time:1867442ms step_avg:392.16ms
step:4773/6200 train_loss:3.4135 train_time:1867832ms step_avg:392.15ms
step:4774/6200 train_loss:3.4096 train_time:1868222ms step_avg:392.15ms
step:4775/6200 train_loss:3.3674 train_time:1868616ms step_avg:392.15ms
step:4776/6200 train_loss:3.3542 train_time:1869003ms step_avg:392.15ms
step:4777/6200 train_loss:3.4208 train_time:1869387ms step_avg:392.15ms
step:4778/6200 train_loss:3.2454 train_time:1869776ms step_avg:392.15ms
step:4779/6200 train_loss:3.3839 train_time:1870162ms step_avg:392.15ms
step:4780/6200 train_loss:3.4551 train_time:1870551ms step_avg:392.15ms
step:4781/6200 train_loss:3.3678 train_time:1870942ms step_avg:392.15ms
step:4782/6200 train_loss:3.2583 train_time:1871329ms step_avg:392.15ms
step:4783/6200 train_loss:3.1819 train_time:1871716ms step_avg:392.15ms
step:4784/6200 train_loss:3.2257 train_time:1872104ms step_avg:392.15ms
step:4785/6200 train_loss:3.3086 train_time:1872493ms step_avg:392.15ms
step:4786/6200 train_loss:3.7721 train_time:1872882ms step_avg:392.14ms
step:4787/6200 train_loss:3.5587 train_time:1873273ms step_avg:392.14ms
step:4788/6200 train_loss:3.4007 train_time:1873660ms step_avg:392.14ms
step:4789/6200 train_loss:3.4888 train_time:1874048ms step_avg:392.14ms
step:4790/6200 train_loss:3.4488 train_time:1874437ms step_avg:392.14ms
step:4791/6200 train_loss:3.4003 train_time:1874837ms step_avg:392.14ms
step:4792/6200 train_loss:3.3685 train_time:1875227ms step_avg:392.14ms
step:4793/6200 train_loss:3.2896 train_time:1875615ms step_avg:392.14ms
step:4794/6200 train_loss:3.2610 train_time:1876001ms step_avg:392.14ms
step:4795/6200 train_loss:3.2397 train_time:1876391ms step_avg:392.14ms
step:4796/6200 train_loss:3.4417 train_time:1876781ms step_avg:392.14ms
step:4797/6200 train_loss:3.4987 train_time:1877172ms step_avg:392.14ms
step:4798/6200 train_loss:3.0613 train_time:1877562ms step_avg:392.14ms
step:4799/6200 train_loss:3.2590 train_time:1877951ms step_avg:392.14ms
step:4800/6200 train_loss:3.2638 train_time:1878349ms step_avg:392.14ms
step:4801/6200 train_loss:3.3437 train_time:1878745ms step_avg:392.14ms
step:4802/6200 train_loss:3.1102 train_time:1879131ms step_avg:392.14ms
step:4803/6200 train_loss:3.3257 train_time:1879516ms step_avg:392.14ms
step:4804/6200 train_loss:3.5208 train_time:1879908ms step_avg:392.14ms
step:4805/6200 train_loss:3.3880 train_time:1880293ms step_avg:392.14ms
step:4806/6200 train_loss:3.4095 train_time:1880681ms step_avg:392.14ms
step:4807/6200 train_loss:3.4632 train_time:1881070ms step_avg:392.13ms
step:4808/6200 train_loss:3.1557 train_time:1881461ms step_avg:392.13ms
step:4809/6200 train_loss:3.3379 train_time:1881860ms step_avg:392.14ms
step:4810/6200 train_loss:3.3138 train_time:1882245ms step_avg:392.13ms
step:4811/6200 train_loss:3.4520 train_time:1882633ms step_avg:392.13ms
step:4812/6200 train_loss:3.3915 train_time:1883022ms step_avg:392.13ms
step:4813/6200 train_loss:3.4214 train_time:1883416ms step_avg:392.13ms
step:4814/6200 train_loss:3.2672 train_time:1883799ms step_avg:392.13ms
step:4815/6200 train_loss:3.4135 train_time:1884185ms step_avg:392.13ms
step:4816/6200 train_loss:3.8759 train_time:1884572ms step_avg:392.13ms
step:4817/6200 train_loss:3.4474 train_time:1884962ms step_avg:392.13ms
step:4818/6200 train_loss:3.3621 train_time:1885350ms step_avg:392.13ms
step:4819/6200 train_loss:3.2509 train_time:1885740ms step_avg:392.13ms
step:4820/6200 train_loss:3.3887 train_time:1886126ms step_avg:392.13ms
step:4821/6200 train_loss:3.4134 train_time:1886513ms step_avg:392.12ms
step:4822/6200 train_loss:3.4644 train_time:1886905ms step_avg:392.12ms
step:4823/6200 train_loss:3.5085 train_time:1887293ms step_avg:392.12ms
step:4824/6200 train_loss:3.2414 train_time:1887683ms step_avg:392.12ms
step:4825/6200 train_loss:3.3835 train_time:1888076ms step_avg:392.12ms
step:4826/6200 train_loss:3.3040 train_time:1888461ms step_avg:392.12ms
step:4827/6200 train_loss:3.2354 train_time:1888854ms step_avg:392.12ms
step:4828/6200 train_loss:3.3992 train_time:1889242ms step_avg:392.12ms
step:4829/6200 train_loss:3.2745 train_time:1889630ms step_avg:392.12ms
step:4830/6200 train_loss:3.4298 train_time:1890023ms step_avg:392.12ms
step:4831/6200 train_loss:3.6370 train_time:1890411ms step_avg:392.12ms
step:4832/6200 train_loss:3.3148 train_time:1890798ms step_avg:392.12ms
step:4833/6200 train_loss:3.4232 train_time:1891187ms step_avg:392.12ms
step:4834/6200 train_loss:3.3525 train_time:1891576ms step_avg:392.12ms
step:4835/6200 train_loss:3.5232 train_time:1891964ms step_avg:392.12ms
step:4836/6200 train_loss:3.3681 train_time:1892355ms step_avg:392.12ms
step:4837/6200 train_loss:3.7143 train_time:1892745ms step_avg:392.12ms
step:4838/6200 train_loss:3.3772 train_time:1893132ms step_avg:392.12ms
step:4839/6200 train_loss:3.3886 train_time:1893520ms step_avg:392.11ms
step:4840/6200 train_loss:3.3427 train_time:1893909ms step_avg:392.11ms
step:4841/6200 train_loss:3.4045 train_time:1894298ms step_avg:392.11ms
step:4842/6200 train_loss:3.3376 train_time:1894684ms step_avg:392.11ms
step:4843/6200 train_loss:3.2565 train_time:1895074ms step_avg:392.11ms
step:4844/6200 train_loss:3.1620 train_time:1895495ms step_avg:392.12ms
step:4845/6200 train_loss:3.3306 train_time:1895858ms step_avg:392.11ms
step:4846/6200 train_loss:3.3179 train_time:1896242ms step_avg:392.11ms
step:4847/6200 train_loss:3.5563 train_time:1896631ms step_avg:392.11ms
step:4848/6200 train_loss:3.2753 train_time:1897024ms step_avg:392.11ms
step:4849/6200 train_loss:3.4484 train_time:1897411ms step_avg:392.11ms
step:4850/6200 train_loss:3.4283 train_time:1897797ms step_avg:392.11ms
step:4851/6200 train_loss:3.4284 train_time:1898186ms step_avg:392.11ms
step:4852/6200 train_loss:2.9600 train_time:1898589ms step_avg:392.11ms
step:4853/6200 train_loss:3.2149 train_time:1898967ms step_avg:392.11ms
step:4854/6200 train_loss:3.3435 train_time:1899354ms step_avg:392.10ms
step:4855/6200 train_loss:3.3497 train_time:1899741ms step_avg:392.10ms
step:4856/6200 train_loss:3.6324 train_time:1900132ms step_avg:392.10ms
step:4857/6200 train_loss:3.3054 train_time:1900518ms step_avg:392.10ms
step:4858/6200 train_loss:3.3878 train_time:1900911ms step_avg:392.10ms
step:4859/6200 train_loss:3.4232 train_time:1901298ms step_avg:392.10ms
step:4860/6200 train_loss:3.3728 train_time:1901686ms step_avg:392.10ms
step:4861/6200 train_loss:3.3540 train_time:1902075ms step_avg:392.10ms
step:4862/6200 train_loss:3.3725 train_time:1902464ms step_avg:392.10ms
step:4863/6200 train_loss:3.4266 train_time:1902862ms step_avg:392.10ms
step:4864/6200 train_loss:3.2495 train_time:1903246ms step_avg:392.10ms
step:4865/6200 train_loss:3.4815 train_time:1903630ms step_avg:392.10ms
step:4866/6200 train_loss:3.1276 train_time:1904026ms step_avg:392.10ms
step:4867/6200 train_loss:3.3751 train_time:1904421ms step_avg:392.10ms
step:4868/6200 train_loss:3.4143 train_time:1904817ms step_avg:392.10ms
step:4869/6200 train_loss:3.3724 train_time:1905210ms step_avg:392.10ms
step:4870/6200 train_loss:3.4166 train_time:1905615ms step_avg:392.10ms
step:4871/6200 train_loss:3.4884 train_time:1905997ms step_avg:392.10ms
step:4872/6200 train_loss:3.3345 train_time:1906366ms step_avg:392.10ms
step:4873/6200 train_loss:3.6157 train_time:1906756ms step_avg:392.09ms
step:4874/6200 train_loss:3.4596 train_time:1907147ms step_avg:392.09ms
step:4875/6200 train_loss:3.5466 train_time:1907535ms step_avg:392.09ms
step:4875/6200 val_loss:3.3705 train_time:1907769ms step_avg:392.14ms
step:4876/6200 train_loss:3.3543 train_time:1907934ms step_avg:392.09ms
step:4877/6200 train_loss:3.2429 train_time:1908314ms step_avg:392.09ms
step:4878/6200 train_loss:3.3407 train_time:1908707ms step_avg:392.09ms
step:4879/6200 train_loss:3.1748 train_time:1909092ms step_avg:392.09ms
step:4880/6200 train_loss:3.4693 train_time:1909485ms step_avg:392.09ms
step:4881/6200 train_loss:3.3620 train_time:1909873ms step_avg:392.09ms
step:4882/6200 train_loss:3.5109 train_time:1910273ms step_avg:392.09ms
step:4883/6200 train_loss:3.4934 train_time:1910656ms step_avg:392.09ms
step:4884/6200 train_loss:3.3465 train_time:1911039ms step_avg:392.09ms
step:4885/6200 train_loss:3.2450 train_time:1911431ms step_avg:392.09ms
step:4886/6200 train_loss:3.4278 train_time:1911820ms step_avg:392.09ms
step:4887/6200 train_loss:3.4493 train_time:1912211ms step_avg:392.09ms
step:4888/6200 train_loss:3.2844 train_time:1912601ms step_avg:392.09ms
step:4889/6200 train_loss:3.1981 train_time:1912989ms step_avg:392.09ms
step:4890/6200 train_loss:3.4813 train_time:1913377ms step_avg:392.09ms
step:4891/6200 train_loss:3.3510 train_time:1913769ms step_avg:392.09ms
step:4892/6200 train_loss:3.4499 train_time:1914155ms step_avg:392.08ms
step:4893/6200 train_loss:3.3255 train_time:1914546ms step_avg:392.08ms
step:4894/6200 train_loss:3.5910 train_time:1914934ms step_avg:392.08ms
step:4895/6200 train_loss:3.7528 train_time:1915323ms step_avg:392.08ms
step:4896/6200 train_loss:3.3709 train_time:1915712ms step_avg:392.08ms
step:4897/6200 train_loss:3.2867 train_time:1916103ms step_avg:392.08ms
step:4898/6200 train_loss:3.3075 train_time:1916491ms step_avg:392.08ms
step:4899/6200 train_loss:3.2799 train_time:1916877ms step_avg:392.08ms
step:4900/6200 train_loss:3.3798 train_time:1917264ms step_avg:392.08ms
step:4901/6200 train_loss:3.2520 train_time:1917655ms step_avg:392.08ms
step:4902/6200 train_loss:3.3032 train_time:1918048ms step_avg:392.08ms
step:4903/6200 train_loss:3.4401 train_time:1918434ms step_avg:392.08ms
step:4904/6200 train_loss:3.3070 train_time:1918825ms step_avg:392.08ms
step:4905/6200 train_loss:3.3530 train_time:1919212ms step_avg:392.08ms
step:4906/6200 train_loss:3.4519 train_time:1919608ms step_avg:392.08ms
step:4907/6200 train_loss:3.2271 train_time:1919996ms step_avg:392.08ms
step:4908/6200 train_loss:3.2515 train_time:1920388ms step_avg:392.08ms
step:4909/6200 train_loss:3.2206 train_time:1920777ms step_avg:392.08ms
step:4910/6200 train_loss:3.3952 train_time:1921162ms step_avg:392.07ms
step:4911/6200 train_loss:3.4179 train_time:1921548ms step_avg:392.07ms
step:4912/6200 train_loss:3.4382 train_time:1921936ms step_avg:392.07ms
step:4913/6200 train_loss:3.4251 train_time:1922325ms step_avg:392.07ms
step:4914/6200 train_loss:3.2976 train_time:1922716ms step_avg:392.07ms
step:4915/6200 train_loss:3.1340 train_time:1923197ms step_avg:392.09ms
step:4916/6200 train_loss:3.4487 train_time:1923585ms step_avg:392.09ms
step:4917/6200 train_loss:3.4256 train_time:1923972ms step_avg:392.09ms
step:4918/6200 train_loss:3.2216 train_time:1924364ms step_avg:392.09ms
step:4919/6200 train_loss:3.4142 train_time:1924754ms step_avg:392.09ms
step:4920/6200 train_loss:3.3285 train_time:1925144ms step_avg:392.09ms
step:4921/6200 train_loss:3.4354 train_time:1925551ms step_avg:392.09ms
step:4922/6200 train_loss:3.5079 train_time:1925925ms step_avg:392.09ms
step:4923/6200 train_loss:3.3666 train_time:1926311ms step_avg:392.08ms
step:4924/6200 train_loss:3.2963 train_time:1926700ms step_avg:392.08ms
step:4925/6200 train_loss:3.5011 train_time:1927088ms step_avg:392.08ms
step:4926/6200 train_loss:3.3777 train_time:1927481ms step_avg:392.08ms
step:4927/6200 train_loss:3.2784 train_time:1927864ms step_avg:392.08ms
step:4928/6200 train_loss:3.2869 train_time:1928258ms step_avg:392.08ms
step:4929/6200 train_loss:3.3368 train_time:1928648ms step_avg:392.08ms
step:4930/6200 train_loss:3.4595 train_time:1929037ms step_avg:392.08ms
step:4931/6200 train_loss:4.1569 train_time:1929437ms step_avg:392.08ms
step:4932/6200 train_loss:3.3723 train_time:1929823ms step_avg:392.08ms
step:4933/6200 train_loss:3.3876 train_time:1930216ms step_avg:392.08ms
step:4934/6200 train_loss:3.4791 train_time:1930605ms step_avg:392.08ms
step:4935/6200 train_loss:3.0814 train_time:1930995ms step_avg:392.08ms
step:4936/6200 train_loss:3.5174 train_time:1931385ms step_avg:392.08ms
step:4937/6200 train_loss:3.4365 train_time:1931776ms step_avg:392.08ms
step:4938/6200 train_loss:3.5369 train_time:1932173ms step_avg:392.08ms
step:4939/6200 train_loss:3.4735 train_time:1932545ms step_avg:392.08ms
step:4940/6200 train_loss:3.6968 train_time:1933145ms step_avg:392.12ms
step:4941/6200 train_loss:3.3146 train_time:1934174ms step_avg:392.25ms
step:4942/6200 train_loss:3.4392 train_time:1934563ms step_avg:392.25ms
step:4943/6200 train_loss:3.0686 train_time:1934958ms step_avg:392.25ms
step:4944/6200 train_loss:3.4472 train_time:1935347ms step_avg:392.25ms
step:4945/6200 train_loss:3.8758 train_time:1935732ms step_avg:392.25ms
step:4946/6200 train_loss:3.2500 train_time:1936133ms step_avg:392.25ms
step:4947/6200 train_loss:3.2910 train_time:1936524ms step_avg:392.25ms
step:4948/6200 train_loss:3.4863 train_time:1936905ms step_avg:392.24ms
step:4949/6200 train_loss:3.1825 train_time:1937288ms step_avg:392.24ms
step:4950/6200 train_loss:3.4754 train_time:1937683ms step_avg:392.24ms
step:4951/6200 train_loss:3.2699 train_time:1938066ms step_avg:392.24ms
step:4952/6200 train_loss:3.4753 train_time:1938458ms step_avg:392.24ms
step:4953/6200 train_loss:3.2939 train_time:1938846ms step_avg:392.24ms
step:4954/6200 train_loss:3.2889 train_time:1939233ms step_avg:392.24ms
step:4955/6200 train_loss:3.2625 train_time:1939622ms step_avg:392.24ms
step:4956/6200 train_loss:3.2083 train_time:1940011ms step_avg:392.24ms
step:4957/6200 train_loss:3.4225 train_time:1940401ms step_avg:392.24ms
step:4958/6200 train_loss:3.2674 train_time:1940790ms step_avg:392.24ms
step:4959/6200 train_loss:3.2736 train_time:1941182ms step_avg:392.24ms
step:4960/6200 train_loss:3.4001 train_time:1941580ms step_avg:392.24ms
step:4961/6200 train_loss:3.6830 train_time:1941974ms step_avg:392.24ms
step:4962/6200 train_loss:3.2706 train_time:1942363ms step_avg:392.24ms
step:4963/6200 train_loss:3.4173 train_time:1942752ms step_avg:392.24ms
step:4964/6200 train_loss:3.2619 train_time:1943125ms step_avg:392.23ms
step:4965/6200 train_loss:4.4615 train_time:1943519ms step_avg:392.23ms
step:4966/6200 train_loss:3.3110 train_time:1943906ms step_avg:392.23ms
step:4967/6200 train_loss:3.3903 train_time:1944292ms step_avg:392.23ms
step:4968/6200 train_loss:3.4128 train_time:1944683ms step_avg:392.23ms
step:4969/6200 train_loss:4.5110 train_time:1945076ms step_avg:392.23ms
step:4970/6200 train_loss:3.5719 train_time:1945463ms step_avg:392.23ms
step:4971/6200 train_loss:3.4529 train_time:1945852ms step_avg:392.23ms
step:4972/6200 train_loss:3.4104 train_time:1946240ms step_avg:392.23ms
step:4973/6200 train_loss:3.4411 train_time:1946630ms step_avg:392.23ms
step:4974/6200 train_loss:3.3280 train_time:1947016ms step_avg:392.23ms
step:4975/6200 train_loss:3.3276 train_time:1947408ms step_avg:392.23ms
step:4976/6200 train_loss:3.4453 train_time:1947793ms step_avg:392.23ms
step:4977/6200 train_loss:3.3683 train_time:1948182ms step_avg:392.23ms
step:4978/6200 train_loss:3.2616 train_time:1948573ms step_avg:392.22ms
step:4979/6200 train_loss:3.4014 train_time:1948969ms step_avg:392.23ms
step:4980/6200 train_loss:3.2834 train_time:1949362ms step_avg:392.23ms
step:4981/6200 train_loss:3.5392 train_time:1949759ms step_avg:392.23ms
step:4982/6200 train_loss:3.4884 train_time:1950136ms step_avg:392.22ms
step:4983/6200 train_loss:3.1648 train_time:1950524ms step_avg:392.22ms
step:4984/6200 train_loss:3.0555 train_time:1950912ms step_avg:392.22ms
step:4985/6200 train_loss:3.7446 train_time:1951300ms step_avg:392.22ms
step:4986/6200 train_loss:3.6581 train_time:1951692ms step_avg:392.22ms
step:4987/6200 train_loss:3.3604 train_time:1952081ms step_avg:392.22ms
step:4988/6200 train_loss:3.4224 train_time:1952470ms step_avg:392.22ms
step:4989/6200 train_loss:3.4198 train_time:1952859ms step_avg:392.22ms
step:4990/6200 train_loss:3.3176 train_time:1953248ms step_avg:392.22ms
step:4991/6200 train_loss:3.3083 train_time:1953635ms step_avg:392.22ms
step:4992/6200 train_loss:3.4679 train_time:1954026ms step_avg:392.22ms
step:4993/6200 train_loss:3.1562 train_time:1954416ms step_avg:392.22ms
step:4994/6200 train_loss:3.3851 train_time:1954804ms step_avg:392.22ms
step:4995/6200 train_loss:3.3156 train_time:1955192ms step_avg:392.22ms
step:4996/6200 train_loss:3.5630 train_time:1955584ms step_avg:392.21ms
step:4997/6200 train_loss:3.4071 train_time:1955972ms step_avg:392.21ms
step:4998/6200 train_loss:3.4067 train_time:1956373ms step_avg:392.22ms
step:4999/6200 train_loss:3.4591 train_time:1956802ms step_avg:392.22ms
step:5000/6200 train_loss:3.5867 train_time:1957140ms step_avg:392.21ms
step:5000/6200 val_loss:3.3588 train_time:1957368ms step_avg:392.26ms
step:5001/6200 train_loss:3.4109 train_time:1957526ms step_avg:392.21ms
step:5002/6200 train_loss:3.3992 train_time:1957915ms step_avg:392.21ms
step:5003/6200 train_loss:3.3871 train_time:1958314ms step_avg:392.21ms
step:5004/6200 train_loss:3.4675 train_time:1958702ms step_avg:392.21ms
step:5005/6200 train_loss:3.2669 train_time:1959095ms step_avg:392.21ms
step:5006/6200 train_loss:3.1231 train_time:1959485ms step_avg:392.21ms
step:5007/6200 train_loss:3.3387 train_time:1959872ms step_avg:392.21ms
step:5008/6200 train_loss:3.3979 train_time:1960252ms step_avg:392.21ms
step:5009/6200 train_loss:3.1834 train_time:1960637ms step_avg:392.21ms
step:5010/6200 train_loss:3.3336 train_time:1961034ms step_avg:392.21ms
step:5011/6200 train_loss:3.6879 train_time:1961421ms step_avg:392.21ms
step:5012/6200 train_loss:3.3031 train_time:1961810ms step_avg:392.21ms
step:5013/6200 train_loss:3.3801 train_time:1962189ms step_avg:392.20ms
step:5014/6200 train_loss:3.1677 train_time:1962585ms step_avg:392.20ms
step:5015/6200 train_loss:3.3949 train_time:1962975ms step_avg:392.20ms
step:5016/6200 train_loss:3.3136 train_time:1963363ms step_avg:392.20ms
step:5017/6200 train_loss:3.2502 train_time:1963749ms step_avg:392.20ms
step:5018/6200 train_loss:3.3084 train_time:1964138ms step_avg:392.20ms
step:5019/6200 train_loss:3.3392 train_time:1964528ms step_avg:392.20ms
step:5020/6200 train_loss:4.0279 train_time:1964926ms step_avg:392.20ms
step:5021/6200 train_loss:3.2555 train_time:1965313ms step_avg:392.20ms
step:5022/6200 train_loss:3.3069 train_time:1965700ms step_avg:392.20ms
step:5023/6200 train_loss:3.3770 train_time:1966085ms step_avg:392.20ms
step:5024/6200 train_loss:3.5009 train_time:1966475ms step_avg:392.20ms
step:5025/6200 train_loss:3.2764 train_time:1966873ms step_avg:392.20ms
step:5026/6200 train_loss:3.6465 train_time:1967258ms step_avg:392.20ms
step:5027/6200 train_loss:3.2822 train_time:1967643ms step_avg:392.20ms
step:5028/6200 train_loss:3.4182 train_time:1968030ms step_avg:392.19ms
step:5029/6200 train_loss:3.5059 train_time:1968425ms step_avg:392.19ms
step:5030/6200 train_loss:3.4683 train_time:1968809ms step_avg:392.19ms
step:5031/6200 train_loss:3.2902 train_time:1969202ms step_avg:392.19ms
step:5032/6200 train_loss:3.3614 train_time:1969593ms step_avg:392.19ms
step:5033/6200 train_loss:3.1601 train_time:1969982ms step_avg:392.19ms
step:5034/6200 train_loss:3.4452 train_time:1970363ms step_avg:392.19ms
step:5035/6200 train_loss:3.5046 train_time:1970751ms step_avg:392.19ms
step:5036/6200 train_loss:3.2505 train_time:1971143ms step_avg:392.19ms
step:5037/6200 train_loss:3.2724 train_time:1971532ms step_avg:392.19ms
step:5038/6200 train_loss:3.2440 train_time:1971929ms step_avg:392.19ms
step:5039/6200 train_loss:3.3469 train_time:1972314ms step_avg:392.19ms
step:5040/6200 train_loss:3.2607 train_time:1972702ms step_avg:392.19ms
step:5041/6200 train_loss:3.5435 train_time:1973096ms step_avg:392.19ms
step:5042/6200 train_loss:3.3367 train_time:1973480ms step_avg:392.19ms
step:5043/6200 train_loss:3.4366 train_time:1973867ms step_avg:392.18ms
step:5044/6200 train_loss:3.3407 train_time:1974254ms step_avg:392.18ms
step:5045/6200 train_loss:3.5568 train_time:1974656ms step_avg:392.19ms
step:5046/6200 train_loss:3.2212 train_time:1975036ms step_avg:392.18ms
step:5047/6200 train_loss:3.3448 train_time:1975427ms step_avg:392.18ms
step:5048/6200 train_loss:2.9394 train_time:1975816ms step_avg:392.18ms
step:5049/6200 train_loss:3.4340 train_time:1976207ms step_avg:392.18ms
step:5050/6200 train_loss:3.3463 train_time:1976596ms step_avg:392.18ms
step:5051/6200 train_loss:3.2682 train_time:1976981ms step_avg:392.18ms
step:5052/6200 train_loss:3.3447 train_time:1977371ms step_avg:392.18ms
step:5053/6200 train_loss:3.3142 train_time:1977760ms step_avg:392.18ms
step:5054/6200 train_loss:3.4855 train_time:1978153ms step_avg:392.18ms
step:5055/6200 train_loss:3.6205 train_time:1978551ms step_avg:392.18ms
step:5056/6200 train_loss:3.3791 train_time:1978931ms step_avg:392.18ms
step:5057/6200 train_loss:3.3289 train_time:1979327ms step_avg:392.18ms
step:5058/6200 train_loss:3.2296 train_time:1979719ms step_avg:392.18ms
step:5059/6200 train_loss:3.0034 train_time:1980096ms step_avg:392.18ms
step:5060/6200 train_loss:3.3229 train_time:1980488ms step_avg:392.18ms
step:5061/6200 train_loss:3.3532 train_time:1980879ms step_avg:392.18ms
step:5062/6200 train_loss:3.3227 train_time:1981268ms step_avg:392.17ms
step:5063/6200 train_loss:3.5523 train_time:1981656ms step_avg:392.17ms
step:5064/6200 train_loss:3.4210 train_time:1982042ms step_avg:392.17ms
step:5065/6200 train_loss:3.3934 train_time:1982435ms step_avg:392.17ms
step:5066/6200 train_loss:3.4377 train_time:1982831ms step_avg:392.17ms
step:5067/6200 train_loss:3.8966 train_time:1983220ms step_avg:392.17ms
step:5068/6200 train_loss:3.3107 train_time:1983605ms step_avg:392.17ms
step:5069/6200 train_loss:3.5894 train_time:1983996ms step_avg:392.17ms
step:5070/6200 train_loss:3.4231 train_time:1984387ms step_avg:392.17ms
step:5071/6200 train_loss:3.5358 train_time:1984776ms step_avg:392.17ms
step:5072/6200 train_loss:3.3537 train_time:1985162ms step_avg:392.17ms
step:5073/6200 train_loss:3.4698 train_time:1985574ms step_avg:392.17ms
step:5074/6200 train_loss:3.5278 train_time:1985940ms step_avg:392.17ms
step:5075/6200 train_loss:3.4183 train_time:1986331ms step_avg:392.17ms
step:5076/6200 train_loss:3.3167 train_time:1986722ms step_avg:392.17ms
step:5077/6200 train_loss:3.2590 train_time:1987111ms step_avg:392.17ms
step:5078/6200 train_loss:3.4218 train_time:1987499ms step_avg:392.17ms
step:5079/6200 train_loss:3.5865 train_time:1987892ms step_avg:392.17ms
step:5080/6200 train_loss:3.5203 train_time:1988278ms step_avg:392.17ms
step:5081/6200 train_loss:3.3756 train_time:1988698ms step_avg:392.17ms
step:5082/6200 train_loss:3.4504 train_time:1989055ms step_avg:392.16ms
step:5083/6200 train_loss:3.2311 train_time:1989444ms step_avg:392.16ms
step:5084/6200 train_loss:3.3167 train_time:1989832ms step_avg:392.16ms
step:5085/6200 train_loss:3.2364 train_time:1990224ms step_avg:392.16ms
step:5086/6200 train_loss:3.5192 train_time:1990610ms step_avg:392.16ms
step:5087/6200 train_loss:3.4167 train_time:1991000ms step_avg:392.16ms
step:5088/6200 train_loss:3.3151 train_time:1991391ms step_avg:392.16ms
step:5089/6200 train_loss:3.3649 train_time:1991777ms step_avg:392.16ms
step:5090/6200 train_loss:3.4589 train_time:1992166ms step_avg:392.16ms
step:5091/6200 train_loss:3.3999 train_time:1992554ms step_avg:392.16ms
step:5092/6200 train_loss:3.3798 train_time:1992945ms step_avg:392.16ms
step:5093/6200 train_loss:3.1861 train_time:1993343ms step_avg:392.16ms
step:5094/6200 train_loss:3.3252 train_time:1993726ms step_avg:392.16ms
step:5095/6200 train_loss:3.3855 train_time:1994115ms step_avg:392.16ms
step:5096/6200 train_loss:3.3638 train_time:1994507ms step_avg:392.16ms
step:5097/6200 train_loss:3.3259 train_time:1994895ms step_avg:392.16ms
step:5098/6200 train_loss:3.4701 train_time:1995286ms step_avg:392.16ms
step:5099/6200 train_loss:3.3969 train_time:1995671ms step_avg:392.15ms
step:5100/6200 train_loss:3.2864 train_time:1996059ms step_avg:392.15ms
step:5101/6200 train_loss:3.3160 train_time:1996448ms step_avg:392.15ms
step:5102/6200 train_loss:3.1793 train_time:1996841ms step_avg:392.15ms
step:5103/6200 train_loss:3.3066 train_time:1997225ms step_avg:392.15ms
step:5104/6200 train_loss:3.3937 train_time:1997839ms step_avg:392.19ms
step:5105/6200 train_loss:3.3557 train_time:1998231ms step_avg:392.19ms
step:5106/6200 train_loss:3.2532 train_time:1998620ms step_avg:392.19ms
step:5107/6200 train_loss:3.3739 train_time:1999008ms step_avg:392.19ms
step:5108/6200 train_loss:3.4377 train_time:1999395ms step_avg:392.19ms
step:5109/6200 train_loss:3.4170 train_time:1999787ms step_avg:392.19ms
step:5110/6200 train_loss:3.4142 train_time:2000174ms step_avg:392.19ms
step:5111/6200 train_loss:3.4758 train_time:2000564ms step_avg:392.19ms
step:5112/6200 train_loss:3.2337 train_time:2000951ms step_avg:392.19ms
step:5113/6200 train_loss:3.4755 train_time:2001341ms step_avg:392.19ms
step:5114/6200 train_loss:3.2266 train_time:2001730ms step_avg:392.19ms
step:5115/6200 train_loss:3.3119 train_time:2002136ms step_avg:392.19ms
step:5116/6200 train_loss:3.1619 train_time:2002518ms step_avg:392.19ms
step:5117/6200 train_loss:3.4303 train_time:2002906ms step_avg:392.19ms
step:5118/6200 train_loss:3.4486 train_time:2003294ms step_avg:392.19ms
step:5119/6200 train_loss:3.3868 train_time:2003682ms step_avg:392.19ms
step:5120/6200 train_loss:3.4372 train_time:2004071ms step_avg:392.19ms
step:5121/6200 train_loss:3.7697 train_time:2004466ms step_avg:392.19ms
step:5122/6200 train_loss:3.3171 train_time:2004854ms step_avg:392.19ms
step:5123/6200 train_loss:3.4929 train_time:2005245ms step_avg:392.19ms
step:5124/6200 train_loss:3.3237 train_time:2005631ms step_avg:392.18ms
step:5125/6200 train_loss:3.4558 train_time:2006021ms step_avg:392.18ms
step:5125/6200 val_loss:3.3482 train_time:2006256ms step_avg:392.23ms
step:5126/6200 train_loss:3.3153 train_time:2006420ms step_avg:392.19ms
step:5127/6200 train_loss:3.2741 train_time:2006811ms step_avg:392.19ms
step:5128/6200 train_loss:3.5128 train_time:2007200ms step_avg:392.18ms
step:5129/6200 train_loss:3.2556 train_time:2007589ms step_avg:392.18ms
step:5130/6200 train_loss:3.4492 train_time:2008200ms step_avg:392.23ms
step:5131/6200 train_loss:3.3601 train_time:2009162ms step_avg:392.34ms
step:5132/6200 train_loss:3.2777 train_time:2009550ms step_avg:392.34ms
step:5133/6200 train_loss:3.1952 train_time:2009941ms step_avg:392.34ms
step:5134/6200 train_loss:3.3439 train_time:2010331ms step_avg:392.34ms
step:5135/6200 train_loss:3.3626 train_time:2010722ms step_avg:392.34ms
step:5136/6200 train_loss:3.3236 train_time:2011112ms step_avg:392.34ms
step:5137/6200 train_loss:3.3179 train_time:2011503ms step_avg:392.34ms
step:5138/6200 train_loss:3.4716 train_time:2011894ms step_avg:392.34ms
step:5139/6200 train_loss:3.3128 train_time:2012283ms step_avg:392.33ms
step:5140/6200 train_loss:3.4350 train_time:2012674ms step_avg:392.33ms
step:5141/6200 train_loss:3.2413 train_time:2013063ms step_avg:392.33ms
step:5142/6200 train_loss:3.3109 train_time:2013453ms step_avg:392.33ms
step:5143/6200 train_loss:3.2267 train_time:2013843ms step_avg:392.33ms
step:5144/6200 train_loss:3.5579 train_time:2014238ms step_avg:392.33ms
step:5145/6200 train_loss:3.5249 train_time:2014630ms step_avg:392.33ms
step:5146/6200 train_loss:3.2152 train_time:2015017ms step_avg:392.33ms
step:5147/6200 train_loss:3.2591 train_time:2015408ms step_avg:392.33ms
step:5148/6200 train_loss:3.3239 train_time:2015800ms step_avg:392.33ms
step:5149/6200 train_loss:3.7637 train_time:2016185ms step_avg:392.33ms
step:5150/6200 train_loss:3.2026 train_time:2016579ms step_avg:392.33ms
step:5151/6200 train_loss:4.6408 train_time:2016967ms step_avg:392.33ms
step:5152/6200 train_loss:3.5913 train_time:2017356ms step_avg:392.33ms
step:5153/6200 train_loss:3.3656 train_time:2017747ms step_avg:392.33ms
step:5154/6200 train_loss:3.5013 train_time:2018136ms step_avg:392.33ms
step:5155/6200 train_loss:3.3669 train_time:2018525ms step_avg:392.33ms
step:5156/6200 train_loss:3.2957 train_time:2018914ms step_avg:392.33ms
step:5157/6200 train_loss:3.3314 train_time:2019302ms step_avg:392.33ms
step:5158/6200 train_loss:3.3963 train_time:2019694ms step_avg:392.33ms
step:5159/6200 train_loss:3.5083 train_time:2020081ms step_avg:392.32ms
step:5160/6200 train_loss:3.4388 train_time:2020472ms step_avg:392.32ms
step:5161/6200 train_loss:3.1679 train_time:2020864ms step_avg:392.32ms
step:5162/6200 train_loss:3.4148 train_time:2021257ms step_avg:392.32ms
step:5163/6200 train_loss:3.2185 train_time:2021641ms step_avg:392.32ms
step:5164/6200 train_loss:3.6873 train_time:2022031ms step_avg:392.32ms
step:5165/6200 train_loss:3.4437 train_time:2022422ms step_avg:392.32ms
step:5166/6200 train_loss:3.2960 train_time:2022811ms step_avg:392.32ms
step:5167/6200 train_loss:3.5393 train_time:2023198ms step_avg:392.32ms
step:5168/6200 train_loss:3.2649 train_time:2023588ms step_avg:392.32ms
step:5169/6200 train_loss:3.3726 train_time:2023978ms step_avg:392.32ms
step:5170/6200 train_loss:3.2514 train_time:2024363ms step_avg:392.32ms
step:5171/6200 train_loss:3.2955 train_time:2024759ms step_avg:392.32ms
step:5172/6200 train_loss:3.4827 train_time:2025150ms step_avg:392.32ms
step:5173/6200 train_loss:3.3724 train_time:2025543ms step_avg:392.32ms
step:5174/6200 train_loss:3.3588 train_time:2025929ms step_avg:392.32ms
step:5175/6200 train_loss:3.3829 train_time:2026319ms step_avg:392.32ms
step:5176/6200 train_loss:3.3855 train_time:2026714ms step_avg:392.32ms
step:5177/6200 train_loss:3.4033 train_time:2027093ms step_avg:392.32ms
step:5178/6200 train_loss:3.2167 train_time:2027495ms step_avg:392.32ms
step:5179/6200 train_loss:3.3316 train_time:2027873ms step_avg:392.31ms
step:5180/6200 train_loss:3.4356 train_time:2028263ms step_avg:392.31ms
step:5181/6200 train_loss:3.3186 train_time:2028654ms step_avg:392.31ms
step:5182/6200 train_loss:3.3038 train_time:2029042ms step_avg:392.31ms
step:5183/6200 train_loss:3.3769 train_time:2029429ms step_avg:392.31ms
step:5184/6200 train_loss:3.2895 train_time:2029817ms step_avg:392.31ms
step:5185/6200 train_loss:3.4152 train_time:2030208ms step_avg:392.31ms
step:5186/6200 train_loss:3.4104 train_time:2030597ms step_avg:392.31ms
step:5187/6200 train_loss:3.2662 train_time:2030996ms step_avg:392.31ms
step:5188/6200 train_loss:3.3451 train_time:2031377ms step_avg:392.31ms
step:5189/6200 train_loss:3.6136 train_time:2031767ms step_avg:392.31ms
step:5190/6200 train_loss:3.1148 train_time:2032155ms step_avg:392.31ms
step:5191/6200 train_loss:3.3151 train_time:2032544ms step_avg:392.31ms
step:5192/6200 train_loss:3.4591 train_time:2032942ms step_avg:392.31ms
step:5193/6200 train_loss:3.3641 train_time:2033326ms step_avg:392.31ms
step:5194/6200 train_loss:3.2605 train_time:2033716ms step_avg:392.31ms
step:5195/6200 train_loss:3.3992 train_time:2034105ms step_avg:392.31ms
step:5196/6200 train_loss:3.3768 train_time:2034494ms step_avg:392.31ms
step:5197/6200 train_loss:3.4358 train_time:2034883ms step_avg:392.30ms
step:5198/6200 train_loss:3.6916 train_time:2035273ms step_avg:392.30ms
step:5199/6200 train_loss:3.3743 train_time:2035666ms step_avg:392.30ms
step:5200/6200 train_loss:3.3187 train_time:2036055ms step_avg:392.30ms
step:5201/6200 train_loss:3.3253 train_time:2036444ms step_avg:392.30ms
step:5202/6200 train_loss:3.2687 train_time:2036834ms step_avg:392.30ms
step:5203/6200 train_loss:3.0615 train_time:2037223ms step_avg:392.30ms
step:5204/6200 train_loss:3.4437 train_time:2037613ms step_avg:392.30ms
step:5205/6200 train_loss:3.0896 train_time:2038009ms step_avg:392.30ms
step:5206/6200 train_loss:3.1784 train_time:2038392ms step_avg:392.30ms
step:5207/6200 train_loss:3.4418 train_time:2038783ms step_avg:392.30ms
step:5208/6200 train_loss:3.2446 train_time:2039176ms step_avg:392.30ms
step:5209/6200 train_loss:3.3309 train_time:2039569ms step_avg:392.30ms
step:5210/6200 train_loss:3.3405 train_time:2039956ms step_avg:392.30ms
step:5211/6200 train_loss:3.3778 train_time:2040347ms step_avg:392.30ms
step:5212/6200 train_loss:3.4260 train_time:2040733ms step_avg:392.30ms
step:5213/6200 train_loss:3.1911 train_time:2041120ms step_avg:392.30ms
step:5214/6200 train_loss:3.4548 train_time:2041510ms step_avg:392.30ms
step:5215/6200 train_loss:3.2050 train_time:2041907ms step_avg:392.30ms
step:5216/6200 train_loss:3.5484 train_time:2042292ms step_avg:392.30ms
step:5217/6200 train_loss:3.3669 train_time:2042679ms step_avg:392.29ms
step:5218/6200 train_loss:3.4672 train_time:2043074ms step_avg:392.30ms
step:5219/6200 train_loss:3.4161 train_time:2043457ms step_avg:392.29ms
step:5220/6200 train_loss:3.3158 train_time:2043845ms step_avg:392.29ms
step:5221/6200 train_loss:3.4763 train_time:2044239ms step_avg:392.29ms
step:5222/6200 train_loss:3.1836 train_time:2044626ms step_avg:392.29ms
step:5223/6200 train_loss:3.2312 train_time:2045019ms step_avg:392.29ms
step:5224/6200 train_loss:3.3481 train_time:2045406ms step_avg:392.29ms
step:5225/6200 train_loss:3.4360 train_time:2045798ms step_avg:392.29ms
step:5226/6200 train_loss:3.3362 train_time:2046184ms step_avg:392.29ms
step:5227/6200 train_loss:3.2625 train_time:2046577ms step_avg:392.29ms
step:5228/6200 train_loss:3.3360 train_time:2046966ms step_avg:392.29ms
step:5229/6200 train_loss:3.1786 train_time:2047352ms step_avg:392.29ms
step:5230/6200 train_loss:3.4064 train_time:2047741ms step_avg:392.29ms
step:5231/6200 train_loss:3.3556 train_time:2048137ms step_avg:392.29ms
step:5232/6200 train_loss:3.3047 train_time:2048523ms step_avg:392.29ms
step:5233/6200 train_loss:3.3384 train_time:2048924ms step_avg:392.29ms
step:5234/6200 train_loss:3.2975 train_time:2049300ms step_avg:392.29ms
step:5235/6200 train_loss:3.5678 train_time:2049694ms step_avg:392.29ms
step:5236/6200 train_loss:3.4381 train_time:2050090ms step_avg:392.29ms
step:5237/6200 train_loss:3.2840 train_time:2050467ms step_avg:392.28ms
step:5238/6200 train_loss:3.2119 train_time:2050856ms step_avg:392.28ms
step:5239/6200 train_loss:3.5451 train_time:2051245ms step_avg:392.28ms
step:5240/6200 train_loss:3.2741 train_time:2051637ms step_avg:392.28ms
step:5241/6200 train_loss:3.4771 train_time:2052026ms step_avg:392.28ms
step:5242/6200 train_loss:3.2800 train_time:2052415ms step_avg:392.28ms
step:5243/6200 train_loss:3.3305 train_time:2052816ms step_avg:392.28ms
step:5244/6200 train_loss:3.3712 train_time:2053205ms step_avg:392.28ms
step:5245/6200 train_loss:3.3546 train_time:2053595ms step_avg:392.28ms
step:5246/6200 train_loss:3.3431 train_time:2053983ms step_avg:392.28ms
step:5247/6200 train_loss:3.3258 train_time:2054378ms step_avg:392.28ms
step:5248/6200 train_loss:3.1075 train_time:2054777ms step_avg:392.28ms
step:5249/6200 train_loss:3.6792 train_time:2055157ms step_avg:392.28ms
step:5250/6200 train_loss:3.1475 train_time:2055540ms step_avg:392.28ms
step:5250/6200 val_loss:3.3372 train_time:2055762ms step_avg:392.32ms
step:5251/6200 train_loss:3.3967 train_time:2055929ms step_avg:392.28ms
step:5252/6200 train_loss:3.2531 train_time:2056319ms step_avg:392.28ms
step:5253/6200 train_loss:3.4393 train_time:2056705ms step_avg:392.28ms
step:5254/6200 train_loss:3.3588 train_time:2057094ms step_avg:392.28ms
step:5255/6200 train_loss:3.1928 train_time:2057483ms step_avg:392.28ms
step:5256/6200 train_loss:3.2975 train_time:2057871ms step_avg:392.27ms
step:5257/6200 train_loss:3.3213 train_time:2058260ms step_avg:392.27ms
step:5258/6200 train_loss:3.2605 train_time:2058653ms step_avg:392.27ms
step:5259/6200 train_loss:3.2977 train_time:2059038ms step_avg:392.27ms
step:5260/6200 train_loss:3.2469 train_time:2059445ms step_avg:392.28ms
step:5261/6200 train_loss:3.4174 train_time:2059817ms step_avg:392.27ms
step:5262/6200 train_loss:3.2878 train_time:2060212ms step_avg:392.27ms
step:5263/6200 train_loss:3.1342 train_time:2060601ms step_avg:392.27ms
step:5264/6200 train_loss:3.4030 train_time:2060988ms step_avg:392.27ms
step:5265/6200 train_loss:3.2614 train_time:2061380ms step_avg:392.27ms
step:5266/6200 train_loss:3.4106 train_time:2061765ms step_avg:392.27ms
step:5267/6200 train_loss:3.2178 train_time:2062161ms step_avg:392.27ms
step:5268/6200 train_loss:3.2713 train_time:2062548ms step_avg:392.27ms
step:5269/6200 train_loss:3.3678 train_time:2062934ms step_avg:392.27ms
step:5270/6200 train_loss:3.2152 train_time:2063324ms step_avg:392.27ms
step:5271/6200 train_loss:3.3876 train_time:2063713ms step_avg:392.27ms
step:5272/6200 train_loss:3.4066 train_time:2064103ms step_avg:392.27ms
step:5273/6200 train_loss:3.2653 train_time:2064489ms step_avg:392.26ms
step:5274/6200 train_loss:3.1517 train_time:2064879ms step_avg:392.26ms
step:5275/6200 train_loss:3.4476 train_time:2065273ms step_avg:392.26ms
step:5276/6200 train_loss:3.5063 train_time:2065663ms step_avg:392.26ms
step:5277/6200 train_loss:3.3550 train_time:2066056ms step_avg:392.26ms
step:5278/6200 train_loss:3.3990 train_time:2066450ms step_avg:392.26ms
step:5279/6200 train_loss:3.4721 train_time:2066840ms step_avg:392.26ms
step:5280/6200 train_loss:3.6840 train_time:2067222ms step_avg:392.26ms
step:5281/6200 train_loss:3.2894 train_time:2067624ms step_avg:392.26ms
step:5282/6200 train_loss:3.1769 train_time:2068005ms step_avg:392.26ms
step:5283/6200 train_loss:3.2683 train_time:2068394ms step_avg:392.26ms
step:5284/6200 train_loss:3.3262 train_time:2068784ms step_avg:392.26ms
step:5285/6200 train_loss:3.4862 train_time:2069171ms step_avg:392.26ms
step:5286/6200 train_loss:3.2601 train_time:2069563ms step_avg:392.26ms
step:5287/6200 train_loss:3.2357 train_time:2069952ms step_avg:392.26ms
step:5288/6200 train_loss:3.2938 train_time:2070342ms step_avg:392.26ms
step:5289/6200 train_loss:3.2260 train_time:2070730ms step_avg:392.26ms
step:5290/6200 train_loss:3.4147 train_time:2071121ms step_avg:392.26ms
step:5291/6200 train_loss:3.4322 train_time:2071512ms step_avg:392.26ms
step:5292/6200 train_loss:3.2692 train_time:2071901ms step_avg:392.26ms
step:5293/6200 train_loss:3.7056 train_time:2072300ms step_avg:392.26ms
step:5294/6200 train_loss:3.4550 train_time:2072688ms step_avg:392.26ms
step:5295/6200 train_loss:3.5346 train_time:2073078ms step_avg:392.26ms
step:5296/6200 train_loss:3.2815 train_time:2073469ms step_avg:392.26ms
step:5297/6200 train_loss:3.3385 train_time:2073860ms step_avg:392.26ms
step:5298/6200 train_loss:3.2897 train_time:2074247ms step_avg:392.26ms
step:5299/6200 train_loss:3.2785 train_time:2074652ms step_avg:392.26ms
step:5300/6200 train_loss:3.3796 train_time:2075025ms step_avg:392.25ms
step:5301/6200 train_loss:3.1649 train_time:2075418ms step_avg:392.25ms
step:5302/6200 train_loss:3.1872 train_time:2075804ms step_avg:392.25ms
step:5303/6200 train_loss:3.5246 train_time:2076195ms step_avg:392.25ms
step:5304/6200 train_loss:3.2611 train_time:2076585ms step_avg:392.25ms
step:5305/6200 train_loss:3.3429 train_time:2076979ms step_avg:392.25ms
step:5306/6200 train_loss:3.4194 train_time:2077366ms step_avg:392.25ms
step:5307/6200 train_loss:3.2588 train_time:2077751ms step_avg:392.25ms
step:5308/6200 train_loss:3.4134 train_time:2078139ms step_avg:392.25ms
step:5309/6200 train_loss:3.0597 train_time:2078527ms step_avg:392.25ms
step:5310/6200 train_loss:3.3461 train_time:2078915ms step_avg:392.25ms
step:5311/6200 train_loss:3.1897 train_time:2079313ms step_avg:392.25ms
step:5312/6200 train_loss:3.6021 train_time:2079699ms step_avg:392.25ms
step:5313/6200 train_loss:3.4061 train_time:2080089ms step_avg:392.25ms
step:5314/6200 train_loss:3.3411 train_time:2080477ms step_avg:392.25ms
step:5315/6200 train_loss:3.3544 train_time:2080879ms step_avg:392.25ms
step:5316/6200 train_loss:3.3113 train_time:2081257ms step_avg:392.25ms
step:5317/6200 train_loss:3.3586 train_time:2081647ms step_avg:392.25ms
step:5318/6200 train_loss:3.5005 train_time:2082040ms step_avg:392.25ms
step:5319/6200 train_loss:3.4804 train_time:2082435ms step_avg:392.25ms
step:5320/6200 train_loss:3.3749 train_time:2083221ms step_avg:392.32ms
step:5321/6200 train_loss:3.2839 train_time:2083594ms step_avg:392.32ms
step:5322/6200 train_loss:3.1171 train_time:2083979ms step_avg:392.32ms
step:5323/6200 train_loss:3.7112 train_time:2084369ms step_avg:392.31ms
step:5324/6200 train_loss:3.1243 train_time:2084758ms step_avg:392.31ms
step:5325/6200 train_loss:3.0944 train_time:2085181ms step_avg:392.32ms
step:5326/6200 train_loss:3.4742 train_time:2085542ms step_avg:392.31ms
step:5327/6200 train_loss:3.2488 train_time:2085931ms step_avg:392.31ms
step:5328/6200 train_loss:3.2204 train_time:2086321ms step_avg:392.31ms
step:5329/6200 train_loss:3.2035 train_time:2086712ms step_avg:392.31ms
step:5330/6200 train_loss:3.4148 train_time:2087096ms step_avg:392.31ms
step:5331/6200 train_loss:3.2877 train_time:2087484ms step_avg:392.31ms
step:5332/6200 train_loss:3.2341 train_time:2087871ms step_avg:392.31ms
step:5333/6200 train_loss:3.4872 train_time:2088264ms step_avg:392.31ms
step:5334/6200 train_loss:3.3513 train_time:2088681ms step_avg:392.31ms
step:5335/6200 train_loss:4.4765 train_time:2089057ms step_avg:392.31ms
step:5336/6200 train_loss:3.3104 train_time:2089437ms step_avg:392.31ms
step:5337/6200 train_loss:3.4975 train_time:2089821ms step_avg:392.31ms
step:5338/6200 train_loss:3.3457 train_time:2090211ms step_avg:392.31ms
step:5339/6200 train_loss:3.3102 train_time:2090601ms step_avg:392.31ms
step:5340/6200 train_loss:3.2443 train_time:2090998ms step_avg:392.31ms
step:5341/6200 train_loss:3.2607 train_time:2091379ms step_avg:392.31ms
step:5342/6200 train_loss:3.3380 train_time:2091769ms step_avg:392.30ms
step:5343/6200 train_loss:3.3967 train_time:2092159ms step_avg:392.30ms
step:5344/6200 train_loss:3.2519 train_time:2092546ms step_avg:392.30ms
step:5345/6200 train_loss:3.4774 train_time:2092944ms step_avg:392.30ms
step:5346/6200 train_loss:3.4073 train_time:2093326ms step_avg:392.30ms
step:5347/6200 train_loss:3.3187 train_time:2093715ms step_avg:392.30ms
step:5348/6200 train_loss:3.3371 train_time:2094121ms step_avg:392.30ms
step:5349/6200 train_loss:3.2531 train_time:2094511ms step_avg:392.30ms
step:5350/6200 train_loss:3.4413 train_time:2094882ms step_avg:392.30ms
step:5351/6200 train_loss:3.1860 train_time:2095269ms step_avg:392.30ms
step:5352/6200 train_loss:3.4209 train_time:2095659ms step_avg:392.30ms
step:5353/6200 train_loss:3.4462 train_time:2096046ms step_avg:392.30ms
step:5354/6200 train_loss:3.3257 train_time:2096438ms step_avg:392.30ms
step:5355/6200 train_loss:3.2422 train_time:2096829ms step_avg:392.30ms
step:5356/6200 train_loss:3.2415 train_time:2097220ms step_avg:392.30ms
step:5357/6200 train_loss:3.2305 train_time:2097606ms step_avg:392.30ms
step:5358/6200 train_loss:3.4136 train_time:2097993ms step_avg:392.29ms
step:5359/6200 train_loss:3.1784 train_time:2098384ms step_avg:392.29ms
step:5360/6200 train_loss:3.4000 train_time:2098776ms step_avg:392.29ms
step:5361/6200 train_loss:2.7482 train_time:2099166ms step_avg:392.29ms
step:5362/6200 train_loss:3.2686 train_time:2099553ms step_avg:392.29ms
step:5363/6200 train_loss:3.3788 train_time:2099942ms step_avg:392.29ms
step:5364/6200 train_loss:3.4819 train_time:2100329ms step_avg:392.29ms
step:5365/6200 train_loss:3.2717 train_time:2100725ms step_avg:392.29ms
step:5366/6200 train_loss:3.0577 train_time:2101121ms step_avg:392.29ms
step:5367/6200 train_loss:3.6702 train_time:2101510ms step_avg:392.29ms
step:5368/6200 train_loss:3.3971 train_time:2101901ms step_avg:392.29ms
step:5369/6200 train_loss:3.3461 train_time:2102276ms step_avg:392.29ms
step:5370/6200 train_loss:3.3992 train_time:2102681ms step_avg:392.29ms
step:5371/6200 train_loss:3.0834 train_time:2103054ms step_avg:392.29ms
step:5372/6200 train_loss:3.2329 train_time:2103453ms step_avg:392.29ms
step:5373/6200 train_loss:3.4444 train_time:2103841ms step_avg:392.29ms
step:5374/6200 train_loss:3.2814 train_time:2104229ms step_avg:392.29ms
step:5375/6200 train_loss:3.4403 train_time:2104615ms step_avg:392.29ms
step:5375/6200 val_loss:3.3275 train_time:2104845ms step_avg:392.33ms
step:5376/6200 train_loss:3.2209 train_time:2105011ms step_avg:392.29ms
step:5377/6200 train_loss:3.4147 train_time:2105397ms step_avg:392.29ms
step:5378/6200 train_loss:3.3194 train_time:2105790ms step_avg:392.29ms
step:5379/6200 train_loss:3.2680 train_time:2106184ms step_avg:392.29ms
step:5380/6200 train_loss:3.2946 train_time:2106563ms step_avg:392.28ms
step:5381/6200 train_loss:3.2883 train_time:2106951ms step_avg:392.28ms
step:5382/6200 train_loss:3.3168 train_time:2107340ms step_avg:392.28ms
step:5383/6200 train_loss:3.6741 train_time:2107727ms step_avg:392.28ms
step:5384/6200 train_loss:3.0852 train_time:2108118ms step_avg:392.28ms
step:5385/6200 train_loss:3.3775 train_time:2108511ms step_avg:392.28ms
step:5386/6200 train_loss:3.2940 train_time:2108897ms step_avg:392.28ms
step:5387/6200 train_loss:3.3394 train_time:2109286ms step_avg:392.28ms
step:5388/6200 train_loss:3.2999 train_time:2109677ms step_avg:392.28ms
step:5389/6200 train_loss:3.3222 train_time:2110067ms step_avg:392.28ms
step:5390/6200 train_loss:3.3722 train_time:2110453ms step_avg:392.28ms
step:5391/6200 train_loss:3.2422 train_time:2110844ms step_avg:392.28ms
step:5392/6200 train_loss:3.2331 train_time:2111233ms step_avg:392.28ms
step:5393/6200 train_loss:3.3247 train_time:2111624ms step_avg:392.28ms
step:5394/6200 train_loss:3.3557 train_time:2112010ms step_avg:392.28ms
step:5395/6200 train_loss:3.4131 train_time:2112401ms step_avg:392.27ms
step:5396/6200 train_loss:3.7141 train_time:2112790ms step_avg:392.27ms
step:5397/6200 train_loss:3.3551 train_time:2113180ms step_avg:392.27ms
step:5398/6200 train_loss:3.3283 train_time:2113567ms step_avg:392.27ms
step:5399/6200 train_loss:3.1226 train_time:2113956ms step_avg:392.27ms
step:5400/6200 train_loss:3.6647 train_time:2114349ms step_avg:392.27ms
step:5401/6200 train_loss:3.5387 train_time:2114740ms step_avg:392.27ms
step:5402/6200 train_loss:3.3579 train_time:2115132ms step_avg:392.27ms
step:5403/6200 train_loss:3.3545 train_time:2115515ms step_avg:392.27ms
step:5404/6200 train_loss:3.3745 train_time:2115905ms step_avg:392.27ms
step:5405/6200 train_loss:3.4050 train_time:2116295ms step_avg:392.27ms
step:5406/6200 train_loss:3.3901 train_time:2116684ms step_avg:392.27ms
step:5407/6200 train_loss:2.7624 train_time:2117072ms step_avg:392.27ms
step:5408/6200 train_loss:3.3134 train_time:2117460ms step_avg:392.27ms
step:5409/6200 train_loss:3.2743 train_time:2117848ms step_avg:392.27ms
step:5410/6200 train_loss:3.2706 train_time:2118241ms step_avg:392.27ms
step:5411/6200 train_loss:3.2653 train_time:2118642ms step_avg:392.27ms
step:5412/6200 train_loss:3.3209 train_time:2119032ms step_avg:392.27ms
step:5413/6200 train_loss:3.2805 train_time:2119421ms step_avg:392.27ms
step:5414/6200 train_loss:3.4801 train_time:2119808ms step_avg:392.27ms
step:5415/6200 train_loss:3.3740 train_time:2120197ms step_avg:392.27ms
step:5416/6200 train_loss:3.3165 train_time:2120587ms step_avg:392.27ms
step:5417/6200 train_loss:3.3132 train_time:2120974ms step_avg:392.26ms
step:5418/6200 train_loss:3.4354 train_time:2121363ms step_avg:392.26ms
step:5419/6200 train_loss:3.1567 train_time:2121752ms step_avg:392.26ms
step:5420/6200 train_loss:3.5886 train_time:2122143ms step_avg:392.26ms
step:5421/6200 train_loss:3.1770 train_time:2122536ms step_avg:392.26ms
step:5422/6200 train_loss:3.3612 train_time:2122925ms step_avg:392.26ms
step:5423/6200 train_loss:3.2456 train_time:2123318ms step_avg:392.26ms
step:5424/6200 train_loss:3.0483 train_time:2123720ms step_avg:392.26ms
step:5425/6200 train_loss:3.4111 train_time:2124094ms step_avg:392.26ms
step:5426/6200 train_loss:3.3304 train_time:2124484ms step_avg:392.26ms
step:5427/6200 train_loss:3.2691 train_time:2124903ms step_avg:392.27ms
step:5428/6200 train_loss:3.4230 train_time:2125267ms step_avg:392.26ms
step:5429/6200 train_loss:3.3356 train_time:2125654ms step_avg:392.26ms
step:5430/6200 train_loss:3.3872 train_time:2126042ms step_avg:392.26ms
step:5431/6200 train_loss:3.3119 train_time:2126429ms step_avg:392.26ms
step:5432/6200 train_loss:3.3706 train_time:2126820ms step_avg:392.26ms
step:5433/6200 train_loss:3.2910 train_time:2127208ms step_avg:392.26ms
step:5434/6200 train_loss:3.5015 train_time:2127601ms step_avg:392.26ms
step:5435/6200 train_loss:3.2787 train_time:2127989ms step_avg:392.26ms
step:5436/6200 train_loss:3.3217 train_time:2128380ms step_avg:392.26ms
step:5437/6200 train_loss:3.2954 train_time:2128767ms step_avg:392.25ms
step:5438/6200 train_loss:3.4343 train_time:2129164ms step_avg:392.26ms
step:5439/6200 train_loss:3.3827 train_time:2129547ms step_avg:392.25ms
step:5440/6200 train_loss:3.3576 train_time:2129935ms step_avg:392.25ms
step:5441/6200 train_loss:3.2321 train_time:2130325ms step_avg:392.25ms
step:5442/6200 train_loss:3.4186 train_time:2130715ms step_avg:392.25ms
step:5443/6200 train_loss:3.0813 train_time:2131103ms step_avg:392.25ms
step:5444/6200 train_loss:3.2551 train_time:2131496ms step_avg:392.25ms
step:5445/6200 train_loss:3.2441 train_time:2131888ms step_avg:392.25ms
step:5446/6200 train_loss:3.2432 train_time:2132275ms step_avg:392.25ms
step:5447/6200 train_loss:3.3800 train_time:2132664ms step_avg:392.25ms
step:5448/6200 train_loss:3.2728 train_time:2133054ms step_avg:392.25ms
step:5449/6200 train_loss:3.3800 train_time:2133444ms step_avg:392.25ms
step:5450/6200 train_loss:3.3665 train_time:2133833ms step_avg:392.25ms
step:5451/6200 train_loss:3.2559 train_time:2134225ms step_avg:392.25ms
step:5452/6200 train_loss:3.3466 train_time:2134622ms step_avg:392.25ms
step:5453/6200 train_loss:3.1627 train_time:2135003ms step_avg:392.25ms
step:5454/6200 train_loss:3.5821 train_time:2135396ms step_avg:392.25ms
step:5455/6200 train_loss:3.2501 train_time:2135784ms step_avg:392.25ms
step:5456/6200 train_loss:3.0775 train_time:2136170ms step_avg:392.25ms
step:5457/6200 train_loss:3.2577 train_time:2136564ms step_avg:392.25ms
step:5458/6200 train_loss:3.4366 train_time:2136950ms step_avg:392.24ms
step:5459/6200 train_loss:3.3161 train_time:2137344ms step_avg:392.25ms
step:5460/6200 train_loss:3.3845 train_time:2137731ms step_avg:392.24ms
step:5461/6200 train_loss:3.1813 train_time:2138125ms step_avg:392.24ms
step:5462/6200 train_loss:4.7640 train_time:2138513ms step_avg:392.24ms
step:5463/6200 train_loss:3.2339 train_time:2138906ms step_avg:392.24ms
step:5464/6200 train_loss:3.3047 train_time:2139295ms step_avg:392.24ms
step:5465/6200 train_loss:3.3547 train_time:2139685ms step_avg:392.24ms
step:5466/6200 train_loss:3.3710 train_time:2140082ms step_avg:392.24ms
step:5467/6200 train_loss:3.3287 train_time:2140466ms step_avg:392.24ms
step:5468/6200 train_loss:3.1422 train_time:2140856ms step_avg:392.24ms
step:5469/6200 train_loss:3.1482 train_time:2141243ms step_avg:392.24ms
step:5470/6200 train_loss:3.0185 train_time:2141632ms step_avg:392.24ms
step:5471/6200 train_loss:3.2646 train_time:2142018ms step_avg:392.24ms
step:5472/6200 train_loss:3.4065 train_time:2142411ms step_avg:392.24ms
step:5473/6200 train_loss:3.2583 train_time:2142797ms step_avg:392.24ms
step:5474/6200 train_loss:3.4453 train_time:2143209ms step_avg:392.24ms
step:5475/6200 train_loss:3.5777 train_time:2143575ms step_avg:392.24ms
step:5476/6200 train_loss:3.3039 train_time:2143962ms step_avg:392.24ms
step:5477/6200 train_loss:3.3824 train_time:2144354ms step_avg:392.24ms
step:5478/6200 train_loss:3.3378 train_time:2144741ms step_avg:392.23ms
step:5479/6200 train_loss:3.2557 train_time:2145130ms step_avg:392.23ms
step:5480/6200 train_loss:3.3387 train_time:2145516ms step_avg:392.23ms
step:5481/6200 train_loss:3.3510 train_time:2145909ms step_avg:392.23ms
step:5482/6200 train_loss:3.5507 train_time:2146295ms step_avg:392.23ms
step:5483/6200 train_loss:3.3057 train_time:2146688ms step_avg:392.23ms
step:5484/6200 train_loss:3.4245 train_time:2147081ms step_avg:392.23ms
step:5485/6200 train_loss:3.2992 train_time:2147464ms step_avg:392.23ms
step:5486/6200 train_loss:3.3664 train_time:2147855ms step_avg:392.23ms
step:5487/6200 train_loss:3.5109 train_time:2148248ms step_avg:392.23ms
step:5488/6200 train_loss:3.3223 train_time:2148634ms step_avg:392.23ms
step:5489/6200 train_loss:3.5444 train_time:2149024ms step_avg:392.23ms
step:5490/6200 train_loss:3.1777 train_time:2149411ms step_avg:392.23ms
step:5491/6200 train_loss:3.4488 train_time:2149803ms step_avg:392.23ms
step:5492/6200 train_loss:3.3864 train_time:2150194ms step_avg:392.23ms
step:5493/6200 train_loss:3.1502 train_time:2150581ms step_avg:392.23ms
step:5494/6200 train_loss:3.3848 train_time:2150970ms step_avg:392.23ms
step:5495/6200 train_loss:3.2956 train_time:2151364ms step_avg:392.23ms
step:5496/6200 train_loss:3.2398 train_time:2151750ms step_avg:392.23ms
step:5497/6200 train_loss:3.3127 train_time:2152140ms step_avg:392.23ms
step:5498/6200 train_loss:3.2572 train_time:2152532ms step_avg:392.23ms
step:5499/6200 train_loss:3.3431 train_time:2152922ms step_avg:392.22ms
step:5500/6200 train_loss:3.3426 train_time:2153310ms step_avg:392.22ms
step:5500/6200 val_loss:3.3180 train_time:2153542ms step_avg:392.27ms
step:5501/6200 train_loss:3.4539 train_time:2153707ms step_avg:392.22ms
step:5502/6200 train_loss:3.3319 train_time:2154091ms step_avg:392.22ms
step:5503/6200 train_loss:3.3891 train_time:2154479ms step_avg:392.22ms
step:5504/6200 train_loss:3.1614 train_time:2154870ms step_avg:392.22ms
step:5505/6200 train_loss:4.2089 train_time:2155259ms step_avg:392.22ms
step:5506/6200 train_loss:3.2856 train_time:2155648ms step_avg:392.22ms
step:5507/6200 train_loss:3.3616 train_time:2156038ms step_avg:392.22ms
step:5508/6200 train_loss:3.3232 train_time:2156431ms step_avg:392.22ms
step:5509/6200 train_loss:3.3129 train_time:2156818ms step_avg:392.22ms
step:5510/6200 train_loss:3.4684 train_time:2157438ms step_avg:392.26ms
step:5511/6200 train_loss:4.0740 train_time:2158109ms step_avg:392.31ms
step:5512/6200 train_loss:3.3693 train_time:2158496ms step_avg:392.31ms
step:5513/6200 train_loss:3.2567 train_time:2158886ms step_avg:392.31ms
step:5514/6200 train_loss:3.2977 train_time:2159276ms step_avg:392.31ms
step:5515/6200 train_loss:3.5187 train_time:2159665ms step_avg:392.31ms
step:5516/6200 train_loss:3.3038 train_time:2160056ms step_avg:392.31ms
step:5517/6200 train_loss:3.2136 train_time:2160448ms step_avg:392.31ms
step:5518/6200 train_loss:3.4144 train_time:2160836ms step_avg:392.31ms
step:5519/6200 train_loss:3.3480 train_time:2161226ms step_avg:392.31ms
step:5520/6200 train_loss:3.1056 train_time:2161615ms step_avg:392.31ms
step:5521/6200 train_loss:3.3136 train_time:2162008ms step_avg:392.31ms
step:5522/6200 train_loss:3.4475 train_time:2162395ms step_avg:392.31ms
step:5523/6200 train_loss:3.4227 train_time:2162785ms step_avg:392.31ms
step:5524/6200 train_loss:3.3428 train_time:2163174ms step_avg:392.31ms
step:5525/6200 train_loss:3.4063 train_time:2163563ms step_avg:392.31ms
step:5526/6200 train_loss:3.4616 train_time:2163952ms step_avg:392.30ms
step:5527/6200 train_loss:3.2218 train_time:2164345ms step_avg:392.30ms
step:5528/6200 train_loss:3.2712 train_time:2164737ms step_avg:392.30ms
step:5529/6200 train_loss:3.4081 train_time:2165122ms step_avg:392.30ms
step:5530/6200 train_loss:3.3360 train_time:2165516ms step_avg:392.30ms
step:5531/6200 train_loss:3.2220 train_time:2165905ms step_avg:392.30ms
step:5532/6200 train_loss:3.2433 train_time:2166297ms step_avg:392.30ms
step:5533/6200 train_loss:3.2291 train_time:2166682ms step_avg:392.30ms
step:5534/6200 train_loss:3.3856 train_time:2167074ms step_avg:392.30ms
step:5535/6200 train_loss:3.4232 train_time:2167463ms step_avg:392.30ms
step:5536/6200 train_loss:3.3685 train_time:2167852ms step_avg:392.30ms
step:5537/6200 train_loss:3.4069 train_time:2168242ms step_avg:392.30ms
step:5538/6200 train_loss:3.4056 train_time:2168632ms step_avg:392.30ms
step:5539/6200 train_loss:3.3770 train_time:2169021ms step_avg:392.30ms
step:5540/6200 train_loss:3.2998 train_time:2169411ms step_avg:392.30ms
step:5541/6200 train_loss:3.2958 train_time:2169800ms step_avg:392.30ms
step:5542/6200 train_loss:3.1981 train_time:2170187ms step_avg:392.30ms
step:5543/6200 train_loss:3.2071 train_time:2170574ms step_avg:392.30ms
step:5544/6200 train_loss:3.6862 train_time:2170969ms step_avg:392.30ms
step:5545/6200 train_loss:3.3554 train_time:2171356ms step_avg:392.30ms
step:5546/6200 train_loss:3.5365 train_time:2171746ms step_avg:392.30ms
step:5547/6200 train_loss:3.3793 train_time:2172135ms step_avg:392.29ms
step:5548/6200 train_loss:3.2974 train_time:2172522ms step_avg:392.29ms
step:5549/6200 train_loss:3.1218 train_time:2172917ms step_avg:392.29ms
step:5550/6200 train_loss:3.7215 train_time:2173303ms step_avg:392.29ms
step:5551/6200 train_loss:3.4684 train_time:2173692ms step_avg:392.29ms
step:5552/6200 train_loss:3.2712 train_time:2174084ms step_avg:392.29ms
step:5553/6200 train_loss:3.2757 train_time:2174469ms step_avg:392.29ms
step:5554/6200 train_loss:3.2012 train_time:2174865ms step_avg:392.29ms
step:5555/6200 train_loss:3.2118 train_time:2175247ms step_avg:392.29ms
step:5556/6200 train_loss:3.0752 train_time:2175639ms step_avg:392.29ms
step:5557/6200 train_loss:3.2492 train_time:2176049ms step_avg:392.29ms
step:5558/6200 train_loss:3.2582 train_time:2176443ms step_avg:392.29ms
step:5559/6200 train_loss:3.3098 train_time:2176827ms step_avg:392.29ms
step:5560/6200 train_loss:3.2844 train_time:2177218ms step_avg:392.29ms
step:5561/6200 train_loss:3.1317 train_time:2177604ms step_avg:392.29ms
step:5562/6200 train_loss:3.1532 train_time:2177996ms step_avg:392.29ms
step:5563/6200 train_loss:3.3054 train_time:2178385ms step_avg:392.29ms
step:5564/6200 train_loss:3.4026 train_time:2178774ms step_avg:392.29ms
step:5565/6200 train_loss:3.3008 train_time:2179169ms step_avg:392.29ms
step:5566/6200 train_loss:3.2786 train_time:2179560ms step_avg:392.29ms
step:5567/6200 train_loss:3.4235 train_time:2179950ms step_avg:392.29ms
step:5568/6200 train_loss:3.6344 train_time:2180350ms step_avg:392.29ms
step:5569/6200 train_loss:3.3622 train_time:2180742ms step_avg:392.29ms
step:5570/6200 train_loss:3.1780 train_time:2181125ms step_avg:392.29ms
step:5571/6200 train_loss:3.3956 train_time:2181513ms step_avg:392.29ms
step:5572/6200 train_loss:3.2504 train_time:2181901ms step_avg:392.29ms
step:5573/6200 train_loss:3.6357 train_time:2182289ms step_avg:392.29ms
step:5574/6200 train_loss:3.2958 train_time:2182678ms step_avg:392.29ms
step:5575/6200 train_loss:3.2112 train_time:2183064ms step_avg:392.28ms
step:5576/6200 train_loss:3.2670 train_time:2183442ms step_avg:392.28ms
step:5577/6200 train_loss:3.3274 train_time:2183840ms step_avg:392.28ms
step:5578/6200 train_loss:3.1462 train_time:2184227ms step_avg:392.28ms
step:5579/6200 train_loss:3.4151 train_time:2184641ms step_avg:392.29ms
step:5580/6200 train_loss:3.0594 train_time:2185003ms step_avg:392.28ms
step:5581/6200 train_loss:3.5174 train_time:2185394ms step_avg:392.28ms
step:5582/6200 train_loss:3.4543 train_time:2185784ms step_avg:392.28ms
step:5583/6200 train_loss:3.3050 train_time:2186173ms step_avg:392.28ms
step:5584/6200 train_loss:3.2772 train_time:2186567ms step_avg:392.28ms
step:5585/6200 train_loss:3.4059 train_time:2186956ms step_avg:392.28ms
step:5586/6200 train_loss:3.3193 train_time:2187351ms step_avg:392.28ms
step:5587/6200 train_loss:3.3179 train_time:2187737ms step_avg:392.28ms
step:5588/6200 train_loss:3.1892 train_time:2188131ms step_avg:392.28ms
step:5589/6200 train_loss:3.3190 train_time:2188515ms step_avg:392.28ms
step:5590/6200 train_loss:3.2981 train_time:2188907ms step_avg:392.28ms
step:5591/6200 train_loss:3.1981 train_time:2189294ms step_avg:392.28ms
step:5592/6200 train_loss:3.3167 train_time:2189687ms step_avg:392.28ms
step:5593/6200 train_loss:3.3072 train_time:2190078ms step_avg:392.28ms
step:5594/6200 train_loss:3.1820 train_time:2190475ms step_avg:392.28ms
step:5595/6200 train_loss:3.2802 train_time:2190859ms step_avg:392.28ms
step:5596/6200 train_loss:3.3187 train_time:2191250ms step_avg:392.28ms
step:5597/6200 train_loss:3.2394 train_time:2191642ms step_avg:392.28ms
step:5598/6200 train_loss:3.7055 train_time:2192029ms step_avg:392.27ms
step:5599/6200 train_loss:3.2289 train_time:2192416ms step_avg:392.27ms
step:5600/6200 train_loss:3.2839 train_time:2192808ms step_avg:392.27ms
step:5601/6200 train_loss:3.5145 train_time:2193202ms step_avg:392.27ms
step:5602/6200 train_loss:3.3882 train_time:2193587ms step_avg:392.27ms
step:5603/6200 train_loss:3.2265 train_time:2193997ms step_avg:392.28ms
step:5604/6200 train_loss:3.3034 train_time:2194392ms step_avg:392.28ms
step:5605/6200 train_loss:3.4992 train_time:2194776ms step_avg:392.27ms
step:5606/6200 train_loss:3.2731 train_time:2195168ms step_avg:392.27ms
step:5607/6200 train_loss:3.3287 train_time:2195555ms step_avg:392.27ms
step:5608/6200 train_loss:3.3628 train_time:2195946ms step_avg:392.27ms
step:5609/6200 train_loss:3.1685 train_time:2196333ms step_avg:392.27ms
step:5610/6200 train_loss:3.3922 train_time:2196723ms step_avg:392.27ms
step:5611/6200 train_loss:3.2430 train_time:2197117ms step_avg:392.27ms
step:5612/6200 train_loss:3.1604 train_time:2197504ms step_avg:392.27ms
step:5613/6200 train_loss:3.3136 train_time:2197894ms step_avg:392.27ms
step:5614/6200 train_loss:3.4331 train_time:2198286ms step_avg:392.27ms
step:5615/6200 train_loss:3.1784 train_time:2198675ms step_avg:392.27ms
step:5616/6200 train_loss:3.4421 train_time:2199061ms step_avg:392.27ms
step:5617/6200 train_loss:3.5420 train_time:2199450ms step_avg:392.27ms
step:5618/6200 train_loss:3.1660 train_time:2199844ms step_avg:392.27ms
step:5619/6200 train_loss:3.3411 train_time:2200231ms step_avg:392.27ms
step:5620/6200 train_loss:3.4920 train_time:2200620ms step_avg:392.27ms
step:5621/6200 train_loss:3.4870 train_time:2201009ms step_avg:392.27ms
step:5622/6200 train_loss:3.4466 train_time:2201399ms step_avg:392.27ms
step:5623/6200 train_loss:3.3953 train_time:2201789ms step_avg:392.27ms
step:5624/6200 train_loss:3.4255 train_time:2202177ms step_avg:392.27ms
step:5625/6200 train_loss:3.6500 train_time:2202567ms step_avg:392.26ms
step:5625/6200 val_loss:3.3088 train_time:2202800ms step_avg:392.31ms
step:5626/6200 train_loss:3.3653 train_time:2202959ms step_avg:392.26ms
step:5627/6200 train_loss:3.5885 train_time:2203345ms step_avg:392.26ms
step:5628/6200 train_loss:3.3707 train_time:2203733ms step_avg:392.26ms
step:5629/6200 train_loss:3.2549 train_time:2204123ms step_avg:392.26ms
step:5630/6200 train_loss:3.2301 train_time:2204515ms step_avg:392.26ms
step:5631/6200 train_loss:3.2837 train_time:2204903ms step_avg:392.26ms
step:5632/6200 train_loss:3.2885 train_time:2205293ms step_avg:392.26ms
step:5633/6200 train_loss:3.3217 train_time:2205678ms step_avg:392.26ms
step:5634/6200 train_loss:3.2855 train_time:2206070ms step_avg:392.26ms
step:5635/6200 train_loss:3.3841 train_time:2206460ms step_avg:392.26ms
step:5636/6200 train_loss:3.2096 train_time:2206854ms step_avg:392.26ms
step:5637/6200 train_loss:3.4029 train_time:2207243ms step_avg:392.26ms
step:5638/6200 train_loss:3.3506 train_time:2207629ms step_avg:392.26ms
step:5639/6200 train_loss:3.3019 train_time:2208020ms step_avg:392.26ms
step:5640/6200 train_loss:3.4682 train_time:2208408ms step_avg:392.26ms
step:5641/6200 train_loss:2.9473 train_time:2208798ms step_avg:392.26ms
step:5642/6200 train_loss:3.3153 train_time:2209189ms step_avg:392.26ms
step:5643/6200 train_loss:3.3552 train_time:2209581ms step_avg:392.26ms
step:5644/6200 train_loss:3.2423 train_time:2209970ms step_avg:392.26ms
step:5645/6200 train_loss:3.3504 train_time:2210356ms step_avg:392.25ms
step:5646/6200 train_loss:3.2113 train_time:2210743ms step_avg:392.25ms
step:5647/6200 train_loss:3.1806 train_time:2211135ms step_avg:392.25ms
step:5648/6200 train_loss:3.2664 train_time:2211522ms step_avg:392.25ms
step:5649/6200 train_loss:3.8507 train_time:2211911ms step_avg:392.25ms
step:5650/6200 train_loss:3.3100 train_time:2212298ms step_avg:392.25ms
step:5651/6200 train_loss:3.3468 train_time:2212686ms step_avg:392.25ms
step:5652/6200 train_loss:3.1974 train_time:2213074ms step_avg:392.25ms
step:5653/6200 train_loss:3.3344 train_time:2213465ms step_avg:392.25ms
step:5654/6200 train_loss:3.0948 train_time:2213861ms step_avg:392.25ms
step:5655/6200 train_loss:3.4058 train_time:2214247ms step_avg:392.25ms
step:5656/6200 train_loss:3.3795 train_time:2214634ms step_avg:392.25ms
step:5657/6200 train_loss:3.5595 train_time:2215026ms step_avg:392.25ms
step:5658/6200 train_loss:3.5372 train_time:2215413ms step_avg:392.25ms
step:5659/6200 train_loss:3.5179 train_time:2215811ms step_avg:392.25ms
step:5660/6200 train_loss:3.4812 train_time:2216198ms step_avg:392.25ms
step:5661/6200 train_loss:3.3222 train_time:2216586ms step_avg:392.25ms
step:5662/6200 train_loss:3.2356 train_time:2216977ms step_avg:392.25ms
step:5663/6200 train_loss:3.2588 train_time:2217370ms step_avg:392.25ms
step:5664/6200 train_loss:3.1852 train_time:2217756ms step_avg:392.25ms
step:5665/6200 train_loss:3.2528 train_time:2218143ms step_avg:392.24ms
step:5666/6200 train_loss:3.3916 train_time:2218532ms step_avg:392.24ms
step:5667/6200 train_loss:3.3178 train_time:2218922ms step_avg:392.24ms
step:5668/6200 train_loss:3.3777 train_time:2219312ms step_avg:392.24ms
step:5669/6200 train_loss:3.2748 train_time:2219704ms step_avg:392.24ms
step:5670/6200 train_loss:3.2169 train_time:2220095ms step_avg:392.24ms
step:5671/6200 train_loss:3.4323 train_time:2220707ms step_avg:392.28ms
step:5672/6200 train_loss:3.2832 train_time:2221101ms step_avg:392.28ms
step:5673/6200 train_loss:3.2317 train_time:2221487ms step_avg:392.28ms
step:5674/6200 train_loss:3.1398 train_time:2221873ms step_avg:392.28ms
step:5675/6200 train_loss:3.4011 train_time:2222266ms step_avg:392.28ms
step:5676/6200 train_loss:3.2901 train_time:2222654ms step_avg:392.28ms
step:5677/6200 train_loss:3.4983 train_time:2223045ms step_avg:392.28ms
step:5678/6200 train_loss:3.3770 train_time:2223437ms step_avg:392.28ms
step:5679/6200 train_loss:3.1580 train_time:2223828ms step_avg:392.28ms
step:5680/6200 train_loss:3.4278 train_time:2224213ms step_avg:392.28ms
step:5681/6200 train_loss:3.2715 train_time:2224601ms step_avg:392.28ms
step:5682/6200 train_loss:3.2504 train_time:2224990ms step_avg:392.28ms
step:5683/6200 train_loss:3.2886 train_time:2225385ms step_avg:392.28ms
step:5684/6200 train_loss:3.2660 train_time:2225769ms step_avg:392.28ms
step:5685/6200 train_loss:3.9236 train_time:2226162ms step_avg:392.28ms
step:5686/6200 train_loss:3.4267 train_time:2226549ms step_avg:392.27ms
step:5687/6200 train_loss:3.4783 train_time:2226939ms step_avg:392.27ms
step:5688/6200 train_loss:3.4409 train_time:2227328ms step_avg:392.27ms
step:5689/6200 train_loss:3.3605 train_time:2227721ms step_avg:392.27ms
step:5690/6200 train_loss:3.0687 train_time:2228118ms step_avg:392.27ms
step:5691/6200 train_loss:3.4802 train_time:2228505ms step_avg:392.27ms
step:5692/6200 train_loss:3.4067 train_time:2228895ms step_avg:392.27ms
step:5693/6200 train_loss:3.4182 train_time:2229285ms step_avg:392.27ms
step:5694/6200 train_loss:3.2846 train_time:2229672ms step_avg:392.27ms
step:5695/6200 train_loss:3.2690 train_time:2230064ms step_avg:392.27ms
step:5696/6200 train_loss:3.2811 train_time:2230450ms step_avg:392.27ms
step:5697/6200 train_loss:3.4279 train_time:2230836ms step_avg:392.27ms
step:5698/6200 train_loss:3.6160 train_time:2231226ms step_avg:392.27ms
step:5699/6200 train_loss:3.5996 train_time:2231618ms step_avg:392.27ms
step:5700/6200 train_loss:3.1665 train_time:2232221ms step_avg:392.31ms
step:5701/6200 train_loss:3.3571 train_time:2233188ms step_avg:392.41ms
step:5702/6200 train_loss:3.3769 train_time:2233588ms step_avg:392.41ms
step:5703/6200 train_loss:3.1585 train_time:2233971ms step_avg:392.41ms
step:5704/6200 train_loss:3.3792 train_time:2234364ms step_avg:392.41ms
step:5705/6200 train_loss:3.5781 train_time:2234751ms step_avg:392.41ms
step:5706/6200 train_loss:3.4708 train_time:2235140ms step_avg:392.41ms
step:5707/6200 train_loss:3.2673 train_time:2235534ms step_avg:392.41ms
step:5708/6200 train_loss:3.3076 train_time:2235921ms step_avg:392.40ms
step:5709/6200 train_loss:3.3327 train_time:2236311ms step_avg:392.40ms
step:5710/6200 train_loss:3.3372 train_time:2236700ms step_avg:392.40ms
step:5711/6200 train_loss:3.4593 train_time:2237091ms step_avg:392.40ms
step:5712/6200 train_loss:3.2031 train_time:2237477ms step_avg:392.40ms
step:5713/6200 train_loss:3.0253 train_time:2237868ms step_avg:392.40ms
step:5714/6200 train_loss:3.5286 train_time:2238262ms step_avg:392.40ms
step:5715/6200 train_loss:3.4111 train_time:2238643ms step_avg:392.40ms
step:5716/6200 train_loss:3.7232 train_time:2239033ms step_avg:392.40ms
step:5717/6200 train_loss:3.3238 train_time:2239422ms step_avg:392.40ms
step:5718/6200 train_loss:3.1456 train_time:2239816ms step_avg:392.40ms
step:5719/6200 train_loss:3.4837 train_time:2240204ms step_avg:392.40ms
step:5720/6200 train_loss:3.2357 train_time:2240594ms step_avg:392.40ms
step:5721/6200 train_loss:3.4439 train_time:2240981ms step_avg:392.40ms
step:5722/6200 train_loss:3.7024 train_time:2241369ms step_avg:392.40ms
step:5723/6200 train_loss:3.2806 train_time:2241759ms step_avg:392.40ms
step:5724/6200 train_loss:3.6851 train_time:2242149ms step_avg:392.40ms
step:5725/6200 train_loss:3.4234 train_time:2242539ms step_avg:392.40ms
step:5726/6200 train_loss:3.1609 train_time:2242928ms step_avg:392.39ms
step:5727/6200 train_loss:3.3964 train_time:2243320ms step_avg:392.39ms
step:5728/6200 train_loss:3.3417 train_time:2243711ms step_avg:392.39ms
step:5729/6200 train_loss:3.3262 train_time:2244098ms step_avg:392.39ms
step:5730/6200 train_loss:3.4094 train_time:2244494ms step_avg:392.39ms
step:5731/6200 train_loss:3.1537 train_time:2244877ms step_avg:392.39ms
step:5732/6200 train_loss:3.3841 train_time:2245268ms step_avg:392.39ms
step:5733/6200 train_loss:3.2834 train_time:2245656ms step_avg:392.39ms
step:5734/6200 train_loss:3.2806 train_time:2246049ms step_avg:392.39ms
step:5735/6200 train_loss:3.2829 train_time:2246438ms step_avg:392.39ms
step:5736/6200 train_loss:3.3812 train_time:2246824ms step_avg:392.39ms
step:5737/6200 train_loss:3.2217 train_time:2247215ms step_avg:392.39ms
step:5738/6200 train_loss:3.2935 train_time:2247605ms step_avg:392.39ms
step:5739/6200 train_loss:3.2887 train_time:2247995ms step_avg:392.39ms
step:5740/6200 train_loss:3.2824 train_time:2248384ms step_avg:392.39ms
step:5741/6200 train_loss:3.4943 train_time:2248775ms step_avg:392.39ms
step:5742/6200 train_loss:3.2867 train_time:2249168ms step_avg:392.39ms
step:5743/6200 train_loss:3.1713 train_time:2249558ms step_avg:392.39ms
step:5744/6200 train_loss:3.0462 train_time:2249944ms step_avg:392.39ms
step:5745/6200 train_loss:3.4024 train_time:2250332ms step_avg:392.39ms
step:5746/6200 train_loss:3.3847 train_time:2250723ms step_avg:392.39ms
step:5747/6200 train_loss:3.2111 train_time:2251112ms step_avg:392.38ms
step:5748/6200 train_loss:3.4660 train_time:2251502ms step_avg:392.38ms
step:5749/6200 train_loss:3.3103 train_time:2251892ms step_avg:392.38ms
step:5750/6200 train_loss:3.3379 train_time:2252279ms step_avg:392.38ms
step:5750/6200 val_loss:3.2997 train_time:2252511ms step_avg:392.42ms
step:5751/6200 train_loss:3.4122 train_time:2252669ms step_avg:392.38ms
step:5752/6200 train_loss:3.4390 train_time:2253056ms step_avg:392.38ms
step:5753/6200 train_loss:3.4097 train_time:2253445ms step_avg:392.38ms
step:5754/6200 train_loss:3.4821 train_time:2253840ms step_avg:392.38ms
step:5755/6200 train_loss:3.2926 train_time:2254227ms step_avg:392.38ms
step:5756/6200 train_loss:3.1805 train_time:2254626ms step_avg:392.38ms
step:5757/6200 train_loss:3.4630 train_time:2255008ms step_avg:392.38ms
step:5758/6200 train_loss:3.4557 train_time:2255407ms step_avg:392.38ms
step:5759/6200 train_loss:3.0121 train_time:2255792ms step_avg:392.38ms
step:5760/6200 train_loss:3.0844 train_time:2256178ms step_avg:392.38ms
step:5761/6200 train_loss:3.2424 train_time:2256570ms step_avg:392.38ms
step:5762/6200 train_loss:3.2990 train_time:2256963ms step_avg:392.38ms
step:5763/6200 train_loss:3.3350 train_time:2257358ms step_avg:392.38ms
step:5764/6200 train_loss:3.5606 train_time:2257748ms step_avg:392.38ms
step:5765/6200 train_loss:3.0876 train_time:2258134ms step_avg:392.38ms
step:5766/6200 train_loss:3.3771 train_time:2258523ms step_avg:392.38ms
step:5767/6200 train_loss:3.4565 train_time:2258903ms step_avg:392.38ms
step:5768/6200 train_loss:3.2617 train_time:2259298ms step_avg:392.38ms
step:5769/6200 train_loss:3.2750 train_time:2259688ms step_avg:392.38ms
step:5770/6200 train_loss:3.4171 train_time:2260079ms step_avg:392.37ms
step:5771/6200 train_loss:3.3368 train_time:2260466ms step_avg:392.37ms
step:5772/6200 train_loss:3.2674 train_time:2260856ms step_avg:392.37ms
step:5773/6200 train_loss:3.8129 train_time:2261246ms step_avg:392.37ms
step:5774/6200 train_loss:3.6072 train_time:2261638ms step_avg:392.37ms
step:5775/6200 train_loss:3.5144 train_time:2262026ms step_avg:392.37ms
step:5776/6200 train_loss:3.4416 train_time:2262416ms step_avg:392.37ms
step:5777/6200 train_loss:3.4451 train_time:2262808ms step_avg:392.37ms
step:5778/6200 train_loss:3.2519 train_time:2263196ms step_avg:392.37ms
step:5779/6200 train_loss:3.2783 train_time:2263587ms step_avg:392.37ms
step:5780/6200 train_loss:3.3724 train_time:2263976ms step_avg:392.37ms
step:5781/6200 train_loss:3.2584 train_time:2264370ms step_avg:392.37ms
step:5782/6200 train_loss:3.3452 train_time:2264760ms step_avg:392.37ms
step:5783/6200 train_loss:3.2962 train_time:2265150ms step_avg:392.37ms
step:5784/6200 train_loss:3.4661 train_time:2265536ms step_avg:392.37ms
step:5785/6200 train_loss:3.2198 train_time:2265935ms step_avg:392.37ms
step:5786/6200 train_loss:3.2884 train_time:2266319ms step_avg:392.37ms
step:5787/6200 train_loss:3.3286 train_time:2266710ms step_avg:392.37ms
step:5788/6200 train_loss:3.2970 train_time:2267099ms step_avg:392.37ms
step:5789/6200 train_loss:3.3067 train_time:2267482ms step_avg:392.37ms
step:5790/6200 train_loss:3.1746 train_time:2267911ms step_avg:392.37ms
step:5791/6200 train_loss:3.7333 train_time:2268271ms step_avg:392.37ms
step:5792/6200 train_loss:3.2377 train_time:2268660ms step_avg:392.37ms
step:5793/6200 train_loss:3.3157 train_time:2269050ms step_avg:392.37ms
step:5794/6200 train_loss:3.2629 train_time:2269437ms step_avg:392.36ms
step:5795/6200 train_loss:3.2097 train_time:2269834ms step_avg:392.37ms
step:5796/6200 train_loss:3.2180 train_time:2270221ms step_avg:392.36ms
step:5797/6200 train_loss:3.3299 train_time:2270605ms step_avg:392.36ms
step:5798/6200 train_loss:3.1605 train_time:2270995ms step_avg:392.36ms
step:5799/6200 train_loss:3.4643 train_time:2271383ms step_avg:392.36ms
step:5800/6200 train_loss:3.2205 train_time:2271775ms step_avg:392.36ms
step:5801/6200 train_loss:3.2570 train_time:2272162ms step_avg:392.36ms
step:5802/6200 train_loss:3.4274 train_time:2272556ms step_avg:392.36ms
step:5803/6200 train_loss:3.5132 train_time:2272943ms step_avg:392.36ms
step:5804/6200 train_loss:3.6670 train_time:2273336ms step_avg:392.36ms
step:5805/6200 train_loss:3.3059 train_time:2273722ms step_avg:392.36ms
step:5806/6200 train_loss:3.2829 train_time:2274109ms step_avg:392.36ms
step:5807/6200 train_loss:3.1903 train_time:2274498ms step_avg:392.36ms
step:5808/6200 train_loss:3.5204 train_time:2274887ms step_avg:392.36ms
step:5809/6200 train_loss:3.2310 train_time:2275278ms step_avg:392.36ms
step:5810/6200 train_loss:3.1457 train_time:2275664ms step_avg:392.36ms
step:5811/6200 train_loss:3.3284 train_time:2276057ms step_avg:392.36ms
step:5812/6200 train_loss:3.3078 train_time:2276442ms step_avg:392.35ms
step:5813/6200 train_loss:3.2948 train_time:2276831ms step_avg:392.35ms
step:5814/6200 train_loss:3.8360 train_time:2277235ms step_avg:392.36ms
step:5815/6200 train_loss:3.2609 train_time:2277613ms step_avg:392.35ms
step:5816/6200 train_loss:3.6861 train_time:2278001ms step_avg:392.35ms
step:5817/6200 train_loss:3.3155 train_time:2278395ms step_avg:392.35ms
step:5818/6200 train_loss:3.1229 train_time:2278782ms step_avg:392.35ms
step:5819/6200 train_loss:3.4210 train_time:2279175ms step_avg:392.35ms
step:5820/6200 train_loss:3.5300 train_time:2279564ms step_avg:392.35ms
step:5821/6200 train_loss:3.3428 train_time:2279987ms step_avg:392.36ms
step:5822/6200 train_loss:3.1812 train_time:2280379ms step_avg:392.36ms
step:5823/6200 train_loss:3.2882 train_time:2280763ms step_avg:392.36ms
step:5824/6200 train_loss:3.5237 train_time:2281123ms step_avg:392.35ms
step:5825/6200 train_loss:3.3759 train_time:2281509ms step_avg:392.35ms
step:5826/6200 train_loss:3.1693 train_time:2281898ms step_avg:392.35ms
step:5827/6200 train_loss:3.2048 train_time:2282288ms step_avg:392.35ms
step:5828/6200 train_loss:3.2685 train_time:2282675ms step_avg:392.35ms
step:5829/6200 train_loss:3.2814 train_time:2283068ms step_avg:392.35ms
step:5830/6200 train_loss:3.2964 train_time:2283455ms step_avg:392.35ms
step:5831/6200 train_loss:3.2933 train_time:2283844ms step_avg:392.35ms
step:5832/6200 train_loss:3.4915 train_time:2284236ms step_avg:392.35ms
step:5833/6200 train_loss:3.1197 train_time:2284622ms step_avg:392.34ms
step:5834/6200 train_loss:4.3621 train_time:2285024ms step_avg:392.35ms
step:5835/6200 train_loss:3.5131 train_time:2285410ms step_avg:392.35ms
step:5836/6200 train_loss:3.2967 train_time:2285801ms step_avg:392.34ms
step:5837/6200 train_loss:3.2303 train_time:2286189ms step_avg:392.34ms
step:5838/6200 train_loss:3.3054 train_time:2286576ms step_avg:392.34ms
step:5839/6200 train_loss:3.2293 train_time:2286966ms step_avg:392.34ms
step:5840/6200 train_loss:3.2863 train_time:2287362ms step_avg:392.34ms
step:5841/6200 train_loss:3.2909 train_time:2287745ms step_avg:392.34ms
step:5842/6200 train_loss:3.3549 train_time:2288144ms step_avg:392.34ms
step:5843/6200 train_loss:3.3528 train_time:2288548ms step_avg:392.34ms
step:5844/6200 train_loss:3.4980 train_time:2288942ms step_avg:392.35ms
step:5845/6200 train_loss:3.3820 train_time:2289307ms step_avg:392.34ms
step:5846/6200 train_loss:3.2272 train_time:2289701ms step_avg:392.34ms
step:5847/6200 train_loss:3.5586 train_time:2290089ms step_avg:392.34ms
step:5848/6200 train_loss:3.3973 train_time:2290476ms step_avg:392.34ms
step:5849/6200 train_loss:3.8255 train_time:2290868ms step_avg:392.34ms
step:5850/6200 train_loss:3.4563 train_time:2291254ms step_avg:392.34ms
step:5851/6200 train_loss:3.3938 train_time:2291642ms step_avg:392.34ms
step:5852/6200 train_loss:3.3940 train_time:2292034ms step_avg:392.34ms
step:5853/6200 train_loss:3.1619 train_time:2292443ms step_avg:392.34ms
step:5854/6200 train_loss:3.2978 train_time:2292857ms step_avg:392.34ms
step:5855/6200 train_loss:3.0504 train_time:2293219ms step_avg:392.34ms
step:5856/6200 train_loss:3.5683 train_time:2293591ms step_avg:392.34ms
step:5857/6200 train_loss:3.3375 train_time:2293978ms step_avg:392.33ms
step:5858/6200 train_loss:3.3552 train_time:2294375ms step_avg:392.33ms
step:5859/6200 train_loss:3.1281 train_time:2294762ms step_avg:392.33ms
step:5860/6200 train_loss:3.3151 train_time:2295369ms step_avg:392.37ms
step:5861/6200 train_loss:3.1747 train_time:2295758ms step_avg:392.37ms
step:5862/6200 train_loss:3.1662 train_time:2296145ms step_avg:392.37ms
step:5863/6200 train_loss:3.2944 train_time:2296541ms step_avg:392.37ms
step:5864/6200 train_loss:3.3021 train_time:2296926ms step_avg:392.37ms
step:5865/6200 train_loss:3.3712 train_time:2297314ms step_avg:392.37ms
step:5866/6200 train_loss:3.2520 train_time:2297705ms step_avg:392.37ms
step:5867/6200 train_loss:3.2609 train_time:2298096ms step_avg:392.37ms
step:5868/6200 train_loss:3.1395 train_time:2298492ms step_avg:392.37ms
step:5869/6200 train_loss:3.3905 train_time:2298873ms step_avg:392.37ms
step:5870/6200 train_loss:3.2491 train_time:2299259ms step_avg:392.37ms
step:5871/6200 train_loss:3.2101 train_time:2299655ms step_avg:392.37ms
step:5872/6200 train_loss:3.4714 train_time:2300041ms step_avg:392.36ms
step:5873/6200 train_loss:3.3474 train_time:2300430ms step_avg:392.36ms
step:5874/6200 train_loss:3.3562 train_time:2300820ms step_avg:392.36ms
step:5875/6200 train_loss:3.2624 train_time:2301211ms step_avg:392.36ms
step:5875/6200 val_loss:3.2915 train_time:2301434ms step_avg:392.40ms
step:5876/6200 train_loss:3.3805 train_time:2301600ms step_avg:392.36ms
step:5877/6200 train_loss:3.3417 train_time:2301987ms step_avg:392.36ms
step:5878/6200 train_loss:3.3299 train_time:2302377ms step_avg:392.36ms
step:5879/6200 train_loss:3.3996 train_time:2302764ms step_avg:392.36ms
step:5880/6200 train_loss:3.0658 train_time:2303155ms step_avg:392.36ms
step:5881/6200 train_loss:3.1892 train_time:2303545ms step_avg:392.36ms
step:5882/6200 train_loss:3.2736 train_time:2303931ms step_avg:392.36ms
step:5883/6200 train_loss:3.5404 train_time:2304331ms step_avg:392.36ms
step:5884/6200 train_loss:3.3411 train_time:2304732ms step_avg:392.36ms
step:5885/6200 train_loss:3.5195 train_time:2305126ms step_avg:392.36ms
step:5886/6200 train_loss:3.4055 train_time:2305489ms step_avg:392.36ms
step:5887/6200 train_loss:3.4202 train_time:2305879ms step_avg:392.36ms
step:5888/6200 train_loss:3.3134 train_time:2306274ms step_avg:392.36ms
step:5889/6200 train_loss:3.3640 train_time:2306664ms step_avg:392.36ms
step:5890/6200 train_loss:2.9850 train_time:2307662ms step_avg:392.46ms
step:5891/6200 train_loss:3.3040 train_time:2308060ms step_avg:392.46ms
step:5892/6200 train_loss:3.3416 train_time:2308445ms step_avg:392.46ms
step:5893/6200 train_loss:3.1789 train_time:2308838ms step_avg:392.46ms
step:5894/6200 train_loss:3.1517 train_time:2309225ms step_avg:392.46ms
step:5895/6200 train_loss:3.3915 train_time:2309614ms step_avg:392.46ms
step:5896/6200 train_loss:3.5745 train_time:2310008ms step_avg:392.46ms
step:5897/6200 train_loss:3.3103 train_time:2310396ms step_avg:392.46ms
step:5898/6200 train_loss:3.2489 train_time:2310781ms step_avg:392.46ms
step:5899/6200 train_loss:3.2433 train_time:2311174ms step_avg:392.46ms
step:5900/6200 train_loss:3.2920 train_time:2311563ms step_avg:392.46ms
step:5901/6200 train_loss:3.2307 train_time:2311952ms step_avg:392.45ms
step:5902/6200 train_loss:3.2709 train_time:2312343ms step_avg:392.45ms
step:5903/6200 train_loss:3.3825 train_time:2312730ms step_avg:392.45ms
step:5904/6200 train_loss:3.2952 train_time:2313156ms step_avg:392.46ms
step:5905/6200 train_loss:3.4188 train_time:2313508ms step_avg:392.45ms
step:5906/6200 train_loss:3.4466 train_time:2313898ms step_avg:392.45ms
step:5907/6200 train_loss:3.3931 train_time:2314287ms step_avg:392.45ms
step:5908/6200 train_loss:3.3936 train_time:2314674ms step_avg:392.45ms
step:5909/6200 train_loss:3.8168 train_time:2315063ms step_avg:392.45ms
step:5910/6200 train_loss:3.6863 train_time:2315456ms step_avg:392.45ms
step:5911/6200 train_loss:3.2221 train_time:2315870ms step_avg:392.45ms
step:5912/6200 train_loss:3.3118 train_time:2316253ms step_avg:392.45ms
step:5913/6200 train_loss:3.3870 train_time:2316627ms step_avg:392.45ms
step:5914/6200 train_loss:3.2609 train_time:2317012ms step_avg:392.45ms
step:5915/6200 train_loss:3.7169 train_time:2317430ms step_avg:392.45ms
step:5916/6200 train_loss:3.2747 train_time:2317819ms step_avg:392.45ms
step:5917/6200 train_loss:3.4401 train_time:2318211ms step_avg:392.45ms
step:5918/6200 train_loss:3.3021 train_time:2318591ms step_avg:392.45ms
step:5919/6200 train_loss:3.4243 train_time:2318960ms step_avg:392.45ms
step:5920/6200 train_loss:3.1844 train_time:2319349ms step_avg:392.44ms
step:5921/6200 train_loss:3.6797 train_time:2319741ms step_avg:392.44ms
step:5922/6200 train_loss:3.3482 train_time:2320134ms step_avg:392.44ms
step:5923/6200 train_loss:3.2905 train_time:2320519ms step_avg:392.44ms
step:5924/6200 train_loss:3.1827 train_time:2320909ms step_avg:392.44ms
step:5925/6200 train_loss:3.5357 train_time:2321299ms step_avg:392.44ms
step:5926/6200 train_loss:3.1587 train_time:2321719ms step_avg:392.45ms
step:5927/6200 train_loss:3.2490 train_time:2322084ms step_avg:392.44ms
step:5928/6200 train_loss:3.2781 train_time:2322471ms step_avg:392.44ms
step:5929/6200 train_loss:3.5408 train_time:2322861ms step_avg:392.44ms
step:5930/6200 train_loss:3.4089 train_time:2323252ms step_avg:392.44ms
step:5931/6200 train_loss:3.2410 train_time:2323637ms step_avg:392.44ms
step:5932/6200 train_loss:3.4778 train_time:2324026ms step_avg:392.44ms
step:5933/6200 train_loss:3.2789 train_time:2324425ms step_avg:392.44ms
step:5934/6200 train_loss:3.2238 train_time:2324804ms step_avg:392.44ms
step:5935/6200 train_loss:3.2861 train_time:2325194ms step_avg:392.44ms
step:5936/6200 train_loss:3.4077 train_time:2325585ms step_avg:392.44ms
step:5937/6200 train_loss:3.2474 train_time:2325972ms step_avg:392.44ms
step:5938/6200 train_loss:3.2761 train_time:2326362ms step_avg:392.44ms
step:5939/6200 train_loss:3.3167 train_time:2326753ms step_avg:392.44ms
step:5940/6200 train_loss:3.2895 train_time:2327143ms step_avg:392.44ms
step:5941/6200 train_loss:3.2837 train_time:2327532ms step_avg:392.43ms
step:5942/6200 train_loss:3.4248 train_time:2327922ms step_avg:392.43ms
step:5943/6200 train_loss:3.2500 train_time:2328310ms step_avg:392.43ms
step:5944/6200 train_loss:3.2171 train_time:2328698ms step_avg:392.43ms
step:5945/6200 train_loss:3.3993 train_time:2329091ms step_avg:392.43ms
step:5946/6200 train_loss:3.3709 train_time:2329476ms step_avg:392.43ms
step:5947/6200 train_loss:3.2283 train_time:2329867ms step_avg:392.43ms
step:5948/6200 train_loss:3.3522 train_time:2330261ms step_avg:392.43ms
step:5949/6200 train_loss:3.3492 train_time:2330648ms step_avg:392.43ms
step:5950/6200 train_loss:3.2208 train_time:2331038ms step_avg:392.43ms
step:5951/6200 train_loss:3.2818 train_time:2331428ms step_avg:392.43ms
step:5952/6200 train_loss:3.1876 train_time:2331818ms step_avg:392.43ms
step:5953/6200 train_loss:3.6885 train_time:2332207ms step_avg:392.43ms
step:5954/6200 train_loss:3.3409 train_time:2332598ms step_avg:392.43ms
step:5955/6200 train_loss:3.1959 train_time:2332988ms step_avg:392.43ms
step:5956/6200 train_loss:3.2842 train_time:2333373ms step_avg:392.43ms
step:5957/6200 train_loss:3.2714 train_time:2333764ms step_avg:392.43ms
step:5958/6200 train_loss:3.3659 train_time:2334153ms step_avg:392.43ms
step:5959/6200 train_loss:3.3929 train_time:2334541ms step_avg:392.43ms
step:5960/6200 train_loss:3.3444 train_time:2334930ms step_avg:392.43ms
step:5961/6200 train_loss:3.3791 train_time:2335319ms step_avg:392.42ms
step:5962/6200 train_loss:2.8862 train_time:2335709ms step_avg:392.42ms
step:5963/6200 train_loss:3.2701 train_time:2336098ms step_avg:392.42ms
step:5964/6200 train_loss:3.3789 train_time:2336488ms step_avg:392.42ms
step:5965/6200 train_loss:3.1133 train_time:2336880ms step_avg:392.42ms
step:5966/6200 train_loss:3.7255 train_time:2337268ms step_avg:392.42ms
step:5967/6200 train_loss:3.1381 train_time:2337656ms step_avg:392.42ms
step:5968/6200 train_loss:3.2842 train_time:2338046ms step_avg:392.42ms
step:5969/6200 train_loss:3.2496 train_time:2338435ms step_avg:392.42ms
step:5970/6200 train_loss:3.1387 train_time:2338826ms step_avg:392.42ms
step:5971/6200 train_loss:3.1231 train_time:2339217ms step_avg:392.42ms
step:5972/6200 train_loss:3.4133 train_time:2339604ms step_avg:392.42ms
step:5973/6200 train_loss:3.3384 train_time:2339993ms step_avg:392.42ms
step:5974/6200 train_loss:3.1467 train_time:2340382ms step_avg:392.42ms
step:5975/6200 train_loss:3.1328 train_time:2340773ms step_avg:392.42ms
step:5976/6200 train_loss:3.2125 train_time:2341163ms step_avg:392.42ms
step:5977/6200 train_loss:3.2129 train_time:2341554ms step_avg:392.42ms
step:5978/6200 train_loss:3.2322 train_time:2341942ms step_avg:392.42ms
step:5979/6200 train_loss:3.2905 train_time:2342332ms step_avg:392.42ms
step:5980/6200 train_loss:3.3176 train_time:2342722ms step_avg:392.42ms
step:5981/6200 train_loss:3.3793 train_time:2343108ms step_avg:392.41ms
step:5982/6200 train_loss:3.1975 train_time:2343498ms step_avg:392.41ms
step:5983/6200 train_loss:3.0809 train_time:2343886ms step_avg:392.41ms
step:5984/6200 train_loss:3.2562 train_time:2344277ms step_avg:392.41ms
step:5985/6200 train_loss:3.2685 train_time:2344664ms step_avg:392.41ms
step:5986/6200 train_loss:3.2268 train_time:2345052ms step_avg:392.41ms
step:5987/6200 train_loss:3.3988 train_time:2345445ms step_avg:392.41ms
step:5988/6200 train_loss:3.1846 train_time:2345831ms step_avg:392.41ms
step:5989/6200 train_loss:3.3160 train_time:2346220ms step_avg:392.41ms
step:5990/6200 train_loss:3.4306 train_time:2346610ms step_avg:392.41ms
step:5991/6200 train_loss:3.0929 train_time:2346998ms step_avg:392.41ms
step:5992/6200 train_loss:3.4143 train_time:2347394ms step_avg:392.41ms
step:5993/6200 train_loss:3.3111 train_time:2347777ms step_avg:392.41ms
step:5994/6200 train_loss:3.2571 train_time:2348164ms step_avg:392.41ms
step:5995/6200 train_loss:3.2224 train_time:2348554ms step_avg:392.41ms
step:5996/6200 train_loss:3.2936 train_time:2348942ms step_avg:392.41ms
step:5997/6200 train_loss:3.1785 train_time:2349334ms step_avg:392.41ms
step:5998/6200 train_loss:3.2382 train_time:2349726ms step_avg:392.41ms
step:5999/6200 train_loss:3.1932 train_time:2350116ms step_avg:392.41ms
step:6000/6200 train_loss:3.2075 train_time:2350504ms step_avg:392.40ms
step:6000/6200 val_loss:3.2841 train_time:2350736ms step_avg:392.44ms
step:6001/6200 train_loss:3.1088 train_time:2350895ms step_avg:392.40ms
step:6002/6200 train_loss:3.3345 train_time:2351282ms step_avg:392.40ms
step:6003/6200 train_loss:3.3212 train_time:2351669ms step_avg:392.40ms
step:6004/6200 train_loss:3.1468 train_time:2352063ms step_avg:392.40ms
step:6005/6200 train_loss:3.3179 train_time:2352461ms step_avg:392.40ms
step:6006/6200 train_loss:3.2568 train_time:2352850ms step_avg:392.40ms
step:6007/6200 train_loss:3.1850 train_time:2353238ms step_avg:392.40ms
step:6008/6200 train_loss:3.4218 train_time:2353631ms step_avg:392.40ms
step:6009/6200 train_loss:3.0133 train_time:2354058ms step_avg:392.41ms
step:6010/6200 train_loss:3.4731 train_time:2354409ms step_avg:392.40ms
step:6011/6200 train_loss:3.3770 train_time:2354800ms step_avg:392.40ms
step:6012/6200 train_loss:3.3220 train_time:2355197ms step_avg:392.40ms
step:6013/6200 train_loss:3.3665 train_time:2355586ms step_avg:392.40ms
step:6014/6200 train_loss:3.3320 train_time:2355977ms step_avg:392.40ms
step:6015/6200 train_loss:3.3328 train_time:2356368ms step_avg:392.40ms
step:6016/6200 train_loss:3.3853 train_time:2356763ms step_avg:392.40ms
step:6017/6200 train_loss:3.2818 train_time:2357146ms step_avg:392.40ms
step:6018/6200 train_loss:3.2253 train_time:2357533ms step_avg:392.40ms
step:6019/6200 train_loss:3.3968 train_time:2357916ms step_avg:392.40ms
step:6020/6200 train_loss:3.2312 train_time:2358311ms step_avg:392.40ms
step:6021/6200 train_loss:3.4208 train_time:2358694ms step_avg:392.40ms
step:6022/6200 train_loss:3.2138 train_time:2359084ms step_avg:392.40ms
step:6023/6200 train_loss:3.2959 train_time:2359476ms step_avg:392.40ms
step:6024/6200 train_loss:3.3081 train_time:2359864ms step_avg:392.40ms
step:6025/6200 train_loss:3.2201 train_time:2360253ms step_avg:392.39ms
step:6026/6200 train_loss:3.3332 train_time:2360645ms step_avg:392.39ms
step:6027/6200 train_loss:3.2413 train_time:2361034ms step_avg:392.39ms
step:6028/6200 train_loss:3.4401 train_time:2361464ms step_avg:392.40ms
step:6029/6200 train_loss:3.3724 train_time:2361840ms step_avg:392.40ms
step:6030/6200 train_loss:3.1112 train_time:2362203ms step_avg:392.39ms
step:6031/6200 train_loss:3.2933 train_time:2362593ms step_avg:392.39ms
step:6032/6200 train_loss:3.3028 train_time:2362981ms step_avg:392.39ms
step:6033/6200 train_loss:3.3623 train_time:2363375ms step_avg:392.39ms
step:6034/6200 train_loss:3.4290 train_time:2363763ms step_avg:392.39ms
step:6035/6200 train_loss:3.4883 train_time:2364151ms step_avg:392.39ms
step:6036/6200 train_loss:3.1711 train_time:2364540ms step_avg:392.39ms
step:6037/6200 train_loss:3.1706 train_time:2364932ms step_avg:392.39ms
step:6038/6200 train_loss:3.2634 train_time:2365323ms step_avg:392.39ms
step:6039/6200 train_loss:3.1965 train_time:2365715ms step_avg:392.39ms
step:6040/6200 train_loss:3.4103 train_time:2366102ms step_avg:392.39ms
step:6041/6200 train_loss:3.3301 train_time:2366491ms step_avg:392.39ms
step:6042/6200 train_loss:3.1685 train_time:2366879ms step_avg:392.39ms
step:6043/6200 train_loss:3.3072 train_time:2367270ms step_avg:392.39ms
step:6044/6200 train_loss:3.0597 train_time:2367662ms step_avg:392.39ms
step:6045/6200 train_loss:3.3440 train_time:2368070ms step_avg:392.39ms
step:6046/6200 train_loss:3.1342 train_time:2368481ms step_avg:392.39ms
step:6047/6200 train_loss:3.2689 train_time:2368831ms step_avg:392.39ms
step:6048/6200 train_loss:3.3437 train_time:2369220ms step_avg:392.38ms
step:6049/6200 train_loss:3.2083 train_time:2369637ms step_avg:392.39ms
step:6050/6200 train_loss:3.2882 train_time:2370029ms step_avg:392.39ms
step:6051/6200 train_loss:3.4166 train_time:2370435ms step_avg:392.39ms
step:6052/6200 train_loss:3.7298 train_time:2370811ms step_avg:392.39ms
step:6053/6200 train_loss:3.3700 train_time:2371234ms step_avg:392.39ms
step:6054/6200 train_loss:3.2631 train_time:2371588ms step_avg:392.39ms
step:6055/6200 train_loss:3.1983 train_time:2371979ms step_avg:392.39ms
step:6056/6200 train_loss:3.1637 train_time:2372371ms step_avg:392.39ms
step:6057/6200 train_loss:3.6151 train_time:2372759ms step_avg:392.39ms
step:6058/6200 train_loss:3.2854 train_time:2373150ms step_avg:392.39ms
step:6059/6200 train_loss:3.3003 train_time:2373539ms step_avg:392.39ms
step:6060/6200 train_loss:3.2491 train_time:2373934ms step_avg:392.39ms
step:6061/6200 train_loss:3.2330 train_time:2374323ms step_avg:392.39ms
step:6062/6200 train_loss:3.2905 train_time:2374708ms step_avg:392.38ms
step:6063/6200 train_loss:3.2691 train_time:2375100ms step_avg:392.38ms
step:6064/6200 train_loss:3.3909 train_time:2375492ms step_avg:392.38ms
step:6065/6200 train_loss:3.6806 train_time:2375883ms step_avg:392.38ms
step:6066/6200 train_loss:3.1990 train_time:2376273ms step_avg:392.38ms
step:6067/6200 train_loss:3.1080 train_time:2376661ms step_avg:392.38ms
step:6068/6200 train_loss:3.4574 train_time:2377047ms step_avg:392.38ms
step:6069/6200 train_loss:3.3311 train_time:2377438ms step_avg:392.38ms
step:6070/6200 train_loss:3.2396 train_time:2377826ms step_avg:392.38ms
step:6071/6200 train_loss:3.3477 train_time:2378217ms step_avg:392.38ms
step:6072/6200 train_loss:3.3536 train_time:2378609ms step_avg:392.38ms
step:6073/6200 train_loss:3.1412 train_time:2379002ms step_avg:392.38ms
step:6074/6200 train_loss:3.3128 train_time:2379391ms step_avg:392.38ms
step:6075/6200 train_loss:3.2169 train_time:2379783ms step_avg:392.38ms
step:6076/6200 train_loss:3.8088 train_time:2380169ms step_avg:392.38ms
step:6077/6200 train_loss:3.0758 train_time:2380562ms step_avg:392.38ms
step:6078/6200 train_loss:3.2948 train_time:2380951ms step_avg:392.38ms
step:6079/6200 train_loss:3.4065 train_time:2381340ms step_avg:392.38ms
step:6080/6200 train_loss:3.2783 train_time:2382070ms step_avg:392.43ms
step:6081/6200 train_loss:3.3452 train_time:2382465ms step_avg:392.43ms
step:6082/6200 train_loss:4.1268 train_time:2382862ms step_avg:392.43ms
step:6083/6200 train_loss:3.2038 train_time:2383242ms step_avg:392.43ms
step:6084/6200 train_loss:3.7499 train_time:2383634ms step_avg:392.43ms
step:6085/6200 train_loss:3.2685 train_time:2384022ms step_avg:392.43ms
step:6086/6200 train_loss:3.3979 train_time:2384413ms step_avg:392.43ms
step:6087/6200 train_loss:3.2821 train_time:2384802ms step_avg:392.43ms
step:6088/6200 train_loss:3.0367 train_time:2385192ms step_avg:392.43ms
step:6089/6200 train_loss:3.6172 train_time:2385581ms step_avg:392.43ms
step:6090/6200 train_loss:3.6439 train_time:2385971ms step_avg:392.43ms
step:6091/6200 train_loss:3.3695 train_time:2386357ms step_avg:392.43ms
step:6092/6200 train_loss:3.6843 train_time:2386749ms step_avg:392.43ms
step:6093/6200 train_loss:3.2579 train_time:2387138ms step_avg:392.43ms
step:6094/6200 train_loss:3.4387 train_time:2387526ms step_avg:392.43ms
step:6095/6200 train_loss:3.0819 train_time:2387923ms step_avg:392.43ms
step:6096/6200 train_loss:3.4320 train_time:2388312ms step_avg:392.43ms
step:6097/6200 train_loss:3.5607 train_time:2388696ms step_avg:392.43ms
step:6098/6200 train_loss:3.2479 train_time:2389084ms step_avg:392.43ms
step:6099/6200 train_loss:3.2529 train_time:2389475ms step_avg:392.42ms
step:6100/6200 train_loss:3.3707 train_time:2389861ms step_avg:392.42ms
step:6101/6200 train_loss:3.6316 train_time:2390270ms step_avg:392.43ms
step:6102/6200 train_loss:3.2547 train_time:2390644ms step_avg:392.42ms
step:6103/6200 train_loss:3.3317 train_time:2391034ms step_avg:392.42ms
step:6104/6200 train_loss:3.3070 train_time:2391431ms step_avg:392.42ms
step:6105/6200 train_loss:3.1510 train_time:2391811ms step_avg:392.42ms
step:6106/6200 train_loss:3.4797 train_time:2392205ms step_avg:392.42ms
step:6107/6200 train_loss:3.1829 train_time:2392614ms step_avg:392.42ms
step:6108/6200 train_loss:3.0491 train_time:2393002ms step_avg:392.42ms
step:6109/6200 train_loss:4.2697 train_time:2393375ms step_avg:392.42ms
step:6110/6200 train_loss:3.1197 train_time:2393766ms step_avg:392.42ms
step:6111/6200 train_loss:3.4748 train_time:2394165ms step_avg:392.42ms
step:6112/6200 train_loss:3.2485 train_time:2394545ms step_avg:392.42ms
step:6113/6200 train_loss:3.4530 train_time:2394935ms step_avg:392.42ms
step:6114/6200 train_loss:3.4170 train_time:2395333ms step_avg:392.42ms
step:6115/6200 train_loss:3.1857 train_time:2395722ms step_avg:392.42ms
step:6116/6200 train_loss:3.4581 train_time:2396107ms step_avg:392.42ms
step:6117/6200 train_loss:3.2447 train_time:2396490ms step_avg:392.42ms
step:6118/6200 train_loss:3.3416 train_time:2396885ms step_avg:392.42ms
step:6119/6200 train_loss:3.2358 train_time:2397274ms step_avg:392.42ms
step:6120/6200 train_loss:3.6451 train_time:2397661ms step_avg:392.42ms
step:6121/6200 train_loss:3.2860 train_time:2398051ms step_avg:392.42ms
step:6122/6200 train_loss:3.3124 train_time:2398439ms step_avg:392.41ms
step:6123/6200 train_loss:3.2821 train_time:2398827ms step_avg:392.41ms
step:6124/6200 train_loss:3.3258 train_time:2399219ms step_avg:392.41ms
step:6125/6200 train_loss:3.2837 train_time:2399607ms step_avg:392.41ms
step:6125/6200 val_loss:3.2784 train_time:2399839ms step_avg:392.45ms
step:6126/6200 train_loss:3.3270 train_time:2400000ms step_avg:392.41ms
step:6127/6200 train_loss:4.5242 train_time:2400385ms step_avg:392.41ms
step:6128/6200 train_loss:3.3412 train_time:2400776ms step_avg:392.41ms
step:6129/6200 train_loss:3.2704 train_time:2401163ms step_avg:392.41ms
step:6130/6200 train_loss:3.1989 train_time:2401562ms step_avg:392.41ms
step:6131/6200 train_loss:3.1480 train_time:2401950ms step_avg:392.41ms
step:6132/6200 train_loss:3.5917 train_time:2402346ms step_avg:392.41ms
step:6133/6200 train_loss:3.3859 train_time:2402727ms step_avg:392.41ms
step:6134/6200 train_loss:3.3034 train_time:2403164ms step_avg:392.42ms
step:6135/6200 train_loss:3.3221 train_time:2403512ms step_avg:392.41ms
step:6136/6200 train_loss:3.2461 train_time:2403898ms step_avg:392.41ms
step:6137/6200 train_loss:3.2227 train_time:2404284ms step_avg:392.41ms
step:6138/6200 train_loss:3.2451 train_time:2404675ms step_avg:392.41ms
step:6139/6200 train_loss:3.1838 train_time:2405092ms step_avg:392.41ms
step:6140/6200 train_loss:3.5159 train_time:2405456ms step_avg:392.41ms
step:6141/6200 train_loss:3.3468 train_time:2405845ms step_avg:392.41ms
step:6142/6200 train_loss:3.2348 train_time:2406239ms step_avg:392.41ms
step:6143/6200 train_loss:3.1770 train_time:2406628ms step_avg:392.41ms
step:6144/6200 train_loss:3.1984 train_time:2407016ms step_avg:392.41ms
step:6145/6200 train_loss:3.1336 train_time:2407408ms step_avg:392.41ms
step:6146/6200 train_loss:3.3249 train_time:2407797ms step_avg:392.41ms
step:6147/6200 train_loss:3.3158 train_time:2408187ms step_avg:392.40ms
step:6148/6200 train_loss:3.3153 train_time:2408574ms step_avg:392.40ms
step:6149/6200 train_loss:3.0137 train_time:2408962ms step_avg:392.40ms
step:6150/6200 train_loss:3.5014 train_time:2409353ms step_avg:392.40ms
step:6151/6200 train_loss:3.4371 train_time:2409743ms step_avg:392.40ms
step:6152/6200 train_loss:3.0271 train_time:2410134ms step_avg:392.40ms
step:6153/6200 train_loss:3.3293 train_time:2410524ms step_avg:392.40ms
step:6154/6200 train_loss:3.2317 train_time:2410914ms step_avg:392.40ms
step:6155/6200 train_loss:3.3272 train_time:2411299ms step_avg:392.40ms
step:6156/6200 train_loss:3.1949 train_time:2411692ms step_avg:392.40ms
step:6157/6200 train_loss:3.2492 train_time:2412082ms step_avg:392.40ms
step:6158/6200 train_loss:3.7381 train_time:2412471ms step_avg:392.40ms
step:6159/6200 train_loss:3.4934 train_time:2412862ms step_avg:392.40ms
step:6160/6200 train_loss:3.2746 train_time:2413253ms step_avg:392.40ms
step:6161/6200 train_loss:3.2486 train_time:2413643ms step_avg:392.40ms
step:6162/6200 train_loss:3.2786 train_time:2414029ms step_avg:392.40ms
step:6163/6200 train_loss:3.2222 train_time:2414421ms step_avg:392.40ms
step:6164/6200 train_loss:3.5894 train_time:2414812ms step_avg:392.40ms
step:6165/6200 train_loss:3.1020 train_time:2415198ms step_avg:392.40ms
step:6166/6200 train_loss:3.2178 train_time:2415587ms step_avg:392.40ms
step:6167/6200 train_loss:3.5482 train_time:2415986ms step_avg:392.40ms
step:6168/6200 train_loss:3.1887 train_time:2416384ms step_avg:392.40ms
step:6169/6200 train_loss:3.1652 train_time:2416762ms step_avg:392.40ms
step:6170/6200 train_loss:3.2572 train_time:2417150ms step_avg:392.39ms
step:6171/6200 train_loss:3.4873 train_time:2417538ms step_avg:392.39ms
step:6172/6200 train_loss:3.3585 train_time:2417928ms step_avg:392.39ms
step:6173/6200 train_loss:3.3502 train_time:2418320ms step_avg:392.39ms
step:6174/6200 train_loss:3.3080 train_time:2418706ms step_avg:392.39ms
step:6175/6200 train_loss:3.2513 train_time:2419135ms step_avg:392.40ms
step:6176/6200 train_loss:3.3753 train_time:2419482ms step_avg:392.39ms
step:6177/6200 train_loss:3.3453 train_time:2419871ms step_avg:392.39ms
step:6178/6200 train_loss:3.2024 train_time:2420266ms step_avg:392.39ms
step:6179/6200 train_loss:3.2830 train_time:2420675ms step_avg:392.39ms
step:6180/6200 train_loss:3.3648 train_time:2421047ms step_avg:392.39ms
step:6181/6200 train_loss:3.5775 train_time:2421437ms step_avg:392.39ms
step:6182/6200 train_loss:3.2869 train_time:2421830ms step_avg:392.39ms
step:6183/6200 train_loss:3.3448 train_time:2422218ms step_avg:392.39ms
step:6184/6200 train_loss:3.4301 train_time:2422607ms step_avg:392.39ms
step:6185/6200 train_loss:3.5074 train_time:2422999ms step_avg:392.39ms
step:6186/6200 train_loss:3.2590 train_time:2423388ms step_avg:392.39ms
step:6187/6200 train_loss:3.1424 train_time:2423779ms step_avg:392.39ms
step:6188/6200 train_loss:3.2976 train_time:2424178ms step_avg:392.39ms
step:6189/6200 train_loss:3.1905 train_time:2424557ms step_avg:392.39ms
step:6190/6200 train_loss:3.3587 train_time:2424944ms step_avg:392.39ms
step:6191/6200 train_loss:3.4361 train_time:2425334ms step_avg:392.39ms
step:6192/6200 train_loss:3.2018 train_time:2425722ms step_avg:392.38ms
step:6193/6200 train_loss:3.3752 train_time:2426112ms step_avg:392.38ms
step:6194/6200 train_loss:3.4095 train_time:2426504ms step_avg:392.38ms
step:6195/6200 train_loss:3.3679 train_time:2426897ms step_avg:392.38ms
step:6196/6200 train_loss:3.4315 train_time:2427291ms step_avg:392.38ms
step:6197/6200 train_loss:3.3083 train_time:2427677ms step_avg:392.38ms
step:6198/6200 train_loss:3.5977 train_time:2428068ms step_avg:392.38ms
step:6199/6200 train_loss:3.2398 train_time:2428454ms step_avg:392.38ms
step:6200/6200 train_loss:3.1639 train_time:2428845ms step_avg:392.38ms
step:6200/6200 val_loss:3.2766 train_time:2429077ms step_avg:392.42ms
peak memory consumption: 33226 MiB
Metrics saved to /models/modded-nanogpt_record50_cautious_wd/npu_bench/record_004_muon_improvements/agent_outputs/4/runs/seed_000/metrics.json
