====================================================================================================
import os
import sys
with open(sys.argv[0]) as f:
    code = f.read()
import uuid
import glob
import time
import json
import math
from dataclasses import dataclass

import numpy as np

os.environ["PYTORCH_NPU_ALLOC_CONF"] = "expandable_segments:True"
import torch
import torch_npu
torch.empty(1, device="npu", requires_grad=True).backward()

from torch import nn
import torch.nn.functional as F
import torch.distributed as dist
from torch.nn.parallel import DistributedDataParallel as DDP

# -----------------------------------------------------------------------------
# Muon optimizer

def zeropower_via_svd(G, steps=None):
    U, S, V = G.svd()
    return U @ V.T

def zeropower_via_newtonschulz5(G, steps=10, eps=1e-7):
    assert len(G.shape) == 2
    a, b, c = (3.4445, -4.7750,  2.0315)
    X = G.bfloat16()
    X /= (X.norm() + eps)
    if G.size(0) > G.size(1):
        X = X.T
    for _ in range(steps):
        A = X @ X.T
        B = A @ X
        X = a * X + b * B + c * A @ B
    if G.size(0) > G.size(1):
        X = X.T
    return X

zeropower_backends = dict(svd=zeropower_via_svd, newtonschulz5=zeropower_via_newtonschulz5)

class Muon(torch.optim.Optimizer):
    def __init__(self, params, lr=3e-4, momentum=0.95, nesterov=True, backend='newtonschulz5', backend_steps=5):
        defaults = dict(lr=lr, momentum=momentum, nesterov=nesterov, backend=backend, backend_steps=backend_steps)
        super().__init__(params, defaults)

    def step(self):
        for group in self.param_groups:
            lr = group['lr']
            momentum = group['momentum']
            zeropower_backend = zeropower_backends[group['backend']]
            for p in group['params']:
                g = p.grad
                if g is None:
                    continue
                state = self.state[p]
                if 'momentum_buffer' not in state:
                    state['momentum_buffer'] = torch.zeros_like(g)
                buf = state['momentum_buffer']
                buf.mul_(momentum).add_(g)
                if group['nesterov']:
                    g = g.add(buf, alpha=momentum)
                if g.size(0) == 3 * g.size(1):
                    g = torch.cat([zeropower_backend(g1, steps=group['backend_steps']) for g1 in g.split(g.size(1))])
                    scale = g.size(1)**0.5
                else:
                    g = zeropower_backend(g, steps=group['backend_steps'])
                    scale = max(g.size(0), g.size(1))**0.5
                p.data.add_(g, alpha=-lr * scale)

# -----------------------------------------------------------------------------
# PyTorch nn.Module definitions for the GPT-2 model

class Rotary(torch.nn.Module):
    def __init__(self, dim, base=10000):
        super().__init__()
        self.inv_freq = 1.0 / (base ** (torch.arange(0, dim, 2).float() / dim))
        self.seq_len_cached = None
        self.cos_cached = None
        self.sin_cached = None

    def forward(self, x):
        seq_len = x.shape[1]
        if seq_len != self.seq_len_cached:
            self.seq_len_cached = seq_len
            t = torch.arange(seq_len, device=x.device).type_as(self.inv_freq)
            freqs = torch.outer(t, self.inv_freq).to(x.device)
            self.cos_cached = freqs.cos().bfloat16()
            self.sin_cached = freqs.sin().bfloat16()
        return self.cos_cached[None, :, None, :], self.sin_cached[None, :, None, :]

def apply_rotary_emb(x, cos, sin):
    assert x.ndim == 4
    d = x.shape[3]//2
    x1 = x[..., :d]
    x2 = x[..., d:]
    y1 = x1 * cos + x2 * sin
    y2 = x1 * (-sin) + x2 * cos
    return torch.cat([y1, y2], 3).type_as(x)

class CausalSelfAttention(nn.Module):
    def __init__(self, config):
        super().__init__()
        self.n_head = config.n_head
        self.n_embd = config.n_embd
        self.head_dim = self.n_embd // self.n_head
        assert self.n_embd % self.n_head == 0
        self.c_q = nn.Linear(self.n_embd, self.n_embd, bias=False)
        self.c_k = nn.Linear(self.n_embd, self.n_embd, bias=False)
        self.c_v = nn.Linear(self.n_embd, self.n_embd, bias=False)
        self.c_proj = nn.Linear(self.n_embd, self.n_embd, bias=False)
        self.c_proj.weight.data.zero_()
        self.rotary = Rotary(self.head_dim)

    def forward(self, x):
        B, T, C = x.size()
        q = self.c_q(x).view(B, T, self.n_head, self.head_dim)
        k = self.c_k(x).view(B, T, self.n_head, self.head_dim)
        v = self.c_v(x).view(B, T, self.n_head, self.head_dim)
        cos, sin = self.rotary(q)
        q, k = apply_rotary_emb(q, cos, sin), apply_rotary_emb(k, cos, sin)
        q, k = F.rms_norm(q, (q.size(-1),)), F.rms_norm(k, (k.size(-1),))
        y = F.scaled_dot_product_attention(q.transpose(1, 2), k.transpose(1, 2), v.transpose(1, 2), is_causal=True)
        y = y.transpose(1, 2).contiguous().view_as(x)
        y = self.c_proj(y)
        return y

class MLP(nn.Module):
    def __init__(self, config):
        super().__init__()
        self.c_fc    = nn.Linear(config.n_embd, 4 * config.n_embd, bias=False)
        self.c_proj  = nn.Linear(4 * config.n_embd, config.n_embd, bias=False)
        self.c_proj.weight.data.zero_()

    def forward(self, x):
        x = self.c_fc(x)
        x = F.relu(x).square()
        x = self.c_proj(x)
        return x

class Block(nn.Module):
    def __init__(self, config):
        super().__init__()
        self.attn = CausalSelfAttention(config)
        self.mlp = MLP(config)

    def forward(self, x):
        x = x + self.attn(F.rms_norm(x, (x.size(-1),)))
        x = x + self.mlp(F.rms_norm(x, (x.size(-1),)))
        return x

# -----------------------------------------------------------------------------
# The main GPT-2 model

@dataclass
class GPTConfig:
    vocab_size : int = 50304
    n_layer : int = 12
    n_head : int = 6
    n_embd : int = 768

class GPT(nn.Module):
    def __init__(self, config):
        super().__init__()
        self.config = config
        self.transformer = nn.ModuleDict(dict(
            wte = nn.Embedding(config.vocab_size, config.n_embd),
            h = nn.ModuleList([Block(config) for _ in range(config.n_layer)]),
        ))
        self.lm_head = nn.Linear(config.n_embd, config.vocab_size, bias=False)
        self.transformer.wte.weight = self.lm_head.weight

    def forward(self, idx, targets=None, return_logits=True):
        x = self.transformer.wte(idx)
        for block in self.transformer.h:
            x = block(x)
        x = F.rms_norm(x, (x.size(-1),))
        if targets is not None:
            logits = self.lm_head(x)
            logits = logits.float()
            loss = F.cross_entropy(logits.view(-1, logits.size(-1)), targets.view(-1), ignore_index=-1)
        else:
            logits = self.lm_head(x[:, [-1], :])step:0/5100 val_loss:15.9927 train_time:59ms step_avg:nanms
step:1/5100 train_loss:15.9980 train_time:1036ms step_avg:nanms
step:2/5100 train_loss:9.4842 train_time:1493ms step_avg:nanms
step:3/5100 train_loss:8.6565 train_time:1978ms step_avg:nanms
step:4/5100 train_loss:7.9487 train_time:2474ms step_avg:nanms
step:5/5100 train_loss:7.7298 train_time:2971ms step_avg:nanms
step:6/5100 train_loss:7.5797 train_time:3462ms step_avg:nanms
step:7/5100 train_loss:7.3610 train_time:3954ms step_avg:nanms
step:8/5100 train_loss:7.3455 train_time:4457ms step_avg:nanms
step:9/5100 train_loss:7.4079 train_time:4949ms step_avg:nanms
step:10/5100 train_loss:7.1235 train_time:5444ms step_avg:nanms
step:11/5100 train_loss:6.9923 train_time:184ms step_avg:nanms
step:12/5100 train_loss:6.6989 train_time:683ms step_avg:nanms
step:13/5100 train_loss:6.7453 train_time:1176ms step_avg:391.90ms
step:14/5100 train_loss:6.5888 train_time:1668ms step_avg:416.91ms
step:15/5100 train_loss:6.5241 train_time:2169ms step_avg:433.86ms
step:16/5100 train_loss:6.4514 train_time:2667ms step_avg:444.44ms
step:17/5100 train_loss:6.6360 train_time:3163ms step_avg:451.91ms
step:18/5100 train_loss:6.6086 train_time:3657ms step_avg:457.09ms
step:19/5100 train_loss:6.4695 train_time:4151ms step_avg:461.18ms
step:20/5100 train_loss:6.5389 train_time:4646ms step_avg:464.60ms
step:21/5100 train_loss:6.2658 train_time:5140ms step_avg:467.30ms
step:22/5100 train_loss:6.3517 train_time:5634ms step_avg:469.48ms
step:23/5100 train_loss:6.8801 train_time:6127ms step_avg:471.32ms
step:24/5100 train_loss:6.3208 train_time:6623ms step_avg:473.04ms
step:25/5100 train_loss:6.7594 train_time:7119ms step_avg:474.60ms
step:26/5100 train_loss:6.1722 train_time:7614ms step_avg:475.88ms
step:27/5100 train_loss:6.0546 train_time:8109ms step_avg:476.98ms
step:28/5100 train_loss:6.3666 train_time:8604ms step_avg:478.02ms
step:29/5100 train_loss:5.7259 train_time:9096ms step_avg:478.74ms
step:30/5100 train_loss:6.1605 train_time:9589ms step_avg:479.47ms
step:31/5100 train_loss:6.1648 train_time:10082ms step_avg:480.08ms
step:32/5100 train_loss:5.8617 train_time:10575ms step_avg:480.70ms
step:33/5100 train_loss:6.0086 train_time:11072ms step_avg:481.39ms
step:34/5100 train_loss:6.1201 train_time:11562ms step_avg:481.74ms
step:35/5100 train_loss:6.1876 train_time:12054ms step_avg:482.18ms
step:36/5100 train_loss:6.2098 train_time:12551ms step_avg:482.73ms
step:37/5100 train_loss:6.0417 train_time:13045ms step_avg:483.14ms
step:38/5100 train_loss:6.1133 train_time:13536ms step_avg:483.44ms
step:39/5100 train_loss:5.8127 train_time:14034ms step_avg:483.91ms
step:40/5100 train_loss:5.8978 train_time:14526ms step_avg:484.20ms
step:41/5100 train_loss:5.7805 train_time:15019ms step_avg:484.49ms
step:42/5100 train_loss:5.8909 train_time:15519ms step_avg:484.98ms
step:43/5100 train_loss:5.4833 train_time:16016ms step_avg:485.32ms
step:44/5100 train_loss:5.9156 train_time:16508ms step_avg:485.53ms
step:45/5100 train_loss:5.8012 train_time:17007ms step_avg:485.92ms
step:46/5100 train_loss:5.8094 train_time:17498ms step_avg:486.04ms
step:47/5100 train_loss:5.7474 train_time:17991ms step_avg:486.26ms
step:48/5100 train_loss:5.6381 train_time:18506ms step_avg:487.01ms
step:49/5100 train_loss:5.7680 train_time:19002ms step_avg:487.24ms
step:50/5100 train_loss:5.5402 train_time:19472ms step_avg:486.79ms
step:51/5100 train_loss:5.7879 train_time:19986ms step_avg:487.46ms
step:52/5100 train_loss:5.7228 train_time:20464ms step_avg:487.23ms
step:53/5100 train_loss:5.6204 train_time:20959ms step_avg:487.42ms
step:54/5100 train_loss:5.6353 train_time:21457ms step_avg:487.66ms
step:55/5100 train_loss:5.5601 train_time:21949ms step_avg:487.75ms
step:56/5100 train_loss:5.9042 train_time:22446ms step_avg:487.96ms
step:57/5100 train_loss:5.6504 train_time:22937ms step_avg:488.02ms
step:58/5100 train_loss:5.4227 train_time:23436ms step_avg:488.26ms
step:59/5100 train_loss:5.6889 train_time:23924ms step_avg:488.24ms
step:60/5100 train_loss:5.5431 train_time:24430ms step_avg:488.60ms
step:61/5100 train_loss:5.7179 train_time:24917ms step_avg:488.57ms
step:62/5100 train_loss:5.4033 train_time:25416ms step_avg:488.76ms
step:63/5100 train_loss:5.6145 train_time:25914ms step_avg:488.94ms
step:64/5100 train_loss:5.5678 train_time:26399ms step_avg:488.87ms
step:65/5100 train_loss:4.9041 train_time:26893ms step_avg:488.96ms
step:66/5100 train_loss:5.4601 train_time:27390ms step_avg:489.11ms
step:67/5100 train_loss:5.5670 train_time:27883ms step_avg:489.17ms
step:68/5100 train_loss:5.3799 train_time:28374ms step_avg:489.21ms
step:69/5100 train_loss:5.7155 train_time:28867ms step_avg:489.27ms
step:70/5100 train_loss:5.2177 train_time:29364ms step_avg:489.40ms
step:71/5100 train_loss:5.3311 train_time:29855ms step_avg:489.42ms
step:72/5100 train_loss:5.3045 train_time:30347ms step_avg:489.47ms
step:73/5100 train_loss:5.5058 train_time:30841ms step_avg:489.54ms
step:74/5100 train_loss:5.2054 train_time:31336ms step_avg:489.62ms
step:75/5100 train_loss:5.6902 train_time:31830ms step_avg:489.70ms
step:76/5100 train_loss:5.4235 train_time:32322ms step_avg:489.73ms
step:77/5100 train_loss:5.3770 train_time:32814ms step_avg:489.76ms
step:78/5100 train_loss:5.5196 train_time:33313ms step_avg:489.89ms
step:79/5100 train_loss:5.1115 train_time:33806ms step_avg:489.94ms
step:80/5100 train_loss:5.4082 train_time:34302ms step_avg:490.03ms
step:81/5100 train_loss:5.3992 train_time:34798ms step_avg:490.11ms
step:82/5100 train_loss:5.2381 train_time:35295ms step_avg:490.21ms
step:83/5100 train_loss:5.3077 train_time:35789ms step_avg:490.26ms
step:84/5100 train_loss:5.2895 train_time:36283ms step_avg:490.31ms
step:85/5100 train_loss:5.1640 train_time:36780ms step_avg:490.40ms
step:86/5100 train_loss:5.2036 train_time:37267ms step_avg:490.35ms
step:87/5100 train_loss:5.4378 train_time:37770ms step_avg:490.52ms
step:88/5100 train_loss:5.2529 train_time:38259ms step_avg:490.50ms
step:89/5100 train_loss:5.3481 train_time:38750ms step_avg:490.51ms
step:90/5100 train_loss:5.4026 train_time:39245ms step_avg:490.57ms
step:91/5100 train_loss:5.1925 train_time:39755ms step_avg:490.80ms
step:92/5100 train_loss:5.3128 train_time:40231ms step_avg:490.63ms
step:93/5100 train_loss:5.4193 train_time:40728ms step_avg:490.69ms
step:94/5100 train_loss:5.1426 train_time:41220ms step_avg:490.71ms
step:95/5100 train_loss:5.1581 train_time:41712ms step_avg:490.73ms
step:96/5100 train_loss:5.1634 train_time:42206ms step_avg:490.77ms
step:97/5100 train_loss:5.1719 train_time:42705ms step_avg:490.86ms
step:98/5100 train_loss:5.2079 train_time:43200ms step_avg:490.91ms
step:99/5100 train_loss:5.1071 train_time:43697ms step_avg:490.98ms
step:100/5100 train_loss:5.1543 train_time:44181ms step_avg:490.90ms
step:101/5100 train_loss:5.1719 train_time:44679ms step_avg:490.97ms
step:102/5100 train_loss:5.2132 train_time:45172ms step_avg:491.00ms
step:103/5100 train_loss:5.1314 train_time:45672ms step_avg:491.10ms
step:104/5100 train_loss:5.0290 train_time:46162ms step_avg:491.09ms
step:105/5100 train_loss:4.9303 train_time:46657ms step_avg:491.12ms
step:106/5100 train_loss:5.1427 train_time:47143ms step_avg:491.07ms
step:107/5100 train_loss:4.9147 train_time:47637ms step_avg:491.10ms
step:108/5100 train_loss:5.0783 train_time:48131ms step_avg:491.13ms
step:109/5100 train_loss:4.9950 train_time:48631ms step_avg:491.22ms
step:110/5100 train_loss:5.1068 train_time:49116ms step_avg:491.16ms
step:111/5100 train_loss:4.9997 train_time:49625ms step_avg:491.34ms
step:112/5100 train_loss:5.0729 train_time:50117ms step_avg:491.35ms
step:113/5100 train_loss:5.1708 train_time:50616ms step_avg:491.42ms
step:114/5100 train_loss:5.0368 train_time:51112ms step_avg:491.46ms
step:115/5100 train_loss:4.9584 train_time:51608ms step_avg:491.51ms
step:116/5100 train_loss:5.1206 train_time:52102ms step_avg:491.52ms
step:117/5100 train_loss:5.0370 train_time:52600ms step_avg:491.59ms
step:118/5100 train_loss:4.8607 train_time:53081ms step_avg:491.49ms
step:119/5100 train_loss:5.1148 train_time:53573ms step_avg:491.49ms
step:120/5100 train_loss:4.9784 train_time:54066ms step_avg:491.51ms
step:121/5100 train_loss:4.9857 train_time:54552ms step_avg:491.46ms
step:122/5100 train_loss:4.7543 train_time:55051ms step_avg:491.53ms
step:123/5100 train_loss:5.0485 train_time:55540ms step_avg:491.51ms
step:124/5100 train_loss:4.8795 train_time:56036ms step_avg:491.54ms
step:125/5100 train_loss:5.2499 train_time:56525ms step_avg:491.52ms
step:125/5100 val_loss:4.9528 train_time:56835ms step_avg:494.22ms
step:126/5100 train_loss:5.0525 train_time:57035ms step_avg:491.69ms
step:127/5100 train_loss:5.0213 train_time:57512ms step_avg:491.56ms
step:128/5100 train_loss:4.9833 train_time:58015ms step_avg:491.65ms
step:129/5100 train_loss:4.9650 train_time:58501ms step_avg:491.60ms
step:130/5100 train_loss:5.4444 train_time:58992ms step_avg:491.60ms
step:131/5100 train_loss:4.9899 train_time:59487ms step_avg:491.63ms
step:132/5100 train_loss:4.7357 train_time:59978ms step_avg:491.62ms
step:133/5100 train_loss:4.7740 train_time:60476ms step_avg:491.68ms
step:134/5100 train_loss:4.9033 train_time:60968ms step_avg:491.68ms
step:135/5100 train_loss:4.8376 train_time:61461ms step_avg:491.69ms
step:136/5100 train_loss:4.8893 train_time:61953ms step_avg:491.69ms
step:137/5100 train_loss:4.7110 train_time:62449ms step_avg:491.73ms
step:138/5100 train_loss:4.8750 train_time:62947ms step_avg:491.77ms
step:139/5100 train_loss:4.8358 train_time:63443ms step_avg:491.80ms
step:140/5100 train_loss:4.8971 train_time:63935ms step_avg:491.80ms
step:141/5100 train_loss:5.1947 train_time:64435ms step_avg:491.87ms
step:142/5100 train_loss:4.9036 train_time:64924ms step_avg:491.85ms
step:143/5100 train_loss:4.8511 train_time:65420ms step_avg:491.88ms
step:144/5100 train_loss:4.9053 train_time:65911ms step_avg:491.87ms
step:145/5100 train_loss:4.8280 train_time:66404ms step_avg:491.88ms
step:146/5100 train_loss:4.7238 train_time:66901ms step_avg:491.92ms
step:147/5100 train_loss:4.6333 train_time:67392ms step_avg:491.91ms
step:148/5100 train_loss:4.7938 train_time:67886ms step_avg:491.93ms
step:149/5100 train_loss:4.8164 train_time:68378ms step_avg:491.93ms
step:150/5100 train_loss:5.0550 train_time:68871ms step_avg:491.94ms
step:151/5100 train_loss:4.8780 train_time:69368ms step_avg:491.97ms
step:152/5100 train_loss:4.7632 train_time:69865ms step_avg:492.01ms
step:153/5100 train_loss:4.7843 train_time:70353ms step_avg:491.98ms
step:154/5100 train_loss:4.9148 train_time:70848ms step_avg:492.00ms
step:155/5100 train_loss:5.0120 train_time:71348ms step_avg:492.05ms
step:156/5100 train_loss:4.7212 train_time:71835ms step_avg:492.02ms
step:157/5100 train_loss:4.8884 train_time:72335ms step_avg:492.08ms
step:158/5100 train_loss:4.9134 train_time:72826ms step_avg:492.07ms
step:159/5100 train_loss:4.7288 train_time:73317ms step_avg:492.06ms
step:160/5100 train_loss:4.8270 train_time:73808ms step_avg:492.06ms
step:161/5100 train_loss:4.6653 train_time:74305ms step_avg:492.08ms
step:162/5100 train_loss:4.8311 train_time:74802ms step_avg:492.12ms
step:163/5100 train_loss:4.8648 train_time:75300ms step_avg:492.16ms
step:164/5100 train_loss:4.7662 train_time:75789ms step_avg:492.14ms
step:165/5100 train_loss:4.6237 train_time:76278ms step_avg:492.11ms
step:166/5100 train_loss:4.6970 train_time:76771ms step_avg:492.12ms
step:167/5100 train_loss:4.8842 train_time:77265ms step_avg:492.13ms
step:168/5100 train_loss:4.5286 train_time:77759ms step_avg:492.15ms
step:169/5100 train_loss:4.9939 train_time:78251ms step_avg:492.15ms
step:170/5100 train_loss:4.5617 train_time:78745ms step_avg:492.16ms
step:171/5100 train_loss:4.4938 train_time:79242ms step_avg:492.18ms
step:172/5100 train_loss:4.6353 train_time:79736ms step_avg:492.20ms
step:173/5100 train_loss:4.6504 train_time:80227ms step_avg:492.19ms
step:174/5100 train_loss:4.6910 train_time:80725ms step_avg:492.22ms
step:175/5100 train_loss:4.8067 train_time:81222ms step_avg:492.26ms
step:176/5100 train_loss:4.7901 train_time:81709ms step_avg:492.22ms
step:177/5100 train_loss:4.5600 train_time:82201ms step_avg:492.22ms
step:178/5100 train_loss:4.5236 train_time:82697ms step_avg:492.25ms
step:179/5100 train_loss:4.5903 train_time:83208ms step_avg:492.36ms
step:180/5100 train_loss:4.5629 train_time:83685ms step_avg:492.26ms
step:181/5100 train_loss:4.6626 train_time:84183ms step_avg:492.30ms
step:182/5100 train_loss:4.5383 train_time:84675ms step_avg:492.29ms
step:183/5100 train_loss:4.5953 train_time:85166ms step_avg:492.29ms
step:184/5100 train_loss:4.5752 train_time:85663ms step_avg:492.32ms
step:185/5100 train_loss:4.5496 train_time:86153ms step_avg:492.30ms
step:186/5100 train_loss:4.8986 train_time:86664ms step_avg:492.41ms
step:187/5100 train_loss:4.6840 train_time:87162ms step_avg:492.44ms
step:188/5100 train_loss:4.9171 train_time:87635ms step_avg:492.33ms
step:189/5100 train_loss:4.5559 train_time:88131ms step_avg:492.35ms
step:190/5100 train_loss:4.5376 train_time:88940ms step_avg:494.11ms
step:191/5100 train_loss:4.7288 train_time:89420ms step_avg:494.03ms
step:192/5100 train_loss:4.5302 train_time:89913ms step_avg:494.03ms
step:193/5100 train_loss:4.5062 train_time:90415ms step_avg:494.07ms
step:194/5100 train_loss:4.7818 train_time:90901ms step_avg:494.03ms
step:195/5100 train_loss:4.5834 train_time:91396ms step_avg:494.03ms
step:196/5100 train_loss:4.9657 train_time:91895ms step_avg:494.06ms
step:197/5100 train_loss:4.6797 train_time:92383ms step_avg:494.03ms
step:198/5100 train_loss:4.4605 train_time:92890ms step_avg:494.10ms
step:199/5100 train_loss:4.4883 train_time:93383ms step_avg:494.09ms
step:200/5100 train_loss:4.4667 train_time:93877ms step_avg:494.09ms
step:201/5100 train_loss:4.5405 train_time:94368ms step_avg:494.07ms
step:202/5100 train_loss:4.4766 train_time:94863ms step_avg:494.08ms
step:203/5100 train_loss:4.6403 train_time:95359ms step_avg:494.09ms
step:204/5100 train_loss:4.5589 train_time:95853ms step_avg:494.09ms
step:205/5100 train_loss:4.7442 train_time:96340ms step_avg:494.05ms
step:206/5100 train_loss:4.5531 train_time:96841ms step_avg:494.09ms
step:207/5100 train_loss:4.3963 train_time:97347ms step_avg:494.14ms
step:208/5100 train_loss:4.5544 train_time:97847ms step_avg:494.18ms
step:209/5100 train_loss:4.5648 train_time:98344ms step_avg:494.19ms
step:210/5100 train_loss:4.6484 train_time:98838ms step_avg:494.19ms
step:211/5100 train_loss:4.5685 train_time:99339ms step_avg:494.22ms
step:212/5100 train_loss:4.5200 train_time:99824ms step_avg:494.18ms
step:213/5100 train_loss:4.5849 train_time:100321ms step_avg:494.19ms
step:214/5100 train_loss:4.3325 train_time:100812ms step_avg:494.17ms
step:215/5100 train_loss:4.4856 train_time:101305ms step_avg:494.17ms
step:216/5100 train_loss:4.4177 train_time:101798ms step_avg:494.16ms
step:217/5100 train_loss:4.3558 train_time:102291ms step_avg:494.16ms
step:218/5100 train_loss:4.4922 train_time:102794ms step_avg:494.20ms
step:219/5100 train_loss:4.3953 train_time:103286ms step_avg:494.19ms
step:220/5100 train_loss:4.4687 train_time:103779ms step_avg:494.18ms
step:221/5100 train_loss:4.4650 train_time:104268ms step_avg:494.16ms
step:222/5100 train_loss:4.4406 train_time:104764ms step_avg:494.17ms
step:223/5100 train_loss:4.3222 train_time:105264ms step_avg:494.20ms
step:224/5100 train_loss:4.4584 train_time:105754ms step_avg:494.18ms
step:225/5100 train_loss:4.5944 train_time:106250ms step_avg:494.19ms
step:226/5100 train_loss:4.2276 train_time:106745ms step_avg:494.19ms
step:227/5100 train_loss:4.2310 train_time:107244ms step_avg:494.21ms
step:228/5100 train_loss:4.3470 train_time:107743ms step_avg:494.24ms
step:229/5100 train_loss:4.5276 train_time:108254ms step_avg:494.31ms
step:230/5100 train_loss:4.2820 train_time:108757ms step_avg:494.35ms
step:231/5100 train_loss:4.4436 train_time:109216ms step_avg:494.19ms
step:232/5100 train_loss:4.4704 train_time:109710ms step_avg:494.19ms
step:233/5100 train_loss:4.2029 train_time:110204ms step_avg:494.19ms
step:234/5100 train_loss:4.4534 train_time:110697ms step_avg:494.18ms
step:235/5100 train_loss:4.2969 train_time:111190ms step_avg:494.18ms
step:236/5100 train_loss:3.9982 train_time:111683ms step_avg:494.17ms
step:237/5100 train_loss:4.4201 train_time:112178ms step_avg:494.18ms
step:238/5100 train_loss:4.4235 train_time:112673ms step_avg:494.18ms
step:239/5100 train_loss:4.2510 train_time:113164ms step_avg:494.17ms
step:240/5100 train_loss:4.4869 train_time:113657ms step_avg:494.16ms
step:241/5100 train_loss:4.4111 train_time:114154ms step_avg:494.17ms
step:242/5100 train_loss:4.2660 train_time:114645ms step_avg:494.16ms
step:243/5100 train_loss:4.2154 train_time:115138ms step_avg:494.15ms
step:244/5100 train_loss:4.3436 train_time:115612ms step_avg:494.07ms
step:245/5100 train_loss:4.3475 train_time:116106ms step_avg:494.07ms
step:246/5100 train_loss:4.5446 train_time:116603ms step_avg:494.08ms
step:247/5100 train_loss:4.5324 train_time:117099ms step_avg:494.09ms
step:248/5100 train_loss:4.3574 train_time:117593ms step_avg:494.09ms
step:249/5100 train_loss:4.3866 train_time:118090ms step_avg:494.10ms
step:250/5100 train_loss:4.1704 train_time:118578ms step_avg:494.08ms
step:250/5100 val_loss:4.3221 train_time:118887ms step_avg:495.36ms
step:251/5100 train_loss:4.2502 train_time:119072ms step_avg:494.07ms
step:252/5100 train_loss:4.3925 train_time:119566ms step_avg:494.08ms
step:253/5100 train_loss:4.2984 train_time:120056ms step_avg:494.06ms
step:254/5100 train_loss:4.0962 train_time:120555ms step_avg:494.08ms
step:255/5100 train_loss:4.2796 train_time:121043ms step_avg:494.05ms
step:256/5100 train_loss:4.2761 train_time:121540ms step_avg:494.07ms
step:257/5100 train_loss:4.4122 train_time:122029ms step_avg:494.04ms
step:258/5100 train_loss:4.2221 train_time:122525ms step_avg:494.05ms
step:259/5100 train_loss:4.1818 train_time:123016ms step_avg:494.04ms
step:260/5100 train_loss:4.3089 train_time:123518ms step_avg:494.07ms
step:261/5100 train_loss:4.3267 train_time:124002ms step_avg:494.03ms
step:262/5100 train_loss:4.3466 train_time:124497ms step_avg:494.04ms
step:263/5100 train_loss:4.2699 train_time:124990ms step_avg:494.03ms
step:264/5100 train_loss:4.2768 train_time:125487ms step_avg:494.04ms
step:265/5100 train_loss:4.2903 train_time:125978ms step_avg:494.03ms
step:266/5100 train_loss:4.0226 train_time:126470ms step_avg:494.02ms
step:267/5100 train_loss:4.2131 train_time:126968ms step_avg:494.04ms
step:268/5100 train_loss:4.0552 train_time:127468ms step_avg:494.06ms
step:269/5100 train_loss:4.1980 train_time:127957ms step_avg:494.04ms
step:270/5100 train_loss:4.1409 train_time:128455ms step_avg:494.06ms
step:271/5100 train_loss:4.3418 train_time:128942ms step_avg:494.03ms
step:272/5100 train_loss:4.2780 train_time:129439ms step_avg:494.04ms
step:273/5100 train_loss:4.1726 train_time:129936ms step_avg:494.05ms
step:274/5100 train_loss:4.2573 train_time:130430ms step_avg:494.05ms
step:275/5100 train_loss:4.3093 train_time:130923ms step_avg:494.05ms
step:276/5100 train_loss:4.2840 train_time:131419ms step_avg:494.05ms
step:277/5100 train_loss:4.2113 train_time:131914ms step_avg:494.06ms
step:278/5100 train_loss:4.0864 train_time:132406ms step_avg:494.05ms
step:279/5100 train_loss:4.3924 train_time:132910ms step_avg:494.09ms
step:280/5100 train_loss:4.2109 train_time:133402ms step_avg:494.08ms
step:281/5100 train_loss:4.6673 train_time:133894ms step_avg:494.07ms
step:282/5100 train_loss:4.2283 train_time:134389ms step_avg:494.08ms
step:283/5100 train_loss:4.1249 train_time:134891ms step_avg:494.11ms
step:284/5100 train_loss:4.2181 train_time:135376ms step_avg:494.07ms
step:285/5100 train_loss:4.2519 train_time:135872ms step_avg:494.08ms
step:286/5100 train_loss:4.2955 train_time:136365ms step_avg:494.08ms
step:287/5100 train_loss:4.4281 train_time:136869ms step_avg:494.11ms
step:288/5100 train_loss:4.1760 train_time:137356ms step_avg:494.08ms
step:289/5100 train_loss:4.2991 train_time:137851ms step_avg:494.09ms
step:290/5100 train_loss:4.1601 train_time:138345ms step_avg:494.09ms
step:291/5100 train_loss:4.2044 train_time:138839ms step_avg:494.09ms
step:292/5100 train_loss:4.2494 train_time:139331ms step_avg:494.08ms
step:293/5100 train_loss:4.2373 train_time:139825ms step_avg:494.08ms
step:294/5100 train_loss:4.1825 train_time:140320ms step_avg:494.08ms
step:295/5100 train_loss:4.2548 train_time:140816ms step_avg:494.09ms
step:296/5100 train_loss:4.0767 train_time:141304ms step_avg:494.07ms
step:297/5100 train_loss:4.1336 train_time:141801ms step_avg:494.08ms
step:298/5100 train_loss:4.0766 train_time:142294ms step_avg:494.08ms
step:299/5100 train_loss:4.2218 train_time:142788ms step_avg:494.07ms
step:300/5100 train_loss:4.1583 train_time:143281ms step_avg:494.07ms
step:301/5100 train_loss:4.3371 train_time:143779ms step_avg:494.08ms
step:302/5100 train_loss:4.1905 train_time:144271ms step_avg:494.08ms
step:303/5100 train_loss:4.1669 train_time:144764ms step_avg:494.08ms
step:304/5100 train_loss:4.1116 train_time:145258ms step_avg:494.07ms
step:305/5100 train_loss:4.2225 train_time:145751ms step_avg:494.07ms
step:306/5100 train_loss:5.1813 train_time:146244ms step_avg:494.07ms
step:307/5100 train_loss:4.1181 train_time:146743ms step_avg:494.09ms
step:308/5100 train_loss:4.1212 train_time:147234ms step_avg:494.07ms
step:309/5100 train_loss:4.2622 train_time:147726ms step_avg:494.07ms
step:310/5100 train_loss:4.0706 train_time:148246ms step_avg:494.15ms
step:311/5100 train_loss:4.2766 train_time:148737ms step_avg:494.14ms
step:312/5100 train_loss:4.0110 train_time:149218ms step_avg:494.10ms
step:313/5100 train_loss:4.0556 train_time:149712ms step_avg:494.10ms
step:314/5100 train_loss:4.2756 train_time:150239ms step_avg:494.21ms
step:315/5100 train_loss:4.4169 train_time:150703ms step_avg:494.11ms
step:316/5100 train_loss:4.1914 train_time:151197ms step_avg:494.11ms
step:317/5100 train_loss:4.0972 train_time:151694ms step_avg:494.12ms
step:318/5100 train_loss:4.1165 train_time:152189ms step_avg:494.12ms
step:319/5100 train_loss:4.1626 train_time:152682ms step_avg:494.12ms
step:320/5100 train_loss:4.1736 train_time:153174ms step_avg:494.11ms
step:321/5100 train_loss:4.4066 train_time:153670ms step_avg:494.11ms
step:322/5100 train_loss:4.2042 train_time:154162ms step_avg:494.11ms
step:323/5100 train_loss:4.2218 train_time:154655ms step_avg:494.10ms
step:324/5100 train_loss:4.3540 train_time:155148ms step_avg:494.10ms
step:325/5100 train_loss:4.2275 train_time:155643ms step_avg:494.11ms
step:326/5100 train_loss:4.2280 train_time:156142ms step_avg:494.12ms
step:327/5100 train_loss:4.1030 train_time:156634ms step_avg:494.11ms
step:328/5100 train_loss:5.0703 train_time:157121ms step_avg:494.09ms
step:329/5100 train_loss:4.3290 train_time:157616ms step_avg:494.09ms
step:330/5100 train_loss:4.0803 train_time:158115ms step_avg:494.11ms
step:331/5100 train_loss:4.0447 train_time:158602ms step_avg:494.09ms
step:332/5100 train_loss:3.9968 train_time:159096ms step_avg:494.09ms
step:333/5100 train_loss:4.1608 train_time:159589ms step_avg:494.08ms
step:334/5100 train_loss:4.1011 train_time:160085ms step_avg:494.09ms
step:335/5100 train_loss:4.0993 train_time:160585ms step_avg:494.11ms
step:336/5100 train_loss:4.2483 train_time:161076ms step_avg:494.10ms
step:337/5100 train_loss:4.3792 train_time:161568ms step_avg:494.09ms
step:338/5100 train_loss:4.9843 train_time:162062ms step_avg:494.09ms
step:339/5100 train_loss:4.1725 train_time:162562ms step_avg:494.11ms
step:340/5100 train_loss:4.0340 train_time:163056ms step_avg:494.11ms
step:341/5100 train_loss:4.1653 train_time:163550ms step_avg:494.11ms
step:342/5100 train_loss:4.1724 train_time:164047ms step_avg:494.12ms
step:343/5100 train_loss:4.0699 train_time:164540ms step_avg:494.11ms
step:344/5100 train_loss:3.9413 train_time:165036ms step_avg:494.12ms
step:345/5100 train_loss:4.0996 train_time:165530ms step_avg:494.12ms
step:346/5100 train_loss:3.9845 train_time:166026ms step_avg:494.13ms
step:347/5100 train_loss:3.9527 train_time:166521ms step_avg:494.13ms
step:348/5100 train_loss:4.0983 train_time:167016ms step_avg:494.13ms
step:349/5100 train_loss:4.0790 train_time:167508ms step_avg:494.12ms
step:350/5100 train_loss:4.0084 train_time:168004ms step_avg:494.13ms
step:351/5100 train_loss:3.5736 train_time:168512ms step_avg:494.17ms
step:352/5100 train_loss:3.9661 train_time:168988ms step_avg:494.12ms
step:353/5100 train_loss:4.4077 train_time:169484ms step_avg:494.12ms
step:354/5100 train_loss:4.0201 train_time:169979ms step_avg:494.12ms
step:355/5100 train_loss:4.0486 train_time:170482ms step_avg:494.15ms
step:356/5100 train_loss:4.1130 train_time:170976ms step_avg:494.15ms
step:357/5100 train_loss:4.1463 train_time:171472ms step_avg:494.15ms
step:358/5100 train_loss:4.0675 train_time:171966ms step_avg:494.16ms
step:359/5100 train_loss:3.8438 train_time:172444ms step_avg:494.11ms
step:360/5100 train_loss:4.3932 train_time:172941ms step_avg:494.12ms
step:361/5100 train_loss:3.5835 train_time:173437ms step_avg:494.12ms
step:362/5100 train_loss:4.0833 train_time:173928ms step_avg:494.11ms
step:363/5100 train_loss:4.1498 train_time:174428ms step_avg:494.13ms
step:364/5100 train_loss:3.9778 train_time:174918ms step_avg:494.12ms
step:365/5100 train_loss:3.9728 train_time:175414ms step_avg:494.12ms
step:366/5100 train_loss:4.0969 train_time:175907ms step_avg:494.12ms
step:367/5100 train_loss:4.1220 train_time:176399ms step_avg:494.11ms
step:368/5100 train_loss:4.1424 train_time:176894ms step_avg:494.12ms
step:369/5100 train_loss:4.0248 train_time:177387ms step_avg:494.11ms
step:370/5100 train_loss:3.9034 train_time:177887ms step_avg:494.13ms
step:371/5100 train_loss:4.1605 train_time:178379ms step_avg:494.13ms
step:372/5100 train_loss:3.9634 train_time:178881ms step_avg:494.15ms
step:373/5100 train_loss:3.9240 train_time:179363ms step_avg:494.11ms
step:374/5100 train_loss:4.1450 train_time:179858ms step_avg:494.11ms
step:375/5100 train_loss:4.0794 train_time:180350ms step_avg:494.11ms
step:375/5100 val_loss:4.0517 train_time:180660ms step_avg:494.96ms
step:376/5100 train_loss:4.0280 train_time:180845ms step_avg:494.11ms
step:377/5100 train_loss:4.0125 train_time:181338ms step_avg:494.11ms
step:378/5100 train_loss:4.0084 train_time:181837ms step_avg:494.12ms
step:379/5100 train_loss:4.1479 train_time:182330ms step_avg:494.12ms
step:380/5100 train_loss:4.1520 train_time:183109ms step_avg:494.89ms
step:381/5100 train_loss:4.1876 train_time:183598ms step_avg:494.87ms
step:382/5100 train_loss:4.1046 train_time:184093ms step_avg:494.87ms
step:383/5100 train_loss:3.9831 train_time:184590ms step_avg:494.88ms
step:384/5100 train_loss:3.9756 train_time:185080ms step_avg:494.87ms
step:385/5100 train_loss:3.9959 train_time:185574ms step_avg:494.86ms
step:386/5100 train_loss:3.9572 train_time:186070ms step_avg:494.87ms
step:387/5100 train_loss:4.1788 train_time:186566ms step_avg:494.87ms
step:388/5100 train_loss:4.4046 train_time:187058ms step_avg:494.86ms
step:389/5100 train_loss:4.1112 train_time:187551ms step_avg:494.86ms
step:390/5100 train_loss:3.9603 train_time:188048ms step_avg:494.86ms
step:391/5100 train_loss:4.0236 train_time:188544ms step_avg:494.87ms
step:392/5100 train_loss:4.0458 train_time:189035ms step_avg:494.86ms
step:393/5100 train_loss:4.1995 train_time:189530ms step_avg:494.86ms
step:394/5100 train_loss:3.9954 train_time:190028ms step_avg:494.87ms
step:395/5100 train_loss:3.9676 train_time:190517ms step_avg:494.85ms
step:396/5100 train_loss:3.7938 train_time:191012ms step_avg:494.85ms
step:397/5100 train_loss:4.1290 train_time:191506ms step_avg:494.85ms
step:398/5100 train_loss:4.1326 train_time:191999ms step_avg:494.84ms
step:399/5100 train_loss:4.1665 train_time:192494ms step_avg:494.84ms
step:400/5100 train_loss:4.0263 train_time:192990ms step_avg:494.85ms
step:401/5100 train_loss:4.1666 train_time:193485ms step_avg:494.85ms
step:402/5100 train_loss:4.0421 train_time:193976ms step_avg:494.84ms
step:403/5100 train_loss:4.1803 train_time:194469ms step_avg:494.83ms
step:404/5100 train_loss:4.2196 train_time:194966ms step_avg:494.84ms
step:405/5100 train_loss:4.0500 train_time:195459ms step_avg:494.83ms
step:406/5100 train_loss:4.0286 train_time:195957ms step_avg:494.84ms
step:407/5100 train_loss:4.2491 train_time:196452ms step_avg:494.84ms
step:408/5100 train_loss:4.0421 train_time:196949ms step_avg:494.85ms
step:409/5100 train_loss:4.0029 train_time:197445ms step_avg:494.85ms
step:410/5100 train_loss:4.1525 train_time:197932ms step_avg:494.83ms
step:411/5100 train_loss:3.9782 train_time:198430ms step_avg:494.84ms
step:412/5100 train_loss:3.9575 train_time:198927ms step_avg:494.84ms
step:413/5100 train_loss:4.5275 train_time:199409ms step_avg:494.81ms
step:414/5100 train_loss:3.9779 train_time:199902ms step_avg:494.81ms
step:415/5100 train_loss:4.1390 train_time:200397ms step_avg:494.81ms
step:416/5100 train_loss:3.9403 train_time:200889ms step_avg:494.80ms
step:417/5100 train_loss:3.9906 train_time:201386ms step_avg:494.81ms
step:418/5100 train_loss:4.1903 train_time:201878ms step_avg:494.80ms
step:419/5100 train_loss:3.8933 train_time:202372ms step_avg:494.80ms
step:420/5100 train_loss:3.9488 train_time:202871ms step_avg:494.81ms
step:421/5100 train_loss:3.8220 train_time:203365ms step_avg:494.81ms
step:422/5100 train_loss:3.7922 train_time:203860ms step_avg:494.81ms
step:423/5100 train_loss:4.0123 train_time:204353ms step_avg:494.80ms
step:424/5100 train_loss:3.9512 train_time:204847ms step_avg:494.80ms
step:425/5100 train_loss:3.9157 train_time:205339ms step_avg:494.79ms
step:426/5100 train_loss:3.8870 train_time:205832ms step_avg:494.79ms
step:427/5100 train_loss:3.9361 train_time:206329ms step_avg:494.79ms
step:428/5100 train_loss:3.9134 train_time:206822ms step_avg:494.79ms
step:429/5100 train_loss:3.9587 train_time:207315ms step_avg:494.78ms
step:430/5100 train_loss:3.9896 train_time:207808ms step_avg:494.78ms
step:431/5100 train_loss:4.0048 train_time:208301ms step_avg:494.78ms
step:432/5100 train_loss:3.8538 train_time:208799ms step_avg:494.78ms
step:433/5100 train_loss:3.9962 train_time:209327ms step_avg:494.86ms
step:434/5100 train_loss:4.0918 train_time:209827ms step_avg:494.88ms
step:435/5100 train_loss:3.9776 train_time:210287ms step_avg:494.79ms
step:436/5100 train_loss:4.0220 train_time:210780ms step_avg:494.79ms
step:437/5100 train_loss:3.7461 train_time:211274ms step_avg:494.79ms
step:438/5100 train_loss:3.8688 train_time:211771ms step_avg:494.79ms
step:439/5100 train_loss:3.9559 train_time:212266ms step_avg:494.79ms
step:440/5100 train_loss:3.8808 train_time:212758ms step_avg:494.79ms
step:441/5100 train_loss:4.2479 train_time:213254ms step_avg:494.79ms
step:442/5100 train_loss:3.8574 train_time:213748ms step_avg:494.79ms
step:443/5100 train_loss:3.9615 train_time:214235ms step_avg:494.77ms
step:444/5100 train_loss:3.8452 train_time:214731ms step_avg:494.77ms
step:445/5100 train_loss:3.9063 train_time:215223ms step_avg:494.77ms
step:446/5100 train_loss:3.9697 train_time:215724ms step_avg:494.78ms
step:447/5100 train_loss:3.9789 train_time:216209ms step_avg:494.76ms
step:448/5100 train_loss:4.0472 train_time:216704ms step_avg:494.76ms
step:449/5100 train_loss:4.0630 train_time:217198ms step_avg:494.76ms
step:450/5100 train_loss:3.9528 train_time:217691ms step_avg:494.75ms
step:451/5100 train_loss:3.9518 train_time:218185ms step_avg:494.75ms
step:452/5100 train_loss:3.8903 train_time:218681ms step_avg:494.75ms
step:453/5100 train_loss:3.8044 train_time:219235ms step_avg:494.89ms
step:454/5100 train_loss:3.8407 train_time:219674ms step_avg:494.76ms
step:455/5100 train_loss:3.8221 train_time:220164ms step_avg:494.75ms
step:456/5100 train_loss:4.0993 train_time:220661ms step_avg:494.76ms
step:457/5100 train_loss:3.9324 train_time:221150ms step_avg:494.74ms
step:458/5100 train_loss:3.9472 train_time:221645ms step_avg:494.74ms
step:459/5100 train_loss:4.1180 train_time:222140ms step_avg:494.74ms
step:460/5100 train_loss:3.7719 train_time:222633ms step_avg:494.74ms
step:461/5100 train_loss:4.0400 train_time:223133ms step_avg:494.75ms
step:462/5100 train_loss:3.9575 train_time:223620ms step_avg:494.73ms
step:463/5100 train_loss:4.0019 train_time:224112ms step_avg:494.73ms
step:464/5100 train_loss:4.0254 train_time:224629ms step_avg:494.78ms
step:465/5100 train_loss:3.8969 train_time:225128ms step_avg:494.79ms
step:466/5100 train_loss:3.9310 train_time:225594ms step_avg:494.72ms
step:467/5100 train_loss:4.0861 train_time:226085ms step_avg:494.72ms
step:468/5100 train_loss:4.2630 train_time:226582ms step_avg:494.72ms
step:469/5100 train_loss:3.8691 train_time:227075ms step_avg:494.72ms
step:470/5100 train_loss:3.8602 train_time:227569ms step_avg:494.71ms
step:471/5100 train_loss:3.9772 train_time:228064ms step_avg:494.72ms
step:472/5100 train_loss:3.9186 train_time:228557ms step_avg:494.71ms
step:473/5100 train_loss:4.0068 train_time:229056ms step_avg:494.72ms
step:474/5100 train_loss:3.8906 train_time:229552ms step_avg:494.72ms
step:475/5100 train_loss:3.7591 train_time:230044ms step_avg:494.72ms
step:476/5100 train_loss:4.0554 train_time:230537ms step_avg:494.71ms
step:477/5100 train_loss:3.8894 train_time:231041ms step_avg:494.73ms
step:478/5100 train_loss:3.9695 train_time:231528ms step_avg:494.72ms
step:479/5100 train_loss:4.1022 train_time:232018ms step_avg:494.71ms
step:480/5100 train_loss:3.9638 train_time:232526ms step_avg:494.74ms
step:481/5100 train_loss:3.9045 train_time:233001ms step_avg:494.69ms
step:482/5100 train_loss:3.9813 train_time:233501ms step_avg:494.71ms
step:483/5100 train_loss:3.7348 train_time:233992ms step_avg:494.70ms
step:484/5100 train_loss:3.9520 train_time:234483ms step_avg:494.69ms
step:485/5100 train_loss:3.9070 train_time:234976ms step_avg:494.69ms
step:486/5100 train_loss:3.8886 train_time:235469ms step_avg:494.68ms
step:487/5100 train_loss:3.8283 train_time:235961ms step_avg:494.68ms
step:488/5100 train_loss:3.8825 train_time:236463ms step_avg:494.69ms
step:489/5100 train_loss:4.0109 train_time:236960ms step_avg:494.70ms
step:490/5100 train_loss:4.0057 train_time:237447ms step_avg:494.68ms
step:491/5100 train_loss:3.9044 train_time:237949ms step_avg:494.70ms
step:492/5100 train_loss:3.7859 train_time:238434ms step_avg:494.68ms
step:493/5100 train_loss:4.1975 train_time:238925ms step_avg:494.67ms
step:494/5100 train_loss:3.7333 train_time:239420ms step_avg:494.67ms
step:495/5100 train_loss:3.9764 train_time:239918ms step_avg:494.68ms
step:496/5100 train_loss:4.0114 train_time:240412ms step_avg:494.68ms
step:497/5100 train_loss:3.7790 train_time:240907ms step_avg:494.68ms
step:498/5100 train_loss:3.9006 train_time:241399ms step_avg:494.67ms
step:499/5100 train_loss:3.9907 train_time:241896ms step_avg:494.68ms
step:500/5100 train_loss:4.0251 train_time:242387ms step_avg:494.67ms
step:500/5100 val_loss:3.9142 train_time:242696ms step_avg:495.30ms
step:501/5100 train_loss:4.0945 train_time:242894ms step_avg:494.69ms
step:502/5100 train_loss:3.8441 train_time:243393ms step_avg:494.70ms
step:503/5100 train_loss:4.0283 train_time:243887ms step_avg:494.70ms
step:504/5100 train_loss:3.8792 train_time:244379ms step_avg:494.69ms
step:505/5100 train_loss:3.9616 train_time:244873ms step_avg:494.69ms
step:506/5100 train_loss:3.9190 train_time:245367ms step_avg:494.69ms
step:507/5100 train_loss:3.7776 train_time:245862ms step_avg:494.69ms
step:508/5100 train_loss:4.0800 train_time:246356ms step_avg:494.69ms
step:509/5100 train_loss:4.2626 train_time:246850ms step_avg:494.69ms
step:510/5100 train_loss:3.9063 train_time:247351ms step_avg:494.70ms
step:511/5100 train_loss:3.9073 train_time:247841ms step_avg:494.69ms
step:512/5100 train_loss:3.8625 train_time:248328ms step_avg:494.68ms
step:513/5100 train_loss:3.9981 train_time:248823ms step_avg:494.68ms
step:514/5100 train_loss:3.9587 train_time:249303ms step_avg:494.65ms
step:515/5100 train_loss:3.9766 train_time:249799ms step_avg:494.65ms
step:516/5100 train_loss:3.9057 train_time:250290ms step_avg:494.64ms
step:517/5100 train_loss:4.0702 train_time:250786ms step_avg:494.65ms
step:518/5100 train_loss:3.7784 train_time:251278ms step_avg:494.64ms
step:519/5100 train_loss:4.0549 train_time:251773ms step_avg:494.64ms
step:520/5100 train_loss:4.0108 train_time:252263ms step_avg:494.63ms
step:521/5100 train_loss:3.9163 train_time:252760ms step_avg:494.64ms
step:522/5100 train_loss:3.7892 train_time:253252ms step_avg:494.63ms
step:523/5100 train_loss:3.8211 train_time:253745ms step_avg:494.63ms
step:524/5100 train_loss:5.2219 train_time:254245ms step_avg:494.64ms
step:525/5100 train_loss:3.8471 train_time:254731ms step_avg:494.62ms
step:526/5100 train_loss:3.9547 train_time:255226ms step_avg:494.62ms
step:527/5100 train_loss:3.8288 train_time:255718ms step_avg:494.62ms
step:528/5100 train_loss:3.6997 train_time:256211ms step_avg:494.62ms
step:529/5100 train_loss:3.8290 train_time:256706ms step_avg:494.62ms
step:530/5100 train_loss:4.0742 train_time:257201ms step_avg:494.62ms
step:531/5100 train_loss:3.8124 train_time:257691ms step_avg:494.61ms
step:532/5100 train_loss:4.0439 train_time:258185ms step_avg:494.61ms
step:533/5100 train_loss:3.9690 train_time:258680ms step_avg:494.61ms
step:534/5100 train_loss:3.8594 train_time:259173ms step_avg:494.60ms
step:535/5100 train_loss:3.8161 train_time:259668ms step_avg:494.61ms
step:536/5100 train_loss:3.7693 train_time:260162ms step_avg:494.60ms
step:537/5100 train_loss:3.9179 train_time:260655ms step_avg:494.60ms
step:538/5100 train_loss:3.9250 train_time:261149ms step_avg:494.60ms
step:539/5100 train_loss:3.8512 train_time:261646ms step_avg:494.60ms
step:540/5100 train_loss:4.4789 train_time:262137ms step_avg:494.60ms
step:541/5100 train_loss:3.8953 train_time:262630ms step_avg:494.60ms
step:542/5100 train_loss:4.0365 train_time:263127ms step_avg:494.60ms
step:543/5100 train_loss:3.8039 train_time:263621ms step_avg:494.60ms
step:544/5100 train_loss:3.8345 train_time:264114ms step_avg:494.60ms
step:545/5100 train_loss:3.8686 train_time:264608ms step_avg:494.59ms
step:546/5100 train_loss:3.7671 train_time:265105ms step_avg:494.60ms
step:547/5100 train_loss:3.8435 train_time:265596ms step_avg:494.59ms
step:548/5100 train_loss:3.8236 train_time:266088ms step_avg:494.59ms
step:549/5100 train_loss:3.9244 train_time:266588ms step_avg:494.60ms
step:550/5100 train_loss:3.8754 train_time:267076ms step_avg:494.59ms
step:551/5100 train_loss:3.8763 train_time:267594ms step_avg:494.63ms
step:552/5100 train_loss:3.8624 train_time:268072ms step_avg:494.60ms
step:553/5100 train_loss:3.7754 train_time:268562ms step_avg:494.59ms
step:554/5100 train_loss:4.1340 train_time:269056ms step_avg:494.59ms
step:555/5100 train_loss:3.8872 train_time:269549ms step_avg:494.59ms
step:556/5100 train_loss:3.8689 train_time:270044ms step_avg:494.59ms
step:557/5100 train_loss:3.9058 train_time:270540ms step_avg:494.59ms
step:558/5100 train_loss:3.4258 train_time:271027ms step_avg:494.57ms
step:559/5100 train_loss:3.8362 train_time:271521ms step_avg:494.57ms
step:560/5100 train_loss:3.8101 train_time:272017ms step_avg:494.58ms
step:561/5100 train_loss:4.0188 train_time:272510ms step_avg:494.57ms
step:562/5100 train_loss:3.8075 train_time:273005ms step_avg:494.57ms
step:563/5100 train_loss:3.6818 train_time:273498ms step_avg:494.57ms
step:564/5100 train_loss:3.9970 train_time:273996ms step_avg:494.58ms
step:565/5100 train_loss:3.6821 train_time:274486ms step_avg:494.57ms
step:566/5100 train_loss:3.8862 train_time:274980ms step_avg:494.57ms
step:567/5100 train_loss:3.7712 train_time:275471ms step_avg:494.56ms
step:568/5100 train_loss:3.8069 train_time:276088ms step_avg:494.78ms
step:569/5100 train_loss:3.7636 train_time:276587ms step_avg:494.79ms
step:570/5100 train_loss:3.8012 train_time:277799ms step_avg:496.07ms
step:571/5100 train_loss:3.8517 train_time:278291ms step_avg:496.06ms
step:572/5100 train_loss:3.9496 train_time:278788ms step_avg:496.06ms
step:573/5100 train_loss:3.8153 train_time:279281ms step_avg:496.06ms
step:574/5100 train_loss:3.8415 train_time:279775ms step_avg:496.06ms
step:575/5100 train_loss:4.0614 train_time:280269ms step_avg:496.05ms
step:576/5100 train_loss:3.8839 train_time:280762ms step_avg:496.05ms
step:577/5100 train_loss:3.9659 train_time:281258ms step_avg:496.05ms
step:578/5100 train_loss:3.8649 train_time:281747ms step_avg:496.03ms
step:579/5100 train_loss:3.7715 train_time:282240ms step_avg:496.03ms
step:580/5100 train_loss:3.9908 train_time:282741ms step_avg:496.04ms
step:581/5100 train_loss:3.8612 train_time:283227ms step_avg:496.02ms
step:582/5100 train_loss:3.9028 train_time:283724ms step_avg:496.02ms
step:583/5100 train_loss:3.9395 train_time:284219ms step_avg:496.02ms
step:584/5100 train_loss:3.8441 train_time:284713ms step_avg:496.01ms
step:585/5100 train_loss:3.8114 train_time:285204ms step_avg:496.01ms
step:586/5100 train_loss:4.0428 train_time:285702ms step_avg:496.01ms
step:587/5100 train_loss:3.7705 train_time:286190ms step_avg:496.00ms
step:588/5100 train_loss:3.9067 train_time:286684ms step_avg:495.99ms
step:589/5100 train_loss:3.8680 train_time:287181ms step_avg:495.99ms
step:590/5100 train_loss:4.1798 train_time:287672ms step_avg:495.99ms
step:591/5100 train_loss:3.9409 train_time:288169ms step_avg:495.99ms
step:592/5100 train_loss:3.6056 train_time:288662ms step_avg:495.98ms
step:593/5100 train_loss:3.8137 train_time:289153ms step_avg:495.97ms
step:594/5100 train_loss:3.8858 train_time:289650ms step_avg:495.98ms
step:595/5100 train_loss:3.6636 train_time:290140ms step_avg:495.97ms
step:596/5100 train_loss:4.1604 train_time:290635ms step_avg:495.96ms
step:597/5100 train_loss:3.9882 train_time:291129ms step_avg:495.96ms
step:598/5100 train_loss:3.7440 train_time:291623ms step_avg:495.96ms
step:599/5100 train_loss:3.9005 train_time:292118ms step_avg:495.96ms
step:600/5100 train_loss:3.7383 train_time:292609ms step_avg:495.95ms
step:601/5100 train_loss:3.7343 train_time:293118ms step_avg:495.97ms
step:602/5100 train_loss:3.9260 train_time:293601ms step_avg:495.95ms
step:603/5100 train_loss:3.8509 train_time:294094ms step_avg:495.94ms
step:604/5100 train_loss:4.0278 train_time:294591ms step_avg:495.94ms
step:605/5100 train_loss:3.8131 train_time:295084ms step_avg:495.94ms
step:606/5100 train_loss:3.8696 train_time:295577ms step_avg:495.93ms
step:607/5100 train_loss:3.8873 train_time:296071ms step_avg:495.93ms
step:608/5100 train_loss:4.1842 train_time:296567ms step_avg:495.93ms
step:609/5100 train_loss:3.9203 train_time:297058ms step_avg:495.92ms
step:610/5100 train_loss:3.7637 train_time:297550ms step_avg:495.92ms
step:611/5100 train_loss:4.0542 train_time:298045ms step_avg:495.92ms
step:612/5100 train_loss:3.7523 train_time:298537ms step_avg:495.91ms
step:613/5100 train_loss:3.8623 train_time:299032ms step_avg:495.91ms
step:614/5100 train_loss:3.9279 train_time:299527ms step_avg:495.91ms
step:615/5100 train_loss:3.8594 train_time:300023ms step_avg:495.91ms
step:616/5100 train_loss:3.9426 train_time:300515ms step_avg:495.90ms
step:617/5100 train_loss:3.8642 train_time:301007ms step_avg:495.89ms
step:618/5100 train_loss:3.6930 train_time:301505ms step_avg:495.90ms
step:619/5100 train_loss:3.8795 train_time:301996ms step_avg:495.89ms
step:620/5100 train_loss:3.8464 train_time:302502ms step_avg:495.90ms
step:621/5100 train_loss:3.6803 train_time:302989ms step_avg:495.89ms
step:622/5100 train_loss:4.2640 train_time:303479ms step_avg:495.88ms
step:623/5100 train_loss:3.6855 train_time:303973ms step_avg:495.88ms
step:624/5100 train_loss:3.8624 train_time:304466ms step_avg:495.87ms
step:625/5100 train_loss:3.9479 train_time:304959ms step_avg:495.87ms
step:625/5100 val_loss:3.8289 train_time:305269ms step_avg:496.37ms
step:626/5100 train_loss:3.9312 train_time:305457ms step_avg:495.87ms
step:627/5100 train_loss:4.0175 train_time:305953ms step_avg:495.87ms
step:628/5100 train_loss:3.7908 train_time:306444ms step_avg:495.86ms
step:629/5100 train_loss:3.8979 train_time:306941ms step_avg:495.87ms
step:630/5100 train_loss:3.7336 train_time:307428ms step_avg:495.85ms
step:631/5100 train_loss:3.8853 train_time:307930ms step_avg:495.86ms
step:632/5100 train_loss:3.9073 train_time:308418ms step_avg:495.85ms
step:633/5100 train_loss:3.9422 train_time:308912ms step_avg:495.85ms
step:634/5100 train_loss:3.7697 train_time:309404ms step_avg:495.84ms
step:635/5100 train_loss:3.9024 train_time:309899ms step_avg:495.84ms
step:636/5100 train_loss:4.0951 train_time:310392ms step_avg:495.83ms
step:637/5100 train_loss:3.7328 train_time:310893ms step_avg:495.84ms
step:638/5100 train_loss:3.6454 train_time:311389ms step_avg:495.84ms
step:639/5100 train_loss:3.9466 train_time:311882ms step_avg:495.84ms
step:640/5100 train_loss:3.9795 train_time:312374ms step_avg:495.83ms
step:641/5100 train_loss:3.8025 train_time:312869ms step_avg:495.83ms
step:642/5100 train_loss:3.7140 train_time:313370ms step_avg:495.84ms
step:643/5100 train_loss:3.9229 train_time:313865ms step_avg:495.84ms
step:644/5100 train_loss:3.8592 train_time:314377ms step_avg:495.86ms
step:645/5100 train_loss:3.6709 train_time:314865ms step_avg:495.85ms
step:646/5100 train_loss:3.9268 train_time:315342ms step_avg:495.82ms
step:647/5100 train_loss:3.9405 train_time:315836ms step_avg:495.82ms
step:648/5100 train_loss:3.8175 train_time:316326ms step_avg:495.81ms
step:649/5100 train_loss:3.9193 train_time:316831ms step_avg:495.82ms
step:650/5100 train_loss:3.9676 train_time:317317ms step_avg:495.81ms
step:651/5100 train_loss:3.7947 train_time:317815ms step_avg:495.81ms
step:652/5100 train_loss:4.0567 train_time:318305ms step_avg:495.80ms
step:653/5100 train_loss:3.8210 train_time:318800ms step_avg:495.80ms
step:654/5100 train_loss:3.8265 train_time:319292ms step_avg:495.79ms
step:655/5100 train_loss:3.4869 train_time:319787ms step_avg:495.79ms
step:656/5100 train_loss:3.8942 train_time:320284ms step_avg:495.80ms
step:657/5100 train_loss:3.7568 train_time:320778ms step_avg:495.79ms
step:658/5100 train_loss:3.7075 train_time:321270ms step_avg:495.79ms
step:659/5100 train_loss:3.8494 train_time:321763ms step_avg:495.78ms
step:660/5100 train_loss:3.7894 train_time:322258ms step_avg:495.78ms
step:661/5100 train_loss:3.8822 train_time:322754ms step_avg:495.78ms
step:662/5100 train_loss:3.8197 train_time:323247ms step_avg:495.78ms
step:663/5100 train_loss:3.7792 train_time:323744ms step_avg:495.78ms
step:664/5100 train_loss:3.7454 train_time:324238ms step_avg:495.78ms
step:665/5100 train_loss:3.9034 train_time:324730ms step_avg:495.77ms
step:666/5100 train_loss:3.4998 train_time:325222ms step_avg:495.77ms
step:667/5100 train_loss:4.0704 train_time:325721ms step_avg:495.77ms
step:668/5100 train_loss:3.8295 train_time:326210ms step_avg:495.76ms
step:669/5100 train_loss:3.9221 train_time:326721ms step_avg:495.78ms
step:670/5100 train_loss:3.7353 train_time:327199ms step_avg:495.76ms
step:671/5100 train_loss:3.6079 train_time:327693ms step_avg:495.75ms
step:672/5100 train_loss:3.7629 train_time:328192ms step_avg:495.76ms
step:673/5100 train_loss:3.7933 train_time:328680ms step_avg:495.75ms
step:674/5100 train_loss:4.4517 train_time:329180ms step_avg:495.75ms
step:675/5100 train_loss:3.8594 train_time:329669ms step_avg:495.74ms
step:676/5100 train_loss:3.9016 train_time:330163ms step_avg:495.74ms
step:677/5100 train_loss:3.6632 train_time:330664ms step_avg:495.75ms
step:678/5100 train_loss:3.7006 train_time:331150ms step_avg:495.73ms
step:679/5100 train_loss:3.7649 train_time:331643ms step_avg:495.73ms
step:680/5100 train_loss:3.8545 train_time:332137ms step_avg:495.73ms
step:681/5100 train_loss:3.7770 train_time:332633ms step_avg:495.73ms
step:682/5100 train_loss:3.8160 train_time:333127ms step_avg:495.72ms
step:683/5100 train_loss:4.0533 train_time:333623ms step_avg:495.73ms
step:684/5100 train_loss:3.9664 train_time:334123ms step_avg:495.73ms
step:685/5100 train_loss:3.8364 train_time:334613ms step_avg:495.72ms
step:686/5100 train_loss:3.9292 train_time:335106ms step_avg:495.72ms
step:687/5100 train_loss:3.8839 train_time:335600ms step_avg:495.72ms
step:688/5100 train_loss:3.8622 train_time:336092ms step_avg:495.71ms
step:689/5100 train_loss:3.3894 train_time:336587ms step_avg:495.71ms
step:690/5100 train_loss:3.5644 train_time:337082ms step_avg:495.71ms
step:691/5100 train_loss:3.8033 train_time:337590ms step_avg:495.73ms
step:692/5100 train_loss:3.5510 train_time:338086ms step_avg:495.73ms
step:693/5100 train_loss:3.9380 train_time:338564ms step_avg:495.70ms
step:694/5100 train_loss:3.8063 train_time:339060ms step_avg:495.70ms
step:695/5100 train_loss:3.6821 train_time:339562ms step_avg:495.71ms
step:696/5100 train_loss:3.5735 train_time:340061ms step_avg:495.72ms
step:697/5100 train_loss:4.1794 train_time:340545ms step_avg:495.70ms
step:698/5100 train_loss:3.7307 train_time:341042ms step_avg:495.70ms
step:699/5100 train_loss:3.8104 train_time:341536ms step_avg:495.70ms
step:700/5100 train_loss:3.7528 train_time:342023ms step_avg:495.69ms
step:701/5100 train_loss:3.7990 train_time:342512ms step_avg:495.68ms
step:702/5100 train_loss:3.7446 train_time:343007ms step_avg:495.67ms
step:703/5100 train_loss:3.7121 train_time:343506ms step_avg:495.68ms
step:704/5100 train_loss:3.6707 train_time:343997ms step_avg:495.67ms
step:705/5100 train_loss:3.9337 train_time:344491ms step_avg:495.67ms
step:706/5100 train_loss:3.8021 train_time:344986ms step_avg:495.67ms
step:707/5100 train_loss:3.7911 train_time:345479ms step_avg:495.67ms
step:708/5100 train_loss:3.9010 train_time:345979ms step_avg:495.67ms
step:709/5100 train_loss:3.8257 train_time:346469ms step_avg:495.66ms
step:710/5100 train_loss:3.8206 train_time:346963ms step_avg:495.66ms
step:711/5100 train_loss:3.6869 train_time:347462ms step_avg:495.67ms
step:712/5100 train_loss:3.8235 train_time:347955ms step_avg:495.66ms
step:713/5100 train_loss:3.9558 train_time:348448ms step_avg:495.66ms
step:714/5100 train_loss:3.7133 train_time:348939ms step_avg:495.65ms
step:715/5100 train_loss:3.8514 train_time:349432ms step_avg:495.65ms
step:716/5100 train_loss:3.8613 train_time:349929ms step_avg:495.65ms
step:717/5100 train_loss:3.7782 train_time:350423ms step_avg:495.65ms
step:718/5100 train_loss:4.0339 train_time:350914ms step_avg:495.64ms
step:719/5100 train_loss:3.6821 train_time:351407ms step_avg:495.64ms
step:720/5100 train_loss:3.7175 train_time:351901ms step_avg:495.64ms
step:721/5100 train_loss:4.1452 train_time:352393ms step_avg:495.63ms
step:722/5100 train_loss:3.5542 train_time:352890ms step_avg:495.63ms
step:723/5100 train_loss:4.0163 train_time:353380ms step_avg:495.62ms
step:724/5100 train_loss:3.9921 train_time:353883ms step_avg:495.63ms
step:725/5100 train_loss:3.7722 train_time:354376ms step_avg:495.63ms
step:726/5100 train_loss:3.8209 train_time:354869ms step_avg:495.63ms
step:727/5100 train_loss:3.6525 train_time:355358ms step_avg:495.62ms
step:728/5100 train_loss:3.5042 train_time:355849ms step_avg:495.61ms
step:729/5100 train_loss:3.8439 train_time:356344ms step_avg:495.61ms
step:730/5100 train_loss:3.8111 train_time:356836ms step_avg:495.61ms
step:731/5100 train_loss:3.9128 train_time:357330ms step_avg:495.60ms
step:732/5100 train_loss:3.8060 train_time:357824ms step_avg:495.60ms
step:733/5100 train_loss:3.8114 train_time:358317ms step_avg:495.60ms
step:734/5100 train_loss:4.2045 train_time:358811ms step_avg:495.60ms
step:735/5100 train_loss:3.5844 train_time:359305ms step_avg:495.59ms
step:736/5100 train_loss:3.8261 train_time:359809ms step_avg:495.61ms
step:737/5100 train_loss:4.0877 train_time:360300ms step_avg:495.60ms
step:738/5100 train_loss:3.8311 train_time:360791ms step_avg:495.59ms
step:739/5100 train_loss:3.7491 train_time:361279ms step_avg:495.58ms
step:740/5100 train_loss:3.8719 train_time:361777ms step_avg:495.58ms
step:741/5100 train_loss:4.2667 train_time:362270ms step_avg:495.58ms
step:742/5100 train_loss:3.7626 train_time:362764ms step_avg:495.58ms
step:743/5100 train_loss:3.6753 train_time:363261ms step_avg:495.58ms
step:744/5100 train_loss:3.6943 train_time:363754ms step_avg:495.58ms
step:745/5100 train_loss:3.9132 train_time:364247ms step_avg:495.57ms
step:746/5100 train_loss:3.8121 train_time:364740ms step_avg:495.57ms
step:747/5100 train_loss:3.8367 train_time:365234ms step_avg:495.57ms
step:748/5100 train_loss:3.7714 train_time:365729ms step_avg:495.57ms
step:749/5100 train_loss:3.7995 train_time:366227ms step_avg:495.57ms
step:750/5100 train_loss:3.7098 train_time:366717ms step_avg:495.56ms
step:750/5100 val_loss:3.7704 train_time:367027ms step_avg:495.98ms
step:751/5100 train_loss:3.7786 train_time:367212ms step_avg:495.56ms
step:752/5100 train_loss:3.6964 train_time:367704ms step_avg:495.56ms
step:753/5100 train_loss:3.7810 train_time:368197ms step_avg:495.55ms
step:754/5100 train_loss:3.7110 train_time:368694ms step_avg:495.56ms
step:755/5100 train_loss:3.7306 train_time:369191ms step_avg:495.56ms
step:756/5100 train_loss:3.9721 train_time:369682ms step_avg:495.55ms
step:757/5100 train_loss:3.7173 train_time:370173ms step_avg:495.55ms
step:758/5100 train_loss:3.8797 train_time:370668ms step_avg:495.55ms
step:759/5100 train_loss:3.8207 train_time:371162ms step_avg:495.54ms
step:760/5100 train_loss:3.7701 train_time:372430ms step_avg:496.57ms
step:761/5100 train_loss:3.7616 train_time:372924ms step_avg:496.57ms
step:762/5100 train_loss:3.6525 train_time:373419ms step_avg:496.57ms
step:763/5100 train_loss:3.8196 train_time:373909ms step_avg:496.56ms
step:764/5100 train_loss:3.7279 train_time:374407ms step_avg:496.56ms
step:765/5100 train_loss:3.5671 train_time:374901ms step_avg:496.56ms
step:766/5100 train_loss:4.0230 train_time:375396ms step_avg:496.56ms
step:767/5100 train_loss:3.8590 train_time:375887ms step_avg:496.55ms
step:768/5100 train_loss:3.8443 train_time:376384ms step_avg:496.55ms
step:769/5100 train_loss:3.7247 train_time:376882ms step_avg:496.55ms
step:770/5100 train_loss:3.9469 train_time:377373ms step_avg:496.54ms
step:771/5100 train_loss:3.8695 train_time:377865ms step_avg:496.54ms
step:772/5100 train_loss:4.1494 train_time:378357ms step_avg:496.53ms
step:773/5100 train_loss:3.6470 train_time:378851ms step_avg:496.53ms
step:774/5100 train_loss:3.7646 train_time:379352ms step_avg:496.53ms
step:775/5100 train_loss:3.9232 train_time:379847ms step_avg:496.53ms
step:776/5100 train_loss:3.8719 train_time:380342ms step_avg:496.53ms
step:777/5100 train_loss:3.7448 train_time:380836ms step_avg:496.53ms
step:778/5100 train_loss:3.5874 train_time:381320ms step_avg:496.51ms
step:779/5100 train_loss:3.7813 train_time:381824ms step_avg:496.52ms
step:780/5100 train_loss:3.6888 train_time:382317ms step_avg:496.51ms
step:781/5100 train_loss:3.8400 train_time:382807ms step_avg:496.51ms
step:782/5100 train_loss:3.8812 train_time:383308ms step_avg:496.51ms
step:783/5100 train_loss:3.7435 train_time:383807ms step_avg:496.52ms
step:784/5100 train_loss:3.8034 train_time:384297ms step_avg:496.51ms
step:785/5100 train_loss:3.7717 train_time:384791ms step_avg:496.51ms
step:786/5100 train_loss:3.7201 train_time:385285ms step_avg:496.50ms
step:787/5100 train_loss:3.6175 train_time:385784ms step_avg:496.50ms
step:788/5100 train_loss:4.1326 train_time:386285ms step_avg:496.51ms
step:789/5100 train_loss:3.6185 train_time:386772ms step_avg:496.50ms
step:790/5100 train_loss:3.6790 train_time:387260ms step_avg:496.49ms
step:791/5100 train_loss:3.8225 train_time:387754ms step_avg:496.48ms
step:792/5100 train_loss:3.7574 train_time:388250ms step_avg:496.48ms
step:793/5100 train_loss:3.6827 train_time:388747ms step_avg:496.48ms
step:794/5100 train_loss:3.5789 train_time:389237ms step_avg:496.48ms
step:795/5100 train_loss:3.7082 train_time:389741ms step_avg:496.49ms
step:796/5100 train_loss:3.7738 train_time:390226ms step_avg:496.47ms
step:797/5100 train_loss:3.7913 train_time:390722ms step_avg:496.47ms
step:798/5100 train_loss:3.6878 train_time:391213ms step_avg:496.46ms
step:799/5100 train_loss:3.9248 train_time:391707ms step_avg:496.46ms
step:800/5100 train_loss:3.7506 train_time:392201ms step_avg:496.46ms
step:801/5100 train_loss:3.7644 train_time:392701ms step_avg:496.46ms
step:802/5100 train_loss:3.8644 train_time:393197ms step_avg:496.46ms
step:803/5100 train_loss:3.8580 train_time:393686ms step_avg:496.45ms
step:804/5100 train_loss:3.8841 train_time:394182ms step_avg:496.45ms
step:805/5100 train_loss:3.8434 train_time:394673ms step_avg:496.44ms
step:806/5100 train_loss:3.6794 train_time:395175ms step_avg:496.45ms
step:807/5100 train_loss:3.5301 train_time:395664ms step_avg:496.44ms
step:808/5100 train_loss:3.8390 train_time:396162ms step_avg:496.44ms
step:809/5100 train_loss:3.8401 train_time:396658ms step_avg:496.44ms
step:810/5100 train_loss:3.6869 train_time:397151ms step_avg:496.44ms
step:811/5100 train_loss:3.7426 train_time:397645ms step_avg:496.44ms
step:812/5100 train_loss:3.8616 train_time:398143ms step_avg:496.44ms
step:813/5100 train_loss:3.8029 train_time:398635ms step_avg:496.43ms
step:814/5100 train_loss:3.7734 train_time:399128ms step_avg:496.43ms
step:815/5100 train_loss:3.8305 train_time:399637ms step_avg:496.44ms
step:816/5100 train_loss:3.7540 train_time:400116ms step_avg:496.42ms
step:817/5100 train_loss:3.7901 train_time:400606ms step_avg:496.41ms
step:818/5100 train_loss:4.1466 train_time:401098ms step_avg:496.41ms
step:819/5100 train_loss:3.7242 train_time:401592ms step_avg:496.41ms
step:820/5100 train_loss:3.9880 train_time:402092ms step_avg:496.41ms
step:821/5100 train_loss:3.6048 train_time:402583ms step_avg:496.40ms
step:822/5100 train_loss:3.7036 train_time:403072ms step_avg:496.39ms
step:823/5100 train_loss:3.9977 train_time:403569ms step_avg:496.40ms
step:824/5100 train_loss:3.7566 train_time:404061ms step_avg:496.39ms
step:825/5100 train_loss:3.7226 train_time:404553ms step_avg:496.38ms
step:826/5100 train_loss:3.8713 train_time:405052ms step_avg:496.39ms
step:827/5100 train_loss:3.6851 train_time:405541ms step_avg:496.38ms
step:828/5100 train_loss:4.1611 train_time:406036ms step_avg:496.38ms
step:829/5100 train_loss:3.7631 train_time:406537ms step_avg:496.38ms
step:830/5100 train_loss:3.8427 train_time:407028ms step_avg:496.38ms
step:831/5100 train_loss:3.7279 train_time:407520ms step_avg:496.37ms
step:832/5100 train_loss:3.7052 train_time:408013ms step_avg:496.37ms
step:833/5100 train_loss:3.6527 train_time:408506ms step_avg:496.36ms
step:834/5100 train_loss:3.7538 train_time:409001ms step_avg:496.36ms
step:835/5100 train_loss:3.6348 train_time:409495ms step_avg:496.36ms
step:836/5100 train_loss:3.5889 train_time:409989ms step_avg:496.35ms
step:837/5100 train_loss:3.9646 train_time:410484ms step_avg:496.35ms
step:838/5100 train_loss:3.6198 train_time:410983ms step_avg:496.36ms
step:839/5100 train_loss:3.7445 train_time:411477ms step_avg:496.35ms
step:840/5100 train_loss:3.6198 train_time:411966ms step_avg:496.34ms
step:841/5100 train_loss:3.7465 train_time:412458ms step_avg:496.34ms
step:842/5100 train_loss:3.7591 train_time:412957ms step_avg:496.34ms
step:843/5100 train_loss:3.8185 train_time:413447ms step_avg:496.34ms
step:844/5100 train_loss:3.7380 train_time:413943ms step_avg:496.34ms
step:845/5100 train_loss:3.6380 train_time:414436ms step_avg:496.33ms
step:846/5100 train_loss:3.9252 train_time:414936ms step_avg:496.33ms
step:847/5100 train_loss:3.6547 train_time:415424ms step_avg:496.32ms
step:848/5100 train_loss:3.6225 train_time:415919ms step_avg:496.32ms
step:849/5100 train_loss:3.7710 train_time:416412ms step_avg:496.32ms
step:850/5100 train_loss:3.6867 train_time:416908ms step_avg:496.32ms
step:851/5100 train_loss:3.7652 train_time:417400ms step_avg:496.31ms
step:852/5100 train_loss:3.8798 train_time:417892ms step_avg:496.31ms
step:853/5100 train_loss:3.6682 train_time:418389ms step_avg:496.31ms
step:854/5100 train_loss:3.7424 train_time:418882ms step_avg:496.31ms
step:855/5100 train_loss:3.9618 train_time:419379ms step_avg:496.31ms
step:856/5100 train_loss:3.6737 train_time:419882ms step_avg:496.31ms
step:857/5100 train_loss:3.6431 train_time:420376ms step_avg:496.31ms
step:858/5100 train_loss:3.7831 train_time:420866ms step_avg:496.30ms
step:859/5100 train_loss:3.5565 train_time:421359ms step_avg:496.30ms
step:860/5100 train_loss:3.7550 train_time:421853ms step_avg:496.30ms
step:861/5100 train_loss:3.6832 train_time:422347ms step_avg:496.29ms
step:862/5100 train_loss:3.8586 train_time:422844ms step_avg:496.30ms
step:863/5100 train_loss:3.7272 train_time:423335ms step_avg:496.29ms
step:864/5100 train_loss:3.7771 train_time:423829ms step_avg:496.29ms
step:865/5100 train_loss:3.6550 train_time:424322ms step_avg:496.28ms
step:866/5100 train_loss:3.7581 train_time:424824ms step_avg:496.29ms
step:867/5100 train_loss:4.2115 train_time:425341ms step_avg:496.31ms
step:868/5100 train_loss:3.6079 train_time:425808ms step_avg:496.28ms
step:869/5100 train_loss:3.9000 train_time:426296ms step_avg:496.27ms
step:870/5100 train_loss:3.7267 train_time:426813ms step_avg:496.29ms
step:871/5100 train_loss:3.6751 train_time:427310ms step_avg:496.30ms
step:872/5100 train_loss:3.5428 train_time:427800ms step_avg:496.29ms
step:873/5100 train_loss:3.9237 train_time:428275ms step_avg:496.26ms
step:874/5100 train_loss:3.6050 train_time:428769ms step_avg:496.26ms
step:875/5100 train_loss:3.2516 train_time:429283ms step_avg:496.28ms
step:875/5100 val_loss:3.7223 train_time:429572ms step_avg:496.61ms
step:876/5100 train_loss:3.8108 train_time:429783ms step_avg:496.29ms
step:877/5100 train_loss:3.7953 train_time:430276ms step_avg:496.28ms
step:878/5100 train_loss:3.7833 train_time:430777ms step_avg:496.29ms
step:879/5100 train_loss:3.6696 train_time:431258ms step_avg:496.27ms
step:880/5100 train_loss:3.7719 train_time:431750ms step_avg:496.26ms
step:881/5100 train_loss:3.4157 train_time:432245ms step_avg:496.26ms
step:882/5100 train_loss:3.7735 train_time:432738ms step_avg:496.26ms
step:883/5100 train_loss:4.2150 train_time:433221ms step_avg:496.24ms
step:884/5100 train_loss:4.0705 train_time:433711ms step_avg:496.24ms
step:885/5100 train_loss:3.8719 train_time:434203ms step_avg:496.23ms
step:886/5100 train_loss:3.7447 train_time:434693ms step_avg:496.22ms
step:887/5100 train_loss:3.7797 train_time:435187ms step_avg:496.22ms
step:888/5100 train_loss:4.6544 train_time:435681ms step_avg:496.22ms
step:889/5100 train_loss:4.0223 train_time:436176ms step_avg:496.22ms
step:890/5100 train_loss:3.6561 train_time:436669ms step_avg:496.21ms
step:891/5100 train_loss:3.6814 train_time:437164ms step_avg:496.21ms
step:892/5100 train_loss:3.6499 train_time:437661ms step_avg:496.21ms
step:893/5100 train_loss:3.8404 train_time:438156ms step_avg:496.21ms
step:894/5100 train_loss:3.5783 train_time:438648ms step_avg:496.21ms
step:895/5100 train_loss:3.6652 train_time:439142ms step_avg:496.21ms
step:896/5100 train_loss:3.7065 train_time:439655ms step_avg:496.22ms
step:897/5100 train_loss:3.7100 train_time:440130ms step_avg:496.20ms
step:898/5100 train_loss:3.7415 train_time:440625ms step_avg:496.20ms
step:899/5100 train_loss:3.8690 train_time:441120ms step_avg:496.20ms
step:900/5100 train_loss:3.6708 train_time:441614ms step_avg:496.20ms
step:901/5100 train_loss:3.5683 train_time:442106ms step_avg:496.19ms
step:902/5100 train_loss:3.7942 train_time:442602ms step_avg:496.19ms
step:903/5100 train_loss:3.6693 train_time:443094ms step_avg:496.19ms
step:904/5100 train_loss:3.6858 train_time:443588ms step_avg:496.18ms
step:905/5100 train_loss:3.7279 train_time:444083ms step_avg:496.18ms
step:906/5100 train_loss:3.7295 train_time:444580ms step_avg:496.18ms
step:907/5100 train_loss:3.7467 train_time:445072ms step_avg:496.18ms
step:908/5100 train_loss:3.7123 train_time:445570ms step_avg:496.18ms
step:909/5100 train_loss:3.6624 train_time:446063ms step_avg:496.18ms
step:910/5100 train_loss:3.6793 train_time:446553ms step_avg:496.17ms
step:911/5100 train_loss:3.6915 train_time:447046ms step_avg:496.17ms
step:912/5100 train_loss:3.7476 train_time:447544ms step_avg:496.17ms
step:913/5100 train_loss:3.9654 train_time:448034ms step_avg:496.16ms
step:914/5100 train_loss:3.5670 train_time:448549ms step_avg:496.18ms
step:915/5100 train_loss:3.8167 train_time:449078ms step_avg:496.22ms
step:916/5100 train_loss:3.8521 train_time:449518ms step_avg:496.16ms
step:917/5100 train_loss:3.7645 train_time:450015ms step_avg:496.16ms
step:918/5100 train_loss:3.7782 train_time:450510ms step_avg:496.16ms
step:919/5100 train_loss:4.1024 train_time:451008ms step_avg:496.16ms
step:920/5100 train_loss:3.5624 train_time:451497ms step_avg:496.15ms
step:921/5100 train_loss:3.6965 train_time:451991ms step_avg:496.15ms
step:922/5100 train_loss:3.7201 train_time:452484ms step_avg:496.15ms
step:923/5100 train_loss:3.7192 train_time:452984ms step_avg:496.15ms
step:924/5100 train_loss:3.8043 train_time:453476ms step_avg:496.14ms
step:925/5100 train_loss:3.8428 train_time:453969ms step_avg:496.14ms
step:926/5100 train_loss:3.8312 train_time:454461ms step_avg:496.14ms
step:927/5100 train_loss:3.7823 train_time:454956ms step_avg:496.13ms
step:928/5100 train_loss:3.8673 train_time:455448ms step_avg:496.13ms
step:929/5100 train_loss:3.9408 train_time:455946ms step_avg:496.13ms
step:930/5100 train_loss:3.6385 train_time:456439ms step_avg:496.13ms
step:931/5100 train_loss:3.5682 train_time:456934ms step_avg:496.13ms
step:932/5100 train_loss:3.6863 train_time:457423ms step_avg:496.12ms
step:933/5100 train_loss:3.9113 train_time:457919ms step_avg:496.12ms
step:934/5100 train_loss:3.5304 train_time:458410ms step_avg:496.11ms
step:935/5100 train_loss:3.7717 train_time:458904ms step_avg:496.11ms
step:936/5100 train_loss:3.5899 train_time:459397ms step_avg:496.11ms
step:937/5100 train_loss:3.7043 train_time:459897ms step_avg:496.11ms
step:938/5100 train_loss:3.7654 train_time:460391ms step_avg:496.11ms
step:939/5100 train_loss:3.6546 train_time:460892ms step_avg:496.12ms
step:940/5100 train_loss:3.9175 train_time:461382ms step_avg:496.11ms
step:941/5100 train_loss:3.6512 train_time:461880ms step_avg:496.11ms
step:942/5100 train_loss:3.7301 train_time:462371ms step_avg:496.11ms
step:943/5100 train_loss:3.4785 train_time:462866ms step_avg:496.10ms
step:944/5100 train_loss:3.8174 train_time:463366ms step_avg:496.11ms
step:945/5100 train_loss:3.4343 train_time:463859ms step_avg:496.11ms
step:946/5100 train_loss:3.5621 train_time:464472ms step_avg:496.23ms
step:947/5100 train_loss:4.0890 train_time:464961ms step_avg:496.22ms
step:948/5100 train_loss:3.9962 train_time:465452ms step_avg:496.22ms
step:949/5100 train_loss:3.7349 train_time:465946ms step_avg:496.22ms
step:950/5100 train_loss:3.7306 train_time:467252ms step_avg:497.08ms
step:951/5100 train_loss:3.6581 train_time:467742ms step_avg:497.07ms
step:952/5100 train_loss:3.6266 train_time:468236ms step_avg:497.07ms
step:953/5100 train_loss:3.6767 train_time:468730ms step_avg:497.06ms
step:954/5100 train_loss:3.8264 train_time:469224ms step_avg:497.06ms
step:955/5100 train_loss:3.6859 train_time:469721ms step_avg:497.06ms
step:956/5100 train_loss:3.6954 train_time:470213ms step_avg:497.05ms
step:957/5100 train_loss:3.6325 train_time:470707ms step_avg:497.05ms
step:958/5100 train_loss:3.7200 train_time:471200ms step_avg:497.05ms
step:959/5100 train_loss:3.7180 train_time:471693ms step_avg:497.04ms
step:960/5100 train_loss:3.8343 train_time:472186ms step_avg:497.04ms
step:961/5100 train_loss:3.4876 train_time:472684ms step_avg:497.04ms
step:962/5100 train_loss:3.9300 train_time:473176ms step_avg:497.03ms
step:963/5100 train_loss:3.9309 train_time:473672ms step_avg:497.03ms
step:964/5100 train_loss:3.6941 train_time:474164ms step_avg:497.03ms
step:965/5100 train_loss:3.5863 train_time:474655ms step_avg:497.02ms
step:966/5100 train_loss:3.6352 train_time:475147ms step_avg:497.02ms
step:967/5100 train_loss:3.9280 train_time:475641ms step_avg:497.01ms
step:968/5100 train_loss:3.6858 train_time:476133ms step_avg:497.01ms
step:969/5100 train_loss:3.6933 train_time:476626ms step_avg:497.00ms
step:970/5100 train_loss:3.7189 train_time:477120ms step_avg:497.00ms
step:971/5100 train_loss:3.6012 train_time:477614ms step_avg:497.00ms
step:972/5100 train_loss:3.7180 train_time:478109ms step_avg:496.99ms
step:973/5100 train_loss:3.6692 train_time:478601ms step_avg:496.99ms
step:974/5100 train_loss:3.7200 train_time:479096ms step_avg:496.99ms
step:975/5100 train_loss:3.8449 train_time:479609ms step_avg:497.00ms
step:976/5100 train_loss:3.7050 train_time:480084ms step_avg:496.98ms
step:977/5100 train_loss:4.0588 train_time:480575ms step_avg:496.98ms
step:978/5100 train_loss:3.8555 train_time:481069ms step_avg:496.97ms
step:979/5100 train_loss:3.5546 train_time:481565ms step_avg:496.97ms
step:980/5100 train_loss:4.2261 train_time:482057ms step_avg:496.97ms
step:981/5100 train_loss:3.6654 train_time:482551ms step_avg:496.96ms
step:982/5100 train_loss:3.7180 train_time:483046ms step_avg:496.96ms
step:983/5100 train_loss:3.6676 train_time:483540ms step_avg:496.96ms
step:984/5100 train_loss:3.7223 train_time:484036ms step_avg:496.96ms
step:985/5100 train_loss:3.7892 train_time:484528ms step_avg:496.95ms
step:986/5100 train_loss:3.8462 train_time:485022ms step_avg:496.95ms
step:987/5100 train_loss:3.6274 train_time:485516ms step_avg:496.95ms
step:988/5100 train_loss:3.6897 train_time:486011ms step_avg:496.94ms
step:989/5100 train_loss:3.6810 train_time:486503ms step_avg:496.94ms
step:990/5100 train_loss:3.6115 train_time:487000ms step_avg:496.94ms
step:991/5100 train_loss:3.8893 train_time:487491ms step_avg:496.93ms
step:992/5100 train_loss:3.5473 train_time:487984ms step_avg:496.93ms
step:993/5100 train_loss:3.6588 train_time:488479ms step_avg:496.93ms
step:994/5100 train_loss:3.6760 train_time:488972ms step_avg:496.92ms
step:995/5100 train_loss:3.8131 train_time:489465ms step_avg:496.92ms
step:996/5100 train_loss:3.6749 train_time:489960ms step_avg:496.92ms
step:997/5100 train_loss:3.5906 train_time:490452ms step_avg:496.91ms
step:998/5100 train_loss:3.9905 train_time:490946ms step_avg:496.91ms
step:999/5100 train_loss:3.6419 train_time:491441ms step_avg:496.91ms
step:1000/5100 train_loss:3.8716 train_time:491934ms step_avg:496.90ms
step:1000/5100 val_loss:3.6812 train_time:492247ms step_avg:497.22ms
step:1001/5100 train_loss:3.5832 train_time:492432ms step_avg:496.90ms
step:1002/5100 train_loss:3.5986 train_time:492926ms step_avg:496.90ms
step:1003/5100 train_loss:3.6122 train_time:493416ms step_avg:496.89ms
step:1004/5100 train_loss:3.9852 train_time:493911ms step_avg:496.89ms
step:1005/5100 train_loss:3.8153 train_time:494405ms step_avg:496.89ms
step:1006/5100 train_loss:3.5890 train_time:494928ms step_avg:496.92ms
step:1007/5100 train_loss:3.6147 train_time:495395ms step_avg:496.89ms
step:1008/5100 train_loss:3.5842 train_time:495890ms step_avg:496.88ms
step:1009/5100 train_loss:3.8039 train_time:496383ms step_avg:496.88ms
step:1010/5100 train_loss:3.8994 train_time:496874ms step_avg:496.87ms
step:1011/5100 train_loss:3.8092 train_time:497368ms step_avg:496.87ms
step:1012/5100 train_loss:3.7491 train_time:497861ms step_avg:496.87ms
step:1013/5100 train_loss:3.5953 train_time:498354ms step_avg:496.86ms
step:1014/5100 train_loss:3.8214 train_time:498847ms step_avg:496.86ms
step:1015/5100 train_loss:3.7765 train_time:499343ms step_avg:496.86ms
step:1016/5100 train_loss:3.4627 train_time:499839ms step_avg:496.86ms
step:1017/5100 train_loss:3.6558 train_time:500330ms step_avg:496.85ms
step:1018/5100 train_loss:3.5870 train_time:500828ms step_avg:496.85ms
step:1019/5100 train_loss:3.6134 train_time:501319ms step_avg:496.85ms
step:1020/5100 train_loss:3.5859 train_time:501813ms step_avg:496.84ms
step:1021/5100 train_loss:3.5645 train_time:502306ms step_avg:496.84ms
step:1022/5100 train_loss:3.5414 train_time:502802ms step_avg:496.84ms
step:1023/5100 train_loss:3.7451 train_time:503292ms step_avg:496.83ms
step:1024/5100 train_loss:3.7138 train_time:503789ms step_avg:496.83ms
step:1025/5100 train_loss:3.6897 train_time:504287ms step_avg:496.83ms
step:1026/5100 train_loss:3.6302 train_time:504783ms step_avg:496.83ms
step:1027/5100 train_loss:3.7233 train_time:505277ms step_avg:496.83ms
step:1028/5100 train_loss:3.6540 train_time:505771ms step_avg:496.83ms
step:1029/5100 train_loss:3.5914 train_time:506257ms step_avg:496.82ms
step:1030/5100 train_loss:3.6206 train_time:506750ms step_avg:496.81ms
step:1031/5100 train_loss:3.6844 train_time:507244ms step_avg:496.81ms
step:1032/5100 train_loss:3.5806 train_time:507742ms step_avg:496.81ms
step:1033/5100 train_loss:3.8170 train_time:508232ms step_avg:496.81ms
step:1034/5100 train_loss:3.6830 train_time:508726ms step_avg:496.80ms
step:1035/5100 train_loss:3.5078 train_time:509221ms step_avg:496.80ms
step:1036/5100 train_loss:3.5660 train_time:509718ms step_avg:496.80ms
step:1037/5100 train_loss:3.7436 train_time:510214ms step_avg:496.80ms
step:1038/5100 train_loss:4.1135 train_time:510710ms step_avg:496.80ms
step:1039/5100 train_loss:3.8438 train_time:511206ms step_avg:496.80ms
step:1040/5100 train_loss:3.7992 train_time:511694ms step_avg:496.79ms
step:1041/5100 train_loss:3.7179 train_time:512188ms step_avg:496.79ms
step:1042/5100 train_loss:3.5453 train_time:512683ms step_avg:496.79ms
step:1043/5100 train_loss:3.6029 train_time:513169ms step_avg:496.78ms
step:1044/5100 train_loss:3.6236 train_time:513679ms step_avg:496.79ms
step:1045/5100 train_loss:3.7547 train_time:514174ms step_avg:496.79ms
step:1046/5100 train_loss:3.8320 train_time:514668ms step_avg:496.78ms
step:1047/5100 train_loss:3.6775 train_time:515162ms step_avg:496.78ms
step:1048/5100 train_loss:3.9015 train_time:515657ms step_avg:496.78ms
step:1049/5100 train_loss:3.7349 train_time:516149ms step_avg:496.77ms
step:1050/5100 train_loss:3.7138 train_time:516625ms step_avg:496.76ms
step:1051/5100 train_loss:3.5448 train_time:517119ms step_avg:496.75ms
step:1052/5100 train_loss:3.7721 train_time:517612ms step_avg:496.75ms
step:1053/5100 train_loss:3.5516 train_time:518105ms step_avg:496.74ms
step:1054/5100 train_loss:4.0011 train_time:518600ms step_avg:496.74ms
step:1055/5100 train_loss:3.5484 train_time:519091ms step_avg:496.74ms
step:1056/5100 train_loss:3.6568 train_time:519631ms step_avg:496.78ms
step:1057/5100 train_loss:3.7975 train_time:520080ms step_avg:496.73ms
step:1058/5100 train_loss:3.6975 train_time:520582ms step_avg:496.74ms
step:1059/5100 train_loss:3.5568 train_time:521072ms step_avg:496.73ms
step:1060/5100 train_loss:3.7975 train_time:521566ms step_avg:496.73ms
step:1061/5100 train_loss:3.7387 train_time:522055ms step_avg:496.72ms
step:1062/5100 train_loss:3.6163 train_time:522548ms step_avg:496.72ms
step:1063/5100 train_loss:3.5884 train_time:523043ms step_avg:496.72ms
step:1064/5100 train_loss:3.7327 train_time:523534ms step_avg:496.71ms
step:1065/5100 train_loss:3.5291 train_time:524029ms step_avg:496.71ms
step:1066/5100 train_loss:3.5311 train_time:524522ms step_avg:496.71ms
step:1067/5100 train_loss:3.6767 train_time:525023ms step_avg:496.71ms
step:1068/5100 train_loss:3.4668 train_time:525518ms step_avg:496.71ms
step:1069/5100 train_loss:3.6109 train_time:526007ms step_avg:496.70ms
step:1070/5100 train_loss:3.3443 train_time:526502ms step_avg:496.70ms
step:1071/5100 train_loss:3.8632 train_time:526992ms step_avg:496.69ms
step:1072/5100 train_loss:3.7301 train_time:527487ms step_avg:496.69ms
step:1073/5100 train_loss:3.6341 train_time:527981ms step_avg:496.69ms
step:1074/5100 train_loss:3.7931 train_time:528473ms step_avg:496.69ms
step:1075/5100 train_loss:3.6799 train_time:528967ms step_avg:496.68ms
step:1076/5100 train_loss:3.5580 train_time:529463ms step_avg:496.68ms
step:1077/5100 train_loss:3.9654 train_time:529957ms step_avg:496.68ms
step:1078/5100 train_loss:3.6089 train_time:530451ms step_avg:496.68ms
step:1079/5100 train_loss:3.3397 train_time:530948ms step_avg:496.68ms
step:1080/5100 train_loss:3.5301 train_time:531440ms step_avg:496.67ms
step:1081/5100 train_loss:3.6591 train_time:531932ms step_avg:496.67ms
step:1082/5100 train_loss:3.7660 train_time:532426ms step_avg:496.67ms
step:1083/5100 train_loss:3.8189 train_time:532920ms step_avg:496.66ms
step:1084/5100 train_loss:3.8250 train_time:533413ms step_avg:496.66ms
step:1085/5100 train_loss:3.6258 train_time:533908ms step_avg:496.66ms
step:1086/5100 train_loss:3.7473 train_time:534401ms step_avg:496.66ms
step:1087/5100 train_loss:3.5656 train_time:534893ms step_avg:496.65ms
step:1088/5100 train_loss:3.7447 train_time:535389ms step_avg:496.65ms
step:1089/5100 train_loss:3.6043 train_time:535924ms step_avg:496.69ms
step:1090/5100 train_loss:3.5662 train_time:536379ms step_avg:496.65ms
step:1091/5100 train_loss:3.8148 train_time:536871ms step_avg:496.64ms
step:1092/5100 train_loss:3.6311 train_time:537381ms step_avg:496.66ms
step:1093/5100 train_loss:3.7515 train_time:537860ms step_avg:496.64ms
step:1094/5100 train_loss:3.6570 train_time:538353ms step_avg:496.64ms
step:1095/5100 train_loss:3.7272 train_time:538848ms step_avg:496.63ms
step:1096/5100 train_loss:3.6086 train_time:539347ms step_avg:496.64ms
step:1097/5100 train_loss:3.6504 train_time:539838ms step_avg:496.63ms
step:1098/5100 train_loss:3.7180 train_time:540332ms step_avg:496.63ms
step:1099/5100 train_loss:3.8222 train_time:540833ms step_avg:496.63ms
step:1100/5100 train_loss:3.6732 train_time:541322ms step_avg:496.63ms
step:1101/5100 train_loss:3.7668 train_time:541820ms step_avg:496.63ms
step:1102/5100 train_loss:3.6730 train_time:542315ms step_avg:496.63ms
step:1103/5100 train_loss:3.5245 train_time:542806ms step_avg:496.62ms
step:1104/5100 train_loss:3.6530 train_time:543301ms step_avg:496.62ms
step:1105/5100 train_loss:3.6399 train_time:543794ms step_avg:496.62ms
step:1106/5100 train_loss:3.8463 train_time:544289ms step_avg:496.61ms
step:1107/5100 train_loss:3.3997 train_time:544784ms step_avg:496.61ms
step:1108/5100 train_loss:3.8706 train_time:545279ms step_avg:496.61ms
step:1109/5100 train_loss:3.6868 train_time:545769ms step_avg:496.60ms
step:1110/5100 train_loss:3.6421 train_time:546264ms step_avg:496.60ms
step:1111/5100 train_loss:3.6816 train_time:546758ms step_avg:496.60ms
step:1112/5100 train_loss:3.7393 train_time:547267ms step_avg:496.61ms
step:1113/5100 train_loss:3.8195 train_time:547762ms step_avg:496.61ms
step:1114/5100 train_loss:3.6760 train_time:548253ms step_avg:496.61ms
step:1115/5100 train_loss:3.6832 train_time:548749ms step_avg:496.61ms
step:1116/5100 train_loss:3.4717 train_time:549239ms step_avg:496.60ms
step:1117/5100 train_loss:3.6476 train_time:549733ms step_avg:496.60ms
step:1118/5100 train_loss:3.6693 train_time:550228ms step_avg:496.60ms
step:1119/5100 train_loss:4.1221 train_time:550728ms step_avg:496.60ms
step:1120/5100 train_loss:3.7795 train_time:551224ms step_avg:496.60ms
step:1121/5100 train_loss:3.6868 train_time:551720ms step_avg:496.60ms
step:1122/5100 train_loss:3.6390 train_time:552208ms step_avg:496.59ms
step:1123/5100 train_loss:3.6752 train_time:552698ms step_avg:496.58ms
step:1124/5100 train_loss:3.9001 train_time:553195ms step_avg:496.58ms
step:1125/5100 train_loss:3.5314 train_time:553687ms step_avg:496.58ms
step:1125/5100 val_loss:3.6549 train_time:553997ms step_avg:496.86ms
step:1126/5100 train_loss:3.3483 train_time:554183ms step_avg:496.58ms
step:1127/5100 train_loss:3.7770 train_time:554675ms step_avg:496.58ms
step:1128/5100 train_loss:4.1616 train_time:555167ms step_avg:496.57ms
step:1129/5100 train_loss:3.5264 train_time:555661ms step_avg:496.57ms
step:1130/5100 train_loss:3.8156 train_time:556154ms step_avg:496.57ms
step:1131/5100 train_loss:3.7349 train_time:556652ms step_avg:496.57ms
step:1132/5100 train_loss:3.6662 train_time:557146ms step_avg:496.57ms
step:1133/5100 train_loss:3.6941 train_time:557637ms step_avg:496.56ms
step:1134/5100 train_loss:3.8988 train_time:558131ms step_avg:496.56ms
step:1135/5100 train_loss:3.6794 train_time:558626ms step_avg:496.56ms
step:1136/5100 train_loss:3.6488 train_time:559120ms step_avg:496.55ms
step:1137/5100 train_loss:3.8230 train_time:559617ms step_avg:496.55ms
step:1138/5100 train_loss:3.7175 train_time:560111ms step_avg:496.55ms
step:1139/5100 train_loss:3.5129 train_time:560604ms step_avg:496.55ms
step:1140/5100 train_loss:3.9887 train_time:561639ms step_avg:497.03ms
step:1141/5100 train_loss:3.6822 train_time:562136ms step_avg:497.03ms
step:1142/5100 train_loss:3.8951 train_time:562625ms step_avg:497.02ms
step:1143/5100 train_loss:3.7675 train_time:563116ms step_avg:497.01ms
step:1144/5100 train_loss:3.6856 train_time:563609ms step_avg:497.01ms
step:1145/5100 train_loss:3.6292 train_time:564104ms step_avg:497.01ms
step:1146/5100 train_loss:3.6888 train_time:564602ms step_avg:497.01ms
step:1147/5100 train_loss:3.9596 train_time:565098ms step_avg:497.01ms
step:1148/5100 train_loss:3.8216 train_time:565594ms step_avg:497.01ms
step:1149/5100 train_loss:3.6465 train_time:566087ms step_avg:497.00ms
step:1150/5100 train_loss:3.5005 train_time:566584ms step_avg:497.00ms
step:1151/5100 train_loss:3.5503 train_time:567077ms step_avg:497.00ms
step:1152/5100 train_loss:3.6009 train_time:567565ms step_avg:496.99ms
step:1153/5100 train_loss:4.0137 train_time:568060ms step_avg:496.99ms
step:1154/5100 train_loss:3.7883 train_time:568556ms step_avg:496.99ms
step:1155/5100 train_loss:3.8131 train_time:569050ms step_avg:496.99ms
step:1156/5100 train_loss:3.4731 train_time:569548ms step_avg:496.99ms
step:1157/5100 train_loss:3.8679 train_time:570039ms step_avg:496.98ms
step:1158/5100 train_loss:3.7286 train_time:570537ms step_avg:496.98ms
step:1159/5100 train_loss:3.5036 train_time:571027ms step_avg:496.98ms
step:1160/5100 train_loss:3.5864 train_time:571520ms step_avg:496.97ms
step:1161/5100 train_loss:3.5129 train_time:572015ms step_avg:496.97ms
step:1162/5100 train_loss:3.4965 train_time:572510ms step_avg:496.97ms
step:1163/5100 train_loss:3.5467 train_time:573002ms step_avg:496.97ms
step:1164/5100 train_loss:3.7440 train_time:573503ms step_avg:496.97ms
step:1165/5100 train_loss:3.6348 train_time:573994ms step_avg:496.96ms
step:1166/5100 train_loss:3.5156 train_time:574487ms step_avg:496.96ms
step:1167/5100 train_loss:3.6146 train_time:574979ms step_avg:496.96ms
step:1168/5100 train_loss:3.6136 train_time:575473ms step_avg:496.95ms
step:1169/5100 train_loss:3.8243 train_time:575969ms step_avg:496.95ms
step:1170/5100 train_loss:3.5610 train_time:576463ms step_avg:496.95ms
step:1171/5100 train_loss:3.6416 train_time:576955ms step_avg:496.95ms
step:1172/5100 train_loss:3.6138 train_time:577453ms step_avg:496.95ms
step:1173/5100 train_loss:3.6411 train_time:577943ms step_avg:496.94ms
step:1174/5100 train_loss:3.8160 train_time:578437ms step_avg:496.94ms
step:1175/5100 train_loss:3.5371 train_time:578936ms step_avg:496.94ms
step:1176/5100 train_loss:3.6579 train_time:579423ms step_avg:496.93ms
step:1177/5100 train_loss:3.7732 train_time:579917ms step_avg:496.93ms
step:1178/5100 train_loss:3.5878 train_time:580412ms step_avg:496.93ms
step:1179/5100 train_loss:3.7344 train_time:580905ms step_avg:496.93ms
step:1180/5100 train_loss:3.5916 train_time:581398ms step_avg:496.92ms
step:1181/5100 train_loss:3.5671 train_time:581893ms step_avg:496.92ms
step:1182/5100 train_loss:3.3983 train_time:582391ms step_avg:496.92ms
step:1183/5100 train_loss:3.6856 train_time:582887ms step_avg:496.92ms
step:1184/5100 train_loss:3.4911 train_time:583383ms step_avg:496.92ms
step:1185/5100 train_loss:3.8811 train_time:583888ms step_avg:496.93ms
step:1186/5100 train_loss:3.8628 train_time:584383ms step_avg:496.92ms
step:1187/5100 train_loss:3.6034 train_time:584878ms step_avg:496.92ms
step:1188/5100 train_loss:3.6186 train_time:585372ms step_avg:496.92ms
step:1189/5100 train_loss:3.6553 train_time:585866ms step_avg:496.92ms
step:1190/5100 train_loss:3.4609 train_time:586360ms step_avg:496.92ms
step:1191/5100 train_loss:3.7175 train_time:586853ms step_avg:496.91ms
step:1192/5100 train_loss:4.0968 train_time:587348ms step_avg:496.91ms
step:1193/5100 train_loss:3.6197 train_time:587852ms step_avg:496.92ms
step:1194/5100 train_loss:3.5495 train_time:588345ms step_avg:496.91ms
step:1195/5100 train_loss:3.8219 train_time:588846ms step_avg:496.92ms
step:1196/5100 train_loss:3.6122 train_time:589338ms step_avg:496.91ms
step:1197/5100 train_loss:3.5298 train_time:589824ms step_avg:496.90ms
step:1198/5100 train_loss:3.5074 train_time:590317ms step_avg:496.90ms
step:1199/5100 train_loss:3.4905 train_time:590811ms step_avg:496.90ms
step:1200/5100 train_loss:3.6437 train_time:591306ms step_avg:496.90ms
step:1201/5100 train_loss:3.6990 train_time:591807ms step_avg:496.90ms
step:1202/5100 train_loss:3.8378 train_time:592304ms step_avg:496.90ms
step:1203/5100 train_loss:3.7499 train_time:592792ms step_avg:496.89ms
step:1204/5100 train_loss:3.6778 train_time:593267ms step_avg:496.87ms
step:1205/5100 train_loss:3.5684 train_time:593761ms step_avg:496.87ms
step:1206/5100 train_loss:3.6185 train_time:594257ms step_avg:496.87ms
step:1207/5100 train_loss:3.7440 train_time:594751ms step_avg:496.87ms
step:1208/5100 train_loss:3.8065 train_time:595244ms step_avg:496.86ms
step:1209/5100 train_loss:3.5704 train_time:595745ms step_avg:496.87ms
step:1210/5100 train_loss:3.4569 train_time:596237ms step_avg:496.86ms
step:1211/5100 train_loss:3.4009 train_time:596738ms step_avg:496.87ms
step:1212/5100 train_loss:3.7069 train_time:597220ms step_avg:496.86ms
step:1213/5100 train_loss:3.7744 train_time:597753ms step_avg:496.89ms
step:1214/5100 train_loss:3.6207 train_time:598241ms step_avg:496.88ms
step:1215/5100 train_loss:3.5146 train_time:598706ms step_avg:496.85ms
step:1216/5100 train_loss:3.8252 train_time:599199ms step_avg:496.85ms
step:1217/5100 train_loss:3.5646 train_time:599692ms step_avg:496.85ms
step:1218/5100 train_loss:3.6380 train_time:600189ms step_avg:496.85ms
step:1219/5100 train_loss:3.6672 train_time:600685ms step_avg:496.84ms
step:1220/5100 train_loss:3.6840 train_time:601176ms step_avg:496.84ms
step:1221/5100 train_loss:3.6388 train_time:601670ms step_avg:496.84ms
step:1222/5100 train_loss:3.8504 train_time:602164ms step_avg:496.84ms
step:1223/5100 train_loss:3.6367 train_time:602659ms step_avg:496.83ms
step:1224/5100 train_loss:3.5268 train_time:603155ms step_avg:496.83ms
step:1225/5100 train_loss:3.4336 train_time:603648ms step_avg:496.83ms
step:1226/5100 train_loss:3.5557 train_time:604140ms step_avg:496.83ms
step:1227/5100 train_loss:3.5558 train_time:604638ms step_avg:496.83ms
step:1228/5100 train_loss:3.5895 train_time:605130ms step_avg:496.82ms
step:1229/5100 train_loss:3.6671 train_time:605623ms step_avg:496.82ms
step:1230/5100 train_loss:3.5937 train_time:606118ms step_avg:496.82ms
step:1231/5100 train_loss:3.8540 train_time:606614ms step_avg:496.82ms
step:1232/5100 train_loss:3.9143 train_time:607111ms step_avg:496.82ms
step:1233/5100 train_loss:3.8079 train_time:607617ms step_avg:496.83ms
step:1234/5100 train_loss:3.7169 train_time:608111ms step_avg:496.82ms
step:1235/5100 train_loss:3.8882 train_time:608604ms step_avg:496.82ms
step:1236/5100 train_loss:3.6053 train_time:609100ms step_avg:496.82ms
step:1237/5100 train_loss:3.5425 train_time:609579ms step_avg:496.80ms
step:1238/5100 train_loss:3.4722 train_time:610072ms step_avg:496.80ms
step:1239/5100 train_loss:3.5025 train_time:610580ms step_avg:496.81ms
step:1240/5100 train_loss:3.5864 train_time:611059ms step_avg:496.80ms
step:1241/5100 train_loss:3.4984 train_time:611555ms step_avg:496.80ms
step:1242/5100 train_loss:3.6960 train_time:612049ms step_avg:496.79ms
step:1243/5100 train_loss:3.5808 train_time:612542ms step_avg:496.79ms
step:1244/5100 train_loss:3.6684 train_time:613038ms step_avg:496.79ms
step:1245/5100 train_loss:3.7402 train_time:613539ms step_avg:496.79ms
step:1246/5100 train_loss:3.4899 train_time:614029ms step_avg:496.79ms
step:1247/5100 train_loss:3.5676 train_time:614522ms step_avg:496.78ms
step:1248/5100 train_loss:3.6965 train_time:615016ms step_avg:496.78ms
step:1249/5100 train_loss:3.8218 train_time:615509ms step_avg:496.78ms
step:1250/5100 train_loss:3.6796 train_time:616003ms step_avg:496.78ms
step:1250/5100 val_loss:3.6244 train_time:616313ms step_avg:497.03ms
step:1251/5100 train_loss:3.5699 train_time:616505ms step_avg:496.78ms
step:1252/5100 train_loss:3.6495 train_time:616996ms step_avg:496.78ms
step:1253/5100 train_loss:3.6347 train_time:617484ms step_avg:496.77ms
step:1254/5100 train_loss:3.6379 train_time:617984ms step_avg:496.77ms
step:1255/5100 train_loss:3.7970 train_time:618473ms step_avg:496.77ms
step:1256/5100 train_loss:3.7149 train_time:618971ms step_avg:496.77ms
step:1257/5100 train_loss:3.7448 train_time:619460ms step_avg:496.76ms
step:1258/5100 train_loss:3.7081 train_time:619969ms step_avg:496.77ms
step:1259/5100 train_loss:3.6070 train_time:620452ms step_avg:496.76ms
step:1260/5100 train_loss:3.6097 train_time:620944ms step_avg:496.76ms
step:1261/5100 train_loss:3.4673 train_time:621439ms step_avg:496.75ms
step:1262/5100 train_loss:3.3830 train_time:621932ms step_avg:496.75ms
step:1263/5100 train_loss:3.7219 train_time:622431ms step_avg:496.75ms
step:1264/5100 train_loss:3.4439 train_time:622924ms step_avg:496.75ms
step:1265/5100 train_loss:3.7879 train_time:623415ms step_avg:496.75ms
step:1266/5100 train_loss:3.6899 train_time:623909ms step_avg:496.74ms
step:1267/5100 train_loss:3.6798 train_time:624409ms step_avg:496.75ms
step:1268/5100 train_loss:3.7595 train_time:624904ms step_avg:496.74ms
step:1269/5100 train_loss:3.5701 train_time:625399ms step_avg:496.74ms
step:1270/5100 train_loss:3.5990 train_time:625894ms step_avg:496.74ms
step:1271/5100 train_loss:3.5224 train_time:626387ms step_avg:496.74ms
step:1272/5100 train_loss:3.5350 train_time:626881ms step_avg:496.74ms
step:1273/5100 train_loss:3.5542 train_time:627376ms step_avg:496.74ms
step:1274/5100 train_loss:3.6136 train_time:627870ms step_avg:496.73ms
step:1275/5100 train_loss:3.6023 train_time:628364ms step_avg:496.73ms
step:1276/5100 train_loss:3.7311 train_time:628864ms step_avg:496.73ms
step:1277/5100 train_loss:3.7321 train_time:629357ms step_avg:496.73ms
step:1278/5100 train_loss:3.7019 train_time:629850ms step_avg:496.73ms
step:1279/5100 train_loss:3.5908 train_time:630343ms step_avg:496.72ms
step:1280/5100 train_loss:3.4282 train_time:630835ms step_avg:496.72ms
step:1281/5100 train_loss:3.5156 train_time:631330ms step_avg:496.72ms
step:1282/5100 train_loss:3.7355 train_time:631824ms step_avg:496.72ms
step:1283/5100 train_loss:3.6590 train_time:632324ms step_avg:496.72ms
step:1284/5100 train_loss:3.7169 train_time:632812ms step_avg:496.71ms
step:1285/5100 train_loss:3.6730 train_time:633317ms step_avg:496.72ms
step:1286/5100 train_loss:3.6287 train_time:633800ms step_avg:496.71ms
step:1287/5100 train_loss:3.4975 train_time:634318ms step_avg:496.73ms
step:1288/5100 train_loss:3.5616 train_time:634787ms step_avg:496.70ms
step:1289/5100 train_loss:3.5461 train_time:635283ms step_avg:496.70ms
step:1290/5100 train_loss:3.4962 train_time:635774ms step_avg:496.70ms
step:1291/5100 train_loss:3.6455 train_time:636268ms step_avg:496.70ms
step:1292/5100 train_loss:3.6723 train_time:636764ms step_avg:496.70ms
step:1293/5100 train_loss:3.7075 train_time:637263ms step_avg:496.70ms
step:1294/5100 train_loss:3.7279 train_time:637752ms step_avg:496.69ms
step:1295/5100 train_loss:3.3903 train_time:638254ms step_avg:496.70ms
step:1296/5100 train_loss:3.5023 train_time:638753ms step_avg:496.70ms
step:1297/5100 train_loss:3.7103 train_time:639240ms step_avg:496.69ms
step:1298/5100 train_loss:3.4548 train_time:639734ms step_avg:496.69ms
step:1299/5100 train_loss:3.7114 train_time:640226ms step_avg:496.68ms
step:1300/5100 train_loss:3.6295 train_time:640721ms step_avg:496.68ms
step:1301/5100 train_loss:3.7606 train_time:641221ms step_avg:496.69ms
step:1302/5100 train_loss:3.7162 train_time:641715ms step_avg:496.68ms
step:1303/5100 train_loss:3.8699 train_time:642207ms step_avg:496.68ms
step:1304/5100 train_loss:3.4965 train_time:642696ms step_avg:496.67ms
step:1305/5100 train_loss:3.9871 train_time:643187ms step_avg:496.67ms
step:1306/5100 train_loss:3.5973 train_time:643681ms step_avg:496.67ms
step:1307/5100 train_loss:3.7788 train_time:644175ms step_avg:496.67ms
step:1308/5100 train_loss:3.9453 train_time:644669ms step_avg:496.66ms
step:1309/5100 train_loss:3.5621 train_time:645164ms step_avg:496.66ms
step:1310/5100 train_loss:3.5064 train_time:645656ms step_avg:496.66ms
step:1311/5100 train_loss:3.6837 train_time:646150ms step_avg:496.66ms
step:1312/5100 train_loss:3.6198 train_time:646644ms step_avg:496.65ms
step:1313/5100 train_loss:3.5994 train_time:647138ms step_avg:496.65ms
step:1314/5100 train_loss:3.6910 train_time:647633ms step_avg:496.65ms
step:1315/5100 train_loss:3.3271 train_time:648127ms step_avg:496.65ms
step:1316/5100 train_loss:3.5282 train_time:648621ms step_avg:496.65ms
step:1317/5100 train_loss:3.6274 train_time:649117ms step_avg:496.65ms
step:1318/5100 train_loss:3.7391 train_time:649611ms step_avg:496.64ms
step:1319/5100 train_loss:3.4066 train_time:650105ms step_avg:496.64ms
step:1320/5100 train_loss:3.6171 train_time:650603ms step_avg:496.64ms
step:1321/5100 train_loss:3.7546 train_time:651093ms step_avg:496.64ms
step:1322/5100 train_loss:3.7183 train_time:651588ms step_avg:496.64ms
step:1323/5100 train_loss:3.6050 train_time:652083ms step_avg:496.64ms
step:1324/5100 train_loss:3.6369 train_time:652576ms step_avg:496.63ms
step:1325/5100 train_loss:3.8823 train_time:653069ms step_avg:496.63ms
step:1326/5100 train_loss:3.9205 train_time:653566ms step_avg:496.63ms
step:1327/5100 train_loss:3.6740 train_time:654058ms step_avg:496.63ms
step:1328/5100 train_loss:3.4882 train_time:654554ms step_avg:496.63ms
step:1329/5100 train_loss:3.8871 train_time:655045ms step_avg:496.62ms
step:1330/5100 train_loss:3.6557 train_time:655830ms step_avg:496.84ms
step:1331/5100 train_loss:3.8723 train_time:656320ms step_avg:496.84ms
step:1332/5100 train_loss:3.5881 train_time:656820ms step_avg:496.84ms
step:1333/5100 train_loss:3.8376 train_time:657312ms step_avg:496.83ms
step:1334/5100 train_loss:3.7462 train_time:657807ms step_avg:496.83ms
step:1335/5100 train_loss:3.6448 train_time:658300ms step_avg:496.83ms
step:1336/5100 train_loss:3.5477 train_time:658795ms step_avg:496.83ms
step:1337/5100 train_loss:3.6666 train_time:659294ms step_avg:496.83ms
step:1338/5100 train_loss:3.8484 train_time:659785ms step_avg:496.83ms
step:1339/5100 train_loss:3.7334 train_time:660283ms step_avg:496.83ms
step:1340/5100 train_loss:3.5765 train_time:660775ms step_avg:496.82ms
step:1341/5100 train_loss:3.5242 train_time:661267ms step_avg:496.82ms
step:1342/5100 train_loss:3.8905 train_time:661760ms step_avg:496.82ms
step:1343/5100 train_loss:3.6916 train_time:662256ms step_avg:496.82ms
step:1344/5100 train_loss:3.7181 train_time:662749ms step_avg:496.81ms
step:1345/5100 train_loss:3.7237 train_time:663243ms step_avg:496.81ms
step:1346/5100 train_loss:3.6982 train_time:663737ms step_avg:496.81ms
step:1347/5100 train_loss:3.5302 train_time:664232ms step_avg:496.81ms
step:1348/5100 train_loss:3.5045 train_time:664743ms step_avg:496.82ms
step:1349/5100 train_loss:3.6320 train_time:665238ms step_avg:496.82ms
step:1350/5100 train_loss:3.5229 train_time:665734ms step_avg:496.82ms
step:1351/5100 train_loss:3.7180 train_time:666231ms step_avg:496.82ms
step:1352/5100 train_loss:3.6052 train_time:666727ms step_avg:496.82ms
step:1353/5100 train_loss:3.5570 train_time:667221ms step_avg:496.81ms
step:1354/5100 train_loss:3.7095 train_time:667714ms step_avg:496.81ms
step:1355/5100 train_loss:3.5618 train_time:668188ms step_avg:496.79ms
step:1356/5100 train_loss:3.3636 train_time:668696ms step_avg:496.80ms
step:1357/5100 train_loss:3.6999 train_time:669175ms step_avg:496.79ms
step:1358/5100 train_loss:3.7600 train_time:669668ms step_avg:496.79ms
step:1359/5100 train_loss:3.4627 train_time:670164ms step_avg:496.79ms
step:1360/5100 train_loss:3.8195 train_time:670656ms step_avg:496.78ms
step:1361/5100 train_loss:3.7529 train_time:671155ms step_avg:496.78ms
step:1362/5100 train_loss:3.4830 train_time:671646ms step_avg:496.78ms
step:1363/5100 train_loss:3.6570 train_time:672138ms step_avg:496.78ms
step:1364/5100 train_loss:3.4942 train_time:672636ms step_avg:496.78ms
step:1365/5100 train_loss:3.5312 train_time:673136ms step_avg:496.78ms
step:1366/5100 train_loss:3.6554 train_time:673620ms step_avg:496.77ms
step:1367/5100 train_loss:3.7152 train_time:674118ms step_avg:496.77ms
step:1368/5100 train_loss:3.6677 train_time:674607ms step_avg:496.76ms
step:1369/5100 train_loss:3.7664 train_time:675100ms step_avg:496.76ms
step:1370/5100 train_loss:3.6704 train_time:675592ms step_avg:496.76ms
step:1371/5100 train_loss:3.9550 train_time:676087ms step_avg:496.76ms
step:1372/5100 train_loss:3.5779 train_time:676584ms step_avg:496.76ms
step:1373/5100 train_loss:3.5588 train_time:677075ms step_avg:496.75ms
step:1374/5100 train_loss:3.6381 train_time:677569ms step_avg:496.75ms
step:1375/5100 train_loss:3.4773 train_time:678066ms step_avg:496.75ms
step:1375/5100 val_loss:3.6034 train_time:678371ms step_avg:496.98ms
step:1376/5100 train_loss:3.9130 train_time:678560ms step_avg:496.75ms
step:1377/5100 train_loss:3.6171 train_time:679049ms step_avg:496.74ms
step:1378/5100 train_loss:3.8253 train_time:679542ms step_avg:496.74ms
step:1379/5100 train_loss:3.8738 train_time:680042ms step_avg:496.74ms
step:1380/5100 train_loss:3.6427 train_time:680535ms step_avg:496.74ms
step:1381/5100 train_loss:3.6320 train_time:681037ms step_avg:496.74ms
step:1382/5100 train_loss:3.6865 train_time:681523ms step_avg:496.74ms
step:1383/5100 train_loss:3.5221 train_time:682019ms step_avg:496.74ms
step:1384/5100 train_loss:3.7155 train_time:682509ms step_avg:496.73ms
step:1385/5100 train_loss:3.8004 train_time:683001ms step_avg:496.73ms
step:1386/5100 train_loss:3.5642 train_time:683504ms step_avg:496.73ms
step:1387/5100 train_loss:3.7002 train_time:683994ms step_avg:496.73ms
step:1388/5100 train_loss:3.5724 train_time:684487ms step_avg:496.72ms
step:1389/5100 train_loss:3.5725 train_time:684977ms step_avg:496.72ms
step:1390/5100 train_loss:3.3402 train_time:685471ms step_avg:496.72ms
step:1391/5100 train_loss:3.6411 train_time:685966ms step_avg:496.72ms
step:1392/5100 train_loss:3.4990 train_time:686462ms step_avg:496.72ms
step:1393/5100 train_loss:3.6245 train_time:686969ms step_avg:496.72ms
step:1394/5100 train_loss:3.6399 train_time:687464ms step_avg:496.72ms
step:1395/5100 train_loss:3.6850 train_time:687957ms step_avg:496.72ms
step:1396/5100 train_loss:3.6595 train_time:688451ms step_avg:496.72ms
step:1397/5100 train_loss:3.6277 train_time:688937ms step_avg:496.71ms
step:1398/5100 train_loss:3.4283 train_time:689424ms step_avg:496.70ms
step:1399/5100 train_loss:3.6124 train_time:689918ms step_avg:496.70ms
step:1400/5100 train_loss:3.6349 train_time:690412ms step_avg:496.70ms
step:1401/5100 train_loss:3.6044 train_time:690905ms step_avg:496.70ms
step:1402/5100 train_loss:3.5703 train_time:691400ms step_avg:496.70ms
step:1403/5100 train_loss:3.5387 train_time:691893ms step_avg:496.69ms
step:1404/5100 train_loss:3.6536 train_time:692388ms step_avg:496.69ms
step:1405/5100 train_loss:3.6335 train_time:692884ms step_avg:496.69ms
step:1406/5100 train_loss:3.6837 train_time:693375ms step_avg:496.69ms
step:1407/5100 train_loss:3.6003 train_time:693870ms step_avg:496.69ms
step:1408/5100 train_loss:3.5560 train_time:694364ms step_avg:496.68ms
step:1409/5100 train_loss:3.4108 train_time:694859ms step_avg:496.68ms
step:1410/5100 train_loss:3.5809 train_time:695352ms step_avg:496.68ms
step:1411/5100 train_loss:3.5497 train_time:695845ms step_avg:496.68ms
step:1412/5100 train_loss:3.6382 train_time:696341ms step_avg:496.68ms
step:1413/5100 train_loss:3.5454 train_time:696835ms step_avg:496.67ms
step:1414/5100 train_loss:3.4740 train_time:697327ms step_avg:496.67ms
step:1415/5100 train_loss:3.6695 train_time:697821ms step_avg:496.67ms
step:1416/5100 train_loss:3.8699 train_time:698318ms step_avg:496.67ms
step:1417/5100 train_loss:3.5054 train_time:698810ms step_avg:496.67ms
step:1418/5100 train_loss:3.5135 train_time:699304ms step_avg:496.67ms
step:1419/5100 train_loss:3.5097 train_time:699807ms step_avg:496.67ms
step:1420/5100 train_loss:3.5986 train_time:700295ms step_avg:496.66ms
step:1421/5100 train_loss:3.6765 train_time:700790ms step_avg:496.66ms
step:1422/5100 train_loss:3.4906 train_time:701284ms step_avg:496.66ms
step:1423/5100 train_loss:3.6524 train_time:701774ms step_avg:496.66ms
step:1424/5100 train_loss:3.7368 train_time:702268ms step_avg:496.65ms
step:1425/5100 train_loss:3.7297 train_time:702763ms step_avg:496.65ms
step:1426/5100 train_loss:3.2334 train_time:703257ms step_avg:496.65ms
step:1427/5100 train_loss:3.6297 train_time:703754ms step_avg:496.65ms
step:1428/5100 train_loss:3.6720 train_time:704243ms step_avg:496.65ms
step:1429/5100 train_loss:3.6914 train_time:704736ms step_avg:496.64ms
step:1430/5100 train_loss:3.5848 train_time:705229ms step_avg:496.64ms
step:1431/5100 train_loss:3.8176 train_time:705722ms step_avg:496.64ms
step:1432/5100 train_loss:3.7062 train_time:706225ms step_avg:496.64ms
step:1433/5100 train_loss:3.5985 train_time:706708ms step_avg:496.63ms
step:1434/5100 train_loss:3.5967 train_time:707202ms step_avg:496.63ms
step:1435/5100 train_loss:3.5471 train_time:707697ms step_avg:496.63ms
step:1436/5100 train_loss:3.2350 train_time:708190ms step_avg:496.63ms
step:1437/5100 train_loss:3.4784 train_time:708683ms step_avg:496.62ms
step:1438/5100 train_loss:3.6551 train_time:709177ms step_avg:496.62ms
step:1439/5100 train_loss:3.6663 train_time:709675ms step_avg:496.62ms
step:1440/5100 train_loss:3.6719 train_time:710170ms step_avg:496.62ms
step:1441/5100 train_loss:3.5082 train_time:710662ms step_avg:496.62ms
step:1442/5100 train_loss:3.6077 train_time:711158ms step_avg:496.62ms
step:1443/5100 train_loss:3.8860 train_time:711648ms step_avg:496.61ms
step:1444/5100 train_loss:3.6730 train_time:712143ms step_avg:496.61ms
step:1445/5100 train_loss:3.6580 train_time:712638ms step_avg:496.61ms
step:1446/5100 train_loss:3.6404 train_time:713134ms step_avg:496.61ms
step:1447/5100 train_loss:3.4769 train_time:713623ms step_avg:496.61ms
step:1448/5100 train_loss:3.5572 train_time:714117ms step_avg:496.60ms
step:1449/5100 train_loss:3.5841 train_time:714617ms step_avg:496.61ms
step:1450/5100 train_loss:3.8006 train_time:715112ms step_avg:496.61ms
step:1451/5100 train_loss:3.7145 train_time:715604ms step_avg:496.60ms
step:1452/5100 train_loss:3.4732 train_time:716098ms step_avg:496.60ms
step:1453/5100 train_loss:3.7330 train_time:716593ms step_avg:496.60ms
step:1454/5100 train_loss:3.4890 train_time:717085ms step_avg:496.60ms
step:1455/5100 train_loss:3.6018 train_time:717583ms step_avg:496.60ms
step:1456/5100 train_loss:3.6490 train_time:718075ms step_avg:496.59ms
step:1457/5100 train_loss:3.4923 train_time:718568ms step_avg:496.59ms
step:1458/5100 train_loss:3.4558 train_time:719072ms step_avg:496.60ms
step:1459/5100 train_loss:3.6396 train_time:719564ms step_avg:496.59ms
step:1460/5100 train_loss:3.5885 train_time:720057ms step_avg:496.59ms
step:1461/5100 train_loss:3.4986 train_time:720551ms step_avg:496.59ms
step:1462/5100 train_loss:3.8488 train_time:721045ms step_avg:496.59ms
step:1463/5100 train_loss:3.6789 train_time:721535ms step_avg:496.58ms
step:1464/5100 train_loss:3.8353 train_time:722028ms step_avg:496.58ms
step:1465/5100 train_loss:3.5979 train_time:722523ms step_avg:496.58ms
step:1466/5100 train_loss:3.6188 train_time:723016ms step_avg:496.58ms
step:1467/5100 train_loss:3.5119 train_time:723556ms step_avg:496.61ms
step:1468/5100 train_loss:3.7125 train_time:724006ms step_avg:496.57ms
step:1469/5100 train_loss:3.6533 train_time:724499ms step_avg:496.57ms
step:1470/5100 train_loss:3.4795 train_time:724992ms step_avg:496.57ms
step:1471/5100 train_loss:3.7213 train_time:725486ms step_avg:496.57ms
step:1472/5100 train_loss:3.5683 train_time:725985ms step_avg:496.57ms
step:1473/5100 train_loss:3.5159 train_time:726474ms step_avg:496.56ms
step:1474/5100 train_loss:3.7370 train_time:726971ms step_avg:496.57ms
step:1475/5100 train_loss:3.5853 train_time:727462ms step_avg:496.56ms
step:1476/5100 train_loss:3.3078 train_time:727958ms step_avg:496.56ms
step:1477/5100 train_loss:3.5009 train_time:728449ms step_avg:496.56ms
step:1478/5100 train_loss:3.4452 train_time:728943ms step_avg:496.56ms
step:1479/5100 train_loss:3.6199 train_time:729440ms step_avg:496.56ms
step:1480/5100 train_loss:3.6308 train_time:729936ms step_avg:496.55ms
step:1481/5100 train_loss:3.6512 train_time:730428ms step_avg:496.55ms
step:1482/5100 train_loss:3.7575 train_time:730926ms step_avg:496.55ms
step:1483/5100 train_loss:3.6667 train_time:731419ms step_avg:496.55ms
step:1484/5100 train_loss:3.5283 train_time:731913ms step_avg:496.55ms
step:1485/5100 train_loss:3.5578 train_time:732406ms step_avg:496.55ms
step:1486/5100 train_loss:3.5264 train_time:732901ms step_avg:496.55ms
step:1487/5100 train_loss:3.5772 train_time:733397ms step_avg:496.55ms
step:1488/5100 train_loss:3.5615 train_time:733893ms step_avg:496.54ms
step:1489/5100 train_loss:3.5371 train_time:734382ms step_avg:496.54ms
step:1490/5100 train_loss:3.7085 train_time:734875ms step_avg:496.54ms
step:1491/5100 train_loss:3.5075 train_time:735365ms step_avg:496.53ms
step:1492/5100 train_loss:3.3451 train_time:735862ms step_avg:496.53ms
step:1493/5100 train_loss:3.6266 train_time:736360ms step_avg:496.53ms
step:1494/5100 train_loss:3.8015 train_time:736850ms step_avg:496.53ms
step:1495/5100 train_loss:3.6055 train_time:737353ms step_avg:496.53ms
step:1496/5100 train_loss:3.4692 train_time:737838ms step_avg:496.53ms
step:1497/5100 train_loss:3.5470 train_time:738332ms step_avg:496.52ms
step:1498/5100 train_loss:3.5408 train_time:738830ms step_avg:496.53ms
step:1499/5100 train_loss:3.5732 train_time:739323ms step_avg:496.52ms
step:1500/5100 train_loss:3.5091 train_time:739818ms step_avg:496.52ms
step:1500/5100 val_loss:3.5781 train_time:740127ms step_avg:496.73ms
step:1501/5100 train_loss:3.4685 train_time:740313ms step_avg:496.52ms
step:1502/5100 train_loss:3.4897 train_time:740806ms step_avg:496.52ms
step:1503/5100 train_loss:3.6683 train_time:741298ms step_avg:496.52ms
step:1504/5100 train_loss:3.4831 train_time:741792ms step_avg:496.51ms
step:1505/5100 train_loss:3.5537 train_time:742287ms step_avg:496.51ms
step:1506/5100 train_loss:3.4707 train_time:742777ms step_avg:496.51ms
step:1507/5100 train_loss:3.6043 train_time:743271ms step_avg:496.51ms
step:1508/5100 train_loss:3.5029 train_time:743764ms step_avg:496.50ms
step:1509/5100 train_loss:4.1666 train_time:744261ms step_avg:496.50ms
step:1510/5100 train_loss:3.4912 train_time:744755ms step_avg:496.50ms
step:1511/5100 train_loss:3.5959 train_time:745251ms step_avg:496.50ms
step:1512/5100 train_loss:3.6186 train_time:745742ms step_avg:496.50ms
step:1513/5100 train_loss:3.8705 train_time:746237ms step_avg:496.50ms
step:1514/5100 train_loss:3.4807 train_time:746731ms step_avg:496.50ms
step:1515/5100 train_loss:3.4619 train_time:747224ms step_avg:496.49ms
step:1516/5100 train_loss:3.6031 train_time:747720ms step_avg:496.49ms
step:1517/5100 train_loss:3.5209 train_time:748224ms step_avg:496.50ms
step:1518/5100 train_loss:3.6912 train_time:748710ms step_avg:496.49ms
step:1519/5100 train_loss:3.4832 train_time:749203ms step_avg:496.49ms
step:1520/5100 train_loss:3.6712 train_time:750199ms step_avg:496.82ms
step:1521/5100 train_loss:3.5076 train_time:750707ms step_avg:496.83ms
step:1522/5100 train_loss:3.5367 train_time:751200ms step_avg:496.83ms
step:1523/5100 train_loss:3.6583 train_time:751694ms step_avg:496.82ms
step:1524/5100 train_loss:3.5869 train_time:752189ms step_avg:496.82ms
step:1525/5100 train_loss:3.7273 train_time:752681ms step_avg:496.82ms
step:1526/5100 train_loss:3.5504 train_time:753175ms step_avg:496.82ms
step:1527/5100 train_loss:3.6044 train_time:753667ms step_avg:496.81ms
step:1528/5100 train_loss:3.5844 train_time:754159ms step_avg:496.81ms
step:1529/5100 train_loss:3.9836 train_time:754654ms step_avg:496.81ms
step:1530/5100 train_loss:3.7754 train_time:755148ms step_avg:496.81ms
step:1531/5100 train_loss:3.3950 train_time:755642ms step_avg:496.81ms
step:1532/5100 train_loss:3.5028 train_time:756136ms step_avg:496.80ms
step:1533/5100 train_loss:3.5862 train_time:756631ms step_avg:496.80ms
step:1534/5100 train_loss:3.5388 train_time:757124ms step_avg:496.80ms
step:1535/5100 train_loss:3.6485 train_time:757616ms step_avg:496.80ms
step:1536/5100 train_loss:3.5819 train_time:758111ms step_avg:496.80ms
step:1537/5100 train_loss:3.4757 train_time:758602ms step_avg:496.79ms
step:1538/5100 train_loss:3.5208 train_time:759096ms step_avg:496.79ms
step:1539/5100 train_loss:3.9277 train_time:759595ms step_avg:496.79ms
step:1540/5100 train_loss:3.5443 train_time:760088ms step_avg:496.79ms
step:1541/5100 train_loss:3.6249 train_time:760584ms step_avg:496.79ms
step:1542/5100 train_loss:3.5451 train_time:761079ms step_avg:496.79ms
step:1543/5100 train_loss:3.5087 train_time:761568ms step_avg:496.78ms
step:1544/5100 train_loss:3.4555 train_time:762064ms step_avg:496.78ms
step:1545/5100 train_loss:3.5922 train_time:762561ms step_avg:496.78ms
step:1546/5100 train_loss:3.6890 train_time:763053ms step_avg:496.78ms
step:1547/5100 train_loss:3.4640 train_time:763549ms step_avg:496.78ms
step:1548/5100 train_loss:3.5558 train_time:764041ms step_avg:496.78ms
step:1549/5100 train_loss:3.5105 train_time:764536ms step_avg:496.77ms
step:1550/5100 train_loss:3.6372 train_time:765032ms step_avg:496.77ms
step:1551/5100 train_loss:3.4975 train_time:765526ms step_avg:496.77ms
step:1552/5100 train_loss:3.5172 train_time:766022ms step_avg:496.77ms
step:1553/5100 train_loss:3.5971 train_time:766521ms step_avg:496.77ms
step:1554/5100 train_loss:3.4825 train_time:767013ms step_avg:496.77ms
step:1555/5100 train_loss:3.5582 train_time:767513ms step_avg:496.77ms
step:1556/5100 train_loss:3.4844 train_time:768005ms step_avg:496.77ms
step:1557/5100 train_loss:3.5048 train_time:768497ms step_avg:496.77ms
step:1558/5100 train_loss:3.5891 train_time:769002ms step_avg:496.77ms
step:1559/5100 train_loss:3.4256 train_time:769485ms step_avg:496.76ms
step:1560/5100 train_loss:3.5171 train_time:769979ms step_avg:496.76ms
step:1561/5100 train_loss:3.7339 train_time:770473ms step_avg:496.76ms
step:1562/5100 train_loss:3.4411 train_time:770974ms step_avg:496.76ms
step:1563/5100 train_loss:3.5462 train_time:771458ms step_avg:496.75ms
step:1564/5100 train_loss:3.7788 train_time:771953ms step_avg:496.75ms
step:1565/5100 train_loss:3.4228 train_time:772446ms step_avg:496.75ms
step:1566/5100 train_loss:3.4260 train_time:772943ms step_avg:496.75ms
step:1567/5100 train_loss:3.5386 train_time:773438ms step_avg:496.75ms
step:1568/5100 train_loss:3.5425 train_time:773933ms step_avg:496.75ms
step:1569/5100 train_loss:3.4408 train_time:774427ms step_avg:496.75ms
step:1570/5100 train_loss:3.7278 train_time:774919ms step_avg:496.74ms
step:1571/5100 train_loss:3.6544 train_time:775407ms step_avg:496.74ms
step:1572/5100 train_loss:3.3654 train_time:775909ms step_avg:496.74ms
step:1573/5100 train_loss:3.5887 train_time:776403ms step_avg:496.74ms
step:1574/5100 train_loss:3.5270 train_time:776911ms step_avg:496.75ms
step:1575/5100 train_loss:3.5356 train_time:777408ms step_avg:496.75ms
step:1576/5100 train_loss:3.6522 train_time:777885ms step_avg:496.73ms
step:1577/5100 train_loss:3.5403 train_time:778382ms step_avg:496.73ms
step:1578/5100 train_loss:3.5705 train_time:778878ms step_avg:496.73ms
step:1579/5100 train_loss:3.5101 train_time:779371ms step_avg:496.73ms
step:1580/5100 train_loss:3.4136 train_time:779873ms step_avg:496.73ms
step:1581/5100 train_loss:3.4933 train_time:780357ms step_avg:496.73ms
step:1582/5100 train_loss:3.5671 train_time:780848ms step_avg:496.72ms
step:1583/5100 train_loss:3.5192 train_time:781346ms step_avg:496.72ms
step:1584/5100 train_loss:4.0001 train_time:781845ms step_avg:496.72ms
step:1585/5100 train_loss:3.5206 train_time:782347ms step_avg:496.73ms
step:1586/5100 train_loss:3.6278 train_time:782835ms step_avg:496.72ms
step:1587/5100 train_loss:3.3395 train_time:783331ms step_avg:496.72ms
step:1588/5100 train_loss:3.6979 train_time:783829ms step_avg:496.72ms
step:1589/5100 train_loss:3.5496 train_time:784317ms step_avg:496.72ms
step:1590/5100 train_loss:3.6664 train_time:784809ms step_avg:496.71ms
step:1591/5100 train_loss:3.5264 train_time:785301ms step_avg:496.71ms
step:1592/5100 train_loss:3.5677 train_time:785803ms step_avg:496.71ms
step:1593/5100 train_loss:3.5910 train_time:786292ms step_avg:496.71ms
step:1594/5100 train_loss:3.5603 train_time:786799ms step_avg:496.72ms
step:1595/5100 train_loss:3.6424 train_time:787286ms step_avg:496.71ms
step:1596/5100 train_loss:3.9344 train_time:787774ms step_avg:496.70ms
step:1597/5100 train_loss:3.4968 train_time:788258ms step_avg:496.70ms
step:1598/5100 train_loss:3.5464 train_time:788758ms step_avg:496.70ms
step:1599/5100 train_loss:3.6518 train_time:789249ms step_avg:496.70ms
step:1600/5100 train_loss:3.6830 train_time:789739ms step_avg:496.69ms
step:1601/5100 train_loss:3.5553 train_time:790233ms step_avg:496.69ms
step:1602/5100 train_loss:3.9532 train_time:790726ms step_avg:496.69ms
step:1603/5100 train_loss:3.7027 train_time:791220ms step_avg:496.69ms
step:1604/5100 train_loss:3.3694 train_time:791715ms step_avg:496.68ms
step:1605/5100 train_loss:3.5697 train_time:792213ms step_avg:496.69ms
step:1606/5100 train_loss:3.4132 train_time:792716ms step_avg:496.69ms
step:1607/5100 train_loss:3.7300 train_time:793216ms step_avg:496.69ms
step:1608/5100 train_loss:3.5221 train_time:793709ms step_avg:496.69ms
step:1609/5100 train_loss:3.5996 train_time:794207ms step_avg:496.69ms
step:1610/5100 train_loss:3.5859 train_time:794701ms step_avg:496.69ms
step:1611/5100 train_loss:3.9559 train_time:795200ms step_avg:496.69ms
step:1612/5100 train_loss:3.7708 train_time:795699ms step_avg:496.69ms
step:1613/5100 train_loss:3.6733 train_time:796200ms step_avg:496.69ms
step:1614/5100 train_loss:3.5106 train_time:796655ms step_avg:496.67ms
step:1615/5100 train_loss:3.5952 train_time:797148ms step_avg:496.67ms
step:1616/5100 train_loss:3.4737 train_time:797644ms step_avg:496.66ms
step:1617/5100 train_loss:3.5687 train_time:798152ms step_avg:496.67ms
step:1618/5100 train_loss:3.7426 train_time:798650ms step_avg:496.67ms
step:1619/5100 train_loss:3.7639 train_time:799146ms step_avg:496.67ms
step:1620/5100 train_loss:3.4730 train_time:799637ms step_avg:496.67ms
step:1621/5100 train_loss:3.6652 train_time:800131ms step_avg:496.67ms
step:1622/5100 train_loss:3.6141 train_time:800625ms step_avg:496.67ms
step:1623/5100 train_loss:3.4284 train_time:801119ms step_avg:496.66ms
step:1624/5100 train_loss:3.5960 train_time:801614ms step_avg:496.66ms
step:1625/5100 train_loss:3.4740 train_time:802114ms step_avg:496.66ms
step:1625/5100 val_loss:3.5631 train_time:802404ms step_avg:496.84ms
step:1626/5100 train_loss:3.5881 train_time:802607ms step_avg:496.66ms
step:1627/5100 train_loss:3.5674 train_time:803097ms step_avg:496.66ms
step:1628/5100 train_loss:3.4973 train_time:803597ms step_avg:496.66ms
step:1629/5100 train_loss:3.5905 train_time:804090ms step_avg:496.66ms
step:1630/5100 train_loss:3.5990 train_time:804594ms step_avg:496.66ms
step:1631/5100 train_loss:3.5849 train_time:805096ms step_avg:496.67ms
step:1632/5100 train_loss:3.4448 train_time:805571ms step_avg:496.65ms
step:1633/5100 train_loss:3.3489 train_time:806045ms step_avg:496.64ms
step:1634/5100 train_loss:3.5336 train_time:806538ms step_avg:496.64ms
step:1635/5100 train_loss:3.5728 train_time:807031ms step_avg:496.63ms
step:1636/5100 train_loss:3.4072 train_time:807526ms step_avg:496.63ms
step:1637/5100 train_loss:3.6186 train_time:808017ms step_avg:496.63ms
step:1638/5100 train_loss:3.7429 train_time:808514ms step_avg:496.63ms
step:1639/5100 train_loss:3.7818 train_time:809009ms step_avg:496.63ms
step:1640/5100 train_loss:4.1378 train_time:809503ms step_avg:496.63ms
step:1641/5100 train_loss:3.6317 train_time:809998ms step_avg:496.63ms
step:1642/5100 train_loss:3.6145 train_time:810489ms step_avg:496.62ms
step:1643/5100 train_loss:3.7410 train_time:810989ms step_avg:496.63ms
step:1644/5100 train_loss:3.6994 train_time:811482ms step_avg:496.62ms
step:1645/5100 train_loss:3.4390 train_time:811975ms step_avg:496.62ms
step:1646/5100 train_loss:3.5934 train_time:812468ms step_avg:496.62ms
step:1647/5100 train_loss:3.2209 train_time:812962ms step_avg:496.62ms
step:1648/5100 train_loss:3.5950 train_time:813458ms step_avg:496.62ms
step:1649/5100 train_loss:3.5519 train_time:813955ms step_avg:496.62ms
step:1650/5100 train_loss:3.5006 train_time:814448ms step_avg:496.61ms
step:1651/5100 train_loss:3.4834 train_time:814942ms step_avg:496.61ms
step:1652/5100 train_loss:3.5385 train_time:815442ms step_avg:496.61ms
step:1653/5100 train_loss:3.5617 train_time:815950ms step_avg:496.62ms
step:1654/5100 train_loss:3.7751 train_time:816427ms step_avg:496.61ms
step:1655/5100 train_loss:3.4618 train_time:816922ms step_avg:496.61ms
step:1656/5100 train_loss:3.4984 train_time:817440ms step_avg:496.62ms
step:1657/5100 train_loss:3.5522 train_time:817910ms step_avg:496.61ms
step:1658/5100 train_loss:3.5308 train_time:818402ms step_avg:496.60ms
step:1659/5100 train_loss:3.4789 train_time:818898ms step_avg:496.60ms
step:1660/5100 train_loss:3.5004 train_time:819394ms step_avg:496.60ms
step:1661/5100 train_loss:3.5044 train_time:819888ms step_avg:496.60ms
step:1662/5100 train_loss:3.6105 train_time:820381ms step_avg:496.60ms
step:1663/5100 train_loss:3.5266 train_time:820877ms step_avg:496.60ms
step:1664/5100 train_loss:3.5431 train_time:821367ms step_avg:496.59ms
step:1665/5100 train_loss:3.6151 train_time:821861ms step_avg:496.59ms
step:1666/5100 train_loss:3.5884 train_time:822357ms step_avg:496.59ms
step:1667/5100 train_loss:3.9461 train_time:822859ms step_avg:496.60ms
step:1668/5100 train_loss:3.3749 train_time:823350ms step_avg:496.59ms
step:1669/5100 train_loss:3.5602 train_time:823847ms step_avg:496.59ms
step:1670/5100 train_loss:3.4340 train_time:824346ms step_avg:496.59ms
step:1671/5100 train_loss:3.3472 train_time:824834ms step_avg:496.59ms
step:1672/5100 train_loss:3.7039 train_time:825331ms step_avg:496.59ms
step:1673/5100 train_loss:3.8506 train_time:825824ms step_avg:496.59ms
step:1674/5100 train_loss:3.5050 train_time:826320ms step_avg:496.59ms
step:1675/5100 train_loss:3.4351 train_time:826812ms step_avg:496.58ms
step:1676/5100 train_loss:3.4619 train_time:827310ms step_avg:496.58ms
step:1677/5100 train_loss:3.6599 train_time:827802ms step_avg:496.58ms
step:1678/5100 train_loss:3.4893 train_time:828298ms step_avg:496.58ms
step:1679/5100 train_loss:3.5372 train_time:828789ms step_avg:496.58ms
step:1680/5100 train_loss:3.5518 train_time:829286ms step_avg:496.58ms
step:1681/5100 train_loss:3.1008 train_time:829779ms step_avg:496.58ms
step:1682/5100 train_loss:3.5451 train_time:830272ms step_avg:496.57ms
step:1683/5100 train_loss:3.6439 train_time:830766ms step_avg:496.57ms
step:1684/5100 train_loss:3.6406 train_time:831259ms step_avg:496.57ms
step:1685/5100 train_loss:3.6265 train_time:831752ms step_avg:496.57ms
step:1686/5100 train_loss:3.4694 train_time:832247ms step_avg:496.57ms
step:1687/5100 train_loss:3.6116 train_time:832752ms step_avg:496.57ms
step:1688/5100 train_loss:3.4728 train_time:833231ms step_avg:496.56ms
step:1689/5100 train_loss:3.4699 train_time:833726ms step_avg:496.56ms
step:1690/5100 train_loss:3.5273 train_time:834218ms step_avg:496.56ms
step:1691/5100 train_loss:3.3990 train_time:834713ms step_avg:496.56ms
step:1692/5100 train_loss:3.5779 train_time:835233ms step_avg:496.57ms
step:1693/5100 train_loss:3.5178 train_time:835698ms step_avg:496.55ms
step:1694/5100 train_loss:3.4817 train_time:836192ms step_avg:496.55ms
step:1695/5100 train_loss:4.0439 train_time:836686ms step_avg:496.55ms
step:1696/5100 train_loss:3.7318 train_time:837181ms step_avg:496.55ms
step:1697/5100 train_loss:3.5802 train_time:837676ms step_avg:496.55ms
step:1698/5100 train_loss:3.5015 train_time:838169ms step_avg:496.55ms
step:1699/5100 train_loss:3.3011 train_time:838661ms step_avg:496.54ms
step:1700/5100 train_loss:3.5530 train_time:839156ms step_avg:496.54ms
step:1701/5100 train_loss:3.5756 train_time:839649ms step_avg:496.54ms
step:1702/5100 train_loss:3.5723 train_time:840286ms step_avg:496.62ms
step:1703/5100 train_loss:3.3676 train_time:840783ms step_avg:496.62ms
step:1704/5100 train_loss:3.8100 train_time:841274ms step_avg:496.62ms
step:1705/5100 train_loss:3.4838 train_time:841768ms step_avg:496.62ms
step:1706/5100 train_loss:4.0300 train_time:842263ms step_avg:496.62ms
step:1707/5100 train_loss:3.4510 train_time:842756ms step_avg:496.62ms
step:1708/5100 train_loss:3.3093 train_time:843250ms step_avg:496.61ms
step:1709/5100 train_loss:3.6632 train_time:843744ms step_avg:496.61ms
step:1710/5100 train_loss:3.4412 train_time:844594ms step_avg:496.82ms
step:1711/5100 train_loss:3.4559 train_time:845087ms step_avg:496.82ms
step:1712/5100 train_loss:3.5237 train_time:845587ms step_avg:496.82ms
step:1713/5100 train_loss:3.6568 train_time:846076ms step_avg:496.82ms
step:1714/5100 train_loss:3.7640 train_time:846572ms step_avg:496.81ms
step:1715/5100 train_loss:3.4500 train_time:847064ms step_avg:496.81ms
step:1716/5100 train_loss:3.5322 train_time:847558ms step_avg:496.81ms
step:1717/5100 train_loss:3.3997 train_time:848051ms step_avg:496.81ms
step:1718/5100 train_loss:3.4537 train_time:848544ms step_avg:496.81ms
step:1719/5100 train_loss:3.7109 train_time:849040ms step_avg:496.81ms
step:1720/5100 train_loss:3.4957 train_time:849561ms step_avg:496.82ms
step:1721/5100 train_loss:3.4794 train_time:850053ms step_avg:496.82ms
step:1722/5100 train_loss:3.3701 train_time:850521ms step_avg:496.80ms
step:1723/5100 train_loss:3.6644 train_time:851016ms step_avg:496.80ms
step:1724/5100 train_loss:3.5122 train_time:851509ms step_avg:496.80ms
step:1725/5100 train_loss:3.6723 train_time:852004ms step_avg:496.80ms
step:1726/5100 train_loss:3.6852 train_time:852495ms step_avg:496.79ms
step:1727/5100 train_loss:3.6202 train_time:852990ms step_avg:496.79ms
step:1728/5100 train_loss:3.5283 train_time:853485ms step_avg:496.79ms
step:1729/5100 train_loss:3.4826 train_time:853978ms step_avg:496.79ms
step:1730/5100 train_loss:3.5110 train_time:854478ms step_avg:496.79ms
step:1731/5100 train_loss:4.1811 train_time:854967ms step_avg:496.78ms
step:1732/5100 train_loss:3.6932 train_time:855458ms step_avg:496.78ms
step:1733/5100 train_loss:3.7948 train_time:855952ms step_avg:496.78ms
step:1734/5100 train_loss:3.4025 train_time:856445ms step_avg:496.78ms
step:1735/5100 train_loss:3.5646 train_time:856938ms step_avg:496.78ms
step:1736/5100 train_loss:3.5771 train_time:857434ms step_avg:496.78ms
step:1737/5100 train_loss:3.4671 train_time:857929ms step_avg:496.77ms
step:1738/5100 train_loss:3.5988 train_time:858419ms step_avg:496.77ms
step:1739/5100 train_loss:3.4903 train_time:858923ms step_avg:496.77ms
step:1740/5100 train_loss:3.5386 train_time:859414ms step_avg:496.77ms
step:1741/5100 train_loss:3.7763 train_time:859909ms step_avg:496.77ms
step:1742/5100 train_loss:3.4059 train_time:860422ms step_avg:496.78ms
step:1743/5100 train_loss:3.3050 train_time:860918ms step_avg:496.78ms
step:1744/5100 train_loss:2.9743 train_time:861387ms step_avg:496.76ms
step:1745/5100 train_loss:3.5595 train_time:861890ms step_avg:496.77ms
step:1746/5100 train_loss:3.5357 train_time:862396ms step_avg:496.77ms
step:1747/5100 train_loss:3.5183 train_time:862868ms step_avg:496.76ms
step:1748/5100 train_loss:3.5080 train_time:863364ms step_avg:496.76ms
step:1749/5100 train_loss:3.9828 train_time:863860ms step_avg:496.76ms
step:1750/5100 train_loss:3.5595 train_time:864355ms step_avg:496.76ms
step:1750/5100 val_loss:3.5440 train_time:864663ms step_avg:496.93ms
step:1751/5100 train_loss:3.5001 train_time:864848ms step_avg:496.75ms
step:1752/5100 train_loss:3.5159 train_time:865341ms step_avg:496.75ms
step:1753/5100 train_loss:3.4069 train_time:865834ms step_avg:496.75ms
step:1754/5100 train_loss:3.0804 train_time:866326ms step_avg:496.75ms
step:1755/5100 train_loss:3.3641 train_time:866822ms step_avg:496.75ms
step:1756/5100 train_loss:3.3173 train_time:867313ms step_avg:496.74ms
step:1757/5100 train_loss:3.4696 train_time:867810ms step_avg:496.74ms
step:1758/5100 train_loss:3.4589 train_time:868300ms step_avg:496.74ms
step:1759/5100 train_loss:3.4221 train_time:868794ms step_avg:496.74ms
step:1760/5100 train_loss:5.4323 train_time:869290ms step_avg:496.74ms
step:1761/5100 train_loss:3.5829 train_time:869788ms step_avg:496.74ms
step:1762/5100 train_loss:3.6043 train_time:870276ms step_avg:496.73ms
step:1763/5100 train_loss:3.5631 train_time:870775ms step_avg:496.73ms
step:1764/5100 train_loss:3.5493 train_time:871269ms step_avg:496.73ms
step:1765/5100 train_loss:3.4513 train_time:871762ms step_avg:496.73ms
step:1766/5100 train_loss:3.5738 train_time:872256ms step_avg:496.73ms
step:1767/5100 train_loss:3.6774 train_time:872753ms step_avg:496.73ms
step:1768/5100 train_loss:3.6126 train_time:873245ms step_avg:496.73ms
step:1769/5100 train_loss:3.6134 train_time:873738ms step_avg:496.72ms
step:1770/5100 train_loss:3.5631 train_time:874232ms step_avg:496.72ms
step:1771/5100 train_loss:4.2147 train_time:874726ms step_avg:496.72ms
step:1772/5100 train_loss:3.4596 train_time:875221ms step_avg:496.72ms
step:1773/5100 train_loss:3.4438 train_time:875715ms step_avg:496.72ms
step:1774/5100 train_loss:3.7883 train_time:876209ms step_avg:496.72ms
step:1775/5100 train_loss:3.3024 train_time:876702ms step_avg:496.71ms
step:1776/5100 train_loss:3.6066 train_time:877195ms step_avg:496.71ms
step:1777/5100 train_loss:3.4642 train_time:877689ms step_avg:496.71ms
step:1778/5100 train_loss:3.9252 train_time:878181ms step_avg:496.71ms
step:1779/5100 train_loss:3.6635 train_time:878673ms step_avg:496.71ms
step:1780/5100 train_loss:3.5285 train_time:879167ms step_avg:496.70ms
step:1781/5100 train_loss:3.6342 train_time:879665ms step_avg:496.71ms
step:1782/5100 train_loss:3.5510 train_time:880159ms step_avg:496.70ms
step:1783/5100 train_loss:3.3081 train_time:880653ms step_avg:496.70ms
step:1784/5100 train_loss:3.5898 train_time:881145ms step_avg:496.70ms
step:1785/5100 train_loss:3.6267 train_time:881638ms step_avg:496.70ms
step:1786/5100 train_loss:3.5557 train_time:882136ms step_avg:496.70ms
step:1787/5100 train_loss:3.7144 train_time:882624ms step_avg:496.69ms
step:1788/5100 train_loss:3.4695 train_time:883120ms step_avg:496.69ms
step:1789/5100 train_loss:3.5222 train_time:883611ms step_avg:496.69ms
step:1790/5100 train_loss:3.6427 train_time:884108ms step_avg:496.69ms
step:1791/5100 train_loss:3.5682 train_time:884605ms step_avg:496.69ms
step:1792/5100 train_loss:3.5512 train_time:885094ms step_avg:496.69ms
step:1793/5100 train_loss:3.4968 train_time:885586ms step_avg:496.68ms
step:1794/5100 train_loss:3.3798 train_time:886081ms step_avg:496.68ms
step:1795/5100 train_loss:3.4514 train_time:886578ms step_avg:496.68ms
step:1796/5100 train_loss:3.4282 train_time:887070ms step_avg:496.68ms
step:1797/5100 train_loss:3.6453 train_time:887563ms step_avg:496.68ms
step:1798/5100 train_loss:3.5575 train_time:888057ms step_avg:496.68ms
step:1799/5100 train_loss:3.4840 train_time:888552ms step_avg:496.68ms
step:1800/5100 train_loss:3.5665 train_time:889047ms step_avg:496.67ms
step:1801/5100 train_loss:3.5812 train_time:889539ms step_avg:496.67ms
step:1802/5100 train_loss:3.5525 train_time:890033ms step_avg:496.67ms
step:1803/5100 train_loss:3.4726 train_time:890527ms step_avg:496.67ms
step:1804/5100 train_loss:3.4522 train_time:891019ms step_avg:496.67ms
step:1805/5100 train_loss:3.7006 train_time:891512ms step_avg:496.66ms
step:1806/5100 train_loss:3.5614 train_time:892007ms step_avg:496.66ms
step:1807/5100 train_loss:3.6314 train_time:892501ms step_avg:496.66ms
step:1808/5100 train_loss:3.6589 train_time:892997ms step_avg:496.66ms
step:1809/5100 train_loss:3.4440 train_time:893497ms step_avg:496.66ms
step:1810/5100 train_loss:3.6285 train_time:893983ms step_avg:496.66ms
step:1811/5100 train_loss:3.6565 train_time:894490ms step_avg:496.66ms
step:1812/5100 train_loss:3.5486 train_time:894977ms step_avg:496.66ms
step:1813/5100 train_loss:3.5007 train_time:895473ms step_avg:496.66ms
step:1814/5100 train_loss:3.5061 train_time:895966ms step_avg:496.66ms
step:1815/5100 train_loss:3.5838 train_time:896459ms step_avg:496.65ms
step:1816/5100 train_loss:3.6548 train_time:896949ms step_avg:496.65ms
step:1817/5100 train_loss:3.5203 train_time:897442ms step_avg:496.65ms
step:1818/5100 train_loss:3.6931 train_time:897939ms step_avg:496.65ms
step:1819/5100 train_loss:3.4823 train_time:898433ms step_avg:496.65ms
step:1820/5100 train_loss:3.5479 train_time:898951ms step_avg:496.66ms
step:1821/5100 train_loss:3.4442 train_time:899423ms step_avg:496.64ms
step:1822/5100 train_loss:3.2712 train_time:899914ms step_avg:496.64ms
step:1823/5100 train_loss:3.2975 train_time:900449ms step_avg:496.66ms
step:1824/5100 train_loss:3.4787 train_time:900903ms step_avg:496.64ms
step:1825/5100 train_loss:3.5907 train_time:901397ms step_avg:496.64ms
step:1826/5100 train_loss:3.5345 train_time:901892ms step_avg:496.64ms
step:1827/5100 train_loss:3.5228 train_time:902388ms step_avg:496.64ms
step:1828/5100 train_loss:3.5056 train_time:902877ms step_avg:496.63ms
step:1829/5100 train_loss:3.5161 train_time:903372ms step_avg:496.63ms
step:1830/5100 train_loss:3.6120 train_time:903864ms step_avg:496.63ms
step:1831/5100 train_loss:3.2720 train_time:904359ms step_avg:496.63ms
step:1832/5100 train_loss:3.5161 train_time:904852ms step_avg:496.63ms
step:1833/5100 train_loss:3.4933 train_time:905345ms step_avg:496.62ms
step:1834/5100 train_loss:4.0571 train_time:905840ms step_avg:496.62ms
step:1835/5100 train_loss:3.5799 train_time:906333ms step_avg:496.62ms
step:1836/5100 train_loss:3.5584 train_time:906827ms step_avg:496.62ms
step:1837/5100 train_loss:3.8362 train_time:907360ms step_avg:496.64ms
step:1838/5100 train_loss:3.5350 train_time:907831ms step_avg:496.63ms
step:1839/5100 train_loss:3.4088 train_time:908322ms step_avg:496.62ms
step:1840/5100 train_loss:3.4925 train_time:908821ms step_avg:496.62ms
step:1841/5100 train_loss:3.4132 train_time:909312ms step_avg:496.62ms
step:1842/5100 train_loss:3.5231 train_time:909801ms step_avg:496.62ms
step:1843/5100 train_loss:3.5962 train_time:910289ms step_avg:496.61ms
step:1844/5100 train_loss:3.5107 train_time:910776ms step_avg:496.61ms
step:1845/5100 train_loss:3.5316 train_time:911271ms step_avg:496.61ms
step:1846/5100 train_loss:3.4918 train_time:911764ms step_avg:496.60ms
step:1847/5100 train_loss:3.5361 train_time:912256ms step_avg:496.60ms
step:1848/5100 train_loss:3.4042 train_time:912751ms step_avg:496.60ms
step:1849/5100 train_loss:3.7736 train_time:913245ms step_avg:496.60ms
step:1850/5100 train_loss:3.4295 train_time:913740ms step_avg:496.60ms
step:1851/5100 train_loss:3.5443 train_time:914232ms step_avg:496.60ms
step:1852/5100 train_loss:3.3754 train_time:914727ms step_avg:496.59ms
step:1853/5100 train_loss:3.5825 train_time:915221ms step_avg:496.59ms
step:1854/5100 train_loss:3.6232 train_time:915713ms step_avg:496.59ms
step:1855/5100 train_loss:3.5168 train_time:916205ms step_avg:496.59ms
step:1856/5100 train_loss:3.4872 train_time:916697ms step_avg:496.59ms
step:1857/5100 train_loss:3.5891 train_time:917191ms step_avg:496.58ms
step:1858/5100 train_loss:3.6275 train_time:917689ms step_avg:496.58ms
step:1859/5100 train_loss:3.4429 train_time:918181ms step_avg:496.58ms
step:1860/5100 train_loss:3.5322 train_time:918676ms step_avg:496.58ms
step:1861/5100 train_loss:3.5081 train_time:919172ms step_avg:496.58ms
step:1862/5100 train_loss:3.4838 train_time:919664ms step_avg:496.58ms
step:1863/5100 train_loss:3.4331 train_time:920177ms step_avg:496.59ms
step:1864/5100 train_loss:3.5566 train_time:920687ms step_avg:496.60ms
step:1865/5100 train_loss:3.6740 train_time:921163ms step_avg:496.58ms
step:1866/5100 train_loss:3.3023 train_time:921659ms step_avg:496.58ms
step:1867/5100 train_loss:3.4917 train_time:922133ms step_avg:496.57ms
step:1868/5100 train_loss:3.4466 train_time:922634ms step_avg:496.57ms
step:1869/5100 train_loss:3.2781 train_time:923127ms step_avg:496.57ms
step:1870/5100 train_loss:3.5746 train_time:923619ms step_avg:496.57ms
step:1871/5100 train_loss:3.5389 train_time:924113ms step_avg:496.57ms
step:1872/5100 train_loss:3.4884 train_time:924611ms step_avg:496.57ms
step:1873/5100 train_loss:3.6023 train_time:925129ms step_avg:496.58ms
step:1874/5100 train_loss:3.4126 train_time:925595ms step_avg:496.56ms
step:1875/5100 train_loss:3.6908 train_time:926095ms step_avg:496.57ms
step:1875/5100 val_loss:3.5296 train_time:926400ms step_avg:496.73ms
step:1876/5100 train_loss:3.5175 train_time:926585ms step_avg:496.56ms
step:1877/5100 train_loss:3.4790 train_time:927077ms step_avg:496.56ms
step:1878/5100 train_loss:3.6404 train_time:927573ms step_avg:496.56ms
step:1879/5100 train_loss:3.6342 train_time:928067ms step_avg:496.56ms
step:1880/5100 train_loss:3.4886 train_time:928558ms step_avg:496.56ms
step:1881/5100 train_loss:3.5148 train_time:929053ms step_avg:496.55ms
step:1882/5100 train_loss:3.4389 train_time:929548ms step_avg:496.55ms
step:1883/5100 train_loss:3.6620 train_time:930062ms step_avg:496.56ms
step:1884/5100 train_loss:3.4947 train_time:930553ms step_avg:496.56ms
step:1885/5100 train_loss:3.0002 train_time:931045ms step_avg:496.56ms
step:1886/5100 train_loss:3.8469 train_time:931528ms step_avg:496.55ms
step:1887/5100 train_loss:3.4467 train_time:932022ms step_avg:496.55ms
step:1888/5100 train_loss:3.3858 train_time:932522ms step_avg:496.55ms
step:1889/5100 train_loss:3.5409 train_time:933013ms step_avg:496.55ms
step:1890/5100 train_loss:3.5968 train_time:933506ms step_avg:496.55ms
step:1891/5100 train_loss:3.3521 train_time:934003ms step_avg:496.55ms
step:1892/5100 train_loss:3.7857 train_time:934496ms step_avg:496.54ms
step:1893/5100 train_loss:3.4177 train_time:934989ms step_avg:496.54ms
step:1894/5100 train_loss:3.4668 train_time:935483ms step_avg:496.54ms
step:1895/5100 train_loss:3.6204 train_time:935979ms step_avg:496.54ms
step:1896/5100 train_loss:3.3563 train_time:936475ms step_avg:496.54ms
step:1897/5100 train_loss:3.5352 train_time:936968ms step_avg:496.54ms
step:1898/5100 train_loss:3.6070 train_time:937467ms step_avg:496.54ms
step:1899/5100 train_loss:3.6238 train_time:937959ms step_avg:496.54ms
step:1900/5100 train_loss:3.4582 train_time:938924ms step_avg:496.79ms
step:1901/5100 train_loss:3.6415 train_time:939416ms step_avg:496.78ms
step:1902/5100 train_loss:3.4670 train_time:939911ms step_avg:496.78ms
step:1903/5100 train_loss:3.5690 train_time:940402ms step_avg:496.78ms
step:1904/5100 train_loss:3.4615 train_time:940899ms step_avg:496.78ms
step:1905/5100 train_loss:3.6810 train_time:941399ms step_avg:496.78ms
step:1906/5100 train_loss:3.5285 train_time:941887ms step_avg:496.78ms
step:1907/5100 train_loss:3.5589 train_time:942380ms step_avg:496.77ms
step:1908/5100 train_loss:3.5654 train_time:942877ms step_avg:496.77ms
step:1909/5100 train_loss:3.3621 train_time:943368ms step_avg:496.77ms
step:1910/5100 train_loss:3.5309 train_time:943866ms step_avg:496.77ms
step:1911/5100 train_loss:3.5854 train_time:944357ms step_avg:496.77ms
step:1912/5100 train_loss:3.4972 train_time:944850ms step_avg:496.77ms
step:1913/5100 train_loss:3.4609 train_time:945343ms step_avg:496.76ms
step:1914/5100 train_loss:3.0321 train_time:945840ms step_avg:496.76ms
step:1915/5100 train_loss:3.4133 train_time:946332ms step_avg:496.76ms
step:1916/5100 train_loss:3.6540 train_time:946827ms step_avg:496.76ms
step:1917/5100 train_loss:3.6953 train_time:947319ms step_avg:496.76ms
step:1918/5100 train_loss:3.5350 train_time:947815ms step_avg:496.76ms
step:1919/5100 train_loss:3.5145 train_time:948311ms step_avg:496.76ms
step:1920/5100 train_loss:3.7594 train_time:948805ms step_avg:496.76ms
step:1921/5100 train_loss:3.4663 train_time:949298ms step_avg:496.75ms
step:1922/5100 train_loss:3.5267 train_time:949799ms step_avg:496.76ms
step:1923/5100 train_loss:3.5406 train_time:950285ms step_avg:496.75ms
step:1924/5100 train_loss:3.6044 train_time:950782ms step_avg:496.75ms
step:1925/5100 train_loss:3.2278 train_time:951272ms step_avg:496.75ms
step:1926/5100 train_loss:3.4122 train_time:951767ms step_avg:496.75ms
step:1927/5100 train_loss:3.3746 train_time:952262ms step_avg:496.75ms
step:1928/5100 train_loss:3.4534 train_time:952755ms step_avg:496.74ms
step:1929/5100 train_loss:3.2380 train_time:953247ms step_avg:496.74ms
step:1930/5100 train_loss:3.4418 train_time:953749ms step_avg:496.74ms
step:1931/5100 train_loss:3.6945 train_time:954240ms step_avg:496.74ms
step:1932/5100 train_loss:3.5566 train_time:954734ms step_avg:496.74ms
step:1933/5100 train_loss:3.6513 train_time:955225ms step_avg:496.74ms
step:1934/5100 train_loss:3.4978 train_time:955716ms step_avg:496.73ms
step:1935/5100 train_loss:3.4762 train_time:956211ms step_avg:496.73ms
step:1936/5100 train_loss:3.5641 train_time:956705ms step_avg:496.73ms
step:1937/5100 train_loss:3.4873 train_time:957197ms step_avg:496.73ms
step:1938/5100 train_loss:3.5979 train_time:957696ms step_avg:496.73ms
step:1939/5100 train_loss:3.4574 train_time:958187ms step_avg:496.73ms
step:1940/5100 train_loss:3.6294 train_time:958681ms step_avg:496.73ms
step:1941/5100 train_loss:3.7751 train_time:959174ms step_avg:496.72ms
step:1942/5100 train_loss:3.5346 train_time:959670ms step_avg:496.72ms
step:1943/5100 train_loss:3.4812 train_time:960165ms step_avg:496.72ms
step:1944/5100 train_loss:3.7083 train_time:960654ms step_avg:496.72ms
step:1945/5100 train_loss:3.3786 train_time:961149ms step_avg:496.72ms
step:1946/5100 train_loss:3.5604 train_time:961640ms step_avg:496.72ms
step:1947/5100 train_loss:3.5294 train_time:962136ms step_avg:496.71ms
step:1948/5100 train_loss:3.4247 train_time:962629ms step_avg:496.71ms
step:1949/5100 train_loss:3.4707 train_time:963124ms step_avg:496.71ms
step:1950/5100 train_loss:3.4110 train_time:963619ms step_avg:496.71ms
step:1951/5100 train_loss:3.4597 train_time:964111ms step_avg:496.71ms
step:1952/5100 train_loss:3.4324 train_time:964606ms step_avg:496.71ms
step:1953/5100 train_loss:3.6650 train_time:965100ms step_avg:496.71ms
step:1954/5100 train_loss:3.6400 train_time:965616ms step_avg:496.72ms
step:1955/5100 train_loss:3.4961 train_time:966090ms step_avg:496.70ms
step:1956/5100 train_loss:3.3859 train_time:966581ms step_avg:496.70ms
step:1957/5100 train_loss:3.3313 train_time:967076ms step_avg:496.70ms
step:1958/5100 train_loss:3.7614 train_time:967568ms step_avg:496.70ms
step:1959/5100 train_loss:3.5260 train_time:968060ms step_avg:496.70ms
step:1960/5100 train_loss:3.6410 train_time:968556ms step_avg:496.70ms
step:1961/5100 train_loss:3.4135 train_time:969048ms step_avg:496.69ms
step:1962/5100 train_loss:3.6050 train_time:969546ms step_avg:496.69ms
step:1963/5100 train_loss:3.5937 train_time:970047ms step_avg:496.70ms
step:1964/5100 train_loss:3.5328 train_time:970533ms step_avg:496.69ms
step:1965/5100 train_loss:3.4440 train_time:971027ms step_avg:496.69ms
step:1966/5100 train_loss:3.7142 train_time:971520ms step_avg:496.69ms
step:1967/5100 train_loss:3.4404 train_time:972018ms step_avg:496.69ms
step:1968/5100 train_loss:3.4776 train_time:972507ms step_avg:496.68ms
step:1969/5100 train_loss:3.5558 train_time:973001ms step_avg:496.68ms
step:1970/5100 train_loss:3.3692 train_time:973496ms step_avg:496.68ms
step:1971/5100 train_loss:3.1465 train_time:973990ms step_avg:496.68ms
step:1972/5100 train_loss:3.2174 train_time:974486ms step_avg:496.68ms
step:1973/5100 train_loss:3.5203 train_time:974978ms step_avg:496.68ms
step:1974/5100 train_loss:3.4281 train_time:975475ms step_avg:496.68ms
step:1975/5100 train_loss:3.3236 train_time:975964ms step_avg:496.67ms
step:1976/5100 train_loss:3.5918 train_time:976459ms step_avg:496.67ms
step:1977/5100 train_loss:3.4419 train_time:976953ms step_avg:496.67ms
step:1978/5100 train_loss:4.0445 train_time:977447ms step_avg:496.67ms
step:1979/5100 train_loss:3.4783 train_time:977939ms step_avg:496.67ms
step:1980/5100 train_loss:3.5056 train_time:978436ms step_avg:496.67ms
step:1981/5100 train_loss:3.5174 train_time:978926ms step_avg:496.66ms
step:1982/5100 train_loss:3.5683 train_time:979420ms step_avg:496.66ms
step:1983/5100 train_loss:3.5274 train_time:979914ms step_avg:496.66ms
step:1984/5100 train_loss:3.4083 train_time:980411ms step_avg:496.66ms
step:1985/5100 train_loss:3.5939 train_time:980903ms step_avg:496.66ms
step:1986/5100 train_loss:3.6554 train_time:981397ms step_avg:496.66ms
step:1987/5100 train_loss:3.4142 train_time:981896ms step_avg:496.66ms
step:1988/5100 train_loss:3.4789 train_time:982384ms step_avg:496.66ms
step:1989/5100 train_loss:3.5460 train_time:982877ms step_avg:496.65ms
step:1990/5100 train_loss:3.6281 train_time:983370ms step_avg:496.65ms
step:1991/5100 train_loss:3.4114 train_time:983863ms step_avg:496.65ms
step:1992/5100 train_loss:3.3904 train_time:984359ms step_avg:496.65ms
step:1993/5100 train_loss:3.7229 train_time:984854ms step_avg:496.65ms
step:1994/5100 train_loss:3.4137 train_time:985384ms step_avg:496.67ms
step:1995/5100 train_loss:3.4652 train_time:985840ms step_avg:496.65ms
step:1996/5100 train_loss:3.5334 train_time:986337ms step_avg:496.65ms
step:1997/5100 train_loss:3.4568 train_time:986828ms step_avg:496.64ms
step:1998/5100 train_loss:3.4329 train_time:987319ms step_avg:496.64ms
step:1999/5100 train_loss:3.4329 train_time:987815ms step_avg:496.64ms
step:2000/5100 train_loss:3.5073 train_time:988308ms step_avg:496.64ms
step:2000/5100 val_loss:3.5146 train_time:988616ms step_avg:496.79ms
step:2001/5100 train_loss:3.6221 train_time:988801ms step_avg:496.64ms
step:2002/5100 train_loss:3.5392 train_time:989294ms step_avg:496.63ms
step:2003/5100 train_loss:3.8876 train_time:989788ms step_avg:496.63ms
step:2004/5100 train_loss:3.5885 train_time:990281ms step_avg:496.63ms
step:2005/5100 train_loss:3.4241 train_time:990774ms step_avg:496.63ms
step:2006/5100 train_loss:3.4791 train_time:991269ms step_avg:496.63ms
step:2007/5100 train_loss:3.3183 train_time:991759ms step_avg:496.62ms
step:2008/5100 train_loss:3.6105 train_time:992252ms step_avg:496.62ms
step:2009/5100 train_loss:3.5216 train_time:992746ms step_avg:496.62ms
step:2010/5100 train_loss:3.4988 train_time:993241ms step_avg:496.62ms
step:2011/5100 train_loss:3.5564 train_time:993738ms step_avg:496.62ms
step:2012/5100 train_loss:3.5815 train_time:994233ms step_avg:496.62ms
step:2013/5100 train_loss:3.4390 train_time:994723ms step_avg:496.62ms
step:2014/5100 train_loss:3.5318 train_time:995224ms step_avg:496.62ms
step:2015/5100 train_loss:3.4742 train_time:995718ms step_avg:496.62ms
step:2016/5100 train_loss:3.4566 train_time:996208ms step_avg:496.61ms
step:2017/5100 train_loss:3.7698 train_time:996701ms step_avg:496.61ms
step:2018/5100 train_loss:3.4316 train_time:997193ms step_avg:496.61ms
step:2019/5100 train_loss:3.7069 train_time:997692ms step_avg:496.61ms
step:2020/5100 train_loss:3.4858 train_time:998180ms step_avg:496.61ms
step:2021/5100 train_loss:3.1999 train_time:998679ms step_avg:496.61ms
step:2022/5100 train_loss:3.4686 train_time:999174ms step_avg:496.61ms
step:2023/5100 train_loss:3.4529 train_time:999668ms step_avg:496.61ms
step:2024/5100 train_loss:3.5436 train_time:1000163ms step_avg:496.61ms
step:2025/5100 train_loss:3.6586 train_time:1000654ms step_avg:496.60ms
step:2026/5100 train_loss:3.4640 train_time:1001149ms step_avg:496.60ms
step:2027/5100 train_loss:2.9466 train_time:1001669ms step_avg:496.61ms
step:2028/5100 train_loss:3.4173 train_time:1002139ms step_avg:496.60ms
step:2029/5100 train_loss:3.5833 train_time:1002631ms step_avg:496.60ms
step:2030/5100 train_loss:3.4582 train_time:1003125ms step_avg:496.60ms
step:2031/5100 train_loss:3.5634 train_time:1003621ms step_avg:496.60ms
step:2032/5100 train_loss:3.3462 train_time:1004114ms step_avg:496.59ms
step:2033/5100 train_loss:3.5721 train_time:1004608ms step_avg:496.59ms
step:2034/5100 train_loss:3.3884 train_time:1005101ms step_avg:496.59ms
step:2035/5100 train_loss:3.5730 train_time:1005596ms step_avg:496.59ms
step:2036/5100 train_loss:3.5801 train_time:1006088ms step_avg:496.59ms
step:2037/5100 train_loss:3.6048 train_time:1006583ms step_avg:496.59ms
step:2038/5100 train_loss:3.3954 train_time:1007116ms step_avg:496.61ms
step:2039/5100 train_loss:3.7300 train_time:1007573ms step_avg:496.59ms
step:2040/5100 train_loss:3.5569 train_time:1008096ms step_avg:496.60ms
step:2041/5100 train_loss:3.6164 train_time:1008563ms step_avg:496.58ms
step:2042/5100 train_loss:3.4171 train_time:1009054ms step_avg:496.58ms
step:2043/5100 train_loss:3.4901 train_time:1009550ms step_avg:496.58ms
step:2044/5100 train_loss:3.5652 train_time:1010043ms step_avg:496.58ms
step:2045/5100 train_loss:3.5503 train_time:1010536ms step_avg:496.58ms
step:2046/5100 train_loss:3.2936 train_time:1011031ms step_avg:496.58ms
step:2047/5100 train_loss:3.3611 train_time:1011525ms step_avg:496.58ms
step:2048/5100 train_loss:3.5206 train_time:1012020ms step_avg:496.58ms
step:2049/5100 train_loss:3.4371 train_time:1012518ms step_avg:496.58ms
step:2050/5100 train_loss:3.3404 train_time:1013010ms step_avg:496.57ms
step:2051/5100 train_loss:3.6258 train_time:1013505ms step_avg:496.57ms
step:2052/5100 train_loss:3.5451 train_time:1014000ms step_avg:496.57ms
step:2053/5100 train_loss:3.4735 train_time:1014497ms step_avg:496.57ms
step:2054/5100 train_loss:3.4873 train_time:1014991ms step_avg:496.57ms
step:2055/5100 train_loss:3.5325 train_time:1015483ms step_avg:496.57ms
step:2056/5100 train_loss:3.4643 train_time:1015975ms step_avg:496.57ms
step:2057/5100 train_loss:3.7926 train_time:1016525ms step_avg:496.59ms
step:2058/5100 train_loss:3.7133 train_time:1016966ms step_avg:496.57ms
step:2059/5100 train_loss:3.4754 train_time:1017459ms step_avg:496.56ms
step:2060/5100 train_loss:3.6302 train_time:1017954ms step_avg:496.56ms
step:2061/5100 train_loss:3.5822 train_time:1018448ms step_avg:496.56ms
step:2062/5100 train_loss:3.5920 train_time:1018941ms step_avg:496.56ms
step:2063/5100 train_loss:3.5134 train_time:1019434ms step_avg:496.56ms
step:2064/5100 train_loss:3.8166 train_time:1019926ms step_avg:496.56ms
step:2065/5100 train_loss:3.5573 train_time:1020420ms step_avg:496.55ms
step:2066/5100 train_loss:3.6308 train_time:1020913ms step_avg:496.55ms
step:2067/5100 train_loss:3.4622 train_time:1021407ms step_avg:496.55ms
step:2068/5100 train_loss:3.4128 train_time:1021899ms step_avg:496.55ms
step:2069/5100 train_loss:3.4635 train_time:1022397ms step_avg:496.55ms
step:2070/5100 train_loss:3.7072 train_time:1022887ms step_avg:496.55ms
step:2071/5100 train_loss:3.6642 train_time:1023381ms step_avg:496.55ms
step:2072/5100 train_loss:3.5598 train_time:1023877ms step_avg:496.55ms
step:2073/5100 train_loss:3.5137 train_time:1024371ms step_avg:496.54ms
step:2074/5100 train_loss:3.5456 train_time:1024865ms step_avg:496.54ms
step:2075/5100 train_loss:3.5185 train_time:1025358ms step_avg:496.54ms
step:2076/5100 train_loss:3.2712 train_time:1025852ms step_avg:496.54ms
step:2077/5100 train_loss:3.6655 train_time:1026348ms step_avg:496.54ms
step:2078/5100 train_loss:3.3487 train_time:1026843ms step_avg:496.54ms
step:2079/5100 train_loss:3.3430 train_time:1027335ms step_avg:496.54ms
step:2080/5100 train_loss:3.4245 train_time:1027833ms step_avg:496.54ms
step:2081/5100 train_loss:3.5025 train_time:1028326ms step_avg:496.54ms
step:2082/5100 train_loss:3.3606 train_time:1028822ms step_avg:496.54ms
step:2083/5100 train_loss:3.6102 train_time:1029333ms step_avg:496.54ms
step:2084/5100 train_loss:3.4179 train_time:1029802ms step_avg:496.53ms
step:2085/5100 train_loss:3.3621 train_time:1030294ms step_avg:496.53ms
step:2086/5100 train_loss:3.5395 train_time:1030787ms step_avg:496.53ms
step:2087/5100 train_loss:3.6015 train_time:1031283ms step_avg:496.53ms
step:2088/5100 train_loss:3.5195 train_time:1031778ms step_avg:496.52ms
step:2089/5100 train_loss:3.7759 train_time:1032274ms step_avg:496.52ms
step:2090/5100 train_loss:3.6041 train_time:1033066ms step_avg:496.67ms
step:2091/5100 train_loss:3.6178 train_time:1033561ms step_avg:496.67ms
step:2092/5100 train_loss:3.3924 train_time:1034056ms step_avg:496.66ms
step:2093/5100 train_loss:3.5320 train_time:1034545ms step_avg:496.66ms
step:2094/5100 train_loss:3.4783 train_time:1035040ms step_avg:496.66ms
step:2095/5100 train_loss:3.0529 train_time:1035543ms step_avg:496.66ms
step:2096/5100 train_loss:3.4426 train_time:1036038ms step_avg:496.66ms
step:2097/5100 train_loss:3.6345 train_time:1036525ms step_avg:496.66ms
step:2098/5100 train_loss:3.4922 train_time:1037014ms step_avg:496.65ms
step:2099/5100 train_loss:3.3105 train_time:1037510ms step_avg:496.65ms
step:2100/5100 train_loss:3.4481 train_time:1038002ms step_avg:496.65ms
step:2101/5100 train_loss:3.4362 train_time:1038495ms step_avg:496.65ms
step:2102/5100 train_loss:3.6805 train_time:1038992ms step_avg:496.65ms
step:2103/5100 train_loss:3.4126 train_time:1039485ms step_avg:496.65ms
step:2104/5100 train_loss:3.4486 train_time:1039977ms step_avg:496.65ms
step:2105/5100 train_loss:3.7699 train_time:1040471ms step_avg:496.64ms
step:2106/5100 train_loss:3.2848 train_time:1040967ms step_avg:496.64ms
step:2107/5100 train_loss:3.8439 train_time:1041461ms step_avg:496.64ms
step:2108/5100 train_loss:3.4088 train_time:1041955ms step_avg:496.64ms
step:2109/5100 train_loss:3.5498 train_time:1042448ms step_avg:496.64ms
step:2110/5100 train_loss:3.6430 train_time:1042942ms step_avg:496.64ms
step:2111/5100 train_loss:3.3516 train_time:1043437ms step_avg:496.64ms
step:2112/5100 train_loss:3.6600 train_time:1043931ms step_avg:496.64ms
step:2113/5100 train_loss:3.5793 train_time:1044425ms step_avg:496.64ms
step:2114/5100 train_loss:3.5444 train_time:1044919ms step_avg:496.63ms
step:2115/5100 train_loss:3.4557 train_time:1045414ms step_avg:496.63ms
step:2116/5100 train_loss:3.5564 train_time:1045908ms step_avg:496.63ms
step:2117/5100 train_loss:3.4211 train_time:1046400ms step_avg:496.63ms
step:2118/5100 train_loss:3.5795 train_time:1046898ms step_avg:496.63ms
step:2119/5100 train_loss:3.4723 train_time:1047392ms step_avg:496.63ms
step:2120/5100 train_loss:3.4604 train_time:1047939ms step_avg:496.65ms
step:2121/5100 train_loss:3.3617 train_time:1048379ms step_avg:496.63ms
step:2122/5100 train_loss:3.5076 train_time:1048873ms step_avg:496.63ms
step:2123/5100 train_loss:3.5739 train_time:1049368ms step_avg:496.62ms
step:2124/5100 train_loss:3.4778 train_time:1049861ms step_avg:496.62ms
step:2125/5100 train_loss:3.4794 train_time:1050360ms step_avg:496.62ms
step:2125/5100 val_loss:3.5041 train_time:1050666ms step_avg:496.77ms
step:2126/5100 train_loss:3.4123 train_time:1050853ms step_avg:496.62ms
step:2127/5100 train_loss:3.6116 train_time:1051357ms step_avg:496.63ms
step:2128/5100 train_loss:3.5358 train_time:1051846ms step_avg:496.62ms
step:2129/5100 train_loss:3.5888 train_time:1052360ms step_avg:496.63ms
step:2130/5100 train_loss:3.4277 train_time:1052834ms step_avg:496.62ms
step:2131/5100 train_loss:3.3914 train_time:1053324ms step_avg:496.62ms
step:2132/5100 train_loss:3.6587 train_time:1053811ms step_avg:496.61ms
step:2133/5100 train_loss:3.5738 train_time:1054313ms step_avg:496.61ms
step:2134/5100 train_loss:3.3556 train_time:1054806ms step_avg:496.61ms
step:2135/5100 train_loss:3.5150 train_time:1055300ms step_avg:496.61ms
step:2136/5100 train_loss:3.4626 train_time:1055796ms step_avg:496.61ms
step:2137/5100 train_loss:3.6582 train_time:1056289ms step_avg:496.61ms
step:2138/5100 train_loss:3.3997 train_time:1056786ms step_avg:496.61ms
step:2139/5100 train_loss:3.4619 train_time:1057282ms step_avg:496.61ms
step:2140/5100 train_loss:3.5726 train_time:1057774ms step_avg:496.61ms
step:2141/5100 train_loss:3.7728 train_time:1058268ms step_avg:496.61ms
step:2142/5100 train_loss:4.2783 train_time:1058766ms step_avg:496.61ms
step:2143/5100 train_loss:3.4589 train_time:1059261ms step_avg:496.61ms
step:2144/5100 train_loss:3.2901 train_time:1059754ms step_avg:496.60ms
step:2145/5100 train_loss:3.5289 train_time:1060248ms step_avg:496.60ms
step:2146/5100 train_loss:3.6916 train_time:1060744ms step_avg:496.60ms
step:2147/5100 train_loss:3.5276 train_time:1061238ms step_avg:496.60ms
step:2148/5100 train_loss:3.4560 train_time:1061733ms step_avg:496.60ms
step:2149/5100 train_loss:3.4936 train_time:1062225ms step_avg:496.60ms
step:2150/5100 train_loss:3.3837 train_time:1062723ms step_avg:496.60ms
step:2151/5100 train_loss:3.4799 train_time:1063215ms step_avg:496.60ms
step:2152/5100 train_loss:3.5947 train_time:1063705ms step_avg:496.59ms
step:2153/5100 train_loss:3.4925 train_time:1064196ms step_avg:496.59ms
step:2154/5100 train_loss:3.4754 train_time:1064693ms step_avg:496.59ms
step:2155/5100 train_loss:3.4374 train_time:1065185ms step_avg:496.59ms
step:2156/5100 train_loss:3.3183 train_time:1065680ms step_avg:496.59ms
step:2157/5100 train_loss:3.4746 train_time:1066176ms step_avg:496.59ms
step:2158/5100 train_loss:3.5394 train_time:1066673ms step_avg:496.59ms
step:2159/5100 train_loss:3.5309 train_time:1067165ms step_avg:496.59ms
step:2160/5100 train_loss:3.6384 train_time:1067653ms step_avg:496.58ms
step:2161/5100 train_loss:3.5445 train_time:1068147ms step_avg:496.58ms
step:2162/5100 train_loss:3.4603 train_time:1068642ms step_avg:496.58ms
step:2163/5100 train_loss:3.4958 train_time:1069136ms step_avg:496.58ms
step:2164/5100 train_loss:3.5564 train_time:1069632ms step_avg:496.58ms
step:2165/5100 train_loss:3.5119 train_time:1070125ms step_avg:496.58ms
step:2166/5100 train_loss:3.5180 train_time:1070629ms step_avg:496.58ms
step:2167/5100 train_loss:3.4752 train_time:1071113ms step_avg:496.58ms
step:2168/5100 train_loss:3.3648 train_time:1071610ms step_avg:496.58ms
step:2169/5100 train_loss:3.3995 train_time:1072103ms step_avg:496.57ms
step:2170/5100 train_loss:3.4588 train_time:1072597ms step_avg:496.57ms
step:2171/5100 train_loss:3.6236 train_time:1073091ms step_avg:496.57ms
step:2172/5100 train_loss:3.5760 train_time:1073584ms step_avg:496.57ms
step:2173/5100 train_loss:3.4073 train_time:1074078ms step_avg:496.57ms
step:2174/5100 train_loss:3.4765 train_time:1074573ms step_avg:496.57ms
step:2175/5100 train_loss:3.4108 train_time:1075065ms step_avg:496.57ms
step:2176/5100 train_loss:3.4843 train_time:1075624ms step_avg:496.59ms
step:2177/5100 train_loss:3.3469 train_time:1076058ms step_avg:496.57ms
step:2178/5100 train_loss:3.6218 train_time:1076573ms step_avg:496.57ms
step:2179/5100 train_loss:3.4968 train_time:1077063ms step_avg:496.57ms
step:2180/5100 train_loss:3.3652 train_time:1077556ms step_avg:496.57ms
step:2181/5100 train_loss:3.6428 train_time:1078031ms step_avg:496.56ms
step:2182/5100 train_loss:3.4915 train_time:1078526ms step_avg:496.56ms
step:2183/5100 train_loss:3.5023 train_time:1079016ms step_avg:496.56ms
step:2184/5100 train_loss:3.4112 train_time:1079510ms step_avg:496.55ms
step:2185/5100 train_loss:3.3776 train_time:1080039ms step_avg:496.57ms
step:2186/5100 train_loss:3.4710 train_time:1080498ms step_avg:496.55ms
step:2187/5100 train_loss:3.4089 train_time:1080993ms step_avg:496.55ms
step:2188/5100 train_loss:3.3372 train_time:1081489ms step_avg:496.55ms
step:2189/5100 train_loss:3.4214 train_time:1081983ms step_avg:496.55ms
step:2190/5100 train_loss:3.3888 train_time:1082472ms step_avg:496.55ms
step:2191/5100 train_loss:3.5233 train_time:1082965ms step_avg:496.55ms
step:2192/5100 train_loss:3.4964 train_time:1083464ms step_avg:496.55ms
step:2193/5100 train_loss:3.8287 train_time:1083957ms step_avg:496.54ms
step:2194/5100 train_loss:3.4863 train_time:1084447ms step_avg:496.54ms
step:2195/5100 train_loss:3.5929 train_time:1084943ms step_avg:496.54ms
step:2196/5100 train_loss:3.6318 train_time:1085474ms step_avg:496.56ms
step:2197/5100 train_loss:3.4114 train_time:1085929ms step_avg:496.54ms
step:2198/5100 train_loss:3.5444 train_time:1086420ms step_avg:496.54ms
step:2199/5100 train_loss:3.4118 train_time:1086914ms step_avg:496.53ms
step:2200/5100 train_loss:3.3883 train_time:1087407ms step_avg:496.53ms
step:2201/5100 train_loss:3.4935 train_time:1087903ms step_avg:496.53ms
step:2202/5100 train_loss:3.4475 train_time:1088396ms step_avg:496.53ms
step:2203/5100 train_loss:3.4901 train_time:1088890ms step_avg:496.53ms
step:2204/5100 train_loss:4.3948 train_time:1089386ms step_avg:496.53ms
step:2205/5100 train_loss:3.5537 train_time:1089882ms step_avg:496.53ms
step:2206/5100 train_loss:3.4148 train_time:1090374ms step_avg:496.53ms
step:2207/5100 train_loss:3.4517 train_time:1090869ms step_avg:496.53ms
step:2208/5100 train_loss:3.5930 train_time:1091362ms step_avg:496.53ms
step:2209/5100 train_loss:3.3219 train_time:1091858ms step_avg:496.52ms
step:2210/5100 train_loss:3.4581 train_time:1092351ms step_avg:496.52ms
step:2211/5100 train_loss:3.4350 train_time:1092849ms step_avg:496.52ms
step:2212/5100 train_loss:3.5231 train_time:1093341ms step_avg:496.52ms
step:2213/5100 train_loss:3.5313 train_time:1093837ms step_avg:496.52ms
step:2214/5100 train_loss:3.4348 train_time:1094331ms step_avg:496.52ms
step:2215/5100 train_loss:3.5134 train_time:1094831ms step_avg:496.52ms
step:2216/5100 train_loss:3.6826 train_time:1095321ms step_avg:496.52ms
step:2217/5100 train_loss:3.5110 train_time:1095815ms step_avg:496.52ms
step:2218/5100 train_loss:3.3529 train_time:1096309ms step_avg:496.52ms
step:2219/5100 train_loss:3.4564 train_time:1096801ms step_avg:496.51ms
step:2220/5100 train_loss:3.3077 train_time:1097296ms step_avg:496.51ms
step:2221/5100 train_loss:3.7495 train_time:1097789ms step_avg:496.51ms
step:2222/5100 train_loss:3.6054 train_time:1098297ms step_avg:496.52ms
step:2223/5100 train_loss:3.7961 train_time:1098786ms step_avg:496.51ms
step:2224/5100 train_loss:3.3693 train_time:1099279ms step_avg:496.51ms
step:2225/5100 train_loss:3.4639 train_time:1099773ms step_avg:496.51ms
step:2226/5100 train_loss:3.3584 train_time:1100260ms step_avg:496.51ms
step:2227/5100 train_loss:3.7056 train_time:1100755ms step_avg:496.51ms
step:2228/5100 train_loss:3.6420 train_time:1101249ms step_avg:496.51ms
step:2229/5100 train_loss:3.2803 train_time:1101741ms step_avg:496.50ms
step:2230/5100 train_loss:3.7477 train_time:1102245ms step_avg:496.51ms
step:2231/5100 train_loss:3.4245 train_time:1102737ms step_avg:496.50ms
step:2232/5100 train_loss:3.4247 train_time:1103230ms step_avg:496.50ms
step:2233/5100 train_loss:3.5852 train_time:1103722ms step_avg:496.50ms
step:2234/5100 train_loss:3.6839 train_time:1104220ms step_avg:496.50ms
step:2235/5100 train_loss:3.5153 train_time:1104710ms step_avg:496.50ms
step:2236/5100 train_loss:3.4051 train_time:1105204ms step_avg:496.50ms
step:2237/5100 train_loss:3.2117 train_time:1105706ms step_avg:496.50ms
step:2238/5100 train_loss:3.5029 train_time:1106204ms step_avg:496.50ms
step:2239/5100 train_loss:3.5228 train_time:1106695ms step_avg:496.50ms
step:2240/5100 train_loss:3.3125 train_time:1107190ms step_avg:496.50ms
step:2241/5100 train_loss:3.3997 train_time:1107683ms step_avg:496.50ms
step:2242/5100 train_loss:3.4547 train_time:1108182ms step_avg:496.50ms
step:2243/5100 train_loss:3.5135 train_time:1108668ms step_avg:496.49ms
step:2244/5100 train_loss:3.3095 train_time:1109158ms step_avg:496.49ms
step:2245/5100 train_loss:3.5660 train_time:1109661ms step_avg:496.49ms
step:2246/5100 train_loss:3.5788 train_time:1110147ms step_avg:496.49ms
step:2247/5100 train_loss:3.2519 train_time:1110649ms step_avg:496.49ms
step:2248/5100 train_loss:3.2895 train_time:1111160ms step_avg:496.50ms
step:2249/5100 train_loss:3.6257 train_time:1111654ms step_avg:496.50ms
step:2250/5100 train_loss:3.5557 train_time:1112133ms step_avg:496.49ms
step:2250/5100 val_loss:3.4924 train_time:1112436ms step_avg:496.62ms
step:2251/5100 train_loss:3.4259 train_time:1112632ms step_avg:496.49ms
step:2252/5100 train_loss:3.4304 train_time:1113125ms step_avg:496.49ms
step:2253/5100 train_loss:3.4901 train_time:1113618ms step_avg:496.49ms
step:2254/5100 train_loss:3.5106 train_time:1114114ms step_avg:496.49ms
step:2255/5100 train_loss:3.5776 train_time:1114618ms step_avg:496.49ms
step:2256/5100 train_loss:3.4424 train_time:1115100ms step_avg:496.48ms
step:2257/5100 train_loss:3.6192 train_time:1115594ms step_avg:496.48ms
step:2258/5100 train_loss:3.4961 train_time:1116086ms step_avg:496.48ms
step:2259/5100 train_loss:4.2988 train_time:1116581ms step_avg:496.48ms
step:2260/5100 train_loss:3.4532 train_time:1117073ms step_avg:496.48ms
step:2261/5100 train_loss:3.5095 train_time:1117567ms step_avg:496.48ms
step:2262/5100 train_loss:3.5025 train_time:1118061ms step_avg:496.47ms
step:2263/5100 train_loss:3.3690 train_time:1118565ms step_avg:496.48ms
step:2264/5100 train_loss:3.5191 train_time:1119078ms step_avg:496.49ms
step:2265/5100 train_loss:3.3581 train_time:1119564ms step_avg:496.48ms
step:2266/5100 train_loss:3.6781 train_time:1120055ms step_avg:496.48ms
step:2267/5100 train_loss:3.2875 train_time:1120548ms step_avg:496.48ms
step:2268/5100 train_loss:3.3793 train_time:1121044ms step_avg:496.48ms
step:2269/5100 train_loss:3.2996 train_time:1121544ms step_avg:496.48ms
step:2270/5100 train_loss:3.4383 train_time:1122038ms step_avg:496.48ms
step:2271/5100 train_loss:3.9530 train_time:1122535ms step_avg:496.48ms
step:2272/5100 train_loss:3.5600 train_time:1123008ms step_avg:496.47ms
step:2273/5100 train_loss:3.5579 train_time:1123509ms step_avg:496.47ms
step:2274/5100 train_loss:3.4618 train_time:1123998ms step_avg:496.47ms
step:2275/5100 train_loss:3.3972 train_time:1124493ms step_avg:496.46ms
step:2276/5100 train_loss:3.4262 train_time:1124985ms step_avg:496.46ms
step:2277/5100 train_loss:3.2876 train_time:1125475ms step_avg:496.46ms
step:2278/5100 train_loss:3.3787 train_time:1125970ms step_avg:496.46ms
step:2279/5100 train_loss:3.7847 train_time:1126474ms step_avg:496.46ms
step:2280/5100 train_loss:3.3420 train_time:1127503ms step_avg:496.70ms
step:2281/5100 train_loss:3.5254 train_time:1127990ms step_avg:496.69ms
step:2282/5100 train_loss:3.3449 train_time:1128492ms step_avg:496.70ms
step:2283/5100 train_loss:3.4711 train_time:1128986ms step_avg:496.69ms
step:2284/5100 train_loss:3.3855 train_time:1129517ms step_avg:496.71ms
step:2285/5100 train_loss:3.5320 train_time:1129969ms step_avg:496.69ms
step:2286/5100 train_loss:3.5064 train_time:1130466ms step_avg:496.69ms
step:2287/5100 train_loss:3.3295 train_time:1130959ms step_avg:496.69ms
step:2288/5100 train_loss:3.5157 train_time:1131454ms step_avg:496.69ms
step:2289/5100 train_loss:3.5201 train_time:1131947ms step_avg:496.69ms
step:2290/5100 train_loss:3.7249 train_time:1132449ms step_avg:496.69ms
step:2291/5100 train_loss:3.3192 train_time:1132941ms step_avg:496.69ms
step:2292/5100 train_loss:4.1419 train_time:1133431ms step_avg:496.68ms
step:2293/5100 train_loss:3.4437 train_time:1133923ms step_avg:496.68ms
step:2294/5100 train_loss:3.3643 train_time:1134419ms step_avg:496.68ms
step:2295/5100 train_loss:3.5357 train_time:1134916ms step_avg:496.68ms
step:2296/5100 train_loss:3.4561 train_time:1135410ms step_avg:496.68ms
step:2297/5100 train_loss:3.4647 train_time:1135899ms step_avg:496.68ms
step:2298/5100 train_loss:3.9250 train_time:1136397ms step_avg:496.68ms
step:2299/5100 train_loss:3.5298 train_time:1136887ms step_avg:496.67ms
step:2300/5100 train_loss:3.2871 train_time:1137381ms step_avg:496.67ms
step:2301/5100 train_loss:3.7131 train_time:1137875ms step_avg:496.67ms
step:2302/5100 train_loss:3.3399 train_time:1138367ms step_avg:496.67ms
step:2303/5100 train_loss:3.5038 train_time:1138861ms step_avg:496.67ms
step:2304/5100 train_loss:3.4493 train_time:1139354ms step_avg:496.67ms
step:2305/5100 train_loss:3.4019 train_time:1139848ms step_avg:496.67ms
step:2306/5100 train_loss:3.7130 train_time:1140342ms step_avg:496.66ms
step:2307/5100 train_loss:3.3173 train_time:1140836ms step_avg:496.66ms
step:2308/5100 train_loss:3.5386 train_time:1141329ms step_avg:496.66ms
step:2309/5100 train_loss:3.5085 train_time:1141825ms step_avg:496.66ms
step:2310/5100 train_loss:3.6223 train_time:1142318ms step_avg:496.66ms
step:2311/5100 train_loss:3.3229 train_time:1142811ms step_avg:496.66ms
step:2312/5100 train_loss:3.5186 train_time:1143303ms step_avg:496.66ms
step:2313/5100 train_loss:3.5728 train_time:1143800ms step_avg:496.66ms
step:2314/5100 train_loss:3.5342 train_time:1144296ms step_avg:496.66ms
step:2315/5100 train_loss:3.3988 train_time:1144788ms step_avg:496.65ms
step:2316/5100 train_loss:3.4873 train_time:1145283ms step_avg:496.65ms
step:2317/5100 train_loss:3.3249 train_time:1145783ms step_avg:496.66ms
step:2318/5100 train_loss:3.5140 train_time:1146273ms step_avg:496.65ms
step:2319/5100 train_loss:3.4606 train_time:1146767ms step_avg:496.65ms
step:2320/5100 train_loss:3.1344 train_time:1147261ms step_avg:496.65ms
step:2321/5100 train_loss:3.4232 train_time:1147756ms step_avg:496.65ms
step:2322/5100 train_loss:3.5766 train_time:1148247ms step_avg:496.65ms
step:2323/5100 train_loss:3.4811 train_time:1148750ms step_avg:496.65ms
step:2324/5100 train_loss:3.5011 train_time:1149240ms step_avg:496.65ms
step:2325/5100 train_loss:3.5176 train_time:1149733ms step_avg:496.64ms
step:2326/5100 train_loss:3.6050 train_time:1150228ms step_avg:496.64ms
step:2327/5100 train_loss:3.6065 train_time:1150722ms step_avg:496.64ms
step:2328/5100 train_loss:3.3229 train_time:1151214ms step_avg:496.64ms
step:2329/5100 train_loss:3.4254 train_time:1151709ms step_avg:496.64ms
step:2330/5100 train_loss:3.4089 train_time:1152203ms step_avg:496.64ms
step:2331/5100 train_loss:3.3638 train_time:1152698ms step_avg:496.64ms
step:2332/5100 train_loss:3.1591 train_time:1153188ms step_avg:496.64ms
step:2333/5100 train_loss:3.4731 train_time:1153682ms step_avg:496.63ms
step:2334/5100 train_loss:3.4608 train_time:1154174ms step_avg:496.63ms
step:2335/5100 train_loss:3.5650 train_time:1154667ms step_avg:496.63ms
step:2336/5100 train_loss:3.3416 train_time:1155180ms step_avg:496.64ms
step:2337/5100 train_loss:3.5012 train_time:1155654ms step_avg:496.63ms
step:2338/5100 train_loss:3.4572 train_time:1156147ms step_avg:496.63ms
step:2339/5100 train_loss:3.3917 train_time:1156644ms step_avg:496.63ms
step:2340/5100 train_loss:3.5951 train_time:1157136ms step_avg:496.62ms
step:2341/5100 train_loss:3.4907 train_time:1157628ms step_avg:496.62ms
step:2342/5100 train_loss:3.4504 train_time:1158121ms step_avg:496.62ms
step:2343/5100 train_loss:3.4540 train_time:1158616ms step_avg:496.62ms
step:2344/5100 train_loss:3.5477 train_time:1159109ms step_avg:496.62ms
step:2345/5100 train_loss:3.4539 train_time:1159602ms step_avg:496.62ms
step:2346/5100 train_loss:3.5197 train_time:1160099ms step_avg:496.62ms
step:2347/5100 train_loss:3.5298 train_time:1160593ms step_avg:496.62ms
step:2348/5100 train_loss:3.4790 train_time:1161107ms step_avg:496.62ms
step:2349/5100 train_loss:3.5290 train_time:1161599ms step_avg:496.62ms
step:2350/5100 train_loss:3.3279 train_time:1162086ms step_avg:496.62ms
step:2351/5100 train_loss:3.2957 train_time:1162587ms step_avg:496.62ms
step:2352/5100 train_loss:3.4385 train_time:1163065ms step_avg:496.61ms
step:2353/5100 train_loss:3.4674 train_time:1163559ms step_avg:496.61ms
step:2354/5100 train_loss:3.5567 train_time:1164055ms step_avg:496.61ms
step:2355/5100 train_loss:3.4448 train_time:1164547ms step_avg:496.61ms
step:2356/5100 train_loss:3.3008 train_time:1165041ms step_avg:496.61ms
step:2357/5100 train_loss:3.6125 train_time:1165539ms step_avg:496.61ms
step:2358/5100 train_loss:3.2908 train_time:1166029ms step_avg:496.61ms
step:2359/5100 train_loss:3.3845 train_time:1166528ms step_avg:496.61ms
step:2360/5100 train_loss:3.3234 train_time:1167020ms step_avg:496.60ms
step:2361/5100 train_loss:3.3208 train_time:1167521ms step_avg:496.61ms
step:2362/5100 train_loss:3.4410 train_time:1168016ms step_avg:496.61ms
step:2363/5100 train_loss:3.2983 train_time:1168505ms step_avg:496.60ms
step:2364/5100 train_loss:3.4718 train_time:1169003ms step_avg:496.60ms
step:2365/5100 train_loss:3.4215 train_time:1169502ms step_avg:496.60ms
step:2366/5100 train_loss:3.4793 train_time:1169995ms step_avg:496.60ms
step:2367/5100 train_loss:3.5562 train_time:1170483ms step_avg:496.60ms
step:2368/5100 train_loss:3.4683 train_time:1170973ms step_avg:496.60ms
step:2369/5100 train_loss:3.4838 train_time:1171467ms step_avg:496.59ms
step:2370/5100 train_loss:3.5841 train_time:1171979ms step_avg:496.60ms
step:2371/5100 train_loss:3.3922 train_time:1172456ms step_avg:496.59ms
step:2372/5100 train_loss:3.6271 train_time:1172949ms step_avg:496.59ms
step:2373/5100 train_loss:3.4467 train_time:1173460ms step_avg:496.60ms
step:2374/5100 train_loss:4.1527 train_time:1173955ms step_avg:496.60ms
step:2375/5100 train_loss:3.4188 train_time:1174453ms step_avg:496.60ms
step:2375/5100 val_loss:3.4829 train_time:1174744ms step_avg:496.72ms
step:2376/5100 train_loss:3.3608 train_time:1174935ms step_avg:496.59ms
step:2377/5100 train_loss:3.6831 train_time:1175427ms step_avg:496.59ms
step:2378/5100 train_loss:3.5776 train_time:1175917ms step_avg:496.59ms
step:2379/5100 train_loss:3.6052 train_time:1176410ms step_avg:496.59ms
step:2380/5100 train_loss:3.5187 train_time:1176905ms step_avg:496.58ms
step:2381/5100 train_loss:3.3808 train_time:1177404ms step_avg:496.59ms
step:2382/5100 train_loss:3.5393 train_time:1177899ms step_avg:496.58ms
step:2383/5100 train_loss:3.5771 train_time:1178393ms step_avg:496.58ms
step:2384/5100 train_loss:3.4131 train_time:1178888ms step_avg:496.58ms
step:2385/5100 train_loss:3.3606 train_time:1179381ms step_avg:496.58ms
step:2386/5100 train_loss:3.5404 train_time:1179886ms step_avg:496.58ms
step:2387/5100 train_loss:3.5397 train_time:1180377ms step_avg:496.58ms
step:2388/5100 train_loss:3.5978 train_time:1180872ms step_avg:496.58ms
step:2389/5100 train_loss:3.5076 train_time:1181387ms step_avg:496.59ms
step:2390/5100 train_loss:3.5894 train_time:1181869ms step_avg:496.58ms
step:2391/5100 train_loss:3.3975 train_time:1182363ms step_avg:496.58ms
step:2392/5100 train_loss:3.3777 train_time:1182852ms step_avg:496.58ms
step:2393/5100 train_loss:3.6159 train_time:1183343ms step_avg:496.58ms
step:2394/5100 train_loss:3.3811 train_time:1183845ms step_avg:496.58ms
step:2395/5100 train_loss:3.5991 train_time:1184334ms step_avg:496.58ms
step:2396/5100 train_loss:3.6464 train_time:1184827ms step_avg:496.57ms
step:2397/5100 train_loss:3.8245 train_time:1185318ms step_avg:496.57ms
step:2398/5100 train_loss:3.7558 train_time:1185812ms step_avg:496.57ms
step:2399/5100 train_loss:3.5424 train_time:1186306ms step_avg:496.57ms
step:2400/5100 train_loss:3.3726 train_time:1186804ms step_avg:496.57ms
step:2401/5100 train_loss:3.4097 train_time:1187298ms step_avg:496.57ms
step:2402/5100 train_loss:3.5855 train_time:1187791ms step_avg:496.57ms
step:2403/5100 train_loss:3.3813 train_time:1188286ms step_avg:496.57ms
step:2404/5100 train_loss:3.4568 train_time:1188778ms step_avg:496.57ms
step:2405/5100 train_loss:3.7725 train_time:1189275ms step_avg:496.57ms
step:2406/5100 train_loss:3.4298 train_time:1189769ms step_avg:496.56ms
step:2407/5100 train_loss:3.5627 train_time:1190258ms step_avg:496.56ms
step:2408/5100 train_loss:3.4543 train_time:1190752ms step_avg:496.56ms
step:2409/5100 train_loss:3.5014 train_time:1191248ms step_avg:496.56ms
step:2410/5100 train_loss:3.5785 train_time:1191747ms step_avg:496.56ms
step:2411/5100 train_loss:3.4140 train_time:1192233ms step_avg:496.56ms
step:2412/5100 train_loss:3.5992 train_time:1192726ms step_avg:496.56ms
step:2413/5100 train_loss:3.5693 train_time:1193219ms step_avg:496.55ms
step:2414/5100 train_loss:3.4334 train_time:1193713ms step_avg:496.55ms
step:2415/5100 train_loss:3.4143 train_time:1194207ms step_avg:496.55ms
step:2416/5100 train_loss:3.5678 train_time:1194703ms step_avg:496.55ms
step:2417/5100 train_loss:3.3792 train_time:1195194ms step_avg:496.55ms
step:2418/5100 train_loss:3.3045 train_time:1195690ms step_avg:496.55ms
step:2419/5100 train_loss:3.6423 train_time:1196184ms step_avg:496.55ms
step:2420/5100 train_loss:3.4731 train_time:1196681ms step_avg:496.55ms
step:2421/5100 train_loss:3.4725 train_time:1197174ms step_avg:496.55ms
step:2422/5100 train_loss:3.4914 train_time:1197669ms step_avg:496.55ms
step:2423/5100 train_loss:3.6939 train_time:1198163ms step_avg:496.54ms
step:2424/5100 train_loss:3.4932 train_time:1198662ms step_avg:496.55ms
step:2425/5100 train_loss:3.7252 train_time:1199150ms step_avg:496.54ms
step:2426/5100 train_loss:3.5986 train_time:1199646ms step_avg:496.54ms
step:2427/5100 train_loss:3.4820 train_time:1200154ms step_avg:496.55ms
step:2428/5100 train_loss:3.5077 train_time:1200645ms step_avg:496.54ms
step:2429/5100 train_loss:3.4998 train_time:1201133ms step_avg:496.54ms
step:2430/5100 train_loss:3.5008 train_time:1201620ms step_avg:496.54ms
step:2431/5100 train_loss:3.4706 train_time:1202114ms step_avg:496.54ms
step:2432/5100 train_loss:3.4761 train_time:1202608ms step_avg:496.54ms
step:2433/5100 train_loss:3.5179 train_time:1203105ms step_avg:496.54ms
step:2434/5100 train_loss:3.3531 train_time:1203601ms step_avg:496.53ms
step:2435/5100 train_loss:3.3076 train_time:1204094ms step_avg:496.53ms
step:2436/5100 train_loss:3.5198 train_time:1204594ms step_avg:496.54ms
step:2437/5100 train_loss:3.2836 train_time:1205082ms step_avg:496.53ms
step:2438/5100 train_loss:3.4574 train_time:1205575ms step_avg:496.53ms
step:2439/5100 train_loss:3.5582 train_time:1206068ms step_avg:496.53ms
step:2440/5100 train_loss:3.5803 train_time:1206563ms step_avg:496.53ms
step:2441/5100 train_loss:3.4600 train_time:1207056ms step_avg:496.53ms
step:2442/5100 train_loss:3.4270 train_time:1207552ms step_avg:496.53ms
step:2443/5100 train_loss:3.5743 train_time:1208044ms step_avg:496.52ms
step:2444/5100 train_loss:3.3513 train_time:1208546ms step_avg:496.53ms
step:2445/5100 train_loss:3.4515 train_time:1209045ms step_avg:496.53ms
step:2446/5100 train_loss:3.4632 train_time:1209532ms step_avg:496.52ms
step:2447/5100 train_loss:3.4471 train_time:1210023ms step_avg:496.52ms
step:2448/5100 train_loss:3.4492 train_time:1210517ms step_avg:496.52ms
step:2449/5100 train_loss:3.7589 train_time:1211011ms step_avg:496.52ms
step:2450/5100 train_loss:3.5044 train_time:1211511ms step_avg:496.52ms
step:2451/5100 train_loss:3.4150 train_time:1212002ms step_avg:496.52ms
step:2452/5100 train_loss:3.3754 train_time:1212496ms step_avg:496.52ms
step:2453/5100 train_loss:3.7550 train_time:1212985ms step_avg:496.51ms
step:2454/5100 train_loss:3.4219 train_time:1213482ms step_avg:496.51ms
step:2455/5100 train_loss:3.5933 train_time:1213972ms step_avg:496.51ms
step:2456/5100 train_loss:3.5480 train_time:1214468ms step_avg:496.51ms
step:2457/5100 train_loss:3.4754 train_time:1214960ms step_avg:496.51ms
step:2458/5100 train_loss:3.2755 train_time:1215453ms step_avg:496.51ms
step:2459/5100 train_loss:3.4611 train_time:1215951ms step_avg:496.51ms
step:2460/5100 train_loss:3.4465 train_time:1216448ms step_avg:496.51ms
step:2461/5100 train_loss:3.5466 train_time:1216940ms step_avg:496.51ms
step:2462/5100 train_loss:3.3508 train_time:1217433ms step_avg:496.51ms
step:2463/5100 train_loss:3.6984 train_time:1217928ms step_avg:496.51ms
step:2464/5100 train_loss:3.4842 train_time:1218421ms step_avg:496.50ms
step:2465/5100 train_loss:3.5904 train_time:1218915ms step_avg:496.50ms
step:2466/5100 train_loss:3.6753 train_time:1219410ms step_avg:496.50ms
step:2467/5100 train_loss:3.4715 train_time:1219903ms step_avg:496.50ms
step:2468/5100 train_loss:3.4037 train_time:1220396ms step_avg:496.50ms
step:2469/5100 train_loss:3.4818 train_time:1220896ms step_avg:496.50ms
step:2470/5100 train_loss:3.4945 train_time:1221677ms step_avg:496.62ms
step:2471/5100 train_loss:3.4730 train_time:1222164ms step_avg:496.61ms
step:2472/5100 train_loss:3.4500 train_time:1222657ms step_avg:496.61ms
step:2473/5100 train_loss:3.4920 train_time:1223156ms step_avg:496.61ms
step:2474/5100 train_loss:3.5886 train_time:1223650ms step_avg:496.61ms
step:2475/5100 train_loss:4.0137 train_time:1224146ms step_avg:496.61ms
step:2476/5100 train_loss:3.3682 train_time:1224644ms step_avg:496.61ms
step:2477/5100 train_loss:3.6898 train_time:1225136ms step_avg:496.61ms
step:2478/5100 train_loss:3.6429 train_time:1225627ms step_avg:496.61ms
step:2479/5100 train_loss:3.3313 train_time:1226124ms step_avg:496.61ms
step:2480/5100 train_loss:3.2959 train_time:1226615ms step_avg:496.61ms
step:2481/5100 train_loss:3.5177 train_time:1227109ms step_avg:496.60ms
step:2482/5100 train_loss:3.4759 train_time:1227605ms step_avg:496.60ms
step:2483/5100 train_loss:3.3752 train_time:1228099ms step_avg:496.60ms
step:2484/5100 train_loss:3.4525 train_time:1228592ms step_avg:496.60ms
step:2485/5100 train_loss:3.5250 train_time:1229089ms step_avg:496.60ms
step:2486/5100 train_loss:3.2146 train_time:1229587ms step_avg:496.60ms
step:2487/5100 train_loss:3.5668 train_time:1230080ms step_avg:496.60ms
step:2488/5100 train_loss:3.3740 train_time:1230575ms step_avg:496.60ms
step:2489/5100 train_loss:3.3534 train_time:1231069ms step_avg:496.60ms
step:2490/5100 train_loss:3.5186 train_time:1231562ms step_avg:496.60ms
step:2491/5100 train_loss:3.5499 train_time:1232056ms step_avg:496.60ms
step:2492/5100 train_loss:3.7914 train_time:1232549ms step_avg:496.59ms
step:2493/5100 train_loss:3.4901 train_time:1233045ms step_avg:496.59ms
step:2494/5100 train_loss:3.3589 train_time:1233540ms step_avg:496.59ms
step:2495/5100 train_loss:3.6076 train_time:1234031ms step_avg:496.59ms
step:2496/5100 train_loss:3.6108 train_time:1234527ms step_avg:496.59ms
step:2497/5100 train_loss:3.4349 train_time:1235019ms step_avg:496.59ms
step:2498/5100 train_loss:3.4974 train_time:1235513ms step_avg:496.59ms
step:2499/5100 train_loss:3.5241 train_time:1236009ms step_avg:496.59ms
step:2500/5100 train_loss:3.5820 train_time:1236500ms step_avg:496.59ms
step:2500/5100 val_loss:3.4735 train_time:1236810ms step_avg:496.71ms
step:2501/5100 train_loss:3.6265 train_time:1236995ms step_avg:496.59ms
step:2502/5100 train_loss:3.5686 train_time:1237487ms step_avg:496.58ms
step:2503/5100 train_loss:3.5868 train_time:1237982ms step_avg:496.58ms
step:2504/5100 train_loss:3.3387 train_time:1238478ms step_avg:496.58ms
step:2505/5100 train_loss:3.5938 train_time:1238970ms step_avg:496.58ms
step:2506/5100 train_loss:3.5306 train_time:1239463ms step_avg:496.58ms
step:2507/5100 train_loss:3.4080 train_time:1239959ms step_avg:496.58ms
step:2508/5100 train_loss:3.3592 train_time:1240453ms step_avg:496.58ms
step:2509/5100 train_loss:3.4894 train_time:1240948ms step_avg:496.58ms
step:2510/5100 train_loss:3.5289 train_time:1241441ms step_avg:496.58ms
step:2511/5100 train_loss:3.4402 train_time:1241936ms step_avg:496.58ms
step:2512/5100 train_loss:3.5849 train_time:1242436ms step_avg:496.58ms
step:2513/5100 train_loss:3.5294 train_time:1242923ms step_avg:496.57ms
step:2514/5100 train_loss:3.4906 train_time:1243420ms step_avg:496.57ms
step:2515/5100 train_loss:3.5086 train_time:1243921ms step_avg:496.58ms
step:2516/5100 train_loss:3.5220 train_time:1244414ms step_avg:496.57ms
step:2517/5100 train_loss:3.4910 train_time:1244909ms step_avg:496.57ms
step:2518/5100 train_loss:3.3451 train_time:1245405ms step_avg:496.57ms
step:2519/5100 train_loss:3.4563 train_time:1245898ms step_avg:496.57ms
step:2520/5100 train_loss:3.5252 train_time:1246390ms step_avg:496.57ms
step:2521/5100 train_loss:3.5803 train_time:1246883ms step_avg:496.57ms
step:2522/5100 train_loss:3.4279 train_time:1247376ms step_avg:496.57ms
step:2523/5100 train_loss:3.2415 train_time:1247869ms step_avg:496.57ms
step:2524/5100 train_loss:3.4637 train_time:1248366ms step_avg:496.57ms
step:2525/5100 train_loss:3.3542 train_time:1248859ms step_avg:496.56ms
step:2526/5100 train_loss:3.6132 train_time:1249353ms step_avg:496.56ms
step:2527/5100 train_loss:3.3881 train_time:1249848ms step_avg:496.56ms
step:2528/5100 train_loss:3.5011 train_time:1250341ms step_avg:496.56ms
step:2529/5100 train_loss:3.4088 train_time:1250834ms step_avg:496.56ms
step:2530/5100 train_loss:3.5415 train_time:1251327ms step_avg:496.56ms
step:2531/5100 train_loss:3.5586 train_time:1251821ms step_avg:496.56ms
step:2532/5100 train_loss:3.3912 train_time:1252316ms step_avg:496.56ms
step:2533/5100 train_loss:3.5751 train_time:1252809ms step_avg:496.56ms
step:2534/5100 train_loss:3.4467 train_time:1253302ms step_avg:496.55ms
step:2535/5100 train_loss:3.3795 train_time:1253794ms step_avg:496.55ms
step:2536/5100 train_loss:3.5335 train_time:1254288ms step_avg:496.55ms
step:2537/5100 train_loss:3.5304 train_time:1254782ms step_avg:496.55ms
step:2538/5100 train_loss:3.3631 train_time:1255275ms step_avg:496.55ms
step:2539/5100 train_loss:3.7856 train_time:1255770ms step_avg:496.55ms
step:2540/5100 train_loss:3.4690 train_time:1256262ms step_avg:496.55ms
step:2541/5100 train_loss:3.4198 train_time:1256773ms step_avg:496.55ms
step:2542/5100 train_loss:3.4920 train_time:1257250ms step_avg:496.54ms
step:2543/5100 train_loss:3.9239 train_time:1257742ms step_avg:496.54ms
step:2544/5100 train_loss:3.4834 train_time:1258237ms step_avg:496.54ms
step:2545/5100 train_loss:3.6676 train_time:1258732ms step_avg:496.54ms
step:2546/5100 train_loss:3.4115 train_time:1259223ms step_avg:496.54ms
step:2547/5100 train_loss:3.4446 train_time:1259717ms step_avg:496.54ms
step:2548/5100 train_loss:3.3703 train_time:1260210ms step_avg:496.54ms
step:2549/5100 train_loss:3.5832 train_time:1260704ms step_avg:496.54ms
step:2550/5100 train_loss:3.4414 train_time:1261199ms step_avg:496.53ms
step:2551/5100 train_loss:3.3917 train_time:1261715ms step_avg:496.54ms
step:2552/5100 train_loss:3.4847 train_time:1262194ms step_avg:496.54ms
step:2553/5100 train_loss:3.4955 train_time:1262686ms step_avg:496.53ms
step:2554/5100 train_loss:3.4599 train_time:1263175ms step_avg:496.53ms
step:2555/5100 train_loss:3.7127 train_time:1263670ms step_avg:496.53ms
step:2556/5100 train_loss:3.5452 train_time:1264164ms step_avg:496.53ms
step:2557/5100 train_loss:3.5574 train_time:1264662ms step_avg:496.53ms
step:2558/5100 train_loss:3.5249 train_time:1265151ms step_avg:496.53ms
step:2559/5100 train_loss:3.4348 train_time:1265644ms step_avg:496.53ms
step:2560/5100 train_loss:3.5965 train_time:1266138ms step_avg:496.52ms
step:2561/5100 train_loss:3.4857 train_time:1266632ms step_avg:496.52ms
step:2562/5100 train_loss:3.4784 train_time:1267124ms step_avg:496.52ms
step:2563/5100 train_loss:3.4845 train_time:1267619ms step_avg:496.52ms
step:2564/5100 train_loss:3.5066 train_time:1268112ms step_avg:496.52ms
step:2565/5100 train_loss:3.3972 train_time:1268609ms step_avg:496.52ms
step:2566/5100 train_loss:3.4742 train_time:1269100ms step_avg:496.52ms
step:2567/5100 train_loss:3.4614 train_time:1269598ms step_avg:496.52ms
step:2568/5100 train_loss:3.4184 train_time:1270087ms step_avg:496.52ms
step:2569/5100 train_loss:3.6799 train_time:1270586ms step_avg:496.52ms
step:2570/5100 train_loss:3.5821 train_time:1271074ms step_avg:496.51ms
step:2571/5100 train_loss:3.6334 train_time:1271568ms step_avg:496.51ms
step:2572/5100 train_loss:3.2897 train_time:1272069ms step_avg:496.51ms
step:2573/5100 train_loss:3.4328 train_time:1272555ms step_avg:496.51ms
step:2574/5100 train_loss:3.0124 train_time:1273050ms step_avg:496.51ms
step:2575/5100 train_loss:3.3890 train_time:1273542ms step_avg:496.51ms
step:2576/5100 train_loss:3.1227 train_time:1274038ms step_avg:496.51ms
step:2577/5100 train_loss:3.4230 train_time:1274532ms step_avg:496.51ms
step:2578/5100 train_loss:3.4986 train_time:1275021ms step_avg:496.50ms
step:2579/5100 train_loss:3.3581 train_time:1275516ms step_avg:496.50ms
step:2580/5100 train_loss:3.4806 train_time:1276017ms step_avg:496.50ms
step:2581/5100 train_loss:3.4912 train_time:1276505ms step_avg:496.50ms
step:2582/5100 train_loss:3.5834 train_time:1277026ms step_avg:496.51ms
step:2583/5100 train_loss:3.4042 train_time:1277492ms step_avg:496.50ms
step:2584/5100 train_loss:3.6620 train_time:1277993ms step_avg:496.50ms
step:2585/5100 train_loss:3.5181 train_time:1278481ms step_avg:496.50ms
step:2586/5100 train_loss:3.7347 train_time:1278975ms step_avg:496.50ms
step:2587/5100 train_loss:3.6374 train_time:1279467ms step_avg:496.49ms
step:2588/5100 train_loss:3.3109 train_time:1279960ms step_avg:496.49ms
step:2589/5100 train_loss:3.4447 train_time:1280458ms step_avg:496.49ms
step:2590/5100 train_loss:3.5608 train_time:1280953ms step_avg:496.49ms
step:2591/5100 train_loss:3.3777 train_time:1281450ms step_avg:496.49ms
step:2592/5100 train_loss:3.8548 train_time:1281942ms step_avg:496.49ms
step:2593/5100 train_loss:3.5614 train_time:1282436ms step_avg:496.49ms
step:2594/5100 train_loss:3.4496 train_time:1282929ms step_avg:496.49ms
step:2595/5100 train_loss:3.4652 train_time:1283419ms step_avg:496.49ms
step:2596/5100 train_loss:3.8656 train_time:1283914ms step_avg:496.49ms
step:2597/5100 train_loss:3.5524 train_time:1284408ms step_avg:496.49ms
step:2598/5100 train_loss:3.4426 train_time:1284904ms step_avg:496.49ms
step:2599/5100 train_loss:3.3905 train_time:1285399ms step_avg:496.48ms
step:2600/5100 train_loss:3.6113 train_time:1285891ms step_avg:496.48ms
step:2601/5100 train_loss:3.9433 train_time:1286383ms step_avg:496.48ms
step:2602/5100 train_loss:3.0392 train_time:1286877ms step_avg:496.48ms
step:2603/5100 train_loss:3.4304 train_time:1287371ms step_avg:496.48ms
step:2604/5100 train_loss:3.3793 train_time:1287867ms step_avg:496.48ms
step:2605/5100 train_loss:3.6250 train_time:1288359ms step_avg:496.48ms
step:2606/5100 train_loss:3.4870 train_time:1288854ms step_avg:496.48ms
step:2607/5100 train_loss:3.5140 train_time:1289352ms step_avg:496.48ms
step:2608/5100 train_loss:3.3916 train_time:1289845ms step_avg:496.48ms
step:2609/5100 train_loss:3.3783 train_time:1290336ms step_avg:496.47ms
step:2610/5100 train_loss:3.5976 train_time:1290831ms step_avg:496.47ms
step:2611/5100 train_loss:3.5692 train_time:1291330ms step_avg:496.47ms
step:2612/5100 train_loss:3.1891 train_time:1291821ms step_avg:496.47ms
step:2613/5100 train_loss:3.5871 train_time:1292318ms step_avg:496.47ms
step:2614/5100 train_loss:3.5423 train_time:1292810ms step_avg:496.47ms
step:2615/5100 train_loss:3.4249 train_time:1293300ms step_avg:496.47ms
step:2616/5100 train_loss:3.5799 train_time:1293792ms step_avg:496.47ms
step:2617/5100 train_loss:3.4418 train_time:1294286ms step_avg:496.47ms
step:2618/5100 train_loss:3.5310 train_time:1294779ms step_avg:496.46ms
step:2619/5100 train_loss:3.3057 train_time:1295278ms step_avg:496.47ms
step:2620/5100 train_loss:3.6327 train_time:1295775ms step_avg:496.47ms
step:2621/5100 train_loss:3.5980 train_time:1296274ms step_avg:496.47ms
step:2622/5100 train_loss:3.7032 train_time:1296760ms step_avg:496.46ms
step:2623/5100 train_loss:3.6525 train_time:1297250ms step_avg:496.46ms
step:2624/5100 train_loss:3.4710 train_time:1297743ms step_avg:496.46ms
step:2625/5100 train_loss:3.6524 train_time:1298236ms step_avg:496.46ms
step:2625/5100 val_loss:3.4632 train_time:1298545ms step_avg:496.58ms
step:2626/5100 train_loss:3.4406 train_time:1298739ms step_avg:496.46ms
step:2627/5100 train_loss:3.5116 train_time:1299226ms step_avg:496.46ms
step:2628/5100 train_loss:3.4593 train_time:1299719ms step_avg:496.46ms
step:2629/5100 train_loss:3.4360 train_time:1300210ms step_avg:496.45ms
step:2630/5100 train_loss:3.6609 train_time:1300704ms step_avg:496.45ms
step:2631/5100 train_loss:3.5871 train_time:1301227ms step_avg:496.46ms
step:2632/5100 train_loss:3.8407 train_time:1301694ms step_avg:496.45ms
step:2633/5100 train_loss:3.4987 train_time:1302184ms step_avg:496.45ms
step:2634/5100 train_loss:3.4848 train_time:1302678ms step_avg:496.45ms
step:2635/5100 train_loss:3.3573 train_time:1303178ms step_avg:496.45ms
step:2636/5100 train_loss:3.5217 train_time:1303668ms step_avg:496.45ms
step:2637/5100 train_loss:3.0940 train_time:1304167ms step_avg:496.45ms
step:2638/5100 train_loss:3.5382 train_time:1304657ms step_avg:496.44ms
step:2639/5100 train_loss:3.4775 train_time:1305150ms step_avg:496.44ms
step:2640/5100 train_loss:3.1892 train_time:1305644ms step_avg:496.44ms
step:2641/5100 train_loss:3.4478 train_time:1306139ms step_avg:496.44ms
step:2642/5100 train_loss:3.5243 train_time:1306630ms step_avg:496.44ms
step:2643/5100 train_loss:3.3068 train_time:1307126ms step_avg:496.44ms
step:2644/5100 train_loss:3.4047 train_time:1307618ms step_avg:496.44ms
step:2645/5100 train_loss:3.5665 train_time:1308110ms step_avg:496.44ms
step:2646/5100 train_loss:3.3939 train_time:1308607ms step_avg:496.44ms
step:2647/5100 train_loss:3.4386 train_time:1309099ms step_avg:496.44ms
step:2648/5100 train_loss:3.7138 train_time:1309595ms step_avg:496.43ms
step:2649/5100 train_loss:3.5735 train_time:1310088ms step_avg:496.43ms
step:2650/5100 train_loss:3.4196 train_time:1310585ms step_avg:496.43ms
step:2651/5100 train_loss:3.3994 train_time:1311080ms step_avg:496.43ms
step:2652/5100 train_loss:3.5383 train_time:1311617ms step_avg:496.45ms
step:2653/5100 train_loss:3.4238 train_time:1312091ms step_avg:496.44ms
step:2654/5100 train_loss:3.2910 train_time:1312561ms step_avg:496.43ms
step:2655/5100 train_loss:3.4597 train_time:1313062ms step_avg:496.43ms
step:2656/5100 train_loss:3.3084 train_time:1313554ms step_avg:496.43ms
step:2657/5100 train_loss:3.5158 train_time:1314049ms step_avg:496.43ms
step:2658/5100 train_loss:3.3541 train_time:1314543ms step_avg:496.43ms
step:2659/5100 train_loss:3.4070 train_time:1315036ms step_avg:496.43ms
step:2660/5100 train_loss:3.5654 train_time:1316306ms step_avg:496.72ms
step:2661/5100 train_loss:3.4960 train_time:1316801ms step_avg:496.72ms
step:2662/5100 train_loss:3.4304 train_time:1317306ms step_avg:496.72ms
step:2663/5100 train_loss:3.5754 train_time:1317785ms step_avg:496.72ms
step:2664/5100 train_loss:3.4725 train_time:1318280ms step_avg:496.71ms
step:2665/5100 train_loss:3.3806 train_time:1318774ms step_avg:496.71ms
step:2666/5100 train_loss:3.4530 train_time:1319266ms step_avg:496.71ms
step:2667/5100 train_loss:3.3962 train_time:1319763ms step_avg:496.71ms
step:2668/5100 train_loss:3.5695 train_time:1320257ms step_avg:496.71ms
step:2669/5100 train_loss:3.3815 train_time:1320747ms step_avg:496.71ms
step:2670/5100 train_loss:3.5706 train_time:1321243ms step_avg:496.71ms
step:2671/5100 train_loss:3.3142 train_time:1321737ms step_avg:496.71ms
step:2672/5100 train_loss:3.3615 train_time:1322228ms step_avg:496.70ms
step:2673/5100 train_loss:3.4201 train_time:1322723ms step_avg:496.70ms
step:2674/5100 train_loss:3.5175 train_time:1323225ms step_avg:496.71ms
step:2675/5100 train_loss:3.4263 train_time:1323715ms step_avg:496.70ms
step:2676/5100 train_loss:3.4606 train_time:1324218ms step_avg:496.71ms
step:2677/5100 train_loss:3.3999 train_time:1324704ms step_avg:496.70ms
step:2678/5100 train_loss:3.5206 train_time:1325197ms step_avg:496.70ms
step:2679/5100 train_loss:3.5502 train_time:1325691ms step_avg:496.70ms
step:2680/5100 train_loss:3.3545 train_time:1326186ms step_avg:496.70ms
step:2681/5100 train_loss:3.2911 train_time:1326681ms step_avg:496.70ms
step:2682/5100 train_loss:3.3240 train_time:1327185ms step_avg:496.70ms
step:2683/5100 train_loss:3.4292 train_time:1327676ms step_avg:496.70ms
step:2684/5100 train_loss:3.5463 train_time:1328168ms step_avg:496.70ms
step:2685/5100 train_loss:3.6154 train_time:1328663ms step_avg:496.70ms
step:2686/5100 train_loss:3.4780 train_time:1329156ms step_avg:496.70ms
step:2687/5100 train_loss:3.4310 train_time:1329652ms step_avg:496.69ms
step:2688/5100 train_loss:3.7835 train_time:1330144ms step_avg:496.69ms
step:2689/5100 train_loss:3.4803 train_time:1330642ms step_avg:496.69ms
step:2690/5100 train_loss:3.4374 train_time:1331134ms step_avg:496.69ms
step:2691/5100 train_loss:3.3835 train_time:1331633ms step_avg:496.69ms
step:2692/5100 train_loss:3.4662 train_time:1332129ms step_avg:496.69ms
step:2693/5100 train_loss:3.3005 train_time:1332615ms step_avg:496.69ms
step:2694/5100 train_loss:3.9232 train_time:1333107ms step_avg:496.69ms
step:2695/5100 train_loss:3.5242 train_time:1333604ms step_avg:496.69ms
step:2696/5100 train_loss:3.3790 train_time:1334094ms step_avg:496.68ms
step:2697/5100 train_loss:3.5073 train_time:1334588ms step_avg:496.68ms
step:2698/5100 train_loss:3.4038 train_time:1335087ms step_avg:496.68ms
step:2699/5100 train_loss:3.5564 train_time:1335576ms step_avg:496.68ms
step:2700/5100 train_loss:3.6513 train_time:1336083ms step_avg:496.69ms
step:2701/5100 train_loss:3.4423 train_time:1336568ms step_avg:496.68ms
step:2702/5100 train_loss:3.3739 train_time:1337060ms step_avg:496.68ms
step:2703/5100 train_loss:3.3450 train_time:1337552ms step_avg:496.68ms
step:2704/5100 train_loss:3.3746 train_time:1338048ms step_avg:496.68ms
step:2705/5100 train_loss:3.3872 train_time:1338540ms step_avg:496.68ms
step:2706/5100 train_loss:3.6625 train_time:1339035ms step_avg:496.67ms
step:2707/5100 train_loss:3.5078 train_time:1339530ms step_avg:496.67ms
step:2708/5100 train_loss:3.5057 train_time:1340042ms step_avg:496.68ms
step:2709/5100 train_loss:3.5337 train_time:1340514ms step_avg:496.67ms
step:2710/5100 train_loss:3.6363 train_time:1341012ms step_avg:496.67ms
step:2711/5100 train_loss:3.4809 train_time:1341502ms step_avg:496.67ms
step:2712/5100 train_loss:3.4972 train_time:1342005ms step_avg:496.67ms
step:2713/5100 train_loss:3.2858 train_time:1342499ms step_avg:496.67ms
step:2714/5100 train_loss:3.5814 train_time:1342989ms step_avg:496.67ms
step:2715/5100 train_loss:3.3088 train_time:1343484ms step_avg:496.67ms
step:2716/5100 train_loss:3.2907 train_time:1343974ms step_avg:496.66ms
step:2717/5100 train_loss:3.6869 train_time:1344466ms step_avg:496.66ms
step:2718/5100 train_loss:3.4172 train_time:1344960ms step_avg:496.66ms
step:2719/5100 train_loss:3.4646 train_time:1345456ms step_avg:496.66ms
step:2720/5100 train_loss:3.3060 train_time:1345950ms step_avg:496.66ms
step:2721/5100 train_loss:3.5484 train_time:1346445ms step_avg:496.66ms
step:2722/5100 train_loss:3.6647 train_time:1346937ms step_avg:496.66ms
step:2723/5100 train_loss:3.3682 train_time:1347429ms step_avg:496.66ms
step:2724/5100 train_loss:3.4389 train_time:1347924ms step_avg:496.66ms
step:2725/5100 train_loss:3.5646 train_time:1348418ms step_avg:496.65ms
step:2726/5100 train_loss:3.4256 train_time:1348910ms step_avg:496.65ms
step:2727/5100 train_loss:3.4565 train_time:1349405ms step_avg:496.65ms
step:2728/5100 train_loss:3.6367 train_time:1349904ms step_avg:496.65ms
step:2729/5100 train_loss:3.5498 train_time:1350396ms step_avg:496.65ms
step:2730/5100 train_loss:3.3612 train_time:1350891ms step_avg:496.65ms
step:2731/5100 train_loss:3.4261 train_time:1351386ms step_avg:496.65ms
step:2732/5100 train_loss:3.3436 train_time:1351878ms step_avg:496.65ms
step:2733/5100 train_loss:3.3626 train_time:1352373ms step_avg:496.65ms
step:2734/5100 train_loss:3.3680 train_time:1352865ms step_avg:496.65ms
step:2735/5100 train_loss:3.3900 train_time:1353359ms step_avg:496.65ms
step:2736/5100 train_loss:3.2558 train_time:1353853ms step_avg:496.64ms
step:2737/5100 train_loss:3.5051 train_time:1354346ms step_avg:496.64ms
step:2738/5100 train_loss:3.4265 train_time:1354840ms step_avg:496.64ms
step:2739/5100 train_loss:3.7872 train_time:1355338ms step_avg:496.64ms
step:2740/5100 train_loss:3.4986 train_time:1355829ms step_avg:496.64ms
step:2741/5100 train_loss:3.4516 train_time:1356322ms step_avg:496.64ms
step:2742/5100 train_loss:3.3995 train_time:1356818ms step_avg:496.64ms
step:2743/5100 train_loss:3.4236 train_time:1357310ms step_avg:496.64ms
step:2744/5100 train_loss:3.3694 train_time:1357804ms step_avg:496.64ms
step:2745/5100 train_loss:3.4146 train_time:1358299ms step_avg:496.64ms
step:2746/5100 train_loss:3.2699 train_time:1358792ms step_avg:496.63ms
step:2747/5100 train_loss:3.3542 train_time:1359286ms step_avg:496.63ms
step:2748/5100 train_loss:3.5164 train_time:1359787ms step_avg:496.64ms
step:2749/5100 train_loss:3.4714 train_time:1360277ms step_avg:496.63ms
step:2750/5100 train_loss:3.5529 train_time:1360769ms step_avg:496.63ms
step:2750/5100 val_loss:3.4561 train_time:1361080ms step_avg:496.74ms
step:2751/5100 train_loss:3.5550 train_time:1361265ms step_avg:496.63ms
step:2752/5100 train_loss:3.5401 train_time:1361756ms step_avg:496.63ms
step:2753/5100 train_loss:3.6064 train_time:1362251ms step_avg:496.63ms
step:2754/5100 train_loss:3.3722 train_time:1362744ms step_avg:496.63ms
step:2755/5100 train_loss:3.4366 train_time:1363241ms step_avg:496.63ms
step:2756/5100 train_loss:3.5521 train_time:1363734ms step_avg:496.63ms
step:2757/5100 train_loss:3.4763 train_time:1364225ms step_avg:496.62ms
step:2758/5100 train_loss:3.1066 train_time:1364720ms step_avg:496.62ms
step:2759/5100 train_loss:3.4363 train_time:1365214ms step_avg:496.62ms
step:2760/5100 train_loss:3.4831 train_time:1365730ms step_avg:496.63ms
step:2761/5100 train_loss:3.5406 train_time:1366203ms step_avg:496.62ms
step:2762/5100 train_loss:3.4815 train_time:1366698ms step_avg:496.62ms
step:2763/5100 train_loss:3.3680 train_time:1367188ms step_avg:496.62ms
step:2764/5100 train_loss:3.4501 train_time:1367687ms step_avg:496.62ms
step:2765/5100 train_loss:3.5061 train_time:1368178ms step_avg:496.62ms
step:2766/5100 train_loss:3.2761 train_time:1368674ms step_avg:496.62ms
step:2767/5100 train_loss:3.4567 train_time:1369170ms step_avg:496.62ms
step:2768/5100 train_loss:3.5781 train_time:1369662ms step_avg:496.61ms
step:2769/5100 train_loss:3.3128 train_time:1370212ms step_avg:496.63ms
step:2770/5100 train_loss:3.5492 train_time:1370650ms step_avg:496.61ms
step:2771/5100 train_loss:3.5659 train_time:1371146ms step_avg:496.61ms
step:2772/5100 train_loss:3.4169 train_time:1371640ms step_avg:496.61ms
step:2773/5100 train_loss:3.2541 train_time:1372131ms step_avg:496.61ms
step:2774/5100 train_loss:3.3988 train_time:1372625ms step_avg:496.61ms
step:2775/5100 train_loss:3.6476 train_time:1373120ms step_avg:496.61ms
step:2776/5100 train_loss:3.4579 train_time:1373613ms step_avg:496.61ms
step:2777/5100 train_loss:3.5959 train_time:1374106ms step_avg:496.61ms
step:2778/5100 train_loss:3.4828 train_time:1374599ms step_avg:496.60ms
step:2779/5100 train_loss:3.3564 train_time:1375095ms step_avg:496.60ms
step:2780/5100 train_loss:3.3040 train_time:1375590ms step_avg:496.60ms
step:2781/5100 train_loss:3.4016 train_time:1376082ms step_avg:496.60ms
step:2782/5100 train_loss:3.4477 train_time:1376575ms step_avg:496.60ms
step:2783/5100 train_loss:3.4686 train_time:1377069ms step_avg:496.60ms
step:2784/5100 train_loss:3.4791 train_time:1377563ms step_avg:496.60ms
step:2785/5100 train_loss:3.4615 train_time:1378059ms step_avg:496.60ms
step:2786/5100 train_loss:3.4432 train_time:1378549ms step_avg:496.60ms
step:2787/5100 train_loss:3.3621 train_time:1379045ms step_avg:496.60ms
step:2788/5100 train_loss:3.5757 train_time:1379540ms step_avg:496.59ms
step:2789/5100 train_loss:3.4843 train_time:1380034ms step_avg:496.59ms
step:2790/5100 train_loss:3.4299 train_time:1380527ms step_avg:496.59ms
step:2791/5100 train_loss:3.4416 train_time:1381021ms step_avg:496.59ms
step:2792/5100 train_loss:3.3715 train_time:1381516ms step_avg:496.59ms
step:2793/5100 train_loss:3.3862 train_time:1382008ms step_avg:496.59ms
step:2794/5100 train_loss:3.5265 train_time:1382502ms step_avg:496.59ms
step:2795/5100 train_loss:3.3321 train_time:1382994ms step_avg:496.59ms
step:2796/5100 train_loss:3.5446 train_time:1383498ms step_avg:496.59ms
step:2797/5100 train_loss:3.4175 train_time:1383988ms step_avg:496.59ms
step:2798/5100 train_loss:3.4363 train_time:1384477ms step_avg:496.58ms
step:2799/5100 train_loss:3.2765 train_time:1384969ms step_avg:496.58ms
step:2800/5100 train_loss:3.6939 train_time:1385464ms step_avg:496.58ms
step:2801/5100 train_loss:3.5833 train_time:1385957ms step_avg:496.58ms
step:2802/5100 train_loss:3.6669 train_time:1386452ms step_avg:496.58ms
step:2803/5100 train_loss:3.3727 train_time:1386947ms step_avg:496.58ms
step:2804/5100 train_loss:3.5330 train_time:1387442ms step_avg:496.58ms
step:2805/5100 train_loss:3.5188 train_time:1387935ms step_avg:496.58ms
step:2806/5100 train_loss:3.2483 train_time:1388429ms step_avg:496.58ms
step:2807/5100 train_loss:3.7204 train_time:1388920ms step_avg:496.57ms
step:2808/5100 train_loss:3.4276 train_time:1389414ms step_avg:496.57ms
step:2809/5100 train_loss:3.4013 train_time:1389908ms step_avg:496.57ms
step:2810/5100 train_loss:3.7278 train_time:1390403ms step_avg:496.57ms
step:2811/5100 train_loss:3.4178 train_time:1390894ms step_avg:496.57ms
step:2812/5100 train_loss:3.4979 train_time:1391388ms step_avg:496.57ms
step:2813/5100 train_loss:3.3122 train_time:1391881ms step_avg:496.57ms
step:2814/5100 train_loss:3.5369 train_time:1392377ms step_avg:496.57ms
step:2815/5100 train_loss:3.4711 train_time:1392874ms step_avg:496.57ms
step:2816/5100 train_loss:3.4612 train_time:1393367ms step_avg:496.57ms
step:2817/5100 train_loss:2.9500 train_time:1393862ms step_avg:496.57ms
step:2818/5100 train_loss:3.4389 train_time:1394364ms step_avg:496.57ms
step:2819/5100 train_loss:3.3497 train_time:1394854ms step_avg:496.57ms
step:2820/5100 train_loss:3.6248 train_time:1395348ms step_avg:496.57ms
step:2821/5100 train_loss:3.4666 train_time:1395844ms step_avg:496.57ms
step:2822/5100 train_loss:3.5005 train_time:1396340ms step_avg:496.56ms
step:2823/5100 train_loss:3.5951 train_time:1396832ms step_avg:496.56ms
step:2824/5100 train_loss:3.5313 train_time:1397326ms step_avg:496.56ms
step:2825/5100 train_loss:3.1887 train_time:1397818ms step_avg:496.56ms
step:2826/5100 train_loss:3.5304 train_time:1398353ms step_avg:496.57ms
step:2827/5100 train_loss:3.5949 train_time:1398812ms step_avg:496.56ms
step:2828/5100 train_loss:3.1718 train_time:1399302ms step_avg:496.56ms
step:2829/5100 train_loss:3.4491 train_time:1399795ms step_avg:496.56ms
step:2830/5100 train_loss:3.4948 train_time:1400290ms step_avg:496.56ms
step:2831/5100 train_loss:3.4002 train_time:1400783ms step_avg:496.56ms
step:2832/5100 train_loss:3.5280 train_time:1401277ms step_avg:496.55ms
step:2833/5100 train_loss:3.4083 train_time:1401772ms step_avg:496.55ms
step:2834/5100 train_loss:3.3985 train_time:1402268ms step_avg:496.55ms
step:2835/5100 train_loss:3.1634 train_time:1402760ms step_avg:496.55ms
step:2836/5100 train_loss:3.6300 train_time:1403394ms step_avg:496.60ms
step:2837/5100 train_loss:3.5060 train_time:1403888ms step_avg:496.60ms
step:2838/5100 train_loss:3.4309 train_time:1404381ms step_avg:496.60ms
step:2839/5100 train_loss:3.3694 train_time:1404872ms step_avg:496.60ms
step:2840/5100 train_loss:3.3806 train_time:1405368ms step_avg:496.60ms
step:2841/5100 train_loss:3.5085 train_time:1405865ms step_avg:496.60ms
step:2842/5100 train_loss:3.3852 train_time:1406360ms step_avg:496.60ms
step:2843/5100 train_loss:3.4840 train_time:1406852ms step_avg:496.59ms
step:2844/5100 train_loss:3.5561 train_time:1407344ms step_avg:496.59ms
step:2845/5100 train_loss:3.4297 train_time:1407840ms step_avg:496.59ms
step:2846/5100 train_loss:3.3874 train_time:1408334ms step_avg:496.59ms
step:2847/5100 train_loss:3.4087 train_time:1408827ms step_avg:496.59ms
step:2848/5100 train_loss:3.8981 train_time:1409320ms step_avg:496.59ms
step:2849/5100 train_loss:3.4097 train_time:1409814ms step_avg:496.59ms
step:2850/5100 train_loss:3.3957 train_time:1411037ms step_avg:496.84ms
step:2851/5100 train_loss:3.5356 train_time:1411547ms step_avg:496.85ms
step:2852/5100 train_loss:3.4908 train_time:1412039ms step_avg:496.85ms
step:2853/5100 train_loss:3.4286 train_time:1412533ms step_avg:496.85ms
step:2854/5100 train_loss:3.4657 train_time:1413028ms step_avg:496.85ms
step:2855/5100 train_loss:3.4576 train_time:1413531ms step_avg:496.85ms
step:2856/5100 train_loss:3.3571 train_time:1414019ms step_avg:496.84ms
step:2857/5100 train_loss:3.4299 train_time:1414515ms step_avg:496.84ms
step:2858/5100 train_loss:3.4763 train_time:1415010ms step_avg:496.84ms
step:2859/5100 train_loss:3.1989 train_time:1415503ms step_avg:496.84ms
step:2860/5100 train_loss:3.4666 train_time:1416001ms step_avg:496.84ms
step:2861/5100 train_loss:3.4023 train_time:1416496ms step_avg:496.84ms
step:2862/5100 train_loss:3.4162 train_time:1416988ms step_avg:496.84ms
step:2863/5100 train_loss:3.4797 train_time:1417481ms step_avg:496.84ms
step:2864/5100 train_loss:3.7287 train_time:1417977ms step_avg:496.84ms
step:2865/5100 train_loss:3.5169 train_time:1418467ms step_avg:496.84ms
step:2866/5100 train_loss:3.4713 train_time:1418961ms step_avg:496.84ms
step:2867/5100 train_loss:3.4781 train_time:1419459ms step_avg:496.84ms
step:2868/5100 train_loss:3.6442 train_time:1419954ms step_avg:496.83ms
step:2869/5100 train_loss:3.4521 train_time:1420447ms step_avg:496.83ms
step:2870/5100 train_loss:3.3327 train_time:1420941ms step_avg:496.83ms
step:2871/5100 train_loss:3.5917 train_time:1421436ms step_avg:496.83ms
step:2872/5100 train_loss:3.4357 train_time:1421934ms step_avg:496.83ms
step:2873/5100 train_loss:3.4453 train_time:1422438ms step_avg:496.83ms
step:2874/5100 train_loss:3.2877 train_time:1422921ms step_avg:496.83ms
step:2875/5100 train_loss:3.4174 train_time:1423415ms step_avg:496.83ms
step:2875/5100 val_loss:3.4494 train_time:1423728ms step_avg:496.94ms
step:2876/5100 train_loss:3.3890 train_time:1423913ms step_avg:496.83ms
step:2877/5100 train_loss:3.3555 train_time:1424408ms step_avg:496.83ms
step:2878/5100 train_loss:3.4496 train_time:1424901ms step_avg:496.83ms
step:2879/5100 train_loss:3.5982 train_time:1425394ms step_avg:496.83ms
step:2880/5100 train_loss:3.4343 train_time:1425889ms step_avg:496.83ms
step:2881/5100 train_loss:3.4710 train_time:1426384ms step_avg:496.82ms
step:2882/5100 train_loss:3.4869 train_time:1426879ms step_avg:496.82ms
step:2883/5100 train_loss:3.5954 train_time:1427369ms step_avg:496.82ms
step:2884/5100 train_loss:3.4498 train_time:1427864ms step_avg:496.82ms
step:2885/5100 train_loss:3.2987 train_time:1428356ms step_avg:496.82ms
step:2886/5100 train_loss:3.2835 train_time:1428850ms step_avg:496.82ms
step:2887/5100 train_loss:3.3964 train_time:1429344ms step_avg:496.82ms
step:2888/5100 train_loss:3.4245 train_time:1429841ms step_avg:496.82ms
step:2889/5100 train_loss:3.4322 train_time:1430337ms step_avg:496.82ms
step:2890/5100 train_loss:3.7532 train_time:1430829ms step_avg:496.82ms
step:2891/5100 train_loss:3.3882 train_time:1431322ms step_avg:496.81ms
step:2892/5100 train_loss:3.4558 train_time:1431816ms step_avg:496.81ms
step:2893/5100 train_loss:3.3826 train_time:1432309ms step_avg:496.81ms
step:2894/5100 train_loss:3.4211 train_time:1432803ms step_avg:496.81ms
step:2895/5100 train_loss:3.3766 train_time:1433296ms step_avg:496.81ms
step:2896/5100 train_loss:3.4630 train_time:1433794ms step_avg:496.81ms
step:2897/5100 train_loss:3.6363 train_time:1434283ms step_avg:496.81ms
step:2898/5100 train_loss:3.3587 train_time:1434779ms step_avg:496.81ms
step:2899/5100 train_loss:3.4512 train_time:1435271ms step_avg:496.81ms
step:2900/5100 train_loss:3.1945 train_time:1435767ms step_avg:496.81ms
step:2901/5100 train_loss:3.6249 train_time:1436260ms step_avg:496.80ms
step:2902/5100 train_loss:3.4882 train_time:1436752ms step_avg:496.80ms
step:2903/5100 train_loss:3.4249 train_time:1437246ms step_avg:496.80ms
step:2904/5100 train_loss:3.4242 train_time:1437738ms step_avg:496.80ms
step:2905/5100 train_loss:3.4227 train_time:1438231ms step_avg:496.80ms
step:2906/5100 train_loss:3.4044 train_time:1438727ms step_avg:496.80ms
step:2907/5100 train_loss:3.2476 train_time:1439219ms step_avg:496.80ms
step:2908/5100 train_loss:3.5460 train_time:1439713ms step_avg:496.80ms
step:2909/5100 train_loss:3.4527 train_time:1440210ms step_avg:496.80ms
step:2910/5100 train_loss:3.7607 train_time:1440703ms step_avg:496.79ms
step:2911/5100 train_loss:3.2333 train_time:1441196ms step_avg:496.79ms
step:2912/5100 train_loss:3.3578 train_time:1441691ms step_avg:496.79ms
step:2913/5100 train_loss:3.4057 train_time:1442199ms step_avg:496.80ms
step:2914/5100 train_loss:3.8841 train_time:1442681ms step_avg:496.79ms
step:2915/5100 train_loss:3.4879 train_time:1443174ms step_avg:496.79ms
step:2916/5100 train_loss:3.3269 train_time:1443671ms step_avg:496.79ms
step:2917/5100 train_loss:3.4234 train_time:1444173ms step_avg:496.79ms
step:2918/5100 train_loss:3.3985 train_time:1444655ms step_avg:496.79ms
step:2919/5100 train_loss:3.4205 train_time:1445153ms step_avg:496.79ms
step:2920/5100 train_loss:3.2905 train_time:1445647ms step_avg:496.79ms
step:2921/5100 train_loss:3.4485 train_time:1446143ms step_avg:496.79ms
step:2922/5100 train_loss:3.4366 train_time:1446632ms step_avg:496.78ms
step:2923/5100 train_loss:3.4728 train_time:1447126ms step_avg:496.78ms
step:2924/5100 train_loss:3.3895 train_time:1447617ms step_avg:496.78ms
step:2925/5100 train_loss:3.5445 train_time:1448112ms step_avg:496.78ms
step:2926/5100 train_loss:3.4516 train_time:1448604ms step_avg:496.78ms
step:2927/5100 train_loss:3.4358 train_time:1449101ms step_avg:496.78ms
step:2928/5100 train_loss:3.6200 train_time:1449595ms step_avg:496.78ms
step:2929/5100 train_loss:3.4189 train_time:1450090ms step_avg:496.78ms
step:2930/5100 train_loss:3.3687 train_time:1450586ms step_avg:496.78ms
step:2931/5100 train_loss:3.5709 train_time:1451082ms step_avg:496.78ms
step:2932/5100 train_loss:3.6564 train_time:1451575ms step_avg:496.77ms
step:2933/5100 train_loss:3.7079 train_time:1452072ms step_avg:496.77ms
step:2934/5100 train_loss:3.5988 train_time:1452567ms step_avg:496.77ms
step:2935/5100 train_loss:3.3853 train_time:1453060ms step_avg:496.77ms
step:2936/5100 train_loss:3.4826 train_time:1453557ms step_avg:496.77ms
step:2937/5100 train_loss:3.4039 train_time:1454048ms step_avg:496.77ms
step:2938/5100 train_loss:3.4090 train_time:1454547ms step_avg:496.77ms
step:2939/5100 train_loss:3.5196 train_time:1455036ms step_avg:496.77ms
step:2940/5100 train_loss:3.3794 train_time:1455533ms step_avg:496.77ms
step:2941/5100 train_loss:3.5496 train_time:1456027ms step_avg:496.77ms
step:2942/5100 train_loss:3.6452 train_time:1456521ms step_avg:496.77ms
step:2943/5100 train_loss:3.3747 train_time:1457024ms step_avg:496.77ms
step:2944/5100 train_loss:3.2357 train_time:1457513ms step_avg:496.77ms
step:2945/5100 train_loss:3.2813 train_time:1458002ms step_avg:496.76ms
step:2946/5100 train_loss:3.4668 train_time:1458499ms step_avg:496.76ms
step:2947/5100 train_loss:3.5143 train_time:1458991ms step_avg:496.76ms
step:2948/5100 train_loss:3.3929 train_time:1459484ms step_avg:496.76ms
step:2949/5100 train_loss:3.3746 train_time:1459981ms step_avg:496.76ms
step:2950/5100 train_loss:3.4774 train_time:1460476ms step_avg:496.76ms
step:2951/5100 train_loss:3.4549 train_time:1460969ms step_avg:496.76ms
step:2952/5100 train_loss:3.6401 train_time:1461458ms step_avg:496.76ms
step:2953/5100 train_loss:3.5096 train_time:1461956ms step_avg:496.76ms
step:2954/5100 train_loss:3.5315 train_time:1462450ms step_avg:496.76ms
step:2955/5100 train_loss:3.4928 train_time:1462942ms step_avg:496.75ms
step:2956/5100 train_loss:3.3334 train_time:1463441ms step_avg:496.76ms
step:2957/5100 train_loss:3.4415 train_time:1463938ms step_avg:496.76ms
step:2958/5100 train_loss:3.4387 train_time:1464432ms step_avg:496.75ms
step:2959/5100 train_loss:3.4078 train_time:1464928ms step_avg:496.75ms
step:2960/5100 train_loss:3.5504 train_time:1465417ms step_avg:496.75ms
step:2961/5100 train_loss:3.4004 train_time:1465910ms step_avg:496.75ms
step:2962/5100 train_loss:3.5102 train_time:1466404ms step_avg:496.75ms
step:2963/5100 train_loss:3.3939 train_time:1466899ms step_avg:496.75ms
step:2964/5100 train_loss:3.4286 train_time:1467392ms step_avg:496.75ms
step:2965/5100 train_loss:3.3765 train_time:1467886ms step_avg:496.75ms
step:2966/5100 train_loss:3.5868 train_time:1468382ms step_avg:496.75ms
step:2967/5100 train_loss:3.2461 train_time:1468876ms step_avg:496.75ms
step:2968/5100 train_loss:3.9289 train_time:1469369ms step_avg:496.74ms
step:2969/5100 train_loss:3.4515 train_time:1469862ms step_avg:496.74ms
step:2970/5100 train_loss:3.3730 train_time:1470359ms step_avg:496.74ms
step:2971/5100 train_loss:3.6174 train_time:1470858ms step_avg:496.74ms
step:2972/5100 train_loss:3.5614 train_time:1471347ms step_avg:496.74ms
step:2973/5100 train_loss:3.3306 train_time:1471842ms step_avg:496.74ms
step:2974/5100 train_loss:3.4500 train_time:1472336ms step_avg:496.74ms
step:2975/5100 train_loss:3.2879 train_time:1472838ms step_avg:496.74ms
step:2976/5100 train_loss:3.3661 train_time:1473330ms step_avg:496.74ms
step:2977/5100 train_loss:3.1651 train_time:1473824ms step_avg:496.74ms
step:2978/5100 train_loss:3.6584 train_time:1474312ms step_avg:496.74ms
step:2979/5100 train_loss:3.4643 train_time:1474807ms step_avg:496.74ms
step:2980/5100 train_loss:3.6306 train_time:1475299ms step_avg:496.73ms
step:2981/5100 train_loss:3.4686 train_time:1475797ms step_avg:496.73ms
step:2982/5100 train_loss:3.5718 train_time:1476294ms step_avg:496.73ms
step:2983/5100 train_loss:3.5387 train_time:1476786ms step_avg:496.73ms
step:2984/5100 train_loss:3.3740 train_time:1477279ms step_avg:496.73ms
step:2985/5100 train_loss:3.4425 train_time:1477777ms step_avg:496.73ms
step:2986/5100 train_loss:3.5194 train_time:1478272ms step_avg:496.73ms
step:2987/5100 train_loss:3.4632 train_time:1478761ms step_avg:496.73ms
step:2988/5100 train_loss:3.7064 train_time:1479254ms step_avg:496.73ms
step:2989/5100 train_loss:3.2766 train_time:1479746ms step_avg:496.73ms
step:2990/5100 train_loss:3.5182 train_time:1480244ms step_avg:496.73ms
step:2991/5100 train_loss:3.4699 train_time:1480739ms step_avg:496.73ms
step:2992/5100 train_loss:3.5213 train_time:1481243ms step_avg:496.73ms
step:2993/5100 train_loss:3.4069 train_time:1481723ms step_avg:496.72ms
step:2994/5100 train_loss:3.6174 train_time:1482216ms step_avg:496.72ms
step:2995/5100 train_loss:3.3240 train_time:1482708ms step_avg:496.72ms
step:2996/5100 train_loss:3.3366 train_time:1483203ms step_avg:496.72ms
step:2997/5100 train_loss:3.3590 train_time:1483696ms step_avg:496.72ms
step:2998/5100 train_loss:3.3907 train_time:1484192ms step_avg:496.72ms
step:2999/5100 train_loss:3.5340 train_time:1484683ms step_avg:496.72ms
step:3000/5100 train_loss:3.3305 train_time:1485178ms step_avg:496.71ms
step:3000/5100 val_loss:3.4419 train_time:1485489ms step_avg:496.82ms
step:3001/5100 train_loss:3.4356 train_time:1485674ms step_avg:496.71ms
step:3002/5100 train_loss:3.2712 train_time:1486165ms step_avg:496.71ms
step:3003/5100 train_loss:3.4025 train_time:1486664ms step_avg:496.71ms
step:3004/5100 train_loss:3.4710 train_time:1487152ms step_avg:496.71ms
step:3005/5100 train_loss:4.2137 train_time:1487651ms step_avg:496.71ms
step:3006/5100 train_loss:3.3269 train_time:1488141ms step_avg:496.71ms
step:3007/5100 train_loss:3.4811 train_time:1488635ms step_avg:496.71ms
step:3008/5100 train_loss:3.2623 train_time:1489145ms step_avg:496.71ms
step:3009/5100 train_loss:3.5856 train_time:1489622ms step_avg:496.71ms
step:3010/5100 train_loss:3.5491 train_time:1490121ms step_avg:496.71ms
step:3011/5100 train_loss:3.5524 train_time:1490608ms step_avg:496.70ms
step:3012/5100 train_loss:3.5063 train_time:1491102ms step_avg:496.70ms
step:3013/5100 train_loss:3.3187 train_time:1491595ms step_avg:496.70ms
step:3014/5100 train_loss:3.4415 train_time:1492090ms step_avg:496.70ms
step:3015/5100 train_loss:3.5321 train_time:1492582ms step_avg:496.70ms
step:3016/5100 train_loss:3.3011 train_time:1493077ms step_avg:496.70ms
step:3017/5100 train_loss:3.3714 train_time:1493571ms step_avg:496.70ms
step:3018/5100 train_loss:3.5070 train_time:1494063ms step_avg:496.70ms
step:3019/5100 train_loss:3.6275 train_time:1494560ms step_avg:496.70ms
step:3020/5100 train_loss:3.3816 train_time:1495054ms step_avg:496.70ms
step:3021/5100 train_loss:3.6885 train_time:1495540ms step_avg:496.69ms
step:3022/5100 train_loss:3.4205 train_time:1496035ms step_avg:496.69ms
step:3023/5100 train_loss:3.2964 train_time:1496529ms step_avg:496.69ms
step:3024/5100 train_loss:3.4675 train_time:1497024ms step_avg:496.69ms
step:3025/5100 train_loss:3.5982 train_time:1497516ms step_avg:496.69ms
step:3026/5100 train_loss:3.4141 train_time:1498016ms step_avg:496.69ms
step:3027/5100 train_loss:3.5165 train_time:1498507ms step_avg:496.69ms
step:3028/5100 train_loss:3.3344 train_time:1498997ms step_avg:496.69ms
step:3029/5100 train_loss:3.1730 train_time:1499495ms step_avg:496.69ms
step:3030/5100 train_loss:3.5249 train_time:1499985ms step_avg:496.68ms
step:3031/5100 train_loss:3.3465 train_time:1500482ms step_avg:496.68ms
step:3032/5100 train_loss:3.1695 train_time:1500978ms step_avg:496.68ms
step:3033/5100 train_loss:3.5647 train_time:1501471ms step_avg:496.68ms
step:3034/5100 train_loss:3.6788 train_time:1501969ms step_avg:496.68ms
step:3035/5100 train_loss:3.3658 train_time:1502463ms step_avg:496.68ms
step:3036/5100 train_loss:3.4092 train_time:1502961ms step_avg:496.68ms
step:3037/5100 train_loss:3.4158 train_time:1503452ms step_avg:496.68ms
step:3038/5100 train_loss:3.3036 train_time:1503943ms step_avg:496.68ms
step:3039/5100 train_loss:3.4811 train_time:1504438ms step_avg:496.68ms
step:3040/5100 train_loss:3.5312 train_time:1505617ms step_avg:496.90ms
step:3041/5100 train_loss:3.5261 train_time:1506122ms step_avg:496.91ms
step:3042/5100 train_loss:3.0930 train_time:1506616ms step_avg:496.90ms
step:3043/5100 train_loss:3.4473 train_time:1507136ms step_avg:496.91ms
step:3044/5100 train_loss:3.4137 train_time:1507607ms step_avg:496.90ms
step:3045/5100 train_loss:3.4765 train_time:1508100ms step_avg:496.90ms
step:3046/5100 train_loss:3.6170 train_time:1508596ms step_avg:496.90ms
step:3047/5100 train_loss:3.3859 train_time:1509085ms step_avg:496.90ms
step:3048/5100 train_loss:3.4545 train_time:1509579ms step_avg:496.90ms
step:3049/5100 train_loss:3.4942 train_time:1510073ms step_avg:496.90ms
step:3050/5100 train_loss:3.4370 train_time:1510566ms step_avg:496.90ms
step:3051/5100 train_loss:3.4796 train_time:1511069ms step_avg:496.90ms
step:3052/5100 train_loss:3.3509 train_time:1511556ms step_avg:496.90ms
step:3053/5100 train_loss:3.3814 train_time:1512050ms step_avg:496.89ms
step:3054/5100 train_loss:3.6178 train_time:1512542ms step_avg:496.89ms
step:3055/5100 train_loss:3.5444 train_time:1513038ms step_avg:496.89ms
step:3056/5100 train_loss:3.5205 train_time:1513532ms step_avg:496.89ms
step:3057/5100 train_loss:3.3726 train_time:1514023ms step_avg:496.89ms
step:3058/5100 train_loss:3.3686 train_time:1514519ms step_avg:496.89ms
step:3059/5100 train_loss:3.5868 train_time:1515016ms step_avg:496.89ms
step:3060/5100 train_loss:3.3570 train_time:1515511ms step_avg:496.89ms
step:3061/5100 train_loss:3.4891 train_time:1516004ms step_avg:496.89ms
step:3062/5100 train_loss:3.5094 train_time:1516498ms step_avg:496.89ms
step:3063/5100 train_loss:3.4039 train_time:1516988ms step_avg:496.88ms
step:3064/5100 train_loss:3.4373 train_time:1517497ms step_avg:496.89ms
step:3065/5100 train_loss:3.4808 train_time:1518013ms step_avg:496.89ms
step:3066/5100 train_loss:3.3980 train_time:1518471ms step_avg:496.88ms
step:3067/5100 train_loss:3.2817 train_time:1518965ms step_avg:496.88ms
step:3068/5100 train_loss:3.4117 train_time:1519460ms step_avg:496.88ms
step:3069/5100 train_loss:3.3558 train_time:1519952ms step_avg:496.88ms
step:3070/5100 train_loss:3.3294 train_time:1520449ms step_avg:496.88ms
step:3071/5100 train_loss:3.4640 train_time:1520942ms step_avg:496.88ms
step:3072/5100 train_loss:3.4763 train_time:1521435ms step_avg:496.88ms
step:3073/5100 train_loss:3.3589 train_time:1521929ms step_avg:496.88ms
step:3074/5100 train_loss:3.3985 train_time:1522422ms step_avg:496.87ms
step:3075/5100 train_loss:3.3676 train_time:1522917ms step_avg:496.87ms
step:3076/5100 train_loss:3.3811 train_time:1523414ms step_avg:496.87ms
step:3077/5100 train_loss:3.5954 train_time:1523911ms step_avg:496.87ms
step:3078/5100 train_loss:3.2779 train_time:1524397ms step_avg:496.87ms
step:3079/5100 train_loss:4.2315 train_time:1524890ms step_avg:496.87ms
step:3080/5100 train_loss:3.3699 train_time:1525385ms step_avg:496.87ms
step:3081/5100 train_loss:3.4788 train_time:1525875ms step_avg:496.87ms
step:3082/5100 train_loss:3.5896 train_time:1526373ms step_avg:496.87ms
step:3083/5100 train_loss:3.3184 train_time:1526862ms step_avg:496.86ms
step:3084/5100 train_loss:3.3915 train_time:1527397ms step_avg:496.88ms
step:3085/5100 train_loss:3.3844 train_time:1527852ms step_avg:496.86ms
step:3086/5100 train_loss:3.4331 train_time:1528345ms step_avg:496.86ms
step:3087/5100 train_loss:3.4367 train_time:1528857ms step_avg:496.87ms
step:3088/5100 train_loss:3.2706 train_time:1529358ms step_avg:496.87ms
step:3089/5100 train_loss:3.4876 train_time:1529841ms step_avg:496.86ms
step:3090/5100 train_loss:3.3773 train_time:1530338ms step_avg:496.86ms
step:3091/5100 train_loss:3.6720 train_time:1530816ms step_avg:496.86ms
step:3092/5100 train_loss:3.4384 train_time:1531308ms step_avg:496.86ms
step:3093/5100 train_loss:3.3750 train_time:1531800ms step_avg:496.85ms
step:3094/5100 train_loss:3.4276 train_time:1532299ms step_avg:496.85ms
step:3095/5100 train_loss:3.3792 train_time:1532790ms step_avg:496.85ms
step:3096/5100 train_loss:3.3833 train_time:1533283ms step_avg:496.85ms
step:3097/5100 train_loss:3.8410 train_time:1533777ms step_avg:496.85ms
step:3098/5100 train_loss:3.3895 train_time:1534272ms step_avg:496.85ms
step:3099/5100 train_loss:3.4628 train_time:1534768ms step_avg:496.85ms
step:3100/5100 train_loss:3.5268 train_time:1535259ms step_avg:496.85ms
step:3101/5100 train_loss:3.4501 train_time:1535753ms step_avg:496.85ms
step:3102/5100 train_loss:3.5315 train_time:1536246ms step_avg:496.85ms
step:3103/5100 train_loss:3.3839 train_time:1536738ms step_avg:496.84ms
step:3104/5100 train_loss:3.9191 train_time:1537239ms step_avg:496.85ms
step:3105/5100 train_loss:3.5785 train_time:1537730ms step_avg:496.84ms
step:3106/5100 train_loss:3.0680 train_time:1538224ms step_avg:496.84ms
step:3107/5100 train_loss:3.3503 train_time:1538721ms step_avg:496.84ms
step:3108/5100 train_loss:3.1863 train_time:1539215ms step_avg:496.84ms
step:3109/5100 train_loss:3.6206 train_time:1539744ms step_avg:496.85ms
step:3110/5100 train_loss:3.4456 train_time:1540201ms step_avg:496.84ms
step:3111/5100 train_loss:3.6097 train_time:1540695ms step_avg:496.84ms
step:3112/5100 train_loss:3.4476 train_time:1541188ms step_avg:496.84ms
step:3113/5100 train_loss:3.5449 train_time:1541690ms step_avg:496.84ms
step:3114/5100 train_loss:3.5291 train_time:1542177ms step_avg:496.84ms
step:3115/5100 train_loss:3.4610 train_time:1542670ms step_avg:496.83ms
step:3116/5100 train_loss:3.3463 train_time:1543164ms step_avg:496.83ms
step:3117/5100 train_loss:3.3507 train_time:1543658ms step_avg:496.83ms
step:3118/5100 train_loss:3.4385 train_time:1544153ms step_avg:496.83ms
step:3119/5100 train_loss:3.8680 train_time:1544647ms step_avg:496.83ms
step:3120/5100 train_loss:3.4486 train_time:1545139ms step_avg:496.83ms
step:3121/5100 train_loss:3.3656 train_time:1545632ms step_avg:496.83ms
step:3122/5100 train_loss:3.5443 train_time:1546131ms step_avg:496.83ms
step:3123/5100 train_loss:3.5674 train_time:1546624ms step_avg:496.83ms
step:3124/5100 train_loss:3.5577 train_time:1547116ms step_avg:496.83ms
step:3125/5100 train_loss:3.2789 train_time:1547612ms step_avg:496.83ms
step:3125/5100 val_loss:3.4341 train_time:1547923ms step_avg:496.93ms
step:3126/5100 train_loss:3.4341 train_time:1548110ms step_avg:496.83ms
step:3127/5100 train_loss:3.4279 train_time:1548600ms step_avg:496.82ms
step:3128/5100 train_loss:3.5331 train_time:1549095ms step_avg:496.82ms
step:3129/5100 train_loss:3.4662 train_time:1549588ms step_avg:496.82ms
step:3130/5100 train_loss:3.2349 train_time:1550092ms step_avg:496.82ms
step:3131/5100 train_loss:3.3076 train_time:1550587ms step_avg:496.82ms
step:3132/5100 train_loss:3.4544 train_time:1551078ms step_avg:496.82ms
step:3133/5100 train_loss:3.4785 train_time:1551573ms step_avg:496.82ms
step:3134/5100 train_loss:3.2816 train_time:1552067ms step_avg:496.82ms
step:3135/5100 train_loss:3.4798 train_time:1552561ms step_avg:496.82ms
step:3136/5100 train_loss:3.2923 train_time:1553057ms step_avg:496.82ms
step:3137/5100 train_loss:3.6479 train_time:1553549ms step_avg:496.82ms
step:3138/5100 train_loss:3.8758 train_time:1554041ms step_avg:496.82ms
step:3139/5100 train_loss:3.7052 train_time:1554538ms step_avg:496.82ms
step:3140/5100 train_loss:3.3977 train_time:1555030ms step_avg:496.81ms
step:3141/5100 train_loss:3.4371 train_time:1555524ms step_avg:496.81ms
step:3142/5100 train_loss:3.3474 train_time:1556019ms step_avg:496.81ms
step:3143/5100 train_loss:3.5484 train_time:1556517ms step_avg:496.81ms
step:3144/5100 train_loss:3.2630 train_time:1557008ms step_avg:496.81ms
step:3145/5100 train_loss:3.4906 train_time:1557505ms step_avg:496.81ms
step:3146/5100 train_loss:3.5943 train_time:1557995ms step_avg:496.81ms
step:3147/5100 train_loss:3.4156 train_time:1558488ms step_avg:496.81ms
step:3148/5100 train_loss:3.6240 train_time:1558985ms step_avg:496.81ms
step:3149/5100 train_loss:4.0320 train_time:1559478ms step_avg:496.81ms
step:3150/5100 train_loss:3.3305 train_time:1559974ms step_avg:496.81ms
step:3151/5100 train_loss:3.4321 train_time:1560468ms step_avg:496.81ms
step:3152/5100 train_loss:3.5539 train_time:1560961ms step_avg:496.80ms
step:3153/5100 train_loss:3.3474 train_time:1561456ms step_avg:496.80ms
step:3154/5100 train_loss:3.4910 train_time:1561950ms step_avg:496.80ms
step:3155/5100 train_loss:3.2699 train_time:1562484ms step_avg:496.82ms
step:3156/5100 train_loss:3.3665 train_time:1562978ms step_avg:496.81ms
step:3157/5100 train_loss:3.4733 train_time:1563431ms step_avg:496.80ms
step:3158/5100 train_loss:3.5146 train_time:1563937ms step_avg:496.80ms
step:3159/5100 train_loss:3.4251 train_time:1564432ms step_avg:496.80ms
step:3160/5100 train_loss:3.3748 train_time:1564929ms step_avg:496.80ms
step:3161/5100 train_loss:3.4953 train_time:1565416ms step_avg:496.80ms
step:3162/5100 train_loss:3.7213 train_time:1565914ms step_avg:496.80ms
step:3163/5100 train_loss:3.6470 train_time:1566398ms step_avg:496.80ms
step:3164/5100 train_loss:3.5218 train_time:1566891ms step_avg:496.79ms
step:3165/5100 train_loss:3.4820 train_time:1567384ms step_avg:496.79ms
step:3166/5100 train_loss:3.4393 train_time:1567877ms step_avg:496.79ms
step:3167/5100 train_loss:3.2943 train_time:1568371ms step_avg:496.79ms
step:3168/5100 train_loss:3.2375 train_time:1568866ms step_avg:496.79ms
step:3169/5100 train_loss:3.2533 train_time:1569361ms step_avg:496.79ms
step:3170/5100 train_loss:3.4451 train_time:1569860ms step_avg:496.79ms
step:3171/5100 train_loss:3.2306 train_time:1570356ms step_avg:496.79ms
step:3172/5100 train_loss:3.4180 train_time:1570852ms step_avg:496.79ms
step:3173/5100 train_loss:3.5512 train_time:1571344ms step_avg:496.79ms
step:3174/5100 train_loss:3.4533 train_time:1571837ms step_avg:496.79ms
step:3175/5100 train_loss:3.4882 train_time:1572332ms step_avg:496.79ms
step:3176/5100 train_loss:3.5075 train_time:1572827ms step_avg:496.79ms
step:3177/5100 train_loss:3.3151 train_time:1573320ms step_avg:496.79ms
step:3178/5100 train_loss:3.4281 train_time:1573816ms step_avg:496.79ms
step:3179/5100 train_loss:3.6540 train_time:1574308ms step_avg:496.78ms
step:3180/5100 train_loss:3.4271 train_time:1574802ms step_avg:496.78ms
step:3181/5100 train_loss:3.4065 train_time:1575295ms step_avg:496.78ms
step:3182/5100 train_loss:3.3772 train_time:1575789ms step_avg:496.78ms
step:3183/5100 train_loss:3.5635 train_time:1576284ms step_avg:496.78ms
step:3184/5100 train_loss:3.5062 train_time:1576780ms step_avg:496.78ms
step:3185/5100 train_loss:3.3903 train_time:1577274ms step_avg:496.78ms
step:3186/5100 train_loss:3.6141 train_time:1577766ms step_avg:496.78ms
step:3187/5100 train_loss:3.5342 train_time:1578262ms step_avg:496.78ms
step:3188/5100 train_loss:3.3366 train_time:1578753ms step_avg:496.78ms
step:3189/5100 train_loss:3.5745 train_time:1579251ms step_avg:496.78ms
step:3190/5100 train_loss:3.4156 train_time:1579744ms step_avg:496.77ms
step:3191/5100 train_loss:3.3503 train_time:1580238ms step_avg:496.77ms
step:3192/5100 train_loss:3.3696 train_time:1580732ms step_avg:496.77ms
step:3193/5100 train_loss:3.3229 train_time:1581226ms step_avg:496.77ms
step:3194/5100 train_loss:4.0574 train_time:1581720ms step_avg:496.77ms
step:3195/5100 train_loss:3.4558 train_time:1582218ms step_avg:496.77ms
step:3196/5100 train_loss:3.2331 train_time:1582710ms step_avg:496.77ms
step:3197/5100 train_loss:3.4297 train_time:1583203ms step_avg:496.77ms
step:3198/5100 train_loss:3.2368 train_time:1583702ms step_avg:496.77ms
step:3199/5100 train_loss:3.2698 train_time:1584229ms step_avg:496.78ms
step:3200/5100 train_loss:3.2255 train_time:1584690ms step_avg:496.77ms
step:3201/5100 train_loss:3.3938 train_time:1585180ms step_avg:496.77ms
step:3202/5100 train_loss:3.4505 train_time:1585690ms step_avg:496.77ms
step:3203/5100 train_loss:3.3308 train_time:1586177ms step_avg:496.77ms
step:3204/5100 train_loss:3.3647 train_time:1586663ms step_avg:496.76ms
step:3205/5100 train_loss:3.4293 train_time:1587152ms step_avg:496.76ms
step:3206/5100 train_loss:3.6673 train_time:1587645ms step_avg:496.76ms
step:3207/5100 train_loss:3.1752 train_time:1588141ms step_avg:496.76ms
step:3208/5100 train_loss:3.5904 train_time:1588634ms step_avg:496.76ms
step:3209/5100 train_loss:3.5377 train_time:1589147ms step_avg:496.76ms
step:3210/5100 train_loss:3.5767 train_time:1589629ms step_avg:496.76ms
step:3211/5100 train_loss:3.2945 train_time:1590121ms step_avg:496.76ms
step:3212/5100 train_loss:3.2618 train_time:1590610ms step_avg:496.76ms
step:3213/5100 train_loss:3.3175 train_time:1591105ms step_avg:496.75ms
step:3214/5100 train_loss:3.7302 train_time:1591738ms step_avg:496.80ms
step:3215/5100 train_loss:3.2126 train_time:1592233ms step_avg:496.80ms
step:3216/5100 train_loss:3.4093 train_time:1592726ms step_avg:496.80ms
step:3217/5100 train_loss:3.3248 train_time:1593229ms step_avg:496.80ms
step:3218/5100 train_loss:3.3827 train_time:1593731ms step_avg:496.80ms
step:3219/5100 train_loss:3.4092 train_time:1594222ms step_avg:496.80ms
step:3220/5100 train_loss:3.5757 train_time:1594714ms step_avg:496.80ms
step:3221/5100 train_loss:3.5002 train_time:1595211ms step_avg:496.80ms
step:3222/5100 train_loss:3.3974 train_time:1595704ms step_avg:496.79ms
step:3223/5100 train_loss:3.3495 train_time:1596195ms step_avg:496.79ms
step:3224/5100 train_loss:3.3087 train_time:1596690ms step_avg:496.79ms
step:3225/5100 train_loss:3.2812 train_time:1597185ms step_avg:496.79ms
step:3226/5100 train_loss:3.4188 train_time:1597679ms step_avg:496.79ms
step:3227/5100 train_loss:3.2673 train_time:1598174ms step_avg:496.79ms
step:3228/5100 train_loss:3.3353 train_time:1598662ms step_avg:496.79ms
step:3229/5100 train_loss:3.4530 train_time:1599157ms step_avg:496.79ms
step:3230/5100 train_loss:3.2579 train_time:1600464ms step_avg:497.04ms
step:3231/5100 train_loss:3.1881 train_time:1600955ms step_avg:497.04ms
step:3232/5100 train_loss:3.3565 train_time:1601450ms step_avg:497.04ms
step:3233/5100 train_loss:3.6333 train_time:1601945ms step_avg:497.04ms
step:3234/5100 train_loss:3.7189 train_time:1602438ms step_avg:497.03ms
step:3235/5100 train_loss:3.5711 train_time:1602933ms step_avg:497.03ms
step:3236/5100 train_loss:3.3636 train_time:1603462ms step_avg:497.04ms
step:3237/5100 train_loss:3.6792 train_time:1603931ms step_avg:497.03ms
step:3238/5100 train_loss:3.4646 train_time:1604422ms step_avg:497.03ms
step:3239/5100 train_loss:3.5333 train_time:1604910ms step_avg:497.03ms
step:3240/5100 train_loss:3.2475 train_time:1605402ms step_avg:497.03ms
step:3241/5100 train_loss:3.4260 train_time:1605895ms step_avg:497.03ms
step:3242/5100 train_loss:3.4675 train_time:1606392ms step_avg:497.03ms
step:3243/5100 train_loss:3.5883 train_time:1606924ms step_avg:497.04ms
step:3244/5100 train_loss:3.4839 train_time:1607375ms step_avg:497.02ms
step:3245/5100 train_loss:3.5575 train_time:1607869ms step_avg:497.02ms
step:3246/5100 train_loss:3.3233 train_time:1608361ms step_avg:497.02ms
step:3247/5100 train_loss:3.4926 train_time:1608856ms step_avg:497.02ms
step:3248/5100 train_loss:3.4464 train_time:1609349ms step_avg:497.02ms
step:3249/5100 train_loss:3.3042 train_time:1609845ms step_avg:497.02ms
step:3250/5100 train_loss:3.2010 train_time:1610338ms step_avg:497.02ms
step:3250/5100 val_loss:3.4258 train_time:1610646ms step_avg:497.11ms
step:3251/5100 train_loss:3.3776 train_time:1610831ms step_avg:497.02ms
step:3252/5100 train_loss:3.4016 train_time:1611327ms step_avg:497.02ms
step:3253/5100 train_loss:3.5097 train_time:1611820ms step_avg:497.02ms
step:3254/5100 train_loss:3.4575 train_time:1612311ms step_avg:497.01ms
step:3255/5100 train_loss:3.6275 train_time:1612805ms step_avg:497.01ms
step:3256/5100 train_loss:3.4231 train_time:1613298ms step_avg:497.01ms
step:3257/5100 train_loss:3.5567 train_time:1613793ms step_avg:497.01ms
step:3258/5100 train_loss:3.4332 train_time:1614294ms step_avg:497.01ms
step:3259/5100 train_loss:3.3730 train_time:1614805ms step_avg:497.02ms
step:3260/5100 train_loss:3.5444 train_time:1615277ms step_avg:497.01ms
step:3261/5100 train_loss:3.2672 train_time:1615811ms step_avg:497.02ms
step:3262/5100 train_loss:3.1821 train_time:1616266ms step_avg:497.01ms
step:3263/5100 train_loss:3.2994 train_time:1616763ms step_avg:497.01ms
step:3264/5100 train_loss:3.3876 train_time:1617257ms step_avg:497.01ms
step:3265/5100 train_loss:3.4108 train_time:1617753ms step_avg:497.01ms
step:3266/5100 train_loss:3.3782 train_time:1618245ms step_avg:497.00ms
step:3267/5100 train_loss:3.3348 train_time:1618742ms step_avg:497.00ms
step:3268/5100 train_loss:3.5372 train_time:1619231ms step_avg:497.00ms
step:3269/5100 train_loss:3.4190 train_time:1619726ms step_avg:497.00ms
step:3270/5100 train_loss:3.4786 train_time:1620216ms step_avg:497.00ms
step:3271/5100 train_loss:3.3274 train_time:1620716ms step_avg:497.00ms
step:3272/5100 train_loss:3.1357 train_time:1621206ms step_avg:497.00ms
step:3273/5100 train_loss:3.4529 train_time:1621707ms step_avg:497.00ms
step:3274/5100 train_loss:3.4586 train_time:1622197ms step_avg:497.00ms
step:3275/5100 train_loss:3.3841 train_time:1622691ms step_avg:497.00ms
step:3276/5100 train_loss:3.4114 train_time:1623188ms step_avg:497.00ms
step:3277/5100 train_loss:3.3888 train_time:1623681ms step_avg:496.99ms
step:3278/5100 train_loss:3.4965 train_time:1624173ms step_avg:496.99ms
step:3279/5100 train_loss:3.5713 train_time:1624672ms step_avg:496.99ms
step:3280/5100 train_loss:3.4471 train_time:1625165ms step_avg:496.99ms
step:3281/5100 train_loss:3.5045 train_time:1625659ms step_avg:496.99ms
step:3282/5100 train_loss:3.3661 train_time:1626148ms step_avg:496.99ms
step:3283/5100 train_loss:3.3558 train_time:1626643ms step_avg:496.99ms
step:3284/5100 train_loss:3.5114 train_time:1627166ms step_avg:497.00ms
step:3285/5100 train_loss:3.4989 train_time:1627661ms step_avg:497.00ms
step:3286/5100 train_loss:3.4586 train_time:1628160ms step_avg:497.00ms
step:3287/5100 train_loss:3.5802 train_time:1628653ms step_avg:497.00ms
step:3288/5100 train_loss:3.3810 train_time:1629118ms step_avg:496.99ms
step:3289/5100 train_loss:3.4753 train_time:1629611ms step_avg:496.98ms
step:3290/5100 train_loss:3.4911 train_time:1630109ms step_avg:496.98ms
step:3291/5100 train_loss:3.3068 train_time:1630601ms step_avg:496.98ms
step:3292/5100 train_loss:3.4791 train_time:1631095ms step_avg:496.98ms
step:3293/5100 train_loss:3.3215 train_time:1631588ms step_avg:496.98ms
step:3294/5100 train_loss:3.4067 train_time:1632084ms step_avg:496.98ms
step:3295/5100 train_loss:3.4325 train_time:1632573ms step_avg:496.98ms
step:3296/5100 train_loss:3.4611 train_time:1633072ms step_avg:496.98ms
step:3297/5100 train_loss:3.4995 train_time:1633563ms step_avg:496.98ms
step:3298/5100 train_loss:3.4097 train_time:1634056ms step_avg:496.98ms
step:3299/5100 train_loss:3.4743 train_time:1634550ms step_avg:496.97ms
step:3300/5100 train_loss:3.3074 train_time:1635049ms step_avg:496.98ms
step:3301/5100 train_loss:3.3778 train_time:1635537ms step_avg:496.97ms
step:3302/5100 train_loss:3.5225 train_time:1636032ms step_avg:496.97ms
step:3303/5100 train_loss:3.4075 train_time:1636527ms step_avg:496.97ms
step:3304/5100 train_loss:3.4219 train_time:1637019ms step_avg:496.97ms
step:3305/5100 train_loss:3.4962 train_time:1637519ms step_avg:496.97ms
step:3306/5100 train_loss:3.5200 train_time:1638009ms step_avg:496.97ms
step:3307/5100 train_loss:3.4162 train_time:1638506ms step_avg:496.97ms
step:3308/5100 train_loss:3.4566 train_time:1638997ms step_avg:496.97ms
step:3309/5100 train_loss:3.5621 train_time:1639492ms step_avg:496.97ms
step:3310/5100 train_loss:3.3516 train_time:1639985ms step_avg:496.97ms
step:3311/5100 train_loss:3.4163 train_time:1640482ms step_avg:496.97ms
step:3312/5100 train_loss:3.5557 train_time:1640975ms step_avg:496.96ms
step:3313/5100 train_loss:3.4126 train_time:1641466ms step_avg:496.96ms
step:3314/5100 train_loss:3.7201 train_time:1641962ms step_avg:496.96ms
step:3315/5100 train_loss:3.4538 train_time:1642455ms step_avg:496.96ms
step:3316/5100 train_loss:3.3403 train_time:1642945ms step_avg:496.96ms
step:3317/5100 train_loss:3.0389 train_time:1643442ms step_avg:496.96ms
step:3318/5100 train_loss:3.5545 train_time:1643935ms step_avg:496.96ms
step:3319/5100 train_loss:3.3980 train_time:1644429ms step_avg:496.96ms
step:3320/5100 train_loss:3.4413 train_time:1644924ms step_avg:496.96ms
step:3321/5100 train_loss:3.4457 train_time:1645418ms step_avg:496.96ms
step:3322/5100 train_loss:3.4665 train_time:1645928ms step_avg:496.96ms
step:3323/5100 train_loss:3.4203 train_time:1646406ms step_avg:496.95ms
step:3324/5100 train_loss:3.3164 train_time:1646897ms step_avg:496.95ms
step:3325/5100 train_loss:3.1921 train_time:1647391ms step_avg:496.95ms
step:3326/5100 train_loss:3.4468 train_time:1647898ms step_avg:496.95ms
step:3327/5100 train_loss:3.3717 train_time:1648381ms step_avg:496.95ms
step:3328/5100 train_loss:3.2829 train_time:1648872ms step_avg:496.95ms
step:3329/5100 train_loss:3.2504 train_time:1649367ms step_avg:496.95ms
step:3330/5100 train_loss:3.4150 train_time:1649859ms step_avg:496.95ms
step:3331/5100 train_loss:3.5244 train_time:1650353ms step_avg:496.94ms
step:3332/5100 train_loss:3.8240 train_time:1650852ms step_avg:496.95ms
step:3333/5100 train_loss:3.4920 train_time:1651342ms step_avg:496.94ms
step:3334/5100 train_loss:3.3020 train_time:1651833ms step_avg:496.94ms
step:3335/5100 train_loss:3.4045 train_time:1652336ms step_avg:496.94ms
step:3336/5100 train_loss:3.4828 train_time:1652827ms step_avg:496.94ms
step:3337/5100 train_loss:3.4152 train_time:1653318ms step_avg:496.94ms
step:3338/5100 train_loss:3.6083 train_time:1653811ms step_avg:496.94ms
step:3339/5100 train_loss:3.5165 train_time:1654303ms step_avg:496.94ms
step:3340/5100 train_loss:3.4160 train_time:1654797ms step_avg:496.94ms
step:3341/5100 train_loss:3.4814 train_time:1655291ms step_avg:496.94ms
step:3342/5100 train_loss:3.4731 train_time:1655785ms step_avg:496.93ms
step:3343/5100 train_loss:3.5554 train_time:1656281ms step_avg:496.93ms
step:3344/5100 train_loss:3.3897 train_time:1656773ms step_avg:496.93ms
step:3345/5100 train_loss:3.2609 train_time:1657274ms step_avg:496.93ms
step:3346/5100 train_loss:3.4177 train_time:1657765ms step_avg:496.93ms
step:3347/5100 train_loss:3.3402 train_time:1658254ms step_avg:496.93ms
step:3348/5100 train_loss:3.3993 train_time:1658748ms step_avg:496.93ms
step:3349/5100 train_loss:3.4311 train_time:1659242ms step_avg:496.93ms
step:3350/5100 train_loss:3.5780 train_time:1659735ms step_avg:496.93ms
step:3351/5100 train_loss:3.2834 train_time:1660229ms step_avg:496.93ms
step:3352/5100 train_loss:3.3282 train_time:1660725ms step_avg:496.93ms
step:3353/5100 train_loss:3.4638 train_time:1661224ms step_avg:496.93ms
step:3354/5100 train_loss:3.3486 train_time:1661717ms step_avg:496.93ms
step:3355/5100 train_loss:3.6039 train_time:1662207ms step_avg:496.92ms
step:3356/5100 train_loss:3.2992 train_time:1662700ms step_avg:496.92ms
step:3357/5100 train_loss:3.5251 train_time:1663199ms step_avg:496.92ms
step:3358/5100 train_loss:3.3045 train_time:1663697ms step_avg:496.92ms
step:3359/5100 train_loss:3.5599 train_time:1664186ms step_avg:496.92ms
step:3360/5100 train_loss:3.2721 train_time:1664683ms step_avg:496.92ms
step:3361/5100 train_loss:3.7198 train_time:1665176ms step_avg:496.92ms
step:3362/5100 train_loss:3.5864 train_time:1665671ms step_avg:496.92ms
step:3363/5100 train_loss:3.5403 train_time:1666162ms step_avg:496.92ms
step:3364/5100 train_loss:3.3909 train_time:1666655ms step_avg:496.92ms
step:3365/5100 train_loss:3.6878 train_time:1667148ms step_avg:496.91ms
step:3366/5100 train_loss:3.3993 train_time:1667641ms step_avg:496.91ms
step:3367/5100 train_loss:3.5356 train_time:1668144ms step_avg:496.92ms
step:3368/5100 train_loss:3.3436 train_time:1668633ms step_avg:496.91ms
step:3369/5100 train_loss:3.3751 train_time:1669127ms step_avg:496.91ms
step:3370/5100 train_loss:3.3492 train_time:1669622ms step_avg:496.91ms
step:3371/5100 train_loss:3.3744 train_time:1670126ms step_avg:496.91ms
step:3372/5100 train_loss:3.3218 train_time:1670618ms step_avg:496.91ms
step:3373/5100 train_loss:3.3701 train_time:1671098ms step_avg:496.91ms
step:3374/5100 train_loss:3.4422 train_time:1671589ms step_avg:496.91ms
step:3375/5100 train_loss:3.3105 train_time:1672086ms step_avg:496.91ms
step:3375/5100 val_loss:3.4212 train_time:1672395ms step_avg:497.00ms
step:3376/5100 train_loss:3.4241 train_time:1672580ms step_avg:496.90ms
step:3377/5100 train_loss:3.4769 train_time:1673073ms step_avg:496.90ms
step:3378/5100 train_loss:3.4233 train_time:1673566ms step_avg:496.90ms
step:3379/5100 train_loss:3.2875 train_time:1674097ms step_avg:496.91ms
step:3380/5100 train_loss:3.4184 train_time:1674553ms step_avg:496.90ms
step:3381/5100 train_loss:3.2911 train_time:1675044ms step_avg:496.90ms
step:3382/5100 train_loss:3.5250 train_time:1675538ms step_avg:496.90ms
step:3383/5100 train_loss:3.3243 train_time:1676054ms step_avg:496.90ms
step:3384/5100 train_loss:3.5369 train_time:1676536ms step_avg:496.90ms
step:3385/5100 train_loss:3.4054 train_time:1677026ms step_avg:496.90ms
step:3386/5100 train_loss:3.3918 train_time:1677523ms step_avg:496.90ms
step:3387/5100 train_loss:3.3325 train_time:1678018ms step_avg:496.90ms
step:3388/5100 train_loss:3.4867 train_time:1678507ms step_avg:496.89ms
step:3389/5100 train_loss:3.4835 train_time:1679008ms step_avg:496.89ms
step:3390/5100 train_loss:3.4429 train_time:1679500ms step_avg:496.89ms
step:3391/5100 train_loss:3.4612 train_time:1679998ms step_avg:496.89ms
step:3392/5100 train_loss:3.4013 train_time:1680491ms step_avg:496.89ms
step:3393/5100 train_loss:3.6037 train_time:1680983ms step_avg:496.89ms
step:3394/5100 train_loss:3.2797 train_time:1681470ms step_avg:496.89ms
step:3395/5100 train_loss:3.3252 train_time:1681962ms step_avg:496.89ms
step:3396/5100 train_loss:3.3535 train_time:1682457ms step_avg:496.89ms
step:3397/5100 train_loss:3.3047 train_time:1682950ms step_avg:496.89ms
step:3398/5100 train_loss:3.3667 train_time:1683452ms step_avg:496.89ms
step:3399/5100 train_loss:3.3509 train_time:1683944ms step_avg:496.89ms
step:3400/5100 train_loss:3.4034 train_time:1684459ms step_avg:496.89ms
step:3401/5100 train_loss:3.6713 train_time:1684925ms step_avg:496.88ms
step:3402/5100 train_loss:3.4398 train_time:1685425ms step_avg:496.88ms
step:3403/5100 train_loss:3.6537 train_time:1686057ms step_avg:496.92ms
step:3404/5100 train_loss:3.4776 train_time:1686549ms step_avg:496.92ms
step:3405/5100 train_loss:3.4441 train_time:1687044ms step_avg:496.92ms
step:3406/5100 train_loss:3.3936 train_time:1687539ms step_avg:496.92ms
step:3407/5100 train_loss:3.5142 train_time:1688032ms step_avg:496.92ms
step:3408/5100 train_loss:3.3948 train_time:1688527ms step_avg:496.92ms
step:3409/5100 train_loss:3.3893 train_time:1689039ms step_avg:496.92ms
step:3410/5100 train_loss:3.4306 train_time:1689553ms step_avg:496.93ms
step:3411/5100 train_loss:3.2990 train_time:1690011ms step_avg:496.92ms
step:3412/5100 train_loss:3.3133 train_time:1690502ms step_avg:496.91ms
step:3413/5100 train_loss:3.4382 train_time:1691002ms step_avg:496.92ms
step:3414/5100 train_loss:3.6286 train_time:1691490ms step_avg:496.91ms
step:3415/5100 train_loss:3.3473 train_time:1691984ms step_avg:496.91ms
step:3416/5100 train_loss:3.4946 train_time:1692483ms step_avg:496.91ms
step:3417/5100 train_loss:3.5901 train_time:1692982ms step_avg:496.91ms
step:3418/5100 train_loss:3.5889 train_time:1693472ms step_avg:496.91ms
step:3419/5100 train_loss:3.4768 train_time:1693962ms step_avg:496.91ms
step:3420/5100 train_loss:3.5453 train_time:1694987ms step_avg:497.06ms
step:3421/5100 train_loss:3.2880 train_time:1695478ms step_avg:497.06ms
step:3422/5100 train_loss:3.3960 train_time:1695973ms step_avg:497.06ms
step:3423/5100 train_loss:3.3060 train_time:1696465ms step_avg:497.06ms
step:3424/5100 train_loss:3.5823 train_time:1696959ms step_avg:497.06ms
step:3425/5100 train_loss:3.7186 train_time:1697452ms step_avg:497.06ms
step:3426/5100 train_loss:3.4394 train_time:1697944ms step_avg:497.06ms
step:3427/5100 train_loss:3.4189 train_time:1698438ms step_avg:497.06ms
step:3428/5100 train_loss:3.4024 train_time:1698932ms step_avg:497.05ms
step:3429/5100 train_loss:3.3177 train_time:1699425ms step_avg:497.05ms
step:3430/5100 train_loss:3.3702 train_time:1699921ms step_avg:497.05ms
step:3431/5100 train_loss:3.4825 train_time:1700413ms step_avg:497.05ms
step:3432/5100 train_loss:3.6255 train_time:1700906ms step_avg:497.05ms
step:3433/5100 train_loss:3.3334 train_time:1701400ms step_avg:497.05ms
step:3434/5100 train_loss:3.6809 train_time:1701898ms step_avg:497.05ms
step:3435/5100 train_loss:3.4901 train_time:1702388ms step_avg:497.05ms
step:3436/5100 train_loss:3.3139 train_time:1702892ms step_avg:497.05ms
step:3437/5100 train_loss:3.3410 train_time:1703403ms step_avg:497.05ms
step:3438/5100 train_loss:3.4106 train_time:1703889ms step_avg:497.05ms
step:3439/5100 train_loss:3.5459 train_time:1704384ms step_avg:497.05ms
step:3440/5100 train_loss:3.2888 train_time:1704859ms step_avg:497.04ms
step:3441/5100 train_loss:3.5338 train_time:1705351ms step_avg:497.04ms
step:3442/5100 train_loss:3.4057 train_time:1705850ms step_avg:497.04ms
step:3443/5100 train_loss:3.5671 train_time:1706340ms step_avg:497.04ms
step:3444/5100 train_loss:3.4943 train_time:1706835ms step_avg:497.04ms
step:3445/5100 train_loss:3.4101 train_time:1707328ms step_avg:497.04ms
step:3446/5100 train_loss:3.3162 train_time:1707822ms step_avg:497.04ms
step:3447/5100 train_loss:3.6809 train_time:1708315ms step_avg:497.04ms
step:3448/5100 train_loss:3.4514 train_time:1708809ms step_avg:497.04ms
step:3449/5100 train_loss:3.2898 train_time:1709302ms step_avg:497.03ms
step:3450/5100 train_loss:3.5994 train_time:1709799ms step_avg:497.03ms
step:3451/5100 train_loss:3.5650 train_time:1710290ms step_avg:497.03ms
step:3452/5100 train_loss:3.5058 train_time:1710784ms step_avg:497.03ms
step:3453/5100 train_loss:3.3346 train_time:1711280ms step_avg:497.03ms
step:3454/5100 train_loss:3.6459 train_time:1711774ms step_avg:497.03ms
step:3455/5100 train_loss:3.2926 train_time:1712308ms step_avg:497.04ms
step:3456/5100 train_loss:3.5658 train_time:1712761ms step_avg:497.03ms
step:3457/5100 train_loss:3.3650 train_time:1713257ms step_avg:497.03ms
step:3458/5100 train_loss:3.4548 train_time:1713748ms step_avg:497.03ms
step:3459/5100 train_loss:3.4993 train_time:1714241ms step_avg:497.03ms
step:3460/5100 train_loss:3.3456 train_time:1714736ms step_avg:497.02ms
step:3461/5100 train_loss:3.4333 train_time:1715228ms step_avg:497.02ms
step:3462/5100 train_loss:3.4225 train_time:1715725ms step_avg:497.02ms
step:3463/5100 train_loss:3.3733 train_time:1716223ms step_avg:497.02ms
step:3464/5100 train_loss:3.3888 train_time:1716712ms step_avg:497.02ms
step:3465/5100 train_loss:3.3070 train_time:1717208ms step_avg:497.02ms
step:3466/5100 train_loss:3.3933 train_time:1717701ms step_avg:497.02ms
step:3467/5100 train_loss:3.4806 train_time:1718193ms step_avg:497.02ms
step:3468/5100 train_loss:3.4512 train_time:1718686ms step_avg:497.02ms
step:3469/5100 train_loss:3.4543 train_time:1719179ms step_avg:497.02ms
step:3470/5100 train_loss:3.4893 train_time:1719675ms step_avg:497.02ms
step:3471/5100 train_loss:3.3436 train_time:1720175ms step_avg:497.02ms
step:3472/5100 train_loss:3.6263 train_time:1720662ms step_avg:497.01ms
step:3473/5100 train_loss:4.2686 train_time:1721158ms step_avg:497.01ms
step:3474/5100 train_loss:3.4665 train_time:1721649ms step_avg:497.01ms
step:3475/5100 train_loss:3.4700 train_time:1722165ms step_avg:497.02ms
step:3476/5100 train_loss:3.4213 train_time:1722638ms step_avg:497.01ms
step:3477/5100 train_loss:3.4347 train_time:1723142ms step_avg:497.01ms
step:3478/5100 train_loss:3.2770 train_time:1723635ms step_avg:497.01ms
step:3479/5100 train_loss:3.4134 train_time:1724129ms step_avg:497.01ms
step:3480/5100 train_loss:3.1777 train_time:1724617ms step_avg:497.01ms
step:3481/5100 train_loss:3.6145 train_time:1725111ms step_avg:497.01ms
step:3482/5100 train_loss:3.4000 train_time:1725603ms step_avg:497.01ms
step:3483/5100 train_loss:3.4211 train_time:1726100ms step_avg:497.01ms
step:3484/5100 train_loss:3.4534 train_time:1726594ms step_avg:497.00ms
step:3485/5100 train_loss:3.4282 train_time:1727086ms step_avg:497.00ms
step:3486/5100 train_loss:3.4421 train_time:1727583ms step_avg:497.00ms
step:3487/5100 train_loss:3.6867 train_time:1728074ms step_avg:497.00ms
step:3488/5100 train_loss:3.4083 train_time:1728567ms step_avg:497.00ms
step:3489/5100 train_loss:3.3494 train_time:1729061ms step_avg:497.00ms
step:3490/5100 train_loss:3.6100 train_time:1729556ms step_avg:497.00ms
step:3491/5100 train_loss:3.4965 train_time:1730071ms step_avg:497.00ms
step:3492/5100 train_loss:3.3921 train_time:1730545ms step_avg:497.00ms
step:3493/5100 train_loss:3.2257 train_time:1731039ms step_avg:497.00ms
step:3494/5100 train_loss:3.6063 train_time:1731532ms step_avg:497.00ms
step:3495/5100 train_loss:3.4242 train_time:1732024ms step_avg:496.99ms
step:3496/5100 train_loss:3.4929 train_time:1732519ms step_avg:496.99ms
step:3497/5100 train_loss:3.5277 train_time:1733013ms step_avg:496.99ms
step:3498/5100 train_loss:3.3469 train_time:1733506ms step_avg:496.99ms
step:3499/5100 train_loss:3.5298 train_time:1734002ms step_avg:496.99ms
step:3500/5100 train_loss:3.4095 train_time:1734501ms step_avg:496.99ms
step:3500/5100 val_loss:3.4129 train_time:1734802ms step_avg:497.08ms
step:3501/5100 train_loss:3.3911 train_time:1734999ms step_avg:496.99ms
step:3502/5100 train_loss:3.5928 train_time:1735479ms step_avg:496.99ms
step:3503/5100 train_loss:3.3323 train_time:1735975ms step_avg:496.99ms
step:3504/5100 train_loss:3.4007 train_time:1736467ms step_avg:496.99ms
step:3505/5100 train_loss:3.4737 train_time:1736959ms step_avg:496.98ms
step:3506/5100 train_loss:3.5550 train_time:1737452ms step_avg:496.98ms
step:3507/5100 train_loss:3.2799 train_time:1737949ms step_avg:496.98ms
step:3508/5100 train_loss:3.4318 train_time:1738441ms step_avg:496.98ms
step:3509/5100 train_loss:3.3008 train_time:1738935ms step_avg:496.98ms
step:3510/5100 train_loss:3.7320 train_time:1739432ms step_avg:496.98ms
step:3511/5100 train_loss:3.3686 train_time:1739925ms step_avg:496.98ms
step:3512/5100 train_loss:3.2622 train_time:1740418ms step_avg:496.98ms
step:3513/5100 train_loss:3.4375 train_time:1740911ms step_avg:496.98ms
step:3514/5100 train_loss:3.3165 train_time:1741402ms step_avg:496.98ms
step:3515/5100 train_loss:3.3133 train_time:1741897ms step_avg:496.97ms
step:3516/5100 train_loss:3.4176 train_time:1742390ms step_avg:496.97ms
step:3517/5100 train_loss:3.3777 train_time:1742882ms step_avg:496.97ms
step:3518/5100 train_loss:3.4883 train_time:1743376ms step_avg:496.97ms
step:3519/5100 train_loss:3.3448 train_time:1743879ms step_avg:496.97ms
step:3520/5100 train_loss:3.2806 train_time:1744366ms step_avg:496.97ms
step:3521/5100 train_loss:3.6265 train_time:1744859ms step_avg:496.97ms
step:3522/5100 train_loss:3.5433 train_time:1745352ms step_avg:496.97ms
step:3523/5100 train_loss:3.4062 train_time:1745848ms step_avg:496.97ms
step:3524/5100 train_loss:3.3093 train_time:1746345ms step_avg:496.97ms
step:3525/5100 train_loss:3.4898 train_time:1746874ms step_avg:496.98ms
step:3526/5100 train_loss:3.3264 train_time:1747328ms step_avg:496.96ms
step:3527/5100 train_loss:3.5569 train_time:1747821ms step_avg:496.96ms
step:3528/5100 train_loss:3.4351 train_time:1748314ms step_avg:496.96ms
step:3529/5100 train_loss:3.1558 train_time:1748809ms step_avg:496.96ms
step:3530/5100 train_loss:3.5792 train_time:1749304ms step_avg:496.96ms
step:3531/5100 train_loss:3.3658 train_time:1749796ms step_avg:496.96ms
step:3532/5100 train_loss:3.2247 train_time:1750291ms step_avg:496.96ms
step:3533/5100 train_loss:3.2796 train_time:1750785ms step_avg:496.96ms
step:3534/5100 train_loss:3.3254 train_time:1751278ms step_avg:496.96ms
step:3535/5100 train_loss:3.3071 train_time:1751795ms step_avg:496.96ms
step:3536/5100 train_loss:3.2657 train_time:1752264ms step_avg:496.96ms
step:3537/5100 train_loss:3.5181 train_time:1752759ms step_avg:496.95ms
step:3538/5100 train_loss:3.4463 train_time:1753257ms step_avg:496.95ms
step:3539/5100 train_loss:3.3367 train_time:1753758ms step_avg:496.96ms
step:3540/5100 train_loss:3.3545 train_time:1754258ms step_avg:496.96ms
step:3541/5100 train_loss:3.6095 train_time:1754776ms step_avg:496.96ms
step:3542/5100 train_loss:3.3465 train_time:1755234ms step_avg:496.95ms
step:3543/5100 train_loss:3.5038 train_time:1755727ms step_avg:496.95ms
step:3544/5100 train_loss:3.5994 train_time:1756236ms step_avg:496.95ms
step:3545/5100 train_loss:3.5690 train_time:1756716ms step_avg:496.95ms
step:3546/5100 train_loss:3.5100 train_time:1757228ms step_avg:496.95ms
step:3547/5100 train_loss:3.3247 train_time:1757702ms step_avg:496.95ms
step:3548/5100 train_loss:3.3434 train_time:1758195ms step_avg:496.95ms
step:3549/5100 train_loss:3.4301 train_time:1758689ms step_avg:496.95ms
step:3550/5100 train_loss:3.5518 train_time:1759184ms step_avg:496.94ms
step:3551/5100 train_loss:3.3269 train_time:1759686ms step_avg:496.95ms
step:3552/5100 train_loss:3.2423 train_time:1760174ms step_avg:496.94ms
step:3553/5100 train_loss:3.4220 train_time:1760709ms step_avg:496.95ms
step:3554/5100 train_loss:3.5243 train_time:1761162ms step_avg:496.94ms
step:3555/5100 train_loss:3.4464 train_time:1761660ms step_avg:496.94ms
step:3556/5100 train_loss:3.3670 train_time:1762149ms step_avg:496.94ms
step:3557/5100 train_loss:3.2153 train_time:1762673ms step_avg:496.95ms
step:3558/5100 train_loss:3.2741 train_time:1763186ms step_avg:496.95ms
step:3559/5100 train_loss:3.4836 train_time:1763630ms step_avg:496.94ms
step:3560/5100 train_loss:3.9699 train_time:1764122ms step_avg:496.94ms
step:3561/5100 train_loss:3.4755 train_time:1764620ms step_avg:496.94ms
step:3562/5100 train_loss:3.4361 train_time:1765123ms step_avg:496.94ms
step:3563/5100 train_loss:3.2636 train_time:1765614ms step_avg:496.94ms
step:3564/5100 train_loss:3.6877 train_time:1766107ms step_avg:496.94ms
step:3565/5100 train_loss:3.3245 train_time:1766606ms step_avg:496.94ms
step:3566/5100 train_loss:3.1772 train_time:1767099ms step_avg:496.93ms
step:3567/5100 train_loss:3.4128 train_time:1767610ms step_avg:496.94ms
step:3568/5100 train_loss:3.5926 train_time:1768101ms step_avg:496.94ms
step:3569/5100 train_loss:3.4248 train_time:1768597ms step_avg:496.94ms
step:3570/5100 train_loss:3.4311 train_time:1769090ms step_avg:496.94ms
step:3571/5100 train_loss:3.5428 train_time:1769569ms step_avg:496.93ms
step:3572/5100 train_loss:3.7394 train_time:1770066ms step_avg:496.93ms
step:3573/5100 train_loss:3.2456 train_time:1770567ms step_avg:496.93ms
step:3574/5100 train_loss:3.4361 train_time:1771052ms step_avg:496.93ms
step:3575/5100 train_loss:3.6162 train_time:1771548ms step_avg:496.93ms
step:3576/5100 train_loss:3.6082 train_time:1772040ms step_avg:496.93ms
step:3577/5100 train_loss:3.3644 train_time:1772533ms step_avg:496.93ms
step:3578/5100 train_loss:3.3538 train_time:1773028ms step_avg:496.92ms
step:3579/5100 train_loss:3.4909 train_time:1773521ms step_avg:496.92ms
step:3580/5100 train_loss:3.4291 train_time:1774015ms step_avg:496.92ms
step:3581/5100 train_loss:3.3557 train_time:1774517ms step_avg:496.92ms
step:3582/5100 train_loss:3.3329 train_time:1775008ms step_avg:496.92ms
step:3583/5100 train_loss:3.2812 train_time:1775534ms step_avg:496.93ms
step:3584/5100 train_loss:3.3608 train_time:1775998ms step_avg:496.92ms
step:3585/5100 train_loss:3.4976 train_time:1776493ms step_avg:496.92ms
step:3586/5100 train_loss:3.3824 train_time:1776982ms step_avg:496.92ms
step:3587/5100 train_loss:3.3580 train_time:1777476ms step_avg:496.92ms
step:3588/5100 train_loss:3.3563 train_time:1777969ms step_avg:496.92ms
step:3589/5100 train_loss:3.3587 train_time:1778460ms step_avg:496.92ms
step:3590/5100 train_loss:3.5109 train_time:1778955ms step_avg:496.91ms
step:3591/5100 train_loss:3.7127 train_time:1779449ms step_avg:496.91ms
step:3592/5100 train_loss:3.4726 train_time:1780062ms step_avg:496.95ms
step:3593/5100 train_loss:3.5171 train_time:1780555ms step_avg:496.95ms
step:3594/5100 train_loss:3.4211 train_time:1781052ms step_avg:496.95ms
step:3595/5100 train_loss:3.4602 train_time:1781546ms step_avg:496.94ms
step:3596/5100 train_loss:3.1974 train_time:1782039ms step_avg:496.94ms
step:3597/5100 train_loss:3.3701 train_time:1782533ms step_avg:496.94ms
step:3598/5100 train_loss:3.7264 train_time:1783028ms step_avg:496.94ms
step:3599/5100 train_loss:3.4235 train_time:1783527ms step_avg:496.94ms
step:3600/5100 train_loss:3.2296 train_time:1784013ms step_avg:496.94ms
step:3601/5100 train_loss:3.4207 train_time:1784507ms step_avg:496.94ms
step:3602/5100 train_loss:3.5432 train_time:1785007ms step_avg:496.94ms
step:3603/5100 train_loss:3.4531 train_time:1785496ms step_avg:496.94ms
step:3604/5100 train_loss:3.4309 train_time:1785992ms step_avg:496.94ms
step:3605/5100 train_loss:3.7078 train_time:1786484ms step_avg:496.94ms
step:3606/5100 train_loss:3.3112 train_time:1786985ms step_avg:496.94ms
step:3607/5100 train_loss:3.2940 train_time:1787480ms step_avg:496.94ms
step:3608/5100 train_loss:3.8358 train_time:1787968ms step_avg:496.93ms
step:3609/5100 train_loss:3.3348 train_time:1788462ms step_avg:496.93ms
step:3610/5100 train_loss:3.3377 train_time:1789479ms step_avg:497.08ms
step:3611/5100 train_loss:3.2427 train_time:1789969ms step_avg:497.08ms
step:3612/5100 train_loss:3.3890 train_time:1790462ms step_avg:497.07ms
step:3613/5100 train_loss:3.5214 train_time:1790958ms step_avg:497.07ms
step:3614/5100 train_loss:3.4312 train_time:1791451ms step_avg:497.07ms
step:3615/5100 train_loss:3.9309 train_time:1791947ms step_avg:497.07ms
step:3616/5100 train_loss:3.2480 train_time:1792445ms step_avg:497.07ms
step:3617/5100 train_loss:3.3758 train_time:1792933ms step_avg:497.07ms
step:3618/5100 train_loss:3.3091 train_time:1793427ms step_avg:497.07ms
step:3619/5100 train_loss:3.5984 train_time:1793923ms step_avg:497.07ms
step:3620/5100 train_loss:3.4437 train_time:1794417ms step_avg:497.07ms
step:3621/5100 train_loss:3.2879 train_time:1794911ms step_avg:497.07ms
step:3622/5100 train_loss:3.3912 train_time:1795401ms step_avg:497.07ms
step:3623/5100 train_loss:3.4020 train_time:1795900ms step_avg:497.07ms
step:3624/5100 train_loss:3.2963 train_time:1796394ms step_avg:497.07ms
step:3625/5100 train_loss:3.4794 train_time:1796890ms step_avg:497.06ms
step:3625/5100 val_loss:3.4104 train_time:1797196ms step_avg:497.15ms
step:3626/5100 train_loss:3.6068 train_time:1797383ms step_avg:497.06ms
step:3627/5100 train_loss:3.5727 train_time:1797874ms step_avg:497.06ms
step:3628/5100 train_loss:3.3245 train_time:1798366ms step_avg:497.06ms
step:3629/5100 train_loss:3.1999 train_time:1798861ms step_avg:497.06ms
step:3630/5100 train_loss:3.4716 train_time:1799357ms step_avg:497.06ms
step:3631/5100 train_loss:3.3003 train_time:1799851ms step_avg:497.06ms
step:3632/5100 train_loss:3.6005 train_time:1800347ms step_avg:497.06ms
step:3633/5100 train_loss:3.3939 train_time:1800861ms step_avg:497.06ms
step:3634/5100 train_loss:3.4277 train_time:1801357ms step_avg:497.06ms
step:3635/5100 train_loss:3.2898 train_time:1801854ms step_avg:497.06ms
step:3636/5100 train_loss:3.3676 train_time:1802402ms step_avg:497.08ms
step:3637/5100 train_loss:3.4305 train_time:1802837ms step_avg:497.06ms
step:3638/5100 train_loss:3.3590 train_time:1803330ms step_avg:497.06ms
step:3639/5100 train_loss:3.4739 train_time:1803823ms step_avg:497.06ms
step:3640/5100 train_loss:3.4577 train_time:1804318ms step_avg:497.06ms
step:3641/5100 train_loss:3.3452 train_time:1804809ms step_avg:497.06ms
step:3642/5100 train_loss:3.3391 train_time:1805325ms step_avg:497.06ms
step:3643/5100 train_loss:3.4144 train_time:1805802ms step_avg:497.06ms
step:3644/5100 train_loss:3.4827 train_time:1806296ms step_avg:497.05ms
step:3645/5100 train_loss:3.2970 train_time:1806796ms step_avg:497.06ms
step:3646/5100 train_loss:3.5110 train_time:1807280ms step_avg:497.05ms
step:3647/5100 train_loss:3.3548 train_time:1807810ms step_avg:497.06ms
step:3648/5100 train_loss:3.4311 train_time:1808302ms step_avg:497.06ms
step:3649/5100 train_loss:3.5440 train_time:1808742ms step_avg:497.04ms
step:3650/5100 train_loss:3.4341 train_time:1809236ms step_avg:497.04ms
step:3651/5100 train_loss:3.5450 train_time:1809750ms step_avg:497.05ms
step:3652/5100 train_loss:3.6359 train_time:1810237ms step_avg:497.04ms
step:3653/5100 train_loss:3.3122 train_time:1810715ms step_avg:497.04ms
step:3654/5100 train_loss:3.4557 train_time:1811208ms step_avg:497.04ms
step:3655/5100 train_loss:3.5281 train_time:1811702ms step_avg:497.04ms
step:3656/5100 train_loss:3.3505 train_time:1812196ms step_avg:497.04ms
step:3657/5100 train_loss:3.5873 train_time:1812689ms step_avg:497.04ms
step:3658/5100 train_loss:3.4426 train_time:1813182ms step_avg:497.03ms
step:3659/5100 train_loss:3.4046 train_time:1813675ms step_avg:497.03ms
step:3660/5100 train_loss:3.3366 train_time:1814200ms step_avg:497.04ms
step:3661/5100 train_loss:3.4392 train_time:1814680ms step_avg:497.04ms
step:3662/5100 train_loss:3.3640 train_time:1815193ms step_avg:497.04ms
step:3663/5100 train_loss:3.6066 train_time:1815653ms step_avg:497.03ms
step:3664/5100 train_loss:3.4816 train_time:1816143ms step_avg:497.03ms
step:3665/5100 train_loss:3.3549 train_time:1816658ms step_avg:497.03ms
step:3666/5100 train_loss:3.2495 train_time:1817133ms step_avg:497.03ms
step:3667/5100 train_loss:3.5914 train_time:1817633ms step_avg:497.03ms
step:3668/5100 train_loss:3.3184 train_time:1818124ms step_avg:497.03ms
step:3669/5100 train_loss:3.5032 train_time:1818618ms step_avg:497.03ms
step:3670/5100 train_loss:3.3995 train_time:1819149ms step_avg:497.04ms
step:3671/5100 train_loss:3.5670 train_time:1819603ms step_avg:497.02ms
step:3672/5100 train_loss:3.5346 train_time:1820129ms step_avg:497.03ms
step:3673/5100 train_loss:3.3454 train_time:1820594ms step_avg:497.02ms
step:3674/5100 train_loss:3.2468 train_time:1821086ms step_avg:497.02ms
step:3675/5100 train_loss:3.3530 train_time:1821585ms step_avg:497.02ms
step:3676/5100 train_loss:3.4543 train_time:1822077ms step_avg:497.02ms
step:3677/5100 train_loss:3.3428 train_time:1822571ms step_avg:497.02ms
step:3678/5100 train_loss:3.4986 train_time:1823064ms step_avg:497.02ms
step:3679/5100 train_loss:3.3712 train_time:1823571ms step_avg:497.02ms
step:3680/5100 train_loss:3.2713 train_time:1824046ms step_avg:497.02ms
step:3681/5100 train_loss:3.3697 train_time:1824538ms step_avg:497.01ms
step:3682/5100 train_loss:3.5395 train_time:1825051ms step_avg:497.02ms
step:3683/5100 train_loss:3.6698 train_time:1825526ms step_avg:497.01ms
step:3684/5100 train_loss:3.3514 train_time:1826022ms step_avg:497.01ms
step:3685/5100 train_loss:3.5494 train_time:1826516ms step_avg:497.01ms
step:3686/5100 train_loss:3.6249 train_time:1827012ms step_avg:497.01ms
step:3687/5100 train_loss:3.1972 train_time:1827502ms step_avg:497.01ms
step:3688/5100 train_loss:3.6183 train_time:1827997ms step_avg:497.01ms
step:3689/5100 train_loss:3.2631 train_time:1828488ms step_avg:497.01ms
step:3690/5100 train_loss:3.3991 train_time:1828981ms step_avg:497.01ms
step:3691/5100 train_loss:3.3447 train_time:1829475ms step_avg:497.00ms
step:3692/5100 train_loss:3.2274 train_time:1829970ms step_avg:497.00ms
step:3693/5100 train_loss:3.3835 train_time:1830466ms step_avg:497.00ms
step:3694/5100 train_loss:3.4298 train_time:1830958ms step_avg:497.00ms
step:3695/5100 train_loss:3.4287 train_time:1831451ms step_avg:497.00ms
step:3696/5100 train_loss:3.5817 train_time:1831945ms step_avg:497.00ms
step:3697/5100 train_loss:3.1643 train_time:1832440ms step_avg:497.00ms
step:3698/5100 train_loss:3.3955 train_time:1832934ms step_avg:497.00ms
step:3699/5100 train_loss:3.5296 train_time:1833425ms step_avg:497.00ms
step:3700/5100 train_loss:3.4732 train_time:1833918ms step_avg:497.00ms
step:3701/5100 train_loss:3.5014 train_time:1834411ms step_avg:497.00ms
step:3702/5100 train_loss:3.4810 train_time:1834905ms step_avg:496.99ms
step:3703/5100 train_loss:3.4348 train_time:1835401ms step_avg:496.99ms
step:3704/5100 train_loss:3.2224 train_time:1835895ms step_avg:496.99ms
step:3705/5100 train_loss:3.5314 train_time:1836390ms step_avg:496.99ms
step:3706/5100 train_loss:3.6720 train_time:1836883ms step_avg:496.99ms
step:3707/5100 train_loss:3.6209 train_time:1837375ms step_avg:496.99ms
step:3708/5100 train_loss:3.4587 train_time:1837868ms step_avg:496.99ms
step:3709/5100 train_loss:3.3934 train_time:1838361ms step_avg:496.99ms
step:3710/5100 train_loss:3.6611 train_time:1838855ms step_avg:496.99ms
step:3711/5100 train_loss:3.1829 train_time:1839348ms step_avg:496.99ms
step:3712/5100 train_loss:3.5542 train_time:1839842ms step_avg:496.99ms
step:3713/5100 train_loss:3.3286 train_time:1840336ms step_avg:496.99ms
step:3714/5100 train_loss:3.4554 train_time:1840829ms step_avg:496.98ms
step:3715/5100 train_loss:3.9516 train_time:1841323ms step_avg:496.98ms
step:3716/5100 train_loss:3.8168 train_time:1841817ms step_avg:496.98ms
step:3717/5100 train_loss:3.7056 train_time:1842310ms step_avg:496.98ms
step:3718/5100 train_loss:3.3925 train_time:1842803ms step_avg:496.98ms
step:3719/5100 train_loss:3.1979 train_time:1843300ms step_avg:496.98ms
step:3720/5100 train_loss:3.5851 train_time:1843791ms step_avg:496.98ms
step:3721/5100 train_loss:3.2158 train_time:1844284ms step_avg:496.98ms
step:3722/5100 train_loss:3.4817 train_time:1844779ms step_avg:496.98ms
step:3723/5100 train_loss:3.3557 train_time:1845279ms step_avg:496.98ms
step:3724/5100 train_loss:3.3136 train_time:1845773ms step_avg:496.98ms
step:3725/5100 train_loss:3.5608 train_time:1846260ms step_avg:496.97ms
step:3726/5100 train_loss:3.3658 train_time:1846809ms step_avg:496.99ms
step:3727/5100 train_loss:3.6279 train_time:1847247ms step_avg:496.97ms
step:3728/5100 train_loss:3.3718 train_time:1847741ms step_avg:496.97ms
step:3729/5100 train_loss:3.3292 train_time:1848239ms step_avg:496.97ms
step:3730/5100 train_loss:3.5315 train_time:1848730ms step_avg:496.97ms
step:3731/5100 train_loss:3.5367 train_time:1849261ms step_avg:496.98ms
step:3732/5100 train_loss:3.3209 train_time:1849717ms step_avg:496.97ms
step:3733/5100 train_loss:3.2632 train_time:1850208ms step_avg:496.97ms
step:3734/5100 train_loss:3.4457 train_time:1850709ms step_avg:496.97ms
step:3735/5100 train_loss:3.2865 train_time:1851196ms step_avg:496.97ms
step:3736/5100 train_loss:3.2956 train_time:1851692ms step_avg:496.97ms
step:3737/5100 train_loss:3.3907 train_time:1852185ms step_avg:496.96ms
step:3738/5100 train_loss:3.4940 train_time:1852677ms step_avg:496.96ms
step:3739/5100 train_loss:3.2736 train_time:1853173ms step_avg:496.96ms
step:3740/5100 train_loss:3.3692 train_time:1853675ms step_avg:496.96ms
step:3741/5100 train_loss:3.5316 train_time:1854166ms step_avg:496.96ms
step:3742/5100 train_loss:3.4050 train_time:1854659ms step_avg:496.96ms
step:3743/5100 train_loss:3.4219 train_time:1855209ms step_avg:496.98ms
step:3744/5100 train_loss:3.5297 train_time:1855648ms step_avg:496.96ms
step:3745/5100 train_loss:3.3534 train_time:1856141ms step_avg:496.96ms
step:3746/5100 train_loss:3.2749 train_time:1856636ms step_avg:496.96ms
step:3747/5100 train_loss:3.4449 train_time:1857130ms step_avg:496.96ms
step:3748/5100 train_loss:3.3507 train_time:1857628ms step_avg:496.96ms
step:3749/5100 train_loss:3.2623 train_time:1858117ms step_avg:496.96ms
step:3750/5100 train_loss:3.4645 train_time:1858614ms step_avg:496.96ms
step:3750/5100 val_loss:3.4000 train_time:1858917ms step_avg:497.04ms
step:3751/5100 train_loss:3.4308 train_time:1859103ms step_avg:496.95ms
step:3752/5100 train_loss:3.6041 train_time:1859598ms step_avg:496.95ms
step:3753/5100 train_loss:3.2629 train_time:1860089ms step_avg:496.95ms
step:3754/5100 train_loss:3.4086 train_time:1860587ms step_avg:496.95ms
step:3755/5100 train_loss:3.4774 train_time:1861076ms step_avg:496.95ms
step:3756/5100 train_loss:3.5745 train_time:1861570ms step_avg:496.95ms
step:3757/5100 train_loss:3.4689 train_time:1862063ms step_avg:496.95ms
step:3758/5100 train_loss:3.3217 train_time:1862560ms step_avg:496.95ms
step:3759/5100 train_loss:3.5863 train_time:1863053ms step_avg:496.95ms
step:3760/5100 train_loss:3.5617 train_time:1863545ms step_avg:496.95ms
step:3761/5100 train_loss:3.1848 train_time:1864041ms step_avg:496.95ms
step:3762/5100 train_loss:3.3763 train_time:1864531ms step_avg:496.94ms
step:3763/5100 train_loss:3.3266 train_time:1865026ms step_avg:496.94ms
step:3764/5100 train_loss:3.5237 train_time:1865520ms step_avg:496.94ms
step:3765/5100 train_loss:3.3484 train_time:1866012ms step_avg:496.94ms
step:3766/5100 train_loss:3.4083 train_time:1866507ms step_avg:496.94ms
step:3767/5100 train_loss:3.3917 train_time:1866999ms step_avg:496.94ms
step:3768/5100 train_loss:3.3195 train_time:1867492ms step_avg:496.94ms
step:3769/5100 train_loss:3.5002 train_time:1867986ms step_avg:496.94ms
step:3770/5100 train_loss:3.3142 train_time:1868486ms step_avg:496.94ms
step:3771/5100 train_loss:3.2485 train_time:1868972ms step_avg:496.93ms
step:3772/5100 train_loss:3.4198 train_time:1869466ms step_avg:496.93ms
step:3773/5100 train_loss:3.3877 train_time:1869960ms step_avg:496.93ms
step:3774/5100 train_loss:3.3542 train_time:1870491ms step_avg:496.94ms
step:3775/5100 train_loss:3.4498 train_time:1870955ms step_avg:496.93ms
step:3776/5100 train_loss:3.6231 train_time:1871442ms step_avg:496.93ms
step:3777/5100 train_loss:3.4477 train_time:1871952ms step_avg:496.93ms
step:3778/5100 train_loss:3.5093 train_time:1872434ms step_avg:496.93ms
step:3779/5100 train_loss:3.5397 train_time:1872932ms step_avg:496.93ms
step:3780/5100 train_loss:3.4362 train_time:1873421ms step_avg:496.93ms
step:3781/5100 train_loss:3.3891 train_time:1873919ms step_avg:496.93ms
step:3782/5100 train_loss:3.4669 train_time:1874407ms step_avg:496.93ms
step:3783/5100 train_loss:3.4586 train_time:1874902ms step_avg:496.93ms
step:3784/5100 train_loss:3.4675 train_time:1875394ms step_avg:496.92ms
step:3785/5100 train_loss:3.2474 train_time:1875898ms step_avg:496.93ms
step:3786/5100 train_loss:3.2534 train_time:1876382ms step_avg:496.92ms
step:3787/5100 train_loss:3.4391 train_time:1876877ms step_avg:496.92ms
step:3788/5100 train_loss:3.3843 train_time:1877369ms step_avg:496.92ms
step:3789/5100 train_loss:3.2884 train_time:1877864ms step_avg:496.92ms
step:3790/5100 train_loss:3.3733 train_time:1878356ms step_avg:496.92ms
step:3791/5100 train_loss:3.3025 train_time:1878851ms step_avg:496.92ms
step:3792/5100 train_loss:3.4582 train_time:1879352ms step_avg:496.92ms
step:3793/5100 train_loss:3.4809 train_time:1879838ms step_avg:496.92ms
step:3794/5100 train_loss:3.3854 train_time:1880332ms step_avg:496.92ms
step:3795/5100 train_loss:3.2852 train_time:1880827ms step_avg:496.92ms
step:3796/5100 train_loss:3.1714 train_time:1881321ms step_avg:496.92ms
step:3797/5100 train_loss:3.3405 train_time:1881815ms step_avg:496.91ms
step:3798/5100 train_loss:3.3060 train_time:1882309ms step_avg:496.91ms
step:3799/5100 train_loss:3.3906 train_time:1882803ms step_avg:496.91ms
step:3800/5100 train_loss:3.4086 train_time:1883369ms step_avg:496.93ms
step:3801/5100 train_loss:3.2534 train_time:1883857ms step_avg:496.93ms
step:3802/5100 train_loss:3.2872 train_time:1884355ms step_avg:496.93ms
step:3803/5100 train_loss:3.5005 train_time:1884846ms step_avg:496.93ms
step:3804/5100 train_loss:3.5022 train_time:1885340ms step_avg:496.93ms
step:3805/5100 train_loss:3.3328 train_time:1885832ms step_avg:496.93ms
step:3806/5100 train_loss:3.5114 train_time:1886325ms step_avg:496.92ms
step:3807/5100 train_loss:3.5490 train_time:1886817ms step_avg:496.92ms
step:3808/5100 train_loss:3.4028 train_time:1887321ms step_avg:496.92ms
step:3809/5100 train_loss:3.2795 train_time:1887814ms step_avg:496.92ms
step:3810/5100 train_loss:3.3713 train_time:1888313ms step_avg:496.92ms
step:3811/5100 train_loss:3.4573 train_time:1888802ms step_avg:496.92ms
step:3812/5100 train_loss:3.2685 train_time:1889299ms step_avg:496.92ms
step:3813/5100 train_loss:3.5886 train_time:1889797ms step_avg:496.92ms
step:3814/5100 train_loss:3.4149 train_time:1890286ms step_avg:496.92ms
step:3815/5100 train_loss:3.2774 train_time:1890818ms step_avg:496.93ms
step:3816/5100 train_loss:3.6671 train_time:1891275ms step_avg:496.92ms
step:3817/5100 train_loss:3.4770 train_time:1891766ms step_avg:496.92ms
step:3818/5100 train_loss:3.4819 train_time:1892262ms step_avg:496.92ms
step:3819/5100 train_loss:3.2970 train_time:1892757ms step_avg:496.92ms
step:3820/5100 train_loss:3.3628 train_time:1893246ms step_avg:496.91ms
step:3821/5100 train_loss:3.3360 train_time:1893742ms step_avg:496.91ms
step:3822/5100 train_loss:3.4605 train_time:1894232ms step_avg:496.91ms
step:3823/5100 train_loss:3.2503 train_time:1894725ms step_avg:496.91ms
step:3824/5100 train_loss:3.3703 train_time:1895220ms step_avg:496.91ms
step:3825/5100 train_loss:3.3736 train_time:1895713ms step_avg:496.91ms
step:3826/5100 train_loss:3.5809 train_time:1896212ms step_avg:496.91ms
step:3827/5100 train_loss:3.4376 train_time:1896705ms step_avg:496.91ms
step:3828/5100 train_loss:4.0083 train_time:1897197ms step_avg:496.91ms
step:3829/5100 train_loss:3.4615 train_time:1897692ms step_avg:496.91ms
step:3830/5100 train_loss:3.3462 train_time:1898184ms step_avg:496.91ms
step:3831/5100 train_loss:3.3789 train_time:1898678ms step_avg:496.91ms
step:3832/5100 train_loss:3.6308 train_time:1899171ms step_avg:496.91ms
step:3833/5100 train_loss:3.3052 train_time:1899663ms step_avg:496.90ms
step:3834/5100 train_loss:3.4308 train_time:1900157ms step_avg:496.90ms
step:3835/5100 train_loss:3.3464 train_time:1900656ms step_avg:496.90ms
step:3836/5100 train_loss:3.1150 train_time:1901184ms step_avg:496.91ms
step:3837/5100 train_loss:3.5833 train_time:1901644ms step_avg:496.90ms
step:3838/5100 train_loss:3.4664 train_time:1902137ms step_avg:496.90ms
step:3839/5100 train_loss:3.3862 train_time:1902627ms step_avg:496.90ms
step:3840/5100 train_loss:3.4816 train_time:1903126ms step_avg:496.90ms
step:3841/5100 train_loss:3.5077 train_time:1903617ms step_avg:496.90ms
step:3842/5100 train_loss:3.3508 train_time:1904108ms step_avg:496.90ms
step:3843/5100 train_loss:3.3077 train_time:1904623ms step_avg:496.90ms
step:3844/5100 train_loss:3.6038 train_time:1905098ms step_avg:496.90ms
step:3845/5100 train_loss:3.3572 train_time:1905591ms step_avg:496.89ms
step:3846/5100 train_loss:3.1661 train_time:1906094ms step_avg:496.90ms
step:3847/5100 train_loss:3.5269 train_time:1906579ms step_avg:496.89ms
step:3848/5100 train_loss:3.3282 train_time:1907086ms step_avg:496.90ms
step:3849/5100 train_loss:3.4083 train_time:1907584ms step_avg:496.90ms
step:3850/5100 train_loss:3.3998 train_time:1908072ms step_avg:496.89ms
step:3851/5100 train_loss:3.3305 train_time:1908569ms step_avg:496.89ms
step:3852/5100 train_loss:3.4569 train_time:1909061ms step_avg:496.89ms
step:3853/5100 train_loss:3.1963 train_time:1909557ms step_avg:496.89ms
step:3854/5100 train_loss:3.1696 train_time:1910051ms step_avg:496.89ms
step:3855/5100 train_loss:3.4037 train_time:1910545ms step_avg:496.89ms
step:3856/5100 train_loss:3.3913 train_time:1911037ms step_avg:496.89ms
step:3857/5100 train_loss:3.3288 train_time:1911535ms step_avg:496.89ms
step:3858/5100 train_loss:3.3952 train_time:1912030ms step_avg:496.89ms
step:3859/5100 train_loss:3.3583 train_time:1912522ms step_avg:496.89ms
step:3860/5100 train_loss:3.5404 train_time:1913015ms step_avg:496.89ms
step:3861/5100 train_loss:3.6509 train_time:1913509ms step_avg:496.89ms
step:3862/5100 train_loss:3.4674 train_time:1914004ms step_avg:496.89ms
step:3863/5100 train_loss:3.4618 train_time:1914498ms step_avg:496.89ms
step:3864/5100 train_loss:3.4671 train_time:1914991ms step_avg:496.88ms
step:3865/5100 train_loss:3.4342 train_time:1915485ms step_avg:496.88ms
step:3866/5100 train_loss:3.5091 train_time:1915979ms step_avg:496.88ms
step:3867/5100 train_loss:3.3435 train_time:1916471ms step_avg:496.88ms
step:3868/5100 train_loss:3.4998 train_time:1916971ms step_avg:496.88ms
step:3869/5100 train_loss:3.7150 train_time:1917460ms step_avg:496.88ms
step:3870/5100 train_loss:3.5237 train_time:1917955ms step_avg:496.88ms
step:3871/5100 train_loss:3.3774 train_time:1918448ms step_avg:496.88ms
step:3872/5100 train_loss:3.4961 train_time:1918941ms step_avg:496.88ms
step:3873/5100 train_loss:3.4067 train_time:1919452ms step_avg:496.88ms
step:3874/5100 train_loss:3.5472 train_time:1919928ms step_avg:496.88ms
step:3875/5100 train_loss:3.4242 train_time:1920422ms step_avg:496.88ms
step:3875/5100 val_loss:3.3862 train_time:1920729ms step_avg:496.95ms
step:3876/5100 train_loss:3.4696 train_time:1920922ms step_avg:496.88ms
step:3877/5100 train_loss:3.4155 train_time:1921415ms step_avg:496.87ms
step:3878/5100 train_loss:3.4567 train_time:1921901ms step_avg:496.87ms
step:3879/5100 train_loss:3.3723 train_time:1922396ms step_avg:496.87ms
step:3880/5100 train_loss:3.3239 train_time:1922889ms step_avg:496.87ms
step:3881/5100 train_loss:3.3591 train_time:1923387ms step_avg:496.87ms
step:3882/5100 train_loss:3.3362 train_time:1923874ms step_avg:496.87ms
step:3883/5100 train_loss:3.3165 train_time:1924368ms step_avg:496.87ms
step:3884/5100 train_loss:3.3035 train_time:1924865ms step_avg:496.87ms
step:3885/5100 train_loss:3.2873 train_time:1925375ms step_avg:496.87ms
step:3886/5100 train_loss:3.2714 train_time:1925851ms step_avg:496.87ms
step:3887/5100 train_loss:3.3610 train_time:1926342ms step_avg:496.86ms
step:3888/5100 train_loss:3.3740 train_time:1926840ms step_avg:496.86ms
step:3889/5100 train_loss:3.4220 train_time:1927331ms step_avg:496.86ms
step:3890/5100 train_loss:3.2313 train_time:1927828ms step_avg:496.86ms
step:3891/5100 train_loss:3.4756 train_time:1928319ms step_avg:496.86ms
step:3892/5100 train_loss:3.4057 train_time:1928818ms step_avg:496.86ms
step:3893/5100 train_loss:3.8133 train_time:1929314ms step_avg:496.86ms
step:3894/5100 train_loss:3.2920 train_time:1929806ms step_avg:496.86ms
step:3895/5100 train_loss:3.4316 train_time:1930293ms step_avg:496.86ms
step:3896/5100 train_loss:3.5657 train_time:1930789ms step_avg:496.86ms
step:3897/5100 train_loss:3.9427 train_time:1931287ms step_avg:496.86ms
step:3898/5100 train_loss:3.1657 train_time:1931781ms step_avg:496.86ms
step:3899/5100 train_loss:3.4349 train_time:1932278ms step_avg:496.86ms
step:3900/5100 train_loss:3.5772 train_time:1932764ms step_avg:496.85ms
step:3901/5100 train_loss:3.4636 train_time:1933273ms step_avg:496.86ms
step:3902/5100 train_loss:3.5673 train_time:1933749ms step_avg:496.85ms
step:3903/5100 train_loss:3.3819 train_time:1934247ms step_avg:496.85ms
step:3904/5100 train_loss:3.3569 train_time:1934739ms step_avg:496.85ms
step:3905/5100 train_loss:3.3230 train_time:1935234ms step_avg:496.85ms
step:3906/5100 train_loss:3.3533 train_time:1935757ms step_avg:496.86ms
step:3907/5100 train_loss:3.4949 train_time:1936249ms step_avg:496.86ms
step:3908/5100 train_loss:3.4482 train_time:1936749ms step_avg:496.86ms
step:3909/5100 train_loss:3.4336 train_time:1937251ms step_avg:496.86ms
step:3910/5100 train_loss:3.3848 train_time:1937730ms step_avg:496.85ms
step:3911/5100 train_loss:3.3129 train_time:1938226ms step_avg:496.85ms
step:3912/5100 train_loss:3.3222 train_time:1938719ms step_avg:496.85ms
step:3913/5100 train_loss:3.3482 train_time:1939214ms step_avg:496.85ms
step:3914/5100 train_loss:3.6193 train_time:1939704ms step_avg:496.85ms
step:3915/5100 train_loss:3.3301 train_time:1940204ms step_avg:496.85ms
step:3916/5100 train_loss:3.2408 train_time:1940694ms step_avg:496.85ms
step:3917/5100 train_loss:3.2675 train_time:1941188ms step_avg:496.85ms
step:3918/5100 train_loss:3.4251 train_time:1941682ms step_avg:496.85ms
step:3919/5100 train_loss:3.6762 train_time:1942170ms step_avg:496.85ms
step:3920/5100 train_loss:3.3279 train_time:1942669ms step_avg:496.85ms
step:3921/5100 train_loss:3.2558 train_time:1943163ms step_avg:496.85ms
step:3922/5100 train_loss:3.4614 train_time:1943657ms step_avg:496.84ms
step:3923/5100 train_loss:3.3484 train_time:1944149ms step_avg:496.84ms
step:3924/5100 train_loss:3.4130 train_time:1944649ms step_avg:496.84ms
step:3925/5100 train_loss:3.4660 train_time:1945148ms step_avg:496.84ms
step:3926/5100 train_loss:3.4964 train_time:1945614ms step_avg:496.84ms
step:3927/5100 train_loss:3.3609 train_time:1946106ms step_avg:496.84ms
step:3928/5100 train_loss:3.4505 train_time:1946601ms step_avg:496.84ms
step:3929/5100 train_loss:3.3482 train_time:1947095ms step_avg:496.83ms
step:3930/5100 train_loss:3.6665 train_time:1947594ms step_avg:496.84ms
step:3931/5100 train_loss:3.4262 train_time:1948084ms step_avg:496.83ms
step:3932/5100 train_loss:3.4894 train_time:1948611ms step_avg:496.84ms
step:3933/5100 train_loss:3.3999 train_time:1949070ms step_avg:496.83ms
step:3934/5100 train_loss:3.4138 train_time:1949568ms step_avg:496.83ms
step:3935/5100 train_loss:3.4595 train_time:1950055ms step_avg:496.83ms
step:3936/5100 train_loss:3.5111 train_time:1950558ms step_avg:496.83ms
step:3937/5100 train_loss:3.4540 train_time:1951044ms step_avg:496.83ms
step:3938/5100 train_loss:3.4900 train_time:1951538ms step_avg:496.83ms
step:3939/5100 train_loss:3.3916 train_time:1952033ms step_avg:496.83ms
step:3940/5100 train_loss:3.3286 train_time:1952526ms step_avg:496.83ms
step:3941/5100 train_loss:3.3195 train_time:1953022ms step_avg:496.83ms
step:3942/5100 train_loss:3.4535 train_time:1953516ms step_avg:496.83ms
step:3943/5100 train_loss:3.6484 train_time:1954017ms step_avg:496.83ms
step:3944/5100 train_loss:3.4558 train_time:1954505ms step_avg:496.82ms
step:3945/5100 train_loss:3.1402 train_time:1954999ms step_avg:496.82ms
step:3946/5100 train_loss:3.4243 train_time:1955497ms step_avg:496.82ms
step:3947/5100 train_loss:3.2442 train_time:1955991ms step_avg:496.82ms
step:3948/5100 train_loss:3.3337 train_time:1956482ms step_avg:496.82ms
step:3949/5100 train_loss:3.2464 train_time:1956975ms step_avg:496.82ms
step:3950/5100 train_loss:3.4508 train_time:1957470ms step_avg:496.82ms
step:3951/5100 train_loss:3.4080 train_time:1957965ms step_avg:496.82ms
step:3952/5100 train_loss:3.1099 train_time:1958458ms step_avg:496.82ms
step:3953/5100 train_loss:3.2503 train_time:1958951ms step_avg:496.82ms
step:3954/5100 train_loss:3.4580 train_time:1959449ms step_avg:496.82ms
step:3955/5100 train_loss:3.3579 train_time:1959968ms step_avg:496.82ms
step:3956/5100 train_loss:3.2937 train_time:1960459ms step_avg:496.82ms
step:3957/5100 train_loss:3.3373 train_time:1960951ms step_avg:496.82ms
step:3958/5100 train_loss:3.0769 train_time:1961423ms step_avg:496.81ms
step:3959/5100 train_loss:3.4041 train_time:1961914ms step_avg:496.81ms
step:3960/5100 train_loss:3.4793 train_time:1962462ms step_avg:496.83ms
step:3961/5100 train_loss:3.3193 train_time:1962904ms step_avg:496.81ms
step:3962/5100 train_loss:3.4381 train_time:1963397ms step_avg:496.81ms
step:3963/5100 train_loss:3.5093 train_time:1963903ms step_avg:496.81ms
step:3964/5100 train_loss:3.4318 train_time:1964398ms step_avg:496.81ms
step:3965/5100 train_loss:3.2694 train_time:1964892ms step_avg:496.81ms
step:3966/5100 train_loss:3.4443 train_time:1965386ms step_avg:496.81ms
step:3967/5100 train_loss:3.4684 train_time:1965878ms step_avg:496.81ms
step:3968/5100 train_loss:3.3030 train_time:1966372ms step_avg:496.81ms
step:3969/5100 train_loss:3.4187 train_time:1966883ms step_avg:496.81ms
step:3970/5100 train_loss:3.3533 train_time:1967482ms step_avg:496.84ms
step:3971/5100 train_loss:3.5844 train_time:1967974ms step_avg:496.84ms
step:3972/5100 train_loss:3.4095 train_time:1968467ms step_avg:496.84ms
step:3973/5100 train_loss:3.4823 train_time:1968963ms step_avg:496.84ms
step:3974/5100 train_loss:3.4457 train_time:1969458ms step_avg:496.84ms
step:3975/5100 train_loss:3.3730 train_time:1969957ms step_avg:496.84ms
step:3976/5100 train_loss:3.5001 train_time:1970453ms step_avg:496.84ms
step:3977/5100 train_loss:3.2754 train_time:1970939ms step_avg:496.83ms
step:3978/5100 train_loss:3.4180 train_time:1971432ms step_avg:496.83ms
step:3979/5100 train_loss:3.5103 train_time:1971927ms step_avg:496.83ms
step:3980/5100 train_loss:3.4030 train_time:1972428ms step_avg:496.83ms
step:3981/5100 train_loss:3.4205 train_time:1972922ms step_avg:496.83ms
step:3982/5100 train_loss:3.8154 train_time:1973414ms step_avg:496.83ms
step:3983/5100 train_loss:3.3131 train_time:1973908ms step_avg:496.83ms
step:3984/5100 train_loss:3.4115 train_time:1974402ms step_avg:496.83ms
step:3985/5100 train_loss:3.3582 train_time:1974895ms step_avg:496.83ms
step:3986/5100 train_loss:3.4642 train_time:1975395ms step_avg:496.83ms
step:3987/5100 train_loss:3.3345 train_time:1975884ms step_avg:496.83ms
step:3988/5100 train_loss:3.4189 train_time:1976379ms step_avg:496.83ms
step:3989/5100 train_loss:2.6103 train_time:1976871ms step_avg:496.83ms
step:3990/5100 train_loss:3.3483 train_time:1978092ms step_avg:497.01ms
step:3991/5100 train_loss:3.3770 train_time:1978587ms step_avg:497.01ms
step:3992/5100 train_loss:3.2643 train_time:1979081ms step_avg:497.01ms
step:3993/5100 train_loss:3.3838 train_time:1979577ms step_avg:497.01ms
step:3994/5100 train_loss:3.6232 train_time:1980073ms step_avg:497.01ms
step:3995/5100 train_loss:3.1961 train_time:1980564ms step_avg:497.00ms
step:3996/5100 train_loss:3.2597 train_time:1981056ms step_avg:497.00ms
step:3997/5100 train_loss:3.4178 train_time:1981575ms step_avg:497.01ms
step:3998/5100 train_loss:3.3156 train_time:1982067ms step_avg:497.01ms
step:3999/5100 train_loss:3.2628 train_time:1982565ms step_avg:497.01ms
step:4000/5100 train_loss:3.5012 train_time:1983057ms step_avg:497.01ms
step:4000/5100 val_loss:3.3703 train_time:1983337ms step_avg:497.08ms
step:4001/5100 train_loss:3.3961 train_time:1983525ms step_avg:497.00ms
step:4002/5100 train_loss:3.6749 train_time:1984023ms step_avg:497.00ms
step:4003/5100 train_loss:3.2612 train_time:1984510ms step_avg:497.00ms
step:4004/5100 train_loss:3.4110 train_time:1985003ms step_avg:497.00ms
step:4005/5100 train_loss:3.3677 train_time:1985497ms step_avg:497.00ms
step:4006/5100 train_loss:3.3422 train_time:1985990ms step_avg:496.99ms
step:4007/5100 train_loss:3.2693 train_time:1986488ms step_avg:496.99ms
step:4008/5100 train_loss:3.4558 train_time:1986989ms step_avg:497.00ms
step:4009/5100 train_loss:3.3093 train_time:1987477ms step_avg:496.99ms
step:4010/5100 train_loss:3.3718 train_time:1987973ms step_avg:496.99ms
step:4011/5100 train_loss:3.3806 train_time:1988467ms step_avg:496.99ms
step:4012/5100 train_loss:3.1975 train_time:1988958ms step_avg:496.99ms
step:4013/5100 train_loss:3.4615 train_time:1989452ms step_avg:496.99ms
step:4014/5100 train_loss:3.3882 train_time:1989944ms step_avg:496.99ms
step:4015/5100 train_loss:3.3777 train_time:1990439ms step_avg:496.99ms
step:4016/5100 train_loss:3.4441 train_time:1990935ms step_avg:496.99ms
step:4017/5100 train_loss:3.6004 train_time:1991426ms step_avg:496.99ms
step:4018/5100 train_loss:3.2051 train_time:1991956ms step_avg:496.99ms
step:4019/5100 train_loss:3.4682 train_time:1992413ms step_avg:496.98ms
step:4020/5100 train_loss:3.2646 train_time:1992907ms step_avg:496.98ms
step:4021/5100 train_loss:3.5195 train_time:1993400ms step_avg:496.98ms
step:4022/5100 train_loss:3.5901 train_time:1993898ms step_avg:496.98ms
step:4023/5100 train_loss:3.5814 train_time:1994389ms step_avg:496.98ms
step:4024/5100 train_loss:3.4523 train_time:1994884ms step_avg:496.98ms
step:4025/5100 train_loss:3.3567 train_time:1995379ms step_avg:496.98ms
step:4026/5100 train_loss:3.1767 train_time:1995875ms step_avg:496.98ms
step:4027/5100 train_loss:3.4741 train_time:1996371ms step_avg:496.98ms
step:4028/5100 train_loss:3.4231 train_time:1996861ms step_avg:496.98ms
step:4029/5100 train_loss:3.3041 train_time:1997358ms step_avg:496.98ms
step:4030/5100 train_loss:3.2829 train_time:1997848ms step_avg:496.98ms
step:4031/5100 train_loss:3.3444 train_time:1998341ms step_avg:496.98ms
step:4032/5100 train_loss:3.4473 train_time:1998838ms step_avg:496.98ms
step:4033/5100 train_loss:3.4248 train_time:1999329ms step_avg:496.97ms
step:4034/5100 train_loss:3.3793 train_time:1999830ms step_avg:496.98ms
step:4035/5100 train_loss:3.3478 train_time:2000320ms step_avg:496.97ms
step:4036/5100 train_loss:3.2967 train_time:2000812ms step_avg:496.97ms
step:4037/5100 train_loss:3.4390 train_time:2001305ms step_avg:496.97ms
step:4038/5100 train_loss:3.3477 train_time:2001802ms step_avg:496.97ms
step:4039/5100 train_loss:3.3939 train_time:2002293ms step_avg:496.97ms
step:4040/5100 train_loss:3.3290 train_time:2002789ms step_avg:496.97ms
step:4041/5100 train_loss:3.3507 train_time:2003284ms step_avg:496.97ms
step:4042/5100 train_loss:3.5253 train_time:2003778ms step_avg:496.97ms
step:4043/5100 train_loss:3.4136 train_time:2004276ms step_avg:496.97ms
step:4044/5100 train_loss:3.3918 train_time:2004768ms step_avg:496.97ms
step:4045/5100 train_loss:3.5137 train_time:2005265ms step_avg:496.97ms
step:4046/5100 train_loss:3.3274 train_time:2005759ms step_avg:496.97ms
step:4047/5100 train_loss:3.4086 train_time:2006248ms step_avg:496.96ms
step:4048/5100 train_loss:3.5683 train_time:2006744ms step_avg:496.96ms
step:4049/5100 train_loss:3.3486 train_time:2007236ms step_avg:496.96ms
step:4050/5100 train_loss:3.4657 train_time:2007731ms step_avg:496.96ms
step:4051/5100 train_loss:3.1947 train_time:2008247ms step_avg:496.97ms
step:4052/5100 train_loss:3.1946 train_time:2008722ms step_avg:496.96ms
step:4053/5100 train_loss:3.4987 train_time:2009212ms step_avg:496.96ms
step:4054/5100 train_loss:3.2929 train_time:2009705ms step_avg:496.96ms
step:4055/5100 train_loss:3.4801 train_time:2010197ms step_avg:496.96ms
step:4056/5100 train_loss:3.5174 train_time:2010695ms step_avg:496.96ms
step:4057/5100 train_loss:3.3268 train_time:2011184ms step_avg:496.96ms
step:4058/5100 train_loss:3.1644 train_time:2011679ms step_avg:496.96ms
step:4059/5100 train_loss:3.4565 train_time:2012174ms step_avg:496.96ms
step:4060/5100 train_loss:3.2441 train_time:2012666ms step_avg:496.95ms
step:4061/5100 train_loss:3.3509 train_time:2013177ms step_avg:496.96ms
step:4062/5100 train_loss:3.5586 train_time:2013665ms step_avg:496.96ms
step:4063/5100 train_loss:3.5694 train_time:2014158ms step_avg:496.95ms
step:4064/5100 train_loss:2.8077 train_time:2014652ms step_avg:496.95ms
step:4065/5100 train_loss:3.3406 train_time:2015149ms step_avg:496.95ms
step:4066/5100 train_loss:3.1415 train_time:2015640ms step_avg:496.95ms
step:4067/5100 train_loss:3.5738 train_time:2016135ms step_avg:496.95ms
step:4068/5100 train_loss:3.3649 train_time:2016631ms step_avg:496.95ms
step:4069/5100 train_loss:3.4140 train_time:2017127ms step_avg:496.95ms
step:4070/5100 train_loss:3.3935 train_time:2017621ms step_avg:496.95ms
step:4071/5100 train_loss:3.2301 train_time:2018113ms step_avg:496.95ms
step:4072/5100 train_loss:3.5859 train_time:2018607ms step_avg:496.95ms
step:4073/5100 train_loss:3.4457 train_time:2019103ms step_avg:496.95ms
step:4074/5100 train_loss:3.4476 train_time:2019604ms step_avg:496.95ms
step:4075/5100 train_loss:3.4342 train_time:2020094ms step_avg:496.95ms
step:4076/5100 train_loss:3.3776 train_time:2020588ms step_avg:496.95ms
step:4077/5100 train_loss:3.2633 train_time:2021079ms step_avg:496.95ms
step:4078/5100 train_loss:3.4622 train_time:2021575ms step_avg:496.95ms
step:4079/5100 train_loss:3.4538 train_time:2022070ms step_avg:496.95ms
step:4080/5100 train_loss:3.2037 train_time:2022564ms step_avg:496.94ms
step:4081/5100 train_loss:3.4329 train_time:2023059ms step_avg:496.94ms
step:4082/5100 train_loss:3.2991 train_time:2023553ms step_avg:496.94ms
step:4083/5100 train_loss:3.3295 train_time:2024045ms step_avg:496.94ms
step:4084/5100 train_loss:3.4529 train_time:2024539ms step_avg:496.94ms
step:4085/5100 train_loss:3.4431 train_time:2025031ms step_avg:496.94ms
step:4086/5100 train_loss:3.3221 train_time:2025526ms step_avg:496.94ms
step:4087/5100 train_loss:3.4627 train_time:2026020ms step_avg:496.94ms
step:4088/5100 train_loss:3.4952 train_time:2026514ms step_avg:496.94ms
step:4089/5100 train_loss:3.3817 train_time:2027008ms step_avg:496.94ms
step:4090/5100 train_loss:3.4215 train_time:2027501ms step_avg:496.94ms
step:4091/5100 train_loss:3.2898 train_time:2027995ms step_avg:496.94ms
step:4092/5100 train_loss:3.3890 train_time:2028488ms step_avg:496.93ms
step:4093/5100 train_loss:3.3781 train_time:2028983ms step_avg:496.93ms
step:4094/5100 train_loss:3.6748 train_time:2029474ms step_avg:496.93ms
step:4095/5100 train_loss:3.4238 train_time:2029990ms step_avg:496.94ms
step:4096/5100 train_loss:3.2670 train_time:2030484ms step_avg:496.94ms
step:4097/5100 train_loss:3.4400 train_time:2030962ms step_avg:496.93ms
step:4098/5100 train_loss:3.2128 train_time:2031455ms step_avg:496.93ms
step:4099/5100 train_loss:3.2861 train_time:2031948ms step_avg:496.93ms
step:4100/5100 train_loss:3.2623 train_time:2032444ms step_avg:496.93ms
step:4101/5100 train_loss:3.2658 train_time:2032936ms step_avg:496.93ms
step:4102/5100 train_loss:3.4510 train_time:2033431ms step_avg:496.93ms
step:4103/5100 train_loss:3.4376 train_time:2033924ms step_avg:496.93ms
step:4104/5100 train_loss:3.1500 train_time:2034421ms step_avg:496.93ms
step:4105/5100 train_loss:3.3285 train_time:2034911ms step_avg:496.93ms
step:4106/5100 train_loss:3.3093 train_time:2035410ms step_avg:496.93ms
step:4107/5100 train_loss:3.4645 train_time:2035899ms step_avg:496.92ms
step:4108/5100 train_loss:3.4145 train_time:2036393ms step_avg:496.92ms
step:4109/5100 train_loss:3.3699 train_time:2036888ms step_avg:496.92ms
step:4110/5100 train_loss:3.6425 train_time:2037386ms step_avg:496.92ms
step:4111/5100 train_loss:3.6215 train_time:2037877ms step_avg:496.92ms
step:4112/5100 train_loss:3.1787 train_time:2038371ms step_avg:496.92ms
step:4113/5100 train_loss:3.3400 train_time:2038867ms step_avg:496.92ms
step:4114/5100 train_loss:3.2145 train_time:2039374ms step_avg:496.92ms
step:4115/5100 train_loss:3.4823 train_time:2039857ms step_avg:496.92ms
step:4116/5100 train_loss:3.4650 train_time:2040349ms step_avg:496.92ms
step:4117/5100 train_loss:3.8689 train_time:2040841ms step_avg:496.92ms
step:4118/5100 train_loss:3.2884 train_time:2041335ms step_avg:496.92ms
step:4119/5100 train_loss:3.4770 train_time:2041830ms step_avg:496.92ms
step:4120/5100 train_loss:3.4261 train_time:2042327ms step_avg:496.92ms
step:4121/5100 train_loss:3.3967 train_time:2042820ms step_avg:496.92ms
step:4122/5100 train_loss:3.5196 train_time:2043314ms step_avg:496.91ms
step:4123/5100 train_loss:3.4284 train_time:2043808ms step_avg:496.91ms
step:4124/5100 train_loss:3.1888 train_time:2044301ms step_avg:496.91ms
step:4125/5100 train_loss:3.3400 train_time:2044834ms step_avg:496.92ms
step:4125/5100 val_loss:3.3571 train_time:2045105ms step_avg:496.99ms
step:4126/5100 train_loss:3.5835 train_time:2045300ms step_avg:496.91ms
step:4127/5100 train_loss:3.3440 train_time:2045785ms step_avg:496.91ms
step:4128/5100 train_loss:3.4334 train_time:2046279ms step_avg:496.91ms
step:4129/5100 train_loss:3.3160 train_time:2046779ms step_avg:496.91ms
step:4130/5100 train_loss:3.2164 train_time:2047269ms step_avg:496.91ms
step:4131/5100 train_loss:3.5464 train_time:2047766ms step_avg:496.91ms
step:4132/5100 train_loss:3.4966 train_time:2048260ms step_avg:496.91ms
step:4133/5100 train_loss:3.2480 train_time:2048759ms step_avg:496.91ms
step:4134/5100 train_loss:3.5610 train_time:2049247ms step_avg:496.91ms
step:4135/5100 train_loss:3.4280 train_time:2049740ms step_avg:496.91ms
step:4136/5100 train_loss:3.3709 train_time:2050235ms step_avg:496.91ms
step:4137/5100 train_loss:3.4957 train_time:2050731ms step_avg:496.91ms
step:4138/5100 train_loss:3.2801 train_time:2051227ms step_avg:496.91ms
step:4139/5100 train_loss:3.3608 train_time:2051717ms step_avg:496.90ms
step:4140/5100 train_loss:3.4693 train_time:2052213ms step_avg:496.90ms
step:4141/5100 train_loss:3.5560 train_time:2052705ms step_avg:496.90ms
step:4142/5100 train_loss:3.3681 train_time:2053199ms step_avg:496.90ms
step:4143/5100 train_loss:3.3965 train_time:2053692ms step_avg:496.90ms
step:4144/5100 train_loss:3.3404 train_time:2054190ms step_avg:496.90ms
step:4145/5100 train_loss:3.3197 train_time:2054681ms step_avg:496.90ms
step:4146/5100 train_loss:3.4040 train_time:2055173ms step_avg:496.90ms
step:4147/5100 train_loss:3.2822 train_time:2055668ms step_avg:496.90ms
step:4148/5100 train_loss:3.4799 train_time:2056161ms step_avg:496.90ms
step:4149/5100 train_loss:3.2843 train_time:2056660ms step_avg:496.90ms
step:4150/5100 train_loss:3.2444 train_time:2057150ms step_avg:496.90ms
step:4151/5100 train_loss:3.2740 train_time:2057646ms step_avg:496.90ms
step:4152/5100 train_loss:3.2031 train_time:2058135ms step_avg:496.89ms
step:4153/5100 train_loss:3.1921 train_time:2058629ms step_avg:496.89ms
step:4154/5100 train_loss:3.4582 train_time:2059131ms step_avg:496.89ms
step:4155/5100 train_loss:3.6065 train_time:2059617ms step_avg:496.89ms
step:4156/5100 train_loss:3.3997 train_time:2060111ms step_avg:496.89ms
step:4157/5100 train_loss:3.2533 train_time:2060612ms step_avg:496.89ms
step:4158/5100 train_loss:3.4038 train_time:2061106ms step_avg:496.89ms
step:4159/5100 train_loss:3.3156 train_time:2061729ms step_avg:496.92ms
step:4160/5100 train_loss:3.2494 train_time:2062221ms step_avg:496.92ms
step:4161/5100 train_loss:3.4589 train_time:2062716ms step_avg:496.92ms
step:4162/5100 train_loss:3.3126 train_time:2063210ms step_avg:496.92ms
step:4163/5100 train_loss:3.4765 train_time:2063706ms step_avg:496.92ms
step:4164/5100 train_loss:3.1804 train_time:2064190ms step_avg:496.92ms
step:4165/5100 train_loss:3.2631 train_time:2064685ms step_avg:496.92ms
step:4166/5100 train_loss:3.2501 train_time:2065184ms step_avg:496.92ms
step:4167/5100 train_loss:3.3967 train_time:2065682ms step_avg:496.92ms
step:4168/5100 train_loss:3.3373 train_time:2066169ms step_avg:496.91ms
step:4169/5100 train_loss:3.3659 train_time:2066678ms step_avg:496.92ms
step:4170/5100 train_loss:3.2348 train_time:2067157ms step_avg:496.91ms
step:4171/5100 train_loss:3.4581 train_time:2067650ms step_avg:496.91ms
step:4172/5100 train_loss:3.4045 train_time:2068162ms step_avg:496.92ms
step:4173/5100 train_loss:3.5270 train_time:2068641ms step_avg:496.91ms
step:4174/5100 train_loss:3.5970 train_time:2069138ms step_avg:496.91ms
step:4175/5100 train_loss:3.3585 train_time:2069631ms step_avg:496.91ms
step:4176/5100 train_loss:3.5201 train_time:2070124ms step_avg:496.91ms
step:4177/5100 train_loss:3.3949 train_time:2070618ms step_avg:496.91ms
step:4178/5100 train_loss:3.2689 train_time:2071115ms step_avg:496.91ms
step:4179/5100 train_loss:3.4503 train_time:2071618ms step_avg:496.91ms
step:4180/5100 train_loss:3.3796 train_time:2072893ms step_avg:497.10ms
step:4181/5100 train_loss:3.3393 train_time:2073384ms step_avg:497.10ms
step:4182/5100 train_loss:3.3750 train_time:2073879ms step_avg:497.09ms
step:4183/5100 train_loss:3.4328 train_time:2074373ms step_avg:497.09ms
step:4184/5100 train_loss:3.6752 train_time:2074869ms step_avg:497.09ms
step:4185/5100 train_loss:3.3876 train_time:2075361ms step_avg:497.09ms
step:4186/5100 train_loss:3.2194 train_time:2075857ms step_avg:497.09ms
step:4187/5100 train_loss:3.4088 train_time:2076351ms step_avg:497.09ms
step:4188/5100 train_loss:3.4081 train_time:2076847ms step_avg:497.09ms
step:4189/5100 train_loss:3.3636 train_time:2077386ms step_avg:497.10ms
step:4190/5100 train_loss:3.2259 train_time:2077835ms step_avg:497.09ms
step:4191/5100 train_loss:3.4809 train_time:2078329ms step_avg:497.09ms
step:4192/5100 train_loss:3.3519 train_time:2078825ms step_avg:497.09ms
step:4193/5100 train_loss:3.3646 train_time:2079322ms step_avg:497.09ms
step:4194/5100 train_loss:3.4959 train_time:2079814ms step_avg:497.09ms
step:4195/5100 train_loss:3.2761 train_time:2080309ms step_avg:497.09ms
step:4196/5100 train_loss:3.3711 train_time:2080802ms step_avg:497.09ms
step:4197/5100 train_loss:3.8244 train_time:2081295ms step_avg:497.09ms
step:4198/5100 train_loss:2.8455 train_time:2081790ms step_avg:497.08ms
step:4199/5100 train_loss:3.5831 train_time:2082290ms step_avg:497.09ms
step:4200/5100 train_loss:3.4933 train_time:2082782ms step_avg:497.08ms
step:4201/5100 train_loss:3.2120 train_time:2083278ms step_avg:497.08ms
step:4202/5100 train_loss:3.3611 train_time:2083808ms step_avg:497.09ms
step:4203/5100 train_loss:3.3719 train_time:2084275ms step_avg:497.08ms
step:4204/5100 train_loss:3.2181 train_time:2084776ms step_avg:497.09ms
step:4205/5100 train_loss:3.2840 train_time:2085286ms step_avg:497.09ms
step:4206/5100 train_loss:3.3181 train_time:2085757ms step_avg:497.08ms
step:4207/5100 train_loss:4.1048 train_time:2086250ms step_avg:497.08ms
step:4208/5100 train_loss:3.4294 train_time:2086755ms step_avg:497.08ms
step:4209/5100 train_loss:3.5303 train_time:2087243ms step_avg:497.08ms
step:4210/5100 train_loss:3.3888 train_time:2087740ms step_avg:497.08ms
step:4211/5100 train_loss:3.6545 train_time:2088223ms step_avg:497.08ms
step:4212/5100 train_loss:3.4165 train_time:2088717ms step_avg:497.08ms
step:4213/5100 train_loss:3.4697 train_time:2089211ms step_avg:497.08ms
step:4214/5100 train_loss:3.2081 train_time:2089703ms step_avg:497.08ms
step:4215/5100 train_loss:3.2829 train_time:2090200ms step_avg:497.07ms
step:4216/5100 train_loss:3.4617 train_time:2090692ms step_avg:497.07ms
step:4217/5100 train_loss:3.2569 train_time:2091186ms step_avg:497.07ms
step:4218/5100 train_loss:3.3623 train_time:2091681ms step_avg:497.07ms
step:4219/5100 train_loss:3.4577 train_time:2092181ms step_avg:497.07ms
step:4220/5100 train_loss:3.1981 train_time:2092666ms step_avg:497.07ms
step:4221/5100 train_loss:3.3165 train_time:2093168ms step_avg:497.07ms
step:4222/5100 train_loss:3.4441 train_time:2093658ms step_avg:497.07ms
step:4223/5100 train_loss:3.3836 train_time:2094149ms step_avg:497.07ms
step:4224/5100 train_loss:3.6112 train_time:2094686ms step_avg:497.08ms
step:4225/5100 train_loss:3.3280 train_time:2095164ms step_avg:497.07ms
step:4226/5100 train_loss:3.7545 train_time:2095634ms step_avg:497.07ms
step:4227/5100 train_loss:3.4525 train_time:2096128ms step_avg:497.07ms
step:4228/5100 train_loss:3.3802 train_time:2096624ms step_avg:497.07ms
step:4229/5100 train_loss:3.3398 train_time:2097119ms step_avg:497.07ms
step:4230/5100 train_loss:3.2847 train_time:2097610ms step_avg:497.06ms
step:4231/5100 train_loss:3.4580 train_time:2098106ms step_avg:497.06ms
step:4232/5100 train_loss:3.3046 train_time:2098608ms step_avg:497.06ms
step:4233/5100 train_loss:3.4357 train_time:2099100ms step_avg:497.06ms
step:4234/5100 train_loss:3.5353 train_time:2099590ms step_avg:497.06ms
step:4235/5100 train_loss:3.4392 train_time:2100084ms step_avg:497.06ms
step:4236/5100 train_loss:3.3120 train_time:2100582ms step_avg:497.06ms
step:4237/5100 train_loss:3.4201 train_time:2101073ms step_avg:497.06ms
step:4238/5100 train_loss:3.3149 train_time:2101573ms step_avg:497.06ms
step:4239/5100 train_loss:3.3406 train_time:2102062ms step_avg:497.06ms
step:4240/5100 train_loss:3.3911 train_time:2102557ms step_avg:497.06ms
step:4241/5100 train_loss:3.4150 train_time:2103050ms step_avg:497.06ms
step:4242/5100 train_loss:3.3134 train_time:2103543ms step_avg:497.06ms
step:4243/5100 train_loss:3.4925 train_time:2104037ms step_avg:497.06ms
step:4244/5100 train_loss:3.3027 train_time:2104532ms step_avg:497.06ms
step:4245/5100 train_loss:3.2549 train_time:2105050ms step_avg:497.06ms
step:4246/5100 train_loss:3.6169 train_time:2105520ms step_avg:497.05ms
step:4247/5100 train_loss:3.1381 train_time:2106015ms step_avg:497.05ms
step:4248/5100 train_loss:3.1256 train_time:2106511ms step_avg:497.05ms
step:4249/5100 train_loss:3.3805 train_time:2106999ms step_avg:497.05ms
step:4250/5100 train_loss:3.9332 train_time:2107497ms step_avg:497.05ms
step:4250/5100 val_loss:3.3449 train_time:2107802ms step_avg:497.12ms
step:4251/5100 train_loss:3.2762 train_time:2108003ms step_avg:497.05ms
step:4252/5100 train_loss:3.6589 train_time:2108486ms step_avg:497.05ms
step:4253/5100 train_loss:3.3973 train_time:2108974ms step_avg:497.05ms
step:4254/5100 train_loss:3.2255 train_time:2109468ms step_avg:497.05ms
step:4255/5100 train_loss:3.2990 train_time:2109962ms step_avg:497.05ms
step:4256/5100 train_loss:3.1973 train_time:2110460ms step_avg:497.05ms
step:4257/5100 train_loss:3.4776 train_time:2110952ms step_avg:497.05ms
step:4258/5100 train_loss:3.4534 train_time:2111445ms step_avg:497.04ms
step:4259/5100 train_loss:3.3915 train_time:2111937ms step_avg:497.04ms
step:4260/5100 train_loss:3.4715 train_time:2112431ms step_avg:497.04ms
step:4261/5100 train_loss:3.4028 train_time:2112927ms step_avg:497.04ms
step:4262/5100 train_loss:3.3657 train_time:2113429ms step_avg:497.04ms
step:4263/5100 train_loss:3.3494 train_time:2113923ms step_avg:497.04ms
step:4264/5100 train_loss:3.5249 train_time:2114412ms step_avg:497.04ms
step:4265/5100 train_loss:3.2159 train_time:2114905ms step_avg:497.04ms
step:4266/5100 train_loss:3.2979 train_time:2115400ms step_avg:497.04ms
step:4267/5100 train_loss:3.2966 train_time:2115894ms step_avg:497.04ms
step:4268/5100 train_loss:3.2804 train_time:2116389ms step_avg:497.04ms
step:4269/5100 train_loss:4.0290 train_time:2116886ms step_avg:497.04ms
step:4270/5100 train_loss:3.2680 train_time:2117379ms step_avg:497.04ms
step:4271/5100 train_loss:3.3615 train_time:2117869ms step_avg:497.04ms
step:4272/5100 train_loss:3.3933 train_time:2118366ms step_avg:497.04ms
step:4273/5100 train_loss:3.5002 train_time:2118856ms step_avg:497.03ms
step:4274/5100 train_loss:3.5152 train_time:2119350ms step_avg:497.03ms
step:4275/5100 train_loss:3.3699 train_time:2119844ms step_avg:497.03ms
step:4276/5100 train_loss:3.5485 train_time:2120337ms step_avg:497.03ms
step:4277/5100 train_loss:3.2539 train_time:2120832ms step_avg:497.03ms
step:4278/5100 train_loss:3.2733 train_time:2121332ms step_avg:497.03ms
step:4279/5100 train_loss:3.2165 train_time:2121828ms step_avg:497.03ms
step:4280/5100 train_loss:3.3112 train_time:2122322ms step_avg:497.03ms
step:4281/5100 train_loss:3.4584 train_time:2122832ms step_avg:497.03ms
step:4282/5100 train_loss:3.4494 train_time:2123323ms step_avg:497.03ms
step:4283/5100 train_loss:3.3610 train_time:2123817ms step_avg:497.03ms
step:4284/5100 train_loss:3.4422 train_time:2124313ms step_avg:497.03ms
step:4285/5100 train_loss:3.4137 train_time:2124788ms step_avg:497.03ms
step:4286/5100 train_loss:3.3838 train_time:2125283ms step_avg:497.03ms
step:4287/5100 train_loss:3.2482 train_time:2125781ms step_avg:497.03ms
step:4288/5100 train_loss:3.4325 train_time:2126281ms step_avg:497.03ms
step:4289/5100 train_loss:3.3748 train_time:2126768ms step_avg:497.02ms
step:4290/5100 train_loss:3.4027 train_time:2127293ms step_avg:497.03ms
step:4291/5100 train_loss:3.3032 train_time:2127785ms step_avg:497.03ms
step:4292/5100 train_loss:3.4015 train_time:2128279ms step_avg:497.03ms
step:4293/5100 train_loss:3.3705 train_time:2128756ms step_avg:497.02ms
step:4294/5100 train_loss:3.2309 train_time:2129239ms step_avg:497.02ms
step:4295/5100 train_loss:3.5208 train_time:2129737ms step_avg:497.02ms
step:4296/5100 train_loss:3.3954 train_time:2130222ms step_avg:497.02ms
step:4297/5100 train_loss:3.3183 train_time:2130718ms step_avg:497.02ms
step:4298/5100 train_loss:3.3971 train_time:2131214ms step_avg:497.02ms
step:4299/5100 train_loss:3.5224 train_time:2131704ms step_avg:497.02ms
step:4300/5100 train_loss:3.2448 train_time:2132200ms step_avg:497.02ms
step:4301/5100 train_loss:3.2355 train_time:2132692ms step_avg:497.02ms
step:4302/5100 train_loss:3.3357 train_time:2133187ms step_avg:497.01ms
step:4303/5100 train_loss:3.3028 train_time:2133678ms step_avg:497.01ms
step:4304/5100 train_loss:3.3134 train_time:2134176ms step_avg:497.01ms
step:4305/5100 train_loss:3.4308 train_time:2134679ms step_avg:497.01ms
step:4306/5100 train_loss:3.2734 train_time:2135178ms step_avg:497.02ms
step:4307/5100 train_loss:4.2498 train_time:2135676ms step_avg:497.02ms
step:4308/5100 train_loss:3.3753 train_time:2136174ms step_avg:497.02ms
step:4309/5100 train_loss:3.3721 train_time:2136655ms step_avg:497.01ms
step:4310/5100 train_loss:3.4729 train_time:2137146ms step_avg:497.01ms
step:4311/5100 train_loss:3.6432 train_time:2137642ms step_avg:497.01ms
step:4312/5100 train_loss:3.2977 train_time:2138134ms step_avg:497.01ms
step:4313/5100 train_loss:3.1944 train_time:2138623ms step_avg:497.01ms
step:4314/5100 train_loss:3.4940 train_time:2139122ms step_avg:497.01ms
step:4315/5100 train_loss:3.3322 train_time:2139617ms step_avg:497.01ms
step:4316/5100 train_loss:3.3857 train_time:2140111ms step_avg:497.01ms
step:4317/5100 train_loss:3.2699 train_time:2140606ms step_avg:497.01ms
step:4318/5100 train_loss:3.2544 train_time:2141098ms step_avg:497.01ms
step:4319/5100 train_loss:3.4991 train_time:2141596ms step_avg:497.01ms
step:4320/5100 train_loss:3.5023 train_time:2142088ms step_avg:497.00ms
step:4321/5100 train_loss:3.3096 train_time:2142586ms step_avg:497.00ms
step:4322/5100 train_loss:3.4094 train_time:2143079ms step_avg:497.00ms
step:4323/5100 train_loss:3.3934 train_time:2143576ms step_avg:497.00ms
step:4324/5100 train_loss:3.2173 train_time:2144069ms step_avg:497.00ms
step:4325/5100 train_loss:3.0736 train_time:2144562ms step_avg:497.00ms
step:4326/5100 train_loss:3.1965 train_time:2145060ms step_avg:497.00ms
step:4327/5100 train_loss:3.1700 train_time:2145549ms step_avg:497.00ms
step:4328/5100 train_loss:3.3020 train_time:2146048ms step_avg:497.00ms
step:4329/5100 train_loss:3.2439 train_time:2146545ms step_avg:497.00ms
step:4330/5100 train_loss:3.1722 train_time:2147039ms step_avg:497.00ms
step:4331/5100 train_loss:3.4410 train_time:2147526ms step_avg:497.00ms
step:4332/5100 train_loss:3.3062 train_time:2148019ms step_avg:497.00ms
step:4333/5100 train_loss:3.5131 train_time:2148513ms step_avg:497.00ms
step:4334/5100 train_loss:4.1268 train_time:2149009ms step_avg:497.00ms
step:4335/5100 train_loss:3.3206 train_time:2149503ms step_avg:496.99ms
step:4336/5100 train_loss:3.4431 train_time:2149996ms step_avg:496.99ms
step:4337/5100 train_loss:3.5394 train_time:2150491ms step_avg:496.99ms
step:4338/5100 train_loss:3.2421 train_time:2150984ms step_avg:496.99ms
step:4339/5100 train_loss:3.3450 train_time:2151479ms step_avg:496.99ms
step:4340/5100 train_loss:3.1178 train_time:2151977ms step_avg:496.99ms
step:4341/5100 train_loss:3.2968 train_time:2152467ms step_avg:496.99ms
step:4342/5100 train_loss:3.4243 train_time:2152969ms step_avg:496.99ms
step:4343/5100 train_loss:3.4606 train_time:2153457ms step_avg:496.99ms
step:4344/5100 train_loss:3.4012 train_time:2153951ms step_avg:496.99ms
step:4345/5100 train_loss:3.4135 train_time:2154444ms step_avg:496.99ms
step:4346/5100 train_loss:3.4211 train_time:2154945ms step_avg:496.99ms
step:4347/5100 train_loss:3.1759 train_time:2155432ms step_avg:496.99ms
step:4348/5100 train_loss:3.2579 train_time:2156075ms step_avg:497.02ms
step:4349/5100 train_loss:3.0625 train_time:2156575ms step_avg:497.02ms
step:4350/5100 train_loss:3.3096 train_time:2157064ms step_avg:497.02ms
step:4351/5100 train_loss:3.3638 train_time:2157561ms step_avg:497.02ms
step:4352/5100 train_loss:3.2676 train_time:2158057ms step_avg:497.02ms
step:4353/5100 train_loss:3.5114 train_time:2158547ms step_avg:497.02ms
step:4354/5100 train_loss:3.4426 train_time:2159046ms step_avg:497.02ms
step:4355/5100 train_loss:3.1609 train_time:2159537ms step_avg:497.02ms
step:4356/5100 train_loss:3.1141 train_time:2160029ms step_avg:497.02ms
step:4357/5100 train_loss:3.2326 train_time:2160525ms step_avg:497.02ms
step:4358/5100 train_loss:3.3342 train_time:2161025ms step_avg:497.02ms
step:4359/5100 train_loss:3.4622 train_time:2161521ms step_avg:497.02ms
step:4360/5100 train_loss:3.4571 train_time:2162013ms step_avg:497.01ms
step:4361/5100 train_loss:3.4708 train_time:2162506ms step_avg:497.01ms
step:4362/5100 train_loss:3.7198 train_time:2162996ms step_avg:497.01ms
step:4363/5100 train_loss:3.4270 train_time:2163495ms step_avg:497.01ms
step:4364/5100 train_loss:3.4208 train_time:2163987ms step_avg:497.01ms
step:4365/5100 train_loss:3.4598 train_time:2164484ms step_avg:497.01ms
step:4366/5100 train_loss:3.3231 train_time:2164978ms step_avg:497.01ms
step:4367/5100 train_loss:3.3192 train_time:2165469ms step_avg:497.01ms
step:4368/5100 train_loss:3.3161 train_time:2165961ms step_avg:497.01ms
step:4369/5100 train_loss:3.4935 train_time:2166455ms step_avg:497.01ms
step:4370/5100 train_loss:3.4264 train_time:2167916ms step_avg:497.23ms
step:4371/5100 train_loss:3.5740 train_time:2168390ms step_avg:497.22ms
step:4372/5100 train_loss:3.1159 train_time:2168887ms step_avg:497.22ms
step:4373/5100 train_loss:3.3055 train_time:2169380ms step_avg:497.22ms
step:4374/5100 train_loss:3.4420 train_time:2169876ms step_avg:497.22ms
step:4375/5100 train_loss:3.2769 train_time:2170368ms step_avg:497.22ms
step:4375/5100 val_loss:3.3309 train_time:2170675ms step_avg:497.29ms
step:4376/5100 train_loss:3.4668 train_time:2170861ms step_avg:497.22ms
step:4377/5100 train_loss:3.2046 train_time:2171353ms step_avg:497.22ms
step:4378/5100 train_loss:3.2476 train_time:2171851ms step_avg:497.22ms
step:4379/5100 train_loss:3.3532 train_time:2172344ms step_avg:497.22ms
step:4380/5100 train_loss:3.2453 train_time:2172840ms step_avg:497.22ms
step:4381/5100 train_loss:3.3076 train_time:2173332ms step_avg:497.22ms
step:4382/5100 train_loss:3.5964 train_time:2173830ms step_avg:497.22ms
step:4383/5100 train_loss:3.4988 train_time:2174325ms step_avg:497.22ms
step:4384/5100 train_loss:3.3726 train_time:2174820ms step_avg:497.22ms
step:4385/5100 train_loss:3.3864 train_time:2175315ms step_avg:497.21ms
step:4386/5100 train_loss:3.4126 train_time:2175808ms step_avg:497.21ms
step:4387/5100 train_loss:3.3094 train_time:2176303ms step_avg:497.21ms
step:4388/5100 train_loss:3.4109 train_time:2176797ms step_avg:497.21ms
step:4389/5100 train_loss:3.2795 train_time:2177295ms step_avg:497.21ms
step:4390/5100 train_loss:3.4497 train_time:2177785ms step_avg:497.21ms
step:4391/5100 train_loss:3.4520 train_time:2178284ms step_avg:497.21ms
step:4392/5100 train_loss:3.3397 train_time:2178773ms step_avg:497.21ms
step:4393/5100 train_loss:4.5911 train_time:2179267ms step_avg:497.21ms
step:4394/5100 train_loss:3.3291 train_time:2179763ms step_avg:497.21ms
step:4395/5100 train_loss:3.5862 train_time:2180259ms step_avg:497.21ms
step:4396/5100 train_loss:3.3107 train_time:2180749ms step_avg:497.21ms
step:4397/5100 train_loss:3.3187 train_time:2181246ms step_avg:497.21ms
step:4398/5100 train_loss:3.3206 train_time:2181744ms step_avg:497.21ms
step:4399/5100 train_loss:3.3695 train_time:2182238ms step_avg:497.21ms
step:4400/5100 train_loss:3.3002 train_time:2182729ms step_avg:497.20ms
step:4401/5100 train_loss:3.2275 train_time:2183230ms step_avg:497.21ms
step:4402/5100 train_loss:3.3312 train_time:2183721ms step_avg:497.20ms
step:4403/5100 train_loss:3.1923 train_time:2184216ms step_avg:497.20ms
step:4404/5100 train_loss:3.2328 train_time:2184728ms step_avg:497.21ms
step:4405/5100 train_loss:3.5034 train_time:2185208ms step_avg:497.20ms
step:4406/5100 train_loss:3.3197 train_time:2185695ms step_avg:497.20ms
step:4407/5100 train_loss:3.3293 train_time:2186189ms step_avg:497.20ms
step:4408/5100 train_loss:3.3944 train_time:2186716ms step_avg:497.21ms
step:4409/5100 train_loss:3.3215 train_time:2187180ms step_avg:497.20ms
step:4410/5100 train_loss:3.3519 train_time:2187676ms step_avg:497.20ms
step:4411/5100 train_loss:3.6192 train_time:2188216ms step_avg:497.21ms
step:4412/5100 train_loss:3.3480 train_time:2188707ms step_avg:497.21ms
step:4413/5100 train_loss:3.4168 train_time:2189159ms step_avg:497.20ms
step:4414/5100 train_loss:3.4532 train_time:2189654ms step_avg:497.20ms
step:4415/5100 train_loss:3.4118 train_time:2190150ms step_avg:497.20ms
step:4416/5100 train_loss:3.2750 train_time:2190659ms step_avg:497.20ms
step:4417/5100 train_loss:3.3932 train_time:2191135ms step_avg:497.19ms
step:4418/5100 train_loss:3.3347 train_time:2191633ms step_avg:497.19ms
step:4419/5100 train_loss:3.4808 train_time:2192125ms step_avg:497.19ms
step:4420/5100 train_loss:3.2357 train_time:2192623ms step_avg:497.19ms
step:4421/5100 train_loss:3.3783 train_time:2193113ms step_avg:497.19ms
step:4422/5100 train_loss:3.2754 train_time:2193614ms step_avg:497.19ms
step:4423/5100 train_loss:3.2689 train_time:2194110ms step_avg:497.19ms
step:4424/5100 train_loss:3.2838 train_time:2194607ms step_avg:497.19ms
step:4425/5100 train_loss:3.2817 train_time:2195095ms step_avg:497.19ms
step:4426/5100 train_loss:3.4043 train_time:2195590ms step_avg:497.19ms
step:4427/5100 train_loss:3.3864 train_time:2196088ms step_avg:497.19ms
step:4428/5100 train_loss:3.6781 train_time:2196582ms step_avg:497.19ms
step:4429/5100 train_loss:3.4241 train_time:2197071ms step_avg:497.19ms
step:4430/5100 train_loss:3.1435 train_time:2197566ms step_avg:497.19ms
step:4431/5100 train_loss:3.1991 train_time:2198059ms step_avg:497.19ms
step:4432/5100 train_loss:3.3410 train_time:2198555ms step_avg:497.19ms
step:4433/5100 train_loss:3.2480 train_time:2199056ms step_avg:497.19ms
step:4434/5100 train_loss:3.4669 train_time:2199545ms step_avg:497.18ms
step:4435/5100 train_loss:3.4824 train_time:2200037ms step_avg:497.18ms
step:4436/5100 train_loss:3.4107 train_time:2200534ms step_avg:497.18ms
step:4437/5100 train_loss:3.2062 train_time:2201028ms step_avg:497.18ms
step:4438/5100 train_loss:3.4876 train_time:2201522ms step_avg:497.18ms
step:4439/5100 train_loss:3.2860 train_time:2202018ms step_avg:497.18ms
step:4440/5100 train_loss:3.2731 train_time:2202512ms step_avg:497.18ms
step:4441/5100 train_loss:3.4212 train_time:2203005ms step_avg:497.18ms
step:4442/5100 train_loss:3.4839 train_time:2203500ms step_avg:497.18ms
step:4443/5100 train_loss:3.3883 train_time:2203997ms step_avg:497.18ms
step:4444/5100 train_loss:3.3598 train_time:2204492ms step_avg:497.18ms
step:4445/5100 train_loss:3.1505 train_time:2204980ms step_avg:497.18ms
step:4446/5100 train_loss:3.3940 train_time:2205477ms step_avg:497.18ms
step:4447/5100 train_loss:3.3708 train_time:2205970ms step_avg:497.18ms
step:4448/5100 train_loss:3.2097 train_time:2206466ms step_avg:497.18ms
step:4449/5100 train_loss:3.5569 train_time:2206964ms step_avg:497.18ms
step:4450/5100 train_loss:3.4508 train_time:2207466ms step_avg:497.18ms
step:4451/5100 train_loss:3.4810 train_time:2207956ms step_avg:497.18ms
step:4452/5100 train_loss:3.5017 train_time:2208446ms step_avg:497.17ms
step:4453/5100 train_loss:3.1771 train_time:2208940ms step_avg:497.17ms
step:4454/5100 train_loss:3.3024 train_time:2209435ms step_avg:497.17ms
step:4455/5100 train_loss:3.3667 train_time:2209928ms step_avg:497.17ms
step:4456/5100 train_loss:3.1410 train_time:2210422ms step_avg:497.17ms
step:4457/5100 train_loss:3.3947 train_time:2210917ms step_avg:497.17ms
step:4458/5100 train_loss:3.2950 train_time:2211418ms step_avg:497.17ms
step:4459/5100 train_loss:3.2511 train_time:2211909ms step_avg:497.17ms
step:4460/5100 train_loss:3.4430 train_time:2212403ms step_avg:497.17ms
step:4461/5100 train_loss:4.4357 train_time:2212903ms step_avg:497.17ms
step:4462/5100 train_loss:3.3310 train_time:2213394ms step_avg:497.17ms
step:4463/5100 train_loss:3.6239 train_time:2213886ms step_avg:497.17ms
step:4464/5100 train_loss:3.4226 train_time:2214384ms step_avg:497.17ms
step:4465/5100 train_loss:3.3951 train_time:2214875ms step_avg:497.17ms
step:4466/5100 train_loss:3.3928 train_time:2215369ms step_avg:497.17ms
step:4467/5100 train_loss:3.3351 train_time:2215863ms step_avg:497.16ms
step:4468/5100 train_loss:3.2565 train_time:2216362ms step_avg:497.17ms
step:4469/5100 train_loss:3.5540 train_time:2216854ms step_avg:497.16ms
step:4470/5100 train_loss:3.4781 train_time:2217347ms step_avg:497.16ms
step:4471/5100 train_loss:3.3181 train_time:2217838ms step_avg:497.16ms
step:4472/5100 train_loss:3.2091 train_time:2218331ms step_avg:497.16ms
step:4473/5100 train_loss:3.3957 train_time:2218822ms step_avg:497.16ms
step:4474/5100 train_loss:3.1888 train_time:2219317ms step_avg:497.16ms
step:4475/5100 train_loss:3.2933 train_time:2219818ms step_avg:497.16ms
step:4476/5100 train_loss:3.3392 train_time:2220310ms step_avg:497.16ms
step:4477/5100 train_loss:3.3491 train_time:2220805ms step_avg:497.16ms
step:4478/5100 train_loss:3.1200 train_time:2221300ms step_avg:497.16ms
step:4479/5100 train_loss:3.2720 train_time:2221790ms step_avg:497.16ms
step:4480/5100 train_loss:3.3698 train_time:2222286ms step_avg:497.16ms
step:4481/5100 train_loss:3.4066 train_time:2222780ms step_avg:497.15ms
step:4482/5100 train_loss:3.3936 train_time:2223269ms step_avg:497.15ms
step:4483/5100 train_loss:3.4251 train_time:2223767ms step_avg:497.15ms
step:4484/5100 train_loss:3.2574 train_time:2224261ms step_avg:497.15ms
step:4485/5100 train_loss:3.3515 train_time:2224757ms step_avg:497.15ms
step:4486/5100 train_loss:3.4744 train_time:2225250ms step_avg:497.15ms
step:4487/5100 train_loss:3.2673 train_time:2225745ms step_avg:497.15ms
step:4488/5100 train_loss:3.3393 train_time:2226239ms step_avg:497.15ms
step:4489/5100 train_loss:3.4789 train_time:2226734ms step_avg:497.15ms
step:4490/5100 train_loss:3.3303 train_time:2227232ms step_avg:497.15ms
step:4491/5100 train_loss:3.2512 train_time:2227737ms step_avg:497.15ms
step:4492/5100 train_loss:3.1828 train_time:2228213ms step_avg:497.15ms
step:4493/5100 train_loss:3.1637 train_time:2228707ms step_avg:497.15ms
step:4494/5100 train_loss:3.3360 train_time:2229204ms step_avg:497.15ms
step:4495/5100 train_loss:3.2103 train_time:2229694ms step_avg:497.14ms
step:4496/5100 train_loss:3.2536 train_time:2230187ms step_avg:497.14ms
step:4497/5100 train_loss:3.5267 train_time:2230681ms step_avg:497.14ms
step:4498/5100 train_loss:3.2931 train_time:2231175ms step_avg:497.14ms
step:4499/5100 train_loss:3.1306 train_time:2231671ms step_avg:497.14ms
step:4500/5100 train_loss:3.4093 train_time:2232166ms step_avg:497.14ms
step:4500/5100 val_loss:3.3193 train_time:2232472ms step_avg:497.21ms
step:4501/5100 train_loss:3.2564 train_time:2232665ms step_avg:497.14ms
step:4502/5100 train_loss:3.1829 train_time:2233154ms step_avg:497.14ms
step:4503/5100 train_loss:3.5216 train_time:2233645ms step_avg:497.14ms
step:4504/5100 train_loss:3.3357 train_time:2234145ms step_avg:497.14ms
step:4505/5100 train_loss:3.3684 train_time:2234633ms step_avg:497.14ms
step:4506/5100 train_loss:3.2866 train_time:2235124ms step_avg:497.14ms
step:4507/5100 train_loss:3.4241 train_time:2235620ms step_avg:497.14ms
step:4508/5100 train_loss:2.8542 train_time:2236114ms step_avg:497.14ms
step:4509/5100 train_loss:3.3238 train_time:2236607ms step_avg:497.13ms
step:4510/5100 train_loss:3.2186 train_time:2237107ms step_avg:497.13ms
step:4511/5100 train_loss:3.3015 train_time:2237598ms step_avg:497.13ms
step:4512/5100 train_loss:3.3100 train_time:2238092ms step_avg:497.13ms
step:4513/5100 train_loss:3.2206 train_time:2238590ms step_avg:497.13ms
step:4514/5100 train_loss:3.1954 train_time:2239085ms step_avg:497.13ms
step:4515/5100 train_loss:3.5217 train_time:2239579ms step_avg:497.13ms
step:4516/5100 train_loss:3.0628 train_time:2240083ms step_avg:497.13ms
step:4517/5100 train_loss:3.2512 train_time:2240579ms step_avg:497.13ms
step:4518/5100 train_loss:3.2822 train_time:2241072ms step_avg:497.13ms
step:4519/5100 train_loss:3.2508 train_time:2241568ms step_avg:497.13ms
step:4520/5100 train_loss:3.1622 train_time:2242063ms step_avg:497.13ms
step:4521/5100 train_loss:3.2537 train_time:2242558ms step_avg:497.13ms
step:4522/5100 train_loss:3.4779 train_time:2243050ms step_avg:497.13ms
step:4523/5100 train_loss:4.0491 train_time:2243545ms step_avg:497.13ms
step:4524/5100 train_loss:3.4280 train_time:2244040ms step_avg:497.13ms
step:4525/5100 train_loss:3.3032 train_time:2244532ms step_avg:497.13ms
step:4526/5100 train_loss:3.2913 train_time:2245026ms step_avg:497.13ms
step:4527/5100 train_loss:3.3457 train_time:2245522ms step_avg:497.13ms
step:4528/5100 train_loss:3.2012 train_time:2246030ms step_avg:497.13ms
step:4529/5100 train_loss:3.2300 train_time:2246516ms step_avg:497.13ms
step:4530/5100 train_loss:4.3695 train_time:2247009ms step_avg:497.13ms
step:4531/5100 train_loss:3.4653 train_time:2247506ms step_avg:497.13ms
step:4532/5100 train_loss:3.2001 train_time:2248064ms step_avg:497.14ms
step:4533/5100 train_loss:3.2195 train_time:2248514ms step_avg:497.13ms
step:4534/5100 train_loss:3.3901 train_time:2249009ms step_avg:497.13ms
step:4535/5100 train_loss:3.6185 train_time:2249510ms step_avg:497.13ms
step:4536/5100 train_loss:3.4687 train_time:2249994ms step_avg:497.13ms
step:4537/5100 train_loss:3.3726 train_time:2250629ms step_avg:497.16ms
step:4538/5100 train_loss:3.2167 train_time:2251122ms step_avg:497.16ms
step:4539/5100 train_loss:3.3588 train_time:2251596ms step_avg:497.15ms
step:4540/5100 train_loss:3.8763 train_time:2252120ms step_avg:497.16ms
step:4541/5100 train_loss:3.4374 train_time:2252588ms step_avg:497.15ms
step:4542/5100 train_loss:3.2906 train_time:2253081ms step_avg:497.15ms
step:4543/5100 train_loss:3.4182 train_time:2253605ms step_avg:497.16ms
step:4544/5100 train_loss:3.1922 train_time:2254093ms step_avg:497.15ms
step:4545/5100 train_loss:3.4712 train_time:2254579ms step_avg:497.15ms
step:4546/5100 train_loss:3.6069 train_time:2255072ms step_avg:497.15ms
step:4547/5100 train_loss:3.2542 train_time:2255565ms step_avg:497.15ms
step:4548/5100 train_loss:3.3533 train_time:2256065ms step_avg:497.15ms
step:4549/5100 train_loss:3.3693 train_time:2256563ms step_avg:497.15ms
step:4550/5100 train_loss:3.3235 train_time:2257050ms step_avg:497.15ms
step:4551/5100 train_loss:3.3129 train_time:2257563ms step_avg:497.15ms
step:4552/5100 train_loss:3.2681 train_time:2258069ms step_avg:497.15ms
step:4553/5100 train_loss:3.3642 train_time:2258569ms step_avg:497.15ms
step:4554/5100 train_loss:3.2514 train_time:2259060ms step_avg:497.15ms
step:4555/5100 train_loss:3.4582 train_time:2259517ms step_avg:497.14ms
step:4556/5100 train_loss:3.0922 train_time:2260005ms step_avg:497.14ms
step:4557/5100 train_loss:3.3454 train_time:2260495ms step_avg:497.14ms
step:4558/5100 train_loss:3.3522 train_time:2260989ms step_avg:497.14ms
step:4559/5100 train_loss:3.3377 train_time:2261487ms step_avg:497.14ms
step:4560/5100 train_loss:3.5491 train_time:2262748ms step_avg:497.31ms
step:4561/5100 train_loss:3.2012 train_time:2263236ms step_avg:497.31ms
step:4562/5100 train_loss:3.4000 train_time:2263731ms step_avg:497.30ms
step:4563/5100 train_loss:3.2724 train_time:2264225ms step_avg:497.30ms
step:4564/5100 train_loss:3.3048 train_time:2264717ms step_avg:497.30ms
step:4565/5100 train_loss:3.4364 train_time:2265211ms step_avg:497.30ms
step:4566/5100 train_loss:3.5550 train_time:2265707ms step_avg:497.30ms
step:4567/5100 train_loss:3.3674 train_time:2266201ms step_avg:497.30ms
step:4568/5100 train_loss:3.3084 train_time:2266695ms step_avg:497.30ms
step:4569/5100 train_loss:3.4908 train_time:2267188ms step_avg:497.30ms
step:4570/5100 train_loss:3.2173 train_time:2267682ms step_avg:497.30ms
step:4571/5100 train_loss:3.1755 train_time:2268198ms step_avg:497.30ms
step:4572/5100 train_loss:3.5123 train_time:2268694ms step_avg:497.30ms
step:4573/5100 train_loss:3.1658 train_time:2269191ms step_avg:497.30ms
step:4574/5100 train_loss:3.2332 train_time:2269684ms step_avg:497.30ms
step:4575/5100 train_loss:3.3744 train_time:2270177ms step_avg:497.30ms
step:4576/5100 train_loss:3.3829 train_time:2270694ms step_avg:497.30ms
step:4577/5100 train_loss:3.3316 train_time:2271189ms step_avg:497.30ms
step:4578/5100 train_loss:3.2662 train_time:2271692ms step_avg:497.31ms
step:4579/5100 train_loss:3.3306 train_time:2272189ms step_avg:497.31ms
step:4580/5100 train_loss:3.3244 train_time:2272659ms step_avg:497.30ms
step:4581/5100 train_loss:3.2516 train_time:2273129ms step_avg:497.29ms
step:4582/5100 train_loss:3.3373 train_time:2273644ms step_avg:497.30ms
step:4583/5100 train_loss:3.2303 train_time:2274139ms step_avg:497.30ms
step:4584/5100 train_loss:3.2342 train_time:2274637ms step_avg:497.30ms
step:4585/5100 train_loss:3.4079 train_time:2275128ms step_avg:497.30ms
step:4586/5100 train_loss:3.4538 train_time:2275621ms step_avg:497.29ms
step:4587/5100 train_loss:3.2265 train_time:2276090ms step_avg:497.29ms
step:4588/5100 train_loss:3.1795 train_time:2276587ms step_avg:497.29ms
step:4589/5100 train_loss:3.2561 train_time:2277099ms step_avg:497.29ms
step:4590/5100 train_loss:3.4397 train_time:2277573ms step_avg:497.29ms
step:4591/5100 train_loss:3.4624 train_time:2278066ms step_avg:497.29ms
step:4592/5100 train_loss:3.3740 train_time:2278591ms step_avg:497.29ms
step:4593/5100 train_loss:3.3378 train_time:2279058ms step_avg:497.29ms
step:4594/5100 train_loss:3.5238 train_time:2279579ms step_avg:497.29ms
step:4595/5100 train_loss:3.3296 train_time:2280077ms step_avg:497.29ms
step:4596/5100 train_loss:3.0870 train_time:2280572ms step_avg:497.29ms
step:4597/5100 train_loss:3.4157 train_time:2281035ms step_avg:497.28ms
step:4598/5100 train_loss:3.2707 train_time:2281536ms step_avg:497.28ms
step:4599/5100 train_loss:3.3939 train_time:2282029ms step_avg:497.28ms
step:4600/5100 train_loss:3.4101 train_time:2282530ms step_avg:497.28ms
step:4601/5100 train_loss:3.3051 train_time:2283021ms step_avg:497.28ms
step:4602/5100 train_loss:3.2464 train_time:2283521ms step_avg:497.28ms
step:4603/5100 train_loss:3.2605 train_time:2284020ms step_avg:497.28ms
step:4604/5100 train_loss:3.2103 train_time:2284508ms step_avg:497.28ms
step:4605/5100 train_loss:3.3644 train_time:2284998ms step_avg:497.28ms
step:4606/5100 train_loss:3.3172 train_time:2285497ms step_avg:497.28ms
step:4607/5100 train_loss:3.3811 train_time:2285985ms step_avg:497.28ms
step:4608/5100 train_loss:3.3556 train_time:2286484ms step_avg:497.28ms
step:4609/5100 train_loss:3.4191 train_time:2286983ms step_avg:497.28ms
step:4610/5100 train_loss:3.2331 train_time:2287476ms step_avg:497.28ms
step:4611/5100 train_loss:3.3228 train_time:2287969ms step_avg:497.28ms
step:4612/5100 train_loss:3.5572 train_time:2288468ms step_avg:497.28ms
step:4613/5100 train_loss:3.2789 train_time:2288963ms step_avg:497.28ms
step:4614/5100 train_loss:3.0443 train_time:2289467ms step_avg:497.28ms
step:4615/5100 train_loss:3.3093 train_time:2289960ms step_avg:497.28ms
step:4616/5100 train_loss:3.1788 train_time:2290446ms step_avg:497.27ms
step:4617/5100 train_loss:3.4014 train_time:2290939ms step_avg:497.27ms
step:4618/5100 train_loss:3.2009 train_time:2291433ms step_avg:497.27ms
step:4619/5100 train_loss:3.3987 train_time:2291923ms step_avg:497.27ms
step:4620/5100 train_loss:3.4645 train_time:2292424ms step_avg:497.27ms
step:4621/5100 train_loss:3.5126 train_time:2292912ms step_avg:497.27ms
step:4622/5100 train_loss:3.0460 train_time:2293407ms step_avg:497.27ms
step:4623/5100 train_loss:3.3245 train_time:2293901ms step_avg:497.27ms
step:4624/5100 train_loss:3.3082 train_time:2294396ms step_avg:497.27ms
step:4625/5100 train_loss:3.1512 train_time:2294887ms step_avg:497.27ms
step:4625/5100 val_loss:3.3074 train_time:2295193ms step_avg:497.33ms
step:4626/5100 train_loss:3.3951 train_time:2295381ms step_avg:497.27ms
step:4627/5100 train_loss:3.3221 train_time:2295871ms step_avg:497.26ms
step:4628/5100 train_loss:3.1234 train_time:2296367ms step_avg:497.26ms
step:4629/5100 train_loss:3.2668 train_time:2296863ms step_avg:497.26ms
step:4630/5100 train_loss:3.3773 train_time:2297356ms step_avg:497.26ms
step:4631/5100 train_loss:3.5629 train_time:2297852ms step_avg:497.26ms
step:4632/5100 train_loss:3.1777 train_time:2298350ms step_avg:497.26ms
step:4633/5100 train_loss:3.4709 train_time:2298846ms step_avg:497.26ms
step:4634/5100 train_loss:3.2893 train_time:2299340ms step_avg:497.26ms
step:4635/5100 train_loss:3.2401 train_time:2299834ms step_avg:497.26ms
step:4636/5100 train_loss:3.3898 train_time:2300324ms step_avg:497.26ms
step:4637/5100 train_loss:3.1791 train_time:2300818ms step_avg:497.26ms
step:4638/5100 train_loss:3.4033 train_time:2301314ms step_avg:497.26ms
step:4639/5100 train_loss:3.3006 train_time:2301807ms step_avg:497.26ms
step:4640/5100 train_loss:3.3014 train_time:2302301ms step_avg:497.26ms
step:4641/5100 train_loss:3.1580 train_time:2302795ms step_avg:497.26ms
step:4642/5100 train_loss:3.2699 train_time:2303289ms step_avg:497.26ms
step:4643/5100 train_loss:3.2657 train_time:2303783ms step_avg:497.26ms
step:4644/5100 train_loss:3.6159 train_time:2304277ms step_avg:497.25ms
step:4645/5100 train_loss:3.3238 train_time:2304774ms step_avg:497.25ms
step:4646/5100 train_loss:3.2862 train_time:2305268ms step_avg:497.25ms
step:4647/5100 train_loss:3.2698 train_time:2305762ms step_avg:497.25ms
step:4648/5100 train_loss:3.4323 train_time:2306256ms step_avg:497.25ms
step:4649/5100 train_loss:3.4209 train_time:2306754ms step_avg:497.25ms
step:4650/5100 train_loss:3.3492 train_time:2307250ms step_avg:497.25ms
step:4651/5100 train_loss:3.2221 train_time:2307742ms step_avg:497.25ms
step:4652/5100 train_loss:3.4745 train_time:2308237ms step_avg:497.25ms
step:4653/5100 train_loss:3.5427 train_time:2308733ms step_avg:497.25ms
step:4654/5100 train_loss:3.3322 train_time:2309227ms step_avg:497.25ms
step:4655/5100 train_loss:3.2609 train_time:2309721ms step_avg:497.25ms
step:4656/5100 train_loss:3.4233 train_time:2310223ms step_avg:497.25ms
step:4657/5100 train_loss:3.2220 train_time:2310709ms step_avg:497.25ms
step:4658/5100 train_loss:3.1402 train_time:2311204ms step_avg:497.25ms
step:4659/5100 train_loss:3.2493 train_time:2311699ms step_avg:497.25ms
step:4660/5100 train_loss:3.1854 train_time:2312192ms step_avg:497.25ms
step:4661/5100 train_loss:3.2170 train_time:2312686ms step_avg:497.24ms
step:4662/5100 train_loss:3.1924 train_time:2313183ms step_avg:497.24ms
step:4663/5100 train_loss:3.3945 train_time:2313682ms step_avg:497.25ms
step:4664/5100 train_loss:3.2395 train_time:2314177ms step_avg:497.24ms
step:4665/5100 train_loss:3.2088 train_time:2314671ms step_avg:497.24ms
step:4666/5100 train_loss:3.4334 train_time:2315168ms step_avg:497.24ms
step:4667/5100 train_loss:3.2967 train_time:2315658ms step_avg:497.24ms
step:4668/5100 train_loss:3.3021 train_time:2316151ms step_avg:497.24ms
step:4669/5100 train_loss:3.3046 train_time:2316673ms step_avg:497.25ms
step:4670/5100 train_loss:3.3767 train_time:2317168ms step_avg:497.25ms
step:4671/5100 train_loss:3.4426 train_time:2317661ms step_avg:497.25ms
step:4672/5100 train_loss:3.3267 train_time:2318130ms step_avg:497.24ms
step:4673/5100 train_loss:3.3623 train_time:2318625ms step_avg:497.24ms
step:4674/5100 train_loss:3.3625 train_time:2319152ms step_avg:497.25ms
step:4675/5100 train_loss:3.2596 train_time:2319615ms step_avg:497.24ms
step:4676/5100 train_loss:3.5047 train_time:2320108ms step_avg:497.24ms
step:4677/5100 train_loss:3.1087 train_time:2320603ms step_avg:497.24ms
step:4678/5100 train_loss:3.1721 train_time:2321100ms step_avg:497.24ms
step:4679/5100 train_loss:3.3655 train_time:2321593ms step_avg:497.24ms
step:4680/5100 train_loss:3.2007 train_time:2322085ms step_avg:497.23ms
step:4681/5100 train_loss:3.2038 train_time:2322581ms step_avg:497.23ms
step:4682/5100 train_loss:3.2597 train_time:2323074ms step_avg:497.23ms
step:4683/5100 train_loss:3.1528 train_time:2323568ms step_avg:497.23ms
step:4684/5100 train_loss:3.2621 train_time:2324062ms step_avg:497.23ms
step:4685/5100 train_loss:3.5088 train_time:2324559ms step_avg:497.23ms
step:4686/5100 train_loss:3.5777 train_time:2325051ms step_avg:497.23ms
step:4687/5100 train_loss:3.2638 train_time:2325549ms step_avg:497.23ms
step:4688/5100 train_loss:3.1750 train_time:2326041ms step_avg:497.23ms
step:4689/5100 train_loss:3.5176 train_time:2326536ms step_avg:497.23ms
step:4690/5100 train_loss:3.1933 train_time:2327029ms step_avg:497.23ms
step:4691/5100 train_loss:3.0687 train_time:2327526ms step_avg:497.23ms
step:4692/5100 train_loss:3.2715 train_time:2328020ms step_avg:497.23ms
step:4693/5100 train_loss:3.1851 train_time:2328512ms step_avg:497.23ms
step:4694/5100 train_loss:3.2284 train_time:2329017ms step_avg:497.23ms
step:4695/5100 train_loss:3.2591 train_time:2329513ms step_avg:497.23ms
step:4696/5100 train_loss:3.3199 train_time:2330008ms step_avg:497.23ms
step:4697/5100 train_loss:3.4528 train_time:2330501ms step_avg:497.23ms
step:4698/5100 train_loss:3.2363 train_time:2330998ms step_avg:497.23ms
step:4699/5100 train_loss:3.3898 train_time:2331491ms step_avg:497.23ms
step:4700/5100 train_loss:3.3520 train_time:2331987ms step_avg:497.23ms
step:4701/5100 train_loss:3.3065 train_time:2332484ms step_avg:497.23ms
step:4702/5100 train_loss:3.3117 train_time:2332992ms step_avg:497.23ms
step:4703/5100 train_loss:3.3150 train_time:2333473ms step_avg:497.22ms
step:4704/5100 train_loss:3.3752 train_time:2333963ms step_avg:497.22ms
step:4705/5100 train_loss:3.2559 train_time:2334459ms step_avg:497.22ms
step:4706/5100 train_loss:3.1886 train_time:2334951ms step_avg:497.22ms
step:4707/5100 train_loss:3.3629 train_time:2335448ms step_avg:497.22ms
step:4708/5100 train_loss:3.2944 train_time:2335940ms step_avg:497.22ms
step:4709/5100 train_loss:3.3059 train_time:2336464ms step_avg:497.23ms
step:4710/5100 train_loss:3.2536 train_time:2336930ms step_avg:497.22ms
step:4711/5100 train_loss:3.2168 train_time:2337422ms step_avg:497.22ms
step:4712/5100 train_loss:3.3513 train_time:2337917ms step_avg:497.22ms
step:4713/5100 train_loss:3.3455 train_time:2338410ms step_avg:497.22ms
step:4714/5100 train_loss:3.2324 train_time:2338905ms step_avg:497.22ms
step:4715/5100 train_loss:3.4210 train_time:2339401ms step_avg:497.22ms
step:4716/5100 train_loss:3.3958 train_time:2339897ms step_avg:497.22ms
step:4717/5100 train_loss:3.3231 train_time:2340392ms step_avg:497.22ms
step:4718/5100 train_loss:3.1929 train_time:2340886ms step_avg:497.21ms
step:4719/5100 train_loss:3.1626 train_time:2341378ms step_avg:497.21ms
step:4720/5100 train_loss:3.2750 train_time:2341874ms step_avg:497.21ms
step:4721/5100 train_loss:3.3764 train_time:2342370ms step_avg:497.21ms
step:4722/5100 train_loss:3.2838 train_time:2342864ms step_avg:497.21ms
step:4723/5100 train_loss:3.1853 train_time:2343394ms step_avg:497.22ms
step:4724/5100 train_loss:3.3020 train_time:2343863ms step_avg:497.21ms
step:4725/5100 train_loss:3.2538 train_time:2344355ms step_avg:497.21ms
step:4726/5100 train_loss:3.6928 train_time:2344987ms step_avg:497.24ms
step:4727/5100 train_loss:3.2699 train_time:2345475ms step_avg:497.24ms
step:4728/5100 train_loss:3.3812 train_time:2345972ms step_avg:497.24ms
step:4729/5100 train_loss:3.0838 train_time:2346466ms step_avg:497.24ms
step:4730/5100 train_loss:3.3374 train_time:2346960ms step_avg:497.24ms
step:4731/5100 train_loss:3.1588 train_time:2347461ms step_avg:497.24ms
step:4732/5100 train_loss:3.2810 train_time:2347954ms step_avg:497.24ms
step:4733/5100 train_loss:3.2013 train_time:2348448ms step_avg:497.24ms
step:4734/5100 train_loss:3.2191 train_time:2348938ms step_avg:497.23ms
step:4735/5100 train_loss:3.4115 train_time:2349432ms step_avg:497.23ms
step:4736/5100 train_loss:3.3130 train_time:2349926ms step_avg:497.23ms
step:4737/5100 train_loss:3.4908 train_time:2350423ms step_avg:497.23ms
step:4738/5100 train_loss:3.4121 train_time:2350917ms step_avg:497.23ms
step:4739/5100 train_loss:3.2024 train_time:2351411ms step_avg:497.23ms
step:4740/5100 train_loss:3.2795 train_time:2351906ms step_avg:497.23ms
step:4741/5100 train_loss:3.3618 train_time:2352423ms step_avg:497.24ms
step:4742/5100 train_loss:3.2555 train_time:2352894ms step_avg:497.23ms
step:4743/5100 train_loss:3.1639 train_time:2353403ms step_avg:497.23ms
step:4744/5100 train_loss:3.2359 train_time:2353884ms step_avg:497.23ms
step:4745/5100 train_loss:3.2693 train_time:2354378ms step_avg:497.23ms
step:4746/5100 train_loss:3.2278 train_time:2354873ms step_avg:497.23ms
step:4747/5100 train_loss:3.2348 train_time:2355374ms step_avg:497.23ms
step:4748/5100 train_loss:3.4636 train_time:2355862ms step_avg:497.23ms
step:4749/5100 train_loss:3.1927 train_time:2356358ms step_avg:497.23ms
step:4750/5100 train_loss:3.2606 train_time:2357058ms step_avg:497.27ms
step:4750/5100 val_loss:3.2957 train_time:2357363ms step_avg:497.33ms
step:4751/5100 train_loss:3.1652 train_time:2357552ms step_avg:497.27ms
step:4752/5100 train_loss:3.1738 train_time:2358042ms step_avg:497.27ms
step:4753/5100 train_loss:3.2650 train_time:2358540ms step_avg:497.27ms
step:4754/5100 train_loss:3.5698 train_time:2359032ms step_avg:497.27ms
step:4755/5100 train_loss:3.1541 train_time:2359527ms step_avg:497.27ms
step:4756/5100 train_loss:3.4987 train_time:2360022ms step_avg:497.27ms
step:4757/5100 train_loss:3.5265 train_time:2360515ms step_avg:497.26ms
step:4758/5100 train_loss:3.3124 train_time:2361017ms step_avg:497.27ms
step:4759/5100 train_loss:3.4405 train_time:2361504ms step_avg:497.26ms
step:4760/5100 train_loss:3.3465 train_time:2362006ms step_avg:497.26ms
step:4761/5100 train_loss:3.1696 train_time:2362495ms step_avg:497.26ms
step:4762/5100 train_loss:3.2990 train_time:2362988ms step_avg:497.26ms
step:4763/5100 train_loss:3.4537 train_time:2363484ms step_avg:497.26ms
step:4764/5100 train_loss:3.2522 train_time:2363978ms step_avg:497.26ms
step:4765/5100 train_loss:3.2885 train_time:2364474ms step_avg:497.26ms
step:4766/5100 train_loss:3.1548 train_time:2364965ms step_avg:497.26ms
step:4767/5100 train_loss:3.3354 train_time:2365458ms step_avg:497.26ms
step:4768/5100 train_loss:3.8554 train_time:2365954ms step_avg:497.26ms
step:4769/5100 train_loss:3.3872 train_time:2366447ms step_avg:497.26ms
step:4770/5100 train_loss:3.2753 train_time:2366941ms step_avg:497.26ms
step:4771/5100 train_loss:3.2690 train_time:2367441ms step_avg:497.26ms
step:4772/5100 train_loss:3.2960 train_time:2367929ms step_avg:497.26ms
step:4773/5100 train_loss:3.3186 train_time:2368424ms step_avg:497.25ms
step:4774/5100 train_loss:3.3193 train_time:2368918ms step_avg:497.25ms
step:4775/5100 train_loss:3.2916 train_time:2369415ms step_avg:497.25ms
step:4776/5100 train_loss:3.2790 train_time:2369910ms step_avg:497.25ms
step:4777/5100 train_loss:3.3313 train_time:2370403ms step_avg:497.25ms
step:4778/5100 train_loss:3.1668 train_time:2370900ms step_avg:497.25ms
step:4779/5100 train_loss:3.3005 train_time:2371394ms step_avg:497.25ms
step:4780/5100 train_loss:3.3753 train_time:2371890ms step_avg:497.25ms
step:4781/5100 train_loss:3.2748 train_time:2372386ms step_avg:497.25ms
step:4782/5100 train_loss:3.1789 train_time:2372875ms step_avg:497.25ms
step:4783/5100 train_loss:3.0912 train_time:2373370ms step_avg:497.25ms
step:4784/5100 train_loss:3.1464 train_time:2373863ms step_avg:497.25ms
step:4785/5100 train_loss:3.2247 train_time:2374358ms step_avg:497.25ms
step:4786/5100 train_loss:3.6898 train_time:2374853ms step_avg:497.25ms
step:4787/5100 train_loss:3.4730 train_time:2375351ms step_avg:497.25ms
step:4788/5100 train_loss:3.3186 train_time:2375843ms step_avg:497.25ms
step:4789/5100 train_loss:3.4107 train_time:2376338ms step_avg:497.25ms
step:4790/5100 train_loss:3.3642 train_time:2376830ms step_avg:497.24ms
step:4791/5100 train_loss:3.3154 train_time:2377325ms step_avg:497.24ms
step:4792/5100 train_loss:3.2890 train_time:2377821ms step_avg:497.24ms
step:4793/5100 train_loss:3.1993 train_time:2378316ms step_avg:497.24ms
step:4794/5100 train_loss:3.1641 train_time:2378807ms step_avg:497.24ms
step:4795/5100 train_loss:3.1570 train_time:2379303ms step_avg:497.24ms
step:4796/5100 train_loss:3.3414 train_time:2379799ms step_avg:497.24ms
step:4797/5100 train_loss:3.4074 train_time:2380292ms step_avg:497.24ms
step:4798/5100 train_loss:2.9578 train_time:2380786ms step_avg:497.24ms
step:4799/5100 train_loss:3.1813 train_time:2381282ms step_avg:497.24ms
step:4800/5100 train_loss:3.1816 train_time:2381778ms step_avg:497.24ms
step:4801/5100 train_loss:3.2627 train_time:2382273ms step_avg:497.24ms
step:4802/5100 train_loss:3.0126 train_time:2382766ms step_avg:497.24ms
step:4803/5100 train_loss:3.2420 train_time:2383264ms step_avg:497.24ms
step:4804/5100 train_loss:3.4324 train_time:2383757ms step_avg:497.24ms
step:4805/5100 train_loss:3.3088 train_time:2384251ms step_avg:497.24ms
step:4806/5100 train_loss:3.3310 train_time:2384746ms step_avg:497.24ms
step:4807/5100 train_loss:3.3829 train_time:2385240ms step_avg:497.24ms
step:4808/5100 train_loss:3.0714 train_time:2385734ms step_avg:497.24ms
step:4809/5100 train_loss:3.2435 train_time:2386228ms step_avg:497.23ms
step:4810/5100 train_loss:3.2288 train_time:2386722ms step_avg:497.23ms
step:4811/5100 train_loss:3.3695 train_time:2387216ms step_avg:497.23ms
step:4812/5100 train_loss:3.3121 train_time:2387711ms step_avg:497.23ms
step:4813/5100 train_loss:3.3393 train_time:2388204ms step_avg:497.23ms
step:4814/5100 train_loss:3.1868 train_time:2388702ms step_avg:497.23ms
step:4815/5100 train_loss:3.3334 train_time:2389245ms step_avg:497.24ms
step:4816/5100 train_loss:3.8092 train_time:2389690ms step_avg:497.23ms
step:4817/5100 train_loss:3.3612 train_time:2390187ms step_avg:497.23ms
step:4818/5100 train_loss:3.2726 train_time:2390681ms step_avg:497.23ms
step:4819/5100 train_loss:3.1745 train_time:2391177ms step_avg:497.23ms
step:4820/5100 train_loss:3.2990 train_time:2391669ms step_avg:497.23ms
step:4821/5100 train_loss:3.3301 train_time:2392164ms step_avg:497.23ms
step:4822/5100 train_loss:3.3717 train_time:2392660ms step_avg:497.23ms
step:4823/5100 train_loss:3.4208 train_time:2393151ms step_avg:497.23ms
step:4824/5100 train_loss:3.1491 train_time:2393644ms step_avg:497.23ms
step:4825/5100 train_loss:3.3011 train_time:2394178ms step_avg:497.23ms
step:4826/5100 train_loss:3.2111 train_time:2394642ms step_avg:497.23ms
step:4827/5100 train_loss:3.1401 train_time:2395143ms step_avg:497.23ms
step:4828/5100 train_loss:3.3072 train_time:2395627ms step_avg:497.22ms
step:4829/5100 train_loss:3.1830 train_time:2396156ms step_avg:497.23ms
step:4830/5100 train_loss:3.3363 train_time:2396612ms step_avg:497.22ms
step:4831/5100 train_loss:3.5510 train_time:2397146ms step_avg:497.23ms
step:4832/5100 train_loss:3.2258 train_time:2397598ms step_avg:497.22ms
step:4833/5100 train_loss:3.3352 train_time:2398093ms step_avg:497.22ms
step:4834/5100 train_loss:3.2603 train_time:2398588ms step_avg:497.22ms
step:4835/5100 train_loss:3.4346 train_time:2399083ms step_avg:497.22ms
step:4836/5100 train_loss:3.2807 train_time:2399590ms step_avg:497.22ms
step:4837/5100 train_loss:3.6219 train_time:2400071ms step_avg:497.22ms
step:4838/5100 train_loss:3.2960 train_time:2400587ms step_avg:497.22ms
step:4839/5100 train_loss:3.3070 train_time:2401082ms step_avg:497.22ms
step:4840/5100 train_loss:3.2465 train_time:2401584ms step_avg:497.22ms
step:4841/5100 train_loss:3.3182 train_time:2402053ms step_avg:497.22ms
step:4842/5100 train_loss:3.2641 train_time:2402548ms step_avg:497.22ms
step:4843/5100 train_loss:3.1819 train_time:2403064ms step_avg:497.22ms
step:4844/5100 train_loss:3.0792 train_time:2403536ms step_avg:497.21ms
step:4845/5100 train_loss:3.2526 train_time:2404029ms step_avg:497.21ms
step:4846/5100 train_loss:3.2431 train_time:2404524ms step_avg:497.21ms
step:4847/5100 train_loss:3.4788 train_time:2405015ms step_avg:497.21ms
step:4848/5100 train_loss:3.1968 train_time:2405510ms step_avg:497.21ms
step:4849/5100 train_loss:3.3694 train_time:2406004ms step_avg:497.21ms
step:4850/5100 train_loss:3.3414 train_time:2406498ms step_avg:497.21ms
step:4851/5100 train_loss:3.3536 train_time:2406995ms step_avg:497.21ms
step:4852/5100 train_loss:2.8657 train_time:2407493ms step_avg:497.21ms
step:4853/5100 train_loss:3.1305 train_time:2407983ms step_avg:497.21ms
step:4854/5100 train_loss:3.2528 train_time:2408479ms step_avg:497.21ms
step:4855/5100 train_loss:3.2672 train_time:2408976ms step_avg:497.21ms
step:4856/5100 train_loss:3.5343 train_time:2409470ms step_avg:497.21ms
step:4857/5100 train_loss:3.2228 train_time:2409970ms step_avg:497.21ms
step:4858/5100 train_loss:3.2977 train_time:2410461ms step_avg:497.21ms
step:4859/5100 train_loss:3.3303 train_time:2410955ms step_avg:497.21ms
step:4860/5100 train_loss:3.2905 train_time:2411449ms step_avg:497.21ms
step:4861/5100 train_loss:3.2645 train_time:2411946ms step_avg:497.21ms
step:4862/5100 train_loss:3.2941 train_time:2412440ms step_avg:497.21ms
step:4863/5100 train_loss:3.3302 train_time:2412929ms step_avg:497.20ms
step:4864/5100 train_loss:3.1688 train_time:2413425ms step_avg:497.20ms
step:4865/5100 train_loss:3.3913 train_time:2413918ms step_avg:497.20ms
step:4866/5100 train_loss:3.0494 train_time:2414413ms step_avg:497.20ms
step:4867/5100 train_loss:3.3005 train_time:2414940ms step_avg:497.21ms
step:4868/5100 train_loss:3.3323 train_time:2415401ms step_avg:497.20ms
step:4869/5100 train_loss:3.2911 train_time:2415894ms step_avg:497.20ms
step:4870/5100 train_loss:3.3354 train_time:2416403ms step_avg:497.20ms
step:4871/5100 train_loss:3.4003 train_time:2416899ms step_avg:497.20ms
step:4872/5100 train_loss:3.2528 train_time:2417391ms step_avg:497.20ms
step:4873/5100 train_loss:3.5278 train_time:2417888ms step_avg:497.20ms
step:4874/5100 train_loss:3.3654 train_time:2418370ms step_avg:497.20ms
step:4875/5100 train_loss:3.4528 train_time:2418863ms step_avg:497.20ms
step:4875/5100 val_loss:3.2853 train_time:2419171ms step_avg:497.26ms
step:4876/5100 train_loss:3.2737 train_time:2419359ms step_avg:497.20ms
step:4877/5100 train_loss:3.1497 train_time:2419852ms step_avg:497.20ms
step:4878/5100 train_loss:3.2627 train_time:2420343ms step_avg:497.19ms
step:4879/5100 train_loss:3.0902 train_time:2420845ms step_avg:497.20ms
step:4880/5100 train_loss:3.3905 train_time:2421332ms step_avg:497.19ms
step:4881/5100 train_loss:3.2843 train_time:2421828ms step_avg:497.19ms
step:4882/5100 train_loss:3.4250 train_time:2422321ms step_avg:497.19ms
step:4883/5100 train_loss:3.4050 train_time:2422814ms step_avg:497.19ms
step:4884/5100 train_loss:3.2617 train_time:2423312ms step_avg:497.19ms
step:4885/5100 train_loss:3.1585 train_time:2423803ms step_avg:497.19ms
step:4886/5100 train_loss:3.3503 train_time:2424297ms step_avg:497.19ms
step:4887/5100 train_loss:3.3734 train_time:2424790ms step_avg:497.19ms
step:4888/5100 train_loss:3.1873 train_time:2425283ms step_avg:497.19ms
step:4889/5100 train_loss:3.1265 train_time:2425797ms step_avg:497.19ms
step:4890/5100 train_loss:3.4034 train_time:2426273ms step_avg:497.19ms
step:4891/5100 train_loss:3.2633 train_time:2426770ms step_avg:497.19ms
step:4892/5100 train_loss:3.3685 train_time:2427265ms step_avg:497.19ms
step:4893/5100 train_loss:3.2405 train_time:2427796ms step_avg:497.19ms
step:4894/5100 train_loss:3.4998 train_time:2428251ms step_avg:497.18ms
step:4895/5100 train_loss:3.6216 train_time:2428744ms step_avg:497.18ms
step:4896/5100 train_loss:3.2764 train_time:2429242ms step_avg:497.18ms
step:4897/5100 train_loss:3.1971 train_time:2429735ms step_avg:497.18ms
step:4898/5100 train_loss:3.2233 train_time:2430237ms step_avg:497.18ms
step:4899/5100 train_loss:3.2028 train_time:2430730ms step_avg:497.18ms
step:4900/5100 train_loss:3.3066 train_time:2431231ms step_avg:497.18ms
step:4901/5100 train_loss:3.1730 train_time:2431744ms step_avg:497.19ms
step:4902/5100 train_loss:3.2197 train_time:2432237ms step_avg:497.19ms
step:4903/5100 train_loss:3.3511 train_time:2432723ms step_avg:497.18ms
step:4904/5100 train_loss:3.2264 train_time:2433202ms step_avg:497.18ms
step:4905/5100 train_loss:3.2701 train_time:2433698ms step_avg:497.18ms
step:4906/5100 train_loss:3.3661 train_time:2434191ms step_avg:497.18ms
step:4907/5100 train_loss:3.1456 train_time:2434685ms step_avg:497.18ms
step:4908/5100 train_loss:3.1764 train_time:2435179ms step_avg:497.18ms
step:4909/5100 train_loss:3.1333 train_time:2435673ms step_avg:497.18ms
step:4910/5100 train_loss:3.3140 train_time:2436169ms step_avg:497.18ms
step:4911/5100 train_loss:3.3387 train_time:2436664ms step_avg:497.18ms
step:4912/5100 train_loss:3.3579 train_time:2437158ms step_avg:497.18ms
step:4913/5100 train_loss:3.3398 train_time:2437652ms step_avg:497.18ms
step:4914/5100 train_loss:3.2118 train_time:2438147ms step_avg:497.18ms
step:4915/5100 train_loss:3.0515 train_time:2438765ms step_avg:497.20ms
step:4916/5100 train_loss:3.3574 train_time:2439263ms step_avg:497.20ms
step:4917/5100 train_loss:3.3423 train_time:2439761ms step_avg:497.20ms
step:4918/5100 train_loss:3.1395 train_time:2440253ms step_avg:497.20ms
step:4919/5100 train_loss:3.3285 train_time:2440745ms step_avg:497.20ms
step:4920/5100 train_loss:3.2434 train_time:2441241ms step_avg:497.20ms
step:4921/5100 train_loss:3.3571 train_time:2441733ms step_avg:497.20ms
step:4922/5100 train_loss:3.4349 train_time:2442229ms step_avg:497.20ms
step:4923/5100 train_loss:3.2785 train_time:2442726ms step_avg:497.20ms
step:4924/5100 train_loss:3.2293 train_time:2443217ms step_avg:497.20ms
step:4925/5100 train_loss:3.4145 train_time:2443709ms step_avg:497.19ms
step:4926/5100 train_loss:3.2898 train_time:2444206ms step_avg:497.19ms
step:4927/5100 train_loss:3.1855 train_time:2444703ms step_avg:497.19ms
step:4928/5100 train_loss:3.2009 train_time:2445192ms step_avg:497.19ms
step:4929/5100 train_loss:3.2605 train_time:2445685ms step_avg:497.19ms
step:4930/5100 train_loss:3.3787 train_time:2446182ms step_avg:497.19ms
step:4931/5100 train_loss:4.0865 train_time:2446676ms step_avg:497.19ms
step:4932/5100 train_loss:3.2883 train_time:2447169ms step_avg:497.19ms
step:4933/5100 train_loss:3.3081 train_time:2447661ms step_avg:497.19ms
step:4934/5100 train_loss:3.3948 train_time:2448159ms step_avg:497.19ms
step:4935/5100 train_loss:2.9817 train_time:2448652ms step_avg:497.19ms
step:4936/5100 train_loss:3.4412 train_time:2449146ms step_avg:497.19ms
step:4937/5100 train_loss:3.3575 train_time:2449641ms step_avg:497.19ms
step:4938/5100 train_loss:3.4582 train_time:2450133ms step_avg:497.19ms
step:4939/5100 train_loss:3.3885 train_time:2450635ms step_avg:497.19ms
step:4940/5100 train_loss:3.6148 train_time:2451477ms step_avg:497.26ms
step:4941/5100 train_loss:3.2393 train_time:2451961ms step_avg:497.25ms
step:4942/5100 train_loss:3.3598 train_time:2452456ms step_avg:497.25ms
step:4943/5100 train_loss:2.9830 train_time:2452956ms step_avg:497.25ms
step:4944/5100 train_loss:3.3651 train_time:2453445ms step_avg:497.25ms
step:4945/5100 train_loss:3.7930 train_time:2453941ms step_avg:497.25ms
step:4946/5100 train_loss:3.1670 train_time:2454437ms step_avg:497.25ms
step:4947/5100 train_loss:3.1922 train_time:2454935ms step_avg:497.25ms
step:4948/5100 train_loss:3.4151 train_time:2455425ms step_avg:497.25ms
step:4949/5100 train_loss:3.0991 train_time:2455921ms step_avg:497.25ms
step:4950/5100 train_loss:3.3944 train_time:2456415ms step_avg:497.25ms
step:4951/5100 train_loss:3.1968 train_time:2456910ms step_avg:497.25ms
step:4952/5100 train_loss:3.3937 train_time:2457403ms step_avg:497.25ms
step:4953/5100 train_loss:3.2111 train_time:2457894ms step_avg:497.25ms
step:4954/5100 train_loss:3.2162 train_time:2458389ms step_avg:497.25ms
step:4955/5100 train_loss:3.1759 train_time:2458886ms step_avg:497.25ms
step:4956/5100 train_loss:3.1292 train_time:2459391ms step_avg:497.25ms
step:4957/5100 train_loss:3.3551 train_time:2459877ms step_avg:497.25ms
step:4958/5100 train_loss:3.1849 train_time:2460375ms step_avg:497.25ms
step:4959/5100 train_loss:3.1865 train_time:2460870ms step_avg:497.25ms
step:4960/5100 train_loss:3.3151 train_time:2461361ms step_avg:497.24ms
step:4961/5100 train_loss:3.5984 train_time:2461851ms step_avg:497.24ms
step:4962/5100 train_loss:3.1873 train_time:2462347ms step_avg:497.24ms
step:4963/5100 train_loss:3.3413 train_time:2462841ms step_avg:497.24ms
step:4964/5100 train_loss:3.1773 train_time:2463337ms step_avg:497.24ms
step:4965/5100 train_loss:4.3978 train_time:2463832ms step_avg:497.24ms
step:4966/5100 train_loss:3.2297 train_time:2464324ms step_avg:497.24ms
step:4967/5100 train_loss:3.3008 train_time:2464821ms step_avg:497.24ms
step:4968/5100 train_loss:3.3339 train_time:2465316ms step_avg:497.24ms
step:4969/5100 train_loss:4.4152 train_time:2465808ms step_avg:497.24ms
step:4970/5100 train_loss:3.4820 train_time:2466310ms step_avg:497.24ms
step:4971/5100 train_loss:3.3675 train_time:2466809ms step_avg:497.24ms
step:4972/5100 train_loss:3.3328 train_time:2467297ms step_avg:497.24ms
step:4973/5100 train_loss:3.3538 train_time:2467789ms step_avg:497.24ms
step:4974/5100 train_loss:3.2353 train_time:2468295ms step_avg:497.24ms
step:4975/5100 train_loss:3.2452 train_time:2468791ms step_avg:497.24ms
step:4976/5100 train_loss:3.3659 train_time:2469276ms step_avg:497.24ms
step:4977/5100 train_loss:3.2649 train_time:2469771ms step_avg:497.24ms
step:4978/5100 train_loss:3.1772 train_time:2470263ms step_avg:497.23ms
step:4979/5100 train_loss:3.3248 train_time:2470757ms step_avg:497.23ms
step:4980/5100 train_loss:3.1906 train_time:2471252ms step_avg:497.23ms
step:4981/5100 train_loss:3.4505 train_time:2471747ms step_avg:497.23ms
step:4982/5100 train_loss:3.4001 train_time:2472241ms step_avg:497.23ms
step:4983/5100 train_loss:3.0921 train_time:2472739ms step_avg:497.23ms
step:4984/5100 train_loss:2.9843 train_time:2473236ms step_avg:497.23ms
step:4985/5100 train_loss:3.6676 train_time:2473725ms step_avg:497.23ms
step:4986/5100 train_loss:3.5589 train_time:2474220ms step_avg:497.23ms
step:4987/5100 train_loss:3.2742 train_time:2474715ms step_avg:497.23ms
step:4988/5100 train_loss:3.3374 train_time:2475209ms step_avg:497.23ms
step:4989/5100 train_loss:3.3462 train_time:2475702ms step_avg:497.23ms
step:4990/5100 train_loss:3.2400 train_time:2476214ms step_avg:497.23ms
step:4991/5100 train_loss:3.2344 train_time:2476730ms step_avg:497.24ms
step:4992/5100 train_loss:3.3855 train_time:2477195ms step_avg:497.23ms
step:4993/5100 train_loss:3.0610 train_time:2477686ms step_avg:497.23ms
step:4994/5100 train_loss:3.2951 train_time:2478181ms step_avg:497.23ms
step:4995/5100 train_loss:3.2291 train_time:2478673ms step_avg:497.23ms
step:4996/5100 train_loss:3.4774 train_time:2479169ms step_avg:497.23ms
step:4997/5100 train_loss:3.3211 train_time:2479663ms step_avg:497.23ms
step:4998/5100 train_loss:3.3340 train_time:2480160ms step_avg:497.23ms
step:4999/5100 train_loss:3.3776 train_time:2480656ms step_avg:497.23ms
step:5000/5100 train_loss:3.5086 train_time:2481149ms step_avg:497.22ms
step:5000/5100 val_loss:3.2773 train_time:2481457ms step_avg:497.29ms
step:5001/5100 train_loss:3.3394 train_time:2481655ms step_avg:497.23ms
step:5002/5100 train_loss:3.3045 train_time:2482137ms step_avg:497.22ms
step:5003/5100 train_loss:3.3064 train_time:2482630ms step_avg:497.22ms
step:5004/5100 train_loss:3.3873 train_time:2483124ms step_avg:497.22ms
step:5005/5100 train_loss:3.1909 train_time:2483619ms step_avg:497.22ms
step:5006/5100 train_loss:3.0518 train_time:2484157ms step_avg:497.23ms
step:5007/5100 train_loss:3.2512 train_time:2484633ms step_avg:497.22ms
step:5008/5100 train_loss:3.3210 train_time:2485107ms step_avg:497.22ms
step:5009/5100 train_loss:3.0962 train_time:2485625ms step_avg:497.22ms
step:5010/5100 train_loss:3.2549 train_time:2486097ms step_avg:497.22ms
step:5011/5100 train_loss:3.6140 train_time:2486587ms step_avg:497.22ms
step:5012/5100 train_loss:3.2306 train_time:2487081ms step_avg:497.22ms
step:5013/5100 train_loss:3.3023 train_time:2487575ms step_avg:497.22ms
step:5014/5100 train_loss:3.0674 train_time:2488069ms step_avg:497.22ms
step:5015/5100 train_loss:3.3118 train_time:2488564ms step_avg:497.22ms
step:5016/5100 train_loss:3.2313 train_time:2489067ms step_avg:497.22ms
step:5017/5100 train_loss:3.1644 train_time:2489552ms step_avg:497.21ms
step:5018/5100 train_loss:3.2395 train_time:2490063ms step_avg:497.22ms
step:5019/5100 train_loss:3.2597 train_time:2490550ms step_avg:497.21ms
step:5020/5100 train_loss:3.9470 train_time:2491071ms step_avg:497.22ms
step:5021/5100 train_loss:3.1789 train_time:2491540ms step_avg:497.21ms
step:5022/5100 train_loss:3.2392 train_time:2492034ms step_avg:497.21ms
step:5023/5100 train_loss:3.2948 train_time:2492527ms step_avg:497.21ms
step:5024/5100 train_loss:3.4302 train_time:2493020ms step_avg:497.21ms
step:5025/5100 train_loss:3.1960 train_time:2493517ms step_avg:497.21ms
step:5026/5100 train_loss:3.5637 train_time:2494007ms step_avg:497.21ms
step:5027/5100 train_loss:3.1934 train_time:2494502ms step_avg:497.21ms
step:5028/5100 train_loss:3.3285 train_time:2494994ms step_avg:497.21ms
step:5029/5100 train_loss:3.4217 train_time:2495490ms step_avg:497.21ms
step:5030/5100 train_loss:3.3903 train_time:2495988ms step_avg:497.21ms
step:5031/5100 train_loss:3.2044 train_time:2496482ms step_avg:497.21ms
step:5032/5100 train_loss:3.2825 train_time:2496977ms step_avg:497.21ms
step:5033/5100 train_loss:3.0867 train_time:2497471ms step_avg:497.21ms
step:5034/5100 train_loss:3.3710 train_time:2497968ms step_avg:497.21ms
step:5035/5100 train_loss:3.4301 train_time:2498460ms step_avg:497.21ms
step:5036/5100 train_loss:3.1777 train_time:2498966ms step_avg:497.21ms
step:5037/5100 train_loss:3.1998 train_time:2499472ms step_avg:497.21ms
step:5038/5100 train_loss:3.1754 train_time:2499977ms step_avg:497.21ms
step:5039/5100 train_loss:3.2648 train_time:2500457ms step_avg:497.21ms
step:5040/5100 train_loss:3.1912 train_time:2500933ms step_avg:497.20ms
step:5041/5100 train_loss:3.4587 train_time:2501433ms step_avg:497.20ms
step:5042/5100 train_loss:3.2525 train_time:2501932ms step_avg:497.20ms
step:5043/5100 train_loss:3.3513 train_time:2502428ms step_avg:497.20ms
step:5044/5100 train_loss:3.2561 train_time:2502907ms step_avg:497.20ms
step:5045/5100 train_loss:3.4632 train_time:2503401ms step_avg:497.20ms
step:5046/5100 train_loss:3.1392 train_time:2503896ms step_avg:497.20ms
step:5047/5100 train_loss:3.2734 train_time:2504390ms step_avg:497.20ms
step:5048/5100 train_loss:2.8629 train_time:2504883ms step_avg:497.20ms
step:5049/5100 train_loss:3.3626 train_time:2505377ms step_avg:497.20ms
step:5050/5100 train_loss:3.2695 train_time:2505872ms step_avg:497.20ms
step:5051/5100 train_loss:3.1931 train_time:2506367ms step_avg:497.20ms
step:5052/5100 train_loss:3.2610 train_time:2506864ms step_avg:497.20ms
step:5053/5100 train_loss:3.2235 train_time:2507359ms step_avg:497.20ms
step:5054/5100 train_loss:3.3963 train_time:2507851ms step_avg:497.19ms
step:5055/5100 train_loss:3.5315 train_time:2508347ms step_avg:497.19ms
step:5056/5100 train_loss:3.2990 train_time:2508842ms step_avg:497.19ms
step:5057/5100 train_loss:3.2414 train_time:2509339ms step_avg:497.19ms
step:5058/5100 train_loss:3.1571 train_time:2509830ms step_avg:497.19ms
step:5059/5100 train_loss:2.9275 train_time:2510326ms step_avg:497.19ms
step:5060/5100 train_loss:3.2425 train_time:2510854ms step_avg:497.20ms
step:5061/5100 train_loss:3.2562 train_time:2511323ms step_avg:497.19ms
step:5062/5100 train_loss:3.2547 train_time:2511808ms step_avg:497.19ms
step:5063/5100 train_loss:3.4771 train_time:2512302ms step_avg:497.19ms
step:5064/5100 train_loss:3.3485 train_time:2512797ms step_avg:497.19ms
step:5065/5100 train_loss:3.3202 train_time:2513290ms step_avg:497.19ms
step:5066/5100 train_loss:3.3534 train_time:2513788ms step_avg:497.19ms
step:5067/5100 train_loss:3.8262 train_time:2514279ms step_avg:497.19ms
step:5068/5100 train_loss:3.2390 train_time:2514778ms step_avg:497.19ms
step:5069/5100 train_loss:3.5189 train_time:2515275ms step_avg:497.19ms
step:5070/5100 train_loss:3.3384 train_time:2515765ms step_avg:497.19ms
step:5071/5100 train_loss:3.4444 train_time:2516264ms step_avg:497.19ms
step:5072/5100 train_loss:3.2724 train_time:2516755ms step_avg:497.19ms
step:5073/5100 train_loss:3.3928 train_time:2517248ms step_avg:497.19ms
step:5074/5100 train_loss:3.4498 train_time:2517743ms step_avg:497.18ms
step:5075/5100 train_loss:3.3429 train_time:2518238ms step_avg:497.18ms
step:5076/5100 train_loss:3.2392 train_time:2518737ms step_avg:497.18ms
step:5077/5100 train_loss:3.1752 train_time:2519229ms step_avg:497.18ms
step:5078/5100 train_loss:3.3484 train_time:2519722ms step_avg:497.18ms
step:5079/5100 train_loss:3.5099 train_time:2520218ms step_avg:497.18ms
step:5080/5100 train_loss:3.4518 train_time:2520712ms step_avg:497.18ms
step:5081/5100 train_loss:3.2982 train_time:2521205ms step_avg:497.18ms
step:5082/5100 train_loss:3.3763 train_time:2521705ms step_avg:497.18ms
step:5083/5100 train_loss:3.1582 train_time:2522197ms step_avg:497.18ms
step:5084/5100 train_loss:3.2541 train_time:2522690ms step_avg:497.18ms
step:5085/5100 train_loss:3.1646 train_time:2523183ms step_avg:497.18ms
step:5086/5100 train_loss:3.4382 train_time:2523677ms step_avg:497.18ms
step:5087/5100 train_loss:3.3382 train_time:2524177ms step_avg:497.18ms
step:5088/5100 train_loss:3.2406 train_time:2524664ms step_avg:497.18ms
step:5089/5100 train_loss:3.3285 train_time:2525160ms step_avg:497.18ms
step:5090/5100 train_loss:3.3760 train_time:2525654ms step_avg:497.18ms
step:5091/5100 train_loss:3.3134 train_time:2526150ms step_avg:497.18ms
step:5092/5100 train_loss:3.3037 train_time:2526647ms step_avg:497.18ms
step:5093/5100 train_loss:3.0919 train_time:2527139ms step_avg:497.17ms
step:5094/5100 train_loss:3.2477 train_time:2527630ms step_avg:497.17ms
step:5095/5100 train_loss:3.3176 train_time:2528126ms step_avg:497.17ms
step:5096/5100 train_loss:3.2910 train_time:2528622ms step_avg:497.17ms
step:5097/5100 train_loss:3.2411 train_time:2529114ms step_avg:497.17ms
step:5098/5100 train_loss:3.3914 train_time:2529614ms step_avg:497.17ms
step:5099/5100 train_loss:3.3090 train_time:2530105ms step_avg:497.17ms
step:5100/5100 train_loss:3.2129 train_time:2530603ms step_avg:497.17ms
step:5100/5100 val_loss:3.2737 train_time:2530909ms step_avg:497.23ms
peak memory consumption: 40033 MiB
Metrics saved to /models/modded-nanogpt_record50_cautious_wd/npu_bench/record_005_modern_arch/agent_outputs/default_agent/runs/seed_001/metrics.json
tep:4848/5100 train_loss:3.1968 train_time:2405510ms step_avg:497.21ms
step:4849/5100 train_loss:3.3694 train_time:2406004ms step_avg:497.21ms
step:4850/5100 train_loss:3.3414 train_time:2406498ms step_avg:497.21ms
step:4851/5100 train_loss:3.3536 train_time:2406995ms step_avg:497.21ms
step:4852/5100 train_loss:2.8657 train_time:2407493ms step_avg:497.21ms
step:4853/5100 train_loss:3.1305 train_time:2407983ms step_avg:497.21ms
step:4854/5100 train_loss:3.2528 train_time:2408479ms step_avg:497.21ms
step:4855/5100 train_loss:3.2672 train_time:2408976ms step_avg:497.21ms
step:4856/5100 train_loss:3.5343 train_time:2409470ms step_avg:497.21ms
step:4857/5100 train_loss:3.2228 train_time:2409970ms step_avg:497.21ms
step:4858/5100 train_loss:3.2977 train_time:2410461ms step_avg:497.21ms
step:4859/5100 train_loss:3.3303 train_time:2410955ms step_avg:497.21ms
step:4860/5100 train_loss:3.2905 train_time:2411449ms step_avg:497.21ms
step:4861/5100 train_loss:3.2645 train_time:2411946ms step_avg:497.21ms
step:4862/5100 train_loss:3.2941 train_time:2412440ms step_avg:497.21ms
step:4863/5100 train_loss:3.3302 train_time:2412929ms step_avg:497.20ms
step:4864/5100 train_loss:3.1688 train_time:2413425ms step_avg:497.20ms
step:4865/5100 train_loss:3.3913 train_time:2413918ms step_avg:497.20ms
step:4866/5100 train_loss:3.0494 train_time:2414413ms step_avg:497.20ms
step:4867/5100 train_loss:3.3005 train_time:2414940ms step_avg:497.21ms
step:4868/5100 train_loss:3.3323 train_time:2415401ms step_avg:497.20ms
step:4869/5100 train_loss:3.2911 train_time:2415894ms step_avg:497.20ms
step:4870/5100 train_loss:3.3354 train_time:2416403ms step_avg:497.20ms
step:4871/5100 train_loss:3.4003 train_time:2416899ms step_avg:497.20ms
step:4872/5100 train_loss:3.2528 train_time:2417391ms step_avg:497.20ms
step:4873/5100 train_loss:3.5278 train_time:2417888ms step_avg:497.20ms
step:4874/5100 train_loss:3.3654 train_time:2418370ms step_avg:497.20ms
step:4875/5100 train_loss:3.4528 train_time:2418863ms step_avg:497.20ms
step:4875/5100 val_loss:3.2853 train_time:2419171ms step_avg:497.26ms
step:4876/5100 train_loss:3.2737 train_time:2419359ms step_avg:497.20ms
step:4877/5100 train_loss:3.1497 train_time:2419852ms step_avg:497.20ms
step:4878/5100 train_loss:3.2627 train_time:2420343ms step_avg:497.19ms
step:4879/5100 train_loss:3.0902 train_time:2420845ms step_avg:497.20ms
step:4880/5100 train_loss:3.3905 train_time:2421332ms step_avg:497.19ms
step:4881/5100 train_loss:3.2843 train_time:2421828ms step_avg:497.19ms
step:4882/5100 train_loss:3.4250 train_time:2422321ms step_avg:497.19ms
step:4883/5100 train_loss:3.4050 train_time:2422814ms step_avg:497.19ms
step:4884/5100 train_loss:3.2617 train_time:2423312ms step_avg:497.19ms
step:4885/5100 train_loss:3.1585 train_time:2423803ms step_avg:497.19ms
step:4886/5100 train_loss:3.3503 train_time:2424297ms step_avg:497.19ms
step:4887/5100 train_loss:3.3734 train_time:2424790ms step_avg:497.19ms
step:4888/5100 train_loss:3.1873 train_time:2425283ms step_avg:497.19ms
step:4889/5100 train_loss:3.1265 train_time:2425797ms step_avg:497.19ms
step:4890/5100 train_loss:3.4034 train_time:2426273ms step_avg:497.19ms
step:4891/5100 train_loss:3.2633 train_time:2426770ms step_avg:497.19ms
step:4892/5100 train_loss:3.3685 train_time:2427265ms step_avg:497.19ms
step:4893/5100 train_loss:3.2405 train_time:2427796ms step_avg:497.19ms
step:4894/5100 train_loss:3.4998 train_time:2428251ms step_avg:497.18ms
step:4895/5100 train_loss:3.6216 train_time:2428744ms step_avg:497.18ms
step:4896/5100 train_loss:3.2764 train_time:2429242ms step_avg:497.18ms
step:4897/5100 train_loss:3.1971 train_time:2429735ms step_avg:497.18ms
step:4898/5100 train_loss:3.2233 train_time:2430237ms step_avg:497.18ms
step:4899/5100 train_loss:3.2028 train_time:2430730ms step_avg:497.18ms
step:4900/5100 train_loss:3.3066 train_time:2431231ms step_avg:497.18ms
step:4901/5100 train_loss:3.1730 train_time:2431744ms step_avg:497.19ms
step:4902/5100 train_loss:3.2197 train_time:2432237ms step_avg:497.19ms
step:4903/5100 train_loss:3.3511 train_time:2432723ms step_avg:497.18ms
step:4904/5100 train_loss:3.2264 train_time:2433202ms step_avg:497.18ms
step:4905/5100 train_loss:3.2701 train_time:2433698ms step_avg:497.18ms
step:4906/5100 train_loss:3.3661 train_time:2434191ms step_avg:497.18ms
step:4907/5100 train_loss:3.1456 train_time:2434685ms step_avg:497.18ms
step:4908/5100 train_loss:3.1764 train_time:2435179ms step_avg:497.18ms
step:4909/5100 train_loss:3.1333 train_time:2435673ms step_avg:497.18ms
step:4910/5100 train_loss:3.3140 train_time:2436169ms step_avg:497.18ms
step:4911/5100 train_loss:3.3387 train_time:2436664ms step_avg:497.18ms
step:4912/5100 train_loss:3.3579 train_time:2437158ms step_avg:497.18ms
step:4913/5100 train_loss:3.3398 train_time:2437652ms step_avg:497.18ms
step:4914/5100 train_loss:3.2118 train_time:2438147ms step_avg:497.18ms
step:4915/5100 train_loss:3.0515 train_time:2438765ms step_avg:497.20ms
step:4916/5100 train_loss:3.3574 train_time:2439263ms step_avg:497.20ms
step:4917/5100 train_loss:3.3423 train_time:2439761ms step_avg:497.20ms
step:4918/5100 train_loss:3.1395 train_time:2440253ms step_avg:497.20ms
step:4919/5100 train_loss:3.3285 train_time:2440745ms step_avg:497.20ms
step:4920/5100 train_loss:3.2434 train_time:2441241ms step_avg:497.20ms
step:4921/5100 train_loss:3.3571 train_time:2441733ms step_avg:497.20ms
step:4922/5100 train_loss:3.4349 train_time:2442229ms step_avg:497.20ms
step:4923/5100 train_loss:3.2785 train_time:2442726ms step_avg:497.20ms
step:4924/5100 train_loss:3.2293 train_time:2443217ms step_avg:497.20ms
step:4925/5100 train_loss:3.4145 train_time:2443709ms step_avg:497.19ms
step:4926/5100 train_loss:3.2898 train_time:2444206ms step_avg:497.19ms
step:4927/5100 train_loss:3.1855 train_time:2444703ms step_avg:497.19ms
step:4928/5100 train_loss:3.2009 train_time:2445192ms step_avg:497.19ms
step:4929/5100 train_loss:3.2605 train_time:2445685ms step_avg:497.19ms
step:4930/5100 train_loss:3.3787 train_time:2446182ms step_avg:497.19ms
step:4931/5100 train_loss:4.0865 train_time:2446676ms step_avg:497.19ms
step:4932/5100 train_loss:3.2883 train_time:2447169ms step_avg:497.19ms
step:4933/5100 train_loss:3.3081 train_time:2447661ms step_avg:497.19ms
step:4934/5100 train_loss:3.3948 train_time:2448159ms step_avg:497.19ms
step:4935/5100 train_loss:2.9817 train_time:2448652ms step_avg:497.19ms
step:4936/5100 train_loss:3.4412 train_time:2449146ms step_avg:497.19ms
step:4937/5100 train_loss:3.3575 train_time:2449641ms step_avg:497.19ms
step:4938/5100 train_loss:3.4582 train_time:2450133ms step_avg:497.19ms
step:4939/5100 train_loss:3.3885 train_time:2450635ms step_avg:497.19ms
step:4940/5100 train_loss:3.6148 train_time:2451477ms step_avg:497.26ms
step:4941/5100 train_loss:3.2393 train_time:2451961ms step_avg:497.25ms
step:4942/5100 train_loss:3.3598 train_time:2452456ms step_avg:497.25ms
step:4943/5100 train_loss:2.9830 train_time:2452956ms step_avg:497.25ms
step:4944/5100 train_loss:3.3651 train_time:2453445ms step_avg:497.25ms
step:4945/5100 train_loss:3.7930 train_time:2453941ms step_avg:497.25ms
step:4946/5100 train_loss:3.1670 train_time:2454437ms step_avg:497.25ms
step:4947/5100 train_loss:3.1922 train_time:2454935ms step_avg:497.25ms
step:4948/5100 train_loss:3.4151 train_time:2455425ms step_avg:497.25ms
step:4949/5100 train_loss:3.0991 train_time:2455921ms step_avg:497.25ms
step:4950/5100 train_loss:3.3944 train_time:2456415ms step_avg:497.25ms
step:4951/5100 train_loss:3.1968 train_time:2456910ms step_avg:497.25ms
step:4952/5100 train_loss:3.3937 train_time:2457403ms step_avg:497.25ms
step:4953/5100 train_loss:3.2111 train_time:2457894ms step_avg:497.25ms
step:4954/5100 train_loss:3.2162 train_time:2458389ms step_avg:497.25ms
step:4955/5100 train_loss:3.1759 train_time:2458886ms step_avg:497.25ms
step:4956/5100 train_loss:3.1292 train_time:2459391ms step_avg:497.25ms
step:4957/5100 train_loss:3.3551 train_time:2459877ms step_avg:497.25ms
step:4958/5100 train_loss:3.1849 train_time:2460375ms step_avg:497.25ms
step:4959/5100 train_loss:3.1865 train_time:2460870ms step_avg:497.25ms
step:4960/5100 train_loss:3.3151 train_time:2461361ms step_avg:497.24ms
step:4961/5100 train_loss:3.5984 train_time:2461851ms step_avg:497.24ms
step:4962/5100 train_loss:3.1873 train_time:2462347ms step_avg:497.24ms
step:4963/5100 train_loss:3.3413 train_time:2462841ms step_avg:497.24ms
step:4964/5100 train_loss:3.1773 train_time:2463337ms step_avg:497.24ms
step:4965/5100 train_loss:4.3978 train_time:2463832ms step_avg:497.24ms
step:4966/5100 train_loss:3.2297 train_time:2464324ms step_avg:497.24ms
step:4967/5100 train_loss:3.3008 train_time:2464821ms step_avg:497.24ms
step:4968/5100 train_loss:3.3339 train_time:2465316ms step_avg:497.24ms
step:4969/5100 train_loss:4.4152 train_time:2465808ms step_avg:497.24ms
step:4970/5100 train_loss:3.4820 train_time:2466310ms step_avg:497.24ms
step:4971/5100 train_loss:3.3675 train_time:2466809ms step_avg:497.24ms
step:4972/5100 train_loss:3.3328 train_time:2467297ms step_avg:497.24ms
step:4973/5100 train_loss:3.3538 train_time:2467789ms step_avg:497.24ms
step:4974/5100 train_loss:3.2353 train_time:2468295ms step_avg:497.24ms
step:4975/5100 train_loss:3.2452 train_time:2468791ms step_avg:497.24ms
step:4976/5100 train_loss:3.3659 train_time:2469276ms step_avg:497.24ms
step:4977/5100 train_loss:3.2649 train_time:2469771ms step_avg:497.24ms
step:4978/5100 train_loss:3.1772 train_time:2470263ms step_avg:497.23ms
step:4979/5100 train_loss:3.3248 train_time:2470757ms step_avg:497.23ms
step:4980/5100 train_loss:3.1906 train_time:2471252ms step_avg:497.23ms
step:4981/5100 train_loss:3.4505 train_time:2471747ms step_avg:497.23ms
step:4982/5100 train_loss:3.4001 train_time:2472241ms step_avg:497.23ms
step:4983/5100 train_loss:3.0921 train_time:2472739ms step_avg:497.23ms
step:4984/5100 train_loss:2.9843 train_time:2473236ms step_avg:497.23ms
step:4985/5100 train_loss:3.6676 train_time:2473725ms step_avg:497.23ms
step:4986/5100 train_loss:3.5589 train_time:2474220ms step_avg:497.23ms
step:4987/5100 train_loss:3.2742 train_time:2474715ms step_avg:497.23ms
step:4988/5100 train_loss:3.3374 train_time:2475209ms step_avg:497.23ms
step:4989/5100 train_loss:3.3462 train_time:2475702ms step_avg:497.23ms
step:4990/5100 train_loss:3.2400 train_time:2476214ms step_avg:497.23ms
step:4991/5100 train_loss:3.2344 train_time:2476730ms step_avg:497.24ms
step:4992/5100 train_loss:3.3855 train_time:2477195ms step_avg:497.23ms
step:4993/5100 train_loss:3.0610 train_time:2477686ms step_avg:497.23ms
step:4994/5100 train_loss:3.2951 train_time:2478181ms step_avg:497.23ms
step:4995/5100 train_loss:3.2291 train_time:2478673ms step_avg:497.23ms
step:4996/5100 train_loss:3.4774 train_time:2479169ms step_avg:497.23ms
step:4997/5100 train_loss:3.3211 train_time:2479663ms step_avg:497.23ms
step:4998/5100 train_loss:3.3340 train_time:2480160ms step_avg:497.23ms
step:4999/5100 train_loss:3.3776 train_time:2480656ms step_avg:497.23ms
step:5000/5100 train_loss:3.5086 train_time:2481149ms step_avg:497.22ms
step:5000/5100 val_loss:3.2773 train_time:2481457ms step_avg:497.29ms
step:5001/5100 train_loss:3.3394 train_time:2481655ms step_avg:497.23ms
step:5002/5100 train_loss:3.3045 train_time:2482137ms step_avg:497.22ms
step:5003/5100 train_loss:3.3064 train_time:2482630ms step_avg:497.22ms
step:5004/5100 train_loss:3.3873 train_time:2483124ms step_avg:497.22ms
step:5005/5100 train_loss:3.1909 train_time:2483619ms step_avg:497.22ms
step:5006/5100 train_loss:3.0518 train_time:2484157ms step_avg:497.23ms
step:5007/5100 train_loss:3.2512 train_time:2484633ms step_avg:497.22ms
step:5008/5100 train_loss:3.3210 train_time:2485107ms step_avg:497.22ms
step:5009/5100 train_loss:3.0962 train_time:2485625ms step_avg:497.22ms
step:5010/5100 train_loss:3.2549 train_time:2486097ms step_avg:497.22ms
step:5011/5100 train_loss:3.6140 train_time:2486587ms step_avg:497.22ms
step:5012/5100 train_loss:3.2306 train_time:2487081ms step_avg:497.22ms
step:5013/5100 train_loss:3.3023 train_time:2487575ms step_avg:497.22ms
step:5014/5100 train_loss:3.0674 train_time:2488069ms step_avg:497.22ms
step:5015/5100 train_loss:3.3118 train_time:2488564ms step_avg:497.22ms
step:5016/5100 train_loss:3.2313 train_time:2489067ms step_avg:497.22ms
step:5017/5100 train_loss:3.1644 train_time:2489552ms step_avg:497.21ms
step:5018/5100 train_loss:3.2395 train_time:2490063ms step_avg:497.22ms
step:5019/5100 train_loss:3.2597 train_time:2490550ms step_avg:497.21ms
step:5020/5100 train_loss:3.9470 train_time:2491071ms step_avg:497.22ms
step:5021/5100 train_loss:3.1789 train_time:2491540ms step_avg:497.21ms
step:5022/5100 train_loss:3.2392 train_time:2492034ms step_avg:497.21ms
step:5023/5100 train_loss:3.2948 train_time:2492527ms step_avg:497.21ms
step:5024/5100 train_loss:3.4302 train_time:2493020ms step_avg:497.21ms
step:5025/5100 train_loss:3.1960 train_time:2493517ms step_avg:497.21ms
step:5026/5100 train_loss:3.5637 train_time:2494007ms step_avg:497.21ms
step:5027/5100 train_loss:3.1934 train_time:2494502ms step_avg:497.21ms
step:5028/5100 train_loss:3.3285 train_time:2494994ms step_avg:497.21ms
step:5029/5100 train_loss:3.4217 train_time:2495490ms step_avg:497.21ms
step:5030/5100 train_loss:3.3903 train_time:2495988ms step_avg:497.21ms
step:5031/5100 train_loss:3.2044 train_time:2496482ms step_avg:497.21ms
step:5032/5100 train_loss:3.2825 train_time:2496977ms step_avg:497.21ms
step:5033/5100 train_loss:3.0867 train_time:2497471ms step_avg:497.21ms
step:5034/5100 train_loss:3.3710 train_time:2497968ms step_avg:497.21ms
step:5035/5100 train_loss:3.4301 train_time:2498460ms step_avg:497.21ms
step:5036/5100 train_loss:3.1777 train_time:2498966ms step_avg:497.21ms
step:5037/5100 train_loss:3.1998 train_time:2499472ms step_avg:497.21ms
step:5038/5100 train_loss:3.1754 train_time:2499977ms step_avg:497.21ms
step:5039/5100 train_loss:3.2648 train_time:2500457ms step_avg:497.21ms
step:5040/5100 train_loss:3.1912 train_time:2500933ms step_avg:497.20ms
step:5041/5100 train_loss:3.4587 train_time:2501433ms step_avg:497.20ms
step:5042/5100 train_loss:3.2525 train_time:2501932ms step_avg:497.20ms
step:5043/5100 train_loss:3.3513 train_time:2502428ms step_avg:497.20ms
step:5044/5100 train_loss:3.2561 train_time:2502907ms step_avg:497.20ms
step:5045/5100 train_loss:3.4632 train_time:2503401ms step_avg:497.20ms
step:5046/5100 train_loss:3.1392 train_time:2503896ms step_avg:497.20ms
step:5047/5100 train_loss:3.2734 train_time:2504390ms step_avg:497.20ms
step:5048/5100 train_loss:2.8629 train_time:2504883ms step_avg:497.20ms
step:5049/5100 train_loss:3.3626 train_time:2505377ms step_avg:497.20ms
step:5050/5100 train_loss:3.2695 train_time:2505872ms step_avg:497.20ms
step:5051/5100 train_loss:3.1931 train_time:2506367ms step_avg:497.20ms
step:5052/5100 train_loss:3.2610 train_time:2506864ms step_avg:497.20ms
step:5053/5100 train_loss:3.2235 train_time:2507359ms step_avg:497.20ms
step:5054/5100 train_loss:3.3963 train_time:2507851ms step_avg:497.19ms
step:5055/5100 train_loss:3.5315 train_time:2508347ms step_avg:497.19ms
step:5056/5100 train_loss:3.2990 train_time:2508842ms step_avg:497.19ms
step:5057/5100 train_loss:3.2414 train_time:2509339ms step_avg:497.19ms
step:5058/5100 train_loss:3.1571 train_time:2509830ms step_avg:497.19ms
step:5059/5100 train_loss:2.9275 train_time:2510326ms step_avg:497.19ms
step:5060/5100 train_loss:3.2425 train_time:2510854ms step_avg:497.20ms
step:5061/5100 train_loss:3.2562 train_time:2511323ms step_avg:497.19ms
step:5062/5100 train_loss:3.2547 train_time:2511808ms step_avg:497.19ms
step:5063/5100 train_loss:3.4771 train_time:2512302ms step_avg:497.19ms
step:5064/5100 train_loss:3.3485 train_time:2512797ms step_avg:497.19ms
step:5065/5100 train_loss:3.3202 train_time:2513290ms step_avg:497.19ms
step:5066/5100 train_loss:3.3534 train_time:2513788ms step_avg:497.19ms
step:5067/5100 train_loss:3.8262 train_time:2514279ms step_avg:497.19ms
step:5068/5100 train_loss:3.2390 train_time:2514778ms step_avg:497.19ms
step:5069/5100 train_loss:3.5189 train_time:2515275ms step_avg:497.19ms
step:5070/5100 train_loss:3.3384 train_time:2515765ms step_avg:497.19ms
step:5071/5100 train_loss:3.4444 train_time:2516264ms step_avg:497.19ms
step:5072/5100 train_loss:3.2724 train_time:2516755ms step_avg:497.19ms
step:5073/5100 train_loss:3.3928 train_time:2517248ms step_avg:497.19ms
step:5074/5100 train_loss:3.4498 train_time:2517743ms step_avg:497.18ms
step:5075/5100 train_loss:3.3429 train_time:2518238ms step_avg:497.18ms
step:5076/5100 train_loss:3.2392 train_time:2518737ms step_avg:497.18ms
step:5077/5100 train_loss:3.1752 train_time:2519229ms step_avg:497.18ms
step:5078/5100 train_loss:3.3484 train_time:2519722ms step_avg:497.18ms
step:5079/5100 train_loss:3.5099 train_time:2520218ms step_avg:497.18ms
step:5080/5100 train_loss:3.4518 train_time:2520712ms step_avg:497.18ms
step:5081/5100 train_loss:3.2982 train_time:2521205ms step_avg:497.18ms
step:5082/5100 train_loss:3.3763 train_time:2521705ms step_avg:497.18ms
step:5083/5100 train_loss:3.1582 train_time:2522197ms step_avg:497.18ms
step:5084/5100 train_loss:3.2541 train_time:2522690ms step_avg:497.18ms
step:5085/5100 train_loss:3.1646 train_time:2523183ms step_avg:497.18ms
step:5086/5100 train_loss:3.4382 train_time:2523677ms step_avg:497.18ms
step:5087/5100 train_loss:3.3382 train_time:2524177ms step_avg:497.18ms
step:5088/5100 train_loss:3.2406 train_time:2524664ms step_avg:497.18ms
step:5089/5100 train_loss:3.3285 train_time:2525160ms step_avg:497.18ms
step:5090/5100 train_loss:3.3760 train_time:2525654ms step_avg:497.18ms
step:5091/5100 train_loss:3.3134 train_time:2526150ms step_avg:497.18ms
step:5092/5100 train_loss:3.3037 train_time:2526647ms step_avg:497.18ms
step:5093/5100 train_loss:3.0919 train_time:2527139ms step_avg:497.17ms
step:5094/5100 train_loss:3.2477 train_time:2527630ms step_avg:497.17ms
step:5095/5100 train_loss:3.3176 train_time:2528126ms step_avg:497.17ms
step:5096/5100 train_loss:3.2910 train_time:2528622ms step_avg:497.17ms
step:5097/5100 train_loss:3.2411 train_time:2529114ms step_avg:497.17ms
step:5098/5100 train_loss:3.3914 train_time:2529614ms step_avg:497.17ms
step:5099/5100 train_loss:3.3090 train_time:2530105ms step_avg:497.17ms
step:5100/5100 train_loss:3.2129 train_time:2530603ms step_avg:497.17ms
step:5100/5100 val_loss:3.2737 train_time:2530909ms step_avg:497.23ms
