====================================================================================================
import os
import sys
with open(sys.argv[0]) as f:
    code = f.read()
import uuid
import glob
import time
import json
import math
from dataclasses import dataclass

import numpy as np

os.environ["PYTORCH_NPU_ALLOC_CONF"] = "expandable_segments:True"
import torch
import torch_npu
torch.empty(1, device="npu", requires_grad=True).backward()

from torch import nn
import torch.nn.functional as F
import torch.distributed as dist
from torch.nn.parallel import DistributedDataParallel as DDP

# -----------------------------------------------------------------------------
# Muon optimizer

def zeropower_via_svd(G, steps=None):
    U, S, V = G.svd()
    return U @ V.T

def zeropower_via_newtonschulz5(G, steps=10, eps=1e-7):
    assert len(G.shape) == 2
    a, b, c = (3.4445, -4.7750,  2.0315)
    X = G.bfloat16()
    X /= (X.norm() + eps)
    if G.size(0) > G.size(1):
        X = X.T
    for _ in range(steps):
        A = X @ X.T
        B = A @ X
        X = a * X + b * B + c * A @ B
    if G.size(0) > G.size(1):
        X = X.T
    return X

zeropower_backends = dict(svd=zeropower_via_svd, newtonschulz5=zeropower_via_newtonschulz5)

class Muon(torch.optim.Optimizer):
    def __init__(self, params, lr=3e-4, momentum=0.95, nesterov=True, backend='newtonschulz5', backend_steps=5):
        defaults = dict(lr=lr, momentum=momentum, nesterov=nesterov, backend=backend, backend_steps=backend_steps)
        super().__init__(params, defaults)

    def step(self):
        for group in self.param_groups:
            lr = group['lr']
            momentum = group['momentum']
            zeropower_backend = zeropower_backends[group['backend']]
            for p in group['params']:
                g = p.grad
                if g is None:
                    continue
                state = self.state[p]
                if 'momentum_buffer' not in state:
                    state['momentum_buffer'] = torch.zeros_like(g)
                buf = state['momentum_buffer']
                buf.mul_(momentum).add_(g)
                if group['nesterov']:
                    g = g.add(buf, alpha=momentum)
                if g.size(0) == 3 * g.size(1):
                    g = torch.cat([zeropower_backend(g1, steps=group['backend_steps']) for g1 in g.split(g.size(1))])
                    scale = g.size(1)**0.5
                else:
                    g = zeropower_backend(g, steps=group['backend_steps'])
                    scale = max(g.size(0), g.size(1))**0.5
                p.data.add_(g, alpha=-lr * scale)

# -----------------------------------------------------------------------------
# PyTorch nn.Module definitions for the GPT-2 model

class Rotary(torch.nn.Module):
    def __init__(self, dim, base=10000):
        super().__init__()
        self.inv_freq = 1.0 / (base ** (torch.arange(0, dim, 2).float() / dim))
        self.seq_len_cached = None
        self.cos_cached = None
        self.sin_cached = None

    def forward(self, x):
        seq_len = x.shape[1]
        if seq_len != self.seq_len_cached:
            self.seq_len_cached = seq_len
            t = torch.arange(seq_len, device=x.device).type_as(self.inv_freq)
            freqs = torch.outer(t, self.inv_freq).to(x.device)
            self.cos_cached = freqs.cos().bfloat16()
            self.sin_cached = freqs.sin().bfloat16()
        return self.cos_cached[None, :, None, :], self.sin_cached[None, :, None, :]

def apply_rotary_emb(x, cos, sin):
    assert x.ndim == 4
    d = x.shape[3]//2
    x1 = x[..., :d]
    x2 = x[..., d:]
    y1 = x1 * cos + x2 * sin
    y2 = x1 * (-sin) + x2 * cos
    return torch.cat([y1, y2], 3).type_as(x)

class CausalSelfAttention(nn.Module):
    def __init__(self, config):
        super().__init__()
        self.n_head = config.n_head
        self.n_embd = config.n_embd
        self.head_dim = self.n_embd // self.n_head
        assert self.n_embd % self.n_head == 0
        self.c_q = nn.Linear(self.n_embd, self.n_embd, bias=False)
        self.c_k = nn.Linear(self.n_embd, self.n_embd, bias=False)
        self.c_v = nn.Linear(self.n_embd, self.n_embd, bias=False)
        self.c_proj = nn.Linear(self.n_embd, self.n_embd, bias=False)
        self.c_proj.weight.data.zero_()
        self.rotary = Rotary(self.head_dim)

    def forward(self, x):
        B, T, C = x.size()
        q = self.c_q(x).view(B, T, self.n_head, self.head_dim)
        k = self.c_k(x).view(B, T, self.n_head, self.head_dim)
        v = self.c_v(x).view(B, T, self.n_head, self.head_dim)
        cos, sin = self.rotary(q)
        q, k = apply_rotary_emb(q, cos, sin), apply_rotary_emb(k, cos, sin)
        q, k = F.rms_norm(q, (q.size(-1),)), F.rms_norm(k, (k.size(-1),))
        y = F.scaled_dot_product_attention(q.transpose(1, 2), k.transpose(1, 2), v.transpose(1, 2), is_causal=True)
        y = y.transpose(1, 2).contiguous().view_as(x)
        y = self.c_proj(y)
        return y

class MLP(nn.Module):
    def __init__(self, config):
        super().__init__()
        self.c_fc    = nn.Linear(config.n_embd, 4 * config.n_embd, bias=False)
        self.c_proj  = nn.Linear(4 * config.n_embd, config.n_embd, bias=False)
        self.c_proj.weight.data.zero_()

    def forward(self, x):
        x = self.c_fc(x)
        x = F.relu(x).square()
        x = self.c_proj(x)
        return x

class Block(nn.Module):
    def __init__(self, config):
        super().__init__()
        self.attn = CausalSelfAttention(config)
        self.mlp = MLP(config)

    def forward(self, x):
        x = x + self.attn(F.rms_norm(x, (x.size(-1),)))
        x = x + self.mlp(F.rms_norm(x, (x.size(-1),)))
        return x

# -----------------------------------------------------------------------------
# The main GPT-2 model

@dataclass
class GPTConfig:
    vocab_size : int = 50304
    n_layer : int = 12
    n_head : int = 6
    n_embd : int = 768

class GPT(nn.Module):
    def __init__(self, config):
        super().__init__()
        self.config = config
        self.transformer = nn.ModuleDict(dict(
            wte = nn.Embedding(config.vocab_size, config.n_embd),
            h = nn.ModuleList([Block(config) for _ in range(config.n_layer)]),
        ))
        self.lm_head = nn.Linear(config.n_embd, config.vocab_size, bias=False)
        self.transformer.wte.weight = self.lm_head.weight

    def forward(self, idx, targets=None, return_logits=True):
        x = self.transformer.wte(idx)
        for block in self.transformer.h:
            x = block(x)
        x = F.rms_norm(x, (x.size(-1),))
        if targets is not None:
            logits = self.lm_head(x)
            logits = logits.float()
            loss = F.cross_entropy(logits.view(-1, logits.size(-1)), targets.view(-1), ignore_index=-1)
        else:
            logits = self.lm_head(x[:, [-1], :])step:0/5100 val_loss:15.9593 train_time:285ms step_avg:nanms
step:1/5100 train_loss:15.9631 train_time:1256ms step_avg:nanms
step:2/5100 train_loss:9.5160 train_time:1729ms step_avg:nanms
step:3/5100 train_loss:8.6540 train_time:2219ms step_avg:nanms
step:4/5100 train_loss:8.0691 train_time:2712ms step_avg:nanms
step:5/5100 train_loss:7.8506 train_time:3219ms step_avg:nanms
step:6/5100 train_loss:7.7653 train_time:3720ms step_avg:nanms
step:7/5100 train_loss:7.3205 train_time:4229ms step_avg:nanms
step:8/5100 train_loss:7.4174 train_time:4719ms step_avg:nanms
step:9/5100 train_loss:7.3866 train_time:5237ms step_avg:nanms
step:10/5100 train_loss:7.1042 train_time:5733ms step_avg:nanms
step:11/5100 train_loss:7.0941 train_time:200ms step_avg:nanms
step:12/5100 train_loss:6.7633 train_time:695ms step_avg:nanms
step:13/5100 train_loss:6.8092 train_time:1175ms step_avg:391.58ms
step:14/5100 train_loss:6.6402 train_time:1671ms step_avg:417.73ms
step:15/5100 train_loss:6.5470 train_time:2160ms step_avg:432.05ms
step:16/5100 train_loss:6.4631 train_time:2660ms step_avg:443.38ms
step:17/5100 train_loss:6.6579 train_time:3155ms step_avg:450.70ms
step:18/5100 train_loss:6.6335 train_time:3651ms step_avg:456.34ms
step:19/5100 train_loss:6.4985 train_time:4144ms step_avg:460.42ms
step:20/5100 train_loss:6.5591 train_time:4641ms step_avg:464.09ms
step:21/5100 train_loss:6.2813 train_time:5134ms step_avg:466.74ms
step:22/5100 train_loss:6.3612 train_time:5628ms step_avg:469.01ms
step:23/5100 train_loss:6.9027 train_time:6122ms step_avg:470.95ms
step:24/5100 train_loss:6.3302 train_time:6616ms step_avg:472.54ms
step:25/5100 train_loss:6.7562 train_time:7108ms step_avg:473.87ms
step:26/5100 train_loss:6.1718 train_time:7602ms step_avg:475.13ms
step:27/5100 train_loss:6.0603 train_time:8095ms step_avg:476.18ms
step:28/5100 train_loss:6.3850 train_time:8594ms step_avg:477.44ms
step:29/5100 train_loss:5.7427 train_time:9087ms step_avg:478.26ms
step:30/5100 train_loss:6.1737 train_time:9582ms step_avg:479.10ms
step:31/5100 train_loss:6.1745 train_time:10076ms step_avg:479.83ms
step:32/5100 train_loss:5.8664 train_time:10571ms step_avg:480.48ms
step:33/5100 train_loss:6.0059 train_time:11066ms step_avg:481.11ms
step:34/5100 train_loss:6.1288 train_time:11559ms step_avg:481.62ms
step:35/5100 train_loss:6.1838 train_time:12051ms step_avg:482.06ms
step:36/5100 train_loss:6.1866 train_time:12546ms step_avg:482.54ms
step:37/5100 train_loss:6.0227 train_time:13039ms step_avg:482.94ms
step:38/5100 train_loss:6.1088 train_time:13533ms step_avg:483.32ms
step:39/5100 train_loss:5.8120 train_time:14027ms step_avg:483.71ms
step:40/5100 train_loss:5.9085 train_time:14521ms step_avg:484.05ms
step:41/5100 train_loss:5.7740 train_time:15015ms step_avg:484.37ms
step:42/5100 train_loss:5.8966 train_time:15510ms step_avg:484.69ms
step:43/5100 train_loss:5.4777 train_time:16005ms step_avg:484.99ms
step:44/5100 train_loss:5.9197 train_time:16517ms step_avg:485.80ms
step:45/5100 train_loss:5.8022 train_time:17011ms step_avg:486.03ms
step:46/5100 train_loss:5.8005 train_time:17489ms step_avg:485.80ms
step:47/5100 train_loss:5.7320 train_time:17983ms step_avg:486.02ms
step:48/5100 train_loss:5.6187 train_time:18475ms step_avg:486.18ms
step:49/5100 train_loss:5.7560 train_time:18968ms step_avg:486.37ms
step:50/5100 train_loss:5.5356 train_time:19463ms step_avg:486.59ms
step:51/5100 train_loss:5.7805 train_time:19957ms step_avg:486.76ms
step:52/5100 train_loss:5.7249 train_time:20453ms step_avg:486.98ms
step:53/5100 train_loss:5.6166 train_time:20950ms step_avg:487.22ms
step:54/5100 train_loss:5.6607 train_time:21442ms step_avg:487.31ms
step:55/5100 train_loss:5.5683 train_time:21935ms step_avg:487.44ms
step:56/5100 train_loss:5.9108 train_time:22434ms step_avg:487.70ms
step:57/5100 train_loss:5.6568 train_time:22926ms step_avg:487.79ms
step:58/5100 train_loss:5.4243 train_time:23421ms step_avg:487.94ms
step:59/5100 train_loss:5.6916 train_time:23914ms step_avg:488.05ms
step:60/5100 train_loss:5.5590 train_time:24414ms step_avg:488.29ms
step:61/5100 train_loss:5.7292 train_time:24911ms step_avg:488.45ms
step:62/5100 train_loss:5.4011 train_time:25418ms step_avg:488.81ms
step:63/5100 train_loss:5.6113 train_time:25903ms step_avg:488.73ms
step:64/5100 train_loss:5.5593 train_time:26391ms step_avg:488.72ms
step:65/5100 train_loss:4.8749 train_time:26885ms step_avg:488.82ms
step:66/5100 train_loss:5.4605 train_time:27379ms step_avg:488.91ms
step:67/5100 train_loss:5.5652 train_time:27876ms step_avg:489.05ms
step:68/5100 train_loss:5.3899 train_time:28366ms step_avg:489.06ms
step:69/5100 train_loss:5.7251 train_time:28868ms step_avg:489.28ms
step:70/5100 train_loss:5.2149 train_time:29393ms step_avg:489.88ms
step:71/5100 train_loss:5.3271 train_time:29851ms step_avg:489.36ms
step:72/5100 train_loss:5.3101 train_time:30344ms step_avg:489.43ms
step:73/5100 train_loss:5.5065 train_time:30840ms step_avg:489.52ms
step:74/5100 train_loss:5.2187 train_time:31332ms step_avg:489.57ms
step:75/5100 train_loss:5.6849 train_time:31826ms step_avg:489.63ms
step:76/5100 train_loss:5.4118 train_time:32321ms step_avg:489.72ms
step:77/5100 train_loss:5.3833 train_time:32816ms step_avg:489.79ms
step:78/5100 train_loss:5.5248 train_time:33310ms step_avg:489.85ms
step:79/5100 train_loss:5.1281 train_time:33806ms step_avg:489.94ms
step:80/5100 train_loss:5.4220 train_time:34299ms step_avg:489.99ms
step:81/5100 train_loss:5.4062 train_time:34796ms step_avg:490.08ms
step:82/5100 train_loss:5.2509 train_time:35296ms step_avg:490.23ms
step:83/5100 train_loss:5.3127 train_time:35789ms step_avg:490.25ms
step:84/5100 train_loss:5.3101 train_time:36282ms step_avg:490.30ms
step:85/5100 train_loss:5.1593 train_time:36779ms step_avg:490.39ms
step:86/5100 train_loss:5.2029 train_time:37271ms step_avg:490.41ms
step:87/5100 train_loss:5.4439 train_time:37768ms step_avg:490.49ms
step:88/5100 train_loss:5.2642 train_time:38260ms step_avg:490.52ms
step:89/5100 train_loss:5.3554 train_time:38754ms step_avg:490.55ms
step:90/5100 train_loss:5.4187 train_time:39253ms step_avg:490.66ms
step:91/5100 train_loss:5.2033 train_time:39748ms step_avg:490.71ms
step:92/5100 train_loss:5.3291 train_time:40242ms step_avg:490.75ms
step:93/5100 train_loss:5.4420 train_time:40737ms step_avg:490.80ms
step:94/5100 train_loss:5.1391 train_time:41238ms step_avg:490.93ms
step:95/5100 train_loss:5.1710 train_time:41732ms step_avg:490.96ms
step:96/5100 train_loss:5.1724 train_time:42226ms step_avg:491.00ms
step:97/5100 train_loss:5.1915 train_time:42717ms step_avg:491.00ms
step:98/5100 train_loss:5.2218 train_time:43209ms step_avg:491.01ms
step:99/5100 train_loss:5.1133 train_time:43703ms step_avg:491.04ms
step:100/5100 train_loss:5.1613 train_time:44196ms step_avg:491.06ms
step:101/5100 train_loss:5.1727 train_time:44693ms step_avg:491.13ms
step:102/5100 train_loss:5.2186 train_time:45188ms step_avg:491.18ms
step:103/5100 train_loss:5.1464 train_time:45681ms step_avg:491.20ms
step:104/5100 train_loss:5.0485 train_time:46181ms step_avg:491.28ms
step:105/5100 train_loss:4.9423 train_time:46671ms step_avg:491.27ms
step:106/5100 train_loss:5.1576 train_time:47161ms step_avg:491.26ms
step:107/5100 train_loss:4.9265 train_time:47658ms step_avg:491.32ms
step:108/5100 train_loss:5.0899 train_time:48150ms step_avg:491.32ms
step:109/5100 train_loss:4.9997 train_time:48644ms step_avg:491.35ms
step:110/5100 train_loss:5.1271 train_time:49138ms step_avg:491.38ms
step:111/5100 train_loss:4.9957 train_time:49631ms step_avg:491.40ms
step:112/5100 train_loss:5.0719 train_time:50127ms step_avg:491.44ms
step:113/5100 train_loss:5.1670 train_time:50624ms step_avg:491.50ms
step:114/5100 train_loss:5.0493 train_time:51121ms step_avg:491.55ms
step:115/5100 train_loss:4.9682 train_time:51612ms step_avg:491.55ms
step:116/5100 train_loss:5.1409 train_time:52112ms step_avg:491.63ms
step:117/5100 train_loss:5.0425 train_time:52603ms step_avg:491.61ms
step:118/5100 train_loss:4.8617 train_time:53101ms step_avg:491.67ms
step:119/5100 train_loss:5.1179 train_time:53597ms step_avg:491.71ms
step:120/5100 train_loss:4.9893 train_time:54082ms step_avg:491.65ms
step:121/5100 train_loss:4.9922 train_time:54576ms step_avg:491.68ms
step:122/5100 train_loss:4.7513 train_time:55070ms step_avg:491.69ms
step:123/5100 train_loss:5.0543 train_time:55563ms step_avg:491.71ms
step:124/5100 train_loss:4.8971 train_time:56058ms step_avg:491.73ms
step:125/5100 train_loss:5.2567 train_time:56551ms step_avg:491.75ms
step:125/5100 val_loss:4.9641 train_time:56861ms step_avg:494.44ms
step:126/5100 train_loss:5.0598 train_time:57045ms step_avg:491.77ms
step:127/5100 train_loss:5.0329 train_time:57555ms step_avg:491.92ms
step:128/5100 train_loss:4.9995 train_time:58046ms step_avg:491.92ms
step:129/5100 train_loss:4.9707 train_time:58536ms step_avg:491.90ms
step:130/5100 train_loss:5.4501 train_time:59029ms step_avg:491.91ms
step:131/5100 train_loss:4.9981 train_time:59522ms step_avg:491.92ms
step:132/5100 train_loss:4.7465 train_time:60017ms step_avg:491.95ms
step:133/5100 train_loss:4.7699 train_time:60510ms step_avg:491.95ms
step:134/5100 train_loss:4.9145 train_time:61008ms step_avg:492.00ms
step:135/5100 train_loss:4.8559 train_time:61504ms step_avg:492.03ms
step:136/5100 train_loss:4.9056 train_time:62006ms step_avg:492.11ms
step:137/5100 train_loss:4.7206 train_time:62505ms step_avg:492.17ms
step:138/5100 train_loss:4.8789 train_time:62991ms step_avg:492.12ms
step:139/5100 train_loss:4.8604 train_time:63484ms step_avg:492.12ms
step:140/5100 train_loss:4.9066 train_time:63979ms step_avg:492.14ms
step:141/5100 train_loss:5.1821 train_time:64474ms step_avg:492.17ms
step:142/5100 train_loss:4.9111 train_time:64966ms step_avg:492.17ms
step:143/5100 train_loss:4.8711 train_time:65461ms step_avg:492.19ms
step:144/5100 train_loss:4.9279 train_time:65958ms step_avg:492.22ms
step:145/5100 train_loss:4.8431 train_time:66453ms step_avg:492.24ms
step:146/5100 train_loss:4.7409 train_time:66944ms step_avg:492.23ms
step:147/5100 train_loss:4.6469 train_time:67440ms step_avg:492.26ms
step:148/5100 train_loss:4.8051 train_time:67929ms step_avg:492.24ms
step:149/5100 train_loss:4.8281 train_time:68424ms step_avg:492.26ms
step:150/5100 train_loss:5.0669 train_time:68918ms step_avg:492.27ms
step:151/5100 train_loss:4.8818 train_time:69416ms step_avg:492.31ms
step:152/5100 train_loss:4.7713 train_time:69907ms step_avg:492.30ms
step:153/5100 train_loss:4.7974 train_time:70400ms step_avg:492.31ms
step:154/5100 train_loss:4.9287 train_time:70892ms step_avg:492.31ms
step:155/5100 train_loss:5.0181 train_time:71386ms step_avg:492.32ms
step:156/5100 train_loss:4.7253 train_time:71882ms step_avg:492.35ms
step:157/5100 train_loss:4.8882 train_time:72374ms step_avg:492.34ms
step:158/5100 train_loss:4.9285 train_time:72870ms step_avg:492.36ms
step:159/5100 train_loss:4.7273 train_time:73363ms step_avg:492.37ms
step:160/5100 train_loss:4.8452 train_time:73860ms step_avg:492.40ms
step:161/5100 train_loss:4.6832 train_time:74354ms step_avg:492.41ms
step:162/5100 train_loss:4.8440 train_time:74844ms step_avg:492.39ms
step:163/5100 train_loss:4.8849 train_time:75335ms step_avg:492.39ms
step:164/5100 train_loss:4.7828 train_time:75835ms step_avg:492.43ms
step:165/5100 train_loss:4.6538 train_time:76334ms step_avg:492.48ms
step:166/5100 train_loss:4.7211 train_time:76820ms step_avg:492.43ms
step:167/5100 train_loss:4.8981 train_time:77315ms step_avg:492.45ms
step:168/5100 train_loss:4.5469 train_time:77806ms step_avg:492.44ms
step:169/5100 train_loss:5.0155 train_time:78321ms step_avg:492.58ms
step:170/5100 train_loss:4.5802 train_time:78796ms step_avg:492.48ms
step:171/5100 train_loss:4.4985 train_time:79294ms step_avg:492.51ms
step:172/5100 train_loss:4.6523 train_time:79785ms step_avg:492.50ms
step:173/5100 train_loss:4.6545 train_time:80277ms step_avg:492.49ms
step:174/5100 train_loss:4.7064 train_time:80772ms step_avg:492.51ms
step:175/5100 train_loss:4.8129 train_time:81266ms step_avg:492.52ms
step:176/5100 train_loss:4.7985 train_time:81762ms step_avg:492.54ms
step:177/5100 train_loss:4.5646 train_time:82255ms step_avg:492.54ms
step:178/5100 train_loss:4.5462 train_time:82748ms step_avg:492.55ms
step:179/5100 train_loss:4.5962 train_time:83248ms step_avg:492.59ms
step:180/5100 train_loss:4.5822 train_time:83736ms step_avg:492.56ms
step:181/5100 train_loss:4.6709 train_time:84232ms step_avg:492.58ms
step:182/5100 train_loss:4.5582 train_time:84740ms step_avg:492.67ms
step:183/5100 train_loss:4.6159 train_time:85218ms step_avg:492.59ms
step:184/5100 train_loss:4.5857 train_time:85712ms step_avg:492.60ms
step:185/5100 train_loss:4.5691 train_time:86207ms step_avg:492.61ms
step:186/5100 train_loss:4.9096 train_time:86715ms step_avg:492.70ms
step:187/5100 train_loss:4.6908 train_time:87210ms step_avg:492.71ms
step:188/5100 train_loss:4.9346 train_time:87701ms step_avg:492.70ms
step:189/5100 train_loss:4.5677 train_time:88183ms step_avg:492.64ms
step:190/5100 train_loss:4.5498 train_time:89221ms step_avg:495.67ms
step:191/5100 train_loss:4.7470 train_time:89714ms step_avg:495.66ms
step:192/5100 train_loss:4.5557 train_time:90209ms step_avg:495.65ms
step:193/5100 train_loss:4.5125 train_time:90707ms step_avg:495.67ms
step:194/5100 train_loss:4.7920 train_time:91202ms step_avg:495.67ms
step:195/5100 train_loss:4.6057 train_time:91696ms step_avg:495.66ms
step:196/5100 train_loss:4.9708 train_time:92194ms step_avg:495.66ms
step:197/5100 train_loss:4.7001 train_time:92685ms step_avg:495.64ms
step:198/5100 train_loss:4.4740 train_time:93184ms step_avg:495.66ms
step:199/5100 train_loss:4.5070 train_time:93675ms step_avg:495.64ms
step:200/5100 train_loss:4.4902 train_time:94168ms step_avg:495.62ms
step:201/5100 train_loss:4.5678 train_time:94661ms step_avg:495.61ms
step:202/5100 train_loss:4.4976 train_time:95160ms step_avg:495.62ms
step:203/5100 train_loss:4.6590 train_time:95655ms step_avg:495.62ms
step:204/5100 train_loss:4.5879 train_time:96142ms step_avg:495.58ms
step:205/5100 train_loss:4.7695 train_time:96638ms step_avg:495.58ms
step:206/5100 train_loss:4.5639 train_time:97178ms step_avg:495.81ms
step:207/5100 train_loss:4.4340 train_time:97626ms step_avg:495.56ms
step:208/5100 train_loss:4.5805 train_time:98120ms step_avg:495.56ms
step:209/5100 train_loss:4.5798 train_time:98614ms step_avg:495.55ms
step:210/5100 train_loss:4.6705 train_time:99106ms step_avg:495.53ms
step:211/5100 train_loss:4.5983 train_time:99600ms step_avg:495.52ms
step:212/5100 train_loss:4.5391 train_time:100098ms step_avg:495.54ms
step:213/5100 train_loss:4.6065 train_time:100588ms step_avg:495.51ms
step:214/5100 train_loss:4.3481 train_time:101082ms step_avg:495.50ms
step:215/5100 train_loss:4.4971 train_time:101577ms step_avg:495.50ms
step:216/5100 train_loss:4.4619 train_time:102070ms step_avg:495.48ms
step:217/5100 train_loss:4.3855 train_time:102563ms step_avg:495.47ms
step:218/5100 train_loss:4.5224 train_time:103065ms step_avg:495.50ms
step:219/5100 train_loss:4.4133 train_time:103556ms step_avg:495.49ms
step:220/5100 train_loss:4.5039 train_time:104046ms step_avg:495.46ms
step:221/5100 train_loss:4.4928 train_time:104543ms step_avg:495.46ms
step:222/5100 train_loss:4.4728 train_time:105035ms step_avg:495.45ms
step:223/5100 train_loss:4.3586 train_time:105530ms step_avg:495.44ms
step:224/5100 train_loss:4.5048 train_time:106025ms step_avg:495.44ms
step:225/5100 train_loss:4.6078 train_time:106519ms step_avg:495.44ms
step:226/5100 train_loss:4.2758 train_time:107011ms step_avg:495.42ms
step:227/5100 train_loss:4.2586 train_time:107507ms step_avg:495.42ms
step:228/5100 train_loss:4.3686 train_time:108006ms step_avg:495.44ms
step:229/5100 train_loss:4.5550 train_time:108494ms step_avg:495.41ms
step:230/5100 train_loss:4.3228 train_time:108996ms step_avg:495.44ms
step:231/5100 train_loss:4.4735 train_time:109485ms step_avg:495.41ms
step:232/5100 train_loss:4.4957 train_time:109977ms step_avg:495.39ms
step:233/5100 train_loss:4.2223 train_time:110473ms step_avg:495.39ms
step:234/5100 train_loss:4.4913 train_time:110973ms step_avg:495.41ms
step:235/5100 train_loss:4.3172 train_time:111463ms step_avg:495.39ms
step:236/5100 train_loss:4.0434 train_time:111962ms step_avg:495.41ms
step:237/5100 train_loss:4.4648 train_time:112453ms step_avg:495.39ms
step:238/5100 train_loss:4.4451 train_time:112949ms step_avg:495.39ms
step:239/5100 train_loss:4.2755 train_time:113439ms step_avg:495.37ms
step:240/5100 train_loss:4.5254 train_time:113935ms step_avg:495.37ms
step:241/5100 train_loss:4.4316 train_time:114430ms step_avg:495.37ms
step:242/5100 train_loss:4.3009 train_time:114926ms step_avg:495.37ms
step:243/5100 train_loss:4.2293 train_time:115420ms step_avg:495.36ms
step:244/5100 train_loss:4.3524 train_time:115914ms step_avg:495.36ms
step:245/5100 train_loss:4.3581 train_time:116410ms step_avg:495.36ms
step:246/5100 train_loss:4.5669 train_time:116902ms step_avg:495.35ms
step:247/5100 train_loss:4.5439 train_time:117396ms step_avg:495.34ms
step:248/5100 train_loss:4.3846 train_time:117890ms step_avg:495.34ms
step:249/5100 train_loss:4.4251 train_time:118385ms step_avg:495.33ms
step:250/5100 train_loss:4.1763 train_time:118883ms step_avg:495.35ms
step:250/5100 val_loss:4.3414 train_time:119189ms step_avg:496.62ms
step:251/5100 train_loss:4.2670 train_time:119376ms step_avg:495.34ms
step:252/5100 train_loss:4.3963 train_time:119872ms step_avg:495.34ms
step:253/5100 train_loss:4.3155 train_time:120366ms step_avg:495.33ms
step:254/5100 train_loss:4.1161 train_time:120855ms step_avg:495.31ms
step:255/5100 train_loss:4.2935 train_time:121353ms step_avg:495.32ms
step:256/5100 train_loss:4.2977 train_time:121846ms step_avg:495.31ms
step:257/5100 train_loss:4.4363 train_time:122340ms step_avg:495.30ms
step:258/5100 train_loss:4.2379 train_time:122835ms step_avg:495.30ms
step:259/5100 train_loss:4.1994 train_time:123336ms step_avg:495.33ms
step:260/5100 train_loss:4.3297 train_time:123829ms step_avg:495.31ms
step:261/5100 train_loss:4.3425 train_time:124318ms step_avg:495.29ms
step:262/5100 train_loss:4.3688 train_time:124810ms step_avg:495.28ms
step:263/5100 train_loss:4.2845 train_time:125308ms step_avg:495.29ms
step:264/5100 train_loss:4.2850 train_time:125843ms step_avg:495.45ms
step:265/5100 train_loss:4.3029 train_time:126299ms step_avg:495.29ms
step:266/5100 train_loss:4.0347 train_time:126794ms step_avg:495.29ms
step:267/5100 train_loss:4.2312 train_time:127286ms step_avg:495.28ms
step:268/5100 train_loss:4.0738 train_time:127781ms step_avg:495.28ms
step:269/5100 train_loss:4.2067 train_time:128276ms step_avg:495.27ms
step:270/5100 train_loss:4.1510 train_time:128766ms step_avg:495.26ms
step:271/5100 train_loss:4.3492 train_time:129265ms step_avg:495.27ms
step:272/5100 train_loss:4.2874 train_time:129757ms step_avg:495.26ms
step:273/5100 train_loss:4.1962 train_time:130254ms step_avg:495.26ms
step:274/5100 train_loss:4.2800 train_time:130745ms step_avg:495.25ms
step:275/5100 train_loss:4.3250 train_time:131240ms step_avg:495.24ms
step:276/5100 train_loss:4.3062 train_time:131735ms step_avg:495.25ms
step:277/5100 train_loss:4.2305 train_time:132232ms step_avg:495.25ms
step:278/5100 train_loss:4.0860 train_time:132721ms step_avg:495.23ms
step:279/5100 train_loss:4.4125 train_time:133217ms step_avg:495.23ms
step:280/5100 train_loss:4.2311 train_time:133712ms step_avg:495.23ms
step:281/5100 train_loss:4.6999 train_time:134205ms step_avg:495.22ms
step:282/5100 train_loss:4.2441 train_time:134706ms step_avg:495.24ms
step:283/5100 train_loss:4.1384 train_time:135194ms step_avg:495.21ms
step:284/5100 train_loss:4.2260 train_time:135689ms step_avg:495.22ms
step:285/5100 train_loss:4.2623 train_time:136180ms step_avg:495.20ms
step:286/5100 train_loss:4.3059 train_time:136678ms step_avg:495.21ms
step:287/5100 train_loss:4.4374 train_time:137169ms step_avg:495.19ms
step:288/5100 train_loss:4.1815 train_time:137662ms step_avg:495.19ms
step:289/5100 train_loss:4.3144 train_time:138157ms step_avg:495.19ms
step:290/5100 train_loss:4.1695 train_time:138653ms step_avg:495.19ms
step:291/5100 train_loss:4.2230 train_time:139147ms step_avg:495.19ms
step:292/5100 train_loss:4.2660 train_time:139640ms step_avg:495.18ms
step:293/5100 train_loss:4.2508 train_time:140137ms step_avg:495.18ms
step:294/5100 train_loss:4.1955 train_time:140630ms step_avg:495.17ms
step:295/5100 train_loss:4.2647 train_time:141124ms step_avg:495.17ms
step:296/5100 train_loss:4.0900 train_time:141617ms step_avg:495.16ms
step:297/5100 train_loss:4.1503 train_time:142110ms step_avg:495.16ms
step:298/5100 train_loss:4.0801 train_time:142608ms step_avg:495.17ms
step:299/5100 train_loss:4.2326 train_time:143100ms step_avg:495.16ms
step:300/5100 train_loss:4.1769 train_time:143592ms step_avg:495.15ms
step:301/5100 train_loss:4.3384 train_time:144088ms step_avg:495.15ms
step:302/5100 train_loss:4.2000 train_time:144582ms step_avg:495.14ms
step:303/5100 train_loss:4.1802 train_time:145074ms step_avg:495.13ms
step:304/5100 train_loss:4.1315 train_time:145569ms step_avg:495.13ms
step:305/5100 train_loss:4.2229 train_time:146064ms step_avg:495.13ms
step:306/5100 train_loss:5.1748 train_time:146555ms step_avg:495.12ms
step:307/5100 train_loss:4.1284 train_time:147052ms step_avg:495.13ms
step:308/5100 train_loss:4.1320 train_time:147543ms step_avg:495.11ms
step:309/5100 train_loss:4.2751 train_time:148042ms step_avg:495.12ms
step:310/5100 train_loss:4.0769 train_time:148533ms step_avg:495.11ms
step:311/5100 train_loss:4.2914 train_time:149036ms step_avg:495.14ms
step:312/5100 train_loss:4.0264 train_time:149521ms step_avg:495.10ms
step:313/5100 train_loss:4.0699 train_time:150015ms step_avg:495.10ms
step:314/5100 train_loss:4.2842 train_time:150510ms step_avg:495.10ms
step:315/5100 train_loss:4.4343 train_time:151005ms step_avg:495.10ms
step:316/5100 train_loss:4.2072 train_time:151496ms step_avg:495.09ms
step:317/5100 train_loss:4.1109 train_time:151991ms step_avg:495.09ms
step:318/5100 train_loss:4.1301 train_time:152488ms step_avg:495.09ms
step:319/5100 train_loss:4.1725 train_time:152979ms step_avg:495.08ms
step:320/5100 train_loss:4.1884 train_time:153471ms step_avg:495.07ms
step:321/5100 train_loss:4.4195 train_time:153964ms step_avg:495.06ms
step:322/5100 train_loss:4.2176 train_time:154466ms step_avg:495.08ms
step:323/5100 train_loss:4.2374 train_time:154953ms step_avg:495.06ms
step:324/5100 train_loss:4.3729 train_time:155464ms step_avg:495.11ms
step:325/5100 train_loss:4.2391 train_time:155962ms step_avg:495.12ms
step:326/5100 train_loss:4.2375 train_time:156458ms step_avg:495.12ms
step:327/5100 train_loss:4.1185 train_time:156948ms step_avg:495.10ms
step:328/5100 train_loss:5.0843 train_time:157469ms step_avg:495.19ms
step:329/5100 train_loss:4.3424 train_time:157936ms step_avg:495.10ms
step:330/5100 train_loss:4.0855 train_time:158436ms step_avg:495.11ms
step:331/5100 train_loss:4.0587 train_time:158926ms step_avg:495.10ms
step:332/5100 train_loss:4.0037 train_time:159423ms step_avg:495.10ms
step:333/5100 train_loss:4.1707 train_time:159915ms step_avg:495.09ms
step:334/5100 train_loss:4.1000 train_time:160410ms step_avg:495.09ms
step:335/5100 train_loss:4.1040 train_time:160902ms step_avg:495.08ms
step:336/5100 train_loss:4.2544 train_time:161417ms step_avg:495.15ms
step:337/5100 train_loss:4.3848 train_time:161899ms step_avg:495.10ms
step:338/5100 train_loss:4.9987 train_time:162388ms step_avg:495.09ms
step:339/5100 train_loss:4.1794 train_time:162883ms step_avg:495.08ms
step:340/5100 train_loss:4.0440 train_time:163378ms step_avg:495.08ms
step:341/5100 train_loss:4.1882 train_time:163874ms step_avg:495.09ms
step:342/5100 train_loss:4.1793 train_time:164366ms step_avg:495.08ms
step:343/5100 train_loss:4.0896 train_time:164859ms step_avg:495.07ms
step:344/5100 train_loss:3.9569 train_time:165352ms step_avg:495.07ms
step:345/5100 train_loss:4.0996 train_time:165848ms step_avg:495.07ms
step:346/5100 train_loss:4.0073 train_time:166344ms step_avg:495.07ms
step:347/5100 train_loss:3.9689 train_time:166840ms step_avg:495.08ms
step:348/5100 train_loss:4.1166 train_time:167342ms step_avg:495.09ms
step:349/5100 train_loss:4.0801 train_time:167837ms step_avg:495.09ms
step:350/5100 train_loss:4.0215 train_time:168315ms step_avg:495.04ms
step:351/5100 train_loss:3.5662 train_time:168813ms step_avg:495.05ms
step:352/5100 train_loss:3.9656 train_time:169306ms step_avg:495.05ms
step:353/5100 train_loss:4.4168 train_time:169800ms step_avg:495.04ms
step:354/5100 train_loss:4.0259 train_time:170293ms step_avg:495.04ms
step:355/5100 train_loss:4.0549 train_time:170786ms step_avg:495.03ms
step:356/5100 train_loss:4.1163 train_time:171282ms step_avg:495.03ms
step:357/5100 train_loss:4.1547 train_time:171757ms step_avg:494.98ms
step:358/5100 train_loss:4.0897 train_time:172253ms step_avg:494.98ms
step:359/5100 train_loss:3.8445 train_time:172746ms step_avg:494.97ms
step:360/5100 train_loss:4.4103 train_time:173236ms step_avg:494.96ms
step:361/5100 train_loss:3.5924 train_time:173730ms step_avg:494.96ms
step:362/5100 train_loss:4.0871 train_time:174224ms step_avg:494.96ms
step:363/5100 train_loss:4.1555 train_time:174718ms step_avg:494.95ms
step:364/5100 train_loss:3.9903 train_time:175216ms step_avg:494.96ms
step:365/5100 train_loss:3.9819 train_time:175708ms step_avg:494.95ms
step:366/5100 train_loss:4.1142 train_time:176197ms step_avg:494.94ms
step:367/5100 train_loss:4.1219 train_time:176690ms step_avg:494.93ms
step:368/5100 train_loss:4.1571 train_time:177188ms step_avg:494.94ms
step:369/5100 train_loss:4.0337 train_time:177681ms step_avg:494.93ms
step:370/5100 train_loss:3.9158 train_time:178177ms step_avg:494.94ms
step:371/5100 train_loss:4.1644 train_time:178667ms step_avg:494.92ms
step:372/5100 train_loss:3.9638 train_time:179163ms step_avg:494.92ms
step:373/5100 train_loss:3.9306 train_time:179661ms step_avg:494.93ms
step:374/5100 train_loss:4.1570 train_time:180151ms step_avg:494.92ms
step:375/5100 train_loss:4.0925 train_time:180646ms step_avg:494.92ms
step:375/5100 val_loss:4.0611 train_time:180954ms step_avg:495.76ms
step:376/5100 train_loss:4.0388 train_time:181143ms step_avg:494.93ms
step:377/5100 train_loss:4.0313 train_time:181641ms step_avg:494.93ms
step:378/5100 train_loss:4.0191 train_time:182133ms step_avg:494.93ms
step:379/5100 train_loss:4.1519 train_time:182626ms step_avg:494.92ms
step:380/5100 train_loss:4.1630 train_time:183416ms step_avg:495.72ms
step:381/5100 train_loss:4.1932 train_time:183904ms step_avg:495.70ms
step:382/5100 train_loss:4.1206 train_time:184397ms step_avg:495.69ms
step:383/5100 train_loss:4.0005 train_time:184899ms step_avg:495.71ms
step:384/5100 train_loss:3.9873 train_time:185386ms step_avg:495.68ms
step:385/5100 train_loss:3.9911 train_time:185884ms step_avg:495.69ms
step:386/5100 train_loss:3.9684 train_time:186376ms step_avg:495.68ms
step:387/5100 train_loss:4.1781 train_time:186870ms step_avg:495.68ms
step:388/5100 train_loss:4.3941 train_time:187365ms step_avg:495.67ms
step:389/5100 train_loss:4.1152 train_time:187857ms step_avg:495.66ms
step:390/5100 train_loss:3.9659 train_time:188351ms step_avg:495.66ms
step:391/5100 train_loss:4.0373 train_time:188845ms step_avg:495.66ms
step:392/5100 train_loss:4.0554 train_time:189339ms step_avg:495.65ms
step:393/5100 train_loss:4.2045 train_time:189833ms step_avg:495.65ms
step:394/5100 train_loss:3.9980 train_time:190334ms step_avg:495.66ms
step:395/5100 train_loss:3.9751 train_time:190829ms step_avg:495.66ms
step:396/5100 train_loss:3.7941 train_time:191325ms step_avg:495.66ms
step:397/5100 train_loss:4.1317 train_time:191814ms step_avg:495.64ms
step:398/5100 train_loss:4.1363 train_time:192309ms step_avg:495.64ms
step:399/5100 train_loss:4.1855 train_time:192806ms step_avg:495.65ms
step:400/5100 train_loss:4.0230 train_time:193297ms step_avg:495.63ms
step:401/5100 train_loss:4.1686 train_time:193788ms step_avg:495.62ms
step:402/5100 train_loss:4.0608 train_time:194281ms step_avg:495.61ms
step:403/5100 train_loss:4.1927 train_time:194779ms step_avg:495.62ms
step:404/5100 train_loss:4.2233 train_time:195271ms step_avg:495.61ms
step:405/5100 train_loss:4.0529 train_time:195764ms step_avg:495.61ms
step:406/5100 train_loss:4.0457 train_time:196276ms step_avg:495.65ms
step:407/5100 train_loss:4.2506 train_time:196758ms step_avg:495.61ms
step:408/5100 train_loss:4.0513 train_time:197247ms step_avg:495.60ms
step:409/5100 train_loss:4.0010 train_time:197744ms step_avg:495.60ms
step:410/5100 train_loss:4.1528 train_time:198238ms step_avg:495.60ms
step:411/5100 train_loss:3.9942 train_time:198738ms step_avg:495.61ms
step:412/5100 train_loss:3.9686 train_time:199228ms step_avg:495.59ms
step:413/5100 train_loss:4.5281 train_time:199723ms step_avg:495.59ms
step:414/5100 train_loss:3.9826 train_time:200218ms step_avg:495.59ms
step:415/5100 train_loss:4.1488 train_time:200712ms step_avg:495.59ms
step:416/5100 train_loss:3.9600 train_time:201210ms step_avg:495.59ms
step:417/5100 train_loss:4.0065 train_time:201697ms step_avg:495.57ms
step:418/5100 train_loss:4.1981 train_time:202190ms step_avg:495.56ms
step:419/5100 train_loss:3.9006 train_time:202683ms step_avg:495.56ms
step:420/5100 train_loss:3.9540 train_time:203180ms step_avg:495.56ms
step:421/5100 train_loss:3.8349 train_time:203678ms step_avg:495.57ms
step:422/5100 train_loss:3.7925 train_time:204169ms step_avg:495.56ms
step:423/5100 train_loss:4.0170 train_time:204663ms step_avg:495.55ms
step:424/5100 train_loss:3.9571 train_time:205157ms step_avg:495.55ms
step:425/5100 train_loss:3.9233 train_time:205649ms step_avg:495.54ms
step:426/5100 train_loss:3.8980 train_time:206144ms step_avg:495.54ms
step:427/5100 train_loss:3.9229 train_time:206645ms step_avg:495.55ms
step:428/5100 train_loss:3.9284 train_time:207141ms step_avg:495.55ms
step:429/5100 train_loss:3.9665 train_time:207633ms step_avg:495.54ms
step:430/5100 train_loss:4.0021 train_time:208127ms step_avg:495.54ms
step:431/5100 train_loss:4.0095 train_time:208621ms step_avg:495.54ms
step:432/5100 train_loss:3.8552 train_time:209116ms step_avg:495.53ms
step:433/5100 train_loss:3.9915 train_time:209608ms step_avg:495.53ms
step:434/5100 train_loss:4.0969 train_time:210105ms step_avg:495.53ms
step:435/5100 train_loss:3.9875 train_time:210601ms step_avg:495.53ms
step:436/5100 train_loss:4.0357 train_time:211096ms step_avg:495.53ms
step:437/5100 train_loss:3.7555 train_time:211588ms step_avg:495.52ms
step:438/5100 train_loss:3.8558 train_time:212084ms step_avg:495.52ms
step:439/5100 train_loss:3.9554 train_time:212577ms step_avg:495.52ms
step:440/5100 train_loss:3.8851 train_time:213078ms step_avg:495.53ms
step:441/5100 train_loss:4.2621 train_time:213570ms step_avg:495.52ms
step:442/5100 train_loss:3.8547 train_time:214065ms step_avg:495.52ms
step:443/5100 train_loss:3.9674 train_time:214559ms step_avg:495.52ms
step:444/5100 train_loss:3.8624 train_time:215052ms step_avg:495.51ms
step:445/5100 train_loss:3.9150 train_time:215545ms step_avg:495.51ms
step:446/5100 train_loss:3.9734 train_time:216043ms step_avg:495.51ms
step:447/5100 train_loss:3.9917 train_time:216545ms step_avg:495.53ms
step:448/5100 train_loss:4.0503 train_time:217035ms step_avg:495.51ms
step:449/5100 train_loss:4.0562 train_time:217530ms step_avg:495.51ms
step:450/5100 train_loss:3.9520 train_time:218027ms step_avg:495.52ms
step:451/5100 train_loss:3.9565 train_time:218521ms step_avg:495.51ms
step:452/5100 train_loss:3.8854 train_time:219016ms step_avg:495.51ms
step:453/5100 train_loss:3.8179 train_time:219502ms step_avg:495.49ms
step:454/5100 train_loss:3.8369 train_time:220005ms step_avg:495.51ms
step:455/5100 train_loss:3.8197 train_time:220498ms step_avg:495.50ms
step:456/5100 train_loss:4.1069 train_time:220995ms step_avg:495.50ms
step:457/5100 train_loss:3.9447 train_time:221493ms step_avg:495.51ms
step:458/5100 train_loss:3.9556 train_time:221978ms step_avg:495.49ms
step:459/5100 train_loss:4.1278 train_time:222468ms step_avg:495.47ms
step:460/5100 train_loss:3.7663 train_time:222962ms step_avg:495.47ms
step:461/5100 train_loss:4.0499 train_time:223455ms step_avg:495.47ms
step:462/5100 train_loss:3.9565 train_time:223947ms step_avg:495.46ms
step:463/5100 train_loss:4.0110 train_time:224487ms step_avg:495.56ms
step:464/5100 train_loss:4.0257 train_time:224947ms step_avg:495.48ms
step:465/5100 train_loss:3.8905 train_time:225435ms step_avg:495.46ms
step:466/5100 train_loss:3.9240 train_time:225932ms step_avg:495.46ms
step:467/5100 train_loss:4.0861 train_time:226418ms step_avg:495.45ms
step:468/5100 train_loss:4.2719 train_time:226914ms step_avg:495.44ms
step:469/5100 train_loss:3.8703 train_time:227407ms step_avg:495.44ms
step:470/5100 train_loss:3.8639 train_time:227901ms step_avg:495.44ms
step:471/5100 train_loss:3.9798 train_time:228395ms step_avg:495.43ms
step:472/5100 train_loss:3.9297 train_time:228897ms step_avg:495.45ms
step:473/5100 train_loss:4.0218 train_time:229387ms step_avg:495.44ms
step:474/5100 train_loss:3.8949 train_time:229880ms step_avg:495.43ms
step:475/5100 train_loss:3.7616 train_time:230371ms step_avg:495.42ms
step:476/5100 train_loss:4.0651 train_time:230864ms step_avg:495.42ms
step:477/5100 train_loss:3.8981 train_time:231359ms step_avg:495.42ms
step:478/5100 train_loss:3.9793 train_time:231852ms step_avg:495.41ms
step:479/5100 train_loss:4.1043 train_time:232345ms step_avg:495.41ms
step:480/5100 train_loss:3.9628 train_time:232843ms step_avg:495.41ms
step:481/5100 train_loss:3.9035 train_time:233334ms step_avg:495.40ms
step:482/5100 train_loss:3.9861 train_time:233827ms step_avg:495.40ms
step:483/5100 train_loss:3.7406 train_time:234324ms step_avg:495.40ms
step:484/5100 train_loss:3.9553 train_time:234815ms step_avg:495.39ms
step:485/5100 train_loss:3.9132 train_time:235309ms step_avg:495.39ms
step:486/5100 train_loss:3.9003 train_time:235802ms step_avg:495.38ms
step:487/5100 train_loss:3.8360 train_time:236301ms step_avg:495.39ms
step:488/5100 train_loss:3.8998 train_time:236793ms step_avg:495.38ms
step:489/5100 train_loss:4.0107 train_time:237288ms step_avg:495.38ms
step:490/5100 train_loss:4.0127 train_time:237781ms step_avg:495.38ms
step:491/5100 train_loss:3.9116 train_time:238279ms step_avg:495.38ms
step:492/5100 train_loss:3.7939 train_time:238769ms step_avg:495.37ms
step:493/5100 train_loss:4.2061 train_time:239270ms step_avg:495.38ms
step:494/5100 train_loss:3.7456 train_time:239768ms step_avg:495.39ms
step:495/5100 train_loss:3.9814 train_time:240256ms step_avg:495.37ms
step:496/5100 train_loss:4.0035 train_time:240747ms step_avg:495.36ms
step:497/5100 train_loss:3.7781 train_time:241239ms step_avg:495.36ms
step:498/5100 train_loss:3.9064 train_time:241733ms step_avg:495.35ms
step:499/5100 train_loss:4.0033 train_time:242227ms step_avg:495.35ms
step:500/5100 train_loss:4.0414 train_time:242726ms step_avg:495.36ms
step:500/5100 val_loss:3.9218 train_time:243033ms step_avg:495.99ms
step:501/5100 train_loss:4.1174 train_time:243219ms step_avg:495.35ms
step:502/5100 train_loss:3.8555 train_time:243714ms step_avg:495.35ms
step:503/5100 train_loss:4.0313 train_time:244207ms step_avg:495.35ms
step:504/5100 train_loss:3.8857 train_time:244701ms step_avg:495.35ms
step:505/5100 train_loss:3.9607 train_time:245200ms step_avg:495.35ms
step:506/5100 train_loss:3.9256 train_time:245692ms step_avg:495.35ms
step:507/5100 train_loss:3.7984 train_time:246191ms step_avg:495.35ms
step:508/5100 train_loss:4.0783 train_time:246682ms step_avg:495.35ms
step:509/5100 train_loss:4.2628 train_time:247177ms step_avg:495.35ms
step:510/5100 train_loss:3.9142 train_time:247672ms step_avg:495.34ms
step:511/5100 train_loss:3.9114 train_time:248169ms step_avg:495.35ms
step:512/5100 train_loss:3.8630 train_time:248666ms step_avg:495.35ms
step:513/5100 train_loss:4.0028 train_time:249162ms step_avg:495.35ms
step:514/5100 train_loss:3.9688 train_time:249655ms step_avg:495.35ms
step:515/5100 train_loss:3.9958 train_time:250150ms step_avg:495.35ms
step:516/5100 train_loss:3.9205 train_time:250648ms step_avg:495.35ms
step:517/5100 train_loss:4.0667 train_time:251141ms step_avg:495.35ms
step:518/5100 train_loss:3.7826 train_time:251636ms step_avg:495.35ms
step:519/5100 train_loss:4.0644 train_time:252149ms step_avg:495.38ms
step:520/5100 train_loss:4.0194 train_time:252625ms step_avg:495.34ms
step:521/5100 train_loss:3.9251 train_time:253118ms step_avg:495.34ms
step:522/5100 train_loss:3.8004 train_time:253612ms step_avg:495.34ms
step:523/5100 train_loss:3.8205 train_time:254125ms step_avg:495.37ms
step:524/5100 train_loss:5.2261 train_time:254617ms step_avg:495.36ms
step:525/5100 train_loss:3.8488 train_time:255112ms step_avg:495.36ms
step:526/5100 train_loss:3.9581 train_time:255592ms step_avg:495.33ms
step:527/5100 train_loss:3.8293 train_time:256087ms step_avg:495.33ms
step:528/5100 train_loss:3.7136 train_time:256584ms step_avg:495.34ms
step:529/5100 train_loss:3.8182 train_time:257076ms step_avg:495.33ms
step:530/5100 train_loss:4.0888 train_time:257568ms step_avg:495.32ms
step:531/5100 train_loss:3.8274 train_time:258062ms step_avg:495.32ms
step:532/5100 train_loss:4.0591 train_time:258566ms step_avg:495.34ms
step:533/5100 train_loss:3.9726 train_time:259057ms step_avg:495.33ms
step:534/5100 train_loss:3.8588 train_time:259551ms step_avg:495.33ms
step:535/5100 train_loss:3.8188 train_time:260043ms step_avg:495.32ms
step:536/5100 train_loss:3.7741 train_time:260531ms step_avg:495.31ms
step:537/5100 train_loss:3.9262 train_time:261027ms step_avg:495.31ms
step:538/5100 train_loss:3.9326 train_time:261521ms step_avg:495.30ms
step:539/5100 train_loss:3.8463 train_time:262015ms step_avg:495.30ms
step:540/5100 train_loss:4.4755 train_time:262508ms step_avg:495.30ms
step:541/5100 train_loss:3.8942 train_time:263003ms step_avg:495.30ms
step:542/5100 train_loss:4.0421 train_time:263512ms step_avg:495.32ms
step:543/5100 train_loss:3.8005 train_time:264011ms step_avg:495.33ms
step:544/5100 train_loss:3.8489 train_time:264488ms step_avg:495.30ms
step:545/5100 train_loss:3.8784 train_time:264983ms step_avg:495.30ms
step:546/5100 train_loss:3.7764 train_time:265472ms step_avg:495.28ms
step:547/5100 train_loss:3.8477 train_time:265993ms step_avg:495.33ms
step:548/5100 train_loss:3.8220 train_time:266463ms step_avg:495.28ms
step:549/5100 train_loss:3.9293 train_time:266983ms step_avg:495.33ms
step:550/5100 train_loss:3.8759 train_time:267452ms step_avg:495.28ms
step:551/5100 train_loss:3.8962 train_time:267944ms step_avg:495.27ms
step:552/5100 train_loss:3.8657 train_time:268438ms step_avg:495.27ms
step:553/5100 train_loss:3.7837 train_time:268947ms step_avg:495.30ms
step:554/5100 train_loss:4.1540 train_time:269426ms step_avg:495.27ms
step:555/5100 train_loss:3.8924 train_time:269935ms step_avg:495.29ms
step:556/5100 train_loss:3.8722 train_time:270427ms step_avg:495.29ms
step:557/5100 train_loss:3.9070 train_time:270907ms step_avg:495.26ms
step:558/5100 train_loss:3.4369 train_time:271401ms step_avg:495.26ms
step:559/5100 train_loss:3.8446 train_time:271891ms step_avg:495.25ms
step:560/5100 train_loss:3.8170 train_time:272386ms step_avg:495.25ms
step:561/5100 train_loss:4.0199 train_time:272883ms step_avg:495.25ms
step:562/5100 train_loss:3.8180 train_time:273383ms step_avg:495.26ms
step:563/5100 train_loss:3.6855 train_time:273878ms step_avg:495.26ms
step:564/5100 train_loss:4.0004 train_time:274372ms step_avg:495.26ms
step:565/5100 train_loss:3.6823 train_time:274865ms step_avg:495.25ms
step:566/5100 train_loss:3.8801 train_time:275362ms step_avg:495.26ms
step:567/5100 train_loss:3.7761 train_time:275854ms step_avg:495.25ms
step:568/5100 train_loss:3.8145 train_time:276347ms step_avg:495.25ms
step:569/5100 train_loss:3.7584 train_time:276843ms step_avg:495.25ms
step:570/5100 train_loss:3.8013 train_time:277679ms step_avg:495.86ms
step:571/5100 train_loss:3.8671 train_time:278154ms step_avg:495.82ms
step:572/5100 train_loss:3.9517 train_time:278656ms step_avg:495.83ms
step:573/5100 train_loss:3.8150 train_time:279150ms step_avg:495.83ms
step:574/5100 train_loss:3.8452 train_time:279646ms step_avg:495.83ms
step:575/5100 train_loss:4.0618 train_time:280141ms step_avg:495.82ms
step:576/5100 train_loss:3.8946 train_time:280631ms step_avg:495.81ms
step:577/5100 train_loss:3.9650 train_time:281122ms step_avg:495.81ms
step:578/5100 train_loss:3.8635 train_time:281616ms step_avg:495.80ms
step:579/5100 train_loss:3.7861 train_time:282112ms step_avg:495.80ms
step:580/5100 train_loss:3.9914 train_time:282611ms step_avg:495.81ms
step:581/5100 train_loss:3.8535 train_time:283100ms step_avg:495.80ms
step:582/5100 train_loss:3.9075 train_time:283595ms step_avg:495.80ms
step:583/5100 train_loss:3.9502 train_time:284094ms step_avg:495.80ms
step:584/5100 train_loss:3.8540 train_time:284584ms step_avg:495.79ms
step:585/5100 train_loss:3.8135 train_time:285080ms step_avg:495.79ms
step:586/5100 train_loss:4.0517 train_time:285573ms step_avg:495.79ms
step:587/5100 train_loss:3.7764 train_time:286066ms step_avg:495.78ms
step:588/5100 train_loss:3.9149 train_time:286561ms step_avg:495.78ms
step:589/5100 train_loss:3.8771 train_time:287055ms step_avg:495.78ms
step:590/5100 train_loss:4.1727 train_time:287548ms step_avg:495.77ms
step:591/5100 train_loss:3.9481 train_time:288043ms step_avg:495.77ms
step:592/5100 train_loss:3.6118 train_time:288540ms step_avg:495.77ms
step:593/5100 train_loss:3.8139 train_time:289036ms step_avg:495.77ms
step:594/5100 train_loss:3.8886 train_time:289531ms step_avg:495.77ms
step:595/5100 train_loss:3.6626 train_time:290022ms step_avg:495.76ms
step:596/5100 train_loss:4.1610 train_time:290558ms step_avg:495.83ms
step:597/5100 train_loss:3.9936 train_time:291015ms step_avg:495.77ms
step:598/5100 train_loss:3.7429 train_time:291510ms step_avg:495.76ms
step:599/5100 train_loss:3.9023 train_time:292005ms step_avg:495.76ms
step:600/5100 train_loss:3.7488 train_time:292497ms step_avg:495.76ms
step:601/5100 train_loss:3.7383 train_time:292991ms step_avg:495.76ms
step:602/5100 train_loss:3.9336 train_time:293486ms step_avg:495.75ms
step:603/5100 train_loss:3.8511 train_time:293984ms step_avg:495.76ms
step:604/5100 train_loss:4.0351 train_time:294476ms step_avg:495.75ms
step:605/5100 train_loss:3.8181 train_time:294970ms step_avg:495.75ms
step:606/5100 train_loss:3.8720 train_time:295466ms step_avg:495.75ms
step:607/5100 train_loss:3.8891 train_time:295964ms step_avg:495.75ms
step:608/5100 train_loss:4.1901 train_time:296459ms step_avg:495.75ms
step:609/5100 train_loss:3.9231 train_time:296950ms step_avg:495.74ms
step:610/5100 train_loss:3.7640 train_time:297445ms step_avg:495.74ms
step:611/5100 train_loss:4.0568 train_time:297939ms step_avg:495.74ms
step:612/5100 train_loss:3.7418 train_time:298435ms step_avg:495.74ms
step:613/5100 train_loss:3.8756 train_time:298929ms step_avg:495.74ms
step:614/5100 train_loss:3.9335 train_time:299481ms step_avg:495.83ms
step:615/5100 train_loss:3.8628 train_time:299924ms step_avg:495.74ms
step:616/5100 train_loss:3.9547 train_time:300419ms step_avg:495.74ms
step:617/5100 train_loss:3.8683 train_time:300913ms step_avg:495.74ms
step:618/5100 train_loss:3.6988 train_time:301409ms step_avg:495.74ms
step:619/5100 train_loss:3.8853 train_time:301898ms step_avg:495.73ms
step:620/5100 train_loss:3.8493 train_time:302388ms step_avg:495.72ms
step:621/5100 train_loss:3.6870 train_time:302889ms step_avg:495.73ms
step:622/5100 train_loss:4.2712 train_time:303381ms step_avg:495.72ms
step:623/5100 train_loss:3.6857 train_time:303872ms step_avg:495.71ms
step:624/5100 train_loss:3.8657 train_time:304367ms step_avg:495.71ms
step:625/5100 train_loss:3.9476 train_time:304858ms step_avg:495.70ms
step:625/5100 val_loss:3.8338 train_time:305165ms step_avg:496.20ms
step:626/5100 train_loss:3.9366 train_time:305354ms step_avg:495.70ms
step:627/5100 train_loss:4.0178 train_time:305849ms step_avg:495.70ms
step:628/5100 train_loss:3.8005 train_time:306342ms step_avg:495.70ms
step:629/5100 train_loss:3.9108 train_time:306837ms step_avg:495.70ms
step:630/5100 train_loss:3.7307 train_time:307332ms step_avg:495.70ms
step:631/5100 train_loss:3.8890 train_time:307833ms step_avg:495.71ms
step:632/5100 train_loss:3.9110 train_time:308333ms step_avg:495.71ms
step:633/5100 train_loss:3.9477 train_time:308824ms step_avg:495.71ms
step:634/5100 train_loss:3.7673 train_time:309318ms step_avg:495.70ms
step:635/5100 train_loss:3.9103 train_time:309811ms step_avg:495.70ms
step:636/5100 train_loss:4.1029 train_time:310305ms step_avg:495.70ms
step:637/5100 train_loss:3.7403 train_time:310798ms step_avg:495.69ms
step:638/5100 train_loss:3.6505 train_time:311293ms step_avg:495.69ms
step:639/5100 train_loss:3.9601 train_time:311787ms step_avg:495.69ms
step:640/5100 train_loss:3.9874 train_time:312283ms step_avg:495.69ms
step:641/5100 train_loss:3.8182 train_time:312779ms step_avg:495.69ms
step:642/5100 train_loss:3.7156 train_time:313268ms step_avg:495.68ms
step:643/5100 train_loss:3.9354 train_time:313762ms step_avg:495.68ms
step:644/5100 train_loss:3.8585 train_time:314256ms step_avg:495.67ms
step:645/5100 train_loss:3.6680 train_time:314749ms step_avg:495.67ms
step:646/5100 train_loss:3.9313 train_time:315244ms step_avg:495.67ms
step:647/5100 train_loss:3.9420 train_time:315737ms step_avg:495.66ms
step:648/5100 train_loss:3.8137 train_time:316231ms step_avg:495.66ms
step:649/5100 train_loss:3.9251 train_time:316725ms step_avg:495.66ms
step:650/5100 train_loss:3.9731 train_time:317226ms step_avg:495.67ms
step:651/5100 train_loss:3.7990 train_time:317722ms step_avg:495.67ms
step:652/5100 train_loss:4.0641 train_time:318214ms step_avg:495.66ms
step:653/5100 train_loss:3.8265 train_time:318706ms step_avg:495.66ms
step:654/5100 train_loss:3.8287 train_time:319201ms step_avg:495.65ms
step:655/5100 train_loss:3.4975 train_time:319697ms step_avg:495.65ms
step:656/5100 train_loss:3.8918 train_time:320200ms step_avg:495.67ms
step:657/5100 train_loss:3.7662 train_time:320689ms step_avg:495.66ms
step:658/5100 train_loss:3.7187 train_time:321180ms step_avg:495.65ms
step:659/5100 train_loss:3.8543 train_time:321676ms step_avg:495.65ms
step:660/5100 train_loss:3.7914 train_time:322169ms step_avg:495.64ms
step:661/5100 train_loss:3.8800 train_time:322663ms step_avg:495.64ms
step:662/5100 train_loss:3.8307 train_time:323157ms step_avg:495.64ms
step:663/5100 train_loss:3.7881 train_time:323650ms step_avg:495.64ms
step:664/5100 train_loss:3.7616 train_time:324143ms step_avg:495.63ms
step:665/5100 train_loss:3.9230 train_time:324636ms step_avg:495.63ms
step:666/5100 train_loss:3.4982 train_time:325131ms step_avg:495.63ms
step:667/5100 train_loss:4.0734 train_time:325626ms step_avg:495.62ms
step:668/5100 train_loss:3.8361 train_time:326120ms step_avg:495.62ms
step:669/5100 train_loss:3.9301 train_time:326614ms step_avg:495.62ms
step:670/5100 train_loss:3.7339 train_time:327107ms step_avg:495.62ms
step:671/5100 train_loss:3.6161 train_time:327601ms step_avg:495.61ms
step:672/5100 train_loss:3.7684 train_time:328094ms step_avg:495.61ms
step:673/5100 train_loss:3.7988 train_time:328590ms step_avg:495.61ms
step:674/5100 train_loss:4.4662 train_time:329082ms step_avg:495.61ms
step:675/5100 train_loss:3.8738 train_time:329578ms step_avg:495.61ms
step:676/5100 train_loss:3.9022 train_time:330075ms step_avg:495.61ms
step:677/5100 train_loss:3.6707 train_time:330562ms step_avg:495.59ms
step:678/5100 train_loss:3.7006 train_time:331058ms step_avg:495.60ms
step:679/5100 train_loss:3.7598 train_time:331555ms step_avg:495.60ms
step:680/5100 train_loss:3.8635 train_time:332047ms step_avg:495.59ms
step:681/5100 train_loss:3.7850 train_time:332541ms step_avg:495.59ms
step:682/5100 train_loss:3.8245 train_time:333034ms step_avg:495.59ms
step:683/5100 train_loss:4.0373 train_time:333539ms step_avg:495.60ms
step:684/5100 train_loss:3.9662 train_time:334040ms step_avg:495.61ms
step:685/5100 train_loss:3.8484 train_time:334534ms step_avg:495.61ms
step:686/5100 train_loss:3.9362 train_time:335013ms step_avg:495.58ms
step:687/5100 train_loss:3.8814 train_time:335519ms step_avg:495.60ms
step:688/5100 train_loss:3.8600 train_time:336013ms step_avg:495.60ms
step:689/5100 train_loss:3.3740 train_time:336494ms step_avg:495.57ms
step:690/5100 train_loss:3.5674 train_time:336987ms step_avg:495.57ms
step:691/5100 train_loss:3.8066 train_time:337481ms step_avg:495.57ms
step:692/5100 train_loss:3.5625 train_time:337974ms step_avg:495.56ms
step:693/5100 train_loss:3.9531 train_time:338467ms step_avg:495.56ms
step:694/5100 train_loss:3.8066 train_time:338961ms step_avg:495.56ms
step:695/5100 train_loss:3.6827 train_time:339463ms step_avg:495.57ms
step:696/5100 train_loss:3.5751 train_time:339950ms step_avg:495.55ms
step:697/5100 train_loss:4.1778 train_time:340444ms step_avg:495.55ms
step:698/5100 train_loss:3.7445 train_time:340937ms step_avg:495.55ms
step:699/5100 train_loss:3.8153 train_time:341430ms step_avg:495.54ms
step:700/5100 train_loss:3.7470 train_time:341924ms step_avg:495.54ms
step:701/5100 train_loss:3.7979 train_time:342416ms step_avg:495.54ms
step:702/5100 train_loss:3.7472 train_time:342911ms step_avg:495.54ms
step:703/5100 train_loss:3.7119 train_time:343403ms step_avg:495.53ms
step:704/5100 train_loss:3.6837 train_time:343896ms step_avg:495.53ms
step:705/5100 train_loss:3.9387 train_time:344392ms step_avg:495.53ms
step:706/5100 train_loss:3.8106 train_time:344889ms step_avg:495.53ms
step:707/5100 train_loss:3.7933 train_time:345380ms step_avg:495.52ms
step:708/5100 train_loss:3.9078 train_time:345873ms step_avg:495.52ms
step:709/5100 train_loss:3.8282 train_time:346367ms step_avg:495.52ms
step:710/5100 train_loss:3.8300 train_time:346865ms step_avg:495.52ms
step:711/5100 train_loss:3.7037 train_time:347358ms step_avg:495.52ms
step:712/5100 train_loss:3.8223 train_time:347851ms step_avg:495.51ms
step:713/5100 train_loss:3.9660 train_time:348348ms step_avg:495.52ms
step:714/5100 train_loss:3.7187 train_time:348838ms step_avg:495.51ms
step:715/5100 train_loss:3.8582 train_time:349334ms step_avg:495.51ms
step:716/5100 train_loss:3.8744 train_time:349829ms step_avg:495.51ms
step:717/5100 train_loss:3.7955 train_time:350322ms step_avg:495.50ms
step:718/5100 train_loss:4.0312 train_time:350818ms step_avg:495.51ms
step:719/5100 train_loss:3.6971 train_time:351312ms step_avg:495.50ms
step:720/5100 train_loss:3.7204 train_time:351805ms step_avg:495.50ms
step:721/5100 train_loss:4.1447 train_time:352297ms step_avg:495.50ms
step:722/5100 train_loss:3.5601 train_time:352792ms step_avg:495.50ms
step:723/5100 train_loss:4.0233 train_time:353287ms step_avg:495.49ms
step:724/5100 train_loss:3.9965 train_time:353783ms step_avg:495.49ms
step:725/5100 train_loss:3.7725 train_time:354286ms step_avg:495.51ms
step:726/5100 train_loss:3.8276 train_time:354782ms step_avg:495.51ms
step:727/5100 train_loss:3.6579 train_time:355275ms step_avg:495.50ms
step:728/5100 train_loss:3.4997 train_time:355771ms step_avg:495.50ms
step:729/5100 train_loss:3.8442 train_time:356269ms step_avg:495.51ms
step:730/5100 train_loss:3.8144 train_time:356771ms step_avg:495.51ms
step:731/5100 train_loss:3.9177 train_time:357252ms step_avg:495.50ms
step:732/5100 train_loss:3.8241 train_time:357747ms step_avg:495.49ms
step:733/5100 train_loss:3.8120 train_time:358239ms step_avg:495.49ms
step:734/5100 train_loss:4.2092 train_time:358734ms step_avg:495.49ms
step:735/5100 train_loss:3.5796 train_time:359214ms step_avg:495.47ms
step:736/5100 train_loss:3.8350 train_time:359709ms step_avg:495.47ms
step:737/5100 train_loss:4.0860 train_time:360201ms step_avg:495.46ms
step:738/5100 train_loss:3.8315 train_time:360697ms step_avg:495.46ms
step:739/5100 train_loss:3.7592 train_time:361189ms step_avg:495.46ms
step:740/5100 train_loss:3.8726 train_time:361684ms step_avg:495.46ms
step:741/5100 train_loss:4.2630 train_time:362177ms step_avg:495.45ms
step:742/5100 train_loss:3.7698 train_time:362676ms step_avg:495.46ms
step:743/5100 train_loss:3.6873 train_time:363169ms step_avg:495.46ms
step:744/5100 train_loss:3.6963 train_time:363663ms step_avg:495.45ms
step:745/5100 train_loss:3.9177 train_time:364160ms step_avg:495.46ms
step:746/5100 train_loss:3.8263 train_time:364662ms step_avg:495.47ms
step:747/5100 train_loss:3.8377 train_time:365145ms step_avg:495.45ms
step:748/5100 train_loss:3.7800 train_time:365641ms step_avg:495.45ms
step:749/5100 train_loss:3.7974 train_time:366132ms step_avg:495.44ms
step:750/5100 train_loss:3.7186 train_time:366627ms step_avg:495.44ms
step:750/5100 val_loss:3.7737 train_time:366936ms step_avg:495.86ms
step:751/5100 train_loss:3.7842 train_time:367123ms step_avg:495.44ms
step:752/5100 train_loss:3.6936 train_time:367615ms step_avg:495.44ms
step:753/5100 train_loss:3.7834 train_time:368108ms step_avg:495.43ms
step:754/5100 train_loss:3.7194 train_time:368603ms step_avg:495.43ms
step:755/5100 train_loss:3.7470 train_time:369098ms step_avg:495.43ms
step:756/5100 train_loss:3.9673 train_time:369593ms step_avg:495.43ms
step:757/5100 train_loss:3.7213 train_time:370084ms step_avg:495.43ms
step:758/5100 train_loss:3.8855 train_time:370577ms step_avg:495.42ms
step:759/5100 train_loss:3.8307 train_time:371073ms step_avg:495.42ms
step:760/5100 train_loss:3.7752 train_time:371634ms step_avg:495.51ms
step:761/5100 train_loss:3.7697 train_time:372123ms step_avg:495.50ms
step:762/5100 train_loss:3.6473 train_time:372620ms step_avg:495.51ms
step:763/5100 train_loss:3.8267 train_time:373113ms step_avg:495.50ms
step:764/5100 train_loss:3.7335 train_time:373610ms step_avg:495.50ms
step:765/5100 train_loss:3.5617 train_time:374102ms step_avg:495.50ms
step:766/5100 train_loss:4.0209 train_time:374596ms step_avg:495.50ms
step:767/5100 train_loss:3.8633 train_time:375108ms step_avg:495.52ms
step:768/5100 train_loss:3.8466 train_time:375593ms step_avg:495.51ms
step:769/5100 train_loss:3.7246 train_time:376088ms step_avg:495.50ms
step:770/5100 train_loss:3.9582 train_time:376578ms step_avg:495.50ms
step:771/5100 train_loss:3.8730 train_time:377078ms step_avg:495.50ms
step:772/5100 train_loss:4.1503 train_time:377580ms step_avg:495.51ms
step:773/5100 train_loss:3.6571 train_time:378073ms step_avg:495.51ms
step:774/5100 train_loss:3.7688 train_time:378572ms step_avg:495.51ms
step:775/5100 train_loss:3.9193 train_time:379065ms step_avg:495.51ms
step:776/5100 train_loss:3.8761 train_time:379549ms step_avg:495.50ms
step:777/5100 train_loss:3.7531 train_time:380050ms step_avg:495.50ms
step:778/5100 train_loss:3.5966 train_time:380537ms step_avg:495.49ms
step:779/5100 train_loss:3.7847 train_time:381034ms step_avg:495.49ms
step:780/5100 train_loss:3.6891 train_time:381528ms step_avg:495.49ms
step:781/5100 train_loss:3.8379 train_time:382020ms step_avg:495.49ms
step:782/5100 train_loss:3.8902 train_time:382516ms step_avg:495.49ms
step:783/5100 train_loss:3.7400 train_time:383010ms step_avg:495.49ms
step:784/5100 train_loss:3.8128 train_time:383506ms step_avg:495.49ms
step:785/5100 train_loss:3.7816 train_time:384000ms step_avg:495.48ms
step:786/5100 train_loss:3.7245 train_time:384493ms step_avg:495.48ms
step:787/5100 train_loss:3.6191 train_time:384987ms step_avg:495.48ms
step:788/5100 train_loss:4.1365 train_time:385480ms step_avg:495.48ms
step:789/5100 train_loss:3.6244 train_time:385976ms step_avg:495.48ms
step:790/5100 train_loss:3.6858 train_time:386470ms step_avg:495.47ms
step:791/5100 train_loss:3.8224 train_time:386968ms step_avg:495.48ms
step:792/5100 train_loss:3.7634 train_time:387454ms step_avg:495.47ms
step:793/5100 train_loss:3.6807 train_time:387950ms step_avg:495.47ms
step:794/5100 train_loss:3.5712 train_time:388446ms step_avg:495.47ms
step:795/5100 train_loss:3.7118 train_time:388942ms step_avg:495.47ms
step:796/5100 train_loss:3.7765 train_time:389435ms step_avg:495.46ms
step:797/5100 train_loss:3.7981 train_time:389928ms step_avg:495.46ms
step:798/5100 train_loss:3.6889 train_time:390427ms step_avg:495.47ms
step:799/5100 train_loss:3.9299 train_time:390927ms step_avg:495.47ms
step:800/5100 train_loss:3.7511 train_time:391419ms step_avg:495.47ms
step:801/5100 train_loss:3.7590 train_time:391911ms step_avg:495.46ms
step:802/5100 train_loss:3.8612 train_time:392403ms step_avg:495.46ms
step:803/5100 train_loss:3.8691 train_time:392903ms step_avg:495.46ms
step:804/5100 train_loss:3.8992 train_time:393396ms step_avg:495.46ms
step:805/5100 train_loss:3.8475 train_time:393886ms step_avg:495.45ms
step:806/5100 train_loss:3.6779 train_time:394381ms step_avg:495.45ms
step:807/5100 train_loss:3.5343 train_time:394891ms step_avg:495.47ms
step:808/5100 train_loss:3.8400 train_time:395370ms step_avg:495.45ms
step:809/5100 train_loss:3.8384 train_time:395870ms step_avg:495.46ms
step:810/5100 train_loss:3.6898 train_time:396366ms step_avg:495.46ms
step:811/5100 train_loss:3.7459 train_time:396853ms step_avg:495.45ms
step:812/5100 train_loss:3.8616 train_time:397351ms step_avg:495.45ms
step:813/5100 train_loss:3.8202 train_time:397839ms step_avg:495.44ms
step:814/5100 train_loss:3.7737 train_time:398333ms step_avg:495.44ms
step:815/5100 train_loss:3.8359 train_time:398828ms step_avg:495.44ms
step:816/5100 train_loss:3.7534 train_time:399326ms step_avg:495.44ms
step:817/5100 train_loss:3.7932 train_time:399814ms step_avg:495.43ms
step:818/5100 train_loss:4.1482 train_time:400308ms step_avg:495.43ms
step:819/5100 train_loss:3.7329 train_time:400800ms step_avg:495.43ms
step:820/5100 train_loss:3.9990 train_time:401299ms step_avg:495.43ms
step:821/5100 train_loss:3.6134 train_time:401792ms step_avg:495.43ms
step:822/5100 train_loss:3.7060 train_time:402285ms step_avg:495.43ms
step:823/5100 train_loss:3.9995 train_time:402784ms step_avg:495.43ms
step:824/5100 train_loss:3.7591 train_time:403275ms step_avg:495.42ms
step:825/5100 train_loss:3.7222 train_time:403766ms step_avg:495.42ms
step:826/5100 train_loss:3.8761 train_time:404260ms step_avg:495.42ms
step:827/5100 train_loss:3.6990 train_time:404762ms step_avg:495.42ms
step:828/5100 train_loss:4.1719 train_time:405269ms step_avg:495.44ms
step:829/5100 train_loss:3.7681 train_time:405761ms step_avg:495.43ms
step:830/5100 train_loss:3.8449 train_time:406255ms step_avg:495.43ms
step:831/5100 train_loss:3.7242 train_time:406750ms step_avg:495.43ms
step:832/5100 train_loss:3.7096 train_time:407245ms step_avg:495.43ms
step:833/5100 train_loss:3.6559 train_time:407735ms step_avg:495.43ms
step:834/5100 train_loss:3.7511 train_time:408268ms step_avg:495.47ms
step:835/5100 train_loss:3.6327 train_time:408730ms step_avg:495.43ms
step:836/5100 train_loss:3.6055 train_time:409225ms step_avg:495.43ms
step:837/5100 train_loss:3.9729 train_time:409718ms step_avg:495.43ms
step:838/5100 train_loss:3.6179 train_time:410212ms step_avg:495.42ms
step:839/5100 train_loss:3.7392 train_time:410715ms step_avg:495.43ms
step:840/5100 train_loss:3.6344 train_time:411200ms step_avg:495.42ms
step:841/5100 train_loss:3.7459 train_time:411694ms step_avg:495.42ms
step:842/5100 train_loss:3.7629 train_time:412188ms step_avg:495.42ms
step:843/5100 train_loss:3.8228 train_time:412683ms step_avg:495.42ms
step:844/5100 train_loss:3.7363 train_time:413180ms step_avg:495.42ms
step:845/5100 train_loss:3.6418 train_time:413675ms step_avg:495.42ms
step:846/5100 train_loss:3.9238 train_time:414164ms step_avg:495.41ms
step:847/5100 train_loss:3.6554 train_time:414652ms step_avg:495.40ms
step:848/5100 train_loss:3.6313 train_time:415147ms step_avg:495.40ms
step:849/5100 train_loss:3.7790 train_time:415638ms step_avg:495.40ms
step:850/5100 train_loss:3.6925 train_time:416133ms step_avg:495.40ms
step:851/5100 train_loss:3.7731 train_time:416629ms step_avg:495.40ms
step:852/5100 train_loss:3.8736 train_time:417120ms step_avg:495.39ms
step:853/5100 train_loss:3.6746 train_time:417615ms step_avg:495.39ms
step:854/5100 train_loss:3.7473 train_time:418110ms step_avg:495.39ms
step:855/5100 train_loss:3.9643 train_time:418620ms step_avg:495.41ms
step:856/5100 train_loss:3.6816 train_time:419116ms step_avg:495.41ms
step:857/5100 train_loss:3.6426 train_time:419602ms step_avg:495.40ms
step:858/5100 train_loss:3.7905 train_time:420128ms step_avg:495.43ms
step:859/5100 train_loss:3.5607 train_time:420591ms step_avg:495.40ms
step:860/5100 train_loss:3.7632 train_time:421085ms step_avg:495.39ms
step:861/5100 train_loss:3.6862 train_time:421579ms step_avg:495.39ms
step:862/5100 train_loss:3.8606 train_time:422070ms step_avg:495.39ms
step:863/5100 train_loss:3.7236 train_time:422568ms step_avg:495.39ms
step:864/5100 train_loss:3.7805 train_time:423060ms step_avg:495.39ms
step:865/5100 train_loss:3.6618 train_time:423556ms step_avg:495.39ms
step:866/5100 train_loss:3.7655 train_time:424048ms step_avg:495.38ms
step:867/5100 train_loss:4.1937 train_time:424543ms step_avg:495.38ms
step:868/5100 train_loss:3.6116 train_time:425041ms step_avg:495.39ms
step:869/5100 train_loss:3.9031 train_time:425532ms step_avg:495.38ms
step:870/5100 train_loss:3.7234 train_time:426027ms step_avg:495.38ms
step:871/5100 train_loss:3.6854 train_time:426546ms step_avg:495.41ms
step:872/5100 train_loss:3.5285 train_time:427038ms step_avg:495.40ms
step:873/5100 train_loss:3.9259 train_time:427509ms step_avg:495.38ms
step:874/5100 train_loss:3.6169 train_time:428002ms step_avg:495.37ms
step:875/5100 train_loss:3.2499 train_time:428496ms step_avg:495.37ms
step:875/5100 val_loss:3.7264 train_time:428805ms step_avg:495.73ms
step:876/5100 train_loss:3.8114 train_time:428996ms step_avg:495.38ms
step:877/5100 train_loss:3.7985 train_time:429483ms step_avg:495.37ms
step:878/5100 train_loss:3.7874 train_time:429976ms step_avg:495.36ms
step:879/5100 train_loss:3.6680 train_time:430480ms step_avg:495.37ms
step:880/5100 train_loss:3.7732 train_time:430971ms step_avg:495.37ms
step:881/5100 train_loss:3.4239 train_time:431468ms step_avg:495.37ms
step:882/5100 train_loss:3.7807 train_time:431979ms step_avg:495.39ms
step:883/5100 train_loss:4.2308 train_time:432473ms step_avg:495.39ms
step:884/5100 train_loss:4.0778 train_time:432970ms step_avg:495.39ms
step:885/5100 train_loss:3.8749 train_time:433448ms step_avg:495.37ms
step:886/5100 train_loss:3.7571 train_time:433939ms step_avg:495.36ms
step:887/5100 train_loss:3.7764 train_time:434433ms step_avg:495.36ms
step:888/5100 train_loss:4.6502 train_time:434929ms step_avg:495.36ms
step:889/5100 train_loss:4.0197 train_time:435420ms step_avg:495.36ms
step:890/5100 train_loss:3.6582 train_time:435916ms step_avg:495.36ms
step:891/5100 train_loss:3.6891 train_time:436415ms step_avg:495.36ms
step:892/5100 train_loss:3.6472 train_time:436913ms step_avg:495.37ms
step:893/5100 train_loss:3.8428 train_time:437408ms step_avg:495.37ms
step:894/5100 train_loss:3.5816 train_time:437898ms step_avg:495.36ms
step:895/5100 train_loss:3.6722 train_time:438389ms step_avg:495.35ms
step:896/5100 train_loss:3.7044 train_time:438915ms step_avg:495.39ms
step:897/5100 train_loss:3.7276 train_time:439379ms step_avg:495.35ms
step:898/5100 train_loss:3.7558 train_time:439872ms step_avg:495.35ms
step:899/5100 train_loss:3.8505 train_time:440368ms step_avg:495.35ms
step:900/5100 train_loss:3.6808 train_time:440861ms step_avg:495.35ms
step:901/5100 train_loss:3.5710 train_time:441355ms step_avg:495.35ms
step:902/5100 train_loss:3.8044 train_time:441847ms step_avg:495.34ms
step:903/5100 train_loss:3.6708 train_time:442346ms step_avg:495.35ms
step:904/5100 train_loss:3.6875 train_time:442839ms step_avg:495.35ms
step:905/5100 train_loss:3.7359 train_time:443333ms step_avg:495.34ms
step:906/5100 train_loss:3.7366 train_time:443844ms step_avg:495.36ms
step:907/5100 train_loss:3.7445 train_time:444357ms step_avg:495.38ms
step:908/5100 train_loss:3.7127 train_time:444820ms step_avg:495.34ms
step:909/5100 train_loss:3.6678 train_time:445316ms step_avg:495.35ms
step:910/5100 train_loss:3.6865 train_time:445804ms step_avg:495.34ms
step:911/5100 train_loss:3.7026 train_time:446297ms step_avg:495.34ms
step:912/5100 train_loss:3.7573 train_time:446790ms step_avg:495.33ms
step:913/5100 train_loss:3.9636 train_time:447284ms step_avg:495.33ms
step:914/5100 train_loss:3.5712 train_time:447780ms step_avg:495.33ms
step:915/5100 train_loss:3.8221 train_time:448275ms step_avg:495.33ms
step:916/5100 train_loss:3.8592 train_time:448771ms step_avg:495.33ms
step:917/5100 train_loss:3.7690 train_time:449264ms step_avg:495.33ms
step:918/5100 train_loss:3.7682 train_time:449757ms step_avg:495.33ms
step:919/5100 train_loss:4.1314 train_time:450252ms step_avg:495.33ms
step:920/5100 train_loss:3.5601 train_time:450751ms step_avg:495.33ms
step:921/5100 train_loss:3.7105 train_time:451239ms step_avg:495.32ms
step:922/5100 train_loss:3.7199 train_time:451735ms step_avg:495.32ms
step:923/5100 train_loss:3.7275 train_time:452230ms step_avg:495.32ms
step:924/5100 train_loss:3.8089 train_time:452721ms step_avg:495.32ms
step:925/5100 train_loss:3.8379 train_time:453216ms step_avg:495.32ms
step:926/5100 train_loss:3.8359 train_time:453710ms step_avg:495.32ms
step:927/5100 train_loss:3.7856 train_time:454205ms step_avg:495.32ms
step:928/5100 train_loss:3.8799 train_time:454698ms step_avg:495.31ms
step:929/5100 train_loss:3.9449 train_time:455196ms step_avg:495.32ms
step:930/5100 train_loss:3.6353 train_time:455688ms step_avg:495.31ms
step:931/5100 train_loss:3.5743 train_time:456181ms step_avg:495.31ms
step:932/5100 train_loss:3.6921 train_time:456675ms step_avg:495.31ms
step:933/5100 train_loss:3.9100 train_time:457169ms step_avg:495.31ms
step:934/5100 train_loss:3.5360 train_time:457662ms step_avg:495.31ms
step:935/5100 train_loss:3.7729 train_time:458157ms step_avg:495.30ms
step:936/5100 train_loss:3.5986 train_time:458651ms step_avg:495.30ms
step:937/5100 train_loss:3.6999 train_time:459147ms step_avg:495.30ms
step:938/5100 train_loss:3.7736 train_time:459639ms step_avg:495.30ms
step:939/5100 train_loss:3.6533 train_time:460135ms step_avg:495.30ms
step:940/5100 train_loss:3.9279 train_time:460629ms step_avg:495.30ms
step:941/5100 train_loss:3.6686 train_time:461126ms step_avg:495.30ms
step:942/5100 train_loss:3.7350 train_time:461618ms step_avg:495.30ms
step:943/5100 train_loss:3.4822 train_time:462114ms step_avg:495.30ms
step:944/5100 train_loss:3.8254 train_time:462605ms step_avg:495.29ms
step:945/5100 train_loss:3.4418 train_time:463101ms step_avg:495.30ms
step:946/5100 train_loss:3.5586 train_time:463591ms step_avg:495.29ms
step:947/5100 train_loss:4.0977 train_time:464085ms step_avg:495.29ms
step:948/5100 train_loss:3.9958 train_time:464584ms step_avg:495.29ms
step:949/5100 train_loss:3.7342 train_time:465078ms step_avg:495.29ms
step:950/5100 train_loss:3.7397 train_time:466584ms step_avg:496.37ms
step:951/5100 train_loss:3.6667 train_time:467077ms step_avg:496.36ms
step:952/5100 train_loss:3.6310 train_time:467567ms step_avg:496.36ms
step:953/5100 train_loss:3.6869 train_time:468064ms step_avg:496.36ms
step:954/5100 train_loss:3.8402 train_time:468556ms step_avg:496.35ms
step:955/5100 train_loss:3.6890 train_time:469050ms step_avg:496.35ms
step:956/5100 train_loss:3.7143 train_time:469569ms step_avg:496.37ms
step:957/5100 train_loss:3.6353 train_time:470044ms step_avg:496.35ms
step:958/5100 train_loss:3.7204 train_time:470534ms step_avg:496.34ms
step:959/5100 train_loss:3.7201 train_time:471026ms step_avg:496.34ms
step:960/5100 train_loss:3.8380 train_time:471520ms step_avg:496.34ms
step:961/5100 train_loss:3.4831 train_time:472015ms step_avg:496.34ms
step:962/5100 train_loss:3.9435 train_time:472508ms step_avg:496.33ms
step:963/5100 train_loss:3.9339 train_time:473003ms step_avg:496.33ms
step:964/5100 train_loss:3.6517 train_time:473495ms step_avg:496.33ms
step:965/5100 train_loss:3.5856 train_time:473990ms step_avg:496.32ms
step:966/5100 train_loss:3.6388 train_time:474484ms step_avg:496.32ms
step:967/5100 train_loss:3.9258 train_time:474986ms step_avg:496.33ms
step:968/5100 train_loss:3.6811 train_time:475480ms step_avg:496.33ms
step:969/5100 train_loss:3.6852 train_time:475976ms step_avg:496.33ms
step:970/5100 train_loss:3.7148 train_time:476463ms step_avg:496.32ms
step:971/5100 train_loss:3.6055 train_time:476955ms step_avg:496.31ms
step:972/5100 train_loss:3.7154 train_time:477449ms step_avg:496.31ms
step:973/5100 train_loss:3.6736 train_time:477946ms step_avg:496.31ms
step:974/5100 train_loss:3.7236 train_time:478437ms step_avg:496.30ms
step:975/5100 train_loss:3.8483 train_time:478930ms step_avg:496.30ms
step:976/5100 train_loss:3.7021 train_time:479424ms step_avg:496.30ms
step:977/5100 train_loss:4.0618 train_time:479918ms step_avg:496.30ms
step:978/5100 train_loss:3.8637 train_time:480414ms step_avg:496.30ms
step:979/5100 train_loss:3.5559 train_time:480913ms step_avg:496.30ms
step:980/5100 train_loss:4.2316 train_time:481405ms step_avg:496.29ms
step:981/5100 train_loss:3.6734 train_time:481902ms step_avg:496.29ms
step:982/5100 train_loss:3.7174 train_time:482395ms step_avg:496.29ms
step:983/5100 train_loss:3.6643 train_time:482890ms step_avg:496.29ms
step:984/5100 train_loss:3.7181 train_time:483387ms step_avg:496.29ms
step:985/5100 train_loss:3.8009 train_time:483879ms step_avg:496.29ms
step:986/5100 train_loss:3.8546 train_time:484374ms step_avg:496.28ms
step:987/5100 train_loss:3.6320 train_time:484869ms step_avg:496.28ms
step:988/5100 train_loss:3.6885 train_time:485363ms step_avg:496.28ms
step:989/5100 train_loss:3.6899 train_time:485857ms step_avg:496.28ms
step:990/5100 train_loss:3.6159 train_time:486355ms step_avg:496.28ms
step:991/5100 train_loss:3.8785 train_time:486848ms step_avg:496.28ms
step:992/5100 train_loss:3.5540 train_time:487342ms step_avg:496.28ms
step:993/5100 train_loss:3.6685 train_time:487841ms step_avg:496.28ms
step:994/5100 train_loss:3.6790 train_time:488329ms step_avg:496.27ms
step:995/5100 train_loss:3.8164 train_time:488822ms step_avg:496.27ms
step:996/5100 train_loss:3.6751 train_time:489320ms step_avg:496.27ms
step:997/5100 train_loss:3.5946 train_time:489812ms step_avg:496.26ms
step:998/5100 train_loss:3.9998 train_time:490316ms step_avg:496.27ms
step:999/5100 train_loss:3.6532 train_time:490805ms step_avg:496.26ms
step:1000/5100 train_loss:3.8819 train_time:491314ms step_avg:496.28ms
step:1000/5100 val_loss:3.6848 train_time:491604ms step_avg:496.57ms
step:1001/5100 train_loss:3.5813 train_time:491795ms step_avg:496.26ms
step:1002/5100 train_loss:3.5987 train_time:492286ms step_avg:496.26ms
step:1003/5100 train_loss:3.6218 train_time:492777ms step_avg:496.25ms
step:1004/5100 train_loss:3.9839 train_time:493270ms step_avg:496.25ms
step:1005/5100 train_loss:3.8201 train_time:493766ms step_avg:496.25ms
step:1006/5100 train_loss:3.5862 train_time:494258ms step_avg:496.24ms
step:1007/5100 train_loss:3.6260 train_time:494754ms step_avg:496.24ms
step:1008/5100 train_loss:3.5890 train_time:495255ms step_avg:496.25ms
step:1009/5100 train_loss:3.8047 train_time:495743ms step_avg:496.24ms
step:1010/5100 train_loss:3.8962 train_time:496240ms step_avg:496.24ms
step:1011/5100 train_loss:3.8141 train_time:496735ms step_avg:496.24ms
step:1012/5100 train_loss:3.7581 train_time:497231ms step_avg:496.24ms
step:1013/5100 train_loss:3.5962 train_time:497725ms step_avg:496.24ms
step:1014/5100 train_loss:3.8261 train_time:498218ms step_avg:496.23ms
step:1015/5100 train_loss:3.7844 train_time:498717ms step_avg:496.24ms
step:1016/5100 train_loss:3.4691 train_time:499211ms step_avg:496.23ms
step:1017/5100 train_loss:3.6606 train_time:499711ms step_avg:496.24ms
step:1018/5100 train_loss:3.5908 train_time:500200ms step_avg:496.23ms
step:1019/5100 train_loss:3.6141 train_time:500703ms step_avg:496.24ms
step:1020/5100 train_loss:3.5927 train_time:501190ms step_avg:496.23ms
step:1021/5100 train_loss:3.5854 train_time:501681ms step_avg:496.22ms
step:1022/5100 train_loss:3.5432 train_time:502176ms step_avg:496.22ms
step:1023/5100 train_loss:3.7519 train_time:502668ms step_avg:496.22ms
step:1024/5100 train_loss:3.7199 train_time:503161ms step_avg:496.21ms
step:1025/5100 train_loss:3.6912 train_time:503662ms step_avg:496.22ms
step:1026/5100 train_loss:3.6331 train_time:504155ms step_avg:496.22ms
step:1027/5100 train_loss:3.7292 train_time:504645ms step_avg:496.21ms
step:1028/5100 train_loss:3.6601 train_time:505139ms step_avg:496.21ms
step:1029/5100 train_loss:3.5898 train_time:505633ms step_avg:496.21ms
step:1030/5100 train_loss:3.6253 train_time:506131ms step_avg:496.21ms
step:1031/5100 train_loss:3.6902 train_time:506631ms step_avg:496.21ms
step:1032/5100 train_loss:3.5850 train_time:507118ms step_avg:496.20ms
step:1033/5100 train_loss:3.8091 train_time:507613ms step_avg:496.20ms
step:1034/5100 train_loss:3.6767 train_time:508105ms step_avg:496.20ms
step:1035/5100 train_loss:3.5065 train_time:508600ms step_avg:496.19ms
step:1036/5100 train_loss:3.5719 train_time:509094ms step_avg:496.19ms
step:1037/5100 train_loss:3.7428 train_time:509588ms step_avg:496.19ms
step:1038/5100 train_loss:4.1098 train_time:510082ms step_avg:496.19ms
step:1039/5100 train_loss:3.8502 train_time:510578ms step_avg:496.19ms
step:1040/5100 train_loss:3.8100 train_time:511072ms step_avg:496.19ms
step:1041/5100 train_loss:3.7216 train_time:511568ms step_avg:496.19ms
step:1042/5100 train_loss:3.5638 train_time:512058ms step_avg:496.18ms
step:1043/5100 train_loss:3.6123 train_time:512555ms step_avg:496.18ms
step:1044/5100 train_loss:3.6259 train_time:513049ms step_avg:496.18ms
step:1045/5100 train_loss:3.7610 train_time:513542ms step_avg:496.18ms
step:1046/5100 train_loss:3.8323 train_time:514039ms step_avg:496.18ms
step:1047/5100 train_loss:3.6834 train_time:514536ms step_avg:496.18ms
step:1048/5100 train_loss:3.9101 train_time:515026ms step_avg:496.17ms
step:1049/5100 train_loss:3.7330 train_time:515518ms step_avg:496.17ms
step:1050/5100 train_loss:3.7124 train_time:516012ms step_avg:496.17ms
step:1051/5100 train_loss:3.5450 train_time:516512ms step_avg:496.17ms
step:1052/5100 train_loss:3.7742 train_time:517006ms step_avg:496.17ms
step:1053/5100 train_loss:3.5540 train_time:517503ms step_avg:496.17ms
step:1054/5100 train_loss:4.0070 train_time:517995ms step_avg:496.16ms
step:1055/5100 train_loss:3.5472 train_time:518483ms step_avg:496.16ms
step:1056/5100 train_loss:3.6607 train_time:518989ms step_avg:496.17ms
step:1057/5100 train_loss:3.8064 train_time:519480ms step_avg:496.16ms
step:1058/5100 train_loss:3.6991 train_time:519968ms step_avg:496.15ms
step:1059/5100 train_loss:3.5590 train_time:520458ms step_avg:496.15ms
step:1060/5100 train_loss:3.7951 train_time:520952ms step_avg:496.14ms
step:1061/5100 train_loss:3.7360 train_time:521447ms step_avg:496.14ms
step:1062/5100 train_loss:3.6255 train_time:521946ms step_avg:496.15ms
step:1063/5100 train_loss:3.5923 train_time:522443ms step_avg:496.15ms
step:1064/5100 train_loss:3.7391 train_time:522936ms step_avg:496.14ms
step:1065/5100 train_loss:3.5321 train_time:523426ms step_avg:496.14ms
step:1066/5100 train_loss:3.5311 train_time:523921ms step_avg:496.14ms
step:1067/5100 train_loss:3.6776 train_time:524415ms step_avg:496.13ms
step:1068/5100 train_loss:3.4738 train_time:524913ms step_avg:496.14ms
step:1069/5100 train_loss:3.6132 train_time:525409ms step_avg:496.14ms
step:1070/5100 train_loss:3.3443 train_time:525900ms step_avg:496.13ms
step:1071/5100 train_loss:3.8690 train_time:526393ms step_avg:496.13ms
step:1072/5100 train_loss:3.7371 train_time:526886ms step_avg:496.13ms
step:1073/5100 train_loss:3.6277 train_time:527380ms step_avg:496.12ms
step:1074/5100 train_loss:3.8068 train_time:527875ms step_avg:496.12ms
step:1075/5100 train_loss:3.6695 train_time:528370ms step_avg:496.12ms
step:1076/5100 train_loss:3.5603 train_time:528864ms step_avg:496.12ms
step:1077/5100 train_loss:3.9629 train_time:529358ms step_avg:496.12ms
step:1078/5100 train_loss:3.6304 train_time:529863ms step_avg:496.13ms
step:1079/5100 train_loss:3.3349 train_time:530360ms step_avg:496.13ms
step:1080/5100 train_loss:3.5430 train_time:530850ms step_avg:496.12ms
step:1081/5100 train_loss:3.6628 train_time:531346ms step_avg:496.12ms
step:1082/5100 train_loss:3.7716 train_time:531840ms step_avg:496.12ms
step:1083/5100 train_loss:3.8254 train_time:532334ms step_avg:496.12ms
step:1084/5100 train_loss:3.8344 train_time:532829ms step_avg:496.12ms
step:1085/5100 train_loss:3.6326 train_time:533340ms step_avg:496.13ms
step:1086/5100 train_loss:3.7465 train_time:533827ms step_avg:496.12ms
step:1087/5100 train_loss:3.5648 train_time:534325ms step_avg:496.12ms
step:1088/5100 train_loss:3.7520 train_time:534816ms step_avg:496.12ms
step:1089/5100 train_loss:3.6113 train_time:535311ms step_avg:496.12ms
step:1090/5100 train_loss:3.5690 train_time:535797ms step_avg:496.11ms
step:1091/5100 train_loss:3.8258 train_time:536289ms step_avg:496.10ms
step:1092/5100 train_loss:3.6290 train_time:536784ms step_avg:496.10ms
step:1093/5100 train_loss:3.7564 train_time:537277ms step_avg:496.10ms
step:1094/5100 train_loss:3.6608 train_time:537773ms step_avg:496.10ms
step:1095/5100 train_loss:3.7289 train_time:538267ms step_avg:496.10ms
step:1096/5100 train_loss:3.6129 train_time:538761ms step_avg:496.10ms
step:1097/5100 train_loss:3.6481 train_time:539254ms step_avg:496.09ms
step:1098/5100 train_loss:3.7231 train_time:539754ms step_avg:496.10ms
step:1099/5100 train_loss:3.8219 train_time:540251ms step_avg:496.10ms
step:1100/5100 train_loss:3.6742 train_time:540744ms step_avg:496.10ms
step:1101/5100 train_loss:3.7727 train_time:541240ms step_avg:496.10ms
step:1102/5100 train_loss:3.6735 train_time:541738ms step_avg:496.10ms
step:1103/5100 train_loss:3.5266 train_time:542229ms step_avg:496.09ms
step:1104/5100 train_loss:3.6486 train_time:542721ms step_avg:496.09ms
step:1105/5100 train_loss:3.6454 train_time:543215ms step_avg:496.09ms
step:1106/5100 train_loss:3.8438 train_time:543711ms step_avg:496.09ms
step:1107/5100 train_loss:3.3933 train_time:544205ms step_avg:496.08ms
step:1108/5100 train_loss:3.8750 train_time:544702ms step_avg:496.09ms
step:1109/5100 train_loss:3.6934 train_time:545200ms step_avg:496.09ms
step:1110/5100 train_loss:3.6436 train_time:545687ms step_avg:496.08ms
step:1111/5100 train_loss:3.6870 train_time:546181ms step_avg:496.08ms
step:1112/5100 train_loss:3.7520 train_time:546675ms step_avg:496.08ms
step:1113/5100 train_loss:3.8227 train_time:547169ms step_avg:496.07ms
step:1114/5100 train_loss:3.6778 train_time:547665ms step_avg:496.07ms
step:1115/5100 train_loss:3.6905 train_time:548155ms step_avg:496.07ms
step:1116/5100 train_loss:3.4877 train_time:548650ms step_avg:496.07ms
step:1117/5100 train_loss:3.6495 train_time:549145ms step_avg:496.07ms
step:1118/5100 train_loss:3.6760 train_time:549647ms step_avg:496.07ms
step:1119/5100 train_loss:4.1344 train_time:550136ms step_avg:496.07ms
step:1120/5100 train_loss:3.7840 train_time:550629ms step_avg:496.06ms
step:1121/5100 train_loss:3.6919 train_time:551124ms step_avg:496.06ms
step:1122/5100 train_loss:3.6405 train_time:551616ms step_avg:496.06ms
step:1123/5100 train_loss:3.6814 train_time:552110ms step_avg:496.06ms
step:1124/5100 train_loss:3.9028 train_time:552605ms step_avg:496.05ms
step:1125/5100 train_loss:3.5349 train_time:553101ms step_avg:496.06ms
step:1125/5100 val_loss:3.6565 train_time:553410ms step_avg:496.33ms
step:1126/5100 train_loss:3.3513 train_time:553596ms step_avg:496.05ms
step:1127/5100 train_loss:3.7845 train_time:554089ms step_avg:496.05ms
step:1128/5100 train_loss:4.1689 train_time:554581ms step_avg:496.05ms
step:1129/5100 train_loss:3.5247 train_time:555076ms step_avg:496.05ms
step:1130/5100 train_loss:3.8205 train_time:555571ms step_avg:496.05ms
step:1131/5100 train_loss:3.7350 train_time:556069ms step_avg:496.05ms
step:1132/5100 train_loss:3.6763 train_time:556561ms step_avg:496.04ms
step:1133/5100 train_loss:3.6951 train_time:557061ms step_avg:496.05ms
step:1134/5100 train_loss:3.9096 train_time:557554ms step_avg:496.04ms
step:1135/5100 train_loss:3.6837 train_time:558184ms step_avg:496.16ms
step:1136/5100 train_loss:3.6489 train_time:558680ms step_avg:496.16ms
step:1137/5100 train_loss:3.8324 train_time:559173ms step_avg:496.16ms
step:1138/5100 train_loss:3.7195 train_time:559664ms step_avg:496.16ms
step:1139/5100 train_loss:3.5140 train_time:560158ms step_avg:496.15ms
step:1140/5100 train_loss:3.9950 train_time:561644ms step_avg:497.03ms
step:1141/5100 train_loss:3.6833 train_time:562135ms step_avg:497.02ms
step:1142/5100 train_loss:3.8882 train_time:562639ms step_avg:497.03ms
step:1143/5100 train_loss:3.7620 train_time:563130ms step_avg:497.03ms
step:1144/5100 train_loss:3.6878 train_time:563628ms step_avg:497.03ms
step:1145/5100 train_loss:3.6334 train_time:564118ms step_avg:497.02ms
step:1146/5100 train_loss:3.6970 train_time:564613ms step_avg:497.02ms
step:1147/5100 train_loss:3.9712 train_time:565112ms step_avg:497.02ms
step:1148/5100 train_loss:3.8183 train_time:565606ms step_avg:497.02ms
step:1149/5100 train_loss:3.6547 train_time:566098ms step_avg:497.01ms
step:1150/5100 train_loss:3.5164 train_time:566594ms step_avg:497.01ms
step:1151/5100 train_loss:3.5479 train_time:567083ms step_avg:497.01ms
step:1152/5100 train_loss:3.5984 train_time:567579ms step_avg:497.00ms
step:1153/5100 train_loss:4.0146 train_time:568075ms step_avg:497.00ms
step:1154/5100 train_loss:3.7898 train_time:568567ms step_avg:497.00ms
step:1155/5100 train_loss:3.8127 train_time:569067ms step_avg:497.00ms
step:1156/5100 train_loss:3.4789 train_time:569555ms step_avg:496.99ms
step:1157/5100 train_loss:3.8695 train_time:570051ms step_avg:496.99ms
step:1158/5100 train_loss:3.7352 train_time:570544ms step_avg:496.99ms
step:1159/5100 train_loss:3.5038 train_time:571039ms step_avg:496.99ms
step:1160/5100 train_loss:3.5890 train_time:571537ms step_avg:496.99ms
step:1161/5100 train_loss:3.5102 train_time:572032ms step_avg:496.99ms
step:1162/5100 train_loss:3.4905 train_time:572523ms step_avg:496.98ms
step:1163/5100 train_loss:3.5559 train_time:573021ms step_avg:496.98ms
step:1164/5100 train_loss:3.7439 train_time:573523ms step_avg:496.99ms
step:1165/5100 train_loss:3.6404 train_time:574013ms step_avg:496.98ms
step:1166/5100 train_loss:3.5230 train_time:574516ms step_avg:496.99ms
step:1167/5100 train_loss:3.6156 train_time:575013ms step_avg:496.99ms
step:1168/5100 train_loss:3.6153 train_time:575497ms step_avg:496.97ms
step:1169/5100 train_loss:3.8322 train_time:575988ms step_avg:496.97ms
step:1170/5100 train_loss:3.5677 train_time:576484ms step_avg:496.97ms
step:1171/5100 train_loss:3.6376 train_time:576976ms step_avg:496.96ms
step:1172/5100 train_loss:3.6051 train_time:577475ms step_avg:496.97ms
step:1173/5100 train_loss:3.6460 train_time:577966ms step_avg:496.96ms
step:1174/5100 train_loss:3.8251 train_time:578464ms step_avg:496.96ms
step:1175/5100 train_loss:3.5398 train_time:578957ms step_avg:496.96ms
step:1176/5100 train_loss:3.6696 train_time:579458ms step_avg:496.96ms
step:1177/5100 train_loss:3.7758 train_time:579946ms step_avg:496.95ms
step:1178/5100 train_loss:3.5807 train_time:580438ms step_avg:496.95ms
step:1179/5100 train_loss:3.7265 train_time:580964ms step_avg:496.97ms
step:1180/5100 train_loss:3.5905 train_time:581435ms step_avg:496.95ms
step:1181/5100 train_loss:3.5705 train_time:581934ms step_avg:496.96ms
step:1182/5100 train_loss:3.3938 train_time:582428ms step_avg:496.95ms
step:1183/5100 train_loss:3.6986 train_time:582920ms step_avg:496.95ms
step:1184/5100 train_loss:3.4916 train_time:583429ms step_avg:496.96ms
step:1185/5100 train_loss:3.8807 train_time:583914ms step_avg:496.95ms
step:1186/5100 train_loss:3.8670 train_time:584409ms step_avg:496.95ms
step:1187/5100 train_loss:3.6063 train_time:584900ms step_avg:496.94ms
step:1188/5100 train_loss:3.6159 train_time:585395ms step_avg:496.94ms
step:1189/5100 train_loss:3.6620 train_time:585920ms step_avg:496.96ms
step:1190/5100 train_loss:3.4633 train_time:586387ms step_avg:496.94ms
step:1191/5100 train_loss:3.7248 train_time:586883ms step_avg:496.94ms
step:1192/5100 train_loss:4.1001 train_time:587375ms step_avg:496.93ms
step:1193/5100 train_loss:3.6254 train_time:587859ms step_avg:496.92ms
step:1194/5100 train_loss:3.5557 train_time:588356ms step_avg:496.92ms
step:1195/5100 train_loss:3.8128 train_time:588848ms step_avg:496.92ms
step:1196/5100 train_loss:3.6076 train_time:589342ms step_avg:496.92ms
step:1197/5100 train_loss:3.5345 train_time:589837ms step_avg:496.91ms
step:1198/5100 train_loss:3.5016 train_time:590332ms step_avg:496.91ms
step:1199/5100 train_loss:3.4993 train_time:590827ms step_avg:496.91ms
step:1200/5100 train_loss:3.6462 train_time:591322ms step_avg:496.91ms
step:1201/5100 train_loss:3.6908 train_time:591815ms step_avg:496.91ms
step:1202/5100 train_loss:3.8440 train_time:592321ms step_avg:496.91ms
step:1203/5100 train_loss:3.7513 train_time:592813ms step_avg:496.91ms
step:1204/5100 train_loss:3.6848 train_time:593308ms step_avg:496.91ms
step:1205/5100 train_loss:3.5764 train_time:593801ms step_avg:496.90ms
step:1206/5100 train_loss:3.6302 train_time:594296ms step_avg:496.90ms
step:1207/5100 train_loss:3.7446 train_time:594791ms step_avg:496.90ms
step:1208/5100 train_loss:3.8109 train_time:595284ms step_avg:496.90ms
step:1209/5100 train_loss:3.5594 train_time:595780ms step_avg:496.90ms
step:1210/5100 train_loss:3.4581 train_time:596280ms step_avg:496.90ms
step:1211/5100 train_loss:3.4000 train_time:596773ms step_avg:496.90ms
step:1212/5100 train_loss:3.7054 train_time:597267ms step_avg:496.89ms
step:1213/5100 train_loss:3.7635 train_time:597759ms step_avg:496.89ms
step:1214/5100 train_loss:3.6252 train_time:598254ms step_avg:496.89ms
step:1215/5100 train_loss:3.5172 train_time:598749ms step_avg:496.89ms
step:1216/5100 train_loss:3.8344 train_time:599244ms step_avg:496.89ms
step:1217/5100 train_loss:3.5627 train_time:599738ms step_avg:496.88ms
step:1218/5100 train_loss:3.6406 train_time:600235ms step_avg:496.88ms
step:1219/5100 train_loss:3.6663 train_time:600729ms step_avg:496.88ms
step:1220/5100 train_loss:3.6902 train_time:601221ms step_avg:496.88ms
step:1221/5100 train_loss:3.6356 train_time:601715ms step_avg:496.87ms
step:1222/5100 train_loss:3.8586 train_time:602210ms step_avg:496.87ms
step:1223/5100 train_loss:3.6141 train_time:602707ms step_avg:496.87ms
step:1224/5100 train_loss:3.5252 train_time:603198ms step_avg:496.87ms
step:1225/5100 train_loss:3.4435 train_time:603693ms step_avg:496.87ms
step:1226/5100 train_loss:3.5551 train_time:604188ms step_avg:496.87ms
step:1227/5100 train_loss:3.5518 train_time:604679ms step_avg:496.86ms
step:1228/5100 train_loss:3.5873 train_time:605173ms step_avg:496.86ms
step:1229/5100 train_loss:3.6623 train_time:605666ms step_avg:496.86ms
step:1230/5100 train_loss:3.5978 train_time:606161ms step_avg:496.85ms
step:1231/5100 train_loss:3.8545 train_time:606659ms step_avg:496.85ms
step:1232/5100 train_loss:3.9144 train_time:607157ms step_avg:496.86ms
step:1233/5100 train_loss:3.8189 train_time:607646ms step_avg:496.85ms
step:1234/5100 train_loss:3.7302 train_time:608142ms step_avg:496.85ms
step:1235/5100 train_loss:3.8944 train_time:608637ms step_avg:496.85ms
step:1236/5100 train_loss:3.6080 train_time:609132ms step_avg:496.85ms
step:1237/5100 train_loss:3.5449 train_time:609630ms step_avg:496.85ms
step:1238/5100 train_loss:3.4697 train_time:610119ms step_avg:496.84ms
step:1239/5100 train_loss:3.5046 train_time:610614ms step_avg:496.84ms
step:1240/5100 train_loss:3.5794 train_time:611108ms step_avg:496.84ms
step:1241/5100 train_loss:3.5007 train_time:611603ms step_avg:496.83ms
step:1242/5100 train_loss:3.6959 train_time:612095ms step_avg:496.83ms
step:1243/5100 train_loss:3.5842 train_time:612592ms step_avg:496.83ms
step:1244/5100 train_loss:3.6723 train_time:613087ms step_avg:496.83ms
step:1245/5100 train_loss:3.7366 train_time:613580ms step_avg:496.83ms
step:1246/5100 train_loss:3.4896 train_time:614074ms step_avg:496.82ms
step:1247/5100 train_loss:3.5666 train_time:614568ms step_avg:496.82ms
step:1248/5100 train_loss:3.6970 train_time:615062ms step_avg:496.82ms
step:1249/5100 train_loss:3.8223 train_time:615566ms step_avg:496.82ms
step:1250/5100 train_loss:3.6827 train_time:616050ms step_avg:496.81ms
step:1250/5100 val_loss:3.6267 train_time:616361ms step_avg:497.07ms
step:1251/5100 train_loss:3.5800 train_time:616547ms step_avg:496.81ms
step:1252/5100 train_loss:3.6482 train_time:617038ms step_avg:496.81ms
step:1253/5100 train_loss:3.6379 train_time:617532ms step_avg:496.81ms
step:1254/5100 train_loss:3.6412 train_time:618030ms step_avg:496.81ms
step:1255/5100 train_loss:3.8010 train_time:618519ms step_avg:496.80ms
step:1256/5100 train_loss:3.7192 train_time:619013ms step_avg:496.80ms
step:1257/5100 train_loss:3.7491 train_time:619506ms step_avg:496.80ms
step:1258/5100 train_loss:3.7175 train_time:620007ms step_avg:496.80ms
step:1259/5100 train_loss:3.6053 train_time:620501ms step_avg:496.80ms
step:1260/5100 train_loss:3.6109 train_time:620992ms step_avg:496.79ms
step:1261/5100 train_loss:3.4761 train_time:621487ms step_avg:496.79ms
step:1262/5100 train_loss:3.3878 train_time:621982ms step_avg:496.79ms
step:1263/5100 train_loss:3.7352 train_time:622476ms step_avg:496.79ms
step:1264/5100 train_loss:3.4433 train_time:622974ms step_avg:496.79ms
step:1265/5100 train_loss:3.7849 train_time:623474ms step_avg:496.79ms
step:1266/5100 train_loss:3.6894 train_time:623969ms step_avg:496.79ms
step:1267/5100 train_loss:3.6820 train_time:624459ms step_avg:496.79ms
step:1268/5100 train_loss:3.7676 train_time:624953ms step_avg:496.78ms
step:1269/5100 train_loss:3.5760 train_time:625447ms step_avg:496.78ms
step:1270/5100 train_loss:3.5961 train_time:625954ms step_avg:496.79ms
step:1271/5100 train_loss:3.5226 train_time:626442ms step_avg:496.78ms
step:1272/5100 train_loss:3.5341 train_time:626939ms step_avg:496.78ms
step:1273/5100 train_loss:3.5570 train_time:627426ms step_avg:496.77ms
step:1274/5100 train_loss:3.6184 train_time:627919ms step_avg:496.77ms
step:1275/5100 train_loss:3.6042 train_time:628412ms step_avg:496.77ms
step:1276/5100 train_loss:3.7377 train_time:628911ms step_avg:496.77ms
step:1277/5100 train_loss:3.7332 train_time:629410ms step_avg:496.77ms
step:1278/5100 train_loss:3.7078 train_time:629909ms step_avg:496.77ms
step:1279/5100 train_loss:3.5964 train_time:630398ms step_avg:496.77ms
step:1280/5100 train_loss:3.4271 train_time:630893ms step_avg:496.77ms
step:1281/5100 train_loss:3.5177 train_time:631388ms step_avg:496.76ms
step:1282/5100 train_loss:3.7404 train_time:631887ms step_avg:496.77ms
step:1283/5100 train_loss:3.6560 train_time:632380ms step_avg:496.76ms
step:1284/5100 train_loss:3.7193 train_time:632871ms step_avg:496.76ms
step:1285/5100 train_loss:3.6822 train_time:633366ms step_avg:496.76ms
step:1286/5100 train_loss:3.6335 train_time:633859ms step_avg:496.75ms
step:1287/5100 train_loss:3.5011 train_time:634356ms step_avg:496.75ms
step:1288/5100 train_loss:3.5652 train_time:634848ms step_avg:496.75ms
step:1289/5100 train_loss:3.5516 train_time:635343ms step_avg:496.75ms
step:1290/5100 train_loss:3.4909 train_time:635837ms step_avg:496.75ms
step:1291/5100 train_loss:3.6439 train_time:636329ms step_avg:496.74ms
step:1292/5100 train_loss:3.6744 train_time:636824ms step_avg:496.74ms
step:1293/5100 train_loss:3.7064 train_time:637322ms step_avg:496.74ms
step:1294/5100 train_loss:3.7371 train_time:637814ms step_avg:496.74ms
step:1295/5100 train_loss:3.4000 train_time:638309ms step_avg:496.74ms
step:1296/5100 train_loss:3.5101 train_time:638801ms step_avg:496.73ms
step:1297/5100 train_loss:3.7135 train_time:639297ms step_avg:496.73ms
step:1298/5100 train_loss:3.4613 train_time:639790ms step_avg:496.73ms
step:1299/5100 train_loss:3.7173 train_time:640283ms step_avg:496.73ms
step:1300/5100 train_loss:3.6367 train_time:640782ms step_avg:496.73ms
step:1301/5100 train_loss:3.7643 train_time:641272ms step_avg:496.73ms
step:1302/5100 train_loss:3.7247 train_time:641765ms step_avg:496.72ms
step:1303/5100 train_loss:3.8690 train_time:642260ms step_avg:496.72ms
step:1304/5100 train_loss:3.4926 train_time:642752ms step_avg:496.72ms
step:1305/5100 train_loss:3.9838 train_time:643252ms step_avg:496.72ms
step:1306/5100 train_loss:3.5938 train_time:643741ms step_avg:496.71ms
step:1307/5100 train_loss:3.7769 train_time:644235ms step_avg:496.71ms
step:1308/5100 train_loss:3.9427 train_time:644730ms step_avg:496.71ms
step:1309/5100 train_loss:3.5649 train_time:645227ms step_avg:496.71ms
step:1310/5100 train_loss:3.5062 train_time:645721ms step_avg:496.71ms
step:1311/5100 train_loss:3.6887 train_time:646216ms step_avg:496.71ms
step:1312/5100 train_loss:3.6233 train_time:646708ms step_avg:496.70ms
step:1313/5100 train_loss:3.6052 train_time:647202ms step_avg:496.70ms
step:1314/5100 train_loss:3.6999 train_time:647698ms step_avg:496.70ms
step:1315/5100 train_loss:3.3377 train_time:648195ms step_avg:496.70ms
step:1316/5100 train_loss:3.5270 train_time:648687ms step_avg:496.70ms
step:1317/5100 train_loss:3.6383 train_time:649183ms step_avg:496.70ms
step:1318/5100 train_loss:3.7434 train_time:649677ms step_avg:496.69ms
step:1319/5100 train_loss:3.4151 train_time:650171ms step_avg:496.69ms
step:1320/5100 train_loss:3.6077 train_time:650665ms step_avg:496.69ms
step:1321/5100 train_loss:3.7638 train_time:651158ms step_avg:496.69ms
step:1322/5100 train_loss:3.7333 train_time:651652ms step_avg:496.69ms
step:1323/5100 train_loss:3.6149 train_time:652147ms step_avg:496.68ms
step:1324/5100 train_loss:3.6342 train_time:652837ms step_avg:496.83ms
step:1325/5100 train_loss:3.8792 train_time:653340ms step_avg:496.84ms
step:1326/5100 train_loss:3.9305 train_time:653828ms step_avg:496.83ms
step:1327/5100 train_loss:3.6751 train_time:654327ms step_avg:496.83ms
step:1328/5100 train_loss:3.4906 train_time:654798ms step_avg:496.81ms
step:1329/5100 train_loss:3.8945 train_time:655292ms step_avg:496.81ms
step:1330/5100 train_loss:3.6688 train_time:656085ms step_avg:497.03ms
step:1331/5100 train_loss:3.8682 train_time:656577ms step_avg:497.03ms
step:1332/5100 train_loss:3.5952 train_time:657072ms step_avg:497.03ms
step:1333/5100 train_loss:3.8447 train_time:657568ms step_avg:497.03ms
step:1334/5100 train_loss:3.7466 train_time:658060ms step_avg:497.02ms
step:1335/5100 train_loss:3.6414 train_time:658553ms step_avg:497.02ms
step:1336/5100 train_loss:3.5479 train_time:659048ms step_avg:497.02ms
step:1337/5100 train_loss:3.6703 train_time:659543ms step_avg:497.02ms
step:1338/5100 train_loss:3.8524 train_time:660036ms step_avg:497.02ms
step:1339/5100 train_loss:3.7362 train_time:660531ms step_avg:497.01ms
step:1340/5100 train_loss:3.5797 train_time:661023ms step_avg:497.01ms
step:1341/5100 train_loss:3.5228 train_time:661518ms step_avg:497.01ms
step:1342/5100 train_loss:3.8959 train_time:662015ms step_avg:497.01ms
step:1343/5100 train_loss:3.6982 train_time:662513ms step_avg:497.01ms
step:1344/5100 train_loss:3.7163 train_time:663003ms step_avg:497.00ms
step:1345/5100 train_loss:3.7226 train_time:663494ms step_avg:497.00ms
step:1346/5100 train_loss:3.6983 train_time:663989ms step_avg:497.00ms
step:1347/5100 train_loss:3.5415 train_time:664484ms step_avg:497.00ms
step:1348/5100 train_loss:3.5049 train_time:664976ms step_avg:496.99ms
step:1349/5100 train_loss:3.6334 train_time:665471ms step_avg:496.99ms
step:1350/5100 train_loss:3.5294 train_time:665962ms step_avg:496.99ms
step:1351/5100 train_loss:3.7185 train_time:666457ms step_avg:496.99ms
step:1352/5100 train_loss:3.6150 train_time:666954ms step_avg:496.98ms
step:1353/5100 train_loss:3.5694 train_time:667447ms step_avg:496.98ms
step:1354/5100 train_loss:3.7053 train_time:667947ms step_avg:496.98ms
step:1355/5100 train_loss:3.5664 train_time:668441ms step_avg:496.98ms
step:1356/5100 train_loss:3.3685 train_time:668930ms step_avg:496.98ms
step:1357/5100 train_loss:3.6974 train_time:669431ms step_avg:496.98ms
step:1358/5100 train_loss:3.7732 train_time:669921ms step_avg:496.97ms
step:1359/5100 train_loss:3.4578 train_time:670427ms step_avg:496.98ms
step:1360/5100 train_loss:3.8195 train_time:670910ms step_avg:496.97ms
step:1361/5100 train_loss:3.7558 train_time:671403ms step_avg:496.97ms
step:1362/5100 train_loss:3.4854 train_time:671896ms step_avg:496.96ms
step:1363/5100 train_loss:3.6517 train_time:672392ms step_avg:496.96ms
step:1364/5100 train_loss:3.4991 train_time:672887ms step_avg:496.96ms
step:1365/5100 train_loss:3.5247 train_time:673381ms step_avg:496.96ms
step:1366/5100 train_loss:3.6605 train_time:673875ms step_avg:496.96ms
step:1367/5100 train_loss:3.7154 train_time:674369ms step_avg:496.96ms
step:1368/5100 train_loss:3.6719 train_time:674867ms step_avg:496.96ms
step:1369/5100 train_loss:3.7653 train_time:675360ms step_avg:496.95ms
step:1370/5100 train_loss:3.6733 train_time:675860ms step_avg:496.96ms
step:1371/5100 train_loss:3.9578 train_time:676349ms step_avg:496.95ms
step:1372/5100 train_loss:3.5893 train_time:676843ms step_avg:496.95ms
step:1373/5100 train_loss:3.5677 train_time:677337ms step_avg:496.95ms
step:1374/5100 train_loss:3.6495 train_time:677832ms step_avg:496.94ms
step:1375/5100 train_loss:3.4734 train_time:678326ms step_avg:496.94ms
step:1375/5100 val_loss:3.6047 train_time:678637ms step_avg:497.17ms
step:1376/5100 train_loss:3.9127 train_time:678823ms step_avg:496.94ms
step:1377/5100 train_loss:3.6141 train_time:679315ms step_avg:496.94ms
step:1378/5100 train_loss:3.8208 train_time:679835ms step_avg:496.96ms
step:1379/5100 train_loss:3.8641 train_time:680362ms step_avg:496.98ms
step:1380/5100 train_loss:3.6302 train_time:680797ms step_avg:496.93ms
step:1381/5100 train_loss:3.6309 train_time:681290ms step_avg:496.93ms
step:1382/5100 train_loss:3.6783 train_time:681783ms step_avg:496.93ms
step:1383/5100 train_loss:3.5158 train_time:682283ms step_avg:496.93ms
step:1384/5100 train_loss:3.7153 train_time:682772ms step_avg:496.92ms
step:1385/5100 train_loss:3.8053 train_time:683266ms step_avg:496.92ms
step:1386/5100 train_loss:3.5680 train_time:683761ms step_avg:496.92ms
step:1387/5100 train_loss:3.6892 train_time:684256ms step_avg:496.92ms
step:1388/5100 train_loss:3.5658 train_time:684753ms step_avg:496.92ms
step:1389/5100 train_loss:3.5709 train_time:685251ms step_avg:496.92ms
step:1390/5100 train_loss:3.3368 train_time:685759ms step_avg:496.93ms
step:1391/5100 train_loss:3.6389 train_time:686236ms step_avg:496.91ms
step:1392/5100 train_loss:3.5062 train_time:686730ms step_avg:496.91ms
step:1393/5100 train_loss:3.6231 train_time:687257ms step_avg:496.93ms
step:1394/5100 train_loss:3.6460 train_time:687762ms step_avg:496.94ms
step:1395/5100 train_loss:3.6803 train_time:688213ms step_avg:496.90ms
step:1396/5100 train_loss:3.6575 train_time:688704ms step_avg:496.90ms
step:1397/5100 train_loss:3.6304 train_time:689199ms step_avg:496.90ms
step:1398/5100 train_loss:3.4285 train_time:689693ms step_avg:496.90ms
step:1399/5100 train_loss:3.6145 train_time:690196ms step_avg:496.90ms
step:1400/5100 train_loss:3.6452 train_time:690688ms step_avg:496.90ms
step:1401/5100 train_loss:3.6055 train_time:691182ms step_avg:496.90ms
step:1402/5100 train_loss:3.5771 train_time:691671ms step_avg:496.89ms
step:1403/5100 train_loss:3.5482 train_time:692171ms step_avg:496.89ms
step:1404/5100 train_loss:3.6528 train_time:692665ms step_avg:496.89ms
step:1405/5100 train_loss:3.6281 train_time:693158ms step_avg:496.89ms
step:1406/5100 train_loss:3.6837 train_time:693658ms step_avg:496.89ms
step:1407/5100 train_loss:3.6098 train_time:694145ms step_avg:496.88ms
step:1408/5100 train_loss:3.5509 train_time:694640ms step_avg:496.88ms
step:1409/5100 train_loss:3.4099 train_time:695137ms step_avg:496.88ms
step:1410/5100 train_loss:3.5816 train_time:695629ms step_avg:496.88ms
step:1411/5100 train_loss:3.5559 train_time:696122ms step_avg:496.88ms
step:1412/5100 train_loss:3.6414 train_time:696622ms step_avg:496.88ms
step:1413/5100 train_loss:3.5490 train_time:697118ms step_avg:496.88ms
step:1414/5100 train_loss:3.4768 train_time:697625ms step_avg:496.88ms
step:1415/5100 train_loss:3.6708 train_time:698111ms step_avg:496.88ms
step:1416/5100 train_loss:3.8743 train_time:698606ms step_avg:496.87ms
step:1417/5100 train_loss:3.5088 train_time:699100ms step_avg:496.87ms
step:1418/5100 train_loss:3.5085 train_time:699594ms step_avg:496.87ms
step:1419/5100 train_loss:3.5095 train_time:700088ms step_avg:496.87ms
step:1420/5100 train_loss:3.6064 train_time:700583ms step_avg:496.87ms
step:1421/5100 train_loss:3.6791 train_time:701092ms step_avg:496.88ms
step:1422/5100 train_loss:3.4913 train_time:701587ms step_avg:496.87ms
step:1423/5100 train_loss:3.6381 train_time:702083ms step_avg:496.87ms
step:1424/5100 train_loss:3.7407 train_time:702603ms step_avg:496.89ms
step:1425/5100 train_loss:3.7188 train_time:703063ms step_avg:496.86ms
step:1426/5100 train_loss:3.2398 train_time:703558ms step_avg:496.86ms
step:1427/5100 train_loss:3.6295 train_time:704057ms step_avg:496.86ms
step:1428/5100 train_loss:3.6847 train_time:704546ms step_avg:496.86ms
step:1429/5100 train_loss:3.6854 train_time:705041ms step_avg:496.86ms
step:1430/5100 train_loss:3.5877 train_time:705537ms step_avg:496.86ms
step:1431/5100 train_loss:3.8362 train_time:706030ms step_avg:496.85ms
step:1432/5100 train_loss:3.7020 train_time:706524ms step_avg:496.85ms
step:1433/5100 train_loss:3.5973 train_time:707023ms step_avg:496.85ms
step:1434/5100 train_loss:3.6080 train_time:707519ms step_avg:496.85ms
step:1435/5100 train_loss:3.5500 train_time:708014ms step_avg:496.85ms
step:1436/5100 train_loss:3.2185 train_time:708505ms step_avg:496.85ms
step:1437/5100 train_loss:3.4871 train_time:709004ms step_avg:496.85ms
step:1438/5100 train_loss:3.6531 train_time:709504ms step_avg:496.85ms
step:1439/5100 train_loss:3.6695 train_time:709998ms step_avg:496.85ms
step:1440/5100 train_loss:3.6725 train_time:710490ms step_avg:496.85ms
step:1441/5100 train_loss:3.5041 train_time:710984ms step_avg:496.84ms
step:1442/5100 train_loss:3.6158 train_time:711479ms step_avg:496.84ms
step:1443/5100 train_loss:3.8980 train_time:711974ms step_avg:496.84ms
step:1444/5100 train_loss:3.6797 train_time:712466ms step_avg:496.84ms
step:1445/5100 train_loss:3.6546 train_time:712968ms step_avg:496.84ms
step:1446/5100 train_loss:3.6408 train_time:713460ms step_avg:496.84ms
step:1447/5100 train_loss:3.4672 train_time:713959ms step_avg:496.84ms
step:1448/5100 train_loss:3.5683 train_time:714444ms step_avg:496.83ms
step:1449/5100 train_loss:3.5790 train_time:714939ms step_avg:496.83ms
step:1450/5100 train_loss:3.8105 train_time:715436ms step_avg:496.83ms
step:1451/5100 train_loss:3.7075 train_time:715927ms step_avg:496.83ms
step:1452/5100 train_loss:3.4737 train_time:716423ms step_avg:496.83ms
step:1453/5100 train_loss:3.7353 train_time:716917ms step_avg:496.82ms
step:1454/5100 train_loss:3.4905 train_time:717409ms step_avg:496.82ms
step:1455/5100 train_loss:3.6013 train_time:717908ms step_avg:496.82ms
step:1456/5100 train_loss:3.6453 train_time:718399ms step_avg:496.82ms
step:1457/5100 train_loss:3.4863 train_time:718893ms step_avg:496.82ms
step:1458/5100 train_loss:3.4555 train_time:719390ms step_avg:496.82ms
step:1459/5100 train_loss:3.6413 train_time:719882ms step_avg:496.81ms
step:1460/5100 train_loss:3.5964 train_time:720378ms step_avg:496.81ms
step:1461/5100 train_loss:3.5014 train_time:720868ms step_avg:496.81ms
step:1462/5100 train_loss:3.8597 train_time:721365ms step_avg:496.81ms
step:1463/5100 train_loss:3.6784 train_time:721861ms step_avg:496.81ms
step:1464/5100 train_loss:3.8398 train_time:722362ms step_avg:496.81ms
step:1465/5100 train_loss:3.6034 train_time:722851ms step_avg:496.80ms
step:1466/5100 train_loss:3.6095 train_time:723345ms step_avg:496.80ms
step:1467/5100 train_loss:3.5116 train_time:723841ms step_avg:496.80ms
step:1468/5100 train_loss:3.7114 train_time:724333ms step_avg:496.80ms
step:1469/5100 train_loss:3.6529 train_time:724841ms step_avg:496.81ms
step:1470/5100 train_loss:3.4882 train_time:725328ms step_avg:496.80ms
step:1471/5100 train_loss:3.7205 train_time:725819ms step_avg:496.80ms
step:1472/5100 train_loss:3.5706 train_time:726311ms step_avg:496.79ms
step:1473/5100 train_loss:3.5221 train_time:726808ms step_avg:496.79ms
step:1474/5100 train_loss:3.7457 train_time:727302ms step_avg:496.79ms
step:1475/5100 train_loss:3.5852 train_time:727795ms step_avg:496.79ms
step:1476/5100 train_loss:3.3087 train_time:728297ms step_avg:496.79ms
step:1477/5100 train_loss:3.5097 train_time:728791ms step_avg:496.79ms
step:1478/5100 train_loss:3.4489 train_time:729284ms step_avg:496.79ms
step:1479/5100 train_loss:3.6212 train_time:729779ms step_avg:496.79ms
step:1480/5100 train_loss:3.6256 train_time:730268ms step_avg:496.78ms
step:1481/5100 train_loss:3.6513 train_time:730761ms step_avg:496.78ms
step:1482/5100 train_loss:3.7627 train_time:731257ms step_avg:496.78ms
step:1483/5100 train_loss:3.6673 train_time:731787ms step_avg:496.80ms
step:1484/5100 train_loss:3.5320 train_time:732246ms step_avg:496.77ms
step:1485/5100 train_loss:3.5546 train_time:732737ms step_avg:496.77ms
step:1486/5100 train_loss:3.5309 train_time:733232ms step_avg:496.77ms
step:1487/5100 train_loss:3.5815 train_time:733728ms step_avg:496.77ms
step:1488/5100 train_loss:3.5674 train_time:734224ms step_avg:496.77ms
step:1489/5100 train_loss:3.5462 train_time:734714ms step_avg:496.76ms
step:1490/5100 train_loss:3.6956 train_time:735209ms step_avg:496.76ms
step:1491/5100 train_loss:3.5090 train_time:735716ms step_avg:496.77ms
step:1492/5100 train_loss:3.3555 train_time:736204ms step_avg:496.76ms
step:1493/5100 train_loss:3.6335 train_time:736706ms step_avg:496.77ms
step:1494/5100 train_loss:3.8095 train_time:737191ms step_avg:496.76ms
step:1495/5100 train_loss:3.6156 train_time:737683ms step_avg:496.76ms
step:1496/5100 train_loss:3.4708 train_time:738175ms step_avg:496.75ms
step:1497/5100 train_loss:3.5514 train_time:738672ms step_avg:496.75ms
step:1498/5100 train_loss:3.5426 train_time:739167ms step_avg:496.75ms
step:1499/5100 train_loss:3.5814 train_time:739661ms step_avg:496.75ms
step:1500/5100 train_loss:3.5106 train_time:740159ms step_avg:496.75ms
step:1500/5100 val_loss:3.5867 train_time:740457ms step_avg:496.95ms
step:1501/5100 train_loss:3.4744 train_time:740651ms step_avg:496.75ms
step:1502/5100 train_loss:3.4946 train_time:741142ms step_avg:496.74ms
step:1503/5100 train_loss:3.6631 train_time:741635ms step_avg:496.74ms
step:1504/5100 train_loss:3.4847 train_time:742141ms step_avg:496.75ms
step:1505/5100 train_loss:3.5582 train_time:742635ms step_avg:496.75ms
step:1506/5100 train_loss:3.4709 train_time:743132ms step_avg:496.75ms
step:1507/5100 train_loss:3.6113 train_time:743626ms step_avg:496.74ms
step:1508/5100 train_loss:3.5045 train_time:744112ms step_avg:496.74ms
step:1509/5100 train_loss:4.1870 train_time:744604ms step_avg:496.73ms
step:1510/5100 train_loss:3.4938 train_time:745096ms step_avg:496.73ms
step:1511/5100 train_loss:3.5928 train_time:745586ms step_avg:496.73ms
step:1512/5100 train_loss:3.6273 train_time:746090ms step_avg:496.73ms
step:1513/5100 train_loss:3.8749 train_time:746762ms step_avg:496.85ms
step:1514/5100 train_loss:3.4836 train_time:747255ms step_avg:496.85ms
step:1515/5100 train_loss:3.4662 train_time:747752ms step_avg:496.84ms
step:1516/5100 train_loss:3.6067 train_time:748242ms step_avg:496.84ms
step:1517/5100 train_loss:3.5223 train_time:748741ms step_avg:496.84ms
step:1518/5100 train_loss:3.6875 train_time:749234ms step_avg:496.84ms
step:1519/5100 train_loss:3.4837 train_time:749729ms step_avg:496.84ms
step:1520/5100 train_loss:3.6675 train_time:750286ms step_avg:496.88ms
step:1521/5100 train_loss:3.5059 train_time:750780ms step_avg:496.88ms
step:1522/5100 train_loss:3.5391 train_time:751274ms step_avg:496.87ms
step:1523/5100 train_loss:3.6591 train_time:751772ms step_avg:496.88ms
step:1524/5100 train_loss:3.5882 train_time:752270ms step_avg:496.88ms
step:1525/5100 train_loss:3.7283 train_time:752760ms step_avg:496.87ms
step:1526/5100 train_loss:3.5519 train_time:753254ms step_avg:496.87ms
step:1527/5100 train_loss:3.5997 train_time:753747ms step_avg:496.87ms
step:1528/5100 train_loss:3.5899 train_time:754275ms step_avg:496.89ms
step:1529/5100 train_loss:3.9882 train_time:754734ms step_avg:496.86ms
step:1530/5100 train_loss:3.7787 train_time:755227ms step_avg:496.86ms
step:1531/5100 train_loss:3.3981 train_time:755723ms step_avg:496.86ms
step:1532/5100 train_loss:3.5109 train_time:756219ms step_avg:496.86ms
step:1533/5100 train_loss:3.5996 train_time:756722ms step_avg:496.86ms
step:1534/5100 train_loss:3.5417 train_time:757213ms step_avg:496.86ms
step:1535/5100 train_loss:3.6536 train_time:757712ms step_avg:496.86ms
step:1536/5100 train_loss:3.5811 train_time:758196ms step_avg:496.85ms
step:1537/5100 train_loss:3.4908 train_time:758688ms step_avg:496.85ms
step:1538/5100 train_loss:3.5258 train_time:759183ms step_avg:496.85ms
step:1539/5100 train_loss:3.9360 train_time:759679ms step_avg:496.85ms
step:1540/5100 train_loss:3.5432 train_time:760171ms step_avg:496.84ms
step:1541/5100 train_loss:3.6275 train_time:760664ms step_avg:496.84ms
step:1542/5100 train_loss:3.5423 train_time:761160ms step_avg:496.84ms
step:1543/5100 train_loss:3.5109 train_time:761699ms step_avg:496.87ms
step:1544/5100 train_loss:3.4550 train_time:762149ms step_avg:496.84ms
step:1545/5100 train_loss:3.5843 train_time:762643ms step_avg:496.84ms
step:1546/5100 train_loss:3.6870 train_time:763136ms step_avg:496.83ms
step:1547/5100 train_loss:3.4727 train_time:763629ms step_avg:496.83ms
step:1548/5100 train_loss:3.5551 train_time:764122ms step_avg:496.83ms
step:1549/5100 train_loss:3.5190 train_time:764617ms step_avg:496.83ms
step:1550/5100 train_loss:3.6451 train_time:765112ms step_avg:496.83ms
step:1551/5100 train_loss:3.5058 train_time:765605ms step_avg:496.82ms
step:1552/5100 train_loss:3.5154 train_time:766098ms step_avg:496.82ms
step:1553/5100 train_loss:3.5944 train_time:766598ms step_avg:496.82ms
step:1554/5100 train_loss:3.4842 train_time:767090ms step_avg:496.82ms
step:1555/5100 train_loss:3.5580 train_time:767584ms step_avg:496.82ms
step:1556/5100 train_loss:3.4843 train_time:768076ms step_avg:496.82ms
step:1557/5100 train_loss:3.5152 train_time:768583ms step_avg:496.82ms
step:1558/5100 train_loss:3.5992 train_time:769073ms step_avg:496.82ms
step:1559/5100 train_loss:3.4255 train_time:769570ms step_avg:496.82ms
step:1560/5100 train_loss:3.5248 train_time:770061ms step_avg:496.81ms
step:1561/5100 train_loss:3.7360 train_time:770566ms step_avg:496.82ms
step:1562/5100 train_loss:3.4472 train_time:771056ms step_avg:496.81ms
step:1563/5100 train_loss:3.5481 train_time:771566ms step_avg:496.82ms
step:1564/5100 train_loss:3.7708 train_time:772043ms step_avg:496.81ms
step:1565/5100 train_loss:3.4275 train_time:772537ms step_avg:496.81ms
step:1566/5100 train_loss:3.4325 train_time:773032ms step_avg:496.81ms
step:1567/5100 train_loss:3.5436 train_time:773528ms step_avg:496.81ms
step:1568/5100 train_loss:3.5430 train_time:774021ms step_avg:496.80ms
step:1569/5100 train_loss:3.4414 train_time:774515ms step_avg:496.80ms
step:1570/5100 train_loss:3.7312 train_time:775006ms step_avg:496.80ms
step:1571/5100 train_loss:3.6545 train_time:775501ms step_avg:496.80ms
step:1572/5100 train_loss:3.3735 train_time:775992ms step_avg:496.79ms
step:1573/5100 train_loss:3.5889 train_time:776486ms step_avg:496.79ms
step:1574/5100 train_loss:3.5244 train_time:776987ms step_avg:496.79ms
step:1575/5100 train_loss:3.5392 train_time:777491ms step_avg:496.80ms
step:1576/5100 train_loss:3.6601 train_time:777985ms step_avg:496.80ms
step:1577/5100 train_loss:3.5402 train_time:778478ms step_avg:496.80ms
step:1578/5100 train_loss:3.5733 train_time:778977ms step_avg:496.80ms
step:1579/5100 train_loss:3.5106 train_time:779475ms step_avg:496.80ms
step:1580/5100 train_loss:3.4133 train_time:779967ms step_avg:496.79ms
step:1581/5100 train_loss:3.4925 train_time:780472ms step_avg:496.80ms
step:1582/5100 train_loss:3.5662 train_time:780952ms step_avg:496.79ms
step:1583/5100 train_loss:3.5389 train_time:781444ms step_avg:496.79ms
step:1584/5100 train_loss:4.0095 train_time:781945ms step_avg:496.79ms
step:1585/5100 train_loss:3.5314 train_time:782428ms step_avg:496.78ms
step:1586/5100 train_loss:3.6314 train_time:782923ms step_avg:496.78ms
step:1587/5100 train_loss:3.3428 train_time:783422ms step_avg:496.78ms
step:1588/5100 train_loss:3.7043 train_time:783918ms step_avg:496.78ms
step:1589/5100 train_loss:3.5512 train_time:784408ms step_avg:496.78ms
step:1590/5100 train_loss:3.6840 train_time:784904ms step_avg:496.77ms
step:1591/5100 train_loss:3.5296 train_time:785396ms step_avg:496.77ms
step:1592/5100 train_loss:3.5777 train_time:785898ms step_avg:496.78ms
step:1593/5100 train_loss:3.5962 train_time:786390ms step_avg:496.77ms
step:1594/5100 train_loss:3.5696 train_time:786892ms step_avg:496.77ms
step:1595/5100 train_loss:3.6498 train_time:787381ms step_avg:496.77ms
step:1596/5100 train_loss:3.9288 train_time:787873ms step_avg:496.77ms
step:1597/5100 train_loss:3.4902 train_time:788368ms step_avg:496.77ms
step:1598/5100 train_loss:3.5523 train_time:788861ms step_avg:496.76ms
step:1599/5100 train_loss:3.6615 train_time:789366ms step_avg:496.77ms
step:1600/5100 train_loss:3.6929 train_time:789849ms step_avg:496.76ms
step:1601/5100 train_loss:3.5489 train_time:790341ms step_avg:496.76ms
step:1602/5100 train_loss:3.9693 train_time:790838ms step_avg:496.76ms
step:1603/5100 train_loss:3.7102 train_time:791332ms step_avg:496.76ms
step:1604/5100 train_loss:3.3893 train_time:791831ms step_avg:496.76ms
step:1605/5100 train_loss:3.5685 train_time:792322ms step_avg:496.75ms
step:1606/5100 train_loss:3.4077 train_time:792815ms step_avg:496.75ms
step:1607/5100 train_loss:3.7369 train_time:793309ms step_avg:496.75ms
step:1608/5100 train_loss:3.5260 train_time:793804ms step_avg:496.75ms
step:1609/5100 train_loss:3.6037 train_time:794302ms step_avg:496.75ms
step:1610/5100 train_loss:3.5853 train_time:794793ms step_avg:496.75ms
step:1611/5100 train_loss:3.9633 train_time:795285ms step_avg:496.74ms
step:1612/5100 train_loss:3.7760 train_time:795782ms step_avg:496.74ms
step:1613/5100 train_loss:3.6829 train_time:796276ms step_avg:496.74ms
step:1614/5100 train_loss:3.5150 train_time:796770ms step_avg:496.74ms
step:1615/5100 train_loss:3.5988 train_time:797269ms step_avg:496.74ms
step:1616/5100 train_loss:3.4723 train_time:797759ms step_avg:496.74ms
step:1617/5100 train_loss:3.5739 train_time:798256ms step_avg:496.74ms
step:1618/5100 train_loss:3.7396 train_time:798749ms step_avg:496.73ms
step:1619/5100 train_loss:3.7684 train_time:799242ms step_avg:496.73ms
step:1620/5100 train_loss:3.4721 train_time:799738ms step_avg:496.73ms
step:1621/5100 train_loss:3.6719 train_time:800237ms step_avg:496.73ms
step:1622/5100 train_loss:3.6150 train_time:800725ms step_avg:496.73ms
step:1623/5100 train_loss:3.4318 train_time:801216ms step_avg:496.72ms
step:1624/5100 train_loss:3.5965 train_time:801712ms step_avg:496.72ms
step:1625/5100 train_loss:3.4818 train_time:802204ms step_avg:496.72ms
step:1625/5100 val_loss:3.5682 train_time:802511ms step_avg:496.91ms
step:1626/5100 train_loss:3.5831 train_time:802702ms step_avg:496.72ms
step:1627/5100 train_loss:3.5573 train_time:803198ms step_avg:496.72ms
step:1628/5100 train_loss:3.4957 train_time:803692ms step_avg:496.72ms
step:1629/5100 train_loss:3.5851 train_time:804189ms step_avg:496.72ms
step:1630/5100 train_loss:3.5988 train_time:804680ms step_avg:496.72ms
step:1631/5100 train_loss:3.5843 train_time:805175ms step_avg:496.71ms
step:1632/5100 train_loss:3.4469 train_time:805669ms step_avg:496.71ms
step:1633/5100 train_loss:3.3474 train_time:806174ms step_avg:496.72ms
step:1634/5100 train_loss:3.5298 train_time:806659ms step_avg:496.71ms
step:1635/5100 train_loss:3.5674 train_time:807151ms step_avg:496.71ms
step:1636/5100 train_loss:3.4027 train_time:807645ms step_avg:496.71ms
step:1637/5100 train_loss:3.6221 train_time:808139ms step_avg:496.70ms
step:1638/5100 train_loss:3.7520 train_time:808634ms step_avg:496.70ms
step:1639/5100 train_loss:3.7931 train_time:809128ms step_avg:496.70ms
step:1640/5100 train_loss:4.1413 train_time:809627ms step_avg:496.70ms
step:1641/5100 train_loss:3.6357 train_time:810155ms step_avg:496.72ms
step:1642/5100 train_loss:3.6145 train_time:810609ms step_avg:496.70ms
step:1643/5100 train_loss:3.7400 train_time:811105ms step_avg:496.70ms
step:1644/5100 train_loss:3.6984 train_time:811597ms step_avg:496.69ms
step:1645/5100 train_loss:3.4410 train_time:812089ms step_avg:496.69ms
step:1646/5100 train_loss:3.5977 train_time:812586ms step_avg:496.69ms
step:1647/5100 train_loss:3.2241 train_time:813082ms step_avg:496.69ms
step:1648/5100 train_loss:3.5951 train_time:813576ms step_avg:496.69ms
step:1649/5100 train_loss:3.5706 train_time:814070ms step_avg:496.69ms
step:1650/5100 train_loss:3.5016 train_time:814564ms step_avg:496.69ms
step:1651/5100 train_loss:3.4933 train_time:815058ms step_avg:496.68ms
step:1652/5100 train_loss:3.5522 train_time:815558ms step_avg:496.69ms
step:1653/5100 train_loss:3.5678 train_time:816051ms step_avg:496.68ms
step:1654/5100 train_loss:3.7785 train_time:816546ms step_avg:496.68ms
step:1655/5100 train_loss:3.4685 train_time:817038ms step_avg:496.68ms
step:1656/5100 train_loss:3.4989 train_time:817535ms step_avg:496.68ms
step:1657/5100 train_loss:3.5502 train_time:818029ms step_avg:496.68ms
step:1658/5100 train_loss:3.5459 train_time:818527ms step_avg:496.68ms
step:1659/5100 train_loss:3.4884 train_time:819016ms step_avg:496.67ms
step:1660/5100 train_loss:3.5041 train_time:819507ms step_avg:496.67ms
step:1661/5100 train_loss:3.5095 train_time:820003ms step_avg:496.67ms
step:1662/5100 train_loss:3.6095 train_time:820498ms step_avg:496.67ms
step:1663/5100 train_loss:3.5234 train_time:820986ms step_avg:496.66ms
step:1664/5100 train_loss:3.5382 train_time:821485ms step_avg:496.67ms
step:1665/5100 train_loss:3.6203 train_time:821978ms step_avg:496.66ms
step:1666/5100 train_loss:3.5895 train_time:822474ms step_avg:496.66ms
step:1667/5100 train_loss:3.9490 train_time:822971ms step_avg:496.66ms
step:1668/5100 train_loss:3.3768 train_time:823465ms step_avg:496.66ms
step:1669/5100 train_loss:3.5644 train_time:823958ms step_avg:496.66ms
step:1670/5100 train_loss:3.4351 train_time:824453ms step_avg:496.66ms
step:1671/5100 train_loss:3.3513 train_time:824946ms step_avg:496.66ms
step:1672/5100 train_loss:3.7033 train_time:825440ms step_avg:496.65ms
step:1673/5100 train_loss:3.8514 train_time:825936ms step_avg:496.65ms
step:1674/5100 train_loss:3.5044 train_time:826431ms step_avg:496.65ms
step:1675/5100 train_loss:3.4507 train_time:826924ms step_avg:496.65ms
step:1676/5100 train_loss:3.4684 train_time:827420ms step_avg:496.65ms
step:1677/5100 train_loss:3.6632 train_time:827915ms step_avg:496.65ms
step:1678/5100 train_loss:3.4871 train_time:828410ms step_avg:496.65ms
step:1679/5100 train_loss:3.5445 train_time:828902ms step_avg:496.65ms
step:1680/5100 train_loss:3.5546 train_time:829396ms step_avg:496.64ms
step:1681/5100 train_loss:3.1167 train_time:829892ms step_avg:496.64ms
step:1682/5100 train_loss:3.5497 train_time:830385ms step_avg:496.64ms
step:1683/5100 train_loss:3.6390 train_time:830880ms step_avg:496.64ms
step:1684/5100 train_loss:3.6524 train_time:831374ms step_avg:496.64ms
step:1685/5100 train_loss:3.6335 train_time:831868ms step_avg:496.64ms
step:1686/5100 train_loss:3.4696 train_time:832368ms step_avg:496.64ms
step:1687/5100 train_loss:3.6127 train_time:832863ms step_avg:496.64ms
step:1688/5100 train_loss:3.4697 train_time:833361ms step_avg:496.64ms
step:1689/5100 train_loss:3.4656 train_time:833847ms step_avg:496.63ms
step:1690/5100 train_loss:3.5289 train_time:834342ms step_avg:496.63ms
step:1691/5100 train_loss:3.4032 train_time:834836ms step_avg:496.63ms
step:1692/5100 train_loss:3.5750 train_time:835331ms step_avg:496.63ms
step:1693/5100 train_loss:3.5193 train_time:835826ms step_avg:496.63ms
step:1694/5100 train_loss:3.4828 train_time:836319ms step_avg:496.63ms
step:1695/5100 train_loss:4.0432 train_time:836814ms step_avg:496.63ms
step:1696/5100 train_loss:3.7353 train_time:837309ms step_avg:496.62ms
step:1697/5100 train_loss:3.5835 train_time:837801ms step_avg:496.62ms
step:1698/5100 train_loss:3.5067 train_time:838296ms step_avg:496.62ms
step:1699/5100 train_loss:3.3033 train_time:838790ms step_avg:496.62ms
step:1700/5100 train_loss:3.5541 train_time:839286ms step_avg:496.62ms
step:1701/5100 train_loss:3.5879 train_time:839780ms step_avg:496.62ms
step:1702/5100 train_loss:3.5663 train_time:840407ms step_avg:496.69ms
step:1703/5100 train_loss:3.3687 train_time:840898ms step_avg:496.69ms
step:1704/5100 train_loss:3.8231 train_time:841395ms step_avg:496.69ms
step:1705/5100 train_loss:3.4840 train_time:841896ms step_avg:496.69ms
step:1706/5100 train_loss:4.0256 train_time:842387ms step_avg:496.69ms
step:1707/5100 train_loss:3.4482 train_time:842874ms step_avg:496.68ms
step:1708/5100 train_loss:3.3085 train_time:843372ms step_avg:496.69ms
step:1709/5100 train_loss:3.6763 train_time:843864ms step_avg:496.68ms
step:1710/5100 train_loss:3.4395 train_time:844829ms step_avg:496.96ms
step:1711/5100 train_loss:3.4601 train_time:845325ms step_avg:496.96ms
step:1712/5100 train_loss:3.5234 train_time:845827ms step_avg:496.96ms
step:1713/5100 train_loss:3.6528 train_time:846317ms step_avg:496.96ms
step:1714/5100 train_loss:3.7707 train_time:846809ms step_avg:496.95ms
step:1715/5100 train_loss:3.4504 train_time:847304ms step_avg:496.95ms
step:1716/5100 train_loss:3.5275 train_time:847797ms step_avg:496.95ms
step:1717/5100 train_loss:3.4027 train_time:848292ms step_avg:496.95ms
step:1718/5100 train_loss:3.4519 train_time:848785ms step_avg:496.95ms
step:1719/5100 train_loss:3.7142 train_time:849289ms step_avg:496.95ms
step:1720/5100 train_loss:3.4974 train_time:849781ms step_avg:496.95ms
step:1721/5100 train_loss:3.4860 train_time:850277ms step_avg:496.95ms
step:1722/5100 train_loss:3.3733 train_time:850771ms step_avg:496.95ms
step:1723/5100 train_loss:3.6673 train_time:851266ms step_avg:496.94ms
step:1724/5100 train_loss:3.5178 train_time:851761ms step_avg:496.94ms
step:1725/5100 train_loss:3.6768 train_time:852253ms step_avg:496.94ms
step:1726/5100 train_loss:3.6866 train_time:852745ms step_avg:496.94ms
step:1727/5100 train_loss:3.6363 train_time:853242ms step_avg:496.94ms
step:1728/5100 train_loss:3.5278 train_time:853736ms step_avg:496.94ms
step:1729/5100 train_loss:3.4770 train_time:854229ms step_avg:496.93ms
step:1730/5100 train_loss:3.5172 train_time:854722ms step_avg:496.93ms
step:1731/5100 train_loss:4.1877 train_time:855214ms step_avg:496.93ms
step:1732/5100 train_loss:3.6943 train_time:855711ms step_avg:496.93ms
step:1733/5100 train_loss:3.7911 train_time:856204ms step_avg:496.93ms
step:1734/5100 train_loss:3.4062 train_time:856705ms step_avg:496.93ms
step:1735/5100 train_loss:3.5723 train_time:857199ms step_avg:496.93ms
step:1736/5100 train_loss:3.5802 train_time:857695ms step_avg:496.93ms
step:1737/5100 train_loss:3.4766 train_time:858184ms step_avg:496.92ms
step:1738/5100 train_loss:3.6020 train_time:858675ms step_avg:496.92ms
step:1739/5100 train_loss:3.4931 train_time:859173ms step_avg:496.92ms
step:1740/5100 train_loss:3.5368 train_time:859663ms step_avg:496.92ms
step:1741/5100 train_loss:3.7840 train_time:860172ms step_avg:496.92ms
step:1742/5100 train_loss:3.4138 train_time:860670ms step_avg:496.92ms
step:1743/5100 train_loss:3.3016 train_time:861149ms step_avg:496.91ms
step:1744/5100 train_loss:3.0201 train_time:861643ms step_avg:496.91ms
step:1745/5100 train_loss:3.5649 train_time:862136ms step_avg:496.91ms
step:1746/5100 train_loss:3.5304 train_time:862632ms step_avg:496.91ms
step:1747/5100 train_loss:3.5203 train_time:863127ms step_avg:496.91ms
step:1748/5100 train_loss:3.5151 train_time:863622ms step_avg:496.91ms
step:1749/5100 train_loss:3.9902 train_time:864118ms step_avg:496.90ms
step:1750/5100 train_loss:3.5692 train_time:864606ms step_avg:496.90ms
step:1750/5100 val_loss:3.5477 train_time:864911ms step_avg:497.08ms
step:1751/5100 train_loss:3.4959 train_time:865103ms step_avg:496.90ms
step:1752/5100 train_loss:3.5217 train_time:865597ms step_avg:496.90ms
step:1753/5100 train_loss:3.4186 train_time:866093ms step_avg:496.90ms
step:1754/5100 train_loss:3.0859 train_time:866586ms step_avg:496.90ms
step:1755/5100 train_loss:3.3680 train_time:867075ms step_avg:496.89ms
step:1756/5100 train_loss:3.3310 train_time:867585ms step_avg:496.90ms
step:1757/5100 train_loss:3.4687 train_time:868069ms step_avg:496.89ms
step:1758/5100 train_loss:3.4639 train_time:868564ms step_avg:496.89ms
step:1759/5100 train_loss:3.4298 train_time:869059ms step_avg:496.89ms
step:1760/5100 train_loss:5.4192 train_time:869552ms step_avg:496.89ms
step:1761/5100 train_loss:3.5833 train_time:870047ms step_avg:496.89ms
step:1762/5100 train_loss:3.6038 train_time:870546ms step_avg:496.89ms
step:1763/5100 train_loss:3.5775 train_time:871035ms step_avg:496.88ms
step:1764/5100 train_loss:3.5589 train_time:871529ms step_avg:496.88ms
step:1765/5100 train_loss:3.4538 train_time:872024ms step_avg:496.88ms
step:1766/5100 train_loss:3.5742 train_time:872516ms step_avg:496.88ms
step:1767/5100 train_loss:3.6832 train_time:873010ms step_avg:496.88ms
step:1768/5100 train_loss:3.6163 train_time:873507ms step_avg:496.88ms
step:1769/5100 train_loss:3.6231 train_time:874001ms step_avg:496.87ms
step:1770/5100 train_loss:3.5600 train_time:874496ms step_avg:496.87ms
step:1771/5100 train_loss:4.2295 train_time:874985ms step_avg:496.87ms
step:1772/5100 train_loss:3.4684 train_time:875490ms step_avg:496.87ms
step:1773/5100 train_loss:3.4472 train_time:875982ms step_avg:496.87ms
step:1774/5100 train_loss:3.7862 train_time:876473ms step_avg:496.87ms
step:1775/5100 train_loss:3.3150 train_time:876968ms step_avg:496.87ms
step:1776/5100 train_loss:3.6131 train_time:877460ms step_avg:496.86ms
step:1777/5100 train_loss:3.4656 train_time:877955ms step_avg:496.86ms
step:1778/5100 train_loss:3.9321 train_time:878452ms step_avg:496.86ms
step:1779/5100 train_loss:3.6727 train_time:878953ms step_avg:496.86ms
step:1780/5100 train_loss:3.5242 train_time:879445ms step_avg:496.86ms
step:1781/5100 train_loss:3.6350 train_time:879944ms step_avg:496.86ms
step:1782/5100 train_loss:3.5541 train_time:880434ms step_avg:496.86ms
step:1783/5100 train_loss:3.3191 train_time:880923ms step_avg:496.85ms
step:1784/5100 train_loss:3.5957 train_time:881422ms step_avg:496.86ms
step:1785/5100 train_loss:3.6310 train_time:881918ms step_avg:496.85ms
step:1786/5100 train_loss:3.5599 train_time:882411ms step_avg:496.85ms
step:1787/5100 train_loss:3.7192 train_time:882904ms step_avg:496.85ms
step:1788/5100 train_loss:3.4841 train_time:883398ms step_avg:496.85ms
step:1789/5100 train_loss:3.5242 train_time:883897ms step_avg:496.85ms
step:1790/5100 train_loss:3.6445 train_time:884387ms step_avg:496.85ms
step:1791/5100 train_loss:3.5678 train_time:884882ms step_avg:496.85ms
step:1792/5100 train_loss:3.5603 train_time:885382ms step_avg:496.85ms
step:1793/5100 train_loss:3.4973 train_time:885868ms step_avg:496.84ms
step:1794/5100 train_loss:3.3876 train_time:886361ms step_avg:496.84ms
step:1795/5100 train_loss:3.4577 train_time:886858ms step_avg:496.84ms
step:1796/5100 train_loss:3.4290 train_time:887353ms step_avg:496.84ms
step:1797/5100 train_loss:3.6449 train_time:887845ms step_avg:496.84ms
step:1798/5100 train_loss:3.5619 train_time:888340ms step_avg:496.83ms
step:1799/5100 train_loss:3.4958 train_time:888829ms step_avg:496.83ms
step:1800/5100 train_loss:3.5681 train_time:889329ms step_avg:496.83ms
step:1801/5100 train_loss:3.5870 train_time:889825ms step_avg:496.83ms
step:1802/5100 train_loss:3.5582 train_time:890319ms step_avg:496.83ms
step:1803/5100 train_loss:3.4432 train_time:890825ms step_avg:496.83ms
step:1804/5100 train_loss:3.4493 train_time:891315ms step_avg:496.83ms
step:1805/5100 train_loss:3.7077 train_time:891810ms step_avg:496.83ms
step:1806/5100 train_loss:3.5583 train_time:892308ms step_avg:496.83ms
step:1807/5100 train_loss:3.6378 train_time:892798ms step_avg:496.83ms
step:1808/5100 train_loss:3.6711 train_time:893297ms step_avg:496.83ms
step:1809/5100 train_loss:3.4446 train_time:893789ms step_avg:496.83ms
step:1810/5100 train_loss:3.6318 train_time:894283ms step_avg:496.82ms
step:1811/5100 train_loss:3.6629 train_time:894778ms step_avg:496.82ms
step:1812/5100 train_loss:3.5510 train_time:895273ms step_avg:496.82ms
step:1813/5100 train_loss:3.4981 train_time:895769ms step_avg:496.82ms
step:1814/5100 train_loss:3.5197 train_time:896261ms step_avg:496.82ms
step:1815/5100 train_loss:3.5843 train_time:896735ms step_avg:496.81ms
step:1816/5100 train_loss:3.6506 train_time:897230ms step_avg:496.81ms
step:1817/5100 train_loss:3.5186 train_time:897723ms step_avg:496.80ms
step:1818/5100 train_loss:3.6948 train_time:898221ms step_avg:496.80ms
step:1819/5100 train_loss:3.4786 train_time:898714ms step_avg:496.80ms
step:1820/5100 train_loss:3.5494 train_time:899212ms step_avg:496.80ms
step:1821/5100 train_loss:3.4466 train_time:899703ms step_avg:496.80ms
step:1822/5100 train_loss:3.2668 train_time:900201ms step_avg:496.80ms
step:1823/5100 train_loss:3.3066 train_time:900692ms step_avg:496.80ms
step:1824/5100 train_loss:3.4761 train_time:901188ms step_avg:496.80ms
step:1825/5100 train_loss:3.5980 train_time:901683ms step_avg:496.80ms
step:1826/5100 train_loss:3.5389 train_time:902175ms step_avg:496.79ms
step:1827/5100 train_loss:3.5294 train_time:902670ms step_avg:496.79ms
step:1828/5100 train_loss:3.5095 train_time:903164ms step_avg:496.79ms
step:1829/5100 train_loss:3.5223 train_time:903662ms step_avg:496.79ms
step:1830/5100 train_loss:3.6090 train_time:904153ms step_avg:496.79ms
step:1831/5100 train_loss:3.2806 train_time:904647ms step_avg:496.79ms
step:1832/5100 train_loss:3.5100 train_time:905139ms step_avg:496.78ms
step:1833/5100 train_loss:3.5018 train_time:905632ms step_avg:496.78ms
step:1834/5100 train_loss:4.0565 train_time:906128ms step_avg:496.78ms
step:1835/5100 train_loss:3.5833 train_time:906625ms step_avg:496.78ms
step:1836/5100 train_loss:3.5582 train_time:907117ms step_avg:496.78ms
step:1837/5100 train_loss:3.8375 train_time:907610ms step_avg:496.78ms
step:1838/5100 train_loss:3.5442 train_time:908106ms step_avg:496.78ms
step:1839/5100 train_loss:3.4134 train_time:908606ms step_avg:496.78ms
step:1840/5100 train_loss:3.5088 train_time:909104ms step_avg:496.78ms
step:1841/5100 train_loss:3.4163 train_time:909593ms step_avg:496.77ms
step:1842/5100 train_loss:3.5337 train_time:910087ms step_avg:496.77ms
step:1843/5100 train_loss:3.6012 train_time:910588ms step_avg:496.77ms
step:1844/5100 train_loss:3.5106 train_time:911081ms step_avg:496.77ms
step:1845/5100 train_loss:3.5343 train_time:911574ms step_avg:496.77ms
step:1846/5100 train_loss:3.4939 train_time:912071ms step_avg:496.77ms
step:1847/5100 train_loss:3.5414 train_time:912565ms step_avg:496.77ms
step:1848/5100 train_loss:3.4090 train_time:913060ms step_avg:496.77ms
step:1849/5100 train_loss:3.7744 train_time:913553ms step_avg:496.77ms
step:1850/5100 train_loss:3.4348 train_time:914051ms step_avg:496.77ms
step:1851/5100 train_loss:3.5496 train_time:914544ms step_avg:496.76ms
step:1852/5100 train_loss:3.3797 train_time:915038ms step_avg:496.76ms
step:1853/5100 train_loss:3.5853 train_time:915530ms step_avg:496.76ms
step:1854/5100 train_loss:3.6236 train_time:916027ms step_avg:496.76ms
step:1855/5100 train_loss:3.5182 train_time:916516ms step_avg:496.76ms
step:1856/5100 train_loss:3.4964 train_time:917014ms step_avg:496.76ms
step:1857/5100 train_loss:3.5944 train_time:917507ms step_avg:496.76ms
step:1858/5100 train_loss:3.6375 train_time:918002ms step_avg:496.75ms
step:1859/5100 train_loss:3.4435 train_time:918494ms step_avg:496.75ms
step:1860/5100 train_loss:3.5354 train_time:918991ms step_avg:496.75ms
step:1861/5100 train_loss:3.5183 train_time:919481ms step_avg:496.75ms
step:1862/5100 train_loss:3.4906 train_time:919978ms step_avg:496.75ms
step:1863/5100 train_loss:3.4447 train_time:920472ms step_avg:496.75ms
step:1864/5100 train_loss:3.5625 train_time:920966ms step_avg:496.75ms
step:1865/5100 train_loss:3.6763 train_time:921460ms step_avg:496.74ms
step:1866/5100 train_loss:3.3051 train_time:921961ms step_avg:496.75ms
step:1867/5100 train_loss:3.4967 train_time:922448ms step_avg:496.74ms
step:1868/5100 train_loss:3.4523 train_time:922941ms step_avg:496.74ms
step:1869/5100 train_loss:3.2774 train_time:923437ms step_avg:496.74ms
step:1870/5100 train_loss:3.5778 train_time:923931ms step_avg:496.74ms
step:1871/5100 train_loss:3.5409 train_time:924429ms step_avg:496.74ms
step:1872/5100 train_loss:3.4920 train_time:924923ms step_avg:496.74ms
step:1873/5100 train_loss:3.6123 train_time:925417ms step_avg:496.73ms
step:1874/5100 train_loss:3.4206 train_time:925912ms step_avg:496.73ms
step:1875/5100 train_loss:3.6867 train_time:926405ms step_avg:496.73ms
step:1875/5100 val_loss:3.5334 train_time:926715ms step_avg:496.90ms
step:1876/5100 train_loss:3.5144 train_time:926900ms step_avg:496.73ms
step:1877/5100 train_loss:3.4862 train_time:927392ms step_avg:496.73ms
step:1878/5100 train_loss:3.6469 train_time:927887ms step_avg:496.73ms
step:1879/5100 train_loss:3.6296 train_time:928382ms step_avg:496.73ms
step:1880/5100 train_loss:3.4938 train_time:928876ms step_avg:496.73ms
step:1881/5100 train_loss:3.5247 train_time:929374ms step_avg:496.73ms
step:1882/5100 train_loss:3.4400 train_time:929869ms step_avg:496.72ms
step:1883/5100 train_loss:3.6634 train_time:930357ms step_avg:496.72ms
step:1884/5100 train_loss:3.5027 train_time:930854ms step_avg:496.72ms
step:1885/5100 train_loss:3.0031 train_time:931349ms step_avg:496.72ms
step:1886/5100 train_loss:3.8576 train_time:931851ms step_avg:496.72ms
step:1887/5100 train_loss:3.4649 train_time:932347ms step_avg:496.72ms
step:1888/5100 train_loss:3.3788 train_time:932840ms step_avg:496.72ms
step:1889/5100 train_loss:3.5473 train_time:933336ms step_avg:496.72ms
step:1890/5100 train_loss:3.5950 train_time:933826ms step_avg:496.72ms
step:1891/5100 train_loss:3.3669 train_time:934548ms step_avg:496.84ms
step:1892/5100 train_loss:3.7962 train_time:935043ms step_avg:496.84ms
step:1893/5100 train_loss:3.4224 train_time:935534ms step_avg:496.83ms
step:1894/5100 train_loss:3.4670 train_time:936028ms step_avg:496.83ms
step:1895/5100 train_loss:3.6272 train_time:936526ms step_avg:496.83ms
step:1896/5100 train_loss:3.3585 train_time:937033ms step_avg:496.84ms
step:1897/5100 train_loss:3.5427 train_time:937515ms step_avg:496.83ms
step:1898/5100 train_loss:3.6150 train_time:938008ms step_avg:496.83ms
step:1899/5100 train_loss:3.6313 train_time:938500ms step_avg:496.82ms
step:1900/5100 train_loss:3.4570 train_time:939777ms step_avg:497.24ms
step:1901/5100 train_loss:3.6441 train_time:940269ms step_avg:497.23ms
step:1902/5100 train_loss:3.4635 train_time:940766ms step_avg:497.23ms
step:1903/5100 train_loss:3.5709 train_time:941285ms step_avg:497.25ms
step:1904/5100 train_loss:3.4612 train_time:941765ms step_avg:497.24ms
step:1905/5100 train_loss:3.6831 train_time:942269ms step_avg:497.24ms
step:1906/5100 train_loss:3.5330 train_time:942764ms step_avg:497.24ms
step:1907/5100 train_loss:3.5559 train_time:943236ms step_avg:497.23ms
step:1908/5100 train_loss:3.5661 train_time:943731ms step_avg:497.22ms
step:1909/5100 train_loss:3.3629 train_time:944223ms step_avg:497.22ms
step:1910/5100 train_loss:3.5340 train_time:944718ms step_avg:497.22ms
step:1911/5100 train_loss:3.5896 train_time:945211ms step_avg:497.22ms
step:1912/5100 train_loss:3.5073 train_time:945711ms step_avg:497.22ms
step:1913/5100 train_loss:3.4678 train_time:946233ms step_avg:497.23ms
step:1914/5100 train_loss:3.0177 train_time:946712ms step_avg:497.22ms
step:1915/5100 train_loss:3.4165 train_time:947201ms step_avg:497.22ms
step:1916/5100 train_loss:3.6527 train_time:947693ms step_avg:497.22ms
step:1917/5100 train_loss:3.6975 train_time:948188ms step_avg:497.21ms
step:1918/5100 train_loss:3.5309 train_time:948685ms step_avg:497.21ms
step:1919/5100 train_loss:3.5167 train_time:949178ms step_avg:497.21ms
step:1920/5100 train_loss:3.7616 train_time:949672ms step_avg:497.21ms
step:1921/5100 train_loss:3.4633 train_time:950187ms step_avg:497.22ms
step:1922/5100 train_loss:3.5202 train_time:950679ms step_avg:497.22ms
step:1923/5100 train_loss:3.5405 train_time:951178ms step_avg:497.22ms
step:1924/5100 train_loss:3.6005 train_time:951655ms step_avg:497.21ms
step:1925/5100 train_loss:3.2363 train_time:952150ms step_avg:497.21ms
step:1926/5100 train_loss:3.4185 train_time:952639ms step_avg:497.20ms
step:1927/5100 train_loss:3.3793 train_time:953134ms step_avg:497.20ms
step:1928/5100 train_loss:3.4613 train_time:953632ms step_avg:497.20ms
step:1929/5100 train_loss:3.2413 train_time:954122ms step_avg:497.20ms
step:1930/5100 train_loss:3.4467 train_time:954627ms step_avg:497.20ms
step:1931/5100 train_loss:3.7049 train_time:955112ms step_avg:497.20ms
step:1932/5100 train_loss:3.5607 train_time:955609ms step_avg:497.20ms
step:1933/5100 train_loss:3.6541 train_time:956103ms step_avg:497.19ms
step:1934/5100 train_loss:3.4933 train_time:956602ms step_avg:497.19ms
step:1935/5100 train_loss:3.4783 train_time:957094ms step_avg:497.19ms
step:1936/5100 train_loss:3.5675 train_time:957630ms step_avg:497.21ms
step:1937/5100 train_loss:3.4912 train_time:958086ms step_avg:497.19ms
step:1938/5100 train_loss:3.6044 train_time:958574ms step_avg:497.19ms
step:1939/5100 train_loss:3.4627 train_time:959068ms step_avg:497.18ms
step:1940/5100 train_loss:3.6343 train_time:959566ms step_avg:497.18ms
step:1941/5100 train_loss:3.7755 train_time:960062ms step_avg:497.18ms
step:1942/5100 train_loss:3.5418 train_time:960552ms step_avg:497.18ms
step:1943/5100 train_loss:3.4879 train_time:961047ms step_avg:497.18ms
step:1944/5100 train_loss:3.7149 train_time:961541ms step_avg:497.18ms
step:1945/5100 train_loss:3.3814 train_time:962035ms step_avg:497.18ms
step:1946/5100 train_loss:3.5660 train_time:962529ms step_avg:497.17ms
step:1947/5100 train_loss:3.5341 train_time:963020ms step_avg:497.17ms
step:1948/5100 train_loss:3.4285 train_time:963516ms step_avg:497.17ms
step:1949/5100 train_loss:3.4615 train_time:964010ms step_avg:497.17ms
step:1950/5100 train_loss:3.4160 train_time:964504ms step_avg:497.17ms
step:1951/5100 train_loss:3.4575 train_time:964997ms step_avg:497.16ms
step:1952/5100 train_loss:3.4418 train_time:965493ms step_avg:497.16ms
step:1953/5100 train_loss:3.6643 train_time:965987ms step_avg:497.16ms
step:1954/5100 train_loss:3.6466 train_time:966480ms step_avg:497.16ms
step:1955/5100 train_loss:3.4994 train_time:966972ms step_avg:497.16ms
step:1956/5100 train_loss:3.3868 train_time:967466ms step_avg:497.16ms
step:1957/5100 train_loss:3.3304 train_time:967962ms step_avg:497.16ms
step:1958/5100 train_loss:3.7626 train_time:968485ms step_avg:497.17ms
step:1959/5100 train_loss:3.5382 train_time:968948ms step_avg:497.15ms
step:1960/5100 train_loss:3.6430 train_time:969442ms step_avg:497.15ms
step:1961/5100 train_loss:3.4174 train_time:969935ms step_avg:497.15ms
step:1962/5100 train_loss:3.5964 train_time:970429ms step_avg:497.15ms
step:1963/5100 train_loss:3.6084 train_time:970924ms step_avg:497.15ms
step:1964/5100 train_loss:3.5337 train_time:971432ms step_avg:497.15ms
step:1965/5100 train_loss:3.4530 train_time:971913ms step_avg:497.14ms
step:1966/5100 train_loss:3.7179 train_time:972408ms step_avg:497.14ms
step:1967/5100 train_loss:3.4502 train_time:972911ms step_avg:497.14ms
step:1968/5100 train_loss:3.4821 train_time:973397ms step_avg:497.14ms
step:1969/5100 train_loss:3.5570 train_time:973902ms step_avg:497.14ms
step:1970/5100 train_loss:3.3464 train_time:974389ms step_avg:497.14ms
step:1971/5100 train_loss:3.1551 train_time:974881ms step_avg:497.13ms
step:1972/5100 train_loss:3.2207 train_time:975374ms step_avg:497.13ms
step:1973/5100 train_loss:3.5170 train_time:975871ms step_avg:497.13ms
step:1974/5100 train_loss:3.4351 train_time:976364ms step_avg:497.13ms
step:1975/5100 train_loss:3.3284 train_time:976858ms step_avg:497.13ms
step:1976/5100 train_loss:3.5978 train_time:977353ms step_avg:497.13ms
step:1977/5100 train_loss:3.4475 train_time:977850ms step_avg:497.13ms
step:1978/5100 train_loss:4.0520 train_time:978345ms step_avg:497.13ms
step:1979/5100 train_loss:3.4947 train_time:978838ms step_avg:497.12ms
step:1980/5100 train_loss:3.5116 train_time:979332ms step_avg:497.12ms
step:1981/5100 train_loss:3.5183 train_time:979828ms step_avg:497.12ms
step:1982/5100 train_loss:3.5700 train_time:980319ms step_avg:497.12ms
step:1983/5100 train_loss:3.5262 train_time:980814ms step_avg:497.12ms
step:1984/5100 train_loss:3.4121 train_time:981308ms step_avg:497.12ms
step:1985/5100 train_loss:3.5954 train_time:981802ms step_avg:497.11ms
step:1986/5100 train_loss:3.6507 train_time:982297ms step_avg:497.11ms
step:1987/5100 train_loss:3.4093 train_time:982793ms step_avg:497.11ms
step:1988/5100 train_loss:3.4726 train_time:983287ms step_avg:497.11ms
step:1989/5100 train_loss:3.5589 train_time:983781ms step_avg:497.11ms
step:1990/5100 train_loss:3.6320 train_time:984278ms step_avg:497.11ms
step:1991/5100 train_loss:3.4119 train_time:984775ms step_avg:497.11ms
step:1992/5100 train_loss:3.3933 train_time:985271ms step_avg:497.11ms
step:1993/5100 train_loss:3.7335 train_time:985764ms step_avg:497.11ms
step:1994/5100 train_loss:3.4221 train_time:986256ms step_avg:497.10ms
step:1995/5100 train_loss:3.4628 train_time:986755ms step_avg:497.11ms
step:1996/5100 train_loss:3.5390 train_time:987249ms step_avg:497.10ms
step:1997/5100 train_loss:3.4568 train_time:987740ms step_avg:497.10ms
step:1998/5100 train_loss:3.4362 train_time:988233ms step_avg:497.10ms
step:1999/5100 train_loss:3.4315 train_time:988731ms step_avg:497.10ms
step:2000/5100 train_loss:3.5062 train_time:989227ms step_avg:497.10ms
step:2000/5100 val_loss:3.5186 train_time:989532ms step_avg:497.25ms
step:2001/5100 train_loss:3.6229 train_time:989719ms step_avg:497.10ms
step:2002/5100 train_loss:3.5403 train_time:990210ms step_avg:497.09ms
step:2003/5100 train_loss:3.8911 train_time:990708ms step_avg:497.09ms
step:2004/5100 train_loss:3.5943 train_time:991199ms step_avg:497.09ms
step:2005/5100 train_loss:3.4284 train_time:991696ms step_avg:497.09ms
step:2006/5100 train_loss:3.4895 train_time:992206ms step_avg:497.10ms
step:2007/5100 train_loss:3.3226 train_time:992698ms step_avg:497.09ms
step:2008/5100 train_loss:3.6109 train_time:993207ms step_avg:497.10ms
step:2009/5100 train_loss:3.5307 train_time:993697ms step_avg:497.10ms
step:2010/5100 train_loss:3.4974 train_time:994193ms step_avg:497.10ms
step:2011/5100 train_loss:3.5562 train_time:994687ms step_avg:497.10ms
step:2012/5100 train_loss:3.5884 train_time:995186ms step_avg:497.10ms
step:2013/5100 train_loss:3.4327 train_time:995682ms step_avg:497.10ms
step:2014/5100 train_loss:3.5328 train_time:996182ms step_avg:497.10ms
step:2015/5100 train_loss:3.4779 train_time:996662ms step_avg:497.09ms
step:2016/5100 train_loss:3.4548 train_time:997155ms step_avg:497.09ms
step:2017/5100 train_loss:3.7689 train_time:997648ms step_avg:497.08ms
step:2018/5100 train_loss:3.4379 train_time:998143ms step_avg:497.08ms
step:2019/5100 train_loss:3.7098 train_time:998638ms step_avg:497.08ms
step:2020/5100 train_loss:3.4902 train_time:999131ms step_avg:497.08ms
step:2021/5100 train_loss:3.2131 train_time:999629ms step_avg:497.08ms
step:2022/5100 train_loss:3.4688 train_time:1000122ms step_avg:497.08ms
step:2023/5100 train_loss:3.4606 train_time:1000615ms step_avg:497.08ms
step:2024/5100 train_loss:3.5478 train_time:1001109ms step_avg:497.07ms
step:2025/5100 train_loss:3.6544 train_time:1001589ms step_avg:497.07ms
step:2026/5100 train_loss:3.4677 train_time:1002084ms step_avg:497.07ms
step:2027/5100 train_loss:2.9378 train_time:1002580ms step_avg:497.06ms
step:2028/5100 train_loss:3.4244 train_time:1003072ms step_avg:497.06ms
step:2029/5100 train_loss:3.5845 train_time:1003567ms step_avg:497.06ms
step:2030/5100 train_loss:3.4643 train_time:1004064ms step_avg:497.06ms
step:2031/5100 train_loss:3.5649 train_time:1004557ms step_avg:497.06ms
step:2032/5100 train_loss:3.3479 train_time:1005051ms step_avg:497.06ms
step:2033/5100 train_loss:3.5751 train_time:1005545ms step_avg:497.06ms
step:2034/5100 train_loss:3.3845 train_time:1006042ms step_avg:497.06ms
step:2035/5100 train_loss:3.5694 train_time:1006530ms step_avg:497.05ms
step:2036/5100 train_loss:3.5856 train_time:1007024ms step_avg:497.05ms
step:2037/5100 train_loss:3.6084 train_time:1007520ms step_avg:497.05ms
step:2038/5100 train_loss:3.3885 train_time:1008019ms step_avg:497.05ms
step:2039/5100 train_loss:3.7379 train_time:1008509ms step_avg:497.05ms
step:2040/5100 train_loss:3.5591 train_time:1009005ms step_avg:497.05ms
step:2041/5100 train_loss:3.6220 train_time:1009501ms step_avg:497.05ms
step:2042/5100 train_loss:3.4233 train_time:1010000ms step_avg:497.05ms
step:2043/5100 train_loss:3.5065 train_time:1010494ms step_avg:497.05ms
step:2044/5100 train_loss:3.5745 train_time:1010980ms step_avg:497.04ms
step:2045/5100 train_loss:3.5551 train_time:1011475ms step_avg:497.04ms
step:2046/5100 train_loss:3.2951 train_time:1011973ms step_avg:497.04ms
step:2047/5100 train_loss:3.3536 train_time:1012479ms step_avg:497.04ms
step:2048/5100 train_loss:3.5281 train_time:1012966ms step_avg:497.04ms
step:2049/5100 train_loss:3.4412 train_time:1013462ms step_avg:497.04ms
step:2050/5100 train_loss:3.3439 train_time:1013953ms step_avg:497.04ms
step:2051/5100 train_loss:3.6270 train_time:1014449ms step_avg:497.04ms
step:2052/5100 train_loss:3.5537 train_time:1014993ms step_avg:497.06ms
step:2053/5100 train_loss:3.4825 train_time:1015440ms step_avg:497.03ms
step:2054/5100 train_loss:3.4966 train_time:1015931ms step_avg:497.03ms
step:2055/5100 train_loss:3.5310 train_time:1016434ms step_avg:497.03ms
step:2056/5100 train_loss:3.4590 train_time:1016928ms step_avg:497.03ms
step:2057/5100 train_loss:3.7997 train_time:1017421ms step_avg:497.03ms
step:2058/5100 train_loss:3.7142 train_time:1017916ms step_avg:497.03ms
step:2059/5100 train_loss:3.4812 train_time:1018416ms step_avg:497.03ms
step:2060/5100 train_loss:3.6279 train_time:1018921ms step_avg:497.03ms
step:2061/5100 train_loss:3.5814 train_time:1019413ms step_avg:497.03ms
step:2062/5100 train_loss:3.5896 train_time:1019898ms step_avg:497.03ms
step:2063/5100 train_loss:3.5151 train_time:1020387ms step_avg:497.02ms
step:2064/5100 train_loss:3.8167 train_time:1020884ms step_avg:497.02ms
step:2065/5100 train_loss:3.5652 train_time:1021378ms step_avg:497.02ms
step:2066/5100 train_loss:3.6279 train_time:1021871ms step_avg:497.02ms
step:2067/5100 train_loss:3.4676 train_time:1022365ms step_avg:497.02ms
step:2068/5100 train_loss:3.4130 train_time:1022859ms step_avg:497.02ms
step:2069/5100 train_loss:3.4615 train_time:1023351ms step_avg:497.01ms
step:2070/5100 train_loss:3.7122 train_time:1023848ms step_avg:497.01ms
step:2071/5100 train_loss:3.6608 train_time:1024361ms step_avg:497.02ms
step:2072/5100 train_loss:3.5662 train_time:1024837ms step_avg:497.01ms
step:2073/5100 train_loss:3.5279 train_time:1025332ms step_avg:497.01ms
step:2074/5100 train_loss:3.5440 train_time:1025824ms step_avg:497.01ms
step:2075/5100 train_loss:3.5303 train_time:1026316ms step_avg:497.01ms
step:2076/5100 train_loss:3.2709 train_time:1026810ms step_avg:497.00ms
step:2077/5100 train_loss:3.6737 train_time:1027303ms step_avg:497.00ms
step:2078/5100 train_loss:3.3552 train_time:1027797ms step_avg:497.00ms
step:2079/5100 train_loss:3.3409 train_time:1028291ms step_avg:497.00ms
step:2080/5100 train_loss:3.4296 train_time:1028926ms step_avg:497.07ms
step:2081/5100 train_loss:3.5049 train_time:1029418ms step_avg:497.06ms
step:2082/5100 train_loss:3.3732 train_time:1029905ms step_avg:497.06ms
step:2083/5100 train_loss:3.6121 train_time:1030399ms step_avg:497.06ms
step:2084/5100 train_loss:3.4181 train_time:1030895ms step_avg:497.06ms
step:2085/5100 train_loss:3.3650 train_time:1031390ms step_avg:497.06ms
step:2086/5100 train_loss:3.5508 train_time:1031892ms step_avg:497.06ms
step:2087/5100 train_loss:3.6005 train_time:1032385ms step_avg:497.06ms
step:2088/5100 train_loss:3.5280 train_time:1032876ms step_avg:497.05ms
step:2089/5100 train_loss:3.7757 train_time:1033376ms step_avg:497.05ms
step:2090/5100 train_loss:3.6094 train_time:1034653ms step_avg:497.43ms
step:2091/5100 train_loss:3.6322 train_time:1035143ms step_avg:497.43ms
step:2092/5100 train_loss:3.3948 train_time:1035640ms step_avg:497.43ms
step:2093/5100 train_loss:3.5363 train_time:1036126ms step_avg:497.42ms
step:2094/5100 train_loss:3.4711 train_time:1036622ms step_avg:497.42ms
step:2095/5100 train_loss:3.0478 train_time:1037116ms step_avg:497.42ms
step:2096/5100 train_loss:3.4479 train_time:1037613ms step_avg:497.42ms
step:2097/5100 train_loss:3.6421 train_time:1038108ms step_avg:497.42ms
step:2098/5100 train_loss:3.4963 train_time:1038603ms step_avg:497.42ms
step:2099/5100 train_loss:3.3175 train_time:1039118ms step_avg:497.42ms
step:2100/5100 train_loss:3.4517 train_time:1039592ms step_avg:497.41ms
step:2101/5100 train_loss:3.4424 train_time:1040086ms step_avg:497.41ms
step:2102/5100 train_loss:3.6793 train_time:1040582ms step_avg:497.41ms
step:2103/5100 train_loss:3.4135 train_time:1041071ms step_avg:497.41ms
step:2104/5100 train_loss:3.4549 train_time:1041565ms step_avg:497.40ms
step:2105/5100 train_loss:3.7787 train_time:1042059ms step_avg:497.40ms
step:2106/5100 train_loss:3.2943 train_time:1042551ms step_avg:497.40ms
step:2107/5100 train_loss:3.8480 train_time:1043046ms step_avg:497.40ms
step:2108/5100 train_loss:3.4113 train_time:1043543ms step_avg:497.40ms
step:2109/5100 train_loss:3.5481 train_time:1044036ms step_avg:497.40ms
step:2110/5100 train_loss:3.6481 train_time:1044538ms step_avg:497.40ms
step:2111/5100 train_loss:3.3559 train_time:1045032ms step_avg:497.40ms
step:2112/5100 train_loss:3.6691 train_time:1045520ms step_avg:497.39ms
step:2113/5100 train_loss:3.5838 train_time:1046018ms step_avg:497.39ms
step:2114/5100 train_loss:3.5406 train_time:1046519ms step_avg:497.39ms
step:2115/5100 train_loss:3.4572 train_time:1047013ms step_avg:497.39ms
step:2116/5100 train_loss:3.5603 train_time:1047507ms step_avg:497.39ms
step:2117/5100 train_loss:3.4216 train_time:1048001ms step_avg:497.39ms
step:2118/5100 train_loss:3.5852 train_time:1048494ms step_avg:497.39ms
step:2119/5100 train_loss:3.4906 train_time:1048988ms step_avg:497.39ms
step:2120/5100 train_loss:3.4648 train_time:1049486ms step_avg:497.39ms
step:2121/5100 train_loss:3.3681 train_time:1049976ms step_avg:497.38ms
step:2122/5100 train_loss:3.5142 train_time:1050471ms step_avg:497.38ms
step:2123/5100 train_loss:3.5785 train_time:1050964ms step_avg:497.38ms
step:2124/5100 train_loss:3.4818 train_time:1051459ms step_avg:497.38ms
step:2125/5100 train_loss:3.4861 train_time:1051958ms step_avg:497.38ms
step:2125/5100 val_loss:3.5072 train_time:1052263ms step_avg:497.52ms
step:2126/5100 train_loss:3.4138 train_time:1052448ms step_avg:497.38ms
step:2127/5100 train_loss:3.6217 train_time:1052940ms step_avg:497.37ms
step:2128/5100 train_loss:3.5451 train_time:1053434ms step_avg:497.37ms
step:2129/5100 train_loss:3.5614 train_time:1053928ms step_avg:497.37ms
step:2130/5100 train_loss:3.4329 train_time:1054422ms step_avg:497.37ms
step:2131/5100 train_loss:3.3948 train_time:1054918ms step_avg:497.37ms
step:2132/5100 train_loss:3.6584 train_time:1055409ms step_avg:497.37ms
step:2133/5100 train_loss:3.5735 train_time:1055903ms step_avg:497.36ms
step:2134/5100 train_loss:3.3555 train_time:1056397ms step_avg:497.36ms
step:2135/5100 train_loss:3.5269 train_time:1056890ms step_avg:497.36ms
step:2136/5100 train_loss:3.4737 train_time:1057384ms step_avg:497.36ms
step:2137/5100 train_loss:3.6564 train_time:1057879ms step_avg:497.36ms
step:2138/5100 train_loss:3.3991 train_time:1058375ms step_avg:497.36ms
step:2139/5100 train_loss:3.4671 train_time:1058868ms step_avg:497.35ms
step:2140/5100 train_loss:3.5739 train_time:1059363ms step_avg:497.35ms
step:2141/5100 train_loss:3.7689 train_time:1059856ms step_avg:497.35ms
step:2142/5100 train_loss:4.2831 train_time:1060352ms step_avg:497.35ms
step:2143/5100 train_loss:3.4718 train_time:1060846ms step_avg:497.35ms
step:2144/5100 train_loss:3.3018 train_time:1061344ms step_avg:497.35ms
step:2145/5100 train_loss:3.5384 train_time:1061838ms step_avg:497.35ms
step:2146/5100 train_loss:3.6941 train_time:1062331ms step_avg:497.35ms
step:2147/5100 train_loss:3.5289 train_time:1062825ms step_avg:497.34ms
step:2148/5100 train_loss:3.4591 train_time:1063324ms step_avg:497.35ms
step:2149/5100 train_loss:3.4967 train_time:1063815ms step_avg:497.34ms
step:2150/5100 train_loss:3.3883 train_time:1064311ms step_avg:497.34ms
step:2151/5100 train_loss:3.4790 train_time:1064824ms step_avg:497.35ms
step:2152/5100 train_loss:3.6063 train_time:1065299ms step_avg:497.34ms
step:2153/5100 train_loss:3.4943 train_time:1065794ms step_avg:497.34ms
step:2154/5100 train_loss:3.4812 train_time:1066294ms step_avg:497.34ms
step:2155/5100 train_loss:3.4313 train_time:1066785ms step_avg:497.34ms
step:2156/5100 train_loss:3.3134 train_time:1067277ms step_avg:497.33ms
step:2157/5100 train_loss:3.4818 train_time:1067782ms step_avg:497.34ms
step:2158/5100 train_loss:3.5452 train_time:1068271ms step_avg:497.33ms
step:2159/5100 train_loss:3.5237 train_time:1068762ms step_avg:497.33ms
step:2160/5100 train_loss:3.6353 train_time:1069252ms step_avg:497.33ms
step:2161/5100 train_loss:3.5499 train_time:1069750ms step_avg:497.33ms
step:2162/5100 train_loss:3.4619 train_time:1070241ms step_avg:497.32ms
step:2163/5100 train_loss:3.4992 train_time:1070735ms step_avg:497.32ms
step:2164/5100 train_loss:3.5613 train_time:1071230ms step_avg:497.32ms
step:2165/5100 train_loss:3.5197 train_time:1071727ms step_avg:497.32ms
step:2166/5100 train_loss:3.5185 train_time:1072220ms step_avg:497.32ms
step:2167/5100 train_loss:3.4803 train_time:1072713ms step_avg:497.32ms
step:2168/5100 train_loss:3.3636 train_time:1073214ms step_avg:497.32ms
step:2169/5100 train_loss:3.4076 train_time:1073710ms step_avg:497.32ms
step:2170/5100 train_loss:3.4669 train_time:1074198ms step_avg:497.31ms
step:2171/5100 train_loss:3.6262 train_time:1074694ms step_avg:497.31ms
step:2172/5100 train_loss:3.5713 train_time:1075190ms step_avg:497.31ms
step:2173/5100 train_loss:3.4121 train_time:1075679ms step_avg:497.31ms
step:2174/5100 train_loss:3.4807 train_time:1076172ms step_avg:497.31ms
step:2175/5100 train_loss:3.4147 train_time:1076667ms step_avg:497.31ms
step:2176/5100 train_loss:3.4880 train_time:1077169ms step_avg:497.31ms
step:2177/5100 train_loss:3.3567 train_time:1077662ms step_avg:497.31ms
step:2178/5100 train_loss:3.6239 train_time:1078154ms step_avg:497.30ms
step:2179/5100 train_loss:3.5009 train_time:1078648ms step_avg:497.30ms
step:2180/5100 train_loss:3.3644 train_time:1079143ms step_avg:497.30ms
step:2181/5100 train_loss:3.6437 train_time:1079639ms step_avg:497.30ms
step:2182/5100 train_loss:3.4974 train_time:1080135ms step_avg:497.30ms
step:2183/5100 train_loss:3.4997 train_time:1080627ms step_avg:497.30ms
step:2184/5100 train_loss:3.4120 train_time:1081121ms step_avg:497.30ms
step:2185/5100 train_loss:3.3756 train_time:1081624ms step_avg:497.30ms
step:2186/5100 train_loss:3.4750 train_time:1082116ms step_avg:497.30ms
step:2187/5100 train_loss:3.4164 train_time:1082610ms step_avg:497.29ms
step:2188/5100 train_loss:3.3392 train_time:1083099ms step_avg:497.29ms
step:2189/5100 train_loss:3.4263 train_time:1083593ms step_avg:497.29ms
step:2190/5100 train_loss:3.3933 train_time:1084085ms step_avg:497.29ms
step:2191/5100 train_loss:3.5252 train_time:1084580ms step_avg:497.29ms
step:2192/5100 train_loss:3.5027 train_time:1085079ms step_avg:497.29ms
step:2193/5100 train_loss:3.8350 train_time:1085569ms step_avg:497.28ms
step:2194/5100 train_loss:3.4977 train_time:1086062ms step_avg:497.28ms
step:2195/5100 train_loss:3.5965 train_time:1086558ms step_avg:497.28ms
step:2196/5100 train_loss:3.6328 train_time:1087051ms step_avg:497.28ms
step:2197/5100 train_loss:3.4109 train_time:1087545ms step_avg:497.28ms
step:2198/5100 train_loss:3.5461 train_time:1088043ms step_avg:497.28ms
step:2199/5100 train_loss:3.4121 train_time:1088535ms step_avg:497.27ms
step:2200/5100 train_loss:3.3954 train_time:1089029ms step_avg:497.27ms
step:2201/5100 train_loss:3.4895 train_time:1089524ms step_avg:497.27ms
step:2202/5100 train_loss:3.4504 train_time:1090020ms step_avg:497.27ms
step:2203/5100 train_loss:3.4924 train_time:1090514ms step_avg:497.27ms
step:2204/5100 train_loss:4.3968 train_time:1091007ms step_avg:497.27ms
step:2205/5100 train_loss:3.5563 train_time:1091502ms step_avg:497.27ms
step:2206/5100 train_loss:3.4191 train_time:1091997ms step_avg:497.27ms
step:2207/5100 train_loss:3.4555 train_time:1092488ms step_avg:497.26ms
step:2208/5100 train_loss:3.5933 train_time:1093021ms step_avg:497.28ms
step:2209/5100 train_loss:3.3252 train_time:1093481ms step_avg:497.26ms
step:2210/5100 train_loss:3.4587 train_time:1093972ms step_avg:497.26ms
step:2211/5100 train_loss:3.4371 train_time:1094466ms step_avg:497.26ms
step:2212/5100 train_loss:3.5284 train_time:1094959ms step_avg:497.26ms
step:2213/5100 train_loss:3.5359 train_time:1095452ms step_avg:497.25ms
step:2214/5100 train_loss:3.4403 train_time:1095950ms step_avg:497.25ms
step:2215/5100 train_loss:3.5187 train_time:1096445ms step_avg:497.25ms
step:2216/5100 train_loss:3.6912 train_time:1096938ms step_avg:497.25ms
step:2217/5100 train_loss:3.5218 train_time:1097430ms step_avg:497.25ms
step:2218/5100 train_loss:3.3658 train_time:1097926ms step_avg:497.25ms
step:2219/5100 train_loss:3.4567 train_time:1098425ms step_avg:497.25ms
step:2220/5100 train_loss:3.3096 train_time:1098918ms step_avg:497.25ms
step:2221/5100 train_loss:3.7602 train_time:1099413ms step_avg:497.25ms
step:2222/5100 train_loss:3.6092 train_time:1099906ms step_avg:497.24ms
step:2223/5100 train_loss:3.8040 train_time:1100399ms step_avg:497.24ms
step:2224/5100 train_loss:3.3850 train_time:1100895ms step_avg:497.24ms
step:2225/5100 train_loss:3.4658 train_time:1101392ms step_avg:497.24ms
step:2226/5100 train_loss:3.3656 train_time:1101891ms step_avg:497.24ms
step:2227/5100 train_loss:3.7081 train_time:1102395ms step_avg:497.25ms
step:2228/5100 train_loss:3.6543 train_time:1102888ms step_avg:497.24ms
step:2229/5100 train_loss:3.2807 train_time:1103420ms step_avg:497.26ms
step:2230/5100 train_loss:3.7522 train_time:1103892ms step_avg:497.25ms
step:2231/5100 train_loss:3.4302 train_time:1104360ms step_avg:497.24ms
step:2232/5100 train_loss:3.4315 train_time:1104853ms step_avg:497.23ms
step:2233/5100 train_loss:3.5783 train_time:1105343ms step_avg:497.23ms
step:2234/5100 train_loss:3.6891 train_time:1105841ms step_avg:497.23ms
step:2235/5100 train_loss:3.5233 train_time:1106332ms step_avg:497.23ms
step:2236/5100 train_loss:3.4184 train_time:1106833ms step_avg:497.23ms
step:2237/5100 train_loss:3.2163 train_time:1107327ms step_avg:497.23ms
step:2238/5100 train_loss:3.5008 train_time:1107824ms step_avg:497.23ms
step:2239/5100 train_loss:3.5307 train_time:1108374ms step_avg:497.25ms
step:2240/5100 train_loss:3.3090 train_time:1108805ms step_avg:497.22ms
step:2241/5100 train_loss:3.4108 train_time:1109297ms step_avg:497.22ms
step:2242/5100 train_loss:3.4659 train_time:1109798ms step_avg:497.22ms
step:2243/5100 train_loss:3.5193 train_time:1110295ms step_avg:497.22ms
step:2244/5100 train_loss:3.2967 train_time:1110786ms step_avg:497.22ms
step:2245/5100 train_loss:3.5677 train_time:1111282ms step_avg:497.22ms
step:2246/5100 train_loss:3.5803 train_time:1111775ms step_avg:497.22ms
step:2247/5100 train_loss:3.2474 train_time:1112265ms step_avg:497.21ms
step:2248/5100 train_loss:3.2844 train_time:1112761ms step_avg:497.21ms
step:2249/5100 train_loss:3.6356 train_time:1113255ms step_avg:497.21ms
step:2250/5100 train_loss:3.5545 train_time:1113747ms step_avg:497.21ms
step:2250/5100 val_loss:3.4962 train_time:1114055ms step_avg:497.35ms
step:2251/5100 train_loss:3.4210 train_time:1114240ms step_avg:497.21ms
step:2252/5100 train_loss:3.4352 train_time:1114733ms step_avg:497.20ms
step:2253/5100 train_loss:3.4987 train_time:1115228ms step_avg:497.20ms
step:2254/5100 train_loss:3.5161 train_time:1115722ms step_avg:497.20ms
step:2255/5100 train_loss:3.5816 train_time:1116219ms step_avg:497.20ms
step:2256/5100 train_loss:3.4451 train_time:1116714ms step_avg:497.20ms
step:2257/5100 train_loss:3.6213 train_time:1117209ms step_avg:497.20ms
step:2258/5100 train_loss:3.4956 train_time:1117728ms step_avg:497.21ms
step:2259/5100 train_loss:4.3050 train_time:1118196ms step_avg:497.20ms
step:2260/5100 train_loss:3.4658 train_time:1118690ms step_avg:497.20ms
step:2261/5100 train_loss:3.5217 train_time:1119183ms step_avg:497.19ms
step:2262/5100 train_loss:3.5074 train_time:1119679ms step_avg:497.19ms
step:2263/5100 train_loss:3.3759 train_time:1120173ms step_avg:497.19ms
step:2264/5100 train_loss:3.5215 train_time:1120668ms step_avg:497.19ms
step:2265/5100 train_loss:3.3593 train_time:1121165ms step_avg:497.19ms
step:2266/5100 train_loss:3.6878 train_time:1121660ms step_avg:497.19ms
step:2267/5100 train_loss:3.2936 train_time:1122153ms step_avg:497.19ms
step:2268/5100 train_loss:3.3854 train_time:1122646ms step_avg:497.19ms
step:2269/5100 train_loss:3.3015 train_time:1123277ms step_avg:497.25ms
step:2270/5100 train_loss:3.4420 train_time:1123772ms step_avg:497.24ms
step:2271/5100 train_loss:3.9629 train_time:1124268ms step_avg:497.24ms
step:2272/5100 train_loss:3.5642 train_time:1124761ms step_avg:497.24ms
step:2273/5100 train_loss:3.5639 train_time:1125255ms step_avg:497.24ms
step:2274/5100 train_loss:3.4622 train_time:1125750ms step_avg:497.24ms
step:2275/5100 train_loss:3.3931 train_time:1126245ms step_avg:497.24ms
step:2276/5100 train_loss:3.4426 train_time:1126740ms step_avg:497.24ms
step:2277/5100 train_loss:3.2929 train_time:1127230ms step_avg:497.23ms
step:2278/5100 train_loss:3.3830 train_time:1127724ms step_avg:497.23ms
step:2279/5100 train_loss:3.7914 train_time:1128225ms step_avg:497.23ms
step:2280/5100 train_loss:3.3508 train_time:1129158ms step_avg:497.43ms
step:2281/5100 train_loss:3.5274 train_time:1129647ms step_avg:497.42ms
step:2282/5100 train_loss:3.3530 train_time:1130143ms step_avg:497.42ms
step:2283/5100 train_loss:3.4760 train_time:1130635ms step_avg:497.42ms
step:2284/5100 train_loss:3.3882 train_time:1131131ms step_avg:497.42ms
step:2285/5100 train_loss:3.5345 train_time:1131625ms step_avg:497.42ms
step:2286/5100 train_loss:3.5132 train_time:1132117ms step_avg:497.42ms
step:2287/5100 train_loss:3.3324 train_time:1132611ms step_avg:497.41ms
step:2288/5100 train_loss:3.5250 train_time:1133109ms step_avg:497.41ms
step:2289/5100 train_loss:3.5290 train_time:1133602ms step_avg:497.41ms
step:2290/5100 train_loss:3.7283 train_time:1134097ms step_avg:497.41ms
step:2291/5100 train_loss:3.3263 train_time:1134589ms step_avg:497.41ms
step:2292/5100 train_loss:4.1497 train_time:1135082ms step_avg:497.41ms
step:2293/5100 train_loss:3.4473 train_time:1135593ms step_avg:497.41ms
step:2294/5100 train_loss:3.3750 train_time:1136075ms step_avg:497.41ms
step:2295/5100 train_loss:3.5396 train_time:1136566ms step_avg:497.40ms
step:2296/5100 train_loss:3.4552 train_time:1137058ms step_avg:497.40ms
step:2297/5100 train_loss:3.5173 train_time:1137553ms step_avg:497.40ms
step:2298/5100 train_loss:3.9347 train_time:1138047ms step_avg:497.40ms
step:2299/5100 train_loss:3.5327 train_time:1138542ms step_avg:497.40ms
step:2300/5100 train_loss:3.2871 train_time:1139052ms step_avg:497.40ms
step:2301/5100 train_loss:3.7178 train_time:1139544ms step_avg:497.40ms
step:2302/5100 train_loss:3.3445 train_time:1140039ms step_avg:497.40ms
step:2303/5100 train_loss:3.5066 train_time:1140524ms step_avg:497.39ms
step:2304/5100 train_loss:3.4546 train_time:1141019ms step_avg:497.39ms
step:2305/5100 train_loss:3.4050 train_time:1141509ms step_avg:497.39ms
step:2306/5100 train_loss:3.7193 train_time:1142004ms step_avg:497.39ms
step:2307/5100 train_loss:3.3165 train_time:1142495ms step_avg:497.39ms
step:2308/5100 train_loss:3.5447 train_time:1142988ms step_avg:497.38ms
step:2309/5100 train_loss:3.5162 train_time:1143486ms step_avg:497.38ms
step:2310/5100 train_loss:3.6271 train_time:1143978ms step_avg:497.38ms
step:2311/5100 train_loss:3.3283 train_time:1144474ms step_avg:497.38ms
step:2312/5100 train_loss:3.5235 train_time:1144964ms step_avg:497.38ms
step:2313/5100 train_loss:3.5779 train_time:1145459ms step_avg:497.38ms
step:2314/5100 train_loss:3.5471 train_time:1145959ms step_avg:497.38ms
step:2315/5100 train_loss:3.4003 train_time:1146454ms step_avg:497.38ms
step:2316/5100 train_loss:3.4855 train_time:1146947ms step_avg:497.38ms
step:2317/5100 train_loss:3.3236 train_time:1147441ms step_avg:497.37ms
step:2318/5100 train_loss:3.5174 train_time:1147934ms step_avg:497.37ms
step:2319/5100 train_loss:3.4569 train_time:1148425ms step_avg:497.37ms
step:2320/5100 train_loss:3.1438 train_time:1148919ms step_avg:497.37ms
step:2321/5100 train_loss:3.4333 train_time:1149416ms step_avg:497.37ms
step:2322/5100 train_loss:3.5778 train_time:1149907ms step_avg:497.36ms
step:2323/5100 train_loss:3.4756 train_time:1150401ms step_avg:497.36ms
step:2324/5100 train_loss:3.5094 train_time:1150894ms step_avg:497.36ms
step:2325/5100 train_loss:3.5269 train_time:1151389ms step_avg:497.36ms
step:2326/5100 train_loss:3.6117 train_time:1151888ms step_avg:497.36ms
step:2327/5100 train_loss:3.6087 train_time:1152379ms step_avg:497.36ms
step:2328/5100 train_loss:3.3253 train_time:1152877ms step_avg:497.36ms
step:2329/5100 train_loss:3.4320 train_time:1153365ms step_avg:497.35ms
step:2330/5100 train_loss:3.4194 train_time:1153865ms step_avg:497.36ms
step:2331/5100 train_loss:3.3796 train_time:1154356ms step_avg:497.35ms
step:2332/5100 train_loss:3.1625 train_time:1154851ms step_avg:497.35ms
step:2333/5100 train_loss:3.4731 train_time:1155345ms step_avg:497.35ms
step:2334/5100 train_loss:3.4667 train_time:1155842ms step_avg:497.35ms
step:2335/5100 train_loss:3.5614 train_time:1156332ms step_avg:497.35ms
step:2336/5100 train_loss:3.3551 train_time:1156828ms step_avg:497.35ms
step:2337/5100 train_loss:3.5022 train_time:1157324ms step_avg:497.35ms
step:2338/5100 train_loss:3.4626 train_time:1157816ms step_avg:497.34ms
step:2339/5100 train_loss:3.3913 train_time:1158311ms step_avg:497.34ms
step:2340/5100 train_loss:3.5925 train_time:1158807ms step_avg:497.34ms
step:2341/5100 train_loss:3.4945 train_time:1159315ms step_avg:497.35ms
step:2342/5100 train_loss:3.4555 train_time:1159792ms step_avg:497.34ms
step:2343/5100 train_loss:3.4528 train_time:1160308ms step_avg:497.35ms
step:2344/5100 train_loss:3.5428 train_time:1160798ms step_avg:497.34ms
step:2345/5100 train_loss:3.4548 train_time:1161296ms step_avg:497.34ms
step:2346/5100 train_loss:3.5197 train_time:1161799ms step_avg:497.35ms
step:2347/5100 train_loss:3.5346 train_time:1162296ms step_avg:497.35ms
step:2348/5100 train_loss:3.4834 train_time:1162775ms step_avg:497.34ms
step:2349/5100 train_loss:3.5309 train_time:1163274ms step_avg:497.34ms
step:2350/5100 train_loss:3.3302 train_time:1163761ms step_avg:497.33ms
step:2351/5100 train_loss:3.3019 train_time:1164260ms step_avg:497.33ms
step:2352/5100 train_loss:3.4559 train_time:1164755ms step_avg:497.33ms
step:2353/5100 train_loss:3.4716 train_time:1165250ms step_avg:497.33ms
step:2354/5100 train_loss:3.5603 train_time:1165740ms step_avg:497.33ms
step:2355/5100 train_loss:3.4526 train_time:1166239ms step_avg:497.33ms
step:2356/5100 train_loss:3.3015 train_time:1166713ms step_avg:497.32ms
step:2357/5100 train_loss:3.6162 train_time:1167214ms step_avg:497.32ms
step:2358/5100 train_loss:3.3023 train_time:1167705ms step_avg:497.32ms
step:2359/5100 train_loss:3.3893 train_time:1168204ms step_avg:497.32ms
step:2360/5100 train_loss:3.3263 train_time:1168696ms step_avg:497.32ms
step:2361/5100 train_loss:3.3259 train_time:1169190ms step_avg:497.32ms
step:2362/5100 train_loss:3.4484 train_time:1169682ms step_avg:497.31ms
step:2363/5100 train_loss:3.2945 train_time:1170175ms step_avg:497.31ms
step:2364/5100 train_loss:3.4769 train_time:1170670ms step_avg:497.31ms
step:2365/5100 train_loss:3.4237 train_time:1171165ms step_avg:497.31ms
step:2366/5100 train_loss:3.4865 train_time:1171659ms step_avg:497.31ms
step:2367/5100 train_loss:3.5647 train_time:1172155ms step_avg:497.31ms
step:2368/5100 train_loss:3.4758 train_time:1172702ms step_avg:497.33ms
step:2369/5100 train_loss:3.4840 train_time:1173141ms step_avg:497.30ms
step:2370/5100 train_loss:3.5827 train_time:1173635ms step_avg:497.30ms
step:2371/5100 train_loss:3.4007 train_time:1174129ms step_avg:497.30ms
step:2372/5100 train_loss:3.6288 train_time:1174629ms step_avg:497.30ms
step:2373/5100 train_loss:3.4579 train_time:1175120ms step_avg:497.30ms
step:2374/5100 train_loss:4.1611 train_time:1175615ms step_avg:497.30ms
step:2375/5100 train_loss:3.4204 train_time:1176109ms step_avg:497.30ms
step:2375/5100 val_loss:3.4868 train_time:1176420ms step_avg:497.43ms
step:2376/5100 train_loss:3.3678 train_time:1176610ms step_avg:497.30ms
step:2377/5100 train_loss:3.6898 train_time:1177099ms step_avg:497.30ms
step:2378/5100 train_loss:3.5818 train_time:1177601ms step_avg:497.30ms
step:2379/5100 train_loss:3.6077 train_time:1178098ms step_avg:497.30ms
step:2380/5100 train_loss:3.5164 train_time:1178587ms step_avg:497.29ms
step:2381/5100 train_loss:3.3916 train_time:1179080ms step_avg:497.29ms
step:2382/5100 train_loss:3.5500 train_time:1179575ms step_avg:497.29ms
step:2383/5100 train_loss:3.5762 train_time:1180069ms step_avg:497.29ms
step:2384/5100 train_loss:3.4159 train_time:1180565ms step_avg:497.29ms
step:2385/5100 train_loss:3.3584 train_time:1181058ms step_avg:497.29ms
step:2386/5100 train_loss:3.5408 train_time:1181557ms step_avg:497.29ms
step:2387/5100 train_loss:3.5435 train_time:1182047ms step_avg:497.29ms
step:2388/5100 train_loss:3.5987 train_time:1182541ms step_avg:497.28ms
step:2389/5100 train_loss:3.5082 train_time:1183035ms step_avg:497.28ms
step:2390/5100 train_loss:3.5897 train_time:1183530ms step_avg:497.28ms
step:2391/5100 train_loss:3.4023 train_time:1184026ms step_avg:497.28ms
step:2392/5100 train_loss:3.3735 train_time:1184521ms step_avg:497.28ms
step:2393/5100 train_loss:3.6170 train_time:1185011ms step_avg:497.28ms
step:2394/5100 train_loss:3.3906 train_time:1185508ms step_avg:497.28ms
step:2395/5100 train_loss:3.6015 train_time:1186003ms step_avg:497.28ms
step:2396/5100 train_loss:3.6519 train_time:1186494ms step_avg:497.27ms
step:2397/5100 train_loss:3.8299 train_time:1186988ms step_avg:497.27ms
step:2398/5100 train_loss:3.7622 train_time:1187481ms step_avg:497.27ms
step:2399/5100 train_loss:3.5463 train_time:1187977ms step_avg:497.27ms
step:2400/5100 train_loss:3.3802 train_time:1188473ms step_avg:497.27ms
step:2401/5100 train_loss:3.4139 train_time:1188986ms step_avg:497.28ms
step:2402/5100 train_loss:3.5804 train_time:1189482ms step_avg:497.28ms
step:2403/5100 train_loss:3.3928 train_time:1189972ms step_avg:497.27ms
step:2404/5100 train_loss:3.4732 train_time:1190468ms step_avg:497.27ms
step:2405/5100 train_loss:3.7764 train_time:1190964ms step_avg:497.27ms
step:2406/5100 train_loss:3.4217 train_time:1191466ms step_avg:497.27ms
step:2407/5100 train_loss:3.5751 train_time:1191962ms step_avg:497.27ms
step:2408/5100 train_loss:3.4531 train_time:1192457ms step_avg:497.27ms
step:2409/5100 train_loss:3.5012 train_time:1192940ms step_avg:497.27ms
step:2410/5100 train_loss:3.5819 train_time:1193441ms step_avg:497.27ms
step:2411/5100 train_loss:3.4165 train_time:1193929ms step_avg:497.26ms
step:2412/5100 train_loss:3.5954 train_time:1194422ms step_avg:497.26ms
step:2413/5100 train_loss:3.5758 train_time:1194917ms step_avg:497.26ms
step:2414/5100 train_loss:3.4394 train_time:1195409ms step_avg:497.26ms
step:2415/5100 train_loss:3.4170 train_time:1195903ms step_avg:497.26ms
step:2416/5100 train_loss:3.5696 train_time:1196404ms step_avg:497.26ms
step:2417/5100 train_loss:3.3794 train_time:1196893ms step_avg:497.26ms
step:2418/5100 train_loss:3.3087 train_time:1197390ms step_avg:497.25ms
step:2419/5100 train_loss:3.6432 train_time:1197883ms step_avg:497.25ms
step:2420/5100 train_loss:3.4732 train_time:1198379ms step_avg:497.25ms
step:2421/5100 train_loss:3.4730 train_time:1198877ms step_avg:497.25ms
step:2422/5100 train_loss:3.4917 train_time:1199373ms step_avg:497.25ms
step:2423/5100 train_loss:3.6940 train_time:1199863ms step_avg:497.25ms
step:2424/5100 train_loss:3.4918 train_time:1200365ms step_avg:497.25ms
step:2425/5100 train_loss:3.7289 train_time:1200858ms step_avg:497.25ms
step:2426/5100 train_loss:3.6006 train_time:1201359ms step_avg:497.25ms
step:2427/5100 train_loss:3.4790 train_time:1201838ms step_avg:497.24ms
step:2428/5100 train_loss:3.5161 train_time:1202332ms step_avg:497.24ms
step:2429/5100 train_loss:3.4962 train_time:1202837ms step_avg:497.25ms
step:2430/5100 train_loss:3.5063 train_time:1203319ms step_avg:497.24ms
step:2431/5100 train_loss:3.4741 train_time:1203817ms step_avg:497.24ms
step:2432/5100 train_loss:3.4730 train_time:1204295ms step_avg:497.23ms
step:2433/5100 train_loss:3.5213 train_time:1204785ms step_avg:497.23ms
step:2434/5100 train_loss:3.3510 train_time:1205281ms step_avg:497.23ms
step:2435/5100 train_loss:3.3079 train_time:1205774ms step_avg:497.23ms
step:2436/5100 train_loss:3.5189 train_time:1206268ms step_avg:497.22ms
step:2437/5100 train_loss:3.2951 train_time:1206769ms step_avg:497.23ms
step:2438/5100 train_loss:3.4606 train_time:1207261ms step_avg:497.22ms
step:2439/5100 train_loss:3.5594 train_time:1207763ms step_avg:497.23ms
step:2440/5100 train_loss:3.5767 train_time:1208250ms step_avg:497.22ms
step:2441/5100 train_loss:3.4643 train_time:1208745ms step_avg:497.22ms
step:2442/5100 train_loss:3.4357 train_time:1209249ms step_avg:497.22ms
step:2443/5100 train_loss:3.5737 train_time:1209733ms step_avg:497.22ms
step:2444/5100 train_loss:3.3570 train_time:1210237ms step_avg:497.22ms
step:2445/5100 train_loss:3.4504 train_time:1210728ms step_avg:497.22ms
step:2446/5100 train_loss:3.4680 train_time:1211223ms step_avg:497.22ms
step:2447/5100 train_loss:3.4517 train_time:1211717ms step_avg:497.22ms
step:2448/5100 train_loss:3.4552 train_time:1212207ms step_avg:497.21ms
step:2449/5100 train_loss:3.7551 train_time:1212705ms step_avg:497.21ms
step:2450/5100 train_loss:3.5033 train_time:1213194ms step_avg:497.21ms
step:2451/5100 train_loss:3.4233 train_time:1213693ms step_avg:497.21ms
step:2452/5100 train_loss:3.3839 train_time:1214182ms step_avg:497.21ms
step:2453/5100 train_loss:3.7586 train_time:1214690ms step_avg:497.21ms
step:2454/5100 train_loss:3.4293 train_time:1215184ms step_avg:497.21ms
step:2455/5100 train_loss:3.6081 train_time:1215675ms step_avg:497.21ms
step:2456/5100 train_loss:3.5492 train_time:1216171ms step_avg:497.21ms
step:2457/5100 train_loss:3.4737 train_time:1216674ms step_avg:497.21ms
step:2458/5100 train_loss:3.2770 train_time:1217163ms step_avg:497.21ms
step:2459/5100 train_loss:3.4618 train_time:1217654ms step_avg:497.20ms
step:2460/5100 train_loss:3.4494 train_time:1218147ms step_avg:497.20ms
step:2461/5100 train_loss:3.5551 train_time:1218648ms step_avg:497.20ms
step:2462/5100 train_loss:3.3563 train_time:1219137ms step_avg:497.20ms
step:2463/5100 train_loss:3.7086 train_time:1219634ms step_avg:497.20ms
step:2464/5100 train_loss:3.4891 train_time:1220128ms step_avg:497.20ms
step:2465/5100 train_loss:3.5988 train_time:1220622ms step_avg:497.20ms
step:2466/5100 train_loss:3.6807 train_time:1221114ms step_avg:497.20ms
step:2467/5100 train_loss:3.4762 train_time:1221607ms step_avg:497.19ms
step:2468/5100 train_loss:3.4102 train_time:1222101ms step_avg:497.19ms
step:2469/5100 train_loss:3.4914 train_time:1222593ms step_avg:497.19ms
step:2470/5100 train_loss:3.5052 train_time:1223582ms step_avg:497.39ms
step:2471/5100 train_loss:3.4749 train_time:1224080ms step_avg:497.39ms
step:2472/5100 train_loss:3.4543 train_time:1224571ms step_avg:497.39ms
step:2473/5100 train_loss:3.5035 train_time:1225069ms step_avg:497.39ms
step:2474/5100 train_loss:3.5903 train_time:1225561ms step_avg:497.39ms
step:2475/5100 train_loss:4.0249 train_time:1226055ms step_avg:497.39ms
step:2476/5100 train_loss:3.3780 train_time:1226545ms step_avg:497.38ms
step:2477/5100 train_loss:3.6947 train_time:1227041ms step_avg:497.38ms
step:2478/5100 train_loss:3.6474 train_time:1227535ms step_avg:497.38ms
step:2479/5100 train_loss:3.3322 train_time:1228034ms step_avg:497.38ms
step:2480/5100 train_loss:3.2971 train_time:1228525ms step_avg:497.38ms
step:2481/5100 train_loss:3.5250 train_time:1229018ms step_avg:497.38ms
step:2482/5100 train_loss:3.4733 train_time:1229512ms step_avg:497.38ms
step:2483/5100 train_loss:3.3762 train_time:1230011ms step_avg:497.38ms
step:2484/5100 train_loss:3.4572 train_time:1230502ms step_avg:497.37ms
step:2485/5100 train_loss:3.5227 train_time:1230993ms step_avg:497.37ms
step:2486/5100 train_loss:3.2170 train_time:1231493ms step_avg:497.37ms
step:2487/5100 train_loss:3.5681 train_time:1231982ms step_avg:497.37ms
step:2488/5100 train_loss:3.3833 train_time:1232488ms step_avg:497.37ms
step:2489/5100 train_loss:3.3578 train_time:1232978ms step_avg:497.37ms
step:2490/5100 train_loss:3.5152 train_time:1233481ms step_avg:497.37ms
step:2491/5100 train_loss:3.5572 train_time:1233964ms step_avg:497.37ms
step:2492/5100 train_loss:3.7984 train_time:1234455ms step_avg:497.36ms
step:2493/5100 train_loss:3.4971 train_time:1234947ms step_avg:497.36ms
step:2494/5100 train_loss:3.3638 train_time:1235443ms step_avg:497.36ms
step:2495/5100 train_loss:3.6075 train_time:1235956ms step_avg:497.37ms
step:2496/5100 train_loss:3.6152 train_time:1236436ms step_avg:497.36ms
step:2497/5100 train_loss:3.4294 train_time:1236938ms step_avg:497.36ms
step:2498/5100 train_loss:3.4953 train_time:1237418ms step_avg:497.35ms
step:2499/5100 train_loss:3.5250 train_time:1237926ms step_avg:497.36ms
step:2500/5100 train_loss:3.5940 train_time:1238408ms step_avg:497.35ms
step:2500/5100 val_loss:3.4771 train_time:1238717ms step_avg:497.48ms
step:2501/5100 train_loss:3.6300 train_time:1238911ms step_avg:497.35ms
step:2502/5100 train_loss:3.5680 train_time:1239402ms step_avg:497.35ms
step:2503/5100 train_loss:3.5942 train_time:1239897ms step_avg:497.35ms
step:2504/5100 train_loss:3.3452 train_time:1240390ms step_avg:497.35ms
step:2505/5100 train_loss:3.5931 train_time:1240884ms step_avg:497.35ms
step:2506/5100 train_loss:3.5375 train_time:1241375ms step_avg:497.35ms
step:2507/5100 train_loss:3.4148 train_time:1241868ms step_avg:497.34ms
step:2508/5100 train_loss:3.3609 train_time:1242364ms step_avg:497.34ms
step:2509/5100 train_loss:3.4854 train_time:1242856ms step_avg:497.34ms
step:2510/5100 train_loss:3.5372 train_time:1243350ms step_avg:497.34ms
step:2511/5100 train_loss:3.4483 train_time:1243844ms step_avg:497.34ms
step:2512/5100 train_loss:3.5920 train_time:1244338ms step_avg:497.34ms
step:2513/5100 train_loss:3.5277 train_time:1244833ms step_avg:497.34ms
step:2514/5100 train_loss:3.4998 train_time:1245326ms step_avg:497.33ms
step:2515/5100 train_loss:3.5097 train_time:1245821ms step_avg:497.33ms
step:2516/5100 train_loss:3.5234 train_time:1246319ms step_avg:497.33ms
step:2517/5100 train_loss:3.4873 train_time:1246809ms step_avg:497.33ms
step:2518/5100 train_loss:3.3407 train_time:1247303ms step_avg:497.33ms
step:2519/5100 train_loss:3.4606 train_time:1247796ms step_avg:497.33ms
step:2520/5100 train_loss:3.5232 train_time:1248289ms step_avg:497.33ms
step:2521/5100 train_loss:3.5820 train_time:1248783ms step_avg:497.33ms
step:2522/5100 train_loss:3.4373 train_time:1249285ms step_avg:497.33ms
step:2523/5100 train_loss:3.2459 train_time:1249774ms step_avg:497.32ms
step:2524/5100 train_loss:3.4715 train_time:1250270ms step_avg:497.32ms
step:2525/5100 train_loss:3.3503 train_time:1250768ms step_avg:497.32ms
step:2526/5100 train_loss:3.6169 train_time:1251260ms step_avg:497.32ms
step:2527/5100 train_loss:3.3908 train_time:1251755ms step_avg:497.32ms
step:2528/5100 train_loss:3.5033 train_time:1252246ms step_avg:497.32ms
step:2529/5100 train_loss:3.4110 train_time:1252747ms step_avg:497.32ms
step:2530/5100 train_loss:3.5431 train_time:1253243ms step_avg:497.32ms
step:2531/5100 train_loss:3.5585 train_time:1253735ms step_avg:497.32ms
step:2532/5100 train_loss:3.3980 train_time:1254225ms step_avg:497.31ms
step:2533/5100 train_loss:3.5783 train_time:1254727ms step_avg:497.32ms
step:2534/5100 train_loss:3.4416 train_time:1255220ms step_avg:497.31ms
step:2535/5100 train_loss:3.3771 train_time:1255710ms step_avg:497.31ms
step:2536/5100 train_loss:3.5379 train_time:1256210ms step_avg:497.31ms
step:2537/5100 train_loss:3.5356 train_time:1256706ms step_avg:497.31ms
step:2538/5100 train_loss:3.3618 train_time:1257202ms step_avg:497.31ms
step:2539/5100 train_loss:3.7948 train_time:1257689ms step_avg:497.31ms
step:2540/5100 train_loss:3.4674 train_time:1258187ms step_avg:497.31ms
step:2541/5100 train_loss:3.4296 train_time:1258678ms step_avg:497.30ms
step:2542/5100 train_loss:3.5048 train_time:1259174ms step_avg:497.30ms
step:2543/5100 train_loss:3.9357 train_time:1259675ms step_avg:497.31ms
step:2544/5100 train_loss:3.4898 train_time:1260167ms step_avg:497.30ms
step:2545/5100 train_loss:3.6708 train_time:1260664ms step_avg:497.30ms
step:2546/5100 train_loss:3.4171 train_time:1261151ms step_avg:497.30ms
step:2547/5100 train_loss:3.4361 train_time:1261644ms step_avg:497.30ms
step:2548/5100 train_loss:3.3807 train_time:1262138ms step_avg:497.30ms
step:2549/5100 train_loss:3.5950 train_time:1262631ms step_avg:497.29ms
step:2550/5100 train_loss:3.4493 train_time:1263125ms step_avg:497.29ms
step:2551/5100 train_loss:3.4002 train_time:1263622ms step_avg:497.29ms
step:2552/5100 train_loss:3.4915 train_time:1264114ms step_avg:497.29ms
step:2553/5100 train_loss:3.4966 train_time:1264606ms step_avg:497.29ms
step:2554/5100 train_loss:3.4647 train_time:1265108ms step_avg:497.29ms
step:2555/5100 train_loss:3.7126 train_time:1265600ms step_avg:497.29ms
step:2556/5100 train_loss:3.5477 train_time:1266099ms step_avg:497.29ms
step:2557/5100 train_loss:3.5656 train_time:1266590ms step_avg:497.29ms
step:2558/5100 train_loss:3.5241 train_time:1267078ms step_avg:497.28ms
step:2559/5100 train_loss:3.4370 train_time:1267572ms step_avg:497.28ms
step:2560/5100 train_loss:3.6005 train_time:1268068ms step_avg:497.28ms
step:2561/5100 train_loss:3.4968 train_time:1268564ms step_avg:497.28ms
step:2562/5100 train_loss:3.4714 train_time:1269054ms step_avg:497.28ms
step:2563/5100 train_loss:3.4829 train_time:1269547ms step_avg:497.28ms
step:2564/5100 train_loss:3.5156 train_time:1270040ms step_avg:497.27ms
step:2565/5100 train_loss:3.4150 train_time:1270544ms step_avg:497.28ms
step:2566/5100 train_loss:3.4807 train_time:1271032ms step_avg:497.27ms
step:2567/5100 train_loss:3.4716 train_time:1271526ms step_avg:497.27ms
step:2568/5100 train_loss:3.4199 train_time:1272023ms step_avg:497.27ms
step:2569/5100 train_loss:3.6901 train_time:1272523ms step_avg:497.27ms
step:2570/5100 train_loss:3.5877 train_time:1273017ms step_avg:497.27ms
step:2571/5100 train_loss:3.6397 train_time:1273508ms step_avg:497.27ms
step:2572/5100 train_loss:3.2933 train_time:1273999ms step_avg:497.27ms
step:2573/5100 train_loss:3.4378 train_time:1274496ms step_avg:497.27ms
step:2574/5100 train_loss:3.0101 train_time:1274990ms step_avg:497.27ms
step:2575/5100 train_loss:3.3974 train_time:1275484ms step_avg:497.26ms
step:2576/5100 train_loss:3.1281 train_time:1275978ms step_avg:497.26ms
step:2577/5100 train_loss:3.4290 train_time:1276472ms step_avg:497.26ms
step:2578/5100 train_loss:3.4973 train_time:1276973ms step_avg:497.26ms
step:2579/5100 train_loss:3.3637 train_time:1277459ms step_avg:497.26ms
step:2580/5100 train_loss:3.4817 train_time:1277955ms step_avg:497.26ms
step:2581/5100 train_loss:3.4910 train_time:1278448ms step_avg:497.26ms
step:2582/5100 train_loss:3.5891 train_time:1278948ms step_avg:497.26ms
step:2583/5100 train_loss:3.4129 train_time:1279441ms step_avg:497.26ms
step:2584/5100 train_loss:3.6595 train_time:1279931ms step_avg:497.25ms
step:2585/5100 train_loss:3.5222 train_time:1280424ms step_avg:497.25ms
step:2586/5100 train_loss:3.7359 train_time:1280918ms step_avg:497.25ms
step:2587/5100 train_loss:3.6484 train_time:1281416ms step_avg:497.25ms
step:2588/5100 train_loss:3.3227 train_time:1281913ms step_avg:497.25ms
step:2589/5100 train_loss:3.4471 train_time:1282410ms step_avg:497.25ms
step:2590/5100 train_loss:3.5652 train_time:1282901ms step_avg:497.25ms
step:2591/5100 train_loss:3.3888 train_time:1283396ms step_avg:497.25ms
step:2592/5100 train_loss:3.8551 train_time:1283891ms step_avg:497.25ms
step:2593/5100 train_loss:3.5648 train_time:1284385ms step_avg:497.25ms
step:2594/5100 train_loss:3.4495 train_time:1284883ms step_avg:497.25ms
step:2595/5100 train_loss:3.4678 train_time:1285378ms step_avg:497.24ms
step:2596/5100 train_loss:3.8553 train_time:1285871ms step_avg:497.24ms
step:2597/5100 train_loss:3.5581 train_time:1286369ms step_avg:497.24ms
step:2598/5100 train_loss:3.4416 train_time:1286863ms step_avg:497.24ms
step:2599/5100 train_loss:3.4024 train_time:1287357ms step_avg:497.24ms
step:2600/5100 train_loss:3.6057 train_time:1287851ms step_avg:497.24ms
step:2601/5100 train_loss:3.9570 train_time:1288344ms step_avg:497.24ms
step:2602/5100 train_loss:3.0482 train_time:1288835ms step_avg:497.24ms
step:2603/5100 train_loss:3.4346 train_time:1289332ms step_avg:497.24ms
step:2604/5100 train_loss:3.3835 train_time:1289830ms step_avg:497.24ms
step:2605/5100 train_loss:3.6316 train_time:1290325ms step_avg:497.24ms
step:2606/5100 train_loss:3.4921 train_time:1290817ms step_avg:497.23ms
step:2607/5100 train_loss:3.5297 train_time:1291307ms step_avg:497.23ms
step:2608/5100 train_loss:3.3919 train_time:1291801ms step_avg:497.23ms
step:2609/5100 train_loss:3.3820 train_time:1292296ms step_avg:497.23ms
step:2610/5100 train_loss:3.5921 train_time:1292794ms step_avg:497.23ms
step:2611/5100 train_loss:3.5706 train_time:1293287ms step_avg:497.23ms
step:2612/5100 train_loss:3.1988 train_time:1293787ms step_avg:497.23ms
step:2613/5100 train_loss:3.5969 train_time:1294270ms step_avg:497.22ms
step:2614/5100 train_loss:3.5440 train_time:1294768ms step_avg:497.22ms
step:2615/5100 train_loss:3.4285 train_time:1295258ms step_avg:497.22ms
step:2616/5100 train_loss:3.5857 train_time:1295754ms step_avg:497.22ms
step:2617/5100 train_loss:3.4449 train_time:1296249ms step_avg:497.22ms
step:2618/5100 train_loss:3.5388 train_time:1296740ms step_avg:497.22ms
step:2619/5100 train_loss:3.3103 train_time:1297233ms step_avg:497.21ms
step:2620/5100 train_loss:3.6417 train_time:1297733ms step_avg:497.22ms
step:2621/5100 train_loss:3.6045 train_time:1298228ms step_avg:497.21ms
step:2622/5100 train_loss:3.7099 train_time:1298720ms step_avg:497.21ms
step:2623/5100 train_loss:3.6543 train_time:1299214ms step_avg:497.21ms
step:2624/5100 train_loss:3.4791 train_time:1299707ms step_avg:497.21ms
step:2625/5100 train_loss:3.6476 train_time:1300202ms step_avg:497.21ms
step:2625/5100 val_loss:3.4674 train_time:1300509ms step_avg:497.33ms
step:2626/5100 train_loss:3.4369 train_time:1300694ms step_avg:497.21ms
step:2627/5100 train_loss:3.5194 train_time:1301184ms step_avg:497.20ms
step:2628/5100 train_loss:3.4650 train_time:1301689ms step_avg:497.21ms
step:2629/5100 train_loss:3.4328 train_time:1302183ms step_avg:497.21ms
step:2630/5100 train_loss:3.6622 train_time:1302679ms step_avg:497.21ms
step:2631/5100 train_loss:3.5837 train_time:1303176ms step_avg:497.21ms
step:2632/5100 train_loss:3.8418 train_time:1303692ms step_avg:497.21ms
step:2633/5100 train_loss:3.5005 train_time:1304170ms step_avg:497.21ms
step:2634/5100 train_loss:3.4893 train_time:1304662ms step_avg:497.20ms
step:2635/5100 train_loss:3.3616 train_time:1305200ms step_avg:497.22ms
step:2636/5100 train_loss:3.5331 train_time:1305645ms step_avg:497.20ms
step:2637/5100 train_loss:3.0989 train_time:1306140ms step_avg:497.20ms
step:2638/5100 train_loss:3.5528 train_time:1306633ms step_avg:497.20ms
step:2639/5100 train_loss:3.4833 train_time:1307127ms step_avg:497.20ms
step:2640/5100 train_loss:3.1834 train_time:1307627ms step_avg:497.20ms
step:2641/5100 train_loss:3.4472 train_time:1308122ms step_avg:497.20ms
step:2642/5100 train_loss:3.5279 train_time:1308616ms step_avg:497.19ms
step:2643/5100 train_loss:3.3139 train_time:1309112ms step_avg:497.19ms
step:2644/5100 train_loss:3.4113 train_time:1309599ms step_avg:497.19ms
step:2645/5100 train_loss:3.5648 train_time:1310093ms step_avg:497.19ms
step:2646/5100 train_loss:3.4038 train_time:1310595ms step_avg:497.19ms
step:2647/5100 train_loss:3.4340 train_time:1311096ms step_avg:497.19ms
step:2648/5100 train_loss:3.7198 train_time:1311592ms step_avg:497.19ms
step:2649/5100 train_loss:3.5730 train_time:1312083ms step_avg:497.19ms
step:2650/5100 train_loss:3.4216 train_time:1312574ms step_avg:497.19ms
step:2651/5100 train_loss:3.4021 train_time:1313062ms step_avg:497.18ms
step:2652/5100 train_loss:3.5362 train_time:1313563ms step_avg:497.19ms
step:2653/5100 train_loss:3.4310 train_time:1314055ms step_avg:497.18ms
step:2654/5100 train_loss:3.2942 train_time:1314551ms step_avg:497.18ms
step:2655/5100 train_loss:3.4665 train_time:1315046ms step_avg:497.18ms
step:2656/5100 train_loss:3.3130 train_time:1315534ms step_avg:497.18ms
step:2657/5100 train_loss:3.5172 train_time:1316043ms step_avg:497.18ms
step:2658/5100 train_loss:3.3529 train_time:1316529ms step_avg:497.18ms
step:2659/5100 train_loss:3.4088 train_time:1317017ms step_avg:497.17ms
step:2660/5100 train_loss:3.5575 train_time:1318066ms step_avg:497.38ms
step:2661/5100 train_loss:3.4952 train_time:1318575ms step_avg:497.39ms
step:2662/5100 train_loss:3.4359 train_time:1319059ms step_avg:497.38ms
step:2663/5100 train_loss:3.5769 train_time:1319554ms step_avg:497.38ms
step:2664/5100 train_loss:3.4801 train_time:1320045ms step_avg:497.38ms
step:2665/5100 train_loss:3.3901 train_time:1320545ms step_avg:497.38ms
step:2666/5100 train_loss:3.4590 train_time:1321041ms step_avg:497.38ms
step:2667/5100 train_loss:3.3986 train_time:1321527ms step_avg:497.38ms
step:2668/5100 train_loss:3.5683 train_time:1322039ms step_avg:497.38ms
step:2669/5100 train_loss:3.3857 train_time:1322526ms step_avg:497.38ms
step:2670/5100 train_loss:3.5673 train_time:1323018ms step_avg:497.38ms
step:2671/5100 train_loss:3.3221 train_time:1323509ms step_avg:497.37ms
step:2672/5100 train_loss:3.3734 train_time:1324005ms step_avg:497.37ms
step:2673/5100 train_loss:3.4230 train_time:1324498ms step_avg:497.37ms
step:2674/5100 train_loss:3.5133 train_time:1324991ms step_avg:497.37ms
step:2675/5100 train_loss:3.4318 train_time:1325482ms step_avg:497.37ms
step:2676/5100 train_loss:3.4636 train_time:1325986ms step_avg:497.37ms
step:2677/5100 train_loss:3.4047 train_time:1326476ms step_avg:497.37ms
step:2678/5100 train_loss:3.5191 train_time:1326968ms step_avg:497.36ms
step:2679/5100 train_loss:3.5573 train_time:1327469ms step_avg:497.37ms
step:2680/5100 train_loss:3.3507 train_time:1327961ms step_avg:497.36ms
step:2681/5100 train_loss:3.2979 train_time:1328450ms step_avg:497.36ms
step:2682/5100 train_loss:3.3278 train_time:1328945ms step_avg:497.36ms
step:2683/5100 train_loss:3.4354 train_time:1329447ms step_avg:497.36ms
step:2684/5100 train_loss:3.5464 train_time:1329936ms step_avg:497.36ms
step:2685/5100 train_loss:3.6127 train_time:1330430ms step_avg:497.36ms
step:2686/5100 train_loss:3.4833 train_time:1330923ms step_avg:497.36ms
step:2687/5100 train_loss:3.4326 train_time:1331420ms step_avg:497.36ms
step:2688/5100 train_loss:3.7885 train_time:1331915ms step_avg:497.35ms
step:2689/5100 train_loss:3.4821 train_time:1332412ms step_avg:497.35ms
step:2690/5100 train_loss:3.4470 train_time:1332901ms step_avg:497.35ms
step:2691/5100 train_loss:3.3818 train_time:1333394ms step_avg:497.35ms
step:2692/5100 train_loss:3.4748 train_time:1333888ms step_avg:497.35ms
step:2693/5100 train_loss:3.3094 train_time:1334383ms step_avg:497.35ms
step:2694/5100 train_loss:3.9379 train_time:1334884ms step_avg:497.35ms
step:2695/5100 train_loss:3.5289 train_time:1335376ms step_avg:497.35ms
step:2696/5100 train_loss:3.4451 train_time:1335870ms step_avg:497.35ms
step:2697/5100 train_loss:3.5081 train_time:1336364ms step_avg:497.34ms
step:2698/5100 train_loss:3.4155 train_time:1336863ms step_avg:497.35ms
step:2699/5100 train_loss:3.5619 train_time:1337352ms step_avg:497.34ms
step:2700/5100 train_loss:3.6613 train_time:1337847ms step_avg:497.34ms
step:2701/5100 train_loss:3.4409 train_time:1338343ms step_avg:497.34ms
step:2702/5100 train_loss:3.3798 train_time:1338841ms step_avg:497.34ms
step:2703/5100 train_loss:3.3495 train_time:1339329ms step_avg:497.34ms
step:2704/5100 train_loss:3.3839 train_time:1339824ms step_avg:497.34ms
step:2705/5100 train_loss:3.3885 train_time:1340321ms step_avg:497.34ms
step:2706/5100 train_loss:3.6688 train_time:1340816ms step_avg:497.34ms
step:2707/5100 train_loss:3.5064 train_time:1341309ms step_avg:497.33ms
step:2708/5100 train_loss:3.5103 train_time:1341805ms step_avg:497.33ms
step:2709/5100 train_loss:3.5451 train_time:1342296ms step_avg:497.33ms
step:2710/5100 train_loss:3.6380 train_time:1342797ms step_avg:497.33ms
step:2711/5100 train_loss:3.4810 train_time:1343285ms step_avg:497.33ms
step:2712/5100 train_loss:3.5032 train_time:1343781ms step_avg:497.33ms
step:2713/5100 train_loss:3.2891 train_time:1344277ms step_avg:497.33ms
step:2714/5100 train_loss:3.5863 train_time:1344769ms step_avg:497.33ms
step:2715/5100 train_loss:3.3090 train_time:1345264ms step_avg:497.32ms
step:2716/5100 train_loss:3.2896 train_time:1345757ms step_avg:497.32ms
step:2717/5100 train_loss:3.6965 train_time:1346251ms step_avg:497.32ms
step:2718/5100 train_loss:3.4254 train_time:1346750ms step_avg:497.32ms
step:2719/5100 train_loss:3.4696 train_time:1347243ms step_avg:497.32ms
step:2720/5100 train_loss:3.3220 train_time:1347738ms step_avg:497.32ms
step:2721/5100 train_loss:3.5397 train_time:1348232ms step_avg:497.32ms
step:2722/5100 train_loss:3.6612 train_time:1348725ms step_avg:497.32ms
step:2723/5100 train_loss:3.3701 train_time:1349227ms step_avg:497.32ms
step:2724/5100 train_loss:3.4474 train_time:1349724ms step_avg:497.32ms
step:2725/5100 train_loss:3.5658 train_time:1350219ms step_avg:497.32ms
step:2726/5100 train_loss:3.4240 train_time:1350715ms step_avg:497.32ms
step:2727/5100 train_loss:3.4679 train_time:1351199ms step_avg:497.31ms
step:2728/5100 train_loss:3.6411 train_time:1351693ms step_avg:497.31ms
step:2729/5100 train_loss:3.5575 train_time:1352197ms step_avg:497.31ms
step:2730/5100 train_loss:3.3707 train_time:1352694ms step_avg:497.31ms
step:2731/5100 train_loss:3.4351 train_time:1353176ms step_avg:497.31ms
step:2732/5100 train_loss:3.3472 train_time:1353671ms step_avg:497.31ms
step:2733/5100 train_loss:3.3698 train_time:1354167ms step_avg:497.31ms
step:2734/5100 train_loss:3.3759 train_time:1354660ms step_avg:497.31ms
step:2735/5100 train_loss:3.4016 train_time:1355153ms step_avg:497.30ms
step:2736/5100 train_loss:3.2599 train_time:1355648ms step_avg:497.30ms
step:2737/5100 train_loss:3.5082 train_time:1356149ms step_avg:497.30ms
step:2738/5100 train_loss:3.4302 train_time:1356635ms step_avg:497.30ms
step:2739/5100 train_loss:3.7813 train_time:1357135ms step_avg:497.30ms
step:2740/5100 train_loss:3.4966 train_time:1357634ms step_avg:497.30ms
step:2741/5100 train_loss:3.4651 train_time:1358125ms step_avg:497.30ms
step:2742/5100 train_loss:3.4051 train_time:1358614ms step_avg:497.30ms
step:2743/5100 train_loss:3.4345 train_time:1359107ms step_avg:497.29ms
step:2744/5100 train_loss:3.3756 train_time:1359602ms step_avg:497.29ms
step:2745/5100 train_loss:3.4307 train_time:1360095ms step_avg:497.29ms
step:2746/5100 train_loss:3.2694 train_time:1360590ms step_avg:497.29ms
step:2747/5100 train_loss:3.3664 train_time:1361083ms step_avg:497.29ms
step:2748/5100 train_loss:3.5152 train_time:1361583ms step_avg:497.29ms
step:2749/5100 train_loss:3.4857 train_time:1362076ms step_avg:497.29ms
step:2750/5100 train_loss:3.5530 train_time:1362569ms step_avg:497.29ms
step:2750/5100 val_loss:3.4603 train_time:1362879ms step_avg:497.40ms
step:2751/5100 train_loss:3.5598 train_time:1363071ms step_avg:497.29ms
step:2752/5100 train_loss:3.5466 train_time:1363562ms step_avg:497.29ms
step:2753/5100 train_loss:3.6109 train_time:1364058ms step_avg:497.29ms
step:2754/5100 train_loss:3.3749 train_time:1364543ms step_avg:497.28ms
step:2755/5100 train_loss:3.4388 train_time:1365035ms step_avg:497.28ms
step:2756/5100 train_loss:3.5657 train_time:1365531ms step_avg:497.28ms
step:2757/5100 train_loss:3.4756 train_time:1366023ms step_avg:497.28ms
step:2758/5100 train_loss:3.1027 train_time:1366524ms step_avg:497.28ms
step:2759/5100 train_loss:3.4462 train_time:1367017ms step_avg:497.28ms
step:2760/5100 train_loss:3.4759 train_time:1367509ms step_avg:497.28ms
step:2761/5100 train_loss:3.5382 train_time:1368003ms step_avg:497.27ms
step:2762/5100 train_loss:3.4910 train_time:1368500ms step_avg:497.27ms
step:2763/5100 train_loss:3.3736 train_time:1368991ms step_avg:497.27ms
step:2764/5100 train_loss:3.4509 train_time:1369486ms step_avg:497.27ms
step:2765/5100 train_loss:3.4968 train_time:1369990ms step_avg:497.27ms
step:2766/5100 train_loss:3.2755 train_time:1370475ms step_avg:497.27ms
step:2767/5100 train_loss:3.4633 train_time:1370968ms step_avg:497.27ms
step:2768/5100 train_loss:3.5774 train_time:1371462ms step_avg:497.27ms
step:2769/5100 train_loss:3.3222 train_time:1371961ms step_avg:497.27ms
step:2770/5100 train_loss:3.5520 train_time:1372486ms step_avg:497.28ms
step:2771/5100 train_loss:3.5613 train_time:1372945ms step_avg:497.26ms
step:2772/5100 train_loss:3.4221 train_time:1373437ms step_avg:497.26ms
step:2773/5100 train_loss:3.2519 train_time:1373932ms step_avg:497.26ms
step:2774/5100 train_loss:3.4077 train_time:1374425ms step_avg:497.26ms
step:2775/5100 train_loss:3.6520 train_time:1374922ms step_avg:497.26ms
step:2776/5100 train_loss:3.4636 train_time:1375415ms step_avg:497.26ms
step:2777/5100 train_loss:3.6022 train_time:1375907ms step_avg:497.26ms
step:2778/5100 train_loss:3.4831 train_time:1376399ms step_avg:497.25ms
step:2779/5100 train_loss:3.3646 train_time:1376894ms step_avg:497.25ms
step:2780/5100 train_loss:3.3126 train_time:1377394ms step_avg:497.25ms
step:2781/5100 train_loss:3.4032 train_time:1377884ms step_avg:497.25ms
step:2782/5100 train_loss:3.4597 train_time:1378381ms step_avg:497.25ms
step:2783/5100 train_loss:3.4756 train_time:1378880ms step_avg:497.25ms
step:2784/5100 train_loss:3.4897 train_time:1379369ms step_avg:497.25ms
step:2785/5100 train_loss:3.4630 train_time:1379872ms step_avg:497.25ms
step:2786/5100 train_loss:3.4417 train_time:1380364ms step_avg:497.25ms
step:2787/5100 train_loss:3.3736 train_time:1380856ms step_avg:497.25ms
step:2788/5100 train_loss:3.5744 train_time:1381349ms step_avg:497.25ms
step:2789/5100 train_loss:3.4922 train_time:1381848ms step_avg:497.25ms
step:2790/5100 train_loss:3.4334 train_time:1382342ms step_avg:497.25ms
step:2791/5100 train_loss:3.4441 train_time:1382838ms step_avg:497.25ms
step:2792/5100 train_loss:3.3698 train_time:1383328ms step_avg:497.24ms
step:2793/5100 train_loss:3.3956 train_time:1383821ms step_avg:497.24ms
step:2794/5100 train_loss:3.5312 train_time:1384315ms step_avg:497.24ms
step:2795/5100 train_loss:3.3380 train_time:1384808ms step_avg:497.24ms
step:2796/5100 train_loss:3.5498 train_time:1385305ms step_avg:497.24ms
step:2797/5100 train_loss:3.4178 train_time:1385798ms step_avg:497.24ms
step:2798/5100 train_loss:3.4405 train_time:1386293ms step_avg:497.24ms
step:2799/5100 train_loss:3.2747 train_time:1386786ms step_avg:497.23ms
step:2800/5100 train_loss:3.6922 train_time:1387282ms step_avg:497.23ms
step:2801/5100 train_loss:3.5869 train_time:1387773ms step_avg:497.23ms
step:2802/5100 train_loss:3.6713 train_time:1388275ms step_avg:497.23ms
step:2803/5100 train_loss:3.3813 train_time:1388765ms step_avg:497.23ms
step:2804/5100 train_loss:3.5381 train_time:1389258ms step_avg:497.23ms
step:2805/5100 train_loss:3.5192 train_time:1389753ms step_avg:497.23ms
step:2806/5100 train_loss:3.2596 train_time:1390243ms step_avg:497.23ms
step:2807/5100 train_loss:3.7152 train_time:1390740ms step_avg:497.23ms
step:2808/5100 train_loss:3.4369 train_time:1391231ms step_avg:497.22ms
step:2809/5100 train_loss:3.4045 train_time:1391725ms step_avg:497.22ms
step:2810/5100 train_loss:3.7137 train_time:1392221ms step_avg:497.22ms
step:2811/5100 train_loss:3.4191 train_time:1392712ms step_avg:497.22ms
step:2812/5100 train_loss:3.5024 train_time:1393207ms step_avg:497.22ms
step:2813/5100 train_loss:3.3220 train_time:1393749ms step_avg:497.23ms
step:2814/5100 train_loss:3.5424 train_time:1394200ms step_avg:497.22ms
step:2815/5100 train_loss:3.4678 train_time:1394694ms step_avg:497.22ms
step:2816/5100 train_loss:3.4691 train_time:1395187ms step_avg:497.22ms
step:2817/5100 train_loss:2.7587 train_time:1395683ms step_avg:497.22ms
step:2818/5100 train_loss:3.4432 train_time:1396175ms step_avg:497.21ms
step:2819/5100 train_loss:3.3576 train_time:1396684ms step_avg:497.22ms
step:2820/5100 train_loss:3.6200 train_time:1397179ms step_avg:497.22ms
step:2821/5100 train_loss:3.5026 train_time:1397672ms step_avg:497.22ms
step:2822/5100 train_loss:3.5001 train_time:1398166ms step_avg:497.21ms
step:2823/5100 train_loss:3.5982 train_time:1398666ms step_avg:497.21ms
step:2824/5100 train_loss:3.5375 train_time:1399161ms step_avg:497.21ms
step:2825/5100 train_loss:3.1997 train_time:1399659ms step_avg:497.21ms
step:2826/5100 train_loss:3.5309 train_time:1400148ms step_avg:497.21ms
step:2827/5100 train_loss:3.6019 train_time:1400643ms step_avg:497.21ms
step:2828/5100 train_loss:3.1828 train_time:1401121ms step_avg:497.20ms
step:2829/5100 train_loss:3.4486 train_time:1401616ms step_avg:497.20ms
step:2830/5100 train_loss:3.4940 train_time:1402112ms step_avg:497.20ms
step:2831/5100 train_loss:3.4026 train_time:1402606ms step_avg:497.20ms
step:2832/5100 train_loss:3.5363 train_time:1403098ms step_avg:497.20ms
step:2833/5100 train_loss:3.4158 train_time:1403619ms step_avg:497.21ms
step:2834/5100 train_loss:3.4020 train_time:1404086ms step_avg:497.20ms
step:2835/5100 train_loss:3.1732 train_time:1404579ms step_avg:497.20ms
step:2836/5100 train_loss:3.6345 train_time:1405077ms step_avg:497.20ms
step:2837/5100 train_loss:3.5037 train_time:1405568ms step_avg:497.19ms
step:2838/5100 train_loss:3.4313 train_time:1406072ms step_avg:497.20ms
step:2839/5100 train_loss:3.3641 train_time:1406562ms step_avg:497.19ms
step:2840/5100 train_loss:3.3815 train_time:1407054ms step_avg:497.19ms
step:2841/5100 train_loss:3.5212 train_time:1407546ms step_avg:497.19ms
step:2842/5100 train_loss:3.3877 train_time:1408040ms step_avg:497.19ms
step:2843/5100 train_loss:3.4866 train_time:1408536ms step_avg:497.19ms
step:2844/5100 train_loss:3.5574 train_time:1409029ms step_avg:497.19ms
step:2845/5100 train_loss:3.4334 train_time:1409523ms step_avg:497.19ms
step:2846/5100 train_loss:3.3934 train_time:1410016ms step_avg:497.18ms
step:2847/5100 train_loss:3.4069 train_time:1410513ms step_avg:497.18ms
step:2848/5100 train_loss:3.8917 train_time:1411005ms step_avg:497.18ms
step:2849/5100 train_loss:3.4099 train_time:1411499ms step_avg:497.18ms
step:2850/5100 train_loss:3.3953 train_time:1412756ms step_avg:497.45ms
step:2851/5100 train_loss:3.5390 train_time:1413249ms step_avg:497.45ms
step:2852/5100 train_loss:3.5015 train_time:1413745ms step_avg:497.45ms
step:2853/5100 train_loss:3.4297 train_time:1414236ms step_avg:497.45ms
step:2854/5100 train_loss:3.4753 train_time:1414729ms step_avg:497.44ms
step:2855/5100 train_loss:3.4609 train_time:1415224ms step_avg:497.44ms
step:2856/5100 train_loss:3.3529 train_time:1415720ms step_avg:497.44ms
step:2857/5100 train_loss:3.4353 train_time:1416213ms step_avg:497.44ms
step:2858/5100 train_loss:3.4772 train_time:1416715ms step_avg:497.44ms
step:2859/5100 train_loss:3.1974 train_time:1417201ms step_avg:497.44ms
step:2860/5100 train_loss:3.4686 train_time:1417694ms step_avg:497.44ms
step:2861/5100 train_loss:3.4014 train_time:1418190ms step_avg:497.44ms
step:2862/5100 train_loss:3.4180 train_time:1418684ms step_avg:497.43ms
step:2863/5100 train_loss:3.4921 train_time:1419177ms step_avg:497.43ms
step:2864/5100 train_loss:3.7262 train_time:1419670ms step_avg:497.43ms
step:2865/5100 train_loss:3.5195 train_time:1420164ms step_avg:497.43ms
step:2866/5100 train_loss:3.4773 train_time:1420658ms step_avg:497.43ms
step:2867/5100 train_loss:3.4934 train_time:1421152ms step_avg:497.43ms
step:2868/5100 train_loss:3.6428 train_time:1421645ms step_avg:497.43ms
step:2869/5100 train_loss:3.4635 train_time:1422140ms step_avg:497.43ms
step:2870/5100 train_loss:3.3356 train_time:1422634ms step_avg:497.42ms
step:2871/5100 train_loss:3.5873 train_time:1423127ms step_avg:497.42ms
step:2872/5100 train_loss:3.4426 train_time:1423622ms step_avg:497.42ms
step:2873/5100 train_loss:3.4452 train_time:1424118ms step_avg:497.42ms
step:2874/5100 train_loss:3.2898 train_time:1424617ms step_avg:497.42ms
step:2875/5100 train_loss:3.4214 train_time:1425107ms step_avg:497.42ms
step:2875/5100 val_loss:3.4532 train_time:1425417ms step_avg:497.53ms
step:2876/5100 train_loss:3.3967 train_time:1425603ms step_avg:497.42ms
step:2877/5100 train_loss:3.3620 train_time:1426096ms step_avg:497.42ms
step:2878/5100 train_loss:3.4472 train_time:1426588ms step_avg:497.42ms
step:2879/5100 train_loss:3.6004 train_time:1427085ms step_avg:497.42ms
step:2880/5100 train_loss:3.4463 train_time:1427579ms step_avg:497.41ms
step:2881/5100 train_loss:3.4794 train_time:1428073ms step_avg:497.41ms
step:2882/5100 train_loss:3.4911 train_time:1428568ms step_avg:497.41ms
step:2883/5100 train_loss:3.5953 train_time:1429066ms step_avg:497.41ms
step:2884/5100 train_loss:3.4460 train_time:1429559ms step_avg:497.41ms
step:2885/5100 train_loss:3.2941 train_time:1430053ms step_avg:497.41ms
step:2886/5100 train_loss:3.2784 train_time:1430543ms step_avg:497.41ms
step:2887/5100 train_loss:3.3895 train_time:1431036ms step_avg:497.41ms
step:2888/5100 train_loss:3.4254 train_time:1431530ms step_avg:497.40ms
step:2889/5100 train_loss:3.4337 train_time:1432025ms step_avg:497.40ms
step:2890/5100 train_loss:3.7579 train_time:1432517ms step_avg:497.40ms
step:2891/5100 train_loss:3.3934 train_time:1433013ms step_avg:497.40ms
step:2892/5100 train_loss:3.4597 train_time:1433508ms step_avg:497.40ms
step:2893/5100 train_loss:3.3848 train_time:1434000ms step_avg:497.40ms
step:2894/5100 train_loss:3.4222 train_time:1434498ms step_avg:497.40ms
step:2895/5100 train_loss:3.3747 train_time:1434989ms step_avg:497.40ms
step:2896/5100 train_loss:3.4657 train_time:1435483ms step_avg:497.40ms
step:2897/5100 train_loss:3.6348 train_time:1435979ms step_avg:497.39ms
step:2898/5100 train_loss:3.3583 train_time:1436474ms step_avg:497.39ms
step:2899/5100 train_loss:3.4589 train_time:1436969ms step_avg:497.39ms
step:2900/5100 train_loss:3.2013 train_time:1437461ms step_avg:497.39ms
step:2901/5100 train_loss:3.6265 train_time:1437956ms step_avg:497.39ms
step:2902/5100 train_loss:3.4895 train_time:1438451ms step_avg:497.39ms
step:2903/5100 train_loss:3.4139 train_time:1438946ms step_avg:497.39ms
step:2904/5100 train_loss:3.4321 train_time:1439440ms step_avg:497.39ms
step:2905/5100 train_loss:3.4317 train_time:1439933ms step_avg:497.39ms
step:2906/5100 train_loss:3.4047 train_time:1440427ms step_avg:497.39ms
step:2907/5100 train_loss:3.2373 train_time:1440921ms step_avg:497.38ms
step:2908/5100 train_loss:3.5552 train_time:1441425ms step_avg:497.39ms
step:2909/5100 train_loss:3.4629 train_time:1441917ms step_avg:497.38ms
step:2910/5100 train_loss:3.7623 train_time:1442410ms step_avg:497.38ms
step:2911/5100 train_loss:3.2352 train_time:1442905ms step_avg:497.38ms
step:2912/5100 train_loss:3.3632 train_time:1443400ms step_avg:497.38ms
step:2913/5100 train_loss:3.4047 train_time:1443895ms step_avg:497.38ms
step:2914/5100 train_loss:3.8877 train_time:1444389ms step_avg:497.38ms
step:2915/5100 train_loss:3.4902 train_time:1444888ms step_avg:497.38ms
step:2916/5100 train_loss:3.3279 train_time:1445375ms step_avg:497.38ms
step:2917/5100 train_loss:3.4316 train_time:1445870ms step_avg:497.38ms
step:2918/5100 train_loss:3.3931 train_time:1446369ms step_avg:497.38ms
step:2919/5100 train_loss:3.4255 train_time:1446859ms step_avg:497.37ms
step:2920/5100 train_loss:3.2909 train_time:1447352ms step_avg:497.37ms
step:2921/5100 train_loss:3.4549 train_time:1447849ms step_avg:497.37ms
step:2922/5100 train_loss:3.4360 train_time:1448340ms step_avg:497.37ms
step:2923/5100 train_loss:3.4788 train_time:1448834ms step_avg:497.37ms
step:2924/5100 train_loss:3.3950 train_time:1449329ms step_avg:497.37ms
step:2925/5100 train_loss:3.5560 train_time:1449826ms step_avg:497.37ms
step:2926/5100 train_loss:3.4508 train_time:1450318ms step_avg:497.37ms
step:2927/5100 train_loss:3.4339 train_time:1450811ms step_avg:497.36ms
step:2928/5100 train_loss:3.6292 train_time:1451306ms step_avg:497.36ms
step:2929/5100 train_loss:3.4284 train_time:1451800ms step_avg:497.36ms
step:2930/5100 train_loss:3.3744 train_time:1452297ms step_avg:497.36ms
step:2931/5100 train_loss:3.5809 train_time:1452788ms step_avg:497.36ms
step:2932/5100 train_loss:3.6601 train_time:1453282ms step_avg:497.36ms
step:2933/5100 train_loss:3.7011 train_time:1453775ms step_avg:497.36ms
step:2934/5100 train_loss:3.5926 train_time:1454271ms step_avg:497.36ms
step:2935/5100 train_loss:3.3852 train_time:1454765ms step_avg:497.36ms
step:2936/5100 train_loss:3.4742 train_time:1455268ms step_avg:497.36ms
step:2937/5100 train_loss:3.4094 train_time:1455762ms step_avg:497.36ms
step:2938/5100 train_loss:3.4065 train_time:1456255ms step_avg:497.36ms
step:2939/5100 train_loss:3.5179 train_time:1456752ms step_avg:497.35ms
step:2940/5100 train_loss:3.3827 train_time:1457248ms step_avg:497.35ms
step:2941/5100 train_loss:3.5551 train_time:1457740ms step_avg:497.35ms
step:2942/5100 train_loss:3.6451 train_time:1458237ms step_avg:497.35ms
step:2943/5100 train_loss:3.3839 train_time:1458731ms step_avg:497.35ms
step:2944/5100 train_loss:3.2423 train_time:1459221ms step_avg:497.35ms
step:2945/5100 train_loss:3.2848 train_time:1459710ms step_avg:497.35ms
step:2946/5100 train_loss:3.4676 train_time:1460206ms step_avg:497.35ms
step:2947/5100 train_loss:3.5203 train_time:1460701ms step_avg:497.34ms
step:2948/5100 train_loss:3.3912 train_time:1461197ms step_avg:497.34ms
step:2949/5100 train_loss:3.3792 train_time:1461688ms step_avg:497.34ms
step:2950/5100 train_loss:3.4825 train_time:1462189ms step_avg:497.34ms
step:2951/5100 train_loss:3.4616 train_time:1462684ms step_avg:497.34ms
step:2952/5100 train_loss:3.6439 train_time:1463177ms step_avg:497.34ms
step:2953/5100 train_loss:3.5135 train_time:1463666ms step_avg:497.34ms
step:2954/5100 train_loss:3.5420 train_time:1464158ms step_avg:497.34ms
step:2955/5100 train_loss:3.4923 train_time:1464653ms step_avg:497.34ms
step:2956/5100 train_loss:3.3382 train_time:1465151ms step_avg:497.34ms
step:2957/5100 train_loss:3.4436 train_time:1465646ms step_avg:497.33ms
step:2958/5100 train_loss:3.4372 train_time:1466135ms step_avg:497.33ms
step:2959/5100 train_loss:3.4135 train_time:1466632ms step_avg:497.33ms
step:2960/5100 train_loss:3.5512 train_time:1467125ms step_avg:497.33ms
step:2961/5100 train_loss:3.4088 train_time:1467619ms step_avg:497.33ms
step:2962/5100 train_loss:3.5160 train_time:1468112ms step_avg:497.33ms
step:2963/5100 train_loss:3.4035 train_time:1468607ms step_avg:497.33ms
step:2964/5100 train_loss:3.4332 train_time:1469101ms step_avg:497.33ms
step:2965/5100 train_loss:3.3733 train_time:1469595ms step_avg:497.32ms
step:2966/5100 train_loss:3.5810 train_time:1470088ms step_avg:497.32ms
step:2967/5100 train_loss:3.2569 train_time:1470584ms step_avg:497.32ms
step:2968/5100 train_loss:3.9371 train_time:1471078ms step_avg:497.32ms
step:2969/5100 train_loss:3.4587 train_time:1471574ms step_avg:497.32ms
step:2970/5100 train_loss:3.3858 train_time:1472067ms step_avg:497.32ms
step:2971/5100 train_loss:3.6249 train_time:1472561ms step_avg:497.32ms
step:2972/5100 train_loss:3.5683 train_time:1473059ms step_avg:497.32ms
step:2973/5100 train_loss:3.3425 train_time:1473554ms step_avg:497.32ms
step:2974/5100 train_loss:3.4404 train_time:1474048ms step_avg:497.32ms
step:2975/5100 train_loss:3.2944 train_time:1474544ms step_avg:497.32ms
step:2976/5100 train_loss:3.3672 train_time:1475035ms step_avg:497.31ms
step:2977/5100 train_loss:3.1706 train_time:1475529ms step_avg:497.31ms
step:2978/5100 train_loss:3.6632 train_time:1476024ms step_avg:497.31ms
step:2979/5100 train_loss:3.4734 train_time:1476517ms step_avg:497.31ms
step:2980/5100 train_loss:3.6309 train_time:1477018ms step_avg:497.31ms
step:2981/5100 train_loss:3.4658 train_time:1477507ms step_avg:497.31ms
step:2982/5100 train_loss:3.5818 train_time:1478012ms step_avg:497.31ms
step:2983/5100 train_loss:3.5447 train_time:1478495ms step_avg:497.31ms
step:2984/5100 train_loss:3.3776 train_time:1478989ms step_avg:497.31ms
step:2985/5100 train_loss:3.4475 train_time:1479483ms step_avg:497.31ms
step:2986/5100 train_loss:3.5170 train_time:1479977ms step_avg:497.30ms
step:2987/5100 train_loss:3.4582 train_time:1480470ms step_avg:497.30ms
step:2988/5100 train_loss:3.7154 train_time:1480967ms step_avg:497.30ms
step:2989/5100 train_loss:3.2793 train_time:1481461ms step_avg:497.30ms
step:2990/5100 train_loss:3.5356 train_time:1481955ms step_avg:497.30ms
step:2991/5100 train_loss:3.4624 train_time:1482452ms step_avg:497.30ms
step:2992/5100 train_loss:3.5217 train_time:1482943ms step_avg:497.30ms
step:2993/5100 train_loss:3.4144 train_time:1483437ms step_avg:497.30ms
step:2994/5100 train_loss:3.6157 train_time:1483932ms step_avg:497.30ms
step:2995/5100 train_loss:3.3354 train_time:1484426ms step_avg:497.30ms
step:2996/5100 train_loss:3.3479 train_time:1484927ms step_avg:497.30ms
step:2997/5100 train_loss:3.3623 train_time:1485420ms step_avg:497.29ms
step:2998/5100 train_loss:3.3983 train_time:1485913ms step_avg:497.29ms
step:2999/5100 train_loss:3.5357 train_time:1486404ms step_avg:497.29ms
step:3000/5100 train_loss:3.3321 train_time:1486897ms step_avg:497.29ms
step:3000/5100 val_loss:3.4457 train_time:1487206ms step_avg:497.39ms
step:3001/5100 train_loss:3.4477 train_time:1487392ms step_avg:497.29ms
step:3002/5100 train_loss:3.2734 train_time:1487883ms step_avg:497.29ms
step:3003/5100 train_loss:3.4011 train_time:1488380ms step_avg:497.29ms
step:3004/5100 train_loss:3.4650 train_time:1488877ms step_avg:497.29ms
step:3005/5100 train_loss:4.2149 train_time:1489373ms step_avg:497.29ms
step:3006/5100 train_loss:3.3319 train_time:1489862ms step_avg:497.28ms
step:3007/5100 train_loss:3.4840 train_time:1490361ms step_avg:497.28ms
step:3008/5100 train_loss:3.2559 train_time:1490862ms step_avg:497.29ms
step:3009/5100 train_loss:3.5827 train_time:1491349ms step_avg:497.28ms
step:3010/5100 train_loss:3.5475 train_time:1491843ms step_avg:497.28ms
step:3011/5100 train_loss:3.5580 train_time:1492335ms step_avg:497.28ms
step:3012/5100 train_loss:3.5061 train_time:1492832ms step_avg:497.28ms
step:3013/5100 train_loss:3.3278 train_time:1493325ms step_avg:497.28ms
step:3014/5100 train_loss:3.4464 train_time:1493816ms step_avg:497.28ms
step:3015/5100 train_loss:3.5306 train_time:1494311ms step_avg:497.27ms
step:3016/5100 train_loss:3.2969 train_time:1494805ms step_avg:497.27ms
step:3017/5100 train_loss:3.3645 train_time:1495321ms step_avg:497.28ms
step:3018/5100 train_loss:3.5064 train_time:1495808ms step_avg:497.28ms
step:3019/5100 train_loss:3.6181 train_time:1496302ms step_avg:497.28ms
step:3020/5100 train_loss:3.3852 train_time:1496801ms step_avg:497.28ms
step:3021/5100 train_loss:3.6932 train_time:1497294ms step_avg:497.27ms
step:3022/5100 train_loss:3.4225 train_time:1497798ms step_avg:497.28ms
step:3023/5100 train_loss:3.3080 train_time:1498295ms step_avg:497.28ms
step:3024/5100 train_loss:3.4691 train_time:1498786ms step_avg:497.27ms
step:3025/5100 train_loss:3.6106 train_time:1499410ms step_avg:497.32ms
step:3026/5100 train_loss:3.4167 train_time:1499900ms step_avg:497.31ms
step:3027/5100 train_loss:3.5157 train_time:1500375ms step_avg:497.31ms
step:3028/5100 train_loss:3.3356 train_time:1500867ms step_avg:497.31ms
step:3029/5100 train_loss:3.1732 train_time:1501367ms step_avg:497.31ms
step:3030/5100 train_loss:3.5310 train_time:1501864ms step_avg:497.31ms
step:3031/5100 train_loss:3.3519 train_time:1502365ms step_avg:497.31ms
step:3032/5100 train_loss:3.1767 train_time:1502848ms step_avg:497.30ms
step:3033/5100 train_loss:3.5650 train_time:1503338ms step_avg:497.30ms
step:3034/5100 train_loss:3.6834 train_time:1503832ms step_avg:497.30ms
step:3035/5100 train_loss:3.3612 train_time:1504331ms step_avg:497.30ms
step:3036/5100 train_loss:3.4128 train_time:1504823ms step_avg:497.30ms
step:3037/5100 train_loss:3.4222 train_time:1505314ms step_avg:497.30ms
step:3038/5100 train_loss:3.3121 train_time:1505824ms step_avg:497.30ms
step:3039/5100 train_loss:3.4850 train_time:1506318ms step_avg:497.30ms
step:3040/5100 train_loss:3.5327 train_time:1507101ms step_avg:497.39ms
step:3041/5100 train_loss:3.5282 train_time:1507600ms step_avg:497.39ms
step:3042/5100 train_loss:3.0814 train_time:1508095ms step_avg:497.39ms
step:3043/5100 train_loss:3.4522 train_time:1508589ms step_avg:497.39ms
step:3044/5100 train_loss:3.4261 train_time:1509085ms step_avg:497.39ms
step:3045/5100 train_loss:3.4784 train_time:1509577ms step_avg:497.39ms
step:3046/5100 train_loss:3.6184 train_time:1510072ms step_avg:497.39ms
step:3047/5100 train_loss:3.3843 train_time:1510601ms step_avg:497.40ms
step:3048/5100 train_loss:3.4595 train_time:1511065ms step_avg:497.39ms
step:3049/5100 train_loss:3.4925 train_time:1511563ms step_avg:497.39ms
step:3050/5100 train_loss:3.4346 train_time:1512057ms step_avg:497.39ms
step:3051/5100 train_loss:3.4775 train_time:1512558ms step_avg:497.39ms
step:3052/5100 train_loss:3.3482 train_time:1513039ms step_avg:497.38ms
step:3053/5100 train_loss:3.3855 train_time:1513534ms step_avg:497.38ms
step:3054/5100 train_loss:3.6227 train_time:1514034ms step_avg:497.38ms
step:3055/5100 train_loss:3.5587 train_time:1514524ms step_avg:497.38ms
step:3056/5100 train_loss:3.5267 train_time:1515014ms step_avg:497.38ms
step:3057/5100 train_loss:3.3817 train_time:1515509ms step_avg:497.38ms
step:3058/5100 train_loss:3.3744 train_time:1516015ms step_avg:497.38ms
step:3059/5100 train_loss:3.6010 train_time:1516503ms step_avg:497.38ms
step:3060/5100 train_loss:3.3577 train_time:1516992ms step_avg:497.37ms
step:3061/5100 train_loss:3.4949 train_time:1517487ms step_avg:497.37ms
step:3062/5100 train_loss:3.5162 train_time:1517979ms step_avg:497.37ms
step:3063/5100 train_loss:3.4044 train_time:1518458ms step_avg:497.37ms
step:3064/5100 train_loss:3.4455 train_time:1518952ms step_avg:497.36ms
step:3065/5100 train_loss:3.4746 train_time:1519444ms step_avg:497.36ms
step:3066/5100 train_loss:3.4053 train_time:1519938ms step_avg:497.36ms
step:3067/5100 train_loss:3.2797 train_time:1520431ms step_avg:497.36ms
step:3068/5100 train_loss:3.4104 train_time:1520926ms step_avg:497.36ms
step:3069/5100 train_loss:3.3532 train_time:1521458ms step_avg:497.37ms
step:3070/5100 train_loss:3.3227 train_time:1521942ms step_avg:497.37ms
step:3071/5100 train_loss:3.4709 train_time:1522421ms step_avg:497.36ms
step:3072/5100 train_loss:3.4784 train_time:1522913ms step_avg:497.36ms
step:3073/5100 train_loss:3.3680 train_time:1523408ms step_avg:497.36ms
step:3074/5100 train_loss:3.4039 train_time:1523903ms step_avg:497.36ms
step:3075/5100 train_loss:3.3826 train_time:1524392ms step_avg:497.35ms
step:3076/5100 train_loss:3.3825 train_time:1524886ms step_avg:497.35ms
step:3077/5100 train_loss:3.5939 train_time:1525383ms step_avg:497.35ms
step:3078/5100 train_loss:3.2644 train_time:1525874ms step_avg:497.35ms
step:3079/5100 train_loss:4.2638 train_time:1526368ms step_avg:497.35ms
step:3080/5100 train_loss:3.3694 train_time:1526869ms step_avg:497.35ms
step:3081/5100 train_loss:3.4855 train_time:1527364ms step_avg:497.35ms
step:3082/5100 train_loss:3.5978 train_time:1527858ms step_avg:497.35ms
step:3083/5100 train_loss:3.3363 train_time:1528359ms step_avg:497.35ms
step:3084/5100 train_loss:3.4031 train_time:1528843ms step_avg:497.35ms
step:3085/5100 train_loss:3.3919 train_time:1529337ms step_avg:497.35ms
step:3086/5100 train_loss:3.4514 train_time:1529834ms step_avg:497.35ms
step:3087/5100 train_loss:3.4402 train_time:1530327ms step_avg:497.34ms
step:3088/5100 train_loss:3.2741 train_time:1530825ms step_avg:497.34ms
step:3089/5100 train_loss:3.5023 train_time:1531315ms step_avg:497.34ms
step:3090/5100 train_loss:3.3815 train_time:1531815ms step_avg:497.34ms
step:3091/5100 train_loss:3.6726 train_time:1532306ms step_avg:497.34ms
step:3092/5100 train_loss:3.4316 train_time:1532797ms step_avg:497.34ms
step:3093/5100 train_loss:3.3699 train_time:1533291ms step_avg:497.34ms
step:3094/5100 train_loss:3.4374 train_time:1533788ms step_avg:497.34ms
step:3095/5100 train_loss:3.3849 train_time:1534281ms step_avg:497.34ms
step:3096/5100 train_loss:3.3912 train_time:1534775ms step_avg:497.33ms
step:3097/5100 train_loss:3.8497 train_time:1535270ms step_avg:497.33ms
step:3098/5100 train_loss:3.3910 train_time:1535763ms step_avg:497.33ms
step:3099/5100 train_loss:3.4638 train_time:1536257ms step_avg:497.33ms
step:3100/5100 train_loss:3.5280 train_time:1536749ms step_avg:497.33ms
step:3101/5100 train_loss:3.4539 train_time:1537287ms step_avg:497.34ms
step:3102/5100 train_loss:3.5417 train_time:1537737ms step_avg:497.33ms
step:3103/5100 train_loss:3.3944 train_time:1538232ms step_avg:497.33ms
step:3104/5100 train_loss:3.9224 train_time:1538731ms step_avg:497.33ms
step:3105/5100 train_loss:3.5829 train_time:1539222ms step_avg:497.33ms
step:3106/5100 train_loss:3.0704 train_time:1539718ms step_avg:497.32ms
step:3107/5100 train_loss:3.3535 train_time:1540216ms step_avg:497.33ms
step:3108/5100 train_loss:3.1897 train_time:1540706ms step_avg:497.32ms
step:3109/5100 train_loss:3.6279 train_time:1541201ms step_avg:497.32ms
step:3110/5100 train_loss:3.4449 train_time:1541692ms step_avg:497.32ms
step:3111/5100 train_loss:3.6077 train_time:1542186ms step_avg:497.32ms
step:3112/5100 train_loss:3.4457 train_time:1542681ms step_avg:497.32ms
step:3113/5100 train_loss:3.5570 train_time:1543174ms step_avg:497.32ms
step:3114/5100 train_loss:3.5433 train_time:1543669ms step_avg:497.32ms
step:3115/5100 train_loss:3.4616 train_time:1544162ms step_avg:497.31ms
step:3116/5100 train_loss:3.3434 train_time:1544656ms step_avg:497.31ms
step:3117/5100 train_loss:3.3546 train_time:1545155ms step_avg:497.31ms
step:3118/5100 train_loss:3.4427 train_time:1545648ms step_avg:497.31ms
step:3119/5100 train_loss:3.8666 train_time:1546140ms step_avg:497.31ms
step:3120/5100 train_loss:3.4472 train_time:1546635ms step_avg:497.31ms
step:3121/5100 train_loss:3.3737 train_time:1547129ms step_avg:497.31ms
step:3122/5100 train_loss:3.5433 train_time:1547624ms step_avg:497.31ms
step:3123/5100 train_loss:3.5743 train_time:1548120ms step_avg:497.31ms
step:3124/5100 train_loss:3.5679 train_time:1548617ms step_avg:497.31ms
step:3125/5100 train_loss:3.2770 train_time:1549107ms step_avg:497.31ms
step:3125/5100 val_loss:3.4387 train_time:1549414ms step_avg:497.40ms
step:3126/5100 train_loss:3.4341 train_time:1549599ms step_avg:497.30ms
step:3127/5100 train_loss:3.4292 train_time:1550093ms step_avg:497.30ms
step:3128/5100 train_loss:3.5385 train_time:1550585ms step_avg:497.30ms
step:3129/5100 train_loss:3.4648 train_time:1551080ms step_avg:497.30ms
step:3130/5100 train_loss:3.2368 train_time:1551573ms step_avg:497.30ms
step:3131/5100 train_loss:3.3060 train_time:1552068ms step_avg:497.30ms
step:3132/5100 train_loss:3.4630 train_time:1552561ms step_avg:497.30ms
step:3133/5100 train_loss:3.4886 train_time:1553058ms step_avg:497.30ms
step:3134/5100 train_loss:3.2880 train_time:1553554ms step_avg:497.30ms
step:3135/5100 train_loss:3.4798 train_time:1554046ms step_avg:497.29ms
step:3136/5100 train_loss:3.2923 train_time:1554543ms step_avg:497.29ms
step:3137/5100 train_loss:3.6484 train_time:1555036ms step_avg:497.29ms
step:3138/5100 train_loss:3.8831 train_time:1555531ms step_avg:497.29ms
step:3139/5100 train_loss:3.7113 train_time:1556027ms step_avg:497.29ms
step:3140/5100 train_loss:3.4038 train_time:1556520ms step_avg:497.29ms
step:3141/5100 train_loss:3.4433 train_time:1557015ms step_avg:497.29ms
step:3142/5100 train_loss:3.3561 train_time:1557510ms step_avg:497.29ms
step:3143/5100 train_loss:3.5482 train_time:1558006ms step_avg:497.29ms
step:3144/5100 train_loss:3.2664 train_time:1558501ms step_avg:497.29ms
step:3145/5100 train_loss:3.4894 train_time:1558995ms step_avg:497.29ms
step:3146/5100 train_loss:3.6010 train_time:1559490ms step_avg:497.29ms
step:3147/5100 train_loss:3.4207 train_time:1559988ms step_avg:497.29ms
step:3148/5100 train_loss:3.6293 train_time:1560479ms step_avg:497.28ms
step:3149/5100 train_loss:4.0372 train_time:1560975ms step_avg:497.28ms
step:3150/5100 train_loss:3.3407 train_time:1561470ms step_avg:497.28ms
step:3151/5100 train_loss:3.4351 train_time:1561962ms step_avg:497.28ms
step:3152/5100 train_loss:3.5620 train_time:1562456ms step_avg:497.28ms
step:3153/5100 train_loss:3.3523 train_time:1562950ms step_avg:497.28ms
step:3154/5100 train_loss:3.5016 train_time:1563446ms step_avg:497.28ms
step:3155/5100 train_loss:3.2715 train_time:1563939ms step_avg:497.28ms
step:3156/5100 train_loss:3.3725 train_time:1564435ms step_avg:497.28ms
step:3157/5100 train_loss:3.4836 train_time:1564929ms step_avg:497.28ms
step:3158/5100 train_loss:3.5246 train_time:1565425ms step_avg:497.28ms
step:3159/5100 train_loss:3.4268 train_time:1565920ms step_avg:497.28ms
step:3160/5100 train_loss:3.3803 train_time:1566412ms step_avg:497.27ms
step:3161/5100 train_loss:3.4978 train_time:1566911ms step_avg:497.27ms
step:3162/5100 train_loss:3.7149 train_time:1567401ms step_avg:497.27ms
step:3163/5100 train_loss:3.6438 train_time:1567893ms step_avg:497.27ms
step:3164/5100 train_loss:3.5206 train_time:1568389ms step_avg:497.27ms
step:3165/5100 train_loss:3.4884 train_time:1568889ms step_avg:497.27ms
step:3166/5100 train_loss:3.4429 train_time:1569380ms step_avg:497.27ms
step:3167/5100 train_loss:3.2970 train_time:1569874ms step_avg:497.27ms
step:3168/5100 train_loss:3.2440 train_time:1570368ms step_avg:497.27ms
step:3169/5100 train_loss:3.2559 train_time:1570861ms step_avg:497.27ms
step:3170/5100 train_loss:3.4507 train_time:1571355ms step_avg:497.26ms
step:3171/5100 train_loss:3.2387 train_time:1571848ms step_avg:497.26ms
step:3172/5100 train_loss:3.4199 train_time:1572342ms step_avg:497.26ms
step:3173/5100 train_loss:3.5563 train_time:1572837ms step_avg:497.26ms
step:3174/5100 train_loss:3.4531 train_time:1573330ms step_avg:497.26ms
step:3175/5100 train_loss:3.4913 train_time:1573826ms step_avg:497.26ms
step:3176/5100 train_loss:3.5117 train_time:1574321ms step_avg:497.26ms
step:3177/5100 train_loss:3.3162 train_time:1574824ms step_avg:497.26ms
step:3178/5100 train_loss:3.4355 train_time:1575313ms step_avg:497.26ms
step:3179/5100 train_loss:3.6480 train_time:1575805ms step_avg:497.26ms
step:3180/5100 train_loss:3.4300 train_time:1576299ms step_avg:497.26ms
step:3181/5100 train_loss:3.4092 train_time:1576792ms step_avg:497.25ms
step:3182/5100 train_loss:3.3844 train_time:1577288ms step_avg:497.25ms
step:3183/5100 train_loss:3.5712 train_time:1577780ms step_avg:497.25ms
step:3184/5100 train_loss:3.5116 train_time:1578276ms step_avg:497.25ms
step:3185/5100 train_loss:3.3966 train_time:1578780ms step_avg:497.25ms
step:3186/5100 train_loss:3.6188 train_time:1579267ms step_avg:497.25ms
step:3187/5100 train_loss:3.5415 train_time:1579762ms step_avg:497.25ms
step:3188/5100 train_loss:3.3418 train_time:1580262ms step_avg:497.25ms
step:3189/5100 train_loss:3.5612 train_time:1580753ms step_avg:497.25ms
step:3190/5100 train_loss:3.4180 train_time:1581243ms step_avg:497.25ms
step:3191/5100 train_loss:3.3524 train_time:1581737ms step_avg:497.25ms
step:3192/5100 train_loss:3.3794 train_time:1582232ms step_avg:497.24ms
step:3193/5100 train_loss:3.3286 train_time:1582724ms step_avg:497.24ms
step:3194/5100 train_loss:4.0569 train_time:1583219ms step_avg:497.24ms
step:3195/5100 train_loss:3.4650 train_time:1583715ms step_avg:497.24ms
step:3196/5100 train_loss:3.2393 train_time:1584210ms step_avg:497.24ms
step:3197/5100 train_loss:3.4331 train_time:1584704ms step_avg:497.24ms
step:3198/5100 train_loss:3.2566 train_time:1585200ms step_avg:497.24ms
step:3199/5100 train_loss:3.2700 train_time:1585693ms step_avg:497.24ms
step:3200/5100 train_loss:3.2307 train_time:1586193ms step_avg:497.24ms
step:3201/5100 train_loss:3.3894 train_time:1586682ms step_avg:497.24ms
step:3202/5100 train_loss:3.4509 train_time:1587175ms step_avg:497.24ms
step:3203/5100 train_loss:3.3459 train_time:1587678ms step_avg:497.24ms
step:3204/5100 train_loss:3.3653 train_time:1588165ms step_avg:497.23ms
step:3205/5100 train_loss:3.4349 train_time:1588656ms step_avg:497.23ms
step:3206/5100 train_loss:3.6727 train_time:1589151ms step_avg:497.23ms
step:3207/5100 train_loss:3.1869 train_time:1589643ms step_avg:497.23ms
step:3208/5100 train_loss:3.6007 train_time:1590137ms step_avg:497.23ms
step:3209/5100 train_loss:3.5413 train_time:1590635ms step_avg:497.23ms
step:3210/5100 train_loss:3.5921 train_time:1591126ms step_avg:497.23ms
step:3211/5100 train_loss:3.3042 train_time:1591623ms step_avg:497.23ms
step:3212/5100 train_loss:3.2665 train_time:1592114ms step_avg:497.22ms
step:3213/5100 train_loss:3.3205 train_time:1592611ms step_avg:497.22ms
step:3214/5100 train_loss:3.7464 train_time:1593267ms step_avg:497.27ms
step:3215/5100 train_loss:3.2178 train_time:1593760ms step_avg:497.27ms
step:3216/5100 train_loss:3.4094 train_time:1594256ms step_avg:497.27ms
step:3217/5100 train_loss:3.3217 train_time:1594747ms step_avg:497.27ms
step:3218/5100 train_loss:3.3899 train_time:1595241ms step_avg:497.27ms
step:3219/5100 train_loss:3.4122 train_time:1595734ms step_avg:497.27ms
step:3220/5100 train_loss:3.5949 train_time:1596236ms step_avg:497.27ms
step:3221/5100 train_loss:3.5084 train_time:1596725ms step_avg:497.27ms
step:3222/5100 train_loss:3.3971 train_time:1597225ms step_avg:497.27ms
step:3223/5100 train_loss:3.3510 train_time:1597719ms step_avg:497.27ms
step:3224/5100 train_loss:3.3069 train_time:1598214ms step_avg:497.27ms
step:3225/5100 train_loss:3.2958 train_time:1598708ms step_avg:497.27ms
step:3226/5100 train_loss:3.4293 train_time:1599204ms step_avg:497.26ms
step:3227/5100 train_loss:3.2730 train_time:1599698ms step_avg:497.26ms
step:3228/5100 train_loss:3.3426 train_time:1600187ms step_avg:497.26ms
step:3229/5100 train_loss:3.4610 train_time:1600681ms step_avg:497.26ms
step:3230/5100 train_loss:3.2626 train_time:1601926ms step_avg:497.49ms
step:3231/5100 train_loss:3.1927 train_time:1602416ms step_avg:497.49ms
step:3232/5100 train_loss:3.3688 train_time:1602917ms step_avg:497.49ms
step:3233/5100 train_loss:3.6361 train_time:1603406ms step_avg:497.49ms
step:3234/5100 train_loss:3.7201 train_time:1603901ms step_avg:497.49ms
step:3235/5100 train_loss:3.5781 train_time:1604398ms step_avg:497.49ms
step:3236/5100 train_loss:3.3661 train_time:1604893ms step_avg:497.49ms
step:3237/5100 train_loss:3.6781 train_time:1605383ms step_avg:497.48ms
step:3238/5100 train_loss:3.4643 train_time:1605878ms step_avg:497.48ms
step:3239/5100 train_loss:3.5503 train_time:1606371ms step_avg:497.48ms
step:3240/5100 train_loss:3.2517 train_time:1606865ms step_avg:497.48ms
step:3241/5100 train_loss:3.4235 train_time:1607358ms step_avg:497.48ms
step:3242/5100 train_loss:3.4692 train_time:1607859ms step_avg:497.48ms
step:3243/5100 train_loss:3.5891 train_time:1608351ms step_avg:497.48ms
step:3244/5100 train_loss:3.5009 train_time:1608847ms step_avg:497.48ms
step:3245/5100 train_loss:3.5575 train_time:1609338ms step_avg:497.48ms
step:3246/5100 train_loss:3.3251 train_time:1609833ms step_avg:497.48ms
step:3247/5100 train_loss:3.4968 train_time:1610340ms step_avg:497.48ms
step:3248/5100 train_loss:3.4498 train_time:1610832ms step_avg:497.48ms
step:3249/5100 train_loss:3.3051 train_time:1611329ms step_avg:497.48ms
step:3250/5100 train_loss:3.1978 train_time:1611818ms step_avg:497.47ms
step:3250/5100 val_loss:3.4299 train_time:1612126ms step_avg:497.57ms
step:3251/5100 train_loss:3.3830 train_time:1612319ms step_avg:497.48ms
step:3252/5100 train_loss:3.3994 train_time:1612813ms step_avg:497.47ms
step:3253/5100 train_loss:3.5126 train_time:1613307ms step_avg:497.47ms
step:3254/5100 train_loss:3.4633 train_time:1613802ms step_avg:497.47ms
step:3255/5100 train_loss:3.6307 train_time:1614299ms step_avg:497.47ms
step:3256/5100 train_loss:3.4240 train_time:1614785ms step_avg:497.47ms
step:3257/5100 train_loss:3.5700 train_time:1615276ms step_avg:497.47ms
step:3258/5100 train_loss:3.4316 train_time:1615772ms step_avg:497.47ms
step:3259/5100 train_loss:3.3830 train_time:1616265ms step_avg:497.47ms
step:3260/5100 train_loss:3.5587 train_time:1616758ms step_avg:497.46ms
step:3261/5100 train_loss:3.2714 train_time:1617262ms step_avg:497.47ms
step:3262/5100 train_loss:3.1818 train_time:1617764ms step_avg:497.47ms
step:3263/5100 train_loss:3.3019 train_time:1618263ms step_avg:497.47ms
step:3264/5100 train_loss:3.3968 train_time:1618758ms step_avg:497.47ms
step:3265/5100 train_loss:3.4083 train_time:1619257ms step_avg:497.47ms
step:3266/5100 train_loss:3.3790 train_time:1619739ms step_avg:497.46ms
step:3267/5100 train_loss:3.3462 train_time:1620219ms step_avg:497.46ms
step:3268/5100 train_loss:3.5374 train_time:1620714ms step_avg:497.46ms
step:3269/5100 train_loss:3.4210 train_time:1621207ms step_avg:497.46ms
step:3270/5100 train_loss:3.4830 train_time:1621704ms step_avg:497.46ms
step:3271/5100 train_loss:3.3292 train_time:1622199ms step_avg:497.45ms
step:3272/5100 train_loss:3.1475 train_time:1622699ms step_avg:497.46ms
step:3273/5100 train_loss:3.4527 train_time:1623190ms step_avg:497.45ms
step:3274/5100 train_loss:3.4558 train_time:1623680ms step_avg:497.45ms
step:3275/5100 train_loss:3.3948 train_time:1624173ms step_avg:497.45ms
step:3276/5100 train_loss:3.4199 train_time:1624667ms step_avg:497.45ms
step:3277/5100 train_loss:3.3901 train_time:1625160ms step_avg:497.45ms
step:3278/5100 train_loss:3.5019 train_time:1625656ms step_avg:497.45ms
step:3279/5100 train_loss:3.5760 train_time:1626147ms step_avg:497.44ms
step:3280/5100 train_loss:3.4521 train_time:1626641ms step_avg:497.44ms
step:3281/5100 train_loss:3.5047 train_time:1627139ms step_avg:497.44ms
step:3282/5100 train_loss:3.3741 train_time:1627630ms step_avg:497.44ms
step:3283/5100 train_loss:3.3535 train_time:1628125ms step_avg:497.44ms
step:3284/5100 train_loss:3.5148 train_time:1628619ms step_avg:497.44ms
step:3285/5100 train_loss:3.4966 train_time:1629112ms step_avg:497.44ms
step:3286/5100 train_loss:3.4573 train_time:1629605ms step_avg:497.44ms
step:3287/5100 train_loss:3.5767 train_time:1630100ms step_avg:497.44ms
step:3288/5100 train_loss:3.3878 train_time:1630597ms step_avg:497.44ms
step:3289/5100 train_loss:3.5114 train_time:1631091ms step_avg:497.44ms
step:3290/5100 train_loss:3.4998 train_time:1631583ms step_avg:497.43ms
step:3291/5100 train_loss:3.3144 train_time:1632075ms step_avg:497.43ms
step:3292/5100 train_loss:3.4833 train_time:1632571ms step_avg:497.43ms
step:3293/5100 train_loss:3.3299 train_time:1633063ms step_avg:497.43ms
step:3294/5100 train_loss:3.4116 train_time:1633558ms step_avg:497.43ms
step:3295/5100 train_loss:3.4424 train_time:1634065ms step_avg:497.43ms
step:3296/5100 train_loss:3.4635 train_time:1634550ms step_avg:497.43ms
step:3297/5100 train_loss:3.5072 train_time:1635043ms step_avg:497.43ms
step:3298/5100 train_loss:3.4160 train_time:1635536ms step_avg:497.43ms
step:3299/5100 train_loss:3.4855 train_time:1636026ms step_avg:497.42ms
step:3300/5100 train_loss:3.3111 train_time:1636522ms step_avg:497.42ms
step:3301/5100 train_loss:3.3762 train_time:1637018ms step_avg:497.42ms
step:3302/5100 train_loss:3.5247 train_time:1637511ms step_avg:497.42ms
step:3303/5100 train_loss:3.4105 train_time:1638009ms step_avg:497.42ms
step:3304/5100 train_loss:3.4326 train_time:1638501ms step_avg:497.42ms
step:3305/5100 train_loss:3.5001 train_time:1638993ms step_avg:497.42ms
step:3306/5100 train_loss:3.5215 train_time:1639486ms step_avg:497.42ms
step:3307/5100 train_loss:3.4176 train_time:1639981ms step_avg:497.42ms
step:3308/5100 train_loss:3.4571 train_time:1640473ms step_avg:497.41ms
step:3309/5100 train_loss:3.5719 train_time:1640968ms step_avg:497.41ms
step:3310/5100 train_loss:3.3678 train_time:1641466ms step_avg:497.41ms
step:3311/5100 train_loss:3.4261 train_time:1641959ms step_avg:497.41ms
step:3312/5100 train_loss:3.5631 train_time:1642450ms step_avg:497.41ms
step:3313/5100 train_loss:3.4201 train_time:1642945ms step_avg:497.41ms
step:3314/5100 train_loss:3.7234 train_time:1643442ms step_avg:497.41ms
step:3315/5100 train_loss:3.4565 train_time:1643931ms step_avg:497.41ms
step:3316/5100 train_loss:3.3416 train_time:1644437ms step_avg:497.41ms
step:3317/5100 train_loss:3.0396 train_time:1644930ms step_avg:497.41ms
step:3318/5100 train_loss:3.5621 train_time:1645428ms step_avg:497.41ms
step:3319/5100 train_loss:3.3999 train_time:1645957ms step_avg:497.42ms
step:3320/5100 train_loss:3.4435 train_time:1646434ms step_avg:497.41ms
step:3321/5100 train_loss:3.4491 train_time:1646903ms step_avg:497.40ms
step:3322/5100 train_loss:3.4709 train_time:1647400ms step_avg:497.40ms
step:3323/5100 train_loss:3.4217 train_time:1647890ms step_avg:497.40ms
step:3324/5100 train_loss:3.3252 train_time:1648384ms step_avg:497.40ms
step:3325/5100 train_loss:3.1934 train_time:1648881ms step_avg:497.40ms
step:3326/5100 train_loss:3.4528 train_time:1649377ms step_avg:497.40ms
step:3327/5100 train_loss:3.3750 train_time:1649867ms step_avg:497.40ms
step:3328/5100 train_loss:3.2884 train_time:1650363ms step_avg:497.40ms
step:3329/5100 train_loss:3.2542 train_time:1650863ms step_avg:497.40ms
step:3330/5100 train_loss:3.4267 train_time:1651363ms step_avg:497.40ms
step:3331/5100 train_loss:3.5334 train_time:1651853ms step_avg:497.40ms
step:3332/5100 train_loss:3.8313 train_time:1652349ms step_avg:497.40ms
step:3333/5100 train_loss:3.4940 train_time:1652836ms step_avg:497.39ms
step:3334/5100 train_loss:3.3027 train_time:1653329ms step_avg:497.39ms
step:3335/5100 train_loss:3.4047 train_time:1653822ms step_avg:497.39ms
step:3336/5100 train_loss:3.4860 train_time:1654319ms step_avg:497.39ms
step:3337/5100 train_loss:3.4180 train_time:1654813ms step_avg:497.39ms
step:3338/5100 train_loss:3.6120 train_time:1655309ms step_avg:497.39ms
step:3339/5100 train_loss:3.5177 train_time:1655804ms step_avg:497.39ms
step:3340/5100 train_loss:3.4262 train_time:1656298ms step_avg:497.39ms
step:3341/5100 train_loss:3.4816 train_time:1656791ms step_avg:497.39ms
step:3342/5100 train_loss:3.4741 train_time:1657285ms step_avg:497.38ms
step:3343/5100 train_loss:3.5551 train_time:1657780ms step_avg:497.38ms
step:3344/5100 train_loss:3.3904 train_time:1658277ms step_avg:497.38ms
step:3345/5100 train_loss:3.2626 train_time:1658768ms step_avg:497.38ms
step:3346/5100 train_loss:3.4166 train_time:1659262ms step_avg:497.38ms
step:3347/5100 train_loss:3.3472 train_time:1659764ms step_avg:497.38ms
step:3348/5100 train_loss:3.4034 train_time:1660287ms step_avg:497.39ms
step:3349/5100 train_loss:3.4334 train_time:1660745ms step_avg:497.38ms
step:3350/5100 train_loss:3.5773 train_time:1661239ms step_avg:497.38ms
step:3351/5100 train_loss:3.2781 train_time:1661732ms step_avg:497.38ms
step:3352/5100 train_loss:3.3357 train_time:1662235ms step_avg:497.38ms
step:3353/5100 train_loss:3.4727 train_time:1662720ms step_avg:497.37ms
step:3354/5100 train_loss:3.3371 train_time:1663222ms step_avg:497.38ms
step:3355/5100 train_loss:3.6148 train_time:1663716ms step_avg:497.37ms
step:3356/5100 train_loss:3.3049 train_time:1664211ms step_avg:497.37ms
step:3357/5100 train_loss:3.5345 train_time:1664710ms step_avg:497.37ms
step:3358/5100 train_loss:3.3106 train_time:1665203ms step_avg:497.37ms
step:3359/5100 train_loss:3.5586 train_time:1665693ms step_avg:497.37ms
step:3360/5100 train_loss:3.2757 train_time:1666187ms step_avg:497.37ms
step:3361/5100 train_loss:3.6931 train_time:1666684ms step_avg:497.37ms
step:3362/5100 train_loss:3.5855 train_time:1667178ms step_avg:497.37ms
step:3363/5100 train_loss:3.5386 train_time:1667672ms step_avg:497.37ms
step:3364/5100 train_loss:3.3881 train_time:1668166ms step_avg:497.37ms
step:3365/5100 train_loss:3.6913 train_time:1668660ms step_avg:497.37ms
step:3366/5100 train_loss:3.4033 train_time:1669157ms step_avg:497.36ms
step:3367/5100 train_loss:3.5364 train_time:1669648ms step_avg:497.36ms
step:3368/5100 train_loss:3.3538 train_time:1670166ms step_avg:497.37ms
step:3369/5100 train_loss:3.3875 train_time:1670663ms step_avg:497.37ms
step:3370/5100 train_loss:3.3556 train_time:1671166ms step_avg:497.37ms
step:3371/5100 train_loss:3.3770 train_time:1671630ms step_avg:497.36ms
step:3372/5100 train_loss:3.3267 train_time:1672122ms step_avg:497.36ms
step:3373/5100 train_loss:3.3760 train_time:1672616ms step_avg:497.36ms
step:3374/5100 train_loss:3.4456 train_time:1673118ms step_avg:497.36ms
step:3375/5100 train_loss:3.3132 train_time:1673610ms step_avg:497.36ms
step:3375/5100 val_loss:3.4242 train_time:1673920ms step_avg:497.45ms
step:3376/5100 train_loss:3.4260 train_time:1674109ms step_avg:497.36ms
step:3377/5100 train_loss:3.4849 train_time:1674600ms step_avg:497.36ms
step:3378/5100 train_loss:3.4187 train_time:1675096ms step_avg:497.36ms
step:3379/5100 train_loss:3.2891 train_time:1675593ms step_avg:497.36ms
step:3380/5100 train_loss:3.4235 train_time:1676083ms step_avg:497.35ms
step:3381/5100 train_loss:3.2936 train_time:1676579ms step_avg:497.35ms
step:3382/5100 train_loss:3.5328 train_time:1677072ms step_avg:497.35ms
step:3383/5100 train_loss:3.3185 train_time:1677563ms step_avg:497.35ms
step:3384/5100 train_loss:3.5343 train_time:1678058ms step_avg:497.35ms
step:3385/5100 train_loss:3.4085 train_time:1678553ms step_avg:497.35ms
step:3386/5100 train_loss:3.3991 train_time:1679046ms step_avg:497.35ms
step:3387/5100 train_loss:3.3377 train_time:1679543ms step_avg:497.35ms
step:3388/5100 train_loss:3.4949 train_time:1680042ms step_avg:497.35ms
step:3389/5100 train_loss:3.4889 train_time:1680532ms step_avg:497.35ms
step:3390/5100 train_loss:3.4416 train_time:1681023ms step_avg:497.34ms
step:3391/5100 train_loss:3.4672 train_time:1681516ms step_avg:497.34ms
step:3392/5100 train_loss:3.4020 train_time:1682009ms step_avg:497.34ms
step:3393/5100 train_loss:3.6003 train_time:1682505ms step_avg:497.34ms
step:3394/5100 train_loss:3.2803 train_time:1683006ms step_avg:497.34ms
step:3395/5100 train_loss:3.3305 train_time:1683505ms step_avg:497.34ms
step:3396/5100 train_loss:3.3505 train_time:1683991ms step_avg:497.34ms
step:3397/5100 train_loss:3.3185 train_time:1684489ms step_avg:497.34ms
step:3398/5100 train_loss:3.3670 train_time:1684978ms step_avg:497.34ms
step:3399/5100 train_loss:3.3458 train_time:1685473ms step_avg:497.34ms
step:3400/5100 train_loss:3.4048 train_time:1685964ms step_avg:497.33ms
step:3401/5100 train_loss:3.6598 train_time:1686459ms step_avg:497.33ms
step:3402/5100 train_loss:3.4461 train_time:1686955ms step_avg:497.33ms
step:3403/5100 train_loss:3.6579 train_time:1687592ms step_avg:497.37ms
step:3404/5100 train_loss:3.4770 train_time:1688085ms step_avg:497.37ms
step:3405/5100 train_loss:3.4525 train_time:1688579ms step_avg:497.37ms
step:3406/5100 train_loss:3.4001 train_time:1689077ms step_avg:497.37ms
step:3407/5100 train_loss:3.5201 train_time:1689571ms step_avg:497.37ms
step:3408/5100 train_loss:3.3890 train_time:1690066ms step_avg:497.37ms
step:3409/5100 train_loss:3.3881 train_time:1690567ms step_avg:497.37ms
step:3410/5100 train_loss:3.4386 train_time:1691056ms step_avg:497.37ms
step:3411/5100 train_loss:3.3024 train_time:1691547ms step_avg:497.37ms
step:3412/5100 train_loss:3.3298 train_time:1692040ms step_avg:497.37ms
step:3413/5100 train_loss:3.4479 train_time:1692535ms step_avg:497.37ms
step:3414/5100 train_loss:3.6429 train_time:1693028ms step_avg:497.36ms
step:3415/5100 train_loss:3.3528 train_time:1693526ms step_avg:497.36ms
step:3416/5100 train_loss:3.4959 train_time:1694019ms step_avg:497.36ms
step:3417/5100 train_loss:3.6020 train_time:1694530ms step_avg:497.37ms
step:3418/5100 train_loss:3.5975 train_time:1695006ms step_avg:497.36ms
step:3419/5100 train_loss:3.4889 train_time:1695501ms step_avg:497.36ms
step:3420/5100 train_loss:3.5497 train_time:1697025ms step_avg:497.66ms
step:3421/5100 train_loss:3.2917 train_time:1697522ms step_avg:497.66ms
step:3422/5100 train_loss:3.3916 train_time:1698014ms step_avg:497.66ms
step:3423/5100 train_loss:3.3099 train_time:1698510ms step_avg:497.66ms
step:3424/5100 train_loss:3.5828 train_time:1699003ms step_avg:497.66ms
step:3425/5100 train_loss:3.7240 train_time:1699498ms step_avg:497.66ms
step:3426/5100 train_loss:3.4392 train_time:1699990ms step_avg:497.66ms
step:3427/5100 train_loss:3.4289 train_time:1700486ms step_avg:497.65ms
step:3428/5100 train_loss:3.4084 train_time:1700979ms step_avg:497.65ms
step:3429/5100 train_loss:3.3178 train_time:1701477ms step_avg:497.65ms
step:3430/5100 train_loss:3.3714 train_time:1701968ms step_avg:497.65ms
step:3431/5100 train_loss:3.4870 train_time:1702465ms step_avg:497.65ms
step:3432/5100 train_loss:3.6299 train_time:1702963ms step_avg:497.65ms
step:3433/5100 train_loss:3.3370 train_time:1703456ms step_avg:497.65ms
step:3434/5100 train_loss:3.6769 train_time:1703949ms step_avg:497.65ms
step:3435/5100 train_loss:3.4917 train_time:1704442ms step_avg:497.65ms
step:3436/5100 train_loss:3.3266 train_time:1704936ms step_avg:497.65ms
step:3437/5100 train_loss:3.3517 train_time:1705455ms step_avg:497.65ms
step:3438/5100 train_loss:3.4063 train_time:1705924ms step_avg:497.64ms
step:3439/5100 train_loss:3.5517 train_time:1706418ms step_avg:497.64ms
step:3440/5100 train_loss:3.2996 train_time:1706910ms step_avg:497.64ms
step:3441/5100 train_loss:3.5428 train_time:1707406ms step_avg:497.64ms
step:3442/5100 train_loss:3.3979 train_time:1707904ms step_avg:497.64ms
step:3443/5100 train_loss:3.5730 train_time:1708395ms step_avg:497.64ms
step:3444/5100 train_loss:3.5024 train_time:1708889ms step_avg:497.64ms
step:3445/5100 train_loss:3.4147 train_time:1709384ms step_avg:497.64ms
step:3446/5100 train_loss:3.3114 train_time:1709879ms step_avg:497.64ms
step:3447/5100 train_loss:3.6806 train_time:1710374ms step_avg:497.64ms
step:3448/5100 train_loss:3.4539 train_time:1710870ms step_avg:497.64ms
step:3449/5100 train_loss:3.2972 train_time:1711363ms step_avg:497.63ms
step:3450/5100 train_loss:3.6089 train_time:1711880ms step_avg:497.64ms
step:3451/5100 train_loss:3.5682 train_time:1712355ms step_avg:497.63ms
step:3452/5100 train_loss:3.5065 train_time:1712845ms step_avg:497.63ms
step:3453/5100 train_loss:3.3410 train_time:1713342ms step_avg:497.63ms
step:3454/5100 train_loss:3.6520 train_time:1713836ms step_avg:497.63ms
step:3455/5100 train_loss:3.2551 train_time:1714328ms step_avg:497.63ms
step:3456/5100 train_loss:3.5738 train_time:1714825ms step_avg:497.63ms
step:3457/5100 train_loss:3.3661 train_time:1715321ms step_avg:497.63ms
step:3458/5100 train_loss:3.4574 train_time:1715813ms step_avg:497.63ms
step:3459/5100 train_loss:3.5069 train_time:1716305ms step_avg:497.62ms
step:3460/5100 train_loss:3.3549 train_time:1716802ms step_avg:497.62ms
step:3461/5100 train_loss:3.4406 train_time:1717295ms step_avg:497.62ms
step:3462/5100 train_loss:3.4191 train_time:1717790ms step_avg:497.62ms
step:3463/5100 train_loss:3.3803 train_time:1718290ms step_avg:497.62ms
step:3464/5100 train_loss:3.3882 train_time:1718780ms step_avg:497.62ms
step:3465/5100 train_loss:3.3119 train_time:1719269ms step_avg:497.62ms
step:3466/5100 train_loss:3.3940 train_time:1719762ms step_avg:497.62ms
step:3467/5100 train_loss:3.4913 train_time:1720256ms step_avg:497.62ms
step:3468/5100 train_loss:3.4573 train_time:1720748ms step_avg:497.61ms
step:3469/5100 train_loss:3.4566 train_time:1721242ms step_avg:497.61ms
step:3470/5100 train_loss:3.4965 train_time:1721756ms step_avg:497.62ms
step:3471/5100 train_loss:3.3470 train_time:1722242ms step_avg:497.61ms
step:3472/5100 train_loss:3.6300 train_time:1722742ms step_avg:497.61ms
step:3473/5100 train_loss:4.2660 train_time:1723227ms step_avg:497.61ms
step:3474/5100 train_loss:3.4743 train_time:1723719ms step_avg:497.61ms
step:3475/5100 train_loss:3.4721 train_time:1724216ms step_avg:497.61ms
step:3476/5100 train_loss:3.4326 train_time:1724708ms step_avg:497.61ms
step:3477/5100 train_loss:3.4362 train_time:1725203ms step_avg:497.61ms
step:3478/5100 train_loss:3.2754 train_time:1725698ms step_avg:497.61ms
step:3479/5100 train_loss:3.4142 train_time:1726193ms step_avg:497.61ms
step:3480/5100 train_loss:3.1785 train_time:1726686ms step_avg:497.60ms
step:3481/5100 train_loss:3.6140 train_time:1727181ms step_avg:497.60ms
step:3482/5100 train_loss:3.4061 train_time:1727674ms step_avg:497.60ms
step:3483/5100 train_loss:3.4220 train_time:1728168ms step_avg:497.60ms
step:3484/5100 train_loss:3.4593 train_time:1728664ms step_avg:497.60ms
step:3485/5100 train_loss:3.4297 train_time:1729157ms step_avg:497.60ms
step:3486/5100 train_loss:3.4469 train_time:1729651ms step_avg:497.60ms
step:3487/5100 train_loss:3.6944 train_time:1730145ms step_avg:497.60ms
step:3488/5100 train_loss:3.4142 train_time:1730643ms step_avg:497.60ms
step:3489/5100 train_loss:3.3488 train_time:1731134ms step_avg:497.60ms
step:3490/5100 train_loss:3.6096 train_time:1731630ms step_avg:497.59ms
step:3491/5100 train_loss:3.5031 train_time:1732124ms step_avg:497.59ms
step:3492/5100 train_loss:3.3963 train_time:1732621ms step_avg:497.59ms
step:3493/5100 train_loss:3.2273 train_time:1733121ms step_avg:497.59ms
step:3494/5100 train_loss:3.6161 train_time:1733615ms step_avg:497.59ms
step:3495/5100 train_loss:3.4199 train_time:1734105ms step_avg:497.59ms
step:3496/5100 train_loss:3.4971 train_time:1734598ms step_avg:497.59ms
step:3497/5100 train_loss:3.5368 train_time:1735092ms step_avg:497.59ms
step:3498/5100 train_loss:3.3461 train_time:1735585ms step_avg:497.59ms
step:3499/5100 train_loss:3.5385 train_time:1736083ms step_avg:497.59ms
step:3500/5100 train_loss:3.4196 train_time:1736575ms step_avg:497.59ms
step:3500/5100 val_loss:3.4169 train_time:1736884ms step_avg:497.67ms
step:3501/5100 train_loss:3.3958 train_time:1737072ms step_avg:497.59ms
step:3502/5100 train_loss:3.6018 train_time:1737562ms step_avg:497.58ms
step:3503/5100 train_loss:3.3358 train_time:1738058ms step_avg:497.58ms
step:3504/5100 train_loss:3.4017 train_time:1738548ms step_avg:497.58ms
step:3505/5100 train_loss:3.4866 train_time:1739042ms step_avg:497.58ms
step:3506/5100 train_loss:3.5664 train_time:1739537ms step_avg:497.58ms
step:3507/5100 train_loss:3.2821 train_time:1740030ms step_avg:497.58ms
step:3508/5100 train_loss:3.4385 train_time:1740526ms step_avg:497.58ms
step:3509/5100 train_loss:3.2999 train_time:1741018ms step_avg:497.58ms
step:3510/5100 train_loss:3.7349 train_time:1741513ms step_avg:497.58ms
step:3511/5100 train_loss:3.3681 train_time:1742014ms step_avg:497.58ms
step:3512/5100 train_loss:3.2691 train_time:1742505ms step_avg:497.57ms
step:3513/5100 train_loss:3.4359 train_time:1743001ms step_avg:497.57ms
step:3514/5100 train_loss:3.3083 train_time:1743493ms step_avg:497.57ms
step:3515/5100 train_loss:3.3251 train_time:1743990ms step_avg:497.57ms
step:3516/5100 train_loss:3.4253 train_time:1744480ms step_avg:497.57ms
step:3517/5100 train_loss:3.3833 train_time:1744976ms step_avg:497.57ms
step:3518/5100 train_loss:3.4927 train_time:1745470ms step_avg:497.57ms
step:3519/5100 train_loss:3.3468 train_time:1745965ms step_avg:497.57ms
step:3520/5100 train_loss:3.2895 train_time:1746458ms step_avg:497.57ms
step:3521/5100 train_loss:3.6297 train_time:1746953ms step_avg:497.57ms
step:3522/5100 train_loss:3.5451 train_time:1747449ms step_avg:497.57ms
step:3523/5100 train_loss:3.4020 train_time:1747944ms step_avg:497.56ms
step:3524/5100 train_loss:3.3141 train_time:1748439ms step_avg:497.56ms
step:3525/5100 train_loss:3.4928 train_time:1748934ms step_avg:497.56ms
step:3526/5100 train_loss:3.3317 train_time:1749427ms step_avg:497.56ms
step:3527/5100 train_loss:3.5561 train_time:1749919ms step_avg:497.56ms
step:3528/5100 train_loss:3.4366 train_time:1750416ms step_avg:497.56ms
step:3529/5100 train_loss:3.1504 train_time:1750907ms step_avg:497.56ms
step:3530/5100 train_loss:3.5778 train_time:1751402ms step_avg:497.56ms
step:3531/5100 train_loss:3.3709 train_time:1751896ms step_avg:497.56ms
step:3532/5100 train_loss:3.2253 train_time:1752389ms step_avg:497.56ms
step:3533/5100 train_loss:3.2859 train_time:1752885ms step_avg:497.55ms
step:3534/5100 train_loss:3.3271 train_time:1753379ms step_avg:497.55ms
step:3535/5100 train_loss:3.2975 train_time:1753879ms step_avg:497.55ms
step:3536/5100 train_loss:3.2671 train_time:1754369ms step_avg:497.55ms
step:3537/5100 train_loss:3.5326 train_time:1754863ms step_avg:497.55ms
step:3538/5100 train_loss:3.4508 train_time:1755355ms step_avg:497.55ms
step:3539/5100 train_loss:3.3376 train_time:1755849ms step_avg:497.55ms
step:3540/5100 train_loss:3.3654 train_time:1756347ms step_avg:497.55ms
step:3541/5100 train_loss:3.6248 train_time:1756837ms step_avg:497.55ms
step:3542/5100 train_loss:3.3516 train_time:1757331ms step_avg:497.55ms
step:3543/5100 train_loss:3.5112 train_time:1757824ms step_avg:497.54ms
step:3544/5100 train_loss:3.6051 train_time:1758318ms step_avg:497.54ms
step:3545/5100 train_loss:3.5742 train_time:1758815ms step_avg:497.54ms
step:3546/5100 train_loss:3.5163 train_time:1759311ms step_avg:497.54ms
step:3547/5100 train_loss:3.3306 train_time:1759803ms step_avg:497.54ms
step:3548/5100 train_loss:3.3402 train_time:1760297ms step_avg:497.54ms
step:3549/5100 train_loss:3.4329 train_time:1760801ms step_avg:497.54ms
step:3550/5100 train_loss:3.5532 train_time:1761288ms step_avg:497.54ms
step:3551/5100 train_loss:3.3325 train_time:1761788ms step_avg:497.54ms
step:3552/5100 train_loss:3.2458 train_time:1762283ms step_avg:497.54ms
step:3553/5100 train_loss:3.4203 train_time:1762778ms step_avg:497.54ms
step:3554/5100 train_loss:3.5207 train_time:1763262ms step_avg:497.53ms
step:3555/5100 train_loss:3.4517 train_time:1763768ms step_avg:497.54ms
step:3556/5100 train_loss:3.3715 train_time:1764259ms step_avg:497.53ms
step:3557/5100 train_loss:3.2224 train_time:1764748ms step_avg:497.53ms
step:3558/5100 train_loss:3.2945 train_time:1765247ms step_avg:497.53ms
step:3559/5100 train_loss:3.4829 train_time:1765733ms step_avg:497.53ms
step:3560/5100 train_loss:3.9708 train_time:1766226ms step_avg:497.53ms
step:3561/5100 train_loss:3.4704 train_time:1766719ms step_avg:497.53ms
step:3562/5100 train_loss:3.4510 train_time:1767217ms step_avg:497.53ms
step:3563/5100 train_loss:3.2751 train_time:1767712ms step_avg:497.53ms
step:3564/5100 train_loss:3.6945 train_time:1768202ms step_avg:497.52ms
step:3565/5100 train_loss:3.3306 train_time:1768696ms step_avg:497.52ms
step:3566/5100 train_loss:3.1861 train_time:1769190ms step_avg:497.52ms
step:3567/5100 train_loss:3.4158 train_time:1769683ms step_avg:497.52ms
step:3568/5100 train_loss:3.5876 train_time:1770178ms step_avg:497.52ms
step:3569/5100 train_loss:3.4343 train_time:1770671ms step_avg:497.52ms
step:3570/5100 train_loss:3.4270 train_time:1771165ms step_avg:497.52ms
step:3571/5100 train_loss:3.5456 train_time:1771661ms step_avg:497.52ms
step:3572/5100 train_loss:3.7402 train_time:1772159ms step_avg:497.52ms
step:3573/5100 train_loss:3.2488 train_time:1772656ms step_avg:497.52ms
step:3574/5100 train_loss:3.4462 train_time:1773145ms step_avg:497.52ms
step:3575/5100 train_loss:3.6160 train_time:1773640ms step_avg:497.51ms
step:3576/5100 train_loss:3.6100 train_time:1774134ms step_avg:497.51ms
step:3577/5100 train_loss:3.3706 train_time:1774626ms step_avg:497.51ms
step:3578/5100 train_loss:3.3556 train_time:1775122ms step_avg:497.51ms
step:3579/5100 train_loss:3.4956 train_time:1775613ms step_avg:497.51ms
step:3580/5100 train_loss:3.4371 train_time:1776106ms step_avg:497.51ms
step:3581/5100 train_loss:3.3604 train_time:1776601ms step_avg:497.51ms
step:3582/5100 train_loss:3.3350 train_time:1777094ms step_avg:497.51ms
step:3583/5100 train_loss:3.2865 train_time:1777592ms step_avg:497.51ms
step:3584/5100 train_loss:3.3708 train_time:1778085ms step_avg:497.51ms
step:3585/5100 train_loss:3.4933 train_time:1778582ms step_avg:497.51ms
step:3586/5100 train_loss:3.3875 train_time:1779072ms step_avg:497.50ms
step:3587/5100 train_loss:3.3613 train_time:1779566ms step_avg:497.50ms
step:3588/5100 train_loss:3.3638 train_time:1780060ms step_avg:497.50ms
step:3589/5100 train_loss:3.3594 train_time:1780555ms step_avg:497.50ms
step:3590/5100 train_loss:3.5156 train_time:1781050ms step_avg:497.50ms
step:3591/5100 train_loss:3.7148 train_time:1781545ms step_avg:497.50ms
step:3592/5100 train_loss:3.4828 train_time:1782161ms step_avg:497.53ms
step:3593/5100 train_loss:3.5191 train_time:1782655ms step_avg:497.53ms
step:3594/5100 train_loss:3.4278 train_time:1783149ms step_avg:497.53ms
step:3595/5100 train_loss:3.4663 train_time:1783645ms step_avg:497.53ms
step:3596/5100 train_loss:3.2047 train_time:1784140ms step_avg:497.53ms
step:3597/5100 train_loss:3.3708 train_time:1784633ms step_avg:497.53ms
step:3598/5100 train_loss:3.7303 train_time:1785127ms step_avg:497.53ms
step:3599/5100 train_loss:3.4231 train_time:1785621ms step_avg:497.53ms
step:3600/5100 train_loss:3.2487 train_time:1786118ms step_avg:497.53ms
step:3601/5100 train_loss:3.4249 train_time:1786610ms step_avg:497.52ms
step:3602/5100 train_loss:3.5562 train_time:1787103ms step_avg:497.52ms
step:3603/5100 train_loss:3.4637 train_time:1787600ms step_avg:497.52ms
step:3604/5100 train_loss:3.4327 train_time:1788093ms step_avg:497.52ms
step:3605/5100 train_loss:3.7106 train_time:1788589ms step_avg:497.52ms
step:3606/5100 train_loss:3.3241 train_time:1789084ms step_avg:497.52ms
step:3607/5100 train_loss:3.3028 train_time:1789579ms step_avg:497.52ms
step:3608/5100 train_loss:3.8390 train_time:1790077ms step_avg:497.52ms
step:3609/5100 train_loss:3.3491 train_time:1790564ms step_avg:497.52ms
step:3610/5100 train_loss:3.3348 train_time:1791351ms step_avg:497.60ms
step:3611/5100 train_loss:3.2456 train_time:1791842ms step_avg:497.60ms
step:3612/5100 train_loss:3.3891 train_time:1792336ms step_avg:497.59ms
step:3613/5100 train_loss:3.5203 train_time:1792838ms step_avg:497.60ms
step:3614/5100 train_loss:3.4299 train_time:1793335ms step_avg:497.60ms
step:3615/5100 train_loss:3.9274 train_time:1793831ms step_avg:497.60ms
step:3616/5100 train_loss:3.2450 train_time:1794318ms step_avg:497.59ms
step:3617/5100 train_loss:3.3814 train_time:1794812ms step_avg:497.59ms
step:3618/5100 train_loss:3.3117 train_time:1795304ms step_avg:497.59ms
step:3619/5100 train_loss:3.6020 train_time:1795800ms step_avg:497.59ms
step:3620/5100 train_loss:3.4457 train_time:1796294ms step_avg:497.59ms
step:3621/5100 train_loss:3.2917 train_time:1796788ms step_avg:497.59ms
step:3622/5100 train_loss:3.3916 train_time:1797305ms step_avg:497.59ms
step:3623/5100 train_loss:3.4067 train_time:1797805ms step_avg:497.59ms
step:3624/5100 train_loss:3.3002 train_time:1798271ms step_avg:497.58ms
step:3625/5100 train_loss:3.4813 train_time:1798764ms step_avg:497.58ms
step:3625/5100 val_loss:3.4141 train_time:1799074ms step_avg:497.67ms
step:3626/5100 train_loss:3.6072 train_time:1799273ms step_avg:497.59ms
step:3627/5100 train_loss:3.5857 train_time:1799752ms step_avg:497.58ms
step:3628/5100 train_loss:3.3333 train_time:1800250ms step_avg:497.58ms
step:3629/5100 train_loss:3.2096 train_time:1800743ms step_avg:497.58ms
step:3630/5100 train_loss:3.4900 train_time:1801235ms step_avg:497.58ms
step:3631/5100 train_loss:3.2934 train_time:1801735ms step_avg:497.58ms
step:3632/5100 train_loss:3.5940 train_time:1802225ms step_avg:497.58ms
step:3633/5100 train_loss:3.4034 train_time:1802717ms step_avg:497.58ms
step:3634/5100 train_loss:3.4389 train_time:1803217ms step_avg:497.58ms
step:3635/5100 train_loss:3.2968 train_time:1803740ms step_avg:497.58ms
step:3636/5100 train_loss:3.3732 train_time:1804229ms step_avg:497.58ms
step:3637/5100 train_loss:3.4454 train_time:1804722ms step_avg:497.58ms
step:3638/5100 train_loss:3.3641 train_time:1805230ms step_avg:497.58ms
step:3639/5100 train_loss:3.4811 train_time:1805724ms step_avg:497.58ms
step:3640/5100 train_loss:3.4623 train_time:1806217ms step_avg:497.58ms
step:3641/5100 train_loss:3.3495 train_time:1806716ms step_avg:497.58ms
step:3642/5100 train_loss:3.3486 train_time:1807217ms step_avg:497.58ms
step:3643/5100 train_loss:3.4125 train_time:1807710ms step_avg:497.58ms
step:3644/5100 train_loss:3.4738 train_time:1808192ms step_avg:497.58ms
step:3645/5100 train_loss:3.2977 train_time:1808690ms step_avg:497.58ms
step:3646/5100 train_loss:3.5234 train_time:1809182ms step_avg:497.57ms
step:3647/5100 train_loss:3.3551 train_time:1809685ms step_avg:497.58ms
step:3648/5100 train_loss:3.4273 train_time:1810170ms step_avg:497.57ms
step:3649/5100 train_loss:3.5201 train_time:1810670ms step_avg:497.57ms
step:3650/5100 train_loss:3.4324 train_time:1811160ms step_avg:497.57ms
step:3651/5100 train_loss:3.5488 train_time:1811646ms step_avg:497.57ms
step:3652/5100 train_loss:3.6299 train_time:1812132ms step_avg:497.56ms
step:3653/5100 train_loss:3.3145 train_time:1812621ms step_avg:497.56ms
step:3654/5100 train_loss:3.4461 train_time:1813120ms step_avg:497.56ms
step:3655/5100 train_loss:3.5265 train_time:1813607ms step_avg:497.56ms
step:3656/5100 train_loss:3.3521 train_time:1814109ms step_avg:497.56ms
step:3657/5100 train_loss:3.5890 train_time:1814600ms step_avg:497.56ms
step:3658/5100 train_loss:3.4441 train_time:1815092ms step_avg:497.56ms
step:3659/5100 train_loss:3.4150 train_time:1815607ms step_avg:497.56ms
step:3660/5100 train_loss:3.3317 train_time:1816090ms step_avg:497.56ms
step:3661/5100 train_loss:3.4319 train_time:1816573ms step_avg:497.55ms
step:3662/5100 train_loss:3.3565 train_time:1817065ms step_avg:497.55ms
step:3663/5100 train_loss:3.6135 train_time:1817558ms step_avg:497.55ms
step:3664/5100 train_loss:3.4808 train_time:1818052ms step_avg:497.55ms
step:3665/5100 train_loss:3.3497 train_time:1818544ms step_avg:497.55ms
step:3666/5100 train_loss:3.2463 train_time:1819040ms step_avg:497.55ms
step:3667/5100 train_loss:3.5869 train_time:1819538ms step_avg:497.55ms
step:3668/5100 train_loss:3.3228 train_time:1820029ms step_avg:497.55ms
step:3669/5100 train_loss:3.5019 train_time:1820530ms step_avg:497.55ms
step:3670/5100 train_loss:3.4045 train_time:1821015ms step_avg:497.55ms
step:3671/5100 train_loss:3.5661 train_time:1821509ms step_avg:497.54ms
step:3672/5100 train_loss:3.5312 train_time:1822003ms step_avg:497.54ms
step:3673/5100 train_loss:3.3524 train_time:1822496ms step_avg:497.54ms
step:3674/5100 train_loss:3.2563 train_time:1822990ms step_avg:497.54ms
step:3675/5100 train_loss:3.3563 train_time:1823484ms step_avg:497.54ms
step:3676/5100 train_loss:3.4665 train_time:1823977ms step_avg:497.54ms
step:3677/5100 train_loss:3.3505 train_time:1824471ms step_avg:497.54ms
step:3678/5100 train_loss:3.4963 train_time:1824968ms step_avg:497.54ms
step:3679/5100 train_loss:3.3749 train_time:1825465ms step_avg:497.54ms
step:3680/5100 train_loss:3.2757 train_time:1825959ms step_avg:497.54ms
step:3681/5100 train_loss:3.3689 train_time:1826447ms step_avg:497.53ms
step:3682/5100 train_loss:3.5322 train_time:1826946ms step_avg:497.53ms
step:3683/5100 train_loss:3.6704 train_time:1827439ms step_avg:497.53ms
step:3684/5100 train_loss:3.3416 train_time:1827935ms step_avg:497.53ms
step:3685/5100 train_loss:3.5600 train_time:1828448ms step_avg:497.54ms
step:3686/5100 train_loss:3.6239 train_time:1828918ms step_avg:497.53ms
step:3687/5100 train_loss:3.2091 train_time:1829410ms step_avg:497.53ms
step:3688/5100 train_loss:3.6124 train_time:1829905ms step_avg:497.53ms
step:3689/5100 train_loss:3.2628 train_time:1830403ms step_avg:497.53ms
step:3690/5100 train_loss:3.4037 train_time:1830892ms step_avg:497.52ms
step:3691/5100 train_loss:3.3469 train_time:1831387ms step_avg:497.52ms
step:3692/5100 train_loss:3.2297 train_time:1831882ms step_avg:497.52ms
step:3693/5100 train_loss:3.3821 train_time:1832376ms step_avg:497.52ms
step:3694/5100 train_loss:3.4370 train_time:1832870ms step_avg:497.52ms
step:3695/5100 train_loss:3.4317 train_time:1833365ms step_avg:497.52ms
step:3696/5100 train_loss:3.5900 train_time:1833859ms step_avg:497.52ms
step:3697/5100 train_loss:3.1705 train_time:1834352ms step_avg:497.52ms
step:3698/5100 train_loss:3.3932 train_time:1834846ms step_avg:497.52ms
step:3699/5100 train_loss:3.5316 train_time:1835340ms step_avg:497.52ms
step:3700/5100 train_loss:3.4720 train_time:1835835ms step_avg:497.52ms
step:3701/5100 train_loss:3.4988 train_time:1836332ms step_avg:497.52ms
step:3702/5100 train_loss:3.4845 train_time:1836823ms step_avg:497.51ms
step:3703/5100 train_loss:3.4383 train_time:1837319ms step_avg:497.51ms
step:3704/5100 train_loss:3.2146 train_time:1837808ms step_avg:497.51ms
step:3705/5100 train_loss:3.5258 train_time:1838308ms step_avg:497.51ms
step:3706/5100 train_loss:3.6787 train_time:1838797ms step_avg:497.51ms
step:3707/5100 train_loss:3.6197 train_time:1839292ms step_avg:497.51ms
step:3708/5100 train_loss:3.4643 train_time:1839788ms step_avg:497.51ms
step:3709/5100 train_loss:3.3890 train_time:1840280ms step_avg:497.51ms
step:3710/5100 train_loss:3.6596 train_time:1840776ms step_avg:497.51ms
step:3711/5100 train_loss:3.1851 train_time:1841271ms step_avg:497.51ms
step:3712/5100 train_loss:3.5511 train_time:1841764ms step_avg:497.51ms
step:3713/5100 train_loss:3.3244 train_time:1842256ms step_avg:497.50ms
step:3714/5100 train_loss:3.4522 train_time:1842750ms step_avg:497.50ms
step:3715/5100 train_loss:3.9601 train_time:1843243ms step_avg:497.50ms
step:3716/5100 train_loss:3.8179 train_time:1843741ms step_avg:497.50ms
step:3717/5100 train_loss:3.6985 train_time:1844233ms step_avg:497.50ms
step:3718/5100 train_loss:3.3880 train_time:1844731ms step_avg:497.50ms
step:3719/5100 train_loss:3.1987 train_time:1845227ms step_avg:497.50ms
step:3720/5100 train_loss:3.5833 train_time:1845717ms step_avg:497.50ms
step:3721/5100 train_loss:3.2137 train_time:1846210ms step_avg:497.50ms
step:3722/5100 train_loss:3.4763 train_time:1846707ms step_avg:497.50ms
step:3723/5100 train_loss:3.3585 train_time:1847205ms step_avg:497.50ms
step:3724/5100 train_loss:3.3171 train_time:1847695ms step_avg:497.49ms
step:3725/5100 train_loss:3.5667 train_time:1848191ms step_avg:497.49ms
step:3726/5100 train_loss:3.3759 train_time:1848682ms step_avg:497.49ms
step:3727/5100 train_loss:3.6222 train_time:1849179ms step_avg:497.49ms
step:3728/5100 train_loss:3.3769 train_time:1849669ms step_avg:497.49ms
step:3729/5100 train_loss:3.3361 train_time:1850162ms step_avg:497.49ms
step:3730/5100 train_loss:3.5396 train_time:1850660ms step_avg:497.49ms
step:3731/5100 train_loss:3.5346 train_time:1851156ms step_avg:497.49ms
step:3732/5100 train_loss:3.3233 train_time:1851652ms step_avg:497.49ms
step:3733/5100 train_loss:3.2584 train_time:1852141ms step_avg:497.49ms
step:3734/5100 train_loss:3.4482 train_time:1852636ms step_avg:497.49ms
step:3735/5100 train_loss:3.2857 train_time:1853134ms step_avg:497.49ms
step:3736/5100 train_loss:3.2931 train_time:1853627ms step_avg:497.48ms
step:3737/5100 train_loss:3.3927 train_time:1854119ms step_avg:497.48ms
step:3738/5100 train_loss:3.4942 train_time:1854611ms step_avg:497.48ms
step:3739/5100 train_loss:3.2737 train_time:1855110ms step_avg:497.48ms
step:3740/5100 train_loss:3.3739 train_time:1855600ms step_avg:497.48ms
step:3741/5100 train_loss:3.5419 train_time:1856096ms step_avg:497.48ms
step:3742/5100 train_loss:3.4136 train_time:1856592ms step_avg:497.48ms
step:3743/5100 train_loss:3.4301 train_time:1857084ms step_avg:497.48ms
step:3744/5100 train_loss:3.5243 train_time:1857580ms step_avg:497.48ms
step:3745/5100 train_loss:3.3529 train_time:1858072ms step_avg:497.48ms
step:3746/5100 train_loss:3.2791 train_time:1858581ms step_avg:497.48ms
step:3747/5100 train_loss:3.4373 train_time:1859060ms step_avg:497.47ms
step:3748/5100 train_loss:3.3610 train_time:1859554ms step_avg:497.47ms
step:3749/5100 train_loss:3.2736 train_time:1860051ms step_avg:497.47ms
step:3750/5100 train_loss:3.4677 train_time:1860545ms step_avg:497.47ms
step:3750/5100 val_loss:3.4028 train_time:1860851ms step_avg:497.55ms
step:3751/5100 train_loss:3.4361 train_time:1861037ms step_avg:497.47ms
step:3752/5100 train_loss:3.6133 train_time:1861533ms step_avg:497.47ms
step:3753/5100 train_loss:3.2642 train_time:1862027ms step_avg:497.47ms
step:3754/5100 train_loss:3.4081 train_time:1862518ms step_avg:497.47ms
step:3755/5100 train_loss:3.4781 train_time:1863010ms step_avg:497.47ms
step:3756/5100 train_loss:3.5784 train_time:1863504ms step_avg:497.47ms
step:3757/5100 train_loss:3.4785 train_time:1863998ms step_avg:497.46ms
step:3758/5100 train_loss:3.3313 train_time:1864491ms step_avg:497.46ms
step:3759/5100 train_loss:3.5767 train_time:1864985ms step_avg:497.46ms
step:3760/5100 train_loss:3.5608 train_time:1865482ms step_avg:497.46ms
step:3761/5100 train_loss:3.1908 train_time:1865971ms step_avg:497.46ms
step:3762/5100 train_loss:3.3846 train_time:1866470ms step_avg:497.46ms
step:3763/5100 train_loss:3.3315 train_time:1866965ms step_avg:497.46ms
step:3764/5100 train_loss:3.5219 train_time:1867454ms step_avg:497.46ms
step:3765/5100 train_loss:3.3549 train_time:1867949ms step_avg:497.46ms
step:3766/5100 train_loss:3.4111 train_time:1868443ms step_avg:497.46ms
step:3767/5100 train_loss:3.3907 train_time:1868935ms step_avg:497.45ms
step:3768/5100 train_loss:3.3199 train_time:1869429ms step_avg:497.45ms
step:3769/5100 train_loss:3.4988 train_time:1869924ms step_avg:497.45ms
step:3770/5100 train_loss:3.3177 train_time:1870419ms step_avg:497.45ms
step:3771/5100 train_loss:3.2580 train_time:1870911ms step_avg:497.45ms
step:3772/5100 train_loss:3.4243 train_time:1871405ms step_avg:497.45ms
step:3773/5100 train_loss:3.3912 train_time:1871904ms step_avg:497.45ms
step:3774/5100 train_loss:3.3608 train_time:1872393ms step_avg:497.45ms
step:3775/5100 train_loss:3.4425 train_time:1872887ms step_avg:497.45ms
step:3776/5100 train_loss:3.6197 train_time:1873389ms step_avg:497.45ms
step:3777/5100 train_loss:3.4557 train_time:1873883ms step_avg:497.45ms
step:3778/5100 train_loss:3.5026 train_time:1874378ms step_avg:497.45ms
step:3779/5100 train_loss:3.5440 train_time:1874871ms step_avg:497.45ms
step:3780/5100 train_loss:3.4402 train_time:1875367ms step_avg:497.44ms
step:3781/5100 train_loss:3.3934 train_time:1875990ms step_avg:497.48ms
step:3782/5100 train_loss:3.4752 train_time:1876485ms step_avg:497.48ms
step:3783/5100 train_loss:3.4545 train_time:1876980ms step_avg:497.48ms
step:3784/5100 train_loss:3.4703 train_time:1877473ms step_avg:497.48ms
step:3785/5100 train_loss:3.2563 train_time:1877969ms step_avg:497.48ms
step:3786/5100 train_loss:3.2626 train_time:1878461ms step_avg:497.47ms
step:3787/5100 train_loss:3.4460 train_time:1878958ms step_avg:497.47ms
step:3788/5100 train_loss:3.3936 train_time:1879451ms step_avg:497.47ms
step:3789/5100 train_loss:3.2900 train_time:1879943ms step_avg:497.47ms
step:3790/5100 train_loss:3.3712 train_time:1880437ms step_avg:497.47ms
step:3791/5100 train_loss:3.3086 train_time:1880931ms step_avg:497.47ms
step:3792/5100 train_loss:3.4617 train_time:1881431ms step_avg:497.47ms
step:3793/5100 train_loss:3.4800 train_time:1881923ms step_avg:497.47ms
step:3794/5100 train_loss:3.3972 train_time:1882417ms step_avg:497.47ms
step:3795/5100 train_loss:3.2882 train_time:1882912ms step_avg:497.47ms
step:3796/5100 train_loss:3.1749 train_time:1883407ms step_avg:497.47ms
step:3797/5100 train_loss:3.3422 train_time:1883904ms step_avg:497.47ms
step:3798/5100 train_loss:3.3147 train_time:1884397ms step_avg:497.46ms
step:3799/5100 train_loss:3.3894 train_time:1884886ms step_avg:497.46ms
step:3800/5100 train_loss:3.4062 train_time:1886164ms step_avg:497.67ms
step:3801/5100 train_loss:3.2592 train_time:1886659ms step_avg:497.67ms
step:3802/5100 train_loss:3.2927 train_time:1887151ms step_avg:497.67ms
step:3803/5100 train_loss:3.5081 train_time:1887648ms step_avg:497.67ms
step:3804/5100 train_loss:3.5110 train_time:1888145ms step_avg:497.67ms
step:3805/5100 train_loss:3.3372 train_time:1888634ms step_avg:497.66ms
step:3806/5100 train_loss:3.5116 train_time:1889122ms step_avg:497.66ms
step:3807/5100 train_loss:3.5550 train_time:1889618ms step_avg:497.66ms
step:3808/5100 train_loss:3.4058 train_time:1890114ms step_avg:497.66ms
step:3809/5100 train_loss:3.2859 train_time:1890608ms step_avg:497.66ms
step:3810/5100 train_loss:3.3739 train_time:1891103ms step_avg:497.66ms
step:3811/5100 train_loss:3.4664 train_time:1891600ms step_avg:497.66ms
step:3812/5100 train_loss:3.2876 train_time:1892090ms step_avg:497.66ms
step:3813/5100 train_loss:3.5918 train_time:1892585ms step_avg:497.66ms
step:3814/5100 train_loss:3.4125 train_time:1893082ms step_avg:497.66ms
step:3815/5100 train_loss:3.1987 train_time:1893573ms step_avg:497.65ms
step:3816/5100 train_loss:3.6721 train_time:1894065ms step_avg:497.65ms
step:3817/5100 train_loss:3.4752 train_time:1894561ms step_avg:497.65ms
step:3818/5100 train_loss:3.4828 train_time:1895060ms step_avg:497.65ms
step:3819/5100 train_loss:3.3045 train_time:1895551ms step_avg:497.65ms
step:3820/5100 train_loss:3.3667 train_time:1896044ms step_avg:497.65ms
step:3821/5100 train_loss:3.3513 train_time:1896537ms step_avg:497.65ms
step:3822/5100 train_loss:3.4564 train_time:1897032ms step_avg:497.65ms
step:3823/5100 train_loss:3.2572 train_time:1897525ms step_avg:497.65ms
step:3824/5100 train_loss:3.3819 train_time:1898022ms step_avg:497.65ms
step:3825/5100 train_loss:3.3707 train_time:1898517ms step_avg:497.65ms
step:3826/5100 train_loss:3.5854 train_time:1899009ms step_avg:497.64ms
step:3827/5100 train_loss:3.4476 train_time:1899500ms step_avg:497.64ms
step:3828/5100 train_loss:4.0152 train_time:1899998ms step_avg:497.64ms
step:3829/5100 train_loss:3.4616 train_time:1900491ms step_avg:497.64ms
step:3830/5100 train_loss:3.3439 train_time:1900983ms step_avg:497.64ms
step:3831/5100 train_loss:3.3783 train_time:1901477ms step_avg:497.64ms
step:3832/5100 train_loss:3.6291 train_time:1901969ms step_avg:497.64ms
step:3833/5100 train_loss:3.3119 train_time:1902465ms step_avg:497.64ms
step:3834/5100 train_loss:3.4481 train_time:1902959ms step_avg:497.64ms
step:3835/5100 train_loss:3.3485 train_time:1903452ms step_avg:497.63ms
step:3836/5100 train_loss:3.1195 train_time:1903947ms step_avg:497.63ms
step:3837/5100 train_loss:3.5862 train_time:1904440ms step_avg:497.63ms
step:3838/5100 train_loss:3.4732 train_time:1904936ms step_avg:497.63ms
step:3839/5100 train_loss:3.3822 train_time:1905432ms step_avg:497.63ms
step:3840/5100 train_loss:3.4803 train_time:1905926ms step_avg:497.63ms
step:3841/5100 train_loss:3.5133 train_time:1906420ms step_avg:497.63ms
step:3842/5100 train_loss:3.3583 train_time:1906913ms step_avg:497.63ms
step:3843/5100 train_loss:3.3026 train_time:1907407ms step_avg:497.63ms
step:3844/5100 train_loss:3.6079 train_time:1907901ms step_avg:497.63ms
step:3845/5100 train_loss:3.3583 train_time:1908400ms step_avg:497.63ms
step:3846/5100 train_loss:3.1700 train_time:1908894ms step_avg:497.63ms
step:3847/5100 train_loss:3.5282 train_time:1909397ms step_avg:497.63ms
step:3848/5100 train_loss:3.3341 train_time:1909885ms step_avg:497.63ms
step:3849/5100 train_loss:3.4136 train_time:1910381ms step_avg:497.62ms
step:3850/5100 train_loss:3.4029 train_time:1910870ms step_avg:497.62ms
step:3851/5100 train_loss:3.3308 train_time:1911367ms step_avg:497.62ms
step:3852/5100 train_loss:3.4609 train_time:1911861ms step_avg:497.62ms
step:3853/5100 train_loss:3.2023 train_time:1912354ms step_avg:497.62ms
step:3854/5100 train_loss:3.1783 train_time:1912849ms step_avg:497.62ms
step:3855/5100 train_loss:3.4116 train_time:1913344ms step_avg:497.62ms
step:3856/5100 train_loss:3.3958 train_time:1913838ms step_avg:497.62ms
step:3857/5100 train_loss:3.3326 train_time:1914334ms step_avg:497.62ms
step:3858/5100 train_loss:3.4063 train_time:1914829ms step_avg:497.62ms
step:3859/5100 train_loss:3.3622 train_time:1915325ms step_avg:497.62ms
step:3860/5100 train_loss:3.5287 train_time:1915816ms step_avg:497.61ms
step:3861/5100 train_loss:3.6586 train_time:1916314ms step_avg:497.61ms
step:3862/5100 train_loss:3.4639 train_time:1916808ms step_avg:497.61ms
step:3863/5100 train_loss:3.4670 train_time:1917302ms step_avg:497.61ms
step:3864/5100 train_loss:3.4736 train_time:1917798ms step_avg:497.61ms
step:3865/5100 train_loss:3.4313 train_time:1918289ms step_avg:497.61ms
step:3866/5100 train_loss:3.5135 train_time:1918782ms step_avg:497.61ms
step:3867/5100 train_loss:3.3478 train_time:1919277ms step_avg:497.61ms
step:3868/5100 train_loss:3.5071 train_time:1919770ms step_avg:497.61ms
step:3869/5100 train_loss:3.7192 train_time:1920265ms step_avg:497.61ms
step:3870/5100 train_loss:3.5199 train_time:1920759ms step_avg:497.61ms
step:3871/5100 train_loss:3.3822 train_time:1921252ms step_avg:497.60ms
step:3872/5100 train_loss:3.5007 train_time:1921751ms step_avg:497.61ms
step:3873/5100 train_loss:3.4148 train_time:1922244ms step_avg:497.60ms
step:3874/5100 train_loss:3.5548 train_time:1922740ms step_avg:497.60ms
step:3875/5100 train_loss:3.4355 train_time:1923229ms step_avg:497.60ms
step:3875/5100 val_loss:3.3901 train_time:1923537ms step_avg:497.68ms
step:3876/5100 train_loss:3.4726 train_time:1923726ms step_avg:497.60ms
step:3877/5100 train_loss:3.4130 train_time:1924218ms step_avg:497.60ms
step:3878/5100 train_loss:3.4615 train_time:1924714ms step_avg:497.60ms
step:3879/5100 train_loss:3.3729 train_time:1925205ms step_avg:497.60ms
step:3880/5100 train_loss:3.3321 train_time:1925699ms step_avg:497.60ms
step:3881/5100 train_loss:3.3584 train_time:1926197ms step_avg:497.60ms
step:3882/5100 train_loss:3.3367 train_time:1926690ms step_avg:497.60ms
step:3883/5100 train_loss:3.3185 train_time:1927181ms step_avg:497.59ms
step:3884/5100 train_loss:3.3093 train_time:1927676ms step_avg:497.59ms
step:3885/5100 train_loss:3.2976 train_time:1928168ms step_avg:497.59ms
step:3886/5100 train_loss:3.2755 train_time:1928662ms step_avg:497.59ms
step:3887/5100 train_loss:3.3680 train_time:1929155ms step_avg:497.59ms
step:3888/5100 train_loss:3.3804 train_time:1929650ms step_avg:497.59ms
step:3889/5100 train_loss:3.4263 train_time:1930144ms step_avg:497.59ms
step:3890/5100 train_loss:3.2319 train_time:1930637ms step_avg:497.59ms
step:3891/5100 train_loss:3.4875 train_time:1931133ms step_avg:497.59ms
step:3892/5100 train_loss:3.4239 train_time:1931631ms step_avg:497.59ms
step:3893/5100 train_loss:3.8171 train_time:1932124ms step_avg:497.59ms
step:3894/5100 train_loss:3.3056 train_time:1932616ms step_avg:497.58ms
step:3895/5100 train_loss:3.4227 train_time:1933108ms step_avg:497.58ms
step:3896/5100 train_loss:3.5628 train_time:1933605ms step_avg:497.58ms
step:3897/5100 train_loss:3.9415 train_time:1934100ms step_avg:497.58ms
step:3898/5100 train_loss:3.1725 train_time:1934599ms step_avg:497.58ms
step:3899/5100 train_loss:3.4445 train_time:1935088ms step_avg:497.58ms
step:3900/5100 train_loss:3.5817 train_time:1935583ms step_avg:497.58ms
step:3901/5100 train_loss:3.4748 train_time:1936076ms step_avg:497.58ms
step:3902/5100 train_loss:3.5789 train_time:1936572ms step_avg:497.58ms
step:3903/5100 train_loss:3.3783 train_time:1937066ms step_avg:497.58ms
step:3904/5100 train_loss:3.3598 train_time:1937557ms step_avg:497.57ms
step:3905/5100 train_loss:3.3256 train_time:1938052ms step_avg:497.57ms
step:3906/5100 train_loss:3.3585 train_time:1938560ms step_avg:497.58ms
step:3907/5100 train_loss:3.5008 train_time:1939054ms step_avg:497.58ms
step:3908/5100 train_loss:3.4538 train_time:1939548ms step_avg:497.58ms
step:3909/5100 train_loss:3.4394 train_time:1940028ms step_avg:497.57ms
step:3910/5100 train_loss:3.3959 train_time:1940524ms step_avg:497.57ms
step:3911/5100 train_loss:3.3133 train_time:1941016ms step_avg:497.57ms
step:3912/5100 train_loss:3.3258 train_time:1941509ms step_avg:497.57ms
step:3913/5100 train_loss:3.3531 train_time:1942001ms step_avg:497.57ms
step:3914/5100 train_loss:3.6232 train_time:1942498ms step_avg:497.57ms
step:3915/5100 train_loss:3.3345 train_time:1942990ms step_avg:497.56ms
step:3916/5100 train_loss:3.2477 train_time:1943483ms step_avg:497.56ms
step:3917/5100 train_loss:3.2675 train_time:1943977ms step_avg:497.56ms
step:3918/5100 train_loss:3.4312 train_time:1944471ms step_avg:497.56ms
step:3919/5100 train_loss:3.6842 train_time:1944967ms step_avg:497.56ms
step:3920/5100 train_loss:3.3315 train_time:1945460ms step_avg:497.56ms
step:3921/5100 train_loss:3.2637 train_time:1945958ms step_avg:497.56ms
step:3922/5100 train_loss:3.4562 train_time:1946449ms step_avg:497.56ms
step:3923/5100 train_loss:3.3402 train_time:1946943ms step_avg:497.56ms
step:3924/5100 train_loss:3.4233 train_time:1947438ms step_avg:497.56ms
step:3925/5100 train_loss:3.4820 train_time:1947931ms step_avg:497.56ms
step:3926/5100 train_loss:3.5031 train_time:1948432ms step_avg:497.56ms
step:3927/5100 train_loss:3.3677 train_time:1948932ms step_avg:497.56ms
step:3928/5100 train_loss:3.4470 train_time:1949416ms step_avg:497.55ms
step:3929/5100 train_loss:3.3464 train_time:1949909ms step_avg:497.55ms
step:3930/5100 train_loss:3.6766 train_time:1950401ms step_avg:497.55ms
step:3931/5100 train_loss:3.4340 train_time:1950894ms step_avg:497.55ms
step:3932/5100 train_loss:3.4873 train_time:1951388ms step_avg:497.55ms
step:3933/5100 train_loss:3.4081 train_time:1951891ms step_avg:497.55ms
step:3934/5100 train_loss:3.4181 train_time:1952390ms step_avg:497.55ms
step:3935/5100 train_loss:3.4720 train_time:1952888ms step_avg:497.55ms
step:3936/5100 train_loss:3.5068 train_time:1953381ms step_avg:497.55ms
step:3937/5100 train_loss:3.4621 train_time:1953871ms step_avg:497.55ms
step:3938/5100 train_loss:3.4960 train_time:1954367ms step_avg:497.55ms
step:3939/5100 train_loss:3.3973 train_time:1954862ms step_avg:497.55ms
step:3940/5100 train_loss:3.3366 train_time:1955359ms step_avg:497.55ms
step:3941/5100 train_loss:3.3246 train_time:1955852ms step_avg:497.55ms
step:3942/5100 train_loss:3.4564 train_time:1956348ms step_avg:497.55ms
step:3943/5100 train_loss:3.6434 train_time:1956841ms step_avg:497.54ms
step:3944/5100 train_loss:3.4626 train_time:1957335ms step_avg:497.54ms
step:3945/5100 train_loss:3.1392 train_time:1957824ms step_avg:497.54ms
step:3946/5100 train_loss:3.4270 train_time:1958318ms step_avg:497.54ms
step:3947/5100 train_loss:3.2432 train_time:1958813ms step_avg:497.54ms
step:3948/5100 train_loss:3.3400 train_time:1959336ms step_avg:497.55ms
step:3949/5100 train_loss:3.2494 train_time:1959802ms step_avg:497.54ms
step:3950/5100 train_loss:3.4514 train_time:1960293ms step_avg:497.54ms
step:3951/5100 train_loss:3.4117 train_time:1960792ms step_avg:497.54ms
step:3952/5100 train_loss:3.1001 train_time:1961282ms step_avg:497.53ms
step:3953/5100 train_loss:3.2628 train_time:1961777ms step_avg:497.53ms
step:3954/5100 train_loss:3.4675 train_time:1962286ms step_avg:497.54ms
step:3955/5100 train_loss:3.3554 train_time:1962764ms step_avg:497.53ms
step:3956/5100 train_loss:3.2921 train_time:1963259ms step_avg:497.53ms
step:3957/5100 train_loss:3.3414 train_time:1963754ms step_avg:497.53ms
step:3958/5100 train_loss:3.0789 train_time:1964248ms step_avg:497.53ms
step:3959/5100 train_loss:3.4122 train_time:1964750ms step_avg:497.53ms
step:3960/5100 train_loss:3.4782 train_time:1965241ms step_avg:497.53ms
step:3961/5100 train_loss:3.3296 train_time:1965728ms step_avg:497.53ms
step:3962/5100 train_loss:3.4451 train_time:1966223ms step_avg:497.53ms
step:3963/5100 train_loss:3.5076 train_time:1966718ms step_avg:497.53ms
step:3964/5100 train_loss:3.4333 train_time:1967214ms step_avg:497.53ms
step:3965/5100 train_loss:3.2729 train_time:1967707ms step_avg:497.52ms
step:3966/5100 train_loss:3.4587 train_time:1968204ms step_avg:497.52ms
step:3967/5100 train_loss:3.4768 train_time:1968697ms step_avg:497.52ms
step:3968/5100 train_loss:3.3023 train_time:1969190ms step_avg:497.52ms
step:3969/5100 train_loss:3.4235 train_time:1969685ms step_avg:497.52ms
step:3970/5100 train_loss:3.3618 train_time:1970175ms step_avg:497.52ms
step:3971/5100 train_loss:3.5921 train_time:1970670ms step_avg:497.52ms
step:3972/5100 train_loss:3.4121 train_time:1971165ms step_avg:497.52ms
step:3973/5100 train_loss:3.4832 train_time:1971659ms step_avg:497.52ms
step:3974/5100 train_loss:3.4459 train_time:1972155ms step_avg:497.52ms
step:3975/5100 train_loss:3.3885 train_time:1972651ms step_avg:497.52ms
step:3976/5100 train_loss:3.5010 train_time:1973144ms step_avg:497.51ms
step:3977/5100 train_loss:3.2766 train_time:1973635ms step_avg:497.51ms
step:3978/5100 train_loss:3.4220 train_time:1974128ms step_avg:497.51ms
step:3979/5100 train_loss:3.4997 train_time:1974621ms step_avg:497.51ms
step:3980/5100 train_loss:3.4073 train_time:1975119ms step_avg:497.51ms
step:3981/5100 train_loss:3.4293 train_time:1975616ms step_avg:497.51ms
step:3982/5100 train_loss:3.8152 train_time:1976106ms step_avg:497.51ms
step:3983/5100 train_loss:3.3168 train_time:1976601ms step_avg:497.51ms
step:3984/5100 train_loss:3.4168 train_time:1977095ms step_avg:497.51ms
step:3985/5100 train_loss:3.3607 train_time:1977588ms step_avg:497.51ms
step:3986/5100 train_loss:3.4744 train_time:1978104ms step_avg:497.51ms
step:3987/5100 train_loss:3.3377 train_time:1978581ms step_avg:497.51ms
step:3988/5100 train_loss:3.4222 train_time:1979073ms step_avg:497.50ms
step:3989/5100 train_loss:2.6117 train_time:1979566ms step_avg:497.50ms
step:3990/5100 train_loss:3.3523 train_time:1980839ms step_avg:497.70ms
step:3991/5100 train_loss:3.3832 train_time:1981332ms step_avg:497.70ms
step:3992/5100 train_loss:3.2713 train_time:1981827ms step_avg:497.70ms
step:3993/5100 train_loss:3.3926 train_time:1982320ms step_avg:497.70ms
step:3994/5100 train_loss:3.6230 train_time:1982814ms step_avg:497.69ms
step:3995/5100 train_loss:3.2110 train_time:1983307ms step_avg:497.69ms
step:3996/5100 train_loss:3.2689 train_time:1983807ms step_avg:497.69ms
step:3997/5100 train_loss:3.4175 train_time:1984300ms step_avg:497.69ms
step:3998/5100 train_loss:3.3207 train_time:1984794ms step_avg:497.69ms
step:3999/5100 train_loss:3.2672 train_time:1985285ms step_avg:497.69ms
step:4000/5100 train_loss:3.5059 train_time:1985778ms step_avg:497.69ms
step:4000/5100 val_loss:3.3741 train_time:1986089ms step_avg:497.77ms
step:4001/5100 train_loss:3.3968 train_time:1986280ms step_avg:497.69ms
step:4002/5100 train_loss:3.6840 train_time:1986769ms step_avg:497.69ms
step:4003/5100 train_loss:3.2644 train_time:1987264ms step_avg:497.69ms
step:4004/5100 train_loss:3.4138 train_time:1987788ms step_avg:497.69ms
step:4005/5100 train_loss:3.3776 train_time:1988250ms step_avg:497.68ms
step:4006/5100 train_loss:3.3456 train_time:1988743ms step_avg:497.68ms
step:4007/5100 train_loss:3.2672 train_time:1989238ms step_avg:497.68ms
step:4008/5100 train_loss:3.4591 train_time:1989737ms step_avg:497.68ms
step:4009/5100 train_loss:3.3227 train_time:1990228ms step_avg:497.68ms
step:4010/5100 train_loss:3.3758 train_time:1990719ms step_avg:497.68ms
step:4011/5100 train_loss:3.3866 train_time:1991215ms step_avg:497.68ms
step:4012/5100 train_loss:3.2034 train_time:1991709ms step_avg:497.68ms
step:4013/5100 train_loss:3.4653 train_time:1992206ms step_avg:497.68ms
step:4014/5100 train_loss:3.3877 train_time:1992700ms step_avg:497.68ms
step:4015/5100 train_loss:3.3761 train_time:1993194ms step_avg:497.68ms
step:4016/5100 train_loss:3.4598 train_time:1993691ms step_avg:497.68ms
step:4017/5100 train_loss:3.5994 train_time:1994181ms step_avg:497.67ms
step:4018/5100 train_loss:3.2059 train_time:1994675ms step_avg:497.67ms
step:4019/5100 train_loss:3.4728 train_time:1995179ms step_avg:497.67ms
step:4020/5100 train_loss:3.2668 train_time:1995663ms step_avg:497.67ms
step:4021/5100 train_loss:3.5223 train_time:1996161ms step_avg:497.67ms
step:4022/5100 train_loss:3.5920 train_time:1996653ms step_avg:497.67ms
step:4023/5100 train_loss:3.5819 train_time:1997147ms step_avg:497.67ms
step:4024/5100 train_loss:3.4532 train_time:1997643ms step_avg:497.67ms
step:4025/5100 train_loss:3.3663 train_time:1998144ms step_avg:497.67ms
step:4026/5100 train_loss:3.1811 train_time:1998639ms step_avg:497.67ms
step:4027/5100 train_loss:3.4784 train_time:1999131ms step_avg:497.67ms
step:4028/5100 train_loss:3.4271 train_time:1999621ms step_avg:497.67ms
step:4029/5100 train_loss:3.3060 train_time:2000119ms step_avg:497.67ms
step:4030/5100 train_loss:3.2783 train_time:2000611ms step_avg:497.66ms
step:4031/5100 train_loss:3.3530 train_time:2001102ms step_avg:497.66ms
step:4032/5100 train_loss:3.4533 train_time:2001599ms step_avg:497.66ms
step:4033/5100 train_loss:3.4310 train_time:2002098ms step_avg:497.66ms
step:4034/5100 train_loss:3.3772 train_time:2002589ms step_avg:497.66ms
step:4035/5100 train_loss:3.3537 train_time:2003081ms step_avg:497.66ms
step:4036/5100 train_loss:3.3086 train_time:2003578ms step_avg:497.66ms
step:4037/5100 train_loss:3.4444 train_time:2004074ms step_avg:497.66ms
step:4038/5100 train_loss:3.3510 train_time:2004570ms step_avg:497.66ms
step:4039/5100 train_loss:3.3944 train_time:2005061ms step_avg:497.66ms
step:4040/5100 train_loss:3.3307 train_time:2005556ms step_avg:497.66ms
step:4041/5100 train_loss:3.3515 train_time:2006050ms step_avg:497.66ms
step:4042/5100 train_loss:3.5232 train_time:2006548ms step_avg:497.66ms
step:4043/5100 train_loss:3.4125 train_time:2007037ms step_avg:497.65ms
step:4044/5100 train_loss:3.3964 train_time:2007532ms step_avg:497.65ms
step:4045/5100 train_loss:3.5138 train_time:2008026ms step_avg:497.65ms
step:4046/5100 train_loss:3.3297 train_time:2008520ms step_avg:497.65ms
step:4047/5100 train_loss:3.4089 train_time:2009015ms step_avg:497.65ms
step:4048/5100 train_loss:3.5720 train_time:2009512ms step_avg:497.65ms
step:4049/5100 train_loss:3.3603 train_time:2010009ms step_avg:497.65ms
step:4050/5100 train_loss:3.4633 train_time:2010507ms step_avg:497.65ms
step:4051/5100 train_loss:3.1959 train_time:2010999ms step_avg:497.65ms
step:4052/5100 train_loss:3.1956 train_time:2011496ms step_avg:497.65ms
step:4053/5100 train_loss:3.4962 train_time:2011991ms step_avg:497.65ms
step:4054/5100 train_loss:3.2957 train_time:2012488ms step_avg:497.65ms
step:4055/5100 train_loss:3.4901 train_time:2012977ms step_avg:497.65ms
step:4056/5100 train_loss:3.5259 train_time:2013474ms step_avg:497.65ms
step:4057/5100 train_loss:3.3285 train_time:2013962ms step_avg:497.64ms
step:4058/5100 train_loss:3.1725 train_time:2014459ms step_avg:497.64ms
step:4059/5100 train_loss:3.4592 train_time:2014954ms step_avg:497.64ms
step:4060/5100 train_loss:3.2364 train_time:2015447ms step_avg:497.64ms
step:4061/5100 train_loss:3.3546 train_time:2015938ms step_avg:497.64ms
step:4062/5100 train_loss:3.5591 train_time:2016436ms step_avg:497.64ms
step:4063/5100 train_loss:3.5792 train_time:2016926ms step_avg:497.64ms
step:4064/5100 train_loss:2.7992 train_time:2017418ms step_avg:497.64ms
step:4065/5100 train_loss:3.3389 train_time:2017920ms step_avg:497.64ms
step:4066/5100 train_loss:3.1440 train_time:2018410ms step_avg:497.64ms
step:4067/5100 train_loss:3.5643 train_time:2018904ms step_avg:497.63ms
step:4068/5100 train_loss:3.3668 train_time:2019407ms step_avg:497.64ms
step:4069/5100 train_loss:3.4172 train_time:2019892ms step_avg:497.63ms
step:4070/5100 train_loss:3.3954 train_time:2020392ms step_avg:497.63ms
step:4071/5100 train_loss:3.2229 train_time:2020893ms step_avg:497.63ms
step:4072/5100 train_loss:3.5938 train_time:2021384ms step_avg:497.63ms
step:4073/5100 train_loss:3.4573 train_time:2021875ms step_avg:497.63ms
step:4074/5100 train_loss:3.4461 train_time:2022370ms step_avg:497.63ms
step:4075/5100 train_loss:3.4452 train_time:2022877ms step_avg:497.63ms
step:4076/5100 train_loss:3.3730 train_time:2023363ms step_avg:497.63ms
step:4077/5100 train_loss:3.2640 train_time:2023851ms step_avg:497.63ms
step:4078/5100 train_loss:3.4627 train_time:2024342ms step_avg:497.63ms
step:4079/5100 train_loss:3.4545 train_time:2024836ms step_avg:497.63ms
step:4080/5100 train_loss:3.2091 train_time:2025331ms step_avg:497.62ms
step:4081/5100 train_loss:3.4364 train_time:2025828ms step_avg:497.62ms
step:4082/5100 train_loss:3.3022 train_time:2026330ms step_avg:497.63ms
step:4083/5100 train_loss:3.3361 train_time:2026822ms step_avg:497.62ms
step:4084/5100 train_loss:3.4565 train_time:2027315ms step_avg:497.62ms
step:4085/5100 train_loss:3.4535 train_time:2027801ms step_avg:497.62ms
step:4086/5100 train_loss:3.3290 train_time:2028298ms step_avg:497.62ms
step:4087/5100 train_loss:3.4653 train_time:2028793ms step_avg:497.62ms
step:4088/5100 train_loss:3.4918 train_time:2029287ms step_avg:497.62ms
step:4089/5100 train_loss:3.3816 train_time:2029782ms step_avg:497.62ms
step:4090/5100 train_loss:3.4294 train_time:2030276ms step_avg:497.62ms
step:4091/5100 train_loss:3.2850 train_time:2030768ms step_avg:497.62ms
step:4092/5100 train_loss:3.3953 train_time:2031289ms step_avg:497.62ms
step:4093/5100 train_loss:3.3823 train_time:2031788ms step_avg:497.62ms
step:4094/5100 train_loss:3.6753 train_time:2032255ms step_avg:497.61ms
step:4095/5100 train_loss:3.4334 train_time:2032744ms step_avg:497.61ms
step:4096/5100 train_loss:3.2710 train_time:2033246ms step_avg:497.61ms
step:4097/5100 train_loss:3.4479 train_time:2033745ms step_avg:497.61ms
step:4098/5100 train_loss:3.2196 train_time:2034240ms step_avg:497.61ms
step:4099/5100 train_loss:3.2964 train_time:2034730ms step_avg:497.61ms
step:4100/5100 train_loss:3.2696 train_time:2035221ms step_avg:497.61ms
step:4101/5100 train_loss:3.2605 train_time:2035713ms step_avg:497.61ms
step:4102/5100 train_loss:3.4479 train_time:2036207ms step_avg:497.61ms
step:4103/5100 train_loss:3.4379 train_time:2036702ms step_avg:497.61ms
step:4104/5100 train_loss:3.1502 train_time:2037197ms step_avg:497.61ms
step:4105/5100 train_loss:3.3305 train_time:2037692ms step_avg:497.60ms
step:4106/5100 train_loss:3.3158 train_time:2038187ms step_avg:497.60ms
step:4107/5100 train_loss:3.4725 train_time:2038684ms step_avg:497.60ms
step:4108/5100 train_loss:3.4145 train_time:2039180ms step_avg:497.60ms
step:4109/5100 train_loss:3.3707 train_time:2039671ms step_avg:497.60ms
step:4110/5100 train_loss:3.6427 train_time:2040171ms step_avg:497.60ms
step:4111/5100 train_loss:3.6351 train_time:2040662ms step_avg:497.60ms
step:4112/5100 train_loss:3.1876 train_time:2041157ms step_avg:497.60ms
step:4113/5100 train_loss:3.3334 train_time:2041650ms step_avg:497.60ms
step:4114/5100 train_loss:3.2183 train_time:2042141ms step_avg:497.60ms
step:4115/5100 train_loss:3.4826 train_time:2042635ms step_avg:497.60ms
step:4116/5100 train_loss:3.4664 train_time:2043132ms step_avg:497.60ms
step:4117/5100 train_loss:3.8836 train_time:2043627ms step_avg:497.60ms
step:4118/5100 train_loss:3.2927 train_time:2044117ms step_avg:497.59ms
step:4119/5100 train_loss:3.4786 train_time:2044609ms step_avg:497.59ms
step:4120/5100 train_loss:3.4353 train_time:2045107ms step_avg:497.59ms
step:4121/5100 train_loss:3.3998 train_time:2045600ms step_avg:497.59ms
step:4122/5100 train_loss:3.5285 train_time:2046093ms step_avg:497.59ms
step:4123/5100 train_loss:3.4326 train_time:2046591ms step_avg:497.59ms
step:4124/5100 train_loss:3.1980 train_time:2047084ms step_avg:497.59ms
step:4125/5100 train_loss:3.3458 train_time:2047578ms step_avg:497.59ms
step:4125/5100 val_loss:3.3613 train_time:2047886ms step_avg:497.66ms
step:4126/5100 train_loss:3.5847 train_time:2048076ms step_avg:497.59ms
step:4127/5100 train_loss:3.3460 train_time:2048565ms step_avg:497.59ms
step:4128/5100 train_loss:3.4362 train_time:2049060ms step_avg:497.59ms
step:4129/5100 train_loss:3.3237 train_time:2049553ms step_avg:497.59ms
step:4130/5100 train_loss:3.2341 train_time:2050048ms step_avg:497.58ms
step:4131/5100 train_loss:3.5550 train_time:2050541ms step_avg:497.58ms
step:4132/5100 train_loss:3.5071 train_time:2051036ms step_avg:497.58ms
step:4133/5100 train_loss:3.2483 train_time:2051533ms step_avg:497.58ms
step:4134/5100 train_loss:3.5716 train_time:2052030ms step_avg:497.58ms
step:4135/5100 train_loss:3.4315 train_time:2052521ms step_avg:497.58ms
step:4136/5100 train_loss:3.3712 train_time:2053018ms step_avg:497.58ms
step:4137/5100 train_loss:3.5037 train_time:2053514ms step_avg:497.58ms
step:4138/5100 train_loss:3.2811 train_time:2054005ms step_avg:497.58ms
step:4139/5100 train_loss:3.3675 train_time:2054499ms step_avg:497.58ms
step:4140/5100 train_loss:3.4731 train_time:2054992ms step_avg:497.58ms
step:4141/5100 train_loss:3.5564 train_time:2055486ms step_avg:497.58ms
step:4142/5100 train_loss:3.3764 train_time:2055982ms step_avg:497.58ms
step:4143/5100 train_loss:3.3988 train_time:2056481ms step_avg:497.58ms
step:4144/5100 train_loss:3.3415 train_time:2056974ms step_avg:497.57ms
step:4145/5100 train_loss:3.3244 train_time:2057467ms step_avg:497.57ms
step:4146/5100 train_loss:3.4135 train_time:2057968ms step_avg:497.57ms
step:4147/5100 train_loss:3.2832 train_time:2058461ms step_avg:497.57ms
step:4148/5100 train_loss:3.4812 train_time:2058950ms step_avg:497.57ms
step:4149/5100 train_loss:3.2824 train_time:2059448ms step_avg:497.57ms
step:4150/5100 train_loss:3.2609 train_time:2059965ms step_avg:497.58ms
step:4151/5100 train_loss:3.2765 train_time:2060458ms step_avg:497.57ms
step:4152/5100 train_loss:3.2020 train_time:2060952ms step_avg:497.57ms
step:4153/5100 train_loss:3.1935 train_time:2061447ms step_avg:497.57ms
step:4154/5100 train_loss:3.4562 train_time:2061937ms step_avg:497.57ms
step:4155/5100 train_loss:3.5999 train_time:2062433ms step_avg:497.57ms
step:4156/5100 train_loss:3.3968 train_time:2062930ms step_avg:497.57ms
step:4157/5100 train_loss:3.2258 train_time:2063425ms step_avg:497.57ms
step:4158/5100 train_loss:3.4101 train_time:2063905ms step_avg:497.57ms
step:4159/5100 train_loss:3.3304 train_time:2064632ms step_avg:497.62ms
step:4160/5100 train_loss:3.2516 train_time:2065124ms step_avg:497.62ms
step:4161/5100 train_loss:3.4534 train_time:2065601ms step_avg:497.62ms
step:4162/5100 train_loss:3.3122 train_time:2066093ms step_avg:497.61ms
step:4163/5100 train_loss:3.4823 train_time:2066588ms step_avg:497.61ms
step:4164/5100 train_loss:3.1856 train_time:2067085ms step_avg:497.61ms
step:4165/5100 train_loss:3.2669 train_time:2067576ms step_avg:497.61ms
step:4166/5100 train_loss:3.2484 train_time:2068069ms step_avg:497.61ms
step:4167/5100 train_loss:3.4029 train_time:2068567ms step_avg:497.61ms
step:4168/5100 train_loss:3.3495 train_time:2069061ms step_avg:497.61ms
step:4169/5100 train_loss:3.3708 train_time:2069559ms step_avg:497.61ms
step:4170/5100 train_loss:3.2471 train_time:2070051ms step_avg:497.61ms
step:4171/5100 train_loss:3.4596 train_time:2070549ms step_avg:497.61ms
step:4172/5100 train_loss:3.4014 train_time:2071045ms step_avg:497.61ms
step:4173/5100 train_loss:3.5247 train_time:2071533ms step_avg:497.61ms
step:4174/5100 train_loss:3.6020 train_time:2072028ms step_avg:497.61ms
step:4175/5100 train_loss:3.3612 train_time:2072520ms step_avg:497.60ms
step:4176/5100 train_loss:3.5188 train_time:2073017ms step_avg:497.60ms
step:4177/5100 train_loss:3.4040 train_time:2073513ms step_avg:497.60ms
step:4178/5100 train_loss:3.2700 train_time:2074009ms step_avg:497.60ms
step:4179/5100 train_loss:3.4570 train_time:2074501ms step_avg:497.60ms
step:4180/5100 train_loss:3.3788 train_time:2075936ms step_avg:497.83ms
step:4181/5100 train_loss:3.3379 train_time:2076427ms step_avg:497.82ms
step:4182/5100 train_loss:3.3798 train_time:2076918ms step_avg:497.82ms
step:4183/5100 train_loss:3.4304 train_time:2077419ms step_avg:497.82ms
step:4184/5100 train_loss:3.6789 train_time:2077927ms step_avg:497.83ms
step:4185/5100 train_loss:3.3955 train_time:2078413ms step_avg:497.82ms
step:4186/5100 train_loss:3.2308 train_time:2078911ms step_avg:497.82ms
step:4187/5100 train_loss:3.4183 train_time:2079390ms step_avg:497.82ms
step:4188/5100 train_loss:3.4139 train_time:2079888ms step_avg:497.82ms
step:4189/5100 train_loss:3.3682 train_time:2080386ms step_avg:497.82ms
step:4190/5100 train_loss:3.2250 train_time:2080875ms step_avg:497.82ms
step:4191/5100 train_loss:3.4829 train_time:2081371ms step_avg:497.82ms
step:4192/5100 train_loss:3.3528 train_time:2081865ms step_avg:497.82ms
step:4193/5100 train_loss:3.3698 train_time:2082364ms step_avg:497.82ms
step:4194/5100 train_loss:3.5030 train_time:2082853ms step_avg:497.81ms
step:4195/5100 train_loss:3.2811 train_time:2083351ms step_avg:497.81ms
step:4196/5100 train_loss:3.3742 train_time:2083842ms step_avg:497.81ms
step:4197/5100 train_loss:3.8282 train_time:2084356ms step_avg:497.82ms
step:4198/5100 train_loss:2.8519 train_time:2084831ms step_avg:497.81ms
step:4199/5100 train_loss:3.5833 train_time:2085324ms step_avg:497.81ms
step:4200/5100 train_loss:3.4989 train_time:2085822ms step_avg:497.81ms
step:4201/5100 train_loss:3.2206 train_time:2086317ms step_avg:497.81ms
step:4202/5100 train_loss:3.3717 train_time:2086825ms step_avg:497.81ms
step:4203/5100 train_loss:3.3717 train_time:2087358ms step_avg:497.82ms
step:4204/5100 train_loss:3.2281 train_time:2087813ms step_avg:497.81ms
step:4205/5100 train_loss:3.2874 train_time:2088306ms step_avg:497.81ms
step:4206/5100 train_loss:3.3188 train_time:2088804ms step_avg:497.81ms
step:4207/5100 train_loss:4.1153 train_time:2089295ms step_avg:497.81ms
step:4208/5100 train_loss:3.4332 train_time:2089792ms step_avg:497.81ms
step:4209/5100 train_loss:3.5390 train_time:2090287ms step_avg:497.81ms
step:4210/5100 train_loss:3.3910 train_time:2090783ms step_avg:497.81ms
step:4211/5100 train_loss:3.6660 train_time:2091275ms step_avg:497.80ms
step:4212/5100 train_loss:3.4159 train_time:2091769ms step_avg:497.80ms
step:4213/5100 train_loss:3.4684 train_time:2092263ms step_avg:497.80ms
step:4214/5100 train_loss:3.2114 train_time:2092760ms step_avg:497.80ms
step:4215/5100 train_loss:3.2950 train_time:2093257ms step_avg:497.80ms
step:4216/5100 train_loss:3.4595 train_time:2093753ms step_avg:497.80ms
step:4217/5100 train_loss:3.2576 train_time:2094251ms step_avg:497.80ms
step:4218/5100 train_loss:3.3683 train_time:2094747ms step_avg:497.80ms
step:4219/5100 train_loss:3.4644 train_time:2095238ms step_avg:497.80ms
step:4220/5100 train_loss:3.1989 train_time:2095732ms step_avg:497.80ms
step:4221/5100 train_loss:3.3216 train_time:2096231ms step_avg:497.80ms
step:4222/5100 train_loss:3.4533 train_time:2096724ms step_avg:497.80ms
step:4223/5100 train_loss:3.3864 train_time:2097217ms step_avg:497.80ms
step:4224/5100 train_loss:3.6076 train_time:2097716ms step_avg:497.80ms
step:4225/5100 train_loss:3.3291 train_time:2098213ms step_avg:497.80ms
step:4226/5100 train_loss:3.7657 train_time:2098704ms step_avg:497.80ms
step:4227/5100 train_loss:3.4548 train_time:2099198ms step_avg:497.79ms
step:4228/5100 train_loss:3.3833 train_time:2099696ms step_avg:497.79ms
step:4229/5100 train_loss:3.3349 train_time:2100191ms step_avg:497.79ms
step:4230/5100 train_loss:3.2903 train_time:2100682ms step_avg:497.79ms
step:4231/5100 train_loss:3.4649 train_time:2101177ms step_avg:497.79ms
step:4232/5100 train_loss:3.3121 train_time:2101672ms step_avg:497.79ms
step:4233/5100 train_loss:3.4359 train_time:2102170ms step_avg:497.79ms
step:4234/5100 train_loss:3.5385 train_time:2102664ms step_avg:497.79ms
step:4235/5100 train_loss:3.4380 train_time:2103160ms step_avg:497.79ms
step:4236/5100 train_loss:3.3177 train_time:2103653ms step_avg:497.79ms
step:4237/5100 train_loss:3.4268 train_time:2104148ms step_avg:497.79ms
step:4238/5100 train_loss:3.3197 train_time:2104663ms step_avg:497.79ms
step:4239/5100 train_loss:3.3463 train_time:2105155ms step_avg:497.79ms
step:4240/5100 train_loss:3.3958 train_time:2105645ms step_avg:497.79ms
step:4241/5100 train_loss:3.4225 train_time:2106127ms step_avg:497.78ms
step:4242/5100 train_loss:3.3144 train_time:2106623ms step_avg:497.78ms
step:4243/5100 train_loss:3.4858 train_time:2107118ms step_avg:497.78ms
step:4244/5100 train_loss:3.3015 train_time:2107610ms step_avg:497.78ms
step:4245/5100 train_loss:3.2565 train_time:2108107ms step_avg:497.78ms
step:4246/5100 train_loss:3.6196 train_time:2108597ms step_avg:497.78ms
step:4247/5100 train_loss:3.1407 train_time:2109090ms step_avg:497.78ms
step:4248/5100 train_loss:3.1319 train_time:2109591ms step_avg:497.78ms
step:4249/5100 train_loss:3.3861 train_time:2110085ms step_avg:497.78ms
step:4250/5100 train_loss:3.9332 train_time:2110578ms step_avg:497.78ms
step:4250/5100 val_loss:3.3486 train_time:2110883ms step_avg:497.85ms
step:4251/5100 train_loss:3.2792 train_time:2111081ms step_avg:497.78ms
step:4252/5100 train_loss:3.6636 train_time:2111567ms step_avg:497.78ms
step:4253/5100 train_loss:3.3962 train_time:2112058ms step_avg:497.77ms
step:4254/5100 train_loss:3.2263 train_time:2112553ms step_avg:497.77ms
step:4255/5100 train_loss:3.2970 train_time:2113047ms step_avg:497.77ms
step:4256/5100 train_loss:3.1985 train_time:2113543ms step_avg:497.77ms
step:4257/5100 train_loss:3.4911 train_time:2114035ms step_avg:497.77ms
step:4258/5100 train_loss:3.4544 train_time:2114529ms step_avg:497.77ms
step:4259/5100 train_loss:3.3902 train_time:2115023ms step_avg:497.77ms
step:4260/5100 train_loss:3.4720 train_time:2115518ms step_avg:497.77ms
step:4261/5100 train_loss:3.4060 train_time:2116016ms step_avg:497.77ms
step:4262/5100 train_loss:3.3673 train_time:2116514ms step_avg:497.77ms
step:4263/5100 train_loss:3.3562 train_time:2117003ms step_avg:497.77ms
step:4264/5100 train_loss:3.5264 train_time:2117497ms step_avg:497.77ms
step:4265/5100 train_loss:3.2151 train_time:2117996ms step_avg:497.77ms
step:4266/5100 train_loss:3.3017 train_time:2118487ms step_avg:497.76ms
step:4267/5100 train_loss:3.3078 train_time:2118983ms step_avg:497.76ms
step:4268/5100 train_loss:3.2869 train_time:2119476ms step_avg:497.76ms
step:4269/5100 train_loss:4.0378 train_time:2119973ms step_avg:497.76ms
step:4270/5100 train_loss:3.2727 train_time:2120466ms step_avg:497.76ms
step:4271/5100 train_loss:3.3627 train_time:2120965ms step_avg:497.76ms
step:4272/5100 train_loss:3.4042 train_time:2121456ms step_avg:497.76ms
step:4273/5100 train_loss:3.5067 train_time:2121951ms step_avg:497.76ms
step:4274/5100 train_loss:3.5179 train_time:2122446ms step_avg:497.76ms
step:4275/5100 train_loss:3.3790 train_time:2122962ms step_avg:497.76ms
step:4276/5100 train_loss:3.5555 train_time:2123433ms step_avg:497.76ms
step:4277/5100 train_loss:3.2556 train_time:2123927ms step_avg:497.76ms
step:4278/5100 train_loss:3.2721 train_time:2124420ms step_avg:497.76ms
step:4279/5100 train_loss:3.2164 train_time:2124916ms step_avg:497.76ms
step:4280/5100 train_loss:3.3160 train_time:2125435ms step_avg:497.76ms
step:4281/5100 train_loss:3.4589 train_time:2125909ms step_avg:497.75ms
step:4282/5100 train_loss:3.4539 train_time:2126400ms step_avg:497.75ms
step:4283/5100 train_loss:3.3606 train_time:2126896ms step_avg:497.75ms
step:4284/5100 train_loss:3.4526 train_time:2127389ms step_avg:497.75ms
step:4285/5100 train_loss:3.4135 train_time:2127887ms step_avg:497.75ms
step:4286/5100 train_loss:3.3901 train_time:2128380ms step_avg:497.75ms
step:4287/5100 train_loss:3.2524 train_time:2128876ms step_avg:497.75ms
step:4288/5100 train_loss:3.4427 train_time:2129370ms step_avg:497.75ms
step:4289/5100 train_loss:3.3747 train_time:2129863ms step_avg:497.75ms
step:4290/5100 train_loss:3.4064 train_time:2130360ms step_avg:497.75ms
step:4291/5100 train_loss:3.3088 train_time:2130853ms step_avg:497.75ms
step:4292/5100 train_loss:3.4067 train_time:2131352ms step_avg:497.75ms
step:4293/5100 train_loss:3.3659 train_time:2131842ms step_avg:497.74ms
step:4294/5100 train_loss:3.2335 train_time:2132337ms step_avg:497.74ms
step:4295/5100 train_loss:3.5220 train_time:2132830ms step_avg:497.74ms
step:4296/5100 train_loss:3.3953 train_time:2133329ms step_avg:497.74ms
step:4297/5100 train_loss:3.3286 train_time:2133822ms step_avg:497.74ms
step:4298/5100 train_loss:3.3973 train_time:2134316ms step_avg:497.74ms
step:4299/5100 train_loss:3.5243 train_time:2134809ms step_avg:497.74ms
step:4300/5100 train_loss:3.2489 train_time:2135303ms step_avg:497.74ms
step:4301/5100 train_loss:3.2349 train_time:2135802ms step_avg:497.74ms
step:4302/5100 train_loss:3.3364 train_time:2136294ms step_avg:497.74ms
step:4303/5100 train_loss:3.3076 train_time:2136795ms step_avg:497.74ms
step:4304/5100 train_loss:3.3145 train_time:2137285ms step_avg:497.74ms
step:4305/5100 train_loss:3.4359 train_time:2137784ms step_avg:497.74ms
step:4306/5100 train_loss:3.2715 train_time:2138276ms step_avg:497.74ms
step:4307/5100 train_loss:4.2575 train_time:2138780ms step_avg:497.74ms
step:4308/5100 train_loss:3.3793 train_time:2139275ms step_avg:497.74ms
step:4309/5100 train_loss:3.3781 train_time:2139771ms step_avg:497.74ms
step:4310/5100 train_loss:3.4800 train_time:2140263ms step_avg:497.74ms
step:4311/5100 train_loss:3.6470 train_time:2140761ms step_avg:497.74ms
step:4312/5100 train_loss:3.3043 train_time:2141263ms step_avg:497.74ms
step:4313/5100 train_loss:3.1950 train_time:2141750ms step_avg:497.73ms
step:4314/5100 train_loss:3.4935 train_time:2142244ms step_avg:497.73ms
step:4315/5100 train_loss:3.3344 train_time:2142742ms step_avg:497.73ms
step:4316/5100 train_loss:3.3991 train_time:2143235ms step_avg:497.73ms
step:4317/5100 train_loss:3.2825 train_time:2143730ms step_avg:497.73ms
step:4318/5100 train_loss:3.2643 train_time:2144225ms step_avg:497.73ms
step:4319/5100 train_loss:3.5030 train_time:2144727ms step_avg:497.73ms
step:4320/5100 train_loss:3.5053 train_time:2145216ms step_avg:497.73ms
step:4321/5100 train_loss:3.3025 train_time:2145709ms step_avg:497.73ms
step:4322/5100 train_loss:3.4099 train_time:2146204ms step_avg:497.73ms
step:4323/5100 train_loss:3.4021 train_time:2146703ms step_avg:497.73ms
step:4324/5100 train_loss:3.2308 train_time:2147193ms step_avg:497.73ms
step:4325/5100 train_loss:3.0889 train_time:2147691ms step_avg:497.73ms
step:4326/5100 train_loss:3.2025 train_time:2148182ms step_avg:497.73ms
step:4327/5100 train_loss:3.1727 train_time:2148677ms step_avg:497.72ms
step:4328/5100 train_loss:3.3082 train_time:2149171ms step_avg:497.72ms
step:4329/5100 train_loss:3.2508 train_time:2149665ms step_avg:497.72ms
step:4330/5100 train_loss:3.1789 train_time:2150158ms step_avg:497.72ms
step:4331/5100 train_loss:3.4452 train_time:2150653ms step_avg:497.72ms
step:4332/5100 train_loss:3.3072 train_time:2151172ms step_avg:497.73ms
step:4333/5100 train_loss:3.5122 train_time:2151643ms step_avg:497.72ms
step:4334/5100 train_loss:4.1331 train_time:2152136ms step_avg:497.72ms
step:4335/5100 train_loss:3.3223 train_time:2152631ms step_avg:497.72ms
step:4336/5100 train_loss:3.4393 train_time:2153127ms step_avg:497.72ms
step:4337/5100 train_loss:3.5400 train_time:2153621ms step_avg:497.72ms
step:4338/5100 train_loss:3.2440 train_time:2154114ms step_avg:497.72ms
step:4339/5100 train_loss:3.3481 train_time:2154622ms step_avg:497.72ms
step:4340/5100 train_loss:3.1172 train_time:2155121ms step_avg:497.72ms
step:4341/5100 train_loss:3.3081 train_time:2155599ms step_avg:497.71ms
step:4342/5100 train_loss:3.4269 train_time:2156094ms step_avg:497.71ms
step:4343/5100 train_loss:3.4628 train_time:2156587ms step_avg:497.71ms
step:4344/5100 train_loss:3.3955 train_time:2157084ms step_avg:497.71ms
step:4345/5100 train_loss:3.4181 train_time:2157582ms step_avg:497.71ms
step:4346/5100 train_loss:3.4282 train_time:2158074ms step_avg:497.71ms
step:4347/5100 train_loss:3.1814 train_time:2158577ms step_avg:497.71ms
step:4348/5100 train_loss:3.2505 train_time:2159067ms step_avg:497.71ms
step:4349/5100 train_loss:3.0673 train_time:2159566ms step_avg:497.71ms
step:4350/5100 train_loss:3.3087 train_time:2160055ms step_avg:497.71ms
step:4351/5100 train_loss:3.3651 train_time:2160549ms step_avg:497.71ms
step:4352/5100 train_loss:3.2695 train_time:2161045ms step_avg:497.71ms
step:4353/5100 train_loss:3.5145 train_time:2161543ms step_avg:497.71ms
step:4354/5100 train_loss:3.4532 train_time:2162035ms step_avg:497.71ms
step:4355/5100 train_loss:3.1669 train_time:2162532ms step_avg:497.71ms
step:4356/5100 train_loss:3.1109 train_time:2163028ms step_avg:497.71ms
step:4357/5100 train_loss:3.2395 train_time:2163521ms step_avg:497.70ms
step:4358/5100 train_loss:3.3465 train_time:2164014ms step_avg:497.70ms
step:4359/5100 train_loss:3.4664 train_time:2164510ms step_avg:497.70ms
step:4360/5100 train_loss:3.4611 train_time:2165006ms step_avg:497.70ms
step:4361/5100 train_loss:3.4777 train_time:2165498ms step_avg:497.70ms
step:4362/5100 train_loss:3.7170 train_time:2165993ms step_avg:497.70ms
step:4363/5100 train_loss:3.4293 train_time:2166487ms step_avg:497.70ms
step:4364/5100 train_loss:3.4243 train_time:2166983ms step_avg:497.70ms
step:4365/5100 train_loss:3.4650 train_time:2167476ms step_avg:497.70ms
step:4366/5100 train_loss:3.3291 train_time:2167980ms step_avg:497.70ms
step:4367/5100 train_loss:3.3310 train_time:2168477ms step_avg:497.70ms
step:4368/5100 train_loss:3.3297 train_time:2168981ms step_avg:497.70ms
step:4369/5100 train_loss:3.4984 train_time:2169482ms step_avg:497.70ms
step:4370/5100 train_loss:3.4304 train_time:2170207ms step_avg:497.75ms
step:4371/5100 train_loss:3.5743 train_time:2170689ms step_avg:497.75ms
step:4372/5100 train_loss:3.1252 train_time:2171182ms step_avg:497.75ms
step:4373/5100 train_loss:3.3105 train_time:2171678ms step_avg:497.75ms
step:4374/5100 train_loss:3.4428 train_time:2172172ms step_avg:497.75ms
step:4375/5100 train_loss:3.2809 train_time:2172671ms step_avg:497.75ms
step:4375/5100 val_loss:3.3344 train_time:2172986ms step_avg:497.82ms
step:4376/5100 train_loss:3.4665 train_time:2173173ms step_avg:497.75ms
step:4377/5100 train_loss:3.2049 train_time:2173667ms step_avg:497.75ms
step:4378/5100 train_loss:3.2595 train_time:2174163ms step_avg:497.75ms
step:4379/5100 train_loss:3.3531 train_time:2174660ms step_avg:497.75ms
step:4380/5100 train_loss:3.2487 train_time:2175156ms step_avg:497.75ms
step:4381/5100 train_loss:3.3142 train_time:2175652ms step_avg:497.75ms
step:4382/5100 train_loss:3.6155 train_time:2176147ms step_avg:497.75ms
step:4383/5100 train_loss:3.5081 train_time:2176641ms step_avg:497.75ms
step:4384/5100 train_loss:3.3795 train_time:2177150ms step_avg:497.75ms
step:4385/5100 train_loss:3.3873 train_time:2177630ms step_avg:497.74ms
step:4386/5100 train_loss:3.4202 train_time:2178124ms step_avg:497.74ms
step:4387/5100 train_loss:3.3157 train_time:2178622ms step_avg:497.74ms
step:4388/5100 train_loss:3.4181 train_time:2179115ms step_avg:497.74ms
step:4389/5100 train_loss:3.2765 train_time:2179609ms step_avg:497.74ms
step:4390/5100 train_loss:3.4587 train_time:2180108ms step_avg:497.74ms
step:4391/5100 train_loss:3.4552 train_time:2180604ms step_avg:497.74ms
step:4392/5100 train_loss:3.3377 train_time:2181097ms step_avg:497.74ms
step:4393/5100 train_loss:4.5979 train_time:2181597ms step_avg:497.74ms
step:4394/5100 train_loss:3.3346 train_time:2182087ms step_avg:497.74ms
step:4395/5100 train_loss:3.5839 train_time:2182584ms step_avg:497.74ms
step:4396/5100 train_loss:3.3123 train_time:2183078ms step_avg:497.74ms
step:4397/5100 train_loss:3.3262 train_time:2183568ms step_avg:497.74ms
step:4398/5100 train_loss:3.3263 train_time:2184066ms step_avg:497.74ms
step:4399/5100 train_loss:3.3645 train_time:2184562ms step_avg:497.74ms
step:4400/5100 train_loss:3.3126 train_time:2185056ms step_avg:497.73ms
step:4401/5100 train_loss:3.2336 train_time:2185549ms step_avg:497.73ms
step:4402/5100 train_loss:3.3293 train_time:2186045ms step_avg:497.73ms
step:4403/5100 train_loss:3.1914 train_time:2186540ms step_avg:497.73ms
step:4404/5100 train_loss:3.2372 train_time:2187036ms step_avg:497.73ms
step:4405/5100 train_loss:3.5088 train_time:2187527ms step_avg:497.73ms
step:4406/5100 train_loss:3.3262 train_time:2188023ms step_avg:497.73ms
step:4407/5100 train_loss:3.3373 train_time:2188517ms step_avg:497.73ms
step:4408/5100 train_loss:3.4041 train_time:2189015ms step_avg:497.73ms
step:4409/5100 train_loss:3.3346 train_time:2189506ms step_avg:497.73ms
step:4410/5100 train_loss:3.3545 train_time:2190001ms step_avg:497.73ms
step:4411/5100 train_loss:3.6267 train_time:2190495ms step_avg:497.73ms
step:4412/5100 train_loss:3.3561 train_time:2190990ms step_avg:497.73ms
step:4413/5100 train_loss:3.4323 train_time:2191482ms step_avg:497.72ms
step:4414/5100 train_loss:3.4540 train_time:2191977ms step_avg:497.72ms
step:4415/5100 train_loss:3.4053 train_time:2192476ms step_avg:497.72ms
step:4416/5100 train_loss:3.2766 train_time:2192967ms step_avg:497.72ms
step:4417/5100 train_loss:3.3998 train_time:2193464ms step_avg:497.72ms
step:4418/5100 train_loss:3.3314 train_time:2193959ms step_avg:497.72ms
step:4419/5100 train_loss:3.4769 train_time:2194455ms step_avg:497.72ms
step:4420/5100 train_loss:3.2354 train_time:2194948ms step_avg:497.72ms
step:4421/5100 train_loss:3.3838 train_time:2195447ms step_avg:497.72ms
step:4422/5100 train_loss:3.2818 train_time:2195936ms step_avg:497.72ms
step:4423/5100 train_loss:3.2681 train_time:2196430ms step_avg:497.72ms
step:4424/5100 train_loss:3.2867 train_time:2196929ms step_avg:497.72ms
step:4425/5100 train_loss:3.2857 train_time:2197425ms step_avg:497.72ms
step:4426/5100 train_loss:3.4141 train_time:2197915ms step_avg:497.72ms
step:4427/5100 train_loss:3.3865 train_time:2198411ms step_avg:497.72ms
step:4428/5100 train_loss:3.6771 train_time:2198908ms step_avg:497.72ms
step:4429/5100 train_loss:3.4296 train_time:2199407ms step_avg:497.72ms
step:4430/5100 train_loss:3.1399 train_time:2199897ms step_avg:497.71ms
step:4431/5100 train_loss:3.2043 train_time:2200403ms step_avg:497.72ms
step:4432/5100 train_loss:3.3393 train_time:2200887ms step_avg:497.71ms
step:4433/5100 train_loss:3.2499 train_time:2201383ms step_avg:497.71ms
step:4434/5100 train_loss:3.4649 train_time:2201881ms step_avg:497.71ms
step:4435/5100 train_loss:3.4896 train_time:2202372ms step_avg:497.71ms
step:4436/5100 train_loss:3.4163 train_time:2202868ms step_avg:497.71ms
step:4437/5100 train_loss:3.2012 train_time:2203360ms step_avg:497.71ms
step:4438/5100 train_loss:3.4888 train_time:2203859ms step_avg:497.71ms
step:4439/5100 train_loss:3.2860 train_time:2204354ms step_avg:497.71ms
step:4440/5100 train_loss:3.2785 train_time:2204847ms step_avg:497.71ms
step:4441/5100 train_loss:3.4252 train_time:2205338ms step_avg:497.71ms
step:4442/5100 train_loss:3.4893 train_time:2205834ms step_avg:497.71ms
step:4443/5100 train_loss:3.3869 train_time:2206328ms step_avg:497.71ms
step:4444/5100 train_loss:3.3576 train_time:2206824ms step_avg:497.71ms
step:4445/5100 train_loss:3.1605 train_time:2207321ms step_avg:497.70ms
step:4446/5100 train_loss:3.3871 train_time:2207819ms step_avg:497.70ms
step:4447/5100 train_loss:3.3754 train_time:2208311ms step_avg:497.70ms
step:4448/5100 train_loss:3.2140 train_time:2208804ms step_avg:497.70ms
step:4449/5100 train_loss:3.5680 train_time:2209300ms step_avg:497.70ms
step:4450/5100 train_loss:3.4519 train_time:2209795ms step_avg:497.70ms
step:4451/5100 train_loss:3.4768 train_time:2210292ms step_avg:497.70ms
step:4452/5100 train_loss:3.5067 train_time:2210783ms step_avg:497.70ms
step:4453/5100 train_loss:3.1806 train_time:2211280ms step_avg:497.70ms
step:4454/5100 train_loss:3.3110 train_time:2211775ms step_avg:497.70ms
step:4455/5100 train_loss:3.3672 train_time:2212272ms step_avg:497.70ms
step:4456/5100 train_loss:3.1391 train_time:2212765ms step_avg:497.70ms
step:4457/5100 train_loss:3.3927 train_time:2213261ms step_avg:497.70ms
step:4458/5100 train_loss:3.3023 train_time:2213755ms step_avg:497.70ms
step:4459/5100 train_loss:3.2520 train_time:2214249ms step_avg:497.70ms
step:4460/5100 train_loss:3.4489 train_time:2214750ms step_avg:497.70ms
step:4461/5100 train_loss:4.4355 train_time:2215239ms step_avg:497.69ms
step:4462/5100 train_loss:3.3351 train_time:2215733ms step_avg:497.69ms
step:4463/5100 train_loss:3.6285 train_time:2216232ms step_avg:497.69ms
step:4464/5100 train_loss:3.4294 train_time:2216723ms step_avg:497.69ms
step:4465/5100 train_loss:3.3869 train_time:2217218ms step_avg:497.69ms
step:4466/5100 train_loss:3.3941 train_time:2217716ms step_avg:497.69ms
step:4467/5100 train_loss:3.3354 train_time:2218207ms step_avg:497.69ms
step:4468/5100 train_loss:3.2603 train_time:2218702ms step_avg:497.69ms
step:4469/5100 train_loss:3.5662 train_time:2219198ms step_avg:497.69ms
step:4470/5100 train_loss:3.4840 train_time:2219692ms step_avg:497.69ms
step:4471/5100 train_loss:3.3162 train_time:2220198ms step_avg:497.69ms
step:4472/5100 train_loss:3.2094 train_time:2220690ms step_avg:497.69ms
step:4473/5100 train_loss:3.4025 train_time:2221186ms step_avg:497.69ms
step:4474/5100 train_loss:3.1922 train_time:2221672ms step_avg:497.69ms
step:4475/5100 train_loss:3.2901 train_time:2222165ms step_avg:497.69ms
step:4476/5100 train_loss:3.3473 train_time:2222659ms step_avg:497.68ms
step:4477/5100 train_loss:3.3459 train_time:2223157ms step_avg:497.68ms
step:4478/5100 train_loss:3.1265 train_time:2223647ms step_avg:497.68ms
step:4479/5100 train_loss:3.2809 train_time:2224144ms step_avg:497.68ms
step:4480/5100 train_loss:3.3675 train_time:2224639ms step_avg:497.68ms
step:4481/5100 train_loss:3.4147 train_time:2225132ms step_avg:497.68ms
step:4482/5100 train_loss:3.3968 train_time:2225626ms step_avg:497.68ms
step:4483/5100 train_loss:3.4294 train_time:2226125ms step_avg:497.68ms
step:4484/5100 train_loss:3.2611 train_time:2226615ms step_avg:497.68ms
step:4485/5100 train_loss:3.3592 train_time:2227109ms step_avg:497.68ms
step:4486/5100 train_loss:3.4706 train_time:2227605ms step_avg:497.68ms
step:4487/5100 train_loss:3.2659 train_time:2228102ms step_avg:497.68ms
step:4488/5100 train_loss:3.3387 train_time:2228594ms step_avg:497.68ms
step:4489/5100 train_loss:3.4917 train_time:2229089ms step_avg:497.68ms
step:4490/5100 train_loss:3.3419 train_time:2229582ms step_avg:497.67ms
step:4491/5100 train_loss:3.2581 train_time:2230075ms step_avg:497.67ms
step:4492/5100 train_loss:3.1826 train_time:2230570ms step_avg:497.67ms
step:4493/5100 train_loss:3.1678 train_time:2231066ms step_avg:497.67ms
step:4494/5100 train_loss:3.3457 train_time:2231560ms step_avg:497.67ms
step:4495/5100 train_loss:3.2113 train_time:2232057ms step_avg:497.67ms
step:4496/5100 train_loss:3.2594 train_time:2232549ms step_avg:497.67ms
step:4497/5100 train_loss:3.5246 train_time:2233043ms step_avg:497.67ms
step:4498/5100 train_loss:3.2931 train_time:2233538ms step_avg:497.67ms
step:4499/5100 train_loss:3.1318 train_time:2234031ms step_avg:497.67ms
step:4500/5100 train_loss:3.4152 train_time:2234526ms step_avg:497.67ms
step:4500/5100 val_loss:3.3230 train_time:2234834ms step_avg:497.74ms
step:4501/5100 train_loss:3.2610 train_time:2235037ms step_avg:497.67ms
step:4502/5100 train_loss:3.1936 train_time:2235514ms step_avg:497.67ms
step:4503/5100 train_loss:3.5255 train_time:2236010ms step_avg:497.67ms
step:4504/5100 train_loss:3.3448 train_time:2236506ms step_avg:497.66ms
step:4505/5100 train_loss:3.3704 train_time:2237004ms step_avg:497.66ms
step:4506/5100 train_loss:3.2948 train_time:2237492ms step_avg:497.66ms
step:4507/5100 train_loss:3.4300 train_time:2237990ms step_avg:497.66ms
step:4508/5100 train_loss:2.8591 train_time:2238491ms step_avg:497.66ms
step:4509/5100 train_loss:3.3230 train_time:2238984ms step_avg:497.66ms
step:4510/5100 train_loss:3.2206 train_time:2239488ms step_avg:497.66ms
step:4511/5100 train_loss:3.3010 train_time:2239969ms step_avg:497.66ms
step:4512/5100 train_loss:3.3197 train_time:2240473ms step_avg:497.66ms
step:4513/5100 train_loss:3.2273 train_time:2240962ms step_avg:497.66ms
step:4514/5100 train_loss:3.2027 train_time:2241456ms step_avg:497.66ms
step:4515/5100 train_loss:3.5228 train_time:2241949ms step_avg:497.66ms
step:4516/5100 train_loss:3.0686 train_time:2242449ms step_avg:497.66ms
step:4517/5100 train_loss:3.2569 train_time:2242946ms step_avg:497.66ms
step:4518/5100 train_loss:3.3000 train_time:2243434ms step_avg:497.66ms
step:4519/5100 train_loss:3.2535 train_time:2243926ms step_avg:497.66ms
step:4520/5100 train_loss:3.1685 train_time:2244420ms step_avg:497.65ms
step:4521/5100 train_loss:3.2634 train_time:2244919ms step_avg:497.65ms
step:4522/5100 train_loss:3.4861 train_time:2245407ms step_avg:497.65ms
step:4523/5100 train_loss:4.0543 train_time:2245906ms step_avg:497.65ms
step:4524/5100 train_loss:3.4322 train_time:2246409ms step_avg:497.65ms
step:4525/5100 train_loss:3.3121 train_time:2246911ms step_avg:497.65ms
step:4526/5100 train_loss:3.3230 train_time:2247397ms step_avg:497.65ms
step:4527/5100 train_loss:3.3443 train_time:2247892ms step_avg:497.65ms
step:4528/5100 train_loss:3.2066 train_time:2248391ms step_avg:497.65ms
step:4529/5100 train_loss:3.2314 train_time:2248891ms step_avg:497.65ms
step:4530/5100 train_loss:4.3750 train_time:2249381ms step_avg:497.65ms
step:4531/5100 train_loss:3.4691 train_time:2249877ms step_avg:497.65ms
step:4532/5100 train_loss:3.2118 train_time:2250378ms step_avg:497.65ms
step:4533/5100 train_loss:3.2257 train_time:2250868ms step_avg:497.65ms
step:4534/5100 train_loss:3.3906 train_time:2251364ms step_avg:497.65ms
step:4535/5100 train_loss:3.6209 train_time:2251864ms step_avg:497.65ms
step:4536/5100 train_loss:3.4759 train_time:2252367ms step_avg:497.65ms
step:4537/5100 train_loss:3.3716 train_time:2253357ms step_avg:497.76ms
step:4538/5100 train_loss:3.2191 train_time:2253841ms step_avg:497.76ms
step:4539/5100 train_loss:3.3674 train_time:2254337ms step_avg:497.76ms
step:4540/5100 train_loss:3.8816 train_time:2254833ms step_avg:497.76ms
step:4541/5100 train_loss:3.4428 train_time:2255321ms step_avg:497.75ms
step:4542/5100 train_loss:3.2852 train_time:2255816ms step_avg:497.75ms
step:4543/5100 train_loss:3.4270 train_time:2256308ms step_avg:497.75ms
step:4544/5100 train_loss:3.1962 train_time:2256805ms step_avg:497.75ms
step:4545/5100 train_loss:3.4759 train_time:2257300ms step_avg:497.75ms
step:4546/5100 train_loss:3.6101 train_time:2257799ms step_avg:497.75ms
step:4547/5100 train_loss:3.2614 train_time:2258291ms step_avg:497.75ms
step:4548/5100 train_loss:3.3562 train_time:2258790ms step_avg:497.75ms
step:4549/5100 train_loss:3.3828 train_time:2259286ms step_avg:497.75ms
step:4550/5100 train_loss:3.3278 train_time:2259775ms step_avg:497.75ms
step:4551/5100 train_loss:3.3148 train_time:2260269ms step_avg:497.75ms
step:4552/5100 train_loss:3.2762 train_time:2260773ms step_avg:497.75ms
step:4553/5100 train_loss:3.3656 train_time:2261261ms step_avg:497.75ms
step:4554/5100 train_loss:3.2520 train_time:2261754ms step_avg:497.75ms
step:4555/5100 train_loss:3.4643 train_time:2262242ms step_avg:497.74ms
step:4556/5100 train_loss:3.0978 train_time:2262737ms step_avg:497.74ms
step:4557/5100 train_loss:3.3516 train_time:2263236ms step_avg:497.74ms
step:4558/5100 train_loss:3.3532 train_time:2263733ms step_avg:497.74ms
step:4559/5100 train_loss:3.3417 train_time:2264233ms step_avg:497.74ms
step:4560/5100 train_loss:3.5583 train_time:2265447ms step_avg:497.90ms
step:4561/5100 train_loss:3.2074 train_time:2265940ms step_avg:497.90ms
step:4562/5100 train_loss:3.4011 train_time:2266443ms step_avg:497.90ms
step:4563/5100 train_loss:3.2799 train_time:2266938ms step_avg:497.90ms
step:4564/5100 train_loss:3.3138 train_time:2267433ms step_avg:497.90ms
step:4565/5100 train_loss:3.4467 train_time:2267923ms step_avg:497.90ms
step:4566/5100 train_loss:3.5510 train_time:2268420ms step_avg:497.90ms
step:4567/5100 train_loss:3.3680 train_time:2268913ms step_avg:497.90ms
step:4568/5100 train_loss:3.3055 train_time:2269413ms step_avg:497.90ms
step:4569/5100 train_loss:3.4966 train_time:2269910ms step_avg:497.90ms
step:4570/5100 train_loss:3.2180 train_time:2270397ms step_avg:497.89ms
step:4571/5100 train_loss:3.1783 train_time:2270891ms step_avg:497.89ms
step:4572/5100 train_loss:3.5156 train_time:2271393ms step_avg:497.89ms
step:4573/5100 train_loss:3.1709 train_time:2271888ms step_avg:497.89ms
step:4574/5100 train_loss:3.2418 train_time:2272382ms step_avg:497.89ms
step:4575/5100 train_loss:3.3824 train_time:2272876ms step_avg:497.89ms
step:4576/5100 train_loss:3.3856 train_time:2273368ms step_avg:497.89ms
step:4577/5100 train_loss:3.3468 train_time:2273860ms step_avg:497.89ms
step:4578/5100 train_loss:3.2713 train_time:2274351ms step_avg:497.89ms
step:4579/5100 train_loss:3.3329 train_time:2274847ms step_avg:497.89ms
step:4580/5100 train_loss:3.3303 train_time:2275345ms step_avg:497.89ms
step:4581/5100 train_loss:3.2590 train_time:2275839ms step_avg:497.89ms
step:4582/5100 train_loss:3.3396 train_time:2276335ms step_avg:497.89ms
step:4583/5100 train_loss:3.2356 train_time:2276867ms step_avg:497.89ms
step:4584/5100 train_loss:3.2352 train_time:2277320ms step_avg:497.88ms
step:4585/5100 train_loss:3.4105 train_time:2277813ms step_avg:497.88ms
step:4586/5100 train_loss:3.4569 train_time:2278312ms step_avg:497.88ms
step:4587/5100 train_loss:3.2272 train_time:2278806ms step_avg:497.88ms
step:4588/5100 train_loss:3.1860 train_time:2279300ms step_avg:497.88ms
step:4589/5100 train_loss:3.2636 train_time:2279792ms step_avg:497.88ms
step:4590/5100 train_loss:3.4498 train_time:2280290ms step_avg:497.88ms
step:4591/5100 train_loss:3.4674 train_time:2280781ms step_avg:497.88ms
step:4592/5100 train_loss:3.3766 train_time:2281277ms step_avg:497.88ms
step:4593/5100 train_loss:3.3344 train_time:2281780ms step_avg:497.88ms
step:4594/5100 train_loss:3.5223 train_time:2282276ms step_avg:497.88ms
step:4595/5100 train_loss:3.3396 train_time:2282765ms step_avg:497.88ms
step:4596/5100 train_loss:3.0905 train_time:2283259ms step_avg:497.88ms
step:4597/5100 train_loss:3.4168 train_time:2283752ms step_avg:497.87ms
step:4598/5100 train_loss:3.2753 train_time:2284249ms step_avg:497.87ms
step:4599/5100 train_loss:3.3973 train_time:2284739ms step_avg:497.87ms
step:4600/5100 train_loss:3.4129 train_time:2285233ms step_avg:497.87ms
step:4601/5100 train_loss:3.3062 train_time:2285759ms step_avg:497.88ms
step:4602/5100 train_loss:3.2493 train_time:2286224ms step_avg:497.87ms
step:4603/5100 train_loss:3.2659 train_time:2286719ms step_avg:497.87ms
step:4604/5100 train_loss:3.2170 train_time:2287221ms step_avg:497.87ms
step:4605/5100 train_loss:3.3646 train_time:2287723ms step_avg:497.87ms
step:4606/5100 train_loss:3.3248 train_time:2288214ms step_avg:497.87ms
step:4607/5100 train_loss:3.3812 train_time:2288705ms step_avg:497.87ms
step:4608/5100 train_loss:3.3736 train_time:2289202ms step_avg:497.87ms
step:4609/5100 train_loss:3.4316 train_time:2289696ms step_avg:497.87ms
step:4610/5100 train_loss:3.2486 train_time:2290191ms step_avg:497.87ms
step:4611/5100 train_loss:3.3360 train_time:2290686ms step_avg:497.87ms
step:4612/5100 train_loss:3.5613 train_time:2291183ms step_avg:497.87ms
step:4613/5100 train_loss:3.2821 train_time:2291669ms step_avg:497.86ms
step:4614/5100 train_loss:3.0546 train_time:2292176ms step_avg:497.87ms
step:4615/5100 train_loss:3.3087 train_time:2292670ms step_avg:497.87ms
step:4616/5100 train_loss:3.1776 train_time:2293169ms step_avg:497.87ms
step:4617/5100 train_loss:3.4043 train_time:2293662ms step_avg:497.86ms
step:4618/5100 train_loss:3.2096 train_time:2294154ms step_avg:497.86ms
step:4619/5100 train_loss:3.4095 train_time:2294661ms step_avg:497.87ms
step:4620/5100 train_loss:3.4679 train_time:2295159ms step_avg:497.87ms
step:4621/5100 train_loss:3.5211 train_time:2295636ms step_avg:497.86ms
step:4622/5100 train_loss:3.0415 train_time:2296164ms step_avg:497.87ms
step:4623/5100 train_loss:3.3272 train_time:2296634ms step_avg:497.86ms
step:4624/5100 train_loss:3.3215 train_time:2297130ms step_avg:497.86ms
step:4625/5100 train_loss:3.1562 train_time:2297625ms step_avg:497.86ms
step:4625/5100 val_loss:3.3111 train_time:2297920ms step_avg:497.92ms
step:4626/5100 train_loss:3.4011 train_time:2298129ms step_avg:497.86ms
step:4627/5100 train_loss:3.3240 train_time:2298609ms step_avg:497.86ms
step:4628/5100 train_loss:3.1369 train_time:2299105ms step_avg:497.86ms
step:4629/5100 train_loss:3.2716 train_time:2299624ms step_avg:497.86ms
step:4630/5100 train_loss:3.3806 train_time:2300133ms step_avg:497.86ms
step:4631/5100 train_loss:3.5668 train_time:2300617ms step_avg:497.86ms
step:4632/5100 train_loss:3.1802 train_time:2301110ms step_avg:497.86ms
step:4633/5100 train_loss:3.4767 train_time:2301586ms step_avg:497.86ms
step:4634/5100 train_loss:3.2939 train_time:2302089ms step_avg:497.86ms
step:4635/5100 train_loss:3.2470 train_time:2302575ms step_avg:497.85ms
step:4636/5100 train_loss:3.3938 train_time:2303072ms step_avg:497.85ms
step:4637/5100 train_loss:3.1789 train_time:2303570ms step_avg:497.85ms
step:4638/5100 train_loss:3.4137 train_time:2304071ms step_avg:497.85ms
step:4639/5100 train_loss:3.3062 train_time:2304572ms step_avg:497.86ms
step:4640/5100 train_loss:3.3073 train_time:2305057ms step_avg:497.85ms
step:4641/5100 train_loss:3.1612 train_time:2305545ms step_avg:497.85ms
step:4642/5100 train_loss:3.2764 train_time:2306045ms step_avg:497.85ms
step:4643/5100 train_loss:3.2673 train_time:2306537ms step_avg:497.85ms
step:4644/5100 train_loss:3.6220 train_time:2307031ms step_avg:497.85ms
step:4645/5100 train_loss:3.3297 train_time:2307524ms step_avg:497.85ms
step:4646/5100 train_loss:3.2935 train_time:2308022ms step_avg:497.85ms
step:4647/5100 train_loss:3.2731 train_time:2308522ms step_avg:497.85ms
step:4648/5100 train_loss:3.4377 train_time:2309015ms step_avg:497.85ms
step:4649/5100 train_loss:3.4374 train_time:2309505ms step_avg:497.85ms
step:4650/5100 train_loss:3.3571 train_time:2310004ms step_avg:497.85ms
step:4651/5100 train_loss:3.2276 train_time:2310493ms step_avg:497.84ms
step:4652/5100 train_loss:3.4786 train_time:2310989ms step_avg:497.84ms
step:4653/5100 train_loss:3.5434 train_time:2311495ms step_avg:497.85ms
step:4654/5100 train_loss:3.3388 train_time:2311989ms step_avg:497.84ms
step:4655/5100 train_loss:3.2635 train_time:2312481ms step_avg:497.84ms
step:4656/5100 train_loss:3.4337 train_time:2312972ms step_avg:497.84ms
step:4657/5100 train_loss:3.2221 train_time:2313469ms step_avg:497.84ms
step:4658/5100 train_loss:3.1462 train_time:2313968ms step_avg:497.84ms
step:4659/5100 train_loss:3.2465 train_time:2314465ms step_avg:497.84ms
step:4660/5100 train_loss:3.1891 train_time:2314965ms step_avg:497.84ms
step:4661/5100 train_loss:3.2240 train_time:2315457ms step_avg:497.84ms
step:4662/5100 train_loss:3.1965 train_time:2315955ms step_avg:497.84ms
step:4663/5100 train_loss:3.3987 train_time:2316441ms step_avg:497.84ms
step:4664/5100 train_loss:3.2478 train_time:2316941ms step_avg:497.84ms
step:4665/5100 train_loss:3.2203 train_time:2317434ms step_avg:497.84ms
step:4666/5100 train_loss:3.4409 train_time:2317925ms step_avg:497.84ms
step:4667/5100 train_loss:3.3044 train_time:2318424ms step_avg:497.84ms
step:4668/5100 train_loss:3.3157 train_time:2318922ms step_avg:497.84ms
step:4669/5100 train_loss:3.3061 train_time:2319415ms step_avg:497.84ms
step:4670/5100 train_loss:3.3832 train_time:2319909ms step_avg:497.83ms
step:4671/5100 train_loss:3.4450 train_time:2320397ms step_avg:497.83ms
step:4672/5100 train_loss:3.3280 train_time:2320898ms step_avg:497.83ms
step:4673/5100 train_loss:3.3659 train_time:2321392ms step_avg:497.83ms
step:4674/5100 train_loss:3.3737 train_time:2321883ms step_avg:497.83ms
step:4675/5100 train_loss:3.2592 train_time:2322376ms step_avg:497.83ms
step:4676/5100 train_loss:3.5055 train_time:2322868ms step_avg:497.83ms
step:4677/5100 train_loss:3.1208 train_time:2323361ms step_avg:497.83ms
step:4678/5100 train_loss:3.1794 train_time:2323859ms step_avg:497.83ms
step:4679/5100 train_loss:3.3721 train_time:2324349ms step_avg:497.83ms
step:4680/5100 train_loss:3.2058 train_time:2324857ms step_avg:497.83ms
step:4681/5100 train_loss:3.2128 train_time:2325341ms step_avg:497.83ms
step:4682/5100 train_loss:3.2557 train_time:2325832ms step_avg:497.82ms
step:4683/5100 train_loss:3.1529 train_time:2326329ms step_avg:497.82ms
step:4684/5100 train_loss:3.2633 train_time:2326824ms step_avg:497.82ms
step:4685/5100 train_loss:3.5181 train_time:2327322ms step_avg:497.82ms
step:4686/5100 train_loss:3.5731 train_time:2327820ms step_avg:497.82ms
step:4687/5100 train_loss:3.2740 train_time:2328312ms step_avg:497.82ms
step:4688/5100 train_loss:3.1731 train_time:2328806ms step_avg:497.82ms
step:4689/5100 train_loss:3.5292 train_time:2329299ms step_avg:497.82ms
step:4690/5100 train_loss:3.1976 train_time:2329795ms step_avg:497.82ms
step:4691/5100 train_loss:3.0755 train_time:2330293ms step_avg:497.82ms
step:4692/5100 train_loss:3.2666 train_time:2330789ms step_avg:497.82ms
step:4693/5100 train_loss:3.1962 train_time:2331278ms step_avg:497.82ms
step:4694/5100 train_loss:3.2329 train_time:2331779ms step_avg:497.82ms
step:4695/5100 train_loss:3.2654 train_time:2332268ms step_avg:497.82ms
step:4696/5100 train_loss:3.3269 train_time:2332763ms step_avg:497.82ms
step:4697/5100 train_loss:3.4501 train_time:2333257ms step_avg:497.81ms
step:4698/5100 train_loss:3.2490 train_time:2333759ms step_avg:497.82ms
step:4699/5100 train_loss:3.3882 train_time:2334249ms step_avg:497.81ms
step:4700/5100 train_loss:3.3588 train_time:2334744ms step_avg:497.81ms
step:4701/5100 train_loss:3.3130 train_time:2335239ms step_avg:497.81ms
step:4702/5100 train_loss:3.3225 train_time:2335739ms step_avg:497.81ms
step:4703/5100 train_loss:3.3153 train_time:2336230ms step_avg:497.81ms
step:4704/5100 train_loss:3.3756 train_time:2336724ms step_avg:497.81ms
step:4705/5100 train_loss:3.2581 train_time:2337216ms step_avg:497.81ms
step:4706/5100 train_loss:3.1958 train_time:2337714ms step_avg:497.81ms
step:4707/5100 train_loss:3.3696 train_time:2338208ms step_avg:497.81ms
step:4708/5100 train_loss:3.3011 train_time:2338701ms step_avg:497.81ms
step:4709/5100 train_loss:3.3193 train_time:2339193ms step_avg:497.81ms
step:4710/5100 train_loss:3.2584 train_time:2339693ms step_avg:497.81ms
step:4711/5100 train_loss:3.2212 train_time:2340190ms step_avg:497.81ms
step:4712/5100 train_loss:3.3494 train_time:2340680ms step_avg:497.81ms
step:4713/5100 train_loss:3.3554 train_time:2341180ms step_avg:497.81ms
step:4714/5100 train_loss:3.2370 train_time:2341672ms step_avg:497.80ms
step:4715/5100 train_loss:3.4212 train_time:2342170ms step_avg:497.80ms
step:4716/5100 train_loss:3.3996 train_time:2342684ms step_avg:497.81ms
step:4717/5100 train_loss:3.3228 train_time:2343179ms step_avg:497.81ms
step:4718/5100 train_loss:3.1945 train_time:2343670ms step_avg:497.81ms
step:4719/5100 train_loss:3.1695 train_time:2344161ms step_avg:497.80ms
step:4720/5100 train_loss:3.2863 train_time:2344655ms step_avg:497.80ms
step:4721/5100 train_loss:3.3830 train_time:2345150ms step_avg:497.80ms
step:4722/5100 train_loss:3.2891 train_time:2345643ms step_avg:497.80ms
step:4723/5100 train_loss:3.1845 train_time:2346140ms step_avg:497.80ms
step:4724/5100 train_loss:3.3000 train_time:2346645ms step_avg:497.80ms
step:4725/5100 train_loss:3.2508 train_time:2347133ms step_avg:497.80ms
step:4726/5100 train_loss:3.7006 train_time:2347776ms step_avg:497.83ms
step:4727/5100 train_loss:3.2658 train_time:2348273ms step_avg:497.83ms
step:4728/5100 train_loss:3.3863 train_time:2348766ms step_avg:497.83ms
step:4729/5100 train_loss:3.0882 train_time:2349261ms step_avg:497.83ms
step:4730/5100 train_loss:3.3395 train_time:2349762ms step_avg:497.83ms
step:4731/5100 train_loss:3.1635 train_time:2350253ms step_avg:497.83ms
step:4732/5100 train_loss:3.2800 train_time:2350751ms step_avg:497.83ms
step:4733/5100 train_loss:3.2072 train_time:2351244ms step_avg:497.83ms
step:4734/5100 train_loss:3.2255 train_time:2351737ms step_avg:497.83ms
step:4735/5100 train_loss:3.4158 train_time:2352232ms step_avg:497.83ms
step:4736/5100 train_loss:3.3241 train_time:2352730ms step_avg:497.83ms
step:4737/5100 train_loss:3.4903 train_time:2353225ms step_avg:497.83ms
step:4738/5100 train_loss:3.4187 train_time:2353735ms step_avg:497.83ms
step:4739/5100 train_loss:3.2094 train_time:2354232ms step_avg:497.83ms
step:4740/5100 train_loss:3.2836 train_time:2354745ms step_avg:497.83ms
step:4741/5100 train_loss:3.3610 train_time:2355272ms step_avg:497.84ms
step:4742/5100 train_loss:3.2600 train_time:2355711ms step_avg:497.83ms
step:4743/5100 train_loss:3.1683 train_time:2356207ms step_avg:497.83ms
step:4744/5100 train_loss:3.2402 train_time:2356706ms step_avg:497.83ms
step:4745/5100 train_loss:3.2698 train_time:2357197ms step_avg:497.82ms
step:4746/5100 train_loss:3.2344 train_time:2357695ms step_avg:497.82ms
step:4747/5100 train_loss:3.2353 train_time:2358187ms step_avg:497.82ms
step:4748/5100 train_loss:3.4604 train_time:2358681ms step_avg:497.82ms
step:4749/5100 train_loss:3.2034 train_time:2359179ms step_avg:497.82ms
step:4750/5100 train_loss:3.2656 train_time:2360035ms step_avg:497.90ms
step:4750/5100 val_loss:3.2995 train_time:2360336ms step_avg:497.96ms
step:4751/5100 train_loss:3.1615 train_time:2360523ms step_avg:497.90ms
step:4752/5100 train_loss:3.1727 train_time:2361023ms step_avg:497.90ms
step:4753/5100 train_loss:3.2591 train_time:2361517ms step_avg:497.90ms
step:4754/5100 train_loss:3.5694 train_time:2362016ms step_avg:497.90ms
step:4755/5100 train_loss:3.1627 train_time:2362505ms step_avg:497.89ms
step:4756/5100 train_loss:3.5011 train_time:2362999ms step_avg:497.89ms
step:4757/5100 train_loss:3.5317 train_time:2363500ms step_avg:497.89ms
step:4758/5100 train_loss:3.3131 train_time:2363992ms step_avg:497.89ms
step:4759/5100 train_loss:3.4390 train_time:2364490ms step_avg:497.89ms
step:4760/5100 train_loss:3.3525 train_time:2364981ms step_avg:497.89ms
step:4761/5100 train_loss:3.1772 train_time:2365477ms step_avg:497.89ms
step:4762/5100 train_loss:3.3025 train_time:2365974ms step_avg:497.89ms
step:4763/5100 train_loss:3.4577 train_time:2366471ms step_avg:497.89ms
step:4764/5100 train_loss:3.2585 train_time:2366970ms step_avg:497.89ms
step:4765/5100 train_loss:3.2919 train_time:2367462ms step_avg:497.89ms
step:4766/5100 train_loss:3.1614 train_time:2367958ms step_avg:497.89ms
step:4767/5100 train_loss:3.3396 train_time:2368453ms step_avg:497.89ms
step:4768/5100 train_loss:3.8633 train_time:2368946ms step_avg:497.89ms
step:4769/5100 train_loss:3.3883 train_time:2369437ms step_avg:497.89ms
step:4770/5100 train_loss:3.2817 train_time:2369931ms step_avg:497.88ms
step:4771/5100 train_loss:3.2771 train_time:2370433ms step_avg:497.89ms
step:4772/5100 train_loss:3.2962 train_time:2370925ms step_avg:497.88ms
step:4773/5100 train_loss:3.3299 train_time:2371428ms step_avg:497.89ms
step:4774/5100 train_loss:3.3241 train_time:2371913ms step_avg:497.88ms
step:4775/5100 train_loss:3.2882 train_time:2372405ms step_avg:497.88ms
step:4776/5100 train_loss:3.2838 train_time:2372900ms step_avg:497.88ms
step:4777/5100 train_loss:3.3401 train_time:2373398ms step_avg:497.88ms
step:4778/5100 train_loss:3.1760 train_time:2373901ms step_avg:497.88ms
step:4779/5100 train_loss:3.2968 train_time:2374391ms step_avg:497.88ms
step:4780/5100 train_loss:3.3786 train_time:2374892ms step_avg:497.88ms
step:4781/5100 train_loss:3.2864 train_time:2375376ms step_avg:497.88ms
step:4782/5100 train_loss:3.1789 train_time:2375888ms step_avg:497.88ms
step:4783/5100 train_loss:3.0996 train_time:2376383ms step_avg:497.88ms
step:4784/5100 train_loss:3.1444 train_time:2376873ms step_avg:497.88ms
step:4785/5100 train_loss:3.2300 train_time:2377364ms step_avg:497.88ms
step:4786/5100 train_loss:3.6903 train_time:2377863ms step_avg:497.88ms
step:4787/5100 train_loss:3.4781 train_time:2378359ms step_avg:497.88ms
step:4788/5100 train_loss:3.3225 train_time:2378854ms step_avg:497.88ms
step:4789/5100 train_loss:3.4068 train_time:2379346ms step_avg:497.88ms
step:4790/5100 train_loss:3.3685 train_time:2379837ms step_avg:497.87ms
step:4791/5100 train_loss:3.3255 train_time:2380340ms step_avg:497.87ms
step:4792/5100 train_loss:3.2900 train_time:2380834ms step_avg:497.87ms
step:4793/5100 train_loss:3.2055 train_time:2381337ms step_avg:497.88ms
step:4794/5100 train_loss:3.1635 train_time:2381809ms step_avg:497.87ms
step:4795/5100 train_loss:3.1559 train_time:2382311ms step_avg:497.87ms
step:4796/5100 train_loss:3.3539 train_time:2382798ms step_avg:497.87ms
step:4797/5100 train_loss:3.4169 train_time:2383296ms step_avg:497.87ms
step:4798/5100 train_loss:2.9676 train_time:2383808ms step_avg:497.87ms
step:4799/5100 train_loss:3.1848 train_time:2384284ms step_avg:497.87ms
step:4800/5100 train_loss:3.1838 train_time:2384777ms step_avg:497.87ms
step:4801/5100 train_loss:3.2631 train_time:2385285ms step_avg:497.87ms
step:4802/5100 train_loss:3.0209 train_time:2385772ms step_avg:497.87ms
step:4803/5100 train_loss:3.2494 train_time:2386268ms step_avg:497.87ms
step:4804/5100 train_loss:3.4383 train_time:2386766ms step_avg:497.87ms
step:4805/5100 train_loss:3.3098 train_time:2387254ms step_avg:497.86ms
step:4806/5100 train_loss:3.3301 train_time:2387751ms step_avg:497.86ms
step:4807/5100 train_loss:3.3814 train_time:2388246ms step_avg:497.86ms
step:4808/5100 train_loss:3.0826 train_time:2388737ms step_avg:497.86ms
step:4809/5100 train_loss:3.2492 train_time:2389234ms step_avg:497.86ms
step:4810/5100 train_loss:3.2376 train_time:2389734ms step_avg:497.86ms
step:4811/5100 train_loss:3.3730 train_time:2390227ms step_avg:497.86ms
step:4812/5100 train_loss:3.3181 train_time:2390722ms step_avg:497.86ms
step:4813/5100 train_loss:3.3411 train_time:2391211ms step_avg:497.86ms
step:4814/5100 train_loss:3.1888 train_time:2391714ms step_avg:497.86ms
step:4815/5100 train_loss:3.3334 train_time:2392213ms step_avg:497.86ms
step:4816/5100 train_loss:3.8186 train_time:2392695ms step_avg:497.86ms
step:4817/5100 train_loss:3.3635 train_time:2393195ms step_avg:497.86ms
step:4818/5100 train_loss:3.2788 train_time:2393686ms step_avg:497.85ms
step:4819/5100 train_loss:3.1773 train_time:2394184ms step_avg:497.85ms
step:4820/5100 train_loss:3.2984 train_time:2394685ms step_avg:497.86ms
step:4821/5100 train_loss:3.3407 train_time:2395182ms step_avg:497.86ms
step:4822/5100 train_loss:3.3746 train_time:2395663ms step_avg:497.85ms
step:4823/5100 train_loss:3.4287 train_time:2396157ms step_avg:497.85ms
step:4824/5100 train_loss:3.1644 train_time:2396652ms step_avg:497.85ms
step:4825/5100 train_loss:3.3053 train_time:2397152ms step_avg:497.85ms
step:4826/5100 train_loss:3.2164 train_time:2397654ms step_avg:497.85ms
step:4827/5100 train_loss:3.1436 train_time:2398141ms step_avg:497.85ms
step:4828/5100 train_loss:3.3149 train_time:2398650ms step_avg:497.85ms
step:4829/5100 train_loss:3.1931 train_time:2399141ms step_avg:497.85ms
step:4830/5100 train_loss:3.3431 train_time:2399637ms step_avg:497.85ms
step:4831/5100 train_loss:3.5587 train_time:2400136ms step_avg:497.85ms
step:4832/5100 train_loss:3.2239 train_time:2400635ms step_avg:497.85ms
step:4833/5100 train_loss:3.3470 train_time:2401131ms step_avg:497.85ms
step:4834/5100 train_loss:3.2675 train_time:2401620ms step_avg:497.85ms
step:4835/5100 train_loss:3.4399 train_time:2402114ms step_avg:497.85ms
step:4836/5100 train_loss:3.2884 train_time:2402611ms step_avg:497.85ms
step:4837/5100 train_loss:3.6237 train_time:2403105ms step_avg:497.85ms
step:4838/5100 train_loss:3.2982 train_time:2403596ms step_avg:497.85ms
step:4839/5100 train_loss:3.3118 train_time:2404095ms step_avg:497.85ms
step:4840/5100 train_loss:3.2518 train_time:2404589ms step_avg:497.84ms
step:4841/5100 train_loss:3.3235 train_time:2405089ms step_avg:497.84ms
step:4842/5100 train_loss:3.2652 train_time:2405592ms step_avg:497.85ms
step:4843/5100 train_loss:3.1793 train_time:2406085ms step_avg:497.85ms
step:4844/5100 train_loss:3.0816 train_time:2406589ms step_avg:497.85ms
step:4845/5100 train_loss:3.2512 train_time:2407066ms step_avg:497.84ms
step:4846/5100 train_loss:3.2418 train_time:2407557ms step_avg:497.84ms
step:4847/5100 train_loss:3.4813 train_time:2408053ms step_avg:497.84ms
step:4848/5100 train_loss:3.1989 train_time:2408546ms step_avg:497.84ms
step:4849/5100 train_loss:3.3741 train_time:2409042ms step_avg:497.84ms
step:4850/5100 train_loss:3.3382 train_time:2409544ms step_avg:497.84ms
step:4851/5100 train_loss:3.3487 train_time:2410035ms step_avg:497.84ms
step:4852/5100 train_loss:2.8748 train_time:2410536ms step_avg:497.84ms
step:4853/5100 train_loss:3.1278 train_time:2411041ms step_avg:497.84ms
step:4854/5100 train_loss:3.2598 train_time:2411532ms step_avg:497.84ms
step:4855/5100 train_loss:3.2695 train_time:2412028ms step_avg:497.84ms
step:4856/5100 train_loss:3.5426 train_time:2412528ms step_avg:497.84ms
step:4857/5100 train_loss:3.2270 train_time:2413022ms step_avg:497.84ms
step:4858/5100 train_loss:3.3128 train_time:2413537ms step_avg:497.84ms
step:4859/5100 train_loss:3.3305 train_time:2414012ms step_avg:497.84ms
step:4860/5100 train_loss:3.2881 train_time:2414508ms step_avg:497.84ms
step:4861/5100 train_loss:3.2731 train_time:2415006ms step_avg:497.84ms
step:4862/5100 train_loss:3.2938 train_time:2415492ms step_avg:497.83ms
step:4863/5100 train_loss:3.3405 train_time:2415986ms step_avg:497.83ms
step:4864/5100 train_loss:3.1774 train_time:2416485ms step_avg:497.83ms
step:4865/5100 train_loss:3.3939 train_time:2416976ms step_avg:497.83ms
step:4866/5100 train_loss:3.0479 train_time:2417468ms step_avg:497.83ms
step:4867/5100 train_loss:3.3034 train_time:2417963ms step_avg:497.83ms
step:4868/5100 train_loss:3.3270 train_time:2418459ms step_avg:497.83ms
step:4869/5100 train_loss:3.2995 train_time:2418961ms step_avg:497.83ms
step:4870/5100 train_loss:3.3479 train_time:2419453ms step_avg:497.83ms
step:4871/5100 train_loss:3.4059 train_time:2419954ms step_avg:497.83ms
step:4872/5100 train_loss:3.2487 train_time:2420454ms step_avg:497.83ms
step:4873/5100 train_loss:3.5363 train_time:2420989ms step_avg:497.84ms
step:4874/5100 train_loss:3.3714 train_time:2421433ms step_avg:497.83ms
step:4875/5100 train_loss:3.4596 train_time:2421933ms step_avg:497.83ms
step:4875/5100 val_loss:3.2892 train_time:2422230ms step_avg:497.89ms
step:4876/5100 train_loss:3.2745 train_time:2422426ms step_avg:497.83ms
step:4877/5100 train_loss:3.1542 train_time:2422919ms step_avg:497.83ms
step:4878/5100 train_loss:3.2583 train_time:2423423ms step_avg:497.83ms
step:4879/5100 train_loss:3.0935 train_time:2423914ms step_avg:497.83ms
step:4880/5100 train_loss:3.3914 train_time:2424414ms step_avg:497.83ms
step:4881/5100 train_loss:3.2928 train_time:2424910ms step_avg:497.83ms
step:4882/5100 train_loss:3.4308 train_time:2425409ms step_avg:497.83ms
step:4883/5100 train_loss:3.4083 train_time:2425892ms step_avg:497.82ms
step:4884/5100 train_loss:3.2604 train_time:2426395ms step_avg:497.82ms
step:4885/5100 train_loss:3.1680 train_time:2426890ms step_avg:497.82ms
step:4886/5100 train_loss:3.3546 train_time:2427381ms step_avg:497.82ms
step:4887/5100 train_loss:3.3699 train_time:2427885ms step_avg:497.82ms
step:4888/5100 train_loss:3.1904 train_time:2428367ms step_avg:497.82ms
step:4889/5100 train_loss:3.1282 train_time:2428865ms step_avg:497.82ms
step:4890/5100 train_loss:3.4073 train_time:2429359ms step_avg:497.82ms
step:4891/5100 train_loss:3.2731 train_time:2429854ms step_avg:497.82ms
step:4892/5100 train_loss:3.3621 train_time:2430352ms step_avg:497.82ms
step:4893/5100 train_loss:3.2462 train_time:2430843ms step_avg:497.82ms
step:4894/5100 train_loss:3.5027 train_time:2431367ms step_avg:497.82ms
step:4895/5100 train_loss:3.6221 train_time:2431827ms step_avg:497.82ms
step:4896/5100 train_loss:3.2845 train_time:2432329ms step_avg:497.82ms
step:4897/5100 train_loss:3.2031 train_time:2432818ms step_avg:497.81ms
step:4898/5100 train_loss:3.2272 train_time:2433322ms step_avg:497.82ms
step:4899/5100 train_loss:3.1987 train_time:2433822ms step_avg:497.82ms
step:4900/5100 train_loss:3.3098 train_time:2434330ms step_avg:497.82ms
step:4901/5100 train_loss:3.1707 train_time:2434811ms step_avg:497.81ms
step:4902/5100 train_loss:3.2225 train_time:2435316ms step_avg:497.82ms
step:4903/5100 train_loss:3.3515 train_time:2435806ms step_avg:497.81ms
step:4904/5100 train_loss:3.2279 train_time:2436295ms step_avg:497.81ms
step:4905/5100 train_loss:3.2774 train_time:2436789ms step_avg:497.81ms
step:4906/5100 train_loss:3.3694 train_time:2437282ms step_avg:497.81ms
step:4907/5100 train_loss:3.1466 train_time:2437774ms step_avg:497.81ms
step:4908/5100 train_loss:3.1721 train_time:2438273ms step_avg:497.81ms
step:4909/5100 train_loss:3.1389 train_time:2438767ms step_avg:497.81ms
step:4910/5100 train_loss:3.3181 train_time:2439263ms step_avg:497.81ms
step:4911/5100 train_loss:3.3460 train_time:2439751ms step_avg:497.81ms
step:4912/5100 train_loss:3.3599 train_time:2440248ms step_avg:497.81ms
step:4913/5100 train_loss:3.3502 train_time:2440742ms step_avg:497.81ms
step:4914/5100 train_loss:3.2148 train_time:2441238ms step_avg:497.81ms
step:4915/5100 train_loss:3.0492 train_time:2441874ms step_avg:497.83ms
step:4916/5100 train_loss:3.3623 train_time:2442371ms step_avg:497.83ms
step:4917/5100 train_loss:3.3550 train_time:2442863ms step_avg:497.83ms
step:4918/5100 train_loss:3.1434 train_time:2443350ms step_avg:497.83ms
step:4919/5100 train_loss:3.3335 train_time:2443847ms step_avg:497.83ms
step:4920/5100 train_loss:3.2499 train_time:2444340ms step_avg:497.83ms
step:4921/5100 train_loss:3.3580 train_time:2444834ms step_avg:497.83ms
step:4922/5100 train_loss:3.4422 train_time:2445329ms step_avg:497.83ms
step:4923/5100 train_loss:3.2814 train_time:2445822ms step_avg:497.83ms
step:4924/5100 train_loss:3.2309 train_time:2446336ms step_avg:497.83ms
step:4925/5100 train_loss:3.4201 train_time:2446835ms step_avg:497.83ms
step:4926/5100 train_loss:3.2939 train_time:2447326ms step_avg:497.83ms
step:4927/5100 train_loss:3.1968 train_time:2447821ms step_avg:497.83ms
step:4928/5100 train_loss:3.2127 train_time:2448312ms step_avg:497.83ms
step:4929/5100 train_loss:3.2610 train_time:2448807ms step_avg:497.83ms
step:4930/5100 train_loss:3.3812 train_time:2449306ms step_avg:497.83ms
step:4931/5100 train_loss:4.0916 train_time:2449807ms step_avg:497.83ms
step:4932/5100 train_loss:3.2902 train_time:2450306ms step_avg:497.83ms
step:4933/5100 train_loss:3.3076 train_time:2450780ms step_avg:497.82ms
step:4934/5100 train_loss:3.4020 train_time:2451275ms step_avg:497.82ms
step:4935/5100 train_loss:2.9889 train_time:2451773ms step_avg:497.82ms
step:4936/5100 train_loss:3.4410 train_time:2452266ms step_avg:497.82ms
step:4937/5100 train_loss:3.3554 train_time:2452750ms step_avg:497.82ms
step:4938/5100 train_loss:3.4606 train_time:2453244ms step_avg:497.82ms
step:4939/5100 train_loss:3.3954 train_time:2453738ms step_avg:497.82ms
step:4940/5100 train_loss:3.6134 train_time:2454750ms step_avg:497.92ms
step:4941/5100 train_loss:3.2416 train_time:2455233ms step_avg:497.92ms
step:4942/5100 train_loss:3.3688 train_time:2455729ms step_avg:497.92ms
step:4943/5100 train_loss:2.9914 train_time:2456224ms step_avg:497.92ms
step:4944/5100 train_loss:3.3749 train_time:2456723ms step_avg:497.92ms
step:4945/5100 train_loss:3.8018 train_time:2457216ms step_avg:497.92ms
step:4946/5100 train_loss:3.1752 train_time:2457709ms step_avg:497.92ms
step:4947/5100 train_loss:3.2050 train_time:2458200ms step_avg:497.91ms
step:4948/5100 train_loss:3.4297 train_time:2458699ms step_avg:497.91ms
step:4949/5100 train_loss:3.0966 train_time:2459193ms step_avg:497.91ms
step:4950/5100 train_loss:3.3974 train_time:2459691ms step_avg:497.91ms
step:4951/5100 train_loss:3.2040 train_time:2460188ms step_avg:497.91ms
step:4952/5100 train_loss:3.3933 train_time:2460690ms step_avg:497.91ms
step:4953/5100 train_loss:3.2164 train_time:2461184ms step_avg:497.91ms
step:4954/5100 train_loss:3.2236 train_time:2461671ms step_avg:497.91ms
step:4955/5100 train_loss:3.1759 train_time:2462171ms step_avg:497.91ms
step:4956/5100 train_loss:3.1285 train_time:2462659ms step_avg:497.91ms
step:4957/5100 train_loss:3.3573 train_time:2463154ms step_avg:497.91ms
step:4958/5100 train_loss:3.1864 train_time:2463659ms step_avg:497.91ms
step:4959/5100 train_loss:3.1917 train_time:2464146ms step_avg:497.91ms
step:4960/5100 train_loss:3.3196 train_time:2464642ms step_avg:497.91ms
step:4961/5100 train_loss:3.6023 train_time:2465138ms step_avg:497.91ms
step:4962/5100 train_loss:3.1901 train_time:2465671ms step_avg:497.91ms
step:4963/5100 train_loss:3.3489 train_time:2466140ms step_avg:497.91ms
step:4964/5100 train_loss:3.1805 train_time:2466624ms step_avg:497.91ms
step:4965/5100 train_loss:4.3955 train_time:2467119ms step_avg:497.90ms
step:4966/5100 train_loss:3.2342 train_time:2467605ms step_avg:497.90ms
step:4967/5100 train_loss:3.3087 train_time:2468101ms step_avg:497.90ms
step:4968/5100 train_loss:3.3324 train_time:2468600ms step_avg:497.90ms
step:4969/5100 train_loss:4.4258 train_time:2469092ms step_avg:497.90ms
step:4970/5100 train_loss:3.4792 train_time:2469586ms step_avg:497.90ms
step:4971/5100 train_loss:3.3690 train_time:2470092ms step_avg:497.90ms
step:4972/5100 train_loss:3.3408 train_time:2470580ms step_avg:497.90ms
step:4973/5100 train_loss:3.3633 train_time:2471072ms step_avg:497.90ms
step:4974/5100 train_loss:3.2428 train_time:2471573ms step_avg:497.90ms
step:4975/5100 train_loss:3.2546 train_time:2472066ms step_avg:497.90ms
step:4976/5100 train_loss:3.3625 train_time:2472561ms step_avg:497.90ms
step:4977/5100 train_loss:3.2711 train_time:2473056ms step_avg:497.90ms
step:4978/5100 train_loss:3.1835 train_time:2473553ms step_avg:497.90ms
step:4979/5100 train_loss:3.3277 train_time:2474068ms step_avg:497.90ms
step:4980/5100 train_loss:3.1963 train_time:2474566ms step_avg:497.90ms
step:4981/5100 train_loss:3.4524 train_time:2475036ms step_avg:497.90ms
step:4982/5100 train_loss:3.4028 train_time:2475529ms step_avg:497.89ms
step:4983/5100 train_loss:3.0974 train_time:2476027ms step_avg:497.89ms
step:4984/5100 train_loss:2.9844 train_time:2476526ms step_avg:497.89ms
step:4985/5100 train_loss:3.6680 train_time:2477023ms step_avg:497.89ms
step:4986/5100 train_loss:3.5621 train_time:2477515ms step_avg:497.89ms
step:4987/5100 train_loss:3.2827 train_time:2478011ms step_avg:497.89ms
step:4988/5100 train_loss:3.3369 train_time:2478510ms step_avg:497.89ms
step:4989/5100 train_loss:3.3442 train_time:2479008ms step_avg:497.89ms
step:4990/5100 train_loss:3.2460 train_time:2479496ms step_avg:497.89ms
step:4991/5100 train_loss:3.2366 train_time:2479992ms step_avg:497.89ms
step:4992/5100 train_loss:3.3882 train_time:2480486ms step_avg:497.89ms
step:4993/5100 train_loss:3.0674 train_time:2480981ms step_avg:497.89ms
step:4994/5100 train_loss:3.2953 train_time:2481475ms step_avg:497.89ms
step:4995/5100 train_loss:3.2376 train_time:2481970ms step_avg:497.89ms
step:4996/5100 train_loss:3.4852 train_time:2482467ms step_avg:497.89ms
step:4997/5100 train_loss:3.3248 train_time:2482958ms step_avg:497.89ms
step:4998/5100 train_loss:3.3369 train_time:2483459ms step_avg:497.89ms
step:4999/5100 train_loss:3.3801 train_time:2483954ms step_avg:497.89ms
step:5000/5100 train_loss:3.5046 train_time:2484446ms step_avg:497.89ms
step:5000/5100 val_loss:3.2811 train_time:2484756ms step_avg:497.95ms
step:5001/5100 train_loss:3.3347 train_time:2484944ms step_avg:497.89ms
step:5002/5100 train_loss:3.3195 train_time:2485439ms step_avg:497.88ms
step:5003/5100 train_loss:3.3108 train_time:2485933ms step_avg:497.88ms
step:5004/5100 train_loss:3.3942 train_time:2486428ms step_avg:497.88ms
step:5005/5100 train_loss:3.1949 train_time:2486924ms step_avg:497.88ms
step:5006/5100 train_loss:3.0535 train_time:2487416ms step_avg:497.88ms
step:5007/5100 train_loss:3.2579 train_time:2487911ms step_avg:497.88ms
step:5008/5100 train_loss:3.3226 train_time:2488406ms step_avg:497.88ms
step:5009/5100 train_loss:3.0980 train_time:2488898ms step_avg:497.88ms
step:5010/5100 train_loss:3.2615 train_time:2489394ms step_avg:497.88ms
step:5011/5100 train_loss:3.6109 train_time:2489888ms step_avg:497.88ms
step:5012/5100 train_loss:3.2279 train_time:2490378ms step_avg:497.88ms
step:5013/5100 train_loss:3.3074 train_time:2490879ms step_avg:497.88ms
step:5014/5100 train_loss:3.0758 train_time:2491370ms step_avg:497.88ms
step:5015/5100 train_loss:3.3191 train_time:2491871ms step_avg:497.88ms
step:5016/5100 train_loss:3.2340 train_time:2492363ms step_avg:497.88ms
step:5017/5100 train_loss:3.1697 train_time:2492878ms step_avg:497.88ms
step:5018/5100 train_loss:3.2492 train_time:2493351ms step_avg:497.87ms
step:5019/5100 train_loss:3.2633 train_time:2493848ms step_avg:497.87ms
step:5020/5100 train_loss:3.9524 train_time:2494340ms step_avg:497.87ms
step:5021/5100 train_loss:3.1838 train_time:2494836ms step_avg:497.87ms
step:5022/5100 train_loss:3.2434 train_time:2495360ms step_avg:497.88ms
step:5023/5100 train_loss:3.3034 train_time:2495824ms step_avg:497.87ms
step:5024/5100 train_loss:3.4310 train_time:2496324ms step_avg:497.87ms
step:5025/5100 train_loss:3.1963 train_time:2496813ms step_avg:497.87ms
step:5026/5100 train_loss:3.5635 train_time:2497307ms step_avg:497.87ms
step:5027/5100 train_loss:3.2051 train_time:2497802ms step_avg:497.87ms
step:5028/5100 train_loss:3.3299 train_time:2498302ms step_avg:497.87ms
step:5029/5100 train_loss:3.4263 train_time:2498792ms step_avg:497.87ms
step:5030/5100 train_loss:3.3934 train_time:2499302ms step_avg:497.87ms
step:5031/5100 train_loss:3.2038 train_time:2499784ms step_avg:497.87ms
step:5032/5100 train_loss:3.2862 train_time:2500279ms step_avg:497.87ms
step:5033/5100 train_loss:3.0922 train_time:2500794ms step_avg:497.87ms
step:5034/5100 train_loss:3.3787 train_time:2501264ms step_avg:497.86ms
step:5035/5100 train_loss:3.4326 train_time:2501760ms step_avg:497.86ms
step:5036/5100 train_loss:3.1735 train_time:2502278ms step_avg:497.87ms
step:5037/5100 train_loss:3.2028 train_time:2502750ms step_avg:497.86ms
step:5038/5100 train_loss:3.1745 train_time:2503249ms step_avg:497.86ms
step:5039/5100 train_loss:3.2676 train_time:2503749ms step_avg:497.86ms
step:5040/5100 train_loss:3.1879 train_time:2504240ms step_avg:497.86ms
step:5041/5100 train_loss:3.4571 train_time:2504765ms step_avg:497.87ms
step:5042/5100 train_loss:3.2565 train_time:2505262ms step_avg:497.87ms
step:5043/5100 train_loss:3.3639 train_time:2505719ms step_avg:497.86ms
step:5044/5100 train_loss:3.2540 train_time:2506214ms step_avg:497.86ms
step:5045/5100 train_loss:3.4728 train_time:2506719ms step_avg:497.86ms
step:5046/5100 train_loss:3.1427 train_time:2507209ms step_avg:497.86ms
step:5047/5100 train_loss:3.2703 train_time:2507696ms step_avg:497.86ms
step:5048/5100 train_loss:2.8740 train_time:2508192ms step_avg:497.85ms
step:5049/5100 train_loss:3.3570 train_time:2508685ms step_avg:497.85ms
step:5050/5100 train_loss:3.2730 train_time:2509180ms step_avg:497.85ms
step:5051/5100 train_loss:3.1931 train_time:2509677ms step_avg:497.85ms
step:5052/5100 train_loss:3.2602 train_time:2510177ms step_avg:497.85ms
step:5053/5100 train_loss:3.2378 train_time:2510667ms step_avg:497.85ms
step:5054/5100 train_loss:3.4080 train_time:2511166ms step_avg:497.85ms
step:5055/5100 train_loss:3.5327 train_time:2511663ms step_avg:497.85ms
step:5056/5100 train_loss:3.3008 train_time:2512155ms step_avg:497.85ms
step:5057/5100 train_loss:3.2479 train_time:2512649ms step_avg:497.85ms
step:5058/5100 train_loss:3.1637 train_time:2513144ms step_avg:497.85ms
step:5059/5100 train_loss:2.9311 train_time:2513637ms step_avg:497.85ms
step:5060/5100 train_loss:3.2474 train_time:2514140ms step_avg:497.85ms
step:5061/5100 train_loss:3.2574 train_time:2514635ms step_avg:497.85ms
step:5062/5100 train_loss:3.2473 train_time:2515131ms step_avg:497.85ms
step:5063/5100 train_loss:3.4800 train_time:2515625ms step_avg:497.85ms
step:5064/5100 train_loss:3.3456 train_time:2516117ms step_avg:497.85ms
step:5065/5100 train_loss:3.3210 train_time:2516609ms step_avg:497.85ms
step:5066/5100 train_loss:3.3579 train_time:2517102ms step_avg:497.84ms
step:5067/5100 train_loss:3.8325 train_time:2517599ms step_avg:497.84ms
step:5068/5100 train_loss:3.2425 train_time:2518094ms step_avg:497.84ms
step:5069/5100 train_loss:3.5247 train_time:2518592ms step_avg:497.84ms
step:5070/5100 train_loss:3.3439 train_time:2519083ms step_avg:497.84ms
step:5071/5100 train_loss:3.4588 train_time:2519582ms step_avg:497.84ms
step:5072/5100 train_loss:3.2740 train_time:2520071ms step_avg:497.84ms
step:5073/5100 train_loss:3.3882 train_time:2520565ms step_avg:497.84ms
step:5074/5100 train_loss:3.4540 train_time:2521061ms step_avg:497.84ms
step:5075/5100 train_loss:3.3493 train_time:2521557ms step_avg:497.84ms
step:5076/5100 train_loss:3.2455 train_time:2522057ms step_avg:497.84ms
step:5077/5100 train_loss:3.1770 train_time:2522556ms step_avg:497.84ms
step:5078/5100 train_loss:3.3548 train_time:2523050ms step_avg:497.84ms
step:5079/5100 train_loss:3.5132 train_time:2523542ms step_avg:497.84ms
step:5080/5100 train_loss:3.4565 train_time:2524042ms step_avg:497.84ms
step:5081/5100 train_loss:3.2970 train_time:2524532ms step_avg:497.84ms
step:5082/5100 train_loss:3.3740 train_time:2525028ms step_avg:497.84ms
step:5083/5100 train_loss:3.1613 train_time:2525521ms step_avg:497.84ms
step:5084/5100 train_loss:3.2554 train_time:2526018ms step_avg:497.84ms
step:5085/5100 train_loss:3.1656 train_time:2526515ms step_avg:497.84ms
step:5086/5100 train_loss:3.4428 train_time:2527010ms step_avg:497.83ms
step:5087/5100 train_loss:3.3413 train_time:2527507ms step_avg:497.83ms
step:5088/5100 train_loss:3.2394 train_time:2528002ms step_avg:497.83ms
step:5089/5100 train_loss:3.3306 train_time:2528497ms step_avg:497.83ms
step:5090/5100 train_loss:3.3821 train_time:2528997ms step_avg:497.83ms
step:5091/5100 train_loss:3.3195 train_time:2529495ms step_avg:497.83ms
step:5092/5100 train_loss:3.3090 train_time:2529988ms step_avg:497.83ms
step:5093/5100 train_loss:3.0948 train_time:2530483ms step_avg:497.83ms
step:5094/5100 train_loss:3.2479 train_time:2530981ms step_avg:497.83ms
step:5095/5100 train_loss:3.3167 train_time:2531474ms step_avg:497.83ms
step:5096/5100 train_loss:3.2942 train_time:2531961ms step_avg:497.83ms
step:5097/5100 train_loss:3.2368 train_time:2532455ms step_avg:497.83ms
step:5098/5100 train_loss:3.3956 train_time:2532952ms step_avg:497.83ms
step:5099/5100 train_loss:3.3202 train_time:2533448ms step_avg:497.83ms
step:5100/5100 train_loss:3.2109 train_time:2533943ms step_avg:497.83ms
step:5100/5100 val_loss:3.2775 train_time:2534251ms step_avg:497.89ms
peak memory consumption: 40033 MiB
Metrics saved to /models/modded-nanogpt_record50_cautious_wd/npu_bench/record_005_modern_arch/agent_outputs/default_agent/runs/seed_003/metrics.json
tep:4848/5100 train_loss:3.1989 train_time:2408546ms step_avg:497.84ms
step:4849/5100 train_loss:3.3741 train_time:2409042ms step_avg:497.84ms
step:4850/5100 train_loss:3.3382 train_time:2409544ms step_avg:497.84ms
step:4851/5100 train_loss:3.3487 train_time:2410035ms step_avg:497.84ms
step:4852/5100 train_loss:2.8748 train_time:2410536ms step_avg:497.84ms
step:4853/5100 train_loss:3.1278 train_time:2411041ms step_avg:497.84ms
step:4854/5100 train_loss:3.2598 train_time:2411532ms step_avg:497.84ms
step:4855/5100 train_loss:3.2695 train_time:2412028ms step_avg:497.84ms
step:4856/5100 train_loss:3.5426 train_time:2412528ms step_avg:497.84ms
step:4857/5100 train_loss:3.2270 train_time:2413022ms step_avg:497.84ms
step:4858/5100 train_loss:3.3128 train_time:2413537ms step_avg:497.84ms
step:4859/5100 train_loss:3.3305 train_time:2414012ms step_avg:497.84ms
step:4860/5100 train_loss:3.2881 train_time:2414508ms step_avg:497.84ms
step:4861/5100 train_loss:3.2731 train_time:2415006ms step_avg:497.84ms
step:4862/5100 train_loss:3.2938 train_time:2415492ms step_avg:497.83ms
step:4863/5100 train_loss:3.3405 train_time:2415986ms step_avg:497.83ms
step:4864/5100 train_loss:3.1774 train_time:2416485ms step_avg:497.83ms
step:4865/5100 train_loss:3.3939 train_time:2416976ms step_avg:497.83ms
step:4866/5100 train_loss:3.0479 train_time:2417468ms step_avg:497.83ms
step:4867/5100 train_loss:3.3034 train_time:2417963ms step_avg:497.83ms
step:4868/5100 train_loss:3.3270 train_time:2418459ms step_avg:497.83ms
step:4869/5100 train_loss:3.2995 train_time:2418961ms step_avg:497.83ms
step:4870/5100 train_loss:3.3479 train_time:2419453ms step_avg:497.83ms
step:4871/5100 train_loss:3.4059 train_time:2419954ms step_avg:497.83ms
step:4872/5100 train_loss:3.2487 train_time:2420454ms step_avg:497.83ms
step:4873/5100 train_loss:3.5363 train_time:2420989ms step_avg:497.84ms
step:4874/5100 train_loss:3.3714 train_time:2421433ms step_avg:497.83ms
step:4875/5100 train_loss:3.4596 train_time:2421933ms step_avg:497.83ms
step:4875/5100 val_loss:3.2892 train_time:2422230ms step_avg:497.89ms
step:4876/5100 train_loss:3.2745 train_time:2422426ms step_avg:497.83ms
step:4877/5100 train_loss:3.1542 train_time:2422919ms step_avg:497.83ms
step:4878/5100 train_loss:3.2583 train_time:2423423ms step_avg:497.83ms
step:4879/5100 train_loss:3.0935 train_time:2423914ms step_avg:497.83ms
step:4880/5100 train_loss:3.3914 train_time:2424414ms step_avg:497.83ms
step:4881/5100 train_loss:3.2928 train_time:2424910ms step_avg:497.83ms
step:4882/5100 train_loss:3.4308 train_time:2425409ms step_avg:497.83ms
step:4883/5100 train_loss:3.4083 train_time:2425892ms step_avg:497.82ms
step:4884/5100 train_loss:3.2604 train_time:2426395ms step_avg:497.82ms
step:4885/5100 train_loss:3.1680 train_time:2426890ms step_avg:497.82ms
step:4886/5100 train_loss:3.3546 train_time:2427381ms step_avg:497.82ms
step:4887/5100 train_loss:3.3699 train_time:2427885ms step_avg:497.82ms
step:4888/5100 train_loss:3.1904 train_time:2428367ms step_avg:497.82ms
step:4889/5100 train_loss:3.1282 train_time:2428865ms step_avg:497.82ms
step:4890/5100 train_loss:3.4073 train_time:2429359ms step_avg:497.82ms
step:4891/5100 train_loss:3.2731 train_time:2429854ms step_avg:497.82ms
step:4892/5100 train_loss:3.3621 train_time:2430352ms step_avg:497.82ms
step:4893/5100 train_loss:3.2462 train_time:2430843ms step_avg:497.82ms
step:4894/5100 train_loss:3.5027 train_time:2431367ms step_avg:497.82ms
step:4895/5100 train_loss:3.6221 train_time:2431827ms step_avg:497.82ms
step:4896/5100 train_loss:3.2845 train_time:2432329ms step_avg:497.82ms
step:4897/5100 train_loss:3.2031 train_time:2432818ms step_avg:497.81ms
step:4898/5100 train_loss:3.2272 train_time:2433322ms step_avg:497.82ms
step:4899/5100 train_loss:3.1987 train_time:2433822ms step_avg:497.82ms
step:4900/5100 train_loss:3.3098 train_time:2434330ms step_avg:497.82ms
step:4901/5100 train_loss:3.1707 train_time:2434811ms step_avg:497.81ms
step:4902/5100 train_loss:3.2225 train_time:2435316ms step_avg:497.82ms
step:4903/5100 train_loss:3.3515 train_time:2435806ms step_avg:497.81ms
step:4904/5100 train_loss:3.2279 train_time:2436295ms step_avg:497.81ms
step:4905/5100 train_loss:3.2774 train_time:2436789ms step_avg:497.81ms
step:4906/5100 train_loss:3.3694 train_time:2437282ms step_avg:497.81ms
step:4907/5100 train_loss:3.1466 train_time:2437774ms step_avg:497.81ms
step:4908/5100 train_loss:3.1721 train_time:2438273ms step_avg:497.81ms
step:4909/5100 train_loss:3.1389 train_time:2438767ms step_avg:497.81ms
step:4910/5100 train_loss:3.3181 train_time:2439263ms step_avg:497.81ms
step:4911/5100 train_loss:3.3460 train_time:2439751ms step_avg:497.81ms
step:4912/5100 train_loss:3.3599 train_time:2440248ms step_avg:497.81ms
step:4913/5100 train_loss:3.3502 train_time:2440742ms step_avg:497.81ms
step:4914/5100 train_loss:3.2148 train_time:2441238ms step_avg:497.81ms
step:4915/5100 train_loss:3.0492 train_time:2441874ms step_avg:497.83ms
step:4916/5100 train_loss:3.3623 train_time:2442371ms step_avg:497.83ms
step:4917/5100 train_loss:3.3550 train_time:2442863ms step_avg:497.83ms
step:4918/5100 train_loss:3.1434 train_time:2443350ms step_avg:497.83ms
step:4919/5100 train_loss:3.3335 train_time:2443847ms step_avg:497.83ms
step:4920/5100 train_loss:3.2499 train_time:2444340ms step_avg:497.83ms
step:4921/5100 train_loss:3.3580 train_time:2444834ms step_avg:497.83ms
step:4922/5100 train_loss:3.4422 train_time:2445329ms step_avg:497.83ms
step:4923/5100 train_loss:3.2814 train_time:2445822ms step_avg:497.83ms
step:4924/5100 train_loss:3.2309 train_time:2446336ms step_avg:497.83ms
step:4925/5100 train_loss:3.4201 train_time:2446835ms step_avg:497.83ms
step:4926/5100 train_loss:3.2939 train_time:2447326ms step_avg:497.83ms
step:4927/5100 train_loss:3.1968 train_time:2447821ms step_avg:497.83ms
step:4928/5100 train_loss:3.2127 train_time:2448312ms step_avg:497.83ms
step:4929/5100 train_loss:3.2610 train_time:2448807ms step_avg:497.83ms
step:4930/5100 train_loss:3.3812 train_time:2449306ms step_avg:497.83ms
step:4931/5100 train_loss:4.0916 train_time:2449807ms step_avg:497.83ms
step:4932/5100 train_loss:3.2902 train_time:2450306ms step_avg:497.83ms
step:4933/5100 train_loss:3.3076 train_time:2450780ms step_avg:497.82ms
step:4934/5100 train_loss:3.4020 train_time:2451275ms step_avg:497.82ms
step:4935/5100 train_loss:2.9889 train_time:2451773ms step_avg:497.82ms
step:4936/5100 train_loss:3.4410 train_time:2452266ms step_avg:497.82ms
step:4937/5100 train_loss:3.3554 train_time:2452750ms step_avg:497.82ms
step:4938/5100 train_loss:3.4606 train_time:2453244ms step_avg:497.82ms
step:4939/5100 train_loss:3.3954 train_time:2453738ms step_avg:497.82ms
step:4940/5100 train_loss:3.6134 train_time:2454750ms step_avg:497.92ms
step:4941/5100 train_loss:3.2416 train_time:2455233ms step_avg:497.92ms
step:4942/5100 train_loss:3.3688 train_time:2455729ms step_avg:497.92ms
step:4943/5100 train_loss:2.9914 train_time:2456224ms step_avg:497.92ms
step:4944/5100 train_loss:3.3749 train_time:2456723ms step_avg:497.92ms
step:4945/5100 train_loss:3.8018 train_time:2457216ms step_avg:497.92ms
step:4946/5100 train_loss:3.1752 train_time:2457709ms step_avg:497.92ms
step:4947/5100 train_loss:3.2050 train_time:2458200ms step_avg:497.91ms
step:4948/5100 train_loss:3.4297 train_time:2458699ms step_avg:497.91ms
step:4949/5100 train_loss:3.0966 train_time:2459193ms step_avg:497.91ms
step:4950/5100 train_loss:3.3974 train_time:2459691ms step_avg:497.91ms
step:4951/5100 train_loss:3.2040 train_time:2460188ms step_avg:497.91ms
step:4952/5100 train_loss:3.3933 train_time:2460690ms step_avg:497.91ms
step:4953/5100 train_loss:3.2164 train_time:2461184ms step_avg:497.91ms
step:4954/5100 train_loss:3.2236 train_time:2461671ms step_avg:497.91ms
step:4955/5100 train_loss:3.1759 train_time:2462171ms step_avg:497.91ms
step:4956/5100 train_loss:3.1285 train_time:2462659ms step_avg:497.91ms
step:4957/5100 train_loss:3.3573 train_time:2463154ms step_avg:497.91ms
step:4958/5100 train_loss:3.1864 train_time:2463659ms step_avg:497.91ms
step:4959/5100 train_loss:3.1917 train_time:2464146ms step_avg:497.91ms
step:4960/5100 train_loss:3.3196 train_time:2464642ms step_avg:497.91ms
step:4961/5100 train_loss:3.6023 train_time:2465138ms step_avg:497.91ms
step:4962/5100 train_loss:3.1901 train_time:2465671ms step_avg:497.91ms
step:4963/5100 train_loss:3.3489 train_time:2466140ms step_avg:497.91ms
step:4964/5100 train_loss:3.1805 train_time:2466624ms step_avg:497.91ms
step:4965/5100 train_loss:4.3955 train_time:2467119ms step_avg:497.90ms
step:4966/5100 train_loss:3.2342 train_time:2467605ms step_avg:497.90ms
step:4967/5100 train_loss:3.3087 train_time:2468101ms step_avg:497.90ms
step:4968/5100 train_loss:3.3324 train_time:2468600ms step_avg:497.90ms
step:4969/5100 train_loss:4.4258 train_time:2469092ms step_avg:497.90ms
step:4970/5100 train_loss:3.4792 train_time:2469586ms step_avg:497.90ms
step:4971/5100 train_loss:3.3690 train_time:2470092ms step_avg:497.90ms
step:4972/5100 train_loss:3.3408 train_time:2470580ms step_avg:497.90ms
step:4973/5100 train_loss:3.3633 train_time:2471072ms step_avg:497.90ms
step:4974/5100 train_loss:3.2428 train_time:2471573ms step_avg:497.90ms
step:4975/5100 train_loss:3.2546 train_time:2472066ms step_avg:497.90ms
step:4976/5100 train_loss:3.3625 train_time:2472561ms step_avg:497.90ms
step:4977/5100 train_loss:3.2711 train_time:2473056ms step_avg:497.90ms
step:4978/5100 train_loss:3.1835 train_time:2473553ms step_avg:497.90ms
step:4979/5100 train_loss:3.3277 train_time:2474068ms step_avg:497.90ms
step:4980/5100 train_loss:3.1963 train_time:2474566ms step_avg:497.90ms
step:4981/5100 train_loss:3.4524 train_time:2475036ms step_avg:497.90ms
step:4982/5100 train_loss:3.4028 train_time:2475529ms step_avg:497.89ms
step:4983/5100 train_loss:3.0974 train_time:2476027ms step_avg:497.89ms
step:4984/5100 train_loss:2.9844 train_time:2476526ms step_avg:497.89ms
step:4985/5100 train_loss:3.6680 train_time:2477023ms step_avg:497.89ms
step:4986/5100 train_loss:3.5621 train_time:2477515ms step_avg:497.89ms
step:4987/5100 train_loss:3.2827 train_time:2478011ms step_avg:497.89ms
step:4988/5100 train_loss:3.3369 train_time:2478510ms step_avg:497.89ms
step:4989/5100 train_loss:3.3442 train_time:2479008ms step_avg:497.89ms
step:4990/5100 train_loss:3.2460 train_time:2479496ms step_avg:497.89ms
step:4991/5100 train_loss:3.2366 train_time:2479992ms step_avg:497.89ms
step:4992/5100 train_loss:3.3882 train_time:2480486ms step_avg:497.89ms
step:4993/5100 train_loss:3.0674 train_time:2480981ms step_avg:497.89ms
step:4994/5100 train_loss:3.2953 train_time:2481475ms step_avg:497.89ms
step:4995/5100 train_loss:3.2376 train_time:2481970ms step_avg:497.89ms
step:4996/5100 train_loss:3.4852 train_time:2482467ms step_avg:497.89ms
step:4997/5100 train_loss:3.3248 train_time:2482958ms step_avg:497.89ms
step:4998/5100 train_loss:3.3369 train_time:2483459ms step_avg:497.89ms
step:4999/5100 train_loss:3.3801 train_time:2483954ms step_avg:497.89ms
step:5000/5100 train_loss:3.5046 train_time:2484446ms step_avg:497.89ms
step:5000/5100 val_loss:3.2811 train_time:2484756ms step_avg:497.95ms
step:5001/5100 train_loss:3.3347 train_time:2484944ms step_avg:497.89ms
step:5002/5100 train_loss:3.3195 train_time:2485439ms step_avg:497.88ms
step:5003/5100 train_loss:3.3108 train_time:2485933ms step_avg:497.88ms
step:5004/5100 train_loss:3.3942 train_time:2486428ms step_avg:497.88ms
step:5005/5100 train_loss:3.1949 train_time:2486924ms step_avg:497.88ms
step:5006/5100 train_loss:3.0535 train_time:2487416ms step_avg:497.88ms
step:5007/5100 train_loss:3.2579 train_time:2487911ms step_avg:497.88ms
step:5008/5100 train_loss:3.3226 train_time:2488406ms step_avg:497.88ms
step:5009/5100 train_loss:3.0980 train_time:2488898ms step_avg:497.88ms
step:5010/5100 train_loss:3.2615 train_time:2489394ms step_avg:497.88ms
step:5011/5100 train_loss:3.6109 train_time:2489888ms step_avg:497.88ms
step:5012/5100 train_loss:3.2279 train_time:2490378ms step_avg:497.88ms
step:5013/5100 train_loss:3.3074 train_time:2490879ms step_avg:497.88ms
step:5014/5100 train_loss:3.0758 train_time:2491370ms step_avg:497.88ms
step:5015/5100 train_loss:3.3191 train_time:2491871ms step_avg:497.88ms
step:5016/5100 train_loss:3.2340 train_time:2492363ms step_avg:497.88ms
step:5017/5100 train_loss:3.1697 train_time:2492878ms step_avg:497.88ms
step:5018/5100 train_loss:3.2492 train_time:2493351ms step_avg:497.87ms
step:5019/5100 train_loss:3.2633 train_time:2493848ms step_avg:497.87ms
step:5020/5100 train_loss:3.9524 train_time:2494340ms step_avg:497.87ms
step:5021/5100 train_loss:3.1838 train_time:2494836ms step_avg:497.87ms
step:5022/5100 train_loss:3.2434 train_time:2495360ms step_avg:497.88ms
step:5023/5100 train_loss:3.3034 train_time:2495824ms step_avg:497.87ms
step:5024/5100 train_loss:3.4310 train_time:2496324ms step_avg:497.87ms
step:5025/5100 train_loss:3.1963 train_time:2496813ms step_avg:497.87ms
step:5026/5100 train_loss:3.5635 train_time:2497307ms step_avg:497.87ms
step:5027/5100 train_loss:3.2051 train_time:2497802ms step_avg:497.87ms
step:5028/5100 train_loss:3.3299 train_time:2498302ms step_avg:497.87ms
step:5029/5100 train_loss:3.4263 train_time:2498792ms step_avg:497.87ms
step:5030/5100 train_loss:3.3934 train_time:2499302ms step_avg:497.87ms
step:5031/5100 train_loss:3.2038 train_time:2499784ms step_avg:497.87ms
step:5032/5100 train_loss:3.2862 train_time:2500279ms step_avg:497.87ms
step:5033/5100 train_loss:3.0922 train_time:2500794ms step_avg:497.87ms
step:5034/5100 train_loss:3.3787 train_time:2501264ms step_avg:497.86ms
step:5035/5100 train_loss:3.4326 train_time:2501760ms step_avg:497.86ms
step:5036/5100 train_loss:3.1735 train_time:2502278ms step_avg:497.87ms
step:5037/5100 train_loss:3.2028 train_time:2502750ms step_avg:497.86ms
step:5038/5100 train_loss:3.1745 train_time:2503249ms step_avg:497.86ms
step:5039/5100 train_loss:3.2676 train_time:2503749ms step_avg:497.86ms
step:5040/5100 train_loss:3.1879 train_time:2504240ms step_avg:497.86ms
step:5041/5100 train_loss:3.4571 train_time:2504765ms step_avg:497.87ms
step:5042/5100 train_loss:3.2565 train_time:2505262ms step_avg:497.87ms
step:5043/5100 train_loss:3.3639 train_time:2505719ms step_avg:497.86ms
step:5044/5100 train_loss:3.2540 train_time:2506214ms step_avg:497.86ms
step:5045/5100 train_loss:3.4728 train_time:2506719ms step_avg:497.86ms
step:5046/5100 train_loss:3.1427 train_time:2507209ms step_avg:497.86ms
step:5047/5100 train_loss:3.2703 train_time:2507696ms step_avg:497.86ms
step:5048/5100 train_loss:2.8740 train_time:2508192ms step_avg:497.85ms
step:5049/5100 train_loss:3.3570 train_time:2508685ms step_avg:497.85ms
step:5050/5100 train_loss:3.2730 train_time:2509180ms step_avg:497.85ms
step:5051/5100 train_loss:3.1931 train_time:2509677ms step_avg:497.85ms
step:5052/5100 train_loss:3.2602 train_time:2510177ms step_avg:497.85ms
step:5053/5100 train_loss:3.2378 train_time:2510667ms step_avg:497.85ms
step:5054/5100 train_loss:3.4080 train_time:2511166ms step_avg:497.85ms
step:5055/5100 train_loss:3.5327 train_time:2511663ms step_avg:497.85ms
step:5056/5100 train_loss:3.3008 train_time:2512155ms step_avg:497.85ms
step:5057/5100 train_loss:3.2479 train_time:2512649ms step_avg:497.85ms
step:5058/5100 train_loss:3.1637 train_time:2513144ms step_avg:497.85ms
step:5059/5100 train_loss:2.9311 train_time:2513637ms step_avg:497.85ms
step:5060/5100 train_loss:3.2474 train_time:2514140ms step_avg:497.85ms
step:5061/5100 train_loss:3.2574 train_time:2514635ms step_avg:497.85ms
step:5062/5100 train_loss:3.2473 train_time:2515131ms step_avg:497.85ms
step:5063/5100 train_loss:3.4800 train_time:2515625ms step_avg:497.85ms
step:5064/5100 train_loss:3.3456 train_time:2516117ms step_avg:497.85ms
step:5065/5100 train_loss:3.3210 train_time:2516609ms step_avg:497.85ms
step:5066/5100 train_loss:3.3579 train_time:2517102ms step_avg:497.84ms
step:5067/5100 train_loss:3.8325 train_time:2517599ms step_avg:497.84ms
step:5068/5100 train_loss:3.2425 train_time:2518094ms step_avg:497.84ms
step:5069/5100 train_loss:3.5247 train_time:2518592ms step_avg:497.84ms
step:5070/5100 train_loss:3.3439 train_time:2519083ms step_avg:497.84ms
step:5071/5100 train_loss:3.4588 train_time:2519582ms step_avg:497.84ms
step:5072/5100 train_loss:3.2740 train_time:2520071ms step_avg:497.84ms
step:5073/5100 train_loss:3.3882 train_time:2520565ms step_avg:497.84ms
step:5074/5100 train_loss:3.4540 train_time:2521061ms step_avg:497.84ms
step:5075/5100 train_loss:3.3493 train_time:2521557ms step_avg:497.84ms
step:5076/5100 train_loss:3.2455 train_time:2522057ms step_avg:497.84ms
step:5077/5100 train_loss:3.1770 train_time:2522556ms step_avg:497.84ms
step:5078/5100 train_loss:3.3548 train_time:2523050ms step_avg:497.84ms
step:5079/5100 train_loss:3.5132 train_time:2523542ms step_avg:497.84ms
step:5080/5100 train_loss:3.4565 train_time:2524042ms step_avg:497.84ms
step:5081/5100 train_loss:3.2970 train_time:2524532ms step_avg:497.84ms
step:5082/5100 train_loss:3.3740 train_time:2525028ms step_avg:497.84ms
step:5083/5100 train_loss:3.1613 train_time:2525521ms step_avg:497.84ms
step:5084/5100 train_loss:3.2554 train_time:2526018ms step_avg:497.84ms
step:5085/5100 train_loss:3.1656 train_time:2526515ms step_avg:497.84ms
step:5086/5100 train_loss:3.4428 train_time:2527010ms step_avg:497.83ms
step:5087/5100 train_loss:3.3413 train_time:2527507ms step_avg:497.83ms
step:5088/5100 train_loss:3.2394 train_time:2528002ms step_avg:497.83ms
step:5089/5100 train_loss:3.3306 train_time:2528497ms step_avg:497.83ms
step:5090/5100 train_loss:3.3821 train_time:2528997ms step_avg:497.83ms
step:5091/5100 train_loss:3.3195 train_time:2529495ms step_avg:497.83ms
step:5092/5100 train_loss:3.3090 train_time:2529988ms step_avg:497.83ms
step:5093/5100 train_loss:3.0948 train_time:2530483ms step_avg:497.83ms
step:5094/5100 train_loss:3.2479 train_time:2530981ms step_avg:497.83ms
step:5095/5100 train_loss:3.3167 train_time:2531474ms step_avg:497.83ms
step:5096/5100 train_loss:3.2942 train_time:2531961ms step_avg:497.83ms
step:5097/5100 train_loss:3.2368 train_time:2532455ms step_avg:497.83ms
step:5098/5100 train_loss:3.3956 train_time:2532952ms step_avg:497.83ms
step:5099/5100 train_loss:3.3202 train_time:2533448ms step_avg:497.83ms
step:5100/5100 train_loss:3.2109 train_time:2533943ms step_avg:497.83ms
step:5100/5100 val_loss:3.2775 train_time:2534251ms step_avg:497.89ms
